2026-10-02 02:08:49 - mkk_pika - main.py:193 - INFO - =======================================================================
2026-10-02 02:08:49 - mkk_pika - database.py:61 - INFO - 表和索引初始化成功
2026-10-02 02:08:49 - mkk_pika - main.py:197 - INFO - 已经累计下载22068本漫画
2026-10-02 02:08:50 - mkk_pika - api.py:87 - INFO - 登录成功
2026-10-02 02:08:50 - mkk_pika - main.py:203 - INFO - 收藏夹共计0本漫画
2026-10-02 02:08:50 - mkk_pika - main.py:206 - INFO - 开始下载收藏夹内未下载内容
2026-10-02 02:08:50 - mkk_pika - main.py:266 - INFO - 收藏夹内容下载完毕
2026-10-02 02:08:50 - mkk_pika - main.py:268 - INFO - 开始下载订阅内容
2026-10-02 02:08:50 - mkk_pika - database.py:258 - INFO - 根据ID查询到标题：萝莉 -> 八朔 [DL版]
2026-10-02 02:08:51 - mkk_pika - database.py:101 - INFO - 保存成功：おじさんとのエッチにハマっちゃった女の子| 沉迷于和大叔做爱的女孩 [中国翻訳]
2026-10-02 02:08:51 - mkk_pika - main.py:273 - INFO - 关键词萝莉找到2本漫画
2026-10-02 02:08:51 - mkk_pika - database.py:258 - INFO - 根据ID查询到标题：蘿莉 -> [Pixiv] 天奈 (30151012)（AI）
2026-10-02 02:08:51 - mkk_pika - database.py:101 - INFO - 保存成功：[Artist] Angelo（AI）
2026-10-02 02:08:51 - mkk_pika - main.py:273 - INFO - 关键词蘿莉找到4本漫画
2026-10-02 02:08:51 - mkk_pika - main.py:275 - INFO - 订阅内容共计6本漫画
2026-10-02 02:08:51 - mkk_pika - main.py:35 - INFO - 开始检查エジプト褐色ロリ合同是否存在未下载章节
2026-10-02 02:08:51 - mkk_pika - main.py:45 - INFO - 正在下载:[エジプト褐色ロリ合同]-[リビョウブ (よろず)]-[['單行本']]-[total_pages:-1]
2026-10-02 02:08:51 - mkk_pika - main.py:49 - INFO - [{'_id': '6abe9df42175923c6a5935d7', 'title': '第1話', 'order': 1, 'updated_at': '2026-10-01T11:28:16.690Z', 'id': '6abe9df42175923c6a5935d7'}]
2026-10-02 02:08:51 - mkk_pika - database.py:215 - INFO - 第一次下载该漫画，记录数据库中
2026-10-02 02:08:54 - mkk_pika - main.py:83 - INFO - 找到 303 张图片在:第1話
2026-10-02 02:09:03 - mkk_pika - main.py:112 - INFO - [episode:第1話       ] downloaded:   303, total: 303, progress:100%
2026-10-02 02:09:03 - mkk_pika - database.py:238 - INFO - 数据库更新已下载章节
2026-10-02 02:09:03 - mkk_pika - database.py:244 - INFO - 该漫画已下载章节如下
2026-10-02 02:09:03 - mkk_pika - database.py:245 - INFO - ['第1話']
2026-10-02 02:09:04 - mkk_pika - main.py:292 - INFO - ==================== 漫画信息 ====================
                                漫画ID：6abe9df42175923c6a5935d6
                                标题：エジプト褐色ロリ合同
                                作者：リビョウブ (よろず)
                                是否完结：是
                                总页数：303
                                分类：單行本
                                章节数：1
                                最后更新时间：2026-10-01T17:52:52.754Z
                                =================================================
2026-10-02 02:09:04 - mkk_pika - database.py:101 - INFO - 保存成功：エジプト褐色ロリ合同
2026-10-02 02:09:04 - mkk_pika - main.py:35 - INFO - 开始检查おじさんとのエッチにハマっちゃった女の子| 沉迷于和大叔做爱的女孩 [中国翻訳]是否存在未下载章节
2026-10-02 02:09:04 - mkk_pika - database.py:203 - INFO - 查询数据库中是否已存在熟肉
2026-10-02 02:09:04 - mkk_pika - main.py:51 - INFO - おじさんとのエッチにハマっちゃった女の子| 沉迷于和大叔做爱的女孩 [中国翻訳]中没有可下载章节
2026-10-02 02:09:05 - mkk_pika - main.py:292 - INFO - ==================== 漫画信息 ====================
                                漫画ID：6ab29da0b060df0a51c37655
                                标题：おじさんとのエッチにハマっちゃった女の子| 沉迷于和大叔做爱的女孩 [中国翻訳]
                                作者：木小屋Me (きごみー)
                                是否完结：是
                                总页数：33
                                分类：短篇
                                章节数：1
                                最后更新时间：2026-09-22T15:24:16.617Z
                                =================================================
2026-10-02 02:09:05 - mkk_pika - database.py:101 - INFO - 保存成功：おじさんとのエッチにハマっちゃった女の子| 沉迷于和大叔做爱的女孩 [中国翻訳]
2026-10-02 02:09:05 - mkk_pika - main.py:35 - INFO - 开始检查ユズカヲル (ブルーアーカイブ)是否存在未下载章节
2026-10-02 02:09:05 - mkk_pika - main.py:45 - INFO - 正在下载:[ユズカヲル (ブルーアーカイブ)]-[ミライハキレイニ (ヲダエ)]-[['同人', '短篇']]-[total_pages:-1]
2026-10-02 02:09:05 - mkk_pika - main.py:49 - INFO - [{'_id': '6abe9dffbc48377f38af831f', 'title': '第1話', 'order': 1, 'updated_at': '2026-10-01T11:34:35.408Z', 'id': '6abe9dffbc48377f38af831f'}]
2026-10-02 02:09:05 - mkk_pika - database.py:215 - INFO - 第一次下载该漫画，记录数据库中
2026-10-02 02:09:05 - mkk_pika - main.py:83 - INFO - 找到 27 张图片在:第1話
2026-10-02 02:09:06 - mkk_pika - main.py:112 - INFO - [episode:第1話       ] downloaded:    27, total:  27, progress:100%
2026-10-02 02:09:06 - mkk_pika - database.py:238 - INFO - 数据库更新已下载章节
2026-10-02 02:09:06 - mkk_pika - database.py:244 - INFO - 该漫画已下载章节如下
2026-10-02 02:09:06 - mkk_pika - database.py:245 - INFO - ['第1話']
2026-10-02 02:09:07 - mkk_pika - main.py:292 - INFO - ==================== 漫画信息 ====================
                                漫画ID：6abe9dffbc48377f38af831e
                                标题：ユズカヲル (ブルーアーカイブ)
                                作者：ミライハキレイニ (ヲダエ)
                                是否完结：是
                                总页数：27
                                分类：同人,短篇
                                章节数：1
                                最后更新时间：2026-10-01T17:53:03.663Z
                                =================================================
2026-10-02 02:09:07 - mkk_pika - database.py:101 - INFO - 保存成功：ユズカヲル (ブルーアーカイブ)
2026-10-02 02:09:07 - mkk_pika - main.py:35 - INFO - 开始检查エジプト褐色ロリ合同是否存在未下载章节
2026-10-02 02:09:08 - mkk_pika - database.py:203 - INFO - 查询数据库中是否已存在第1話
2026-10-02 02:09:08 - mkk_pika - main.py:51 - INFO - エジプト褐色ロリ合同中没有可下载章节
2026-10-02 02:09:08 - mkk_pika - main.py:292 - INFO - ==================== 漫画信息 ====================
                                漫画ID：6abe9df42175923c6a5935d6
                                标题：エジプト褐色ロリ合同
                                作者：リビョウブ (よろず)
                                是否完结：是
                                总页数：303
                                分类：單行本
                                章节数：1
                                最后更新时间：2026-10-01T17:52:52.754Z
                                =================================================
2026-10-02 02:09:08 - mkk_pika - database.py:101 - INFO - 保存成功：エジプト褐色ロリ合同
2026-10-02 02:09:08 - mkk_pika - main.py:35 - INFO - 开始检查マコと秘密の悪戯 (いたずら) #1-5 [中国翻译]是否存在未下载章节
2026-10-02 02:09:08 - mkk_pika - database.py:203 - INFO - 查询数据库中是否已存在第1話熟肉マコと新秘密基地
2026-10-02 02:09:08 - mkk_pika - database.py:203 - INFO - 查询数据库中是否已存在第2話熟肉マコは太陽が似合うから
2026-10-02 02:09:08 - mkk_pika - database.py:203 - INFO - 查询数据库中是否已存在第3話熟肉マコと学ぼう
2026-10-02 02:09:08 - mkk_pika - database.py:203 - INFO - 查询数据库中是否已存在第4話熟肉マコのお悩み相談室
2026-10-02 02:09:08 - mkk_pika - database.py:203 - INFO - 查询数据库中是否已存在第5話熟肉マコの想い出運動会
2026-10-02 02:09:08 - mkk_pika - main.py:45 - INFO - 正在下载:[マコと秘密の悪戯 (いたずら) #1-5 [中国翻译]]-[えろり屋 (たまちゆき)]-[['長篇']]-[total_pages:-1]
2026-10-02 02:09:08 - mkk_pika - main.py:49 - INFO - [{'_id': '6abe9d007848b73c35c114fb', 'title': '第2話熟肉マコは太陽が似合うから', 'order': 2, 'updated_at': '2026-10-01T01:57:12.038Z', 'id': '6abe9d007848b73c35c114fb'}]
2026-10-02 02:09:09 - mkk_pika - main.py:83 - INFO - 找到 20 张图片在:第2話熟肉マコは太陽が似合うから
2026-10-02 02:09:09 - mkk_pika - main.py:112 - INFO - [episode:第2話熟肉マコは太陽が似合うから] downloaded:    20, total:  20, progress:100%
2026-10-02 02:09:09 - mkk_pika - database.py:238 - INFO - 数据库更新已下载章节
2026-10-02 02:09:09 - mkk_pika - database.py:244 - INFO - 该漫画已下载章节如下
2026-10-02 02:09:09 - mkk_pika - database.py:245 - INFO - ['第3話熟肉マコと学ぼう', '第4話熟肉マコのお悩み相談室', '第5話熟肉マコの想い出運動会', '第1話熟肉マコと新秘密基地', '第2話熟肉マコは太陽が似合うから']
2026-10-02 02:09:11 - mkk_pika - main.py:292 - INFO - ==================== 漫画信息 ====================
                                漫画ID：68a46dae133f122d47832d21
                                标题：マコと秘密の悪戯 (いたずら) #1-5 [中国翻译]
                                作者：えろり屋 (たまちゆき)
                                是否完结：是
                                总页数：152
                                分类：長篇
                                章节数：5
                                最后更新时间：2026-10-01T17:48:48.293Z
                                =================================================
2026-10-02 02:09:11 - mkk_pika - database.py:101 - INFO - 保存成功：マコと秘密の悪戯 (いたずら) #1-5 [中国翻译]
2026-10-02 02:09:11 - mkk_pika - main.py:35 - INFO - 开始检查たんプリまんが (名探偵プリキュア!)是否存在未下载章节
2026-10-02 02:09:11 - mkk_pika - database.py:203 - INFO - 查询数据库中是否已存在第1話
2026-10-02 02:09:11 - mkk_pika - main.py:51 - INFO - たんプリまんが (名探偵プリキュア!)中没有可下载章节
2026-10-02 02:09:11 - mkk_pika - main.py:292 - INFO - ==================== 漫画信息 ====================
                                漫画ID：69bc40a80828ef198c5ebbf8
                                标题：たんプリまんが (名探偵プリキュア!)
                                作者：たいらー
                                是否完结：是
                                总页数：86
                                分类：同人,長篇
                                章节数：1
                                最后更新时间：2026-03-19T18:30:00.052Z
                                =================================================
2026-10-02 02:09:11 - mkk_pika - database.py:101 - INFO - 保存成功：たんプリまんが (名探偵プリキュア!)
2026-10-02 02:09:11 - mkk_pika - main.py:323 - INFO - 订阅内容内容下载完毕
2026-10-02 02:09:11 - mkk_pika - main.py:324 - INFO - 开始分批下载全部章节
2026-10-02 02:09:11 - mkk_pika - database.py:280 - INFO - 表和索引初始化成功
2026-10-02 02:09:11 - mkk_pika - main.py:177 - INFO - 已经下载了1730页，一共7183页，现在开始添加第1731页
2026-10-02 02:09:12 - mkk_pika - database.py:318 - INFO - 保存成功
2026-10-02 02:09:12 - mkk_pika - main.py:177 - INFO - 已经下载了1731页，一共7183页，现在开始添加第1732页
2026-10-02 02:09:12 - mkk_pika - database.py:318 - INFO - 保存成功
2026-10-02 02:09:13 - mkk_pika - main.py:177 - INFO - 已经下载了1732页，一共7183页，现在开始添加第1733页
2026-10-02 02:09:13 - mkk_pika - database.py:318 - INFO - 保存成功
2026-10-02 02:09:13 - mkk_pika - main.py:177 - INFO - 已经下载了1733页，一共7183页，现在开始添加第1734页
2026-10-02 02:09:14 - mkk_pika - database.py:318 - INFO - 保存成功
2026-10-02 02:09:14 - mkk_pika - main.py:177 - INFO - 已经下载了1734页，一共7183页，现在开始添加第1735页
2026-10-02 02:09:15 - mkk_pika - database.py:318 - INFO - 保存成功
2026-10-02 02:09:15 - mkk_pika - main.py:177 - INFO - 已经下载了1735页，一共7183页，现在开始添加第1736页
2026-10-02 02:09:15 - mkk_pika - database.py:318 - INFO - 保存成功
2026-10-02 02:09:16 - mkk_pika - main.py:177 - INFO - 已经下载了1736页，一共7183页，现在开始添加第1737页
2026-10-02 02:09:16 - mkk_pika - database.py:318 - INFO - 保存成功
2026-10-02 02:09:16 - mkk_pika - main.py:331 - INFO - 分批下载共计66本漫画
2026-10-02 02:09:16 - mkk_pika - main.py:35 - INFO - 开始检查肉块02是否存在未下载章节
2026-10-02 02:09:16 - mkk_pika - main.py:45 - INFO - 正在下载:[肉块02]-[泪吉]-[['短篇', '非人類', '扶他樂園']]-[total_pages:26]
2026-10-02 02:09:16 - mkk_pika - main.py:49 - INFO - [{'_id': '5d1654ea466a616a984da44c', 'title': '第1集', 'order': 1, 'updated_at': '2019-06-28T15:57:30.064Z', 'id': '5d1654ea466a616a984da44c'}]
2026-10-02 02:09:16 - mkk_pika - database.py:215 - INFO - 第一次下载该漫画，记录数据库中
2026-10-02 02:09:17 - mkk_pika - main.py:83 - INFO - 找到 26 张图片在:第1集
2026-10-02 02:09:18 - mkk_pika - main.py:112 - INFO - [episode:第1集       ] downloaded:    26, total:  26, progress:100%
2026-10-02 02:09:18 - mkk_pika - database.py:238 - INFO - 数据库更新已下载章节
2026-10-02 02:09:18 - mkk_pika - database.py:244 - INFO - 该漫画已下载章节如下
2026-10-02 02:09:18 - mkk_pika - database.py:245 - INFO - ['第1集']
2026-10-02 02:09:19 - mkk_pika - main.py:348 - INFO - ==================== 漫画信息 ====================
                                   漫画ID：5d1654ea466a616a984da44b
                                   标题：肉块02
                                   作者：泪吉
                                   是否完结：否
                                   总页数：26
                                   分类：短篇,非人類,扶他樂園
                                   章节数：1
                                   最后更新时间：2019-06-28T17:56:58.201Z
                                   =================================================
2026-10-02 02:09:19 - mkk_pika - database.py:101 - INFO - 保存成功：肉块02
2026-10-02 02:09:19 - mkk_pika - main.py:35 - INFO - 开始检查ドッペルラヴァーズ是否存在未下载章节
2026-10-02 02:09:19 - mkk_pika - main.py:45 - INFO - 正在下载:[ドッペルラヴァーズ]-[bayachao]-[['短篇', '非人類']]-[total_pages:68]
2026-10-02 02:09:19 - mkk_pika - main.py:49 - INFO - [{'_id': '5d1654ff1856eb6a93ff13ee', 'title': '第1集', 'order': 1, 'updated_at': '2019-06-28T15:57:09.230Z', 'id': '5d1654ff1856eb6a93ff13ee'}]
2026-10-02 02:09:19 - mkk_pika - database.py:215 - INFO - 第一次下载该漫画，记录数据库中
2026-10-02 02:09:20 - mkk_pika - main.py:83 - INFO - 找到 68 张图片在:第1集
2026-10-02 02:09:22 - mkk_pika - main.py:112 - INFO - [episode:第1集       ] downloaded:    68, total:  68, progress:100%
2026-10-02 02:09:22 - mkk_pika - database.py:238 - INFO - 数据库更新已下载章节
2026-10-02 02:09:22 - mkk_pika - database.py:244 - INFO - 该漫画已下载章节如下
2026-10-02 02:09:22 - mkk_pika - database.py:245 - INFO - ['第1集']
2026-10-02 02:09:23 - mkk_pika - main.py:348 - INFO - ==================== 漫画信息 ====================
                                   漫画ID：5d1654ff1856eb6a93ff13ed
                                   标题：ドッペルラヴァーズ
                                   作者：bayachao
                                   是否完结：否
                                   总页数：68
                                   分类：短篇,非人類
                                   章节数：1
                                   最后更新时间：2019-06-28T17:57:19.955Z
                                   =================================================
2026-10-02 02:09:23 - mkk_pika - database.py:101 - INFO - 保存成功：ドッペルラヴァーズ
2026-10-02 02:09:23 - mkk_pika - main.py:35 - INFO - 开始检查しっぽり是否存在未下载章节
2026-10-02 02:09:24 - mkk_pika - main.py:45 - INFO - 正在下载:[しっぽり]-[かもたま座 (かもたま)]-[['同人', '短篇', '百合花園']]-[total_pages:27]
2026-10-02 02:09:24 - mkk_pika - main.py:49 - INFO - [{'_id': '5d16551ddef1806aa5212895', 'title': '第1集', 'order': 1, 'updated_at': '2019-06-28T15:31:38.212Z', 'id': '5d16551ddef1806aa5212895'}]
2026-10-02 02:09:24 - mkk_pika - database.py:215 - INFO - 第一次下载该漫画，记录数据库中
2026-10-02 02:09:24 - mkk_pika - main.py:83 - INFO - 找到 27 张图片在:第1集
2026-10-02 02:09:25 - mkk_pika - main.py:112 - INFO - [episode:第1集       ] downloaded:    27, total:  27, progress:100%
2026-10-02 02:09:25 - mkk_pika - database.py:238 - INFO - 数据库更新已下载章节
2026-10-02 02:09:25 - mkk_pika - database.py:244 - INFO - 该漫画已下载章节如下
2026-10-02 02:09:25 - mkk_pika - database.py:245 - INFO - ['第1集']
2026-10-02 02:09:27 - mkk_pika - main.py:348 - INFO - ==================== 漫画信息 ====================
                                   漫画ID：5d16551ddef1806aa5212894
                                   标题：しっぽり
                                   作者：かもたま座 (かもたま)
                                   是否完结：否
                                   总页数：27
                                   分类：同人,短篇,百合花園
                                   章节数：1
                                   最后更新时间：2019-06-28T17:57:49.487Z
                                   =================================================
2026-10-02 02:09:27 - mkk_pika - database.py:101 - INFO - 保存成功：しっぽり
2026-10-02 02:09:27 - mkk_pika - main.py:35 - INFO - 开始检查 爆豪ママ落書き01-08 (僕のヒーローアカデミア) [中国翻訳]是否存在未下载章节
2026-10-02 02:09:27 - mkk_pika - main.py:45 - INFO - 正在下载:[ 爆豪ママ落書き01-08 (僕のヒーローアカデミア) [中国翻訳]]-[ジュナジュナジュース]-[['短篇', '同人', '全彩', '人妻']]-[total_pages:20]
2026-10-02 02:09:27 - mkk_pika - main.py:49 - INFO - [{'_id': '5d16552c1856eb6a93ff1434', 'title': '第1集', 'order': 1, 'updated_at': '2019-06-28T15:59:26.038Z', 'id': '5d16552c1856eb6a93ff1434'}]
2026-10-02 02:09:27 - mkk_pika - database.py:215 - INFO - 第一次下载该漫画，记录数据库中
2026-10-02 02:09:27 - mkk_pika - main.py:83 - INFO - 找到 20 张图片在:第1集
2026-10-02 02:09:28 - mkk_pika - main.py:112 - INFO - [episode:第1集       ] downloaded:    20, total:  20, progress:100%
2026-10-02 02:09:28 - mkk_pika - database.py:238 - INFO - 数据库更新已下载章节
2026-10-02 02:09:28 - mkk_pika - database.py:244 - INFO - 该漫画已下载章节如下
2026-10-02 02:09:28 - mkk_pika - database.py:245 - INFO - ['第1集']
2026-10-02 02:09:29 - mkk_pika - main.py:348 - INFO - ==================== 漫画信息 ====================
                                   漫画ID：5d16552c1856eb6a93ff1433
                                   标题： 爆豪ママ落書き01-08 (僕のヒーローアカデミア) [中国翻訳]
                                   作者：ジュナジュナジュース
                                   是否完结：是
                                   总页数：20
                                   分类：短篇,同人,全彩,人妻
                                   章节数：1
                                   最后更新时间：2019-06-28T17:58:04.257Z
                                   =================================================
2026-10-02 02:09:29 - mkk_pika - database.py:101 - INFO - 保存成功： 爆豪ママ落書き01-08 (僕のヒーローアカデミア) [中国翻訳]
2026-10-02 02:09:29 - mkk_pika - main.py:35 - INFO - 开始检查一想到婕拉奥拉就以尾巴为中心画了本子是否存在未下载章节
2026-10-02 02:09:30 - mkk_pika - main.py:45 - INFO - 正在下载:[一想到婕拉奥拉就以尾巴为中心画了本子]-[東みなつ]-[['短篇', '純愛', '非人類']]-[total_pages:23]
2026-10-02 02:09:30 - mkk_pika - main.py:49 - INFO - [{'_id': '5d165543466a616a984da469', 'title': '第1集', 'order': 1, 'updated_at': '2019-06-28T15:40:30.832Z', 'id': '5d165543466a616a984da469'}]
2026-10-02 02:09:30 - mkk_pika - database.py:215 - INFO - 第一次下载该漫画，记录数据库中
2026-10-02 02:09:30 - mkk_pika - main.py:83 - INFO - 找到 23 张图片在:第1集
2026-10-02 02:09:31 - mkk_pika - main.py:112 - INFO - [episode:第1集       ] downloaded:    23, total:  23, progress:100%
2026-10-02 02:09:31 - mkk_pika - database.py:238 - INFO - 数据库更新已下载章节
2026-10-02 02:09:31 - mkk_pika - database.py:244 - INFO - 该漫画已下载章节如下
2026-10-02 02:09:31 - mkk_pika - database.py:245 - INFO - ['第1集']
2026-10-02 02:09:33 - mkk_pika - main.py:348 - INFO - ==================== 漫画信息 ====================
                                   漫画ID：5d165543466a616a984da468
                                   标题：一想到婕拉奥拉就以尾巴为中心画了本子
                                   作者：東みなつ
                                   是否完结：是
                                   总页数：23
                                   分类：短篇,純愛,非人類
                                   章节数：1
                                   最后更新时间：2019-06-28T17:58:27.259Z
                                   =================================================
2026-10-02 02:09:33 - mkk_pika - database.py:101 - INFO - 保存成功：一想到婕拉奥拉就以尾巴为中心画了本子
2026-10-02 02:09:33 - mkk_pika - main.py:35 - INFO - 开始检查 苗床魔改造～失墜の錬金術師～ (コミックアンリアル 2016年10月号 Vol.63) [中国翻訳]是否存在未下载章节
2026-10-02 02:09:33 - mkk_pika - main.py:45 - INFO - 正在下载:[ 苗床魔改造～失墜の錬金術師～ (コミックアンリアル 2016年10月号 Vol.63) [中国翻訳]]-[雪國おまる]-[['短篇', '非人類', '強暴']]-[total_pages:22]
2026-10-02 02:09:33 - mkk_pika - main.py:49 - INFO - [{'_id': '5d1655711856eb6a93ff145e', 'title': '第1集', 'order': 1, 'updated_at': '2019-06-28T16:34:13.348Z', 'id': '5d1655711856eb6a93ff145e'}]
2026-10-02 02:09:33 - mkk_pika - database.py:215 - INFO - 第一次下载该漫画，记录数据库中
2026-10-02 02:09:33 - mkk_pika - main.py:83 - INFO - 找到 22 张图片在:第1集
2026-10-02 02:09:34 - mkk_pika - main.py:112 - INFO - [episode:第1集       ] downloaded:    22, total:  22, progress:100%
2026-10-02 02:09:34 - mkk_pika - database.py:238 - INFO - 数据库更新已下载章节
2026-10-02 02:09:34 - mkk_pika - database.py:244 - INFO - 该漫画已下载章节如下
2026-10-02 02:09:34 - mkk_pika - database.py:245 - INFO - ['第1集']
2026-10-02 02:09:35 - mkk_pika - main.py:348 - INFO - ==================== 漫画信息 ====================
                                   漫画ID：5d1655711856eb6a93ff145d
                                   标题： 苗床魔改造～失墜の錬金術師～ (コミックアンリアル 2016年10月号 Vol.63) [中国翻訳]
                                   作者：雪國おまる
                                   是否完结：是
                                   总页数：22
                                   分类：短篇,非人類,強暴
                                   章节数：1
                                   最后更新时间：2019-06-28T17:59:13.076Z
                                   =================================================
2026-10-02 02:09:35 - mkk_pika - database.py:101 - INFO - 保存成功： 苗床魔改造～失墜の錬金術師～ (コミックアンリアル 2016年10月号 Vol.63) [中国翻訳]
2026-10-02 02:09:35 - mkk_pika - main.py:35 - INFO - 开始检查がんばるおんなのこ [中国翻訳] [DL版]是否存在未下载章节
2026-10-02 02:09:36 - mkk_pika - main.py:45 - INFO - 正在下载:[がんばるおんなのこ [中国翻訳] [DL版]]-[ドットエイト (さわやか鮫肌)]-[['短篇']]-[total_pages:19]
2026-10-02 02:09:36 - mkk_pika - main.py:49 - INFO - [{'_id': '5d1655837bdc906aaebccdb0', 'title': '第1集', 'order': 1, 'updated_at': '2019-06-28T16:42:39.565Z', 'id': '5d1655837bdc906aaebccdb0'}]
2026-10-02 02:09:36 - mkk_pika - database.py:215 - INFO - 第一次下载该漫画，记录数据库中
2026-10-02 02:09:36 - mkk_pika - main.py:83 - INFO - 找到 19 张图片在:第1集
2026-10-02 02:09:37 - mkk_pika - main.py:112 - INFO - [episode:第1集       ] downloaded:    19, total:  19, progress:100%
2026-10-02 02:09:37 - mkk_pika - database.py:238 - INFO - 数据库更新已下载章节
2026-10-02 02:09:37 - mkk_pika - database.py:244 - INFO - 该漫画已下载章节如下
2026-10-02 02:09:37 - mkk_pika - database.py:245 - INFO - ['第1集']
2026-10-02 02:09:38 - mkk_pika - main.py:348 - INFO - ==================== 漫画信息 ====================
                                   漫画ID：5d1655837bdc906aaebccdaf
                                   标题：がんばるおんなのこ [中国翻訳] [DL版]
                                   作者：ドットエイト (さわやか鮫肌)
                                   是否完结：是
                                   总页数：19
                                   分类：短篇
                                   章节数：1
                                   最后更新时间：2019-06-28T17:59:31.237Z
                                   =================================================
2026-10-02 02:09:38 - mkk_pika - database.py:101 - INFO - 保存成功：がんばるおんなのこ [中国翻訳] [DL版]
2026-10-02 02:09:38 - mkk_pika - main.py:35 - INFO - 开始检查アニキメの従者是否存在未下载章节
2026-10-02 02:09:38 - mkk_pika - main.py:45 - INFO - 正在下载:[アニキメの従者]-[shiron]-[['短篇', '非人類']]-[total_pages:41]
2026-10-02 02:09:38 - mkk_pika - main.py:49 - INFO - [{'_id': '5d16558d466a616a984da482', 'title': '第1集', 'order': 1, 'updated_at': '2019-06-28T15:46:11.704Z', 'id': '5d16558d466a616a984da482'}]
2026-10-02 02:09:38 - mkk_pika - database.py:215 - INFO - 第一次下载该漫画，记录数据库中
2026-10-02 02:09:39 - mkk_pika - main.py:83 - INFO - 找到 41 张图片在:第1集
2026-10-02 02:09:41 - mkk_pika - main.py:112 - INFO - [episode:第1集       ] downloaded:    41, total:  41, progress:100%
2026-10-02 02:09:41 - mkk_pika - database.py:238 - INFO - 数据库更新已下载章节
2026-10-02 02:09:41 - mkk_pika - database.py:244 - INFO - 该漫画已下载章节如下
2026-10-02 02:09:41 - mkk_pika - database.py:245 - INFO - ['第1集']
2026-10-02 02:09:42 - mkk_pika - main.py:348 - INFO - ==================== 漫画信息 ====================
                                   漫画ID：5d16558d466a616a984da481
                                   标题：アニキメの従者
                                   作者：shiron
                                   是否完结：否
                                   总页数：41
                                   分类：短篇,非人類
                                   章节数：1
                                   最后更新时间：2019-06-28T17:59:41.364Z
                                   =================================================
2026-10-02 02:09:42 - mkk_pika - database.py:101 - INFO - 保存成功：アニキメの従者
2026-10-02 02:09:42 - mkk_pika - main.py:35 - INFO - 开始检查(絶唱ステージ) MARKING (戦姫絶唱シンフォギアGX) [中国翻译]是否存在未下载章节
2026-10-02 02:09:42 - mkk_pika - main.py:45 - INFO - 正在下载:[(絶唱ステージ) MARKING (戦姫絶唱シンフォギアGX) [中国翻译]]-[UNKnown (ignica)]-[['短篇', '同人', '百合花園']]-[total_pages:17]
2026-10-02 02:09:42 - mkk_pika - main.py:49 - INFO - [{'_id': '5d1655a31856eb6a93ff1476', 'title': '第1集', 'order': 1, 'updated_at': '2019-06-28T17:53:18.449Z', 'id': '5d1655a31856eb6a93ff1476'}]
2026-10-02 02:09:42 - mkk_pika - database.py:215 - INFO - 第一次下载该漫画，记录数据库中
2026-10-02 02:09:43 - mkk_pika - main.py:83 - INFO - 找到 17 张图片在:第1集
2026-10-02 02:09:44 - mkk_pika - main.py:112 - INFO - [episode:第1集       ] downloaded:    17, total:  17, progress:100%
2026-10-02 02:09:44 - mkk_pika - database.py:238 - INFO - 数据库更新已下载章节
2026-10-02 02:09:44 - mkk_pika - database.py:244 - INFO - 该漫画已下载章节如下
2026-10-02 02:09:44 - mkk_pika - database.py:245 - INFO - ['第1集']
2026-10-02 02:09:45 - mkk_pika - main.py:348 - INFO - ==================== 漫画信息 ====================
                                   漫画ID：5d1655a31856eb6a93ff1475
                                   标题：(絶唱ステージ) MARKING (戦姫絶唱シンフォギアGX) [中国翻译]
                                   作者：UNKnown (ignica)
                                   是否完结：是
                                   总页数：17
                                   分类：短篇,同人,百合花園
                                   章节数：1
                                   最后更新时间：2019-06-28T18:00:03.271Z
                                   =================================================
2026-10-02 02:09:45 - mkk_pika - database.py:101 - INFO - 保存成功：(絶唱ステージ) MARKING (戦姫絶唱シンフォギアGX) [中国翻译]
2026-10-02 02:09:45 - mkk_pika - main.py:35 - INFO - 开始检查所有者はある男是否存在未下载章节
2026-10-02 02:09:45 - mkk_pika - main.py:45 - INFO - 正在下载:[所有者はある男]-[和がらし屋 (たすろくずは)]-[['同人', '短篇', 'Fate']]-[total_pages:63]
2026-10-02 02:09:45 - mkk_pika - main.py:49 - INFO - [{'_id': '5c03a425f0058c06911884a6', 'title': '第1集', 'order': 1, 'updated_at': '2018-11-07T01:50:01.133Z', 'id': '5c03a425f0058c06911884a6'}, {'_id': '5d131e38e2802b7deca99544', 'title': '汉化', 'order': 2, 'updated_at': '2019-06-25T20:40:35.518Z', 'id': '5d131e38e2802b7deca99544'}, {'_id': '5d1745e052add63194b948e8', 'title': 'noroizundere个人面部修正版', 'order': 3, 'updated_at': '2019-06-28T18:52:49.516Z', 'id': '5d1745e052add63194b948e8'}]
2026-10-02 02:09:45 - mkk_pika - database.py:215 - INFO - 第一次下载该漫画，记录数据库中
2026-10-02 02:09:45 - mkk_pika - main.py:83 - INFO - 找到 20 张图片在:第1集
2026-10-02 02:09:46 - mkk_pika - main.py:112 - INFO - [episode:第1集       ] downloaded:    20, total:  20, progress:100%
2026-10-02 02:09:46 - mkk_pika - database.py:238 - INFO - 数据库更新已下载章节
2026-10-02 02:09:46 - mkk_pika - database.py:244 - INFO - 该漫画已下载章节如下
2026-10-02 02:09:46 - mkk_pika - database.py:245 - INFO - ['第1集']
2026-10-02 02:09:48 - mkk_pika - main.py:83 - INFO - 找到 21 张图片在:汉化
2026-10-02 02:09:49 - mkk_pika - main.py:112 - INFO - [episode:汉化        ] downloaded:    21, total:  21, progress:100%
2026-10-02 02:09:49 - mkk_pika - database.py:238 - INFO - 数据库更新已下载章节
2026-10-02 02:09:49 - mkk_pika - database.py:244 - INFO - 该漫画已下载章节如下
2026-10-02 02:09:49 - mkk_pika - database.py:245 - INFO - ['第1集', '汉化']
2026-10-02 02:09:50 - mkk_pika - main.py:83 - INFO - 找到 22 张图片在:noroizundere个人面部修正版
2026-10-02 02:09:51 - mkk_pika - main.py:112 - INFO - [episode:noroizundere个人面部修正版] downloaded:    22, total:  22, progress:100%
2026-10-02 02:09:51 - mkk_pika - database.py:238 - INFO - 数据库更新已下载章节
2026-10-02 02:09:51 - mkk_pika - database.py:244 - INFO - 该漫画已下载章节如下
2026-10-02 02:09:51 - mkk_pika - database.py:245 - INFO - ['第1集', '汉化', 'noroizundere个人面部修正版']
2026-10-02 02:09:52 - mkk_pika - main.py:348 - INFO - ==================== 漫画信息 ====================
                                   漫画ID：5c03a425f0058c06911884a5
                                   标题：所有者はある男
                                   作者：和がらし屋 (たすろくずは)
                                   是否完结：是
                                   总页数：63
                                   分类：同人,短篇,Fate
                                   章节数：3
                                   最后更新时间：2019-06-29T11:05:04.289Z
                                   =================================================
2026-10-02 02:09:52 - mkk_pika - database.py:101 - INFO - 保存成功：所有者はある男
2026-10-02 02:09:52 - mkk_pika - main.py:35 - INFO - 开始检查母のツトメ～引き篭もり息子の性処理道具～[中国翻訳] [DL版]是否存在未下载章节
2026-10-02 02:09:53 - mkk_pika - main.py:45 - INFO - 正在下载:[母のツトメ～引き篭もり息子の性処理道具～[中国翻訳] [DL版]]-[多摩豪]-[['短篇', '人妻']]-[total_pages:76]
2026-10-02 02:09:53 - mkk_pika - main.py:49 - INFO - [{'_id': '5d1745f652add63194b94900', 'title': '第1集', 'order': 1, 'updated_at': '2019-06-28T18:07:12.639Z', 'id': '5d1745f652add63194b94900'}]
2026-10-02 02:09:53 - mkk_pika - database.py:215 - INFO - 第一次下载该漫画，记录数据库中
2026-10-02 02:09:53 - mkk_pika - main.py:83 - INFO - 找到 76 张图片在:第1集
2026-10-02 02:09:56 - mkk_pika - main.py:112 - INFO - [episode:第1集       ] downloaded:    76, total:  76, progress:100%
2026-10-02 02:09:56 - mkk_pika - database.py:238 - INFO - 数据库更新已下载章节
2026-10-02 02:09:56 - mkk_pika - database.py:244 - INFO - 该漫画已下载章节如下
2026-10-02 02:09:56 - mkk_pika - database.py:245 - INFO - ['第1集']
2026-10-02 02:09:57 - mkk_pika - main.py:348 - INFO - ==================== 漫画信息 ====================
                                   漫画ID：5d1745f652add63194b948ff
                                   标题：母のツトメ～引き篭もり息子の性処理道具～[中国翻訳] [DL版]
                                   作者：多摩豪
                                   是否完结：是
                                   总页数：76
                                   分类：短篇,人妻
                                   章节数：1
                                   最后更新时间：2019-06-29T11:05:26.466Z
                                   =================================================
2026-10-02 02:09:57 - mkk_pika - database.py:101 - INFO - 保存成功：母のツトメ～引き篭もり息子の性処理道具～[中国翻訳] [DL版]
2026-10-02 02:09:57 - mkk_pika - main.py:35 - INFO - 开始检查いぬおかみ (COMIC快楽天ビースト 2018年11月号)[無修正]是否存在未下载章节
2026-10-02 02:09:58 - mkk_pika - main.py:45 - INFO - 正在下载:[いぬおかみ (COMIC快楽天ビースト 2018年11月号)[無修正]]-[雛咲葉]-[['短篇', '純愛']]-[total_pages:20]
2026-10-02 02:09:58 - mkk_pika - main.py:49 - INFO - [{'_id': '5d174992d4f6b7319ab5c6ef', 'title': '第1集', 'order': 1, 'updated_at': '2019-06-29T02:13:02.155Z', 'id': '5d174992d4f6b7319ab5c6ef'}]
2026-10-02 02:09:58 - mkk_pika - database.py:215 - INFO - 第一次下载该漫画，记录数据库中
2026-10-02 02:09:58 - mkk_pika - main.py:83 - INFO - 找到 20 张图片在:第1集
2026-10-02 02:09:59 - mkk_pika - main.py:112 - INFO - [episode:第1集       ] downloaded:    20, total:  20, progress:100%
2026-10-02 02:09:59 - mkk_pika - database.py:238 - INFO - 数据库更新已下载章节
2026-10-02 02:09:59 - mkk_pika - database.py:244 - INFO - 该漫画已下载章节如下
2026-10-02 02:09:59 - mkk_pika - database.py:245 - INFO - ['第1集']
2026-10-02 02:10:00 - mkk_pika - main.py:348 - INFO - ==================== 漫画信息 ====================
                                   漫画ID：5d174992d4f6b7319ab5c6ee
                                   标题：いぬおかみ (COMIC快楽天ビースト 2018年11月号)[無修正]
                                   作者：雛咲葉
                                   是否完结：否
                                   总页数：20
                                   分类：短篇,純愛
                                   章节数：1
                                   最后更新时间：2019-06-29T11:20:50.599Z
                                   =================================================
2026-10-02 02:10:00 - mkk_pika - database.py:101 - INFO - 保存成功：いぬおかみ (COMIC快楽天ビースト 2018年11月号)[無修正]
2026-10-02 02:10:00 - mkk_pika - main.py:35 - INFO - 开始检查(C95) いっぱいちゆき～温泉編～ (アイドルマスターシャイニーカラーズ)是否存在未下载章节
2026-10-02 02:10:00 - mkk_pika - main.py:45 - INFO - 正在下载:[(C95) いっぱいちゆき～温泉編～ (アイドルマスターシャイニーカラーズ)]-[MacaronCrown (はるるゆこ)]-[['同人', '短篇']]-[total_pages:20]
2026-10-02 02:10:00 - mkk_pika - main.py:49 - INFO - [{'_id': '5d1749aad4f6b7319ab5c705', 'title': '第1集', 'order': 1, 'updated_at': '2019-06-29T03:46:03.212Z', 'id': '5d1749aad4f6b7319ab5c705'}]
2026-10-02 02:10:00 - mkk_pika - database.py:215 - INFO - 第一次下载该漫画，记录数据库中
2026-10-02 02:10:01 - mkk_pika - main.py:83 - INFO - 找到 20 张图片在:第1集
2026-10-02 02:10:02 - mkk_pika - main.py:112 - INFO - [episode:第1集       ] downloaded:    20, total:  20, progress:100%
2026-10-02 02:10:02 - mkk_pika - database.py:238 - INFO - 数据库更新已下载章节
2026-10-02 02:10:02 - mkk_pika - database.py:244 - INFO - 该漫画已下载章节如下
2026-10-02 02:10:02 - mkk_pika - database.py:245 - INFO - ['第1集']
2026-10-02 02:10:03 - mkk_pika - main.py:348 - INFO - ==================== 漫画信息 ====================
                                   漫画ID：5d1749aad4f6b7319ab5c704
                                   标题：(C95) いっぱいちゆき～温泉編～ (アイドルマスターシャイニーカラーズ)
                                   作者：MacaronCrown (はるるゆこ)
                                   是否完结：是
                                   总页数：20
                                   分类：同人,短篇
                                   章节数：1
                                   最后更新时间：2019-06-29T11:21:14.509Z
                                   =================================================
2026-10-02 02:10:03 - mkk_pika - database.py:101 - INFO - 保存成功：(C95) いっぱいちゆき～温泉編～ (アイドルマスターシャイニーカラーズ)
2026-10-02 02:10:03 - mkk_pika - main.py:35 - INFO - 开始检查 失敗！おとり捜査 [中国翻訳]是否存在未下载章节
2026-10-02 02:10:03 - mkk_pika - main.py:45 - INFO - 正在下载:[ 失敗！おとり捜査 [中国翻訳]]-[色点屋]-[['短篇', '全彩']]-[total_pages:44]
2026-10-02 02:10:03 - mkk_pika - main.py:49 - INFO - [{'_id': '5d1749bfaa7ac231ab46ca80', 'title': '第1集', 'order': 1, 'updated_at': '2019-06-29T04:18:17.247Z', 'id': '5d1749bfaa7ac231ab46ca80'}]
2026-10-02 02:10:03 - mkk_pika - database.py:215 - INFO - 第一次下载该漫画，记录数据库中
2026-10-02 02:10:04 - mkk_pika - main.py:83 - INFO - 找到 44 张图片在:第1集
2026-10-02 02:10:06 - mkk_pika - main.py:112 - INFO - [episode:第1集       ] downloaded:    44, total:  44, progress:100%
2026-10-02 02:10:06 - mkk_pika - database.py:238 - INFO - 数据库更新已下载章节
2026-10-02 02:10:06 - mkk_pika - database.py:244 - INFO - 该漫画已下载章节如下
2026-10-02 02:10:06 - mkk_pika - database.py:245 - INFO - ['第1集']
2026-10-02 02:10:07 - mkk_pika - main.py:348 - INFO - ==================== 漫画信息 ====================
                                   漫画ID：5d1749bfaa7ac231ab46ca7f
                                   标题： 失敗！おとり捜査 [中国翻訳]
                                   作者：色点屋
                                   是否完结：是
                                   总页数：44
                                   分类：短篇,全彩
                                   章节数：1
                                   最后更新时间：2019-06-29T11:21:35.058Z
                                   =================================================
2026-10-02 02:10:07 - mkk_pika - database.py:101 - INFO - 保存成功： 失敗！おとり捜査 [中国翻訳]
2026-10-02 02:10:07 - mkk_pika - main.py:35 - INFO - 开始检查 俺がいじめてた女が変身ヒロインになったので [中国翻訳] [DL版]是否存在未下载章节
2026-10-02 02:10:07 - mkk_pika - main.py:45 - INFO - 正在下载:[ 俺がいじめてた女が変身ヒロインになったので [中国翻訳] [DL版]]-[せみもぐら (由家)]-[['短篇']]-[total_pages:23]
2026-10-02 02:10:07 - mkk_pika - main.py:49 - INFO - [{'_id': '5d174a6752add63194b949c7', 'title': '第1集', 'order': 1, 'updated_at': '2019-06-29T06:41:29.715Z', 'id': '5d174a6752add63194b949c7'}]
2026-10-02 02:10:07 - mkk_pika - database.py:215 - INFO - 第一次下载该漫画，记录数据库中
2026-10-02 02:10:08 - mkk_pika - main.py:83 - INFO - 找到 23 张图片在:第1集
2026-10-02 02:10:09 - mkk_pika - main.py:112 - INFO - [episode:第1集       ] downloaded:    23, total:  23, progress:100%
2026-10-02 02:10:09 - mkk_pika - database.py:238 - INFO - 数据库更新已下载章节
2026-10-02 02:10:09 - mkk_pika - database.py:244 - INFO - 该漫画已下载章节如下
2026-10-02 02:10:09 - mkk_pika - database.py:245 - INFO - ['第1集']
2026-10-02 02:10:10 - mkk_pika - main.py:348 - INFO - ==================== 漫画信息 ====================
                                   漫画ID：5d174a6752add63194b949c6
                                   标题： 俺がいじめてた女が変身ヒロインになったので [中国翻訳] [DL版]
                                   作者：せみもぐら (由家)
                                   是否完结：否
                                   总页数：23
                                   分类：短篇
                                   章节数：1
                                   最后更新时间：2019-06-29T11:24:23.897Z
                                   =================================================
2026-10-02 02:10:10 - mkk_pika - database.py:101 - INFO - 保存成功： 俺がいじめてた女が変身ヒロインになったので [中国翻訳] [DL版]
2026-10-02 02:10:10 - mkk_pika - main.py:35 - INFO - 开始检查某天醒来后变成了变隐龙是否存在未下载章节
2026-10-02 02:10:10 - mkk_pika - main.py:45 - INFO - 正在下载:[某天醒来后变成了变隐龙]-[shiro]-[['短篇', '非人類']]-[total_pages:19]
2026-10-02 02:10:10 - mkk_pika - main.py:49 - INFO - [{'_id': '5d174ad32d391a31a695dba3', 'title': '第1集', 'order': 1, 'updated_at': '2019-06-28T16:03:42.017Z', 'id': '5d174ad32d391a31a695dba3'}]
2026-10-02 02:10:10 - mkk_pika - database.py:215 - INFO - 第一次下载该漫画，记录数据库中
2026-10-02 02:10:11 - mkk_pika - main.py:83 - INFO - 找到 37 张图片在:第1集
2026-10-02 02:10:12 - mkk_pika - main.py:112 - INFO - [episode:第1集       ] downloaded:    37, total:  37, progress:100%
2026-10-02 02:10:12 - mkk_pika - database.py:238 - INFO - 数据库更新已下载章节
2026-10-02 02:10:12 - mkk_pika - database.py:244 - INFO - 该漫画已下载章节如下
2026-10-02 02:10:12 - mkk_pika - database.py:245 - INFO - ['第1集']
2026-10-02 02:10:13 - mkk_pika - main.py:348 - INFO - ==================== 漫画信息 ====================
                                   漫画ID：5d174ad32d391a31a695dba2
                                   标题：某天醒来后变成了变隐龙
                                   作者：shiro
                                   是否完结：否
                                   总页数：19
                                   分类：短篇,非人類
                                   章节数：1
                                   最后更新时间：2019-06-29T11:26:11.406Z
                                   =================================================
2026-10-02 02:10:13 - mkk_pika - database.py:101 - INFO - 保存成功：某天醒来后变成了变隐龙
2026-10-02 02:10:13 - mkk_pika - main.py:35 - INFO - 开始检查君のアナに挿れ隊是否存在未下载章节
2026-10-02 02:10:13 - mkk_pika - main.py:45 - INFO - 正在下载:[君のアナに挿れ隊]-[amahisa]-[['短篇', '非人類']]-[total_pages:17]
2026-10-02 02:10:13 - mkk_pika - main.py:49 - INFO - [{'_id': '5d174ae2aa7ac231ab46cb90', 'title': '第1集', 'order': 1, 'updated_at': '2019-06-28T16:06:24.179Z', 'id': '5d174ae2aa7ac231ab46cb90'}]
2026-10-02 02:10:13 - mkk_pika - database.py:215 - INFO - 第一次下载该漫画，记录数据库中
2026-10-02 02:10:14 - mkk_pika - main.py:83 - INFO - 找到 17 张图片在:第1集
2026-10-02 02:10:15 - mkk_pika - main.py:112 - INFO - [episode:第1集       ] downloaded:    17, total:  17, progress:100%
2026-10-02 02:10:15 - mkk_pika - database.py:238 - INFO - 数据库更新已下载章节
2026-10-02 02:10:15 - mkk_pika - database.py:244 - INFO - 该漫画已下载章节如下
2026-10-02 02:10:15 - mkk_pika - database.py:245 - INFO - ['第1集']
2026-10-02 02:10:16 - mkk_pika - main.py:348 - INFO - ==================== 漫画信息 ====================
                                   漫画ID：5d174ae2aa7ac231ab46cb8f
                                   标题：君のアナに挿れ隊
                                   作者：amahisa
                                   是否完结：否
                                   总页数：17
                                   分类：短篇,非人類
                                   章节数：1
                                   最后更新时间：2019-06-29T11:26:26.568Z
                                   =================================================
2026-10-02 02:10:16 - mkk_pika - database.py:101 - INFO - 保存成功：君のアナに挿れ隊
2026-10-02 02:10:16 - mkk_pika - main.py:35 - INFO - 开始检查强まり骑士王とラブックスする本（Fate / stay night）是否存在未下载章节
2026-10-02 02:10:16 - mkk_pika - main.py:45 - INFO - 正在下载:[强まり骑士王とラブックスする本（Fate / stay night）]-[SHD（部长ちんけ）]-[['短篇', '同人', 'Fate']]-[total_pages:19]
2026-10-02 02:10:16 - mkk_pika - main.py:49 - INFO - [{'_id': '5d174b50aa7ac231ab46cbd4', 'title': '第1集', 'order': 1, 'updated_at': '2019-06-29T09:44:57.000Z', 'id': '5d174b50aa7ac231ab46cbd4'}]
2026-10-02 02:10:16 - mkk_pika - database.py:215 - INFO - 第一次下载该漫画，记录数据库中
2026-10-02 02:10:17 - mkk_pika - main.py:83 - INFO - 找到 19 张图片在:第1集
2026-10-02 02:10:17 - mkk_pika - main.py:112 - INFO - [episode:第1集       ] downloaded:    19, total:  19, progress:100%
2026-10-02 02:10:17 - mkk_pika - database.py:238 - INFO - 数据库更新已下载章节
2026-10-02 02:10:17 - mkk_pika - database.py:244 - INFO - 该漫画已下载章节如下
2026-10-02 02:10:17 - mkk_pika - database.py:245 - INFO - ['第1集']
2026-10-02 02:10:19 - mkk_pika - main.py:348 - INFO - ==================== 漫画信息 ====================
                                   漫画ID：5d174b50aa7ac231ab46cbd3
                                   标题：强まり骑士王とラブックスする本（Fate / stay night）
                                   作者：SHD（部长ちんけ）
                                   是否完结：是
                                   总页数：19
                                   分类：短篇,同人,Fate
                                   章节数：1
                                   最后更新时间：2019-06-29T11:28:16.474Z
                                   =================================================
2026-10-02 02:10:19 - mkk_pika - database.py:101 - INFO - 保存成功：强まり骑士王とラブックスする本（Fate / stay night）
2026-10-02 02:10:19 - mkk_pika - main.py:35 - INFO - 开始检查攻め女子至上主義 進攻女子至上主義是否存在未下载章节
2026-10-02 02:10:19 - mkk_pika - main.py:45 - INFO - 正在下载:[攻め女子至上主義 進攻女子至上主義]-[小春七草]-[['長篇', '短篇', '純愛', '單行本', '後宮閃光', '妹妹系', 'SM', '姐姐系', '強暴']]-[total_pages:193]
2026-10-02 02:10:19 - mkk_pika - main.py:49 - INFO - [{'_id': '5d174b6c52add63194b94b45', 'title': '進攻女子的單行本', 'order': 1, 'updated_at': '2019-06-27T10:42:47.634Z', 'id': '5d174b6c52add63194b94b45'}]
2026-10-02 02:10:19 - mkk_pika - database.py:215 - INFO - 第一次下载该漫画，记录数据库中
2026-10-02 02:10:20 - mkk_pika - main.py:83 - INFO - 找到 193 张图片在:進攻女子的單行本
2026-10-02 02:10:26 - mkk_pika - main.py:112 - INFO - [episode:進攻女子的單行本  ] downloaded:   193, total: 193, progress:100%
2026-10-02 02:10:26 - mkk_pika - database.py:238 - INFO - 数据库更新已下载章节
2026-10-02 02:10:26 - mkk_pika - database.py:244 - INFO - 该漫画已下载章节如下
2026-10-02 02:10:26 - mkk_pika - database.py:245 - INFO - ['進攻女子的單行本']
2026-10-02 02:10:28 - mkk_pika - main.py:348 - INFO - ==================== 漫画信息 ====================
                                   漫画ID：5d174b6c52add63194b94b44
                                   标题：攻め女子至上主義 進攻女子至上主義
                                   作者：小春七草
                                   是否完结：是
                                   总页数：193
                                   分类：長篇,短篇,純愛,單行本,後宮閃光,妹妹系,SM,姐姐系,強暴
                                   章节数：1
                                   最后更新时间：2019-06-29T11:28:44.265Z
                                   =================================================
2026-10-02 02:10:28 - mkk_pika - database.py:101 - INFO - 保存成功：攻め女子至上主義 進攻女子至上主義
2026-10-02 02:10:28 - mkk_pika - main.py:35 - INFO - 开始检查(COMIC1☆15) 性合騎士とサイコー司祭さま (ソードアート・オンライン) [中国翻訳]是否存在未下载章节
2026-10-02 02:10:28 - mkk_pika - main.py:45 - INFO - 正在下载:[(COMIC1☆15) 性合騎士とサイコー司祭さま (ソードアート・オンライン) [中国翻訳]]-[流石堂 (流ひょうご)]-[['同人', '短篇', '純愛', 'SAO 刀劍神域']]-[total_pages:27]
2026-10-02 02:10:28 - mkk_pika - main.py:49 - INFO - [{'_id': '5d174b9ad4f6b7319ab5c881', 'title': '第1集', 'order': 1, 'updated_at': '2019-06-29T10:45:34.422Z', 'id': '5d174b9ad4f6b7319ab5c881'}]
2026-10-02 02:10:28 - mkk_pika - database.py:215 - INFO - 第一次下载该漫画，记录数据库中
2026-10-02 02:10:28 - mkk_pika - main.py:83 - INFO - 找到 27 张图片在:第1集
2026-10-02 02:10:29 - mkk_pika - main.py:112 - INFO - [episode:第1集       ] downloaded:    27, total:  27, progress:100%
2026-10-02 02:10:29 - mkk_pika - database.py:238 - INFO - 数据库更新已下载章节
2026-10-02 02:10:29 - mkk_pika - database.py:244 - INFO - 该漫画已下载章节如下
2026-10-02 02:10:29 - mkk_pika - database.py:245 - INFO - ['第1集']
2026-10-02 02:10:31 - mkk_pika - main.py:348 - INFO - ==================== 漫画信息 ====================
                                   漫画ID：5d174b9ad4f6b7319ab5c880
                                   标题：(COMIC1☆15) 性合騎士とサイコー司祭さま (ソードアート・オンライン) [中国翻訳]
                                   作者：流石堂 (流ひょうご)
                                   是否完结：是
                                   总页数：27
                                   分类：同人,短篇,純愛,SAO 刀劍神域
                                   章节数：1
                                   最后更新时间：2019-06-29T11:29:30.111Z
                                   =================================================
2026-10-02 02:10:31 - mkk_pika - database.py:101 - INFO - 保存成功：(COMIC1☆15) 性合騎士とサイコー司祭さま (ソードアート・オンライン) [中国翻訳]
2026-10-02 02:10:31 - mkk_pika - main.py:35 - INFO - 开始检查無理矢理、中出し。 [中国翻訳]是否存在未下载章节
2026-10-02 02:10:31 - mkk_pika - main.py:45 - INFO - 正在下载:[無理矢理、中出し。 [中国翻訳]]-[aromatic girl (藤宮茜)]-[['短篇', '同人', '全彩']]-[total_pages:13]
2026-10-02 02:10:31 - mkk_pika - main.py:49 - INFO - [{'_id': '5d174ba4d4f6b7319ab5c89e', 'title': '第1集', 'order': 1, 'updated_at': '2019-06-29T11:14:47.069Z', 'id': '5d174ba4d4f6b7319ab5c89e'}]
2026-10-02 02:10:31 - mkk_pika - database.py:215 - INFO - 第一次下载该漫画，记录数据库中
2026-10-02 02:10:31 - mkk_pika - main.py:83 - INFO - 找到 13 张图片在:第1集
2026-10-02 02:10:32 - mkk_pika - main.py:112 - INFO - [episode:第1集       ] downloaded:    13, total:  13, progress:100%
2026-10-02 02:10:32 - mkk_pika - database.py:238 - INFO - 数据库更新已下载章节
2026-10-02 02:10:32 - mkk_pika - database.py:244 - INFO - 该漫画已下载章节如下
2026-10-02 02:10:32 - mkk_pika - database.py:245 - INFO - ['第1集']
2026-10-02 02:10:33 - mkk_pika - main.py:348 - INFO - ==================== 漫画信息 ====================
                                   漫画ID：5d174ba4d4f6b7319ab5c89d
                                   标题：無理矢理、中出し。 [中国翻訳]
                                   作者：aromatic girl (藤宮茜)
                                   是否完结：是
                                   总页数：13
                                   分类：短篇,同人,全彩
                                   章节数：1
                                   最后更新时间：2019-06-29T11:29:40.667Z
                                   =================================================
2026-10-02 02:10:33 - mkk_pika - database.py:101 - INFO - 保存成功：無理矢理、中出し。 [中国翻訳]
2026-10-02 02:10:33 - mkk_pika - main.py:35 - INFO - 开始检查(C83)  魔法少女ファンタズムリーラ (東方Project) [中国翻訳]是否存在未下载章节
2026-10-02 02:10:33 - mkk_pika - main.py:45 - INFO - 正在下载:[(C83)  魔法少女ファンタズムリーラ (東方Project) [中国翻訳]]-[TLG (bowalia)]-[['短篇', '同人', '東方']]-[total_pages:28]
2026-10-02 02:10:33 - mkk_pika - main.py:49 - INFO - [{'_id': '5d174c642d391a31a695dd01', 'title': '第1集', 'order': 1, 'updated_at': '2019-06-29T11:19:27.794Z', 'id': '5d174c642d391a31a695dd01'}]
2026-10-02 02:10:33 - mkk_pika - database.py:215 - INFO - 第一次下载该漫画，记录数据库中
2026-10-02 02:10:34 - mkk_pika - main.py:83 - INFO - 找到 28 张图片在:第1集
2026-10-02 02:10:35 - mkk_pika - main.py:112 - INFO - [episode:第1集       ] downloaded:    28, total:  28, progress:100%
2026-10-02 02:10:35 - mkk_pika - database.py:238 - INFO - 数据库更新已下载章节
2026-10-02 02:10:35 - mkk_pika - database.py:244 - INFO - 该漫画已下载章节如下
2026-10-02 02:10:35 - mkk_pika - database.py:245 - INFO - ['第1集']
2026-10-02 02:10:36 - mkk_pika - main.py:348 - INFO - ==================== 漫画信息 ====================
                                   漫画ID：5d174c642d391a31a695dd00
                                   标题：(C83)  魔法少女ファンタズムリーラ (東方Project) [中国翻訳]
                                   作者：TLG (bowalia)
                                   是否完结：是
                                   总页数：28
                                   分类：短篇,同人,東方
                                   章节数：1
                                   最后更新时间：2019-06-29T11:32:52.842Z
                                   =================================================
2026-10-02 02:10:36 - mkk_pika - database.py:101 - INFO - 保存成功：(C83)  魔法少女ファンタズムリーラ (東方Project) [中国翻訳]
2026-10-02 02:10:36 - mkk_pika - main.py:35 - INFO - 开始检查（国人自制）俠女の堕落 黄蓉 郭芙是否存在未下载章节
2026-10-02 02:10:36 - mkk_pika - main.py:45 - INFO - 正在下载:[（国人自制）俠女の堕落 黄蓉 郭芙]-[白猫]-[['全彩', '短篇', '同人', '強暴', '人妻']]-[total_pages:22]
2026-10-02 02:10:36 - mkk_pika - main.py:49 - INFO - [{'_id': '5d17751852add63194b94ea8', 'title': '第1集', 'order': 1, 'updated_at': '2019-06-29T09:11:26.750Z', 'id': '5d17751852add63194b94ea8'}]
2026-10-02 02:10:36 - mkk_pika - database.py:215 - INFO - 第一次下载该漫画，记录数据库中
2026-10-02 02:10:37 - mkk_pika - main.py:83 - INFO - 找到 22 张图片在:第1集
2026-10-02 02:10:38 - mkk_pika - main.py:112 - INFO - [episode:第1集       ] downloaded:    22, total:  22, progress:100%
2026-10-02 02:10:38 - mkk_pika - database.py:238 - INFO - 数据库更新已下载章节
2026-10-02 02:10:38 - mkk_pika - database.py:244 - INFO - 该漫画已下载章节如下
2026-10-02 02:10:38 - mkk_pika - database.py:245 - INFO - ['第1集']
2026-10-02 02:10:39 - mkk_pika - main.py:348 - INFO - ==================== 漫画信息 ====================
                                   漫画ID：5d17751852add63194b94ea7
                                   标题：（国人自制）俠女の堕落 黄蓉 郭芙
                                   作者：白猫
                                   是否完结：否
                                   总页数：22
                                   分类：全彩,短篇,同人,強暴,人妻
                                   章节数：1
                                   最后更新时间：2019-06-29T14:26:32.140Z
                                   =================================================
2026-10-02 02:10:39 - mkk_pika - database.py:101 - INFO - 保存成功：（国人自制）俠女の堕落 黄蓉 郭芙
2026-10-02 02:10:39 - mkk_pika - main.py:35 - INFO - 开始检查無自覚催眠ゆかりん (東方Project) [中国翻訳]是否存在未下载章节
2026-10-02 02:10:39 - mkk_pika - main.py:45 - INFO - 正在下载:[無自覚催眠ゆかりん (東方Project) [中国翻訳]]-[あぶぶ]-[['短篇', '同人', '東方']]-[total_pages:7]
2026-10-02 02:10:39 - mkk_pika - main.py:49 - INFO - [{'_id': '5d177575d4f6b7319ab5cb9a', 'title': '第1集', 'order': 1, 'updated_at': '2019-06-29T11:21:43.066Z', 'id': '5d177575d4f6b7319ab5cb9a'}]
2026-10-02 02:10:39 - mkk_pika - database.py:215 - INFO - 第一次下载该漫画，记录数据库中
2026-10-02 02:10:39 - mkk_pika - main.py:83 - INFO - 找到 7 张图片在:第1集
2026-10-02 02:10:40 - mkk_pika - main.py:112 - INFO - [episode:第1集       ] downloaded:     7, total:   7, progress:100%
2026-10-02 02:10:40 - mkk_pika - database.py:238 - INFO - 数据库更新已下载章节
2026-10-02 02:10:40 - mkk_pika - database.py:244 - INFO - 该漫画已下载章节如下
2026-10-02 02:10:40 - mkk_pika - database.py:245 - INFO - ['第1集']
2026-10-02 02:10:41 - mkk_pika - main.py:348 - INFO - ==================== 漫画信息 ====================
                                   漫画ID：5d177575d4f6b7319ab5cb99
                                   标题：無自覚催眠ゆかりん (東方Project) [中国翻訳]
                                   作者：あぶぶ
                                   是否完结：是
                                   总页数：7
                                   分类：短篇,同人,東方
                                   章节数：1
                                   最后更新时间：2019-06-29T14:28:05.127Z
                                   =================================================
2026-10-02 02:10:41 - mkk_pika - database.py:101 - INFO - 保存成功：無自覚催眠ゆかりん (東方Project) [中国翻訳]
2026-10-02 02:10:41 - mkk_pika - main.py:35 - INFO - 开始检查 インストラクターのお姉さんと汗だくセックス～癒やしの射精と中出しトレーニング～ [中国翻訳]是否存在未下载章节
2026-10-02 02:10:41 - mkk_pika - main.py:45 - INFO - 正在下载:[ インストラクターのお姉さんと汗だくセックス～癒やしの射精と中出しトレーニング～ [中国翻訳]]-[aromatic girl (藤宮茜)]-[['短篇', '全彩', '姐姐系']]-[total_pages:113]
2026-10-02 02:10:41 - mkk_pika - main.py:49 - INFO - [{'_id': '5d177706d4f6b7319ab5cc00', 'title': '第1集', 'order': 1, 'updated_at': '2019-06-29T11:26:21.658Z', 'id': '5d177706d4f6b7319ab5cc00'}]
2026-10-02 02:10:41 - mkk_pika - database.py:215 - INFO - 第一次下载该漫画，记录数据库中
2026-10-02 02:10:42 - mkk_pika - main.py:83 - INFO - 找到 113 张图片在:第1集
2026-10-02 02:10:46 - mkk_pika - main.py:112 - INFO - [episode:第1集       ] downloaded:   113, total: 113, progress:100%
2026-10-02 02:10:46 - mkk_pika - database.py:238 - INFO - 数据库更新已下载章节
2026-10-02 02:10:46 - mkk_pika - database.py:244 - INFO - 该漫画已下载章节如下
2026-10-02 02:10:46 - mkk_pika - database.py:245 - INFO - ['第1集']
2026-10-02 02:10:48 - mkk_pika - main.py:348 - INFO - ==================== 漫画信息 ====================
                                   漫画ID：5d177706d4f6b7319ab5cbff
                                   标题： インストラクターのお姉さんと汗だくセックス～癒やしの射精と中出しトレーニング～ [中国翻訳]
                                   作者：aromatic girl (藤宮茜)
                                   是否完结：是
                                   总页数：113
                                   分类：短篇,全彩,姐姐系
                                   章节数：1
                                   最后更新时间：2019-06-29T14:34:46.435Z
                                   =================================================
2026-10-02 02:10:48 - mkk_pika - database.py:101 - INFO - 保存成功： インストラクターのお姉さんと汗だくセックス～癒やしの射精と中出しトレーニング～ [中国翻訳]
2026-10-02 02:10:48 - mkk_pika - main.py:35 - INFO - 开始检查(例大祭8)年増園へようこそVol.0 (東方Project) [中国翻訳]是否存在未下载章节
2026-10-02 02:10:48 - mkk_pika - main.py:45 - INFO - 正在下载:[(例大祭8)年増園へようこそVol.0 (東方Project) [中国翻訳]]-[zero戦 (xxzero)]-[['短篇', '同人', '東方']]-[total_pages:12]
2026-10-02 02:10:48 - mkk_pika - main.py:49 - INFO - [{'_id': '5d177828aa7ac231ab46d231', 'title': '第1集', 'order': 1, 'updated_at': '2019-06-29T11:55:51.204Z', 'id': '5d177828aa7ac231ab46d231'}]
2026-10-02 02:10:48 - mkk_pika - database.py:215 - INFO - 第一次下载该漫画，记录数据库中
2026-10-02 02:10:48 - mkk_pika - main.py:83 - INFO - 找到 12 张图片在:第1集
2026-10-02 02:10:49 - mkk_pika - main.py:112 - INFO - [episode:第1集       ] downloaded:    12, total:  12, progress:100%
2026-10-02 02:10:49 - mkk_pika - database.py:238 - INFO - 数据库更新已下载章节
2026-10-02 02:10:49 - mkk_pika - database.py:244 - INFO - 该漫画已下载章节如下
2026-10-02 02:10:49 - mkk_pika - database.py:245 - INFO - ['第1集']
2026-10-02 02:10:50 - mkk_pika - main.py:348 - INFO - ==================== 漫画信息 ====================
                                   漫画ID：5d177828aa7ac231ab46d230
                                   标题：(例大祭8)年増園へようこそVol.0 (東方Project) [中国翻訳]
                                   作者：zero戦 (xxzero)
                                   是否完结：是
                                   总页数：12
                                   分类：短篇,同人,東方
                                   章节数：1
                                   最后更新时间：2019-06-29T14:39:36.069Z
                                   =================================================
2026-10-02 02:10:50 - mkk_pika - database.py:101 - INFO - 保存成功：(例大祭8)年増園へようこそVol.0 (東方Project) [中国翻訳]
2026-10-02 02:10:50 - mkk_pika - main.py:35 - INFO - 开始检查(秋季例大祭4) 紫催眠 ～ユプノシス～ (東方Project) [中国翻訳]是否存在未下载章节
2026-10-02 02:10:50 - mkk_pika - main.py:45 - INFO - 正在下载:[(秋季例大祭4) 紫催眠 ～ユプノシス～ (東方Project) [中国翻訳]]-[気まぐれな化け猫 (ジェニガタ)]-[['短篇', '同人', '東方']]-[total_pages:33]
2026-10-02 02:10:50 - mkk_pika - main.py:49 - INFO - [{'_id': '5d17798b52add63194b94f1f', 'title': '第1集', 'order': 1, 'updated_at': '2019-06-29T12:09:44.055Z', 'id': '5d17798b52add63194b94f1f'}]
2026-10-02 02:10:50 - mkk_pika - database.py:215 - INFO - 第一次下载该漫画，记录数据库中
2026-10-02 02:10:51 - mkk_pika - main.py:83 - INFO - 找到 33 张图片在:第1集
2026-10-02 02:10:52 - mkk_pika - main.py:112 - INFO - [episode:第1集       ] downloaded:    33, total:  33, progress:100%
2026-10-02 02:10:52 - mkk_pika - database.py:238 - INFO - 数据库更新已下载章节
2026-10-02 02:10:52 - mkk_pika - database.py:244 - INFO - 该漫画已下载章节如下
2026-10-02 02:10:52 - mkk_pika - database.py:245 - INFO - ['第1集']
2026-10-02 02:10:53 - mkk_pika - main.py:348 - INFO - ==================== 漫画信息 ====================
                                   漫画ID：5d17798b52add63194b94f1e
                                   标题：(秋季例大祭4) 紫催眠 ～ユプノシス～ (東方Project) [中国翻訳]
                                   作者：気まぐれな化け猫 (ジェニガタ)
                                   是否完结：是
                                   总页数：33
                                   分类：短篇,同人,東方
                                   章节数：1
                                   最后更新时间：2019-06-29T14:45:31.427Z
                                   =================================================
2026-10-02 02:10:53 - mkk_pika - database.py:101 - INFO - 保存成功：(秋季例大祭4) 紫催眠 ～ユプノシス～ (東方Project) [中国翻訳]
2026-10-02 02:10:53 - mkk_pika - main.py:35 - INFO - 开始检查少女回春5是否存在未下载章节
2026-10-02 02:10:54 - mkk_pika - main.py:45 - INFO - 正在下载:[少女回春5]-[にのこや (にの子)]-[['短篇']]-[total_pages:72]
2026-10-02 02:10:54 - mkk_pika - main.py:49 - INFO - [{'_id': '5cfa5b37bd69252876b32028', 'title': '生肉', 'order': 1, 'updated_at': '2019-06-29T14:56:13.741Z', 'id': '5cfa5b37bd69252876b32028'}, {'_id': '5d177c0dd4f6b7319ab5cd60', 'title': '熟肉', 'order': 2, 'updated_at': '2019-06-29T12:52:16.142Z', 'id': '5d177c0dd4f6b7319ab5cd60'}]
2026-10-02 02:10:54 - mkk_pika - database.py:215 - INFO - 第一次下载该漫画，记录数据库中
2026-10-02 02:10:54 - mkk_pika - main.py:83 - INFO - 找到 34 张图片在:生肉
2026-10-02 02:10:56 - mkk_pika - main.py:112 - INFO - [episode:生肉        ] downloaded:    34, total:  34, progress:100%
2026-10-02 02:10:56 - mkk_pika - database.py:238 - INFO - 数据库更新已下载章节
2026-10-02 02:10:56 - mkk_pika - database.py:244 - INFO - 该漫画已下载章节如下
2026-10-02 02:10:56 - mkk_pika - database.py:245 - INFO - ['生肉']
2026-10-02 02:10:57 - mkk_pika - main.py:83 - INFO - 找到 38 张图片在:熟肉
2026-10-02 02:10:58 - mkk_pika - main.py:112 - INFO - [episode:熟肉        ] downloaded:    38, total:  38, progress:100%
2026-10-02 02:10:58 - mkk_pika - database.py:238 - INFO - 数据库更新已下载章节
2026-10-02 02:10:58 - mkk_pika - database.py:244 - INFO - 该漫画已下载章节如下
2026-10-02 02:10:58 - mkk_pika - database.py:245 - INFO - ['生肉', '熟肉']
2026-10-02 02:11:00 - mkk_pika - main.py:348 - INFO - ==================== 漫画信息 ====================
                                   漫画ID：5cfa5b37bd69252876b32027
                                   标题：少女回春5
                                   作者：にのこや (にの子)
                                   是否完结：否
                                   总页数：72
                                   分类：短篇
                                   章节数：2
                                   最后更新时间：2019-06-29T14:56:13.732Z
                                   =================================================
2026-10-02 02:11:00 - mkk_pika - database.py:101 - INFO - 保存成功：少女回春5
2026-10-02 02:11:00 - mkk_pika - main.py:35 - INFO - 开始检查蛸壺屋K-ON三部曲是否存在未下载章节
2026-10-02 02:11:00 - mkk_pika - main.py:45 - INFO - 正在下载:[蛸壺屋K-ON三部曲]-[蛸壺屋]-[['同人']]-[total_pages:175]
2026-10-02 02:11:00 - mkk_pika - main.py:49 - INFO - [{'_id': '5d177c2ad4f6b7319ab5cd87', 'title': '万引きJK生', 'order': 1, 'updated_at': '2019-06-29T13:03:41.577Z', 'id': '5d177c2ad4f6b7319ab5cd87'}, {'_id': '5d177c2ad4f6b7319ab5cd88', 'title': 'Reqiem 5 A Dream', 'order': 2, 'updated_at': '2019-06-29T13:07:17.570Z', 'id': '5d177c2ad4f6b7319ab5cd88'}, {'_id': '5d177c2ad4f6b7319ab5cd89', 'title': 'THAT IS IT', 'order': 3, 'updated_at': '2019-06-29T13:15:22.899Z', 'id': '5d177c2ad4f6b7319ab5cd89'}]
2026-10-02 02:11:00 - mkk_pika - database.py:215 - INFO - 第一次下载该漫画，记录数据库中
2026-10-02 02:11:01 - mkk_pika - main.py:83 - INFO - 找到 59 张图片在:万引きJK生
2026-10-02 02:11:03 - mkk_pika - main.py:112 - INFO - [episode:万引きJK生    ] downloaded:    59, total:  59, progress:100%
2026-10-02 02:11:03 - mkk_pika - database.py:238 - INFO - 数据库更新已下载章节
2026-10-02 02:11:03 - mkk_pika - database.py:244 - INFO - 该漫画已下载章节如下
2026-10-02 02:11:03 - mkk_pika - database.py:245 - INFO - ['万引きJK生']
2026-10-02 02:11:04 - mkk_pika - main.py:83 - INFO - 找到 58 张图片在:Reqiem5ADream
2026-10-02 02:11:07 - mkk_pika - main.py:112 - INFO - [episode:Reqiem 5 A Dream] downloaded:    58, total:  58, progress:100%
2026-10-02 02:11:07 - mkk_pika - database.py:238 - INFO - 数据库更新已下载章节
2026-10-02 02:11:07 - mkk_pika - database.py:244 - INFO - 该漫画已下载章节如下
2026-10-02 02:11:07 - mkk_pika - database.py:245 - INFO - ['万引きJK生', 'Reqiem 5 A Dream']
2026-10-02 02:11:08 - mkk_pika - main.py:83 - INFO - 找到 58 张图片在:THATISIT
2026-10-02 02:11:11 - mkk_pika - main.py:112 - INFO - [episode:THAT IS IT] downloaded:    58, total:  58, progress:100%
2026-10-02 02:11:11 - mkk_pika - database.py:238 - INFO - 数据库更新已下载章节
2026-10-02 02:11:11 - mkk_pika - database.py:244 - INFO - 该漫画已下载章节如下
2026-10-02 02:11:11 - mkk_pika - database.py:245 - INFO - ['万引きJK生', 'Reqiem 5 A Dream', 'THAT IS IT']
2026-10-02 02:11:12 - mkk_pika - main.py:348 - INFO - ==================== 漫画信息 ====================
                                   漫画ID：5d14e7f07f63b3400e7356ea
                                   标题：蛸壺屋K-ON三部曲
                                   作者：蛸壺屋
                                   是否完结：否
                                   总页数：175
                                   分类：同人
                                   章节数：3
                                   最后更新时间：2019-06-29T14:56:42.763Z
                                   =================================================
2026-10-02 02:11:12 - mkk_pika - database.py:101 - INFO - 保存成功：蛸壺屋K-ON三部曲
2026-10-02 02:11:12 - mkk_pika - main.py:35 - INFO - 开始检查(C79) (同人誌)俺と妹の200日戦争 (俺の妹がこんなに可愛いわけがない)是否存在未下载章节
2026-10-02 02:11:12 - mkk_pika - main.py:45 - INFO - 正在下载:[(C79) (同人誌)俺と妹の200日戦争 (俺の妹がこんなに可愛いわけがない)]-[ 蛸壺屋]-[['同人', '妹妹系']]-[total_pages:60]
2026-10-02 02:11:12 - mkk_pika - main.py:49 - INFO - [{'_id': '5d177c5752add63194b94f6a', 'title': '第1集', 'order': 1, 'updated_at': '2019-06-29T13:46:09.188Z', 'id': '5d177c5752add63194b94f6a'}]
2026-10-02 02:11:12 - mkk_pika - database.py:215 - INFO - 第一次下载该漫画，记录数据库中
2026-10-02 02:11:13 - mkk_pika - main.py:83 - INFO - 找到 60 张图片在:第1集
2026-10-02 02:11:15 - mkk_pika - main.py:112 - INFO - [episode:第1集       ] downloaded:    60, total:  60, progress:100%
2026-10-02 02:11:15 - mkk_pika - database.py:238 - INFO - 数据库更新已下载章节
2026-10-02 02:11:15 - mkk_pika - database.py:244 - INFO - 该漫画已下载章节如下
2026-10-02 02:11:15 - mkk_pika - database.py:245 - INFO - ['第1集']
2026-10-02 02:11:16 - mkk_pika - main.py:348 - INFO - ==================== 漫画信息 ====================
                                   漫画ID：5d177c5752add63194b94f69
                                   标题：(C79) (同人誌)俺と妹の200日戦争 (俺の妹がこんなに可愛いわけがない)
                                   作者： 蛸壺屋
                                   是否完结：否
                                   总页数：60
                                   分类：同人,妹妹系
                                   章节数：1
                                   最后更新时间：2019-06-29T14:57:27.634Z
                                   =================================================
2026-10-02 02:11:16 - mkk_pika - database.py:101 - INFO - 保存成功：(C79) (同人誌)俺と妹の200日戦争 (俺の妹がこんなに可愛いわけがない)
2026-10-02 02:11:16 - mkk_pika - main.py:35 - INFO - 开始检查 優しいカノジョ? (COMIC BAVEL 2019年6月号) [中国翻訳] [DL版]是否存在未下载章节
2026-10-02 02:11:16 - mkk_pika - main.py:45 - INFO - 正在下载:[ 優しいカノジョ? (COMIC BAVEL 2019年6月号) [中国翻訳] [DL版]]-[朝峰テル]-[['短篇', '純愛']]-[total_pages:23]
2026-10-02 02:11:16 - mkk_pika - main.py:49 - INFO - [{'_id': '5d18b3eb8c0e557ca49c6107', 'title': '第1集', 'order': 1, 'updated_at': '2019-06-29T15:15:05.017Z', 'id': '5d18b3eb8c0e557ca49c6107'}]
2026-10-02 02:11:16 - mkk_pika - database.py:215 - INFO - 第一次下载该漫画，记录数据库中
2026-10-02 02:11:17 - mkk_pika - main.py:83 - INFO - 找到 23 张图片在:第1集
2026-10-02 02:11:18 - mkk_pika - main.py:112 - INFO - [episode:第1集       ] downloaded:    23, total:  23, progress:100%
2026-10-02 02:11:18 - mkk_pika - database.py:238 - INFO - 数据库更新已下载章节
2026-10-02 02:11:18 - mkk_pika - database.py:244 - INFO - 该漫画已下载章节如下
2026-10-02 02:11:18 - mkk_pika - database.py:245 - INFO - ['第1集']
2026-10-02 02:11:19 - mkk_pika - main.py:348 - INFO - ==================== 漫画信息 ====================
                                   漫画ID：5d18b3eb8c0e557ca49c6106
                                   标题： 優しいカノジョ? (COMIC BAVEL 2019年6月号) [中国翻訳] [DL版]
                                   作者：朝峰テル
                                   是否完结：是
                                   总页数：23
                                   分类：短篇,純愛
                                   章节数：1
                                   最后更新时间：2019-06-30T13:06:51.652Z
                                   =================================================
2026-10-02 02:11:19 - mkk_pika - database.py:101 - INFO - 保存成功： 優しいカノジョ? (COMIC BAVEL 2019年6月号) [中国翻訳] [DL版]
2026-10-02 02:11:19 - mkk_pika - main.py:35 - INFO - 开始检查Puppet Club (悦楽の生贄) [中国翻訳]是否存在未下载章节
2026-10-02 02:11:19 - mkk_pika - main.py:45 - INFO - 正在下载:[Puppet Club (悦楽の生贄) [中国翻訳]]-[星野竜一]-[['短篇', '人妻', 'NTR']]-[total_pages:24]
2026-10-02 02:11:19 - mkk_pika - main.py:49 - INFO - [{'_id': '5d18b42a1eab167c91c9c922', 'title': '第1集', 'order': 1, 'updated_at': '2019-06-29T15:19:47.518Z', 'id': '5d18b42a1eab167c91c9c922'}]
2026-10-02 02:11:19 - mkk_pika - database.py:215 - INFO - 第一次下载该漫画，记录数据库中
2026-10-02 02:11:20 - mkk_pika - main.py:83 - INFO - 找到 24 张图片在:第1集
2026-10-02 02:11:21 - mkk_pika - main.py:112 - INFO - [episode:第1集       ] downloaded:    24, total:  24, progress:100%
2026-10-02 02:11:21 - mkk_pika - database.py:238 - INFO - 数据库更新已下载章节
2026-10-02 02:11:21 - mkk_pika - database.py:244 - INFO - 该漫画已下载章节如下
2026-10-02 02:11:21 - mkk_pika - database.py:245 - INFO - ['第1集']
2026-10-02 02:11:22 - mkk_pika - main.py:348 - INFO - ==================== 漫画信息 ====================
                                   漫画ID：5d18b42a1eab167c91c9c921
                                   标题：Puppet Club (悦楽の生贄) [中国翻訳]
                                   作者：星野竜一
                                   是否完结：是
                                   总页数：24
                                   分类：短篇,人妻,NTR
                                   章节数：1
                                   最后更新时间：2019-06-30T13:07:54.621Z
                                   =================================================
2026-10-02 02:11:22 - mkk_pika - database.py:101 - INFO - 保存成功：Puppet Club (悦楽の生贄) [中国翻訳]
2026-10-02 02:11:22 - mkk_pika - main.py:35 - INFO - 开始检查Teacher Teacher 2 [中国翻訳] [2019年1月19日]是否存在未下载章节
2026-10-02 02:11:22 - mkk_pika - main.py:45 - INFO - 正在下载:[Teacher Teacher 2 [中国翻訳] [2019年1月19日]]-[TwinBox (花花捲、草草饅)]-[['短篇', '全彩']]-[total_pages:28]
2026-10-02 02:11:22 - mkk_pika - main.py:49 - INFO - [{'_id': '5d18b440182c737c89817c96', 'title': '第1集', 'order': 1, 'updated_at': '2019-06-29T15:38:02.869Z', 'id': '5d18b440182c737c89817c96'}]
2026-10-02 02:11:22 - mkk_pika - database.py:215 - INFO - 第一次下载该漫画，记录数据库中
2026-10-02 02:11:23 - mkk_pika - main.py:83 - INFO - 找到 28 张图片在:第1集
2026-10-02 02:11:24 - mkk_pika - main.py:112 - INFO - [episode:第1集       ] downloaded:    28, total:  28, progress:100%
2026-10-02 02:11:24 - mkk_pika - database.py:238 - INFO - 数据库更新已下载章节
2026-10-02 02:11:24 - mkk_pika - database.py:244 - INFO - 该漫画已下载章节如下
2026-10-02 02:11:24 - mkk_pika - database.py:245 - INFO - ['第1集']
2026-10-02 02:11:25 - mkk_pika - main.py:348 - INFO - ==================== 漫画信息 ====================
                                   漫画ID：5d18b440182c737c89817c95
                                   标题：Teacher Teacher 2 [中国翻訳] [2019年1月19日]
                                   作者：TwinBox (花花捲、草草饅)
                                   是否完结：是
                                   总页数：28
                                   分类：短篇,全彩
                                   章节数：1
                                   最后更新时间：2019-06-30T13:08:16.409Z
                                   =================================================
2026-10-02 02:11:25 - mkk_pika - database.py:101 - INFO - 保存成功：Teacher Teacher 2 [中国翻訳] [2019年1月19日]
2026-10-02 02:11:25 - mkk_pika - main.py:35 - INFO - 开始检查(ぷにケット39)あやまってよ スイレンちゃん (ポケットモンスター サン・ムーン) [中国翻訳]是否存在未下载章节
2026-10-02 02:11:25 - mkk_pika - main.py:45 - INFO - 正在下载:[(ぷにケット39)あやまってよ スイレンちゃん (ポケットモンスター サン・ムーン) [中国翻訳]]-[全裸レストラン (縁山)]-[['短篇', '同人']]-[total_pages:23]
2026-10-02 02:11:25 - mkk_pika - main.py:49 - INFO - [{'_id': '5d18b4d01eab167c91c9ce19', 'title': '第1集', 'order': 1, 'updated_at': '2019-06-29T16:01:56.858Z', 'id': '5d18b4d01eab167c91c9ce19'}]
2026-10-02 02:11:25 - mkk_pika - database.py:215 - INFO - 第一次下载该漫画，记录数据库中
2026-10-02 02:11:26 - mkk_pika - main.py:83 - INFO - 找到 23 张图片在:第1集
2026-10-02 02:11:27 - mkk_pika - main.py:112 - INFO - [episode:第1集       ] downloaded:    23, total:  23, progress:100%
2026-10-02 02:11:27 - mkk_pika - database.py:238 - INFO - 数据库更新已下载章节
2026-10-02 02:11:27 - mkk_pika - database.py:244 - INFO - 该漫画已下载章节如下
2026-10-02 02:11:27 - mkk_pika - database.py:245 - INFO - ['第1集']
2026-10-02 02:11:28 - mkk_pika - main.py:348 - INFO - ==================== 漫画信息 ====================
                                   漫画ID：5d18b4d01eab167c91c9ce18
                                   标题：(ぷにケット39)あやまってよ スイレンちゃん (ポケットモンスター サン・ムーン) [中国翻訳]
                                   作者：全裸レストラン (縁山)
                                   是否完结：是
                                   总页数：23
                                   分类：短篇,同人
                                   章节数：1
                                   最后更新时间：2019-06-30T13:10:40.857Z
                                   =================================================
2026-10-02 02:11:28 - mkk_pika - database.py:101 - INFO - 保存成功：(ぷにケット39)あやまってよ スイレンちゃん (ポケットモンスター サン・ムーン) [中国翻訳]
2026-10-02 02:11:28 - mkk_pika - main.py:35 - INFO - 开始检查(C94) 浦本OMF [中国翻訳]是否存在未下载章节
2026-10-02 02:11:28 - mkk_pika - main.py:45 - INFO - 正在下载:[(C94) 浦本OMF [中国翻訳]]-[カズ屋 (由浦カズヤ)]-[['短篇', '扶他樂園', '非人類']]-[total_pages:22]
2026-10-02 02:11:28 - mkk_pika - main.py:49 - INFO - [{'_id': '5d18b5621eab167c91c9ce4b', 'title': '第1集', 'order': 1, 'updated_at': '2019-06-29T16:23:07.619Z', 'id': '5d18b5621eab167c91c9ce4b'}]
2026-10-02 02:11:28 - mkk_pika - database.py:215 - INFO - 第一次下载该漫画，记录数据库中
2026-10-02 02:11:29 - mkk_pika - main.py:83 - INFO - 找到 22 张图片在:第1集
2026-10-02 02:11:29 - mkk_pika - main.py:112 - INFO - [episode:第1集       ] downloaded:    22, total:  22, progress:100%
2026-10-02 02:11:29 - mkk_pika - database.py:238 - INFO - 数据库更新已下载章节
2026-10-02 02:11:29 - mkk_pika - database.py:244 - INFO - 该漫画已下载章节如下
2026-10-02 02:11:29 - mkk_pika - database.py:245 - INFO - ['第1集']
2026-10-02 02:11:31 - mkk_pika - main.py:348 - INFO - ==================== 漫画信息 ====================
                                   漫画ID：5d18b5621eab167c91c9ce4a
                                   标题：(C94) 浦本OMF [中国翻訳]
                                   作者：カズ屋 (由浦カズヤ)
                                   是否完结：是
                                   总页数：22
                                   分类：短篇,扶他樂園,非人類
                                   章节数：1
                                   最后更新时间：2019-06-30T13:13:06.346Z
                                   =================================================
2026-10-02 02:11:31 - mkk_pika - database.py:101 - INFO - 保存成功：(C94) 浦本OMF [中国翻訳]
2026-10-02 02:11:31 - mkk_pika - main.py:35 - INFO - 开始检查鳩を追いかけた (シャイニングスター) [中国翻訳][DL版]是否存在未下载章节
2026-10-02 02:11:31 - mkk_pika - main.py:45 - INFO - 正在下载:[鳩を追いかけた (シャイニングスター) [中国翻訳][DL版]]-[んがむらさん (お久しぶり)]-[['短篇', '同人', '強暴']]-[total_pages:25]
2026-10-02 02:11:31 - mkk_pika - main.py:49 - INFO - [{'_id': '5d18b578182c737c89817e66', 'title': '第1集', 'order': 1, 'updated_at': '2019-06-29T16:44:06.558Z', 'id': '5d18b578182c737c89817e66'}]
2026-10-02 02:11:31 - mkk_pika - database.py:215 - INFO - 第一次下载该漫画，记录数据库中
2026-10-02 02:11:31 - mkk_pika - main.py:83 - INFO - 找到 25 张图片在:第1集
2026-10-02 02:11:32 - mkk_pika - main.py:112 - INFO - [episode:第1集       ] downloaded:    25, total:  25, progress:100%
2026-10-02 02:11:32 - mkk_pika - database.py:238 - INFO - 数据库更新已下载章节
2026-10-02 02:11:32 - mkk_pika - database.py:244 - INFO - 该漫画已下载章节如下
2026-10-02 02:11:32 - mkk_pika - database.py:245 - INFO - ['第1集']
2026-10-02 02:11:34 - mkk_pika - main.py:348 - INFO - ==================== 漫画信息 ====================
                                   漫画ID：5d18b578182c737c89817e65
                                   标题：鳩を追いかけた (シャイニングスター) [中国翻訳][DL版]
                                   作者：んがむらさん (お久しぶり)
                                   是否完结：是
                                   总页数：25
                                   分类：短篇,同人,強暴
                                   章节数：1
                                   最后更新时间：2019-06-30T13:13:28.892Z
                                   =================================================
2026-10-02 02:11:34 - mkk_pika - database.py:101 - INFO - 保存成功：鳩を追いかけた (シャイニングスター) [中国翻訳][DL版]
2026-10-02 02:11:34 - mkk_pika - main.py:35 - INFO - 开始检查恋とバカとから騒ぎ (コミック エグゼ 18) [中国翻訳] [DL版]是否存在未下载章节
2026-10-02 02:11:34 - mkk_pika - main.py:45 - INFO - 正在下载:[恋とバカとから騒ぎ (コミック エグゼ 18) [中国翻訳] [DL版]]-[ゆずしこ]-[['短篇', '純愛']]-[total_pages:18]
2026-10-02 02:11:34 - mkk_pika - main.py:49 - INFO - [{'_id': '5d18b5928c0e557ca49c6207', 'title': '第1集', 'order': 1, 'updated_at': '2019-06-29T17:42:03.503Z', 'id': '5d18b5928c0e557ca49c6207'}]
2026-10-02 02:11:34 - mkk_pika - database.py:215 - INFO - 第一次下载该漫画，记录数据库中
2026-10-02 02:11:34 - mkk_pika - main.py:83 - INFO - 找到 18 张图片在:第1集
2026-10-02 02:11:35 - mkk_pika - main.py:112 - INFO - [episode:第1集       ] downloaded:    18, total:  18, progress:100%
2026-10-02 02:11:35 - mkk_pika - database.py:238 - INFO - 数据库更新已下载章节
2026-10-02 02:11:35 - mkk_pika - database.py:244 - INFO - 该漫画已下载章节如下
2026-10-02 02:11:35 - mkk_pika - database.py:245 - INFO - ['第1集']
2026-10-02 02:11:36 - mkk_pika - main.py:348 - INFO - ==================== 漫画信息 ====================
                                   漫画ID：5d18b5928c0e557ca49c6206
                                   标题：恋とバカとから騒ぎ (コミック エグゼ 18) [中国翻訳] [DL版]
                                   作者：ゆずしこ
                                   是否完结：是
                                   总页数：18
                                   分类：短篇,純愛
                                   章节数：1
                                   最后更新时间：2019-06-30T13:13:54.519Z
                                   =================================================
2026-10-02 02:11:36 - mkk_pika - database.py:101 - INFO - 保存成功：恋とバカとから騒ぎ (コミック エグゼ 18) [中国翻訳] [DL版]
2026-10-02 02:11:36 - mkk_pika - main.py:35 - INFO - 开始检查(C95)  三食バブみつき大家さん(JK) 1.5 [中国翻訳]是否存在未下载章节
2026-10-02 02:11:37 - mkk_pika - main.py:45 - INFO - 正在下载:[(C95)  三食バブみつき大家さん(JK) 1.5 [中国翻訳]]-[moco chouchou (ひさまくまこ)]-[['短篇']]-[total_pages:22]
2026-10-02 02:11:37 - mkk_pika - main.py:49 - INFO - [{'_id': '5d18b608182c737c89817e95', 'title': '第1集', 'order': 1, 'updated_at': '2019-06-29T18:25:00.544Z', 'id': '5d18b608182c737c89817e95'}]
2026-10-02 02:11:37 - mkk_pika - database.py:215 - INFO - 第一次下载该漫画，记录数据库中
2026-10-02 02:11:37 - mkk_pika - main.py:83 - INFO - 找到 22 张图片在:第1集
2026-10-02 02:11:38 - mkk_pika - main.py:112 - INFO - [episode:第1集       ] downloaded:    22, total:  22, progress:100%
2026-10-02 02:11:38 - mkk_pika - database.py:238 - INFO - 数据库更新已下载章节
2026-10-02 02:11:38 - mkk_pika - database.py:244 - INFO - 该漫画已下载章节如下
2026-10-02 02:11:38 - mkk_pika - database.py:245 - INFO - ['第1集']
2026-10-02 02:11:39 - mkk_pika - main.py:348 - INFO - ==================== 漫画信息 ====================
                                   漫画ID：5d18b608182c737c89817e94
                                   标题：(C95)  三食バブみつき大家さん(JK) 1.5 [中国翻訳]
                                   作者：moco chouchou (ひさまくまこ)
                                   是否完结：是
                                   总页数：22
                                   分类：短篇
                                   章节数：1
                                   最后更新时间：2019-06-30T13:15:52.634Z
                                   =================================================
2026-10-02 02:11:39 - mkk_pika - database.py:101 - INFO - 保存成功：(C95)  三食バブみつき大家さん(JK) 1.5 [中国翻訳]
2026-10-02 02:11:39 - mkk_pika - main.py:35 - INFO - 开始检查仮想童話はきけんがいっぱい!?夢見がちな少女編2 [中国翻訳] [DL版]是否存在未下载章节
2026-10-02 02:11:39 - mkk_pika - main.py:45 - INFO - 正在下载:[仮想童話はきけんがいっぱい!?夢見がちな少女編2 [中国翻訳] [DL版]]-[矢印キー (Meito)]-[['短篇']]-[total_pages:42]
2026-10-02 02:11:39 - mkk_pika - main.py:49 - INFO - [{'_id': '5d18b64e8c0e557ca49c629e', 'title': '第1集', 'order': 1, 'updated_at': '2019-06-29T18:37:23.121Z', 'id': '5d18b64e8c0e557ca49c629e'}]
2026-10-02 02:11:39 - mkk_pika - database.py:215 - INFO - 第一次下载该漫画，记录数据库中
2026-10-02 02:11:40 - mkk_pika - main.py:83 - INFO - 找到 42 张图片在:第1集
2026-10-02 02:11:42 - mkk_pika - main.py:112 - INFO - [episode:第1集       ] downloaded:    42, total:  42, progress:100%
2026-10-02 02:11:42 - mkk_pika - database.py:238 - INFO - 数据库更新已下载章节
2026-10-02 02:11:42 - mkk_pika - database.py:244 - INFO - 该漫画已下载章节如下
2026-10-02 02:11:42 - mkk_pika - database.py:245 - INFO - ['第1集']
2026-10-02 02:11:43 - mkk_pika - main.py:348 - INFO - ==================== 漫画信息 ====================
                                   漫画ID：5d18b64e8c0e557ca49c629d
                                   标题：仮想童話はきけんがいっぱい!?夢見がちな少女編2 [中国翻訳] [DL版]
                                   作者：矢印キー (Meito)
                                   是否完结：是
                                   总页数：42
                                   分类：短篇
                                   章节数：1
                                   最后更新时间：2019-06-30T13:17:02.864Z
                                   =================================================
2026-10-02 02:11:43 - mkk_pika - database.py:101 - INFO - 保存成功：仮想童話はきけんがいっぱい!?夢見がちな少女編2 [中国翻訳] [DL版]
2026-10-02 02:11:43 - mkk_pika - main.py:35 - INFO - 开始检查スカサハ師匠と恋人えっち 是否存在未下载章节
2026-10-02 02:11:43 - mkk_pika - main.py:45 - INFO - 正在下载:[スカサハ師匠と恋人えっち ]-[男根の里 (いっぱち)]-[['同人', '短篇', 'Fate', '純愛']]-[total_pages:53]
2026-10-02 02:11:43 - mkk_pika - main.py:49 - INFO - [{'_id': '5c131ee38b56ba66a274d0f2', 'title': '第1集', 'order': 1, 'updated_at': '2018-10-19T05:55:28.682Z', 'id': '5c131ee38b56ba66a274d0f2'}, {'_id': '5d18b6628c0e557ca49c62c9', 'title': '汉化', 'order': 2, 'updated_at': '2019-06-29T23:58:00.725Z', 'id': '5d18b6628c0e557ca49c62c9'}]
2026-10-02 02:11:43 - mkk_pika - database.py:215 - INFO - 第一次下载该漫画，记录数据库中
2026-10-02 02:11:43 - mkk_pika - main.py:83 - INFO - 找到 26 张图片在:第1集
2026-10-02 02:11:44 - mkk_pika - main.py:112 - INFO - [episode:第1集       ] downloaded:    26, total:  26, progress:100%
2026-10-02 02:11:44 - mkk_pika - database.py:238 - INFO - 数据库更新已下载章节
2026-10-02 02:11:44 - mkk_pika - database.py:244 - INFO - 该漫画已下载章节如下
2026-10-02 02:11:44 - mkk_pika - database.py:245 - INFO - ['第1集']
2026-10-02 02:11:46 - mkk_pika - main.py:83 - INFO - 找到 27 张图片在:汉化
2026-10-02 02:11:47 - mkk_pika - main.py:112 - INFO - [episode:汉化        ] downloaded:    27, total:  27, progress:100%
2026-10-02 02:11:47 - mkk_pika - database.py:238 - INFO - 数据库更新已下载章节
2026-10-02 02:11:47 - mkk_pika - database.py:244 - INFO - 该漫画已下载章节如下
2026-10-02 02:11:47 - mkk_pika - database.py:245 - INFO - ['第1集', '汉化']
2026-10-02 02:11:48 - mkk_pika - main.py:348 - INFO - ==================== 漫画信息 ====================
                                   漫画ID：5c131ee38b56ba66a274d0f1
                                   标题：スカサハ師匠と恋人えっち 
                                   作者：男根の里 (いっぱち)
                                   是否完结：是
                                   总页数：53
                                   分类：同人,短篇,Fate,純愛
                                   章节数：2
                                   最后更新时间：2019-06-30T13:17:22.557Z
                                   =================================================
2026-10-02 02:11:48 - mkk_pika - database.py:101 - INFO - 保存成功：スカサハ師匠と恋人えっち 
2026-10-02 02:11:48 - mkk_pika - main.py:35 - INFO - 开始检查(サンクリ2019 Summer) 親愛なるあなたへ (アズールレーン)是否存在未下载章节
2026-10-02 02:11:48 - mkk_pika - main.py:45 - INFO - 正在下载:[(サンクリ2019 Summer) 親愛なるあなたへ (アズールレーン)]-[いちごぱんつ (カグユヅ)]-[['短篇', '同人']]-[total_pages:25]
2026-10-02 02:11:48 - mkk_pika - main.py:49 - INFO - [{'_id': '5d18b687182c737c89817eae', 'title': '第1集', 'order': 1, 'updated_at': '2019-06-30T02:53:32.307Z', 'id': '5d18b687182c737c89817eae'}]
2026-10-02 02:11:48 - mkk_pika - database.py:215 - INFO - 第一次下载该漫画，记录数据库中
2026-10-02 02:11:49 - mkk_pika - main.py:83 - INFO - 找到 25 张图片在:第1集
2026-10-02 02:11:50 - mkk_pika - main.py:112 - INFO - [episode:第1集       ] downloaded:    25, total:  25, progress:100%
2026-10-02 02:11:50 - mkk_pika - database.py:238 - INFO - 数据库更新已下载章节
2026-10-02 02:11:50 - mkk_pika - database.py:244 - INFO - 该漫画已下载章节如下
2026-10-02 02:11:50 - mkk_pika - database.py:245 - INFO - ['第1集']
2026-10-02 02:11:51 - mkk_pika - main.py:348 - INFO - ==================== 漫画信息 ====================
                                   漫画ID：5d18b687182c737c89817ead
                                   标题：(サンクリ2019 Summer) 親愛なるあなたへ (アズールレーン)
                                   作者：いちごぱんつ (カグユヅ)
                                   是否完结：是
                                   总页数：25
                                   分类：短篇,同人
                                   章节数：1
                                   最后更新时间：2019-06-30T13:17:59.375Z
                                   =================================================
2026-10-02 02:11:51 - mkk_pika - database.py:101 - INFO - 保存成功：(サンクリ2019 Summer) 親愛なるあなたへ (アズールレーン)
2026-10-02 02:11:51 - mkk_pika - main.py:35 - INFO - 开始检查 仮想童話はきけんがいっぱい!?夢見がちな少女編1 [中国翻訳] [DL版]是否存在未下载章节
2026-10-02 02:11:51 - mkk_pika - main.py:45 - INFO - 正在下载:[ 仮想童話はきけんがいっぱい!?夢見がちな少女編1 [中国翻訳] [DL版]]-[矢印キー (Meito)]-[['短篇', '強暴']]-[total_pages:43]
2026-10-02 02:11:51 - mkk_pika - main.py:49 - INFO - [{'_id': '5d18b6f08c0e557ca49c62e6', 'title': '第1集', 'order': 1, 'updated_at': '2019-06-30T06:03:50.226Z', 'id': '5d18b6f08c0e557ca49c62e6'}]
2026-10-02 02:11:51 - mkk_pika - database.py:215 - INFO - 第一次下载该漫画，记录数据库中
2026-10-02 02:11:52 - mkk_pika - main.py:83 - INFO - 找到 43 张图片在:第1集
2026-10-02 02:11:53 - mkk_pika - main.py:112 - INFO - [episode:第1集       ] downloaded:    43, total:  43, progress:100%
2026-10-02 02:11:53 - mkk_pika - database.py:238 - INFO - 数据库更新已下载章节
2026-10-02 02:11:53 - mkk_pika - database.py:244 - INFO - 该漫画已下载章节如下
2026-10-02 02:11:53 - mkk_pika - database.py:245 - INFO - ['第1集']
2026-10-02 02:11:55 - mkk_pika - main.py:348 - INFO - ==================== 漫画信息 ====================
                                   漫画ID：5d18b6f08c0e557ca49c62e5
                                   标题： 仮想童話はきけんがいっぱい!?夢見がちな少女編1 [中国翻訳] [DL版]
                                   作者：矢印キー (Meito)
                                   是否完结：是
                                   总页数：43
                                   分类：短篇,強暴
                                   章节数：1
                                   最后更新时间：2019-06-30T13:19:44.174Z
                                   =================================================
2026-10-02 02:11:55 - mkk_pika - database.py:101 - INFO - 保存成功： 仮想童話はきけんがいっぱい!?夢見がちな少女編1 [中国翻訳] [DL版]
2026-10-02 02:11:55 - mkk_pika - main.py:35 - INFO - 开始检查(C93) 性の子種集め (Fate/Grand Order)是否存在未下载章节
2026-10-02 02:11:55 - mkk_pika - main.py:45 - INFO - 正在下载:[(C93) 性の子種集め (Fate/Grand Order)]-[出席番号26 (にろ)]-[['全彩', '短篇', '同人', '後宮閃光', 'Fate']]-[total_pages:23]
2026-10-02 02:11:55 - mkk_pika - main.py:49 - INFO - [{'_id': '5d18b70c182c737c89817ee5', 'title': '第1集', 'order': 1, 'updated_at': '2019-06-30T06:44:51.394Z', 'id': '5d18b70c182c737c89817ee5'}]
2026-10-02 02:11:55 - mkk_pika - database.py:215 - INFO - 第一次下载该漫画，记录数据库中
2026-10-02 02:11:55 - mkk_pika - main.py:83 - INFO - 找到 23 张图片在:第1集
2026-10-02 02:11:56 - mkk_pika - main.py:112 - INFO - [episode:第1集       ] downloaded:    23, total:  23, progress:100%
2026-10-02 02:11:56 - mkk_pika - database.py:238 - INFO - 数据库更新已下载章节
2026-10-02 02:11:56 - mkk_pika - database.py:244 - INFO - 该漫画已下载章节如下
2026-10-02 02:11:56 - mkk_pika - database.py:245 - INFO - ['第1集']
2026-10-02 02:11:57 - mkk_pika - main.py:348 - INFO - ==================== 漫画信息 ====================
                                   漫画ID：5d18b70c182c737c89817ee4
                                   标题：(C93) 性の子種集め (Fate/Grand Order)
                                   作者：出席番号26 (にろ)
                                   是否完结：是
                                   总页数：23
                                   分类：全彩,短篇,同人,後宮閃光,Fate
                                   章节数：1
                                   最后更新时间：2019-06-30T13:20:12.185Z
                                   =================================================
2026-10-02 02:11:57 - mkk_pika - database.py:101 - INFO - 保存成功：(C93) 性の子種集め (Fate/Grand Order)
2026-10-02 02:11:57 - mkk_pika - main.py:35 - INFO - 开始检查NOISE (戦姫絶唱シンフォギア) [DL版] +絶唱ステージコピー本 [中国翻訳]是否存在未下载章节
2026-10-02 02:11:58 - mkk_pika - main.py:45 - INFO - 正在下载:[NOISE (戦姫絶唱シンフォギア) [DL版] +絶唱ステージコピー本 [中国翻訳]]-[イカめし食堂 (イカめし)]-[['短篇', '同人', '非人類', '扶他樂園']]-[total_pages:32]
2026-10-02 02:11:58 - mkk_pika - main.py:49 - INFO - [{'_id': '5d18b7641eab167c91c9cfd3', 'title': '第1集', 'order': 1, 'updated_at': '2019-06-30T08:47:05.435Z', 'id': '5d18b7641eab167c91c9cfd3'}]
2026-10-02 02:11:58 - mkk_pika - database.py:215 - INFO - 第一次下载该漫画，记录数据库中
2026-10-02 02:11:58 - mkk_pika - main.py:83 - INFO - 找到 32 张图片在:第1集
2026-10-02 02:11:59 - mkk_pika - main.py:112 - INFO - [episode:第1集       ] downloaded:    32, total:  32, progress:100%
2026-10-02 02:11:59 - mkk_pika - database.py:238 - INFO - 数据库更新已下载章节
2026-10-02 02:11:59 - mkk_pika - database.py:244 - INFO - 该漫画已下载章节如下
2026-10-02 02:11:59 - mkk_pika - database.py:245 - INFO - ['第1集']
2026-10-02 02:12:01 - mkk_pika - main.py:348 - INFO - ==================== 漫画信息 ====================
                                   漫画ID：5d18b7641eab167c91c9cfd2
                                   标题：NOISE (戦姫絶唱シンフォギア) [DL版] +絶唱ステージコピー本 [中国翻訳]
                                   作者：イカめし食堂 (イカめし)
                                   是否完结：是
                                   总页数：32
                                   分类：短篇,同人,非人類,扶他樂園
                                   章节数：1
                                   最后更新时间：2019-06-30T13:21:40.297Z
                                   =================================================
2026-10-02 02:12:01 - mkk_pika - database.py:101 - INFO - 保存成功：NOISE (戦姫絶唱シンフォギア) [DL版] +絶唱ステージコピー本 [中国翻訳]
2026-10-02 02:12:01 - mkk_pika - main.py:35 - INFO - 开始检查(C95) おとこのこの性的消費問題実録レポート。 (東方Project) [中国翻訳]是否存在未下载章节
2026-10-02 02:12:01 - mkk_pika - main.py:45 - INFO - 正在下载:[(C95) おとこのこの性的消費問題実録レポート。 (東方Project) [中国翻訳]]-[ひなプリン (いくたたかのん)]-[['短篇', '純愛', '同人', '非人類', '東方']]-[total_pages:23]
2026-10-02 02:12:01 - mkk_pika - main.py:49 - INFO - [{'_id': '5d18b77f182c737c89817f12', 'title': '第1集', 'order': 1, 'updated_at': '2019-06-30T08:50:42.645Z', 'id': '5d18b77f182c737c89817f12'}]
2026-10-02 02:12:01 - mkk_pika - database.py:215 - INFO - 第一次下载该漫画，记录数据库中
2026-10-02 02:12:01 - mkk_pika - main.py:83 - INFO - 找到 23 张图片在:第1集
2026-10-02 02:12:02 - mkk_pika - main.py:112 - INFO - [episode:第1集       ] downloaded:    23, total:  23, progress:100%
2026-10-02 02:12:02 - mkk_pika - database.py:238 - INFO - 数据库更新已下载章节
2026-10-02 02:12:02 - mkk_pika - database.py:244 - INFO - 该漫画已下载章节如下
2026-10-02 02:12:02 - mkk_pika - database.py:245 - INFO - ['第1集']
2026-10-02 02:12:03 - mkk_pika - main.py:348 - INFO - ==================== 漫画信息 ====================
                                   漫画ID：5d18b77f182c737c89817f11
                                   标题：(C95) おとこのこの性的消費問題実録レポート。 (東方Project) [中国翻訳]
                                   作者：ひなプリン (いくたたかのん)
                                   是否完结：是
                                   总页数：23
                                   分类：短篇,純愛,同人,非人類,東方
                                   章节数：1
                                   最后更新时间：2019-06-30T13:22:07.456Z
                                   =================================================
2026-10-02 02:12:03 - mkk_pika - database.py:101 - INFO - 保存成功：(C95) おとこのこの性的消費問題実録レポート。 (東方Project) [中国翻訳]
2026-10-02 02:12:03 - mkk_pika - main.py:35 - INFO - 开始检查姬金魚草是否存在未下载章节
2026-10-02 02:12:03 - mkk_pika - main.py:45 - INFO - 正在下载:[姬金魚草]-[広弥]-[['短篇', '純愛']]-[total_pages:46]
2026-10-02 02:12:03 - mkk_pika - main.py:49 - INFO - [{'_id': '5d18b7cb1eab167c91c9d073', 'title': '第1集', 'order': 1, 'updated_at': '2019-06-30T08:55:10.941Z', 'id': '5d18b7cb1eab167c91c9d073'}, {'_id': '5d18b7cb1eab167c91c9d074', 'title': '第1集', 'order': 2, 'updated_at': '2019-06-30T08:58:20.418Z', 'id': '5d18b7cb1eab167c91c9d074'}]
2026-10-02 02:12:03 - mkk_pika - database.py:215 - INFO - 第一次下载该漫画，记录数据库中
2026-10-02 02:12:04 - mkk_pika - main.py:83 - INFO - 找到 23 张图片在:第1集
2026-10-02 02:12:05 - mkk_pika - main.py:112 - INFO - [episode:第1集       ] downloaded:    23, total:  23, progress:100%
2026-10-02 02:12:05 - mkk_pika - database.py:238 - INFO - 数据库更新已下载章节
2026-10-02 02:12:05 - mkk_pika - database.py:244 - INFO - 该漫画已下载章节如下
2026-10-02 02:12:05 - mkk_pika - database.py:245 - INFO - ['第1集']
2026-10-02 02:12:07 - mkk_pika - main.py:83 - INFO - 找到 23 张图片在:第1集
2026-10-02 02:12:07 - mkk_pika - main.py:112 - INFO - [episode:第1集       ] downloaded:    23, total:  23, progress:100%
2026-10-02 02:12:07 - mkk_pika - database.py:238 - INFO - 数据库更新已下载章节
2026-10-02 02:12:07 - mkk_pika - database.py:244 - INFO - 该漫画已下载章节如下
2026-10-02 02:12:07 - mkk_pika - database.py:245 - INFO - ['第1集', '第1集']
2026-10-02 02:12:08 - mkk_pika - main.py:348 - INFO - ==================== 漫画信息 ====================
                                   漫画ID：5d18b7cb1eab167c91c9d072
                                   标题：姬金魚草
                                   作者：広弥
                                   是否完结：是
                                   总页数：46
                                   分类：短篇,純愛
                                   章节数：2
                                   最后更新时间：2019-06-30T13:23:23.027Z
                                   =================================================
2026-10-02 02:12:08 - mkk_pika - database.py:101 - INFO - 保存成功：姬金魚草
2026-10-02 02:12:08 - mkk_pika - main.py:35 - INFO - 开始检查思春期のココロ 思春期的少女心是否存在未下载章节
2026-10-02 02:12:08 - mkk_pika - main.py:45 - INFO - 正在下载:[思春期のココロ 思春期的少女心]-[岡田コウ]-[['長篇', '短篇', '純愛', '妹妹系', '單行本']]-[total_pages:228]
2026-10-02 02:12:08 - mkk_pika - main.py:49 - INFO - [{'_id': '5d18b7df182c737c89817f2b', 'title': '射爆思春期少女的單行本', 'order': 1, 'updated_at': '2019-06-27T11:28:07.703Z', 'id': '5d18b7df182c737c89817f2b'}]
2026-10-02 02:12:08 - mkk_pika - database.py:215 - INFO - 第一次下载该漫画，记录数据库中
2026-10-02 02:12:10 - mkk_pika - main.py:83 - INFO - 找到 228 张图片在:射爆思春期少女的單行本
2026-10-02 02:12:17 - mkk_pika - main.py:112 - INFO - [episode:射爆思春期少女的單行本] downloaded:   228, total: 228, progress:100%
2026-10-02 02:12:17 - mkk_pika - database.py:238 - INFO - 数据库更新已下载章节
2026-10-02 02:12:17 - mkk_pika - database.py:244 - INFO - 该漫画已下载章节如下
2026-10-02 02:12:17 - mkk_pika - database.py:245 - INFO - ['射爆思春期少女的單行本']
2026-10-02 02:12:18 - mkk_pika - main.py:348 - INFO - ==================== 漫画信息 ====================
                                   漫画ID：5d18b7df182c737c89817f2a
                                   标题：思春期のココロ 思春期的少女心
                                   作者：岡田コウ
                                   是否完结：是
                                   总页数：228
                                   分类：長篇,短篇,純愛,妹妹系,單行本
                                   章节数：1
                                   最后更新时间：2019-06-30T13:23:43.028Z
                                   =================================================
2026-10-02 02:12:18 - mkk_pika - database.py:101 - INFO - 保存成功：思春期のココロ 思春期的少女心
2026-10-02 02:12:18 - mkk_pika - main.py:35 - INFO - 开始检查人妻教師とクズ生徒是否存在未下载章节
2026-10-02 02:12:18 - mkk_pika - main.py:45 - INFO - 正在下载:[人妻教師とクズ生徒]-[のびしろ]-[['短篇', '全彩', '人妻', 'NTR', '強暴']]-[total_pages:34]
2026-10-02 02:12:18 - mkk_pika - main.py:49 - INFO - [{'_id': '5d18b80e182c737c89818011', 'title': '第1集', 'order': 1, 'updated_at': '2019-06-30T10:36:31.137Z', 'id': '5d18b80e182c737c89818011'}]
2026-10-02 02:12:18 - mkk_pika - database.py:215 - INFO - 第一次下载该漫画，记录数据库中
2026-10-02 02:12:19 - mkk_pika - main.py:83 - INFO - 找到 34 张图片在:第1集
2026-10-02 02:12:20 - mkk_pika - main.py:112 - INFO - [episode:第1集       ] downloaded:    34, total:  34, progress:100%
2026-10-02 02:12:20 - mkk_pika - database.py:238 - INFO - 数据库更新已下载章节
2026-10-02 02:12:20 - mkk_pika - database.py:244 - INFO - 该漫画已下载章节如下
2026-10-02 02:12:20 - mkk_pika - database.py:245 - INFO - ['第1集']
2026-10-02 02:12:21 - mkk_pika - main.py:348 - INFO - ==================== 漫画信息 ====================
                                   漫画ID：5d18b80e182c737c89818010
                                   标题：人妻教師とクズ生徒
                                   作者：のびしろ
                                   是否完结：是
                                   总页数：34
                                   分类：短篇,全彩,人妻,NTR,強暴
                                   章节数：1
                                   最后更新时间：2019-06-30T13:24:30.925Z
                                   =================================================
2026-10-02 02:12:21 - mkk_pika - database.py:101 - INFO - 保存成功：人妻教師とクズ生徒
2026-10-02 02:12:21 - mkk_pika - main.py:35 - INFO - 开始检查カラダを差し出した女経営者 [中国翻訳]是否存在未下载章节
2026-10-02 02:12:22 - mkk_pika - main.py:45 - INFO - 正在下载:[カラダを差し出した女経営者 [中国翻訳]]-[Satyrion]-[['短篇', '全彩', '強暴']]-[total_pages:109]
2026-10-02 02:12:22 - mkk_pika - main.py:49 - INFO - [{'_id': '5d18b8348c0e557ca49c6388', 'title': '第1集', 'order': 1, 'updated_at': '2019-06-30T12:42:53.921Z', 'id': '5d18b8348c0e557ca49c6388'}]
2026-10-02 02:12:22 - mkk_pika - database.py:215 - INFO - 第一次下载该漫画，记录数据库中
2026-10-02 02:12:23 - mkk_pika - main.py:83 - INFO - 找到 109 张图片在:第1集
2026-10-02 02:12:26 - mkk_pika - main.py:112 - INFO - [episode:第1集       ] downloaded:   109, total: 109, progress:100%
2026-10-02 02:12:26 - mkk_pika - database.py:238 - INFO - 数据库更新已下载章节
2026-10-02 02:12:26 - mkk_pika - database.py:244 - INFO - 该漫画已下载章节如下
2026-10-02 02:12:26 - mkk_pika - database.py:245 - INFO - ['第1集']
2026-10-02 02:12:27 - mkk_pika - main.py:348 - INFO - ==================== 漫画信息 ====================
                                   漫画ID：5d18b8348c0e557ca49c6387
                                   标题：カラダを差し出した女経営者 [中国翻訳]
                                   作者：Satyrion
                                   是否完结：是
                                   总页数：109
                                   分类：短篇,全彩,強暴
                                   章节数：1
                                   最后更新时间：2019-06-30T13:25:08.544Z
                                   =================================================
2026-10-02 02:12:27 - mkk_pika - database.py:101 - INFO - 保存成功：カラダを差し出した女経営者 [中国翻訳]
2026-10-02 02:12:27 - mkk_pika - main.py:35 - INFO - 开始检查桜と小狼とウォーム・ボディーズ是否存在未下载章节
2026-10-02 02:12:28 - mkk_pika - main.py:45 - INFO - 正在下载:[桜と小狼とウォーム・ボディーズ]-[MURDER HOUSE (若穂りく)]-[['同人', '短篇', '純愛']]-[total_pages:26]
2026-10-02 02:12:28 - mkk_pika - main.py:49 - INFO - [{'_id': '5d18b8758c0e557ca49c64c6', 'title': '第1集', 'order': 1, 'updated_at': '2019-06-30T12:39:19.832Z', 'id': '5d18b8758c0e557ca49c64c6'}]
2026-10-02 02:12:28 - mkk_pika - database.py:215 - INFO - 第一次下载该漫画，记录数据库中
2026-10-02 02:12:28 - mkk_pika - main.py:83 - INFO - 找到 26 张图片在:第1集
2026-10-02 02:12:29 - mkk_pika - main.py:112 - INFO - [episode:第1集       ] downloaded:    26, total:  26, progress:100%
2026-10-02 02:12:29 - mkk_pika - database.py:238 - INFO - 数据库更新已下载章节
2026-10-02 02:12:29 - mkk_pika - database.py:244 - INFO - 该漫画已下载章节如下
2026-10-02 02:12:29 - mkk_pika - database.py:245 - INFO - ['第1集']
2026-10-02 02:12:30 - mkk_pika - main.py:348 - INFO - ==================== 漫画信息 ====================
                                   漫画ID：5d18b8758c0e557ca49c64c5
                                   标题：桜と小狼とウォーム・ボディーズ
                                   作者：MURDER HOUSE (若穂りく)
                                   是否完结：否
                                   总页数：26
                                   分类：同人,短篇,純愛
                                   章节数：1
                                   最后更新时间：2019-06-30T13:26:13.009Z
                                   =================================================
2026-10-02 02:12:30 - mkk_pika - database.py:101 - INFO - 保存成功：桜と小狼とウォーム・ボディーズ
2026-10-02 02:12:30 - mkk_pika - main.py:35 - INFO - 开始检查恋人関係にあったロシア人妹が寝取られた是否存在未下载章节
2026-10-02 02:12:30 - mkk_pika - main.py:45 - INFO - 正在下载:[恋人関係にあったロシア人妹が寝取られた]-[ペロシコス (ホウホケキヨ)]-[['全彩', '短篇', '強暴', 'NTR', '妹妹系']]-[total_pages:34]
2026-10-02 02:12:30 - mkk_pika - main.py:49 - INFO - [{'_id': '5d18f6631e59397ca93c6b1e', 'title': '第1集', 'order': 1, 'updated_at': '2019-06-30T13:35:39.993Z', 'id': '5d18f6631e59397ca93c6b1e'}]
2026-10-02 02:12:30 - mkk_pika - database.py:215 - INFO - 第一次下载该漫画，记录数据库中
2026-10-02 02:12:31 - mkk_pika - main.py:83 - INFO - 找到 34 张图片在:第1集
2026-10-02 02:12:32 - mkk_pika - main.py:112 - INFO - [episode:第1集       ] downloaded:    34, total:  34, progress:100%
2026-10-02 02:12:32 - mkk_pika - database.py:238 - INFO - 数据库更新已下载章节
2026-10-02 02:12:32 - mkk_pika - database.py:244 - INFO - 该漫画已下载章节如下
2026-10-02 02:12:32 - mkk_pika - database.py:245 - INFO - ['第1集']
2026-10-02 02:12:33 - mkk_pika - main.py:348 - INFO - ==================== 漫画信息 ====================
                                   漫画ID：5d18f6631e59397ca93c6b1d
                                   标题：恋人関係にあったロシア人妹が寝取られた
                                   作者：ペロシコス (ホウホケキヨ)
                                   是否完结：否
                                   总页数：34
                                   分类：全彩,短篇,強暴,NTR,妹妹系
                                   章节数：1
                                   最后更新时间：2019-06-30T17:50:27.128Z
                                   =================================================
2026-10-02 02:12:33 - mkk_pika - database.py:101 - INFO - 保存成功：恋人関係にあったロシア人妹が寝取られた
2026-10-02 02:12:33 - mkk_pika - main.py:35 - INFO - 开始检查ロリのヤり方 [中国語]是否存在未下载章节
2026-10-02 02:12:34 - mkk_pika - main.py:45 - INFO - 正在下载:[ロリのヤり方 [中国語]]-[NAiK]-[['短篇', '純愛']]-[total_pages:5]
2026-10-02 02:12:34 - mkk_pika - main.py:49 - INFO - [{'_id': '5d18f6e51e59397ca93c6b6a', 'title': '第1集', 'order': 1, 'updated_at': '2019-06-30T14:57:56.032Z', 'id': '5d18f6e51e59397ca93c6b6a'}]
2026-10-02 02:12:34 - mkk_pika - database.py:215 - INFO - 第一次下载该漫画，记录数据库中
2026-10-02 02:12:34 - mkk_pika - main.py:83 - INFO - 找到 5 张图片在:第1集
2026-10-02 02:12:34 - mkk_pika - main.py:112 - INFO - [episode:第1集       ] downloaded:     5, total:   5, progress:100%
2026-10-02 02:12:34 - mkk_pika - database.py:238 - INFO - 数据库更新已下载章节
2026-10-02 02:12:34 - mkk_pika - database.py:244 - INFO - 该漫画已下载章节如下
2026-10-02 02:12:34 - mkk_pika - database.py:245 - INFO - ['第1集']
2026-10-02 02:12:35 - mkk_pika - main.py:348 - INFO - ==================== 漫画信息 ====================
                                   漫画ID：5d18f6e51e59397ca93c6b69
                                   标题：ロリのヤり方 [中国語]
                                   作者：NAiK
                                   是否完结：否
                                   总页数：5
                                   分类：短篇,純愛
                                   章节数：1
                                   最后更新时间：2019-06-30T17:52:37.381Z
                                   =================================================
2026-10-02 02:12:35 - mkk_pika - database.py:101 - INFO - 保存成功：ロリのヤり方 [中国語]
2026-10-02 02:12:35 - mkk_pika - main.py:35 - INFO - 开始检查(C95)  師匠の甘い誘惑 (Fate Grand Order)是否存在未下载章节
2026-10-02 02:12:36 - mkk_pika - main.py:45 - INFO - 正在下载:[(C95)  師匠の甘い誘惑 (Fate Grand Order)]-[紅音色 (里美樹、焼フグ)]-[['同人', '短篇', 'Fate', '姐姐系']]-[total_pages:15]
2026-10-02 02:12:36 - mkk_pika - main.py:49 - INFO - [{'_id': '5c5d4717ad486f7e5da2b00b', 'title': '第1集', 'order': 1, 'updated_at': '2019-01-30T22:26:05.630Z', 'id': '5c5d4717ad486f7e5da2b00b'}, {'_id': '5d18f9da1e59397ca93c6d00', 'title': '汉化', 'order': 2, 'updated_at': '2019-06-30T15:08:32.080Z', 'id': '5d18f9da1e59397ca93c6d00'}]
2026-10-02 02:12:36 - mkk_pika - database.py:215 - INFO - 第一次下载该漫画，记录数据库中
2026-10-02 02:12:36 - mkk_pika - main.py:83 - INFO - 找到 14 张图片在:第1集
2026-10-02 02:12:37 - mkk_pika - main.py:112 - INFO - [episode:第1集       ] downloaded:    14, total:  14, progress:100%
2026-10-02 02:12:37 - mkk_pika - database.py:238 - INFO - 数据库更新已下载章节
2026-10-02 02:12:37 - mkk_pika - database.py:244 - INFO - 该漫画已下载章节如下
2026-10-02 02:12:37 - mkk_pika - database.py:245 - INFO - ['第1集']
2026-10-02 02:12:38 - mkk_pika - main.py:83 - INFO - 找到 15 张图片在:汉化
2026-10-02 02:12:39 - mkk_pika - main.py:112 - INFO - [episode:汉化        ] downloaded:    15, total:  15, progress:100%
2026-10-02 02:12:39 - mkk_pika - database.py:238 - INFO - 数据库更新已下载章节
2026-10-02 02:12:39 - mkk_pika - database.py:244 - INFO - 该漫画已下载章节如下
2026-10-02 02:12:39 - mkk_pika - database.py:245 - INFO - ['第1集', '汉化']
2026-10-02 02:12:40 - mkk_pika - main.py:348 - INFO - ==================== 漫画信息 ====================
                                   漫画ID：5c5d4717ad486f7e5da2b00a
                                   标题：(C95)  師匠の甘い誘惑 (Fate Grand Order)
                                   作者：紅音色 (里美樹、焼フグ)
                                   是否完结：是
                                   总页数：15
                                   分类：同人,短篇,Fate,姐姐系
                                   章节数：2
                                   最后更新时间：2019-06-30T18:05:14.231Z
                                   =================================================
2026-10-02 02:12:40 - mkk_pika - database.py:101 - INFO - 保存成功：(C95)  師匠の甘い誘惑 (Fate Grand Order)
2026-10-02 02:12:40 - mkk_pika - main.py:35 - INFO - 开始检查 卒業 (COMIC 夢幻転生 2019年5月号) [Chinese] 是否存在未下载章节
2026-10-02 02:12:40 - mkk_pika - main.py:45 - INFO - 正在下载:[ 卒業 (COMIC 夢幻転生 2019年5月号) [Chinese] ]-[ぞんだ]-[['短篇']]-[total_pages:33]
2026-10-02 02:12:40 - mkk_pika - main.py:49 - INFO - [{'_id': '5d18f9f61e59397ca93c6d11', 'title': '第1集', 'order': 1, 'updated_at': '2019-06-30T15:47:05.382Z', 'id': '5d18f9f61e59397ca93c6d11'}]
2026-10-02 02:12:40 - mkk_pika - database.py:215 - INFO - 第一次下载该漫画，记录数据库中
2026-10-02 02:12:41 - mkk_pika - main.py:83 - INFO - 找到 33 张图片在:第1集
2026-10-02 02:12:42 - mkk_pika - main.py:112 - INFO - [episode:第1集       ] downloaded:    33, total:  33, progress:100%
2026-10-02 02:12:42 - mkk_pika - database.py:238 - INFO - 数据库更新已下载章节
2026-10-02 02:12:42 - mkk_pika - database.py:244 - INFO - 该漫画已下载章节如下
2026-10-02 02:12:42 - mkk_pika - database.py:245 - INFO - ['第1集']
2026-10-02 02:12:43 - mkk_pika - main.py:348 - INFO - ==================== 漫画信息 ====================
                                   漫画ID：5d18f9f61e59397ca93c6d10
                                   标题： 卒業 (COMIC 夢幻転生 2019年5月号) [Chinese] 
                                   作者：ぞんだ
                                   是否完结：是
                                   总页数：33
                                   分类：短篇
                                   章节数：1
                                   最后更新时间：2019-06-30T18:05:42.236Z
                                   =================================================
2026-10-02 02:12:43 - mkk_pika - database.py:101 - INFO - 保存成功： 卒業 (COMIC 夢幻転生 2019年5月号) [Chinese] 
2026-10-02 02:12:43 - mkk_pika - main.py:35 - INFO - 开始检查淫魔の甘い罠 (コミックメガストアα 2019年3月号)是否存在未下载章节
2026-10-02 02:12:44 - mkk_pika - main.py:45 - INFO - 正在下载:[淫魔の甘い罠 (コミックメガストアα 2019年3月号)]-[釜ボコ]-[['全彩', '短篇', '非人類']]-[total_pages:9]
2026-10-02 02:12:44 - mkk_pika - main.py:49 - INFO - [{'_id': '5d18fa1d1e59397ca93c6d48', 'title': '第1集', 'order': 1, 'updated_at': '2019-06-30T15:56:13.947Z', 'id': '5d18fa1d1e59397ca93c6d48'}]
2026-10-02 02:12:44 - mkk_pika - database.py:215 - INFO - 第一次下载该漫画，记录数据库中
2026-10-02 02:12:44 - mkk_pika - main.py:83 - INFO - 找到 9 张图片在:第1集
2026-10-02 02:12:45 - mkk_pika - main.py:112 - INFO - [episode:第1集       ] downloaded:     9, total:   9, progress:100%
2026-10-02 02:12:45 - mkk_pika - database.py:238 - INFO - 数据库更新已下载章节
2026-10-02 02:12:45 - mkk_pika - database.py:244 - INFO - 该漫画已下载章节如下
2026-10-02 02:12:45 - mkk_pika - database.py:245 - INFO - ['第1集']
2026-10-02 02:12:46 - mkk_pika - main.py:348 - INFO - ==================== 漫画信息 ====================
                                   漫画ID：5d18fa1d1e59397ca93c6d47
                                   标题：淫魔の甘い罠 (コミックメガストアα 2019年3月号)
                                   作者：釜ボコ
                                   是否完结：是
                                   总页数：9
                                   分类：全彩,短篇,非人類
                                   章节数：1
                                   最后更新时间：2019-06-30T18:06:21.809Z
                                   =================================================
2026-10-02 02:12:46 - mkk_pika - database.py:101 - INFO - 保存成功：淫魔の甘い罠 (コミックメガストアα 2019年3月号)
2026-10-02 02:12:46 - mkk_pika - main.py:35 - INFO - 开始检查 彼女の妹が巨乳ミニスカJKで小悪魔系 [中国翻訳] [DL版]是否存在未下载章节
2026-10-02 02:12:46 - mkk_pika - main.py:45 - INFO - 正在下载:[ 彼女の妹が巨乳ミニスカJKで小悪魔系 [中国翻訳] [DL版]]-[アオヒモファミリア (ちると)]-[['短篇', '妹妹系']]-[total_pages:29]
2026-10-02 02:12:46 - mkk_pika - main.py:49 - INFO - [{'_id': '5d18fa651eab167c91c9d4c5', 'title': '第1集', 'order': 1, 'updated_at': '2019-06-30T16:14:32.078Z', 'id': '5d18fa651eab167c91c9d4c5'}]
2026-10-02 02:12:46 - mkk_pika - database.py:215 - INFO - 第一次下载该漫画，记录数据库中
2026-10-02 02:12:46 - mkk_pika - main.py:83 - INFO - 找到 29 张图片在:第1集
2026-10-02 02:12:47 - mkk_pika - main.py:112 - INFO - [episode:第1集       ] downloaded:    29, total:  29, progress:100%
2026-10-02 02:12:47 - mkk_pika - database.py:238 - INFO - 数据库更新已下载章节
2026-10-02 02:12:47 - mkk_pika - database.py:244 - INFO - 该漫画已下载章节如下
2026-10-02 02:12:47 - mkk_pika - database.py:245 - INFO - ['第1集']
2026-10-02 02:12:49 - mkk_pika - main.py:348 - INFO - ==================== 漫画信息 ====================
                                   漫画ID：5d18fa651eab167c91c9d4c4
                                   标题： 彼女の妹が巨乳ミニスカJKで小悪魔系 [中国翻訳] [DL版]
                                   作者：アオヒモファミリア (ちると)
                                   是否完结：是
                                   总页数：29
                                   分类：短篇,妹妹系
                                   章节数：1
                                   最后更新时间：2019-06-30T18:07:33.016Z
                                   =================================================
2026-10-02 02:12:49 - mkk_pika - database.py:101 - INFO - 保存成功： 彼女の妹が巨乳ミニスカJKで小悪魔系 [中国翻訳] [DL版]
2026-10-02 02:12:49 - mkk_pika - main.py:35 - INFO - 开始检查 (ふたけっと15)  トイレを借りにきただけなのに是否存在未下载章节
2026-10-02 02:12:49 - mkk_pika - main.py:45 - INFO - 正在下载:[ (ふたけっと15)  トイレを借りにきただけなのに]-[グラナダの空 (十はやみ)]-[['短篇', '扶他樂園']]-[total_pages:23]
2026-10-02 02:12:49 - mkk_pika - main.py:49 - INFO - [{'_id': '5d18fac6182c737c8981857e', 'title': '第1集', 'order': 1, 'updated_at': '2019-06-30T16:36:32.448Z', 'id': '5d18fac6182c737c8981857e'}]
2026-10-02 02:12:49 - mkk_pika - database.py:215 - INFO - 第一次下载该漫画，记录数据库中
2026-10-02 02:12:50 - mkk_pika - main.py:83 - INFO - 找到 23 张图片在:第1集
2026-10-02 02:12:51 - mkk_pika - main.py:112 - INFO - [episode:第1集       ] downloaded:    23, total:  23, progress:100%
2026-10-02 02:12:51 - mkk_pika - database.py:238 - INFO - 数据库更新已下载章节
2026-10-02 02:12:51 - mkk_pika - database.py:244 - INFO - 该漫画已下载章节如下
2026-10-02 02:12:51 - mkk_pika - database.py:245 - INFO - ['第1集']
2026-10-02 02:12:52 - mkk_pika - main.py:348 - INFO - ==================== 漫画信息 ====================
                                   漫画ID：5d18fac6182c737c8981857d
                                   标题： (ふたけっと15)  トイレを借りにきただけなのに
                                   作者：グラナダの空 (十はやみ)
                                   是否完结：是
                                   总页数：23
                                   分类：短篇,扶他樂園
                                   章节数：1
                                   最后更新时间：2019-06-30T18:09:10.886Z
                                   =================================================
2026-10-02 02:12:52 - mkk_pika - database.py:101 - INFO - 保存成功： (ふたけっと15)  トイレを借りにきただけなのに
2026-10-02 02:12:52 - mkk_pika - main.py:35 - INFO - 开始检查母として妻として 是否存在未下载章节
2026-10-02 02:12:52 - mkk_pika - main.py:45 - INFO - 正在下载:[母として妻として ]-[NTラボ]-[['短篇', '人妻', 'NTR']]-[total_pages:34]
2026-10-02 02:12:52 - mkk_pika - main.py:49 - INFO - [{'_id': '5d199f0f182c737c898187a4', 'title': '第1集', 'order': 1, 'updated_at': '2019-07-01T04:14:41.199Z', 'id': '5d199f0f182c737c898187a4'}]
2026-10-02 02:12:52 - mkk_pika - database.py:215 - INFO - 第一次下载该漫画，记录数据库中
2026-10-02 02:12:53 - mkk_pika - main.py:83 - INFO - 找到 34 张图片在:第1集
2026-10-02 02:12:54 - mkk_pika - main.py:112 - INFO - [episode:第1集       ] downloaded:    34, total:  34, progress:100%
2026-10-02 02:12:54 - mkk_pika - database.py:238 - INFO - 数据库更新已下载章节
2026-10-02 02:12:54 - mkk_pika - database.py:244 - INFO - 该漫画已下载章节如下
2026-10-02 02:12:54 - mkk_pika - database.py:245 - INFO - ['第1集']
2026-10-02 02:12:55 - mkk_pika - main.py:348 - INFO - ==================== 漫画信息 ====================
                                   漫画ID：5d199f0f182c737c898187a3
                                   标题：母として妻として 
                                   作者：NTラボ
                                   是否完结：否
                                   总页数：34
                                   分类：短篇,人妻,NTR
                                   章节数：1
                                   最后更新时间：2019-07-01T05:50:07.246Z
                                   =================================================
2026-10-02 02:12:55 - mkk_pika - database.py:101 - INFO - 保存成功：母として妻として 
2026-10-02 02:12:55 - mkk_pika - main.py:35 - INFO - 开始检查(C95)  カークとホビーの駆逐艦リフレ (アズールレーン) [中国翻訳]是否存在未下载章节
2026-10-02 02:12:55 - mkk_pika - main.py:45 - INFO - 正在下载:[(C95)  カークとホビーの駆逐艦リフレ (アズールレーン) [中国翻訳]]-[ふなたいむ (幸奈ふな)]-[['短篇', '同人']]-[total_pages:23]
2026-10-02 02:12:55 - mkk_pika - main.py:49 - INFO - [{'_id': '5d1a278c431b954d50895d16', 'title': '第1集', 'order': 1, 'updated_at': '2019-07-01T07:52:41.537Z', 'id': '5d1a278c431b954d50895d16'}]
2026-10-02 02:12:55 - mkk_pika - database.py:215 - INFO - 第一次下载该漫画，记录数据库中
2026-10-02 02:12:56 - mkk_pika - main.py:83 - INFO - 找到 23 张图片在:第1集
2026-10-02 02:12:57 - mkk_pika - main.py:112 - INFO - [episode:第1集       ] downloaded:    23, total:  23, progress:100%
2026-10-02 02:12:57 - mkk_pika - database.py:238 - INFO - 数据库更新已下载章节
2026-10-02 02:12:57 - mkk_pika - database.py:244 - INFO - 该漫画已下载章节如下
2026-10-02 02:12:57 - mkk_pika - database.py:245 - INFO - ['第1集']
2026-10-02 02:12:58 - mkk_pika - main.py:348 - INFO - ==================== 漫画信息 ====================
                                   漫画ID：5d1a278c431b954d50895d15
                                   标题：(C95)  カークとホビーの駆逐艦リフレ (アズールレーン) [中国翻訳]
                                   作者：ふなたいむ (幸奈ふな)
                                   是否完结：是
                                   总页数：23
                                   分类：短篇,同人
                                   章节数：1
                                   最后更新时间：2019-07-01T15:32:28.112Z
                                   =================================================
2026-10-02 02:12:58 - mkk_pika - database.py:101 - INFO - 保存成功：(C95)  カークとホビーの駆逐艦リフレ (アズールレーン) [中国翻訳]
2026-10-02 02:12:58 - mkk_pika - main.py:35 - INFO - 开始检查(COMIC1☆11) 師匠に甘えるなら今しかないっ是否存在未下载章节
2026-10-02 02:12:58 - mkk_pika - main.py:45 - INFO - 正在下载:[(COMIC1☆11) 師匠に甘えるなら今しかないっ]-[L.G.C. (リブユウキ)]-[['短篇', '同人', '足の恋', 'Fate']]-[total_pages:54]
2026-10-02 02:12:58 - mkk_pika - main.py:49 - INFO - [{'_id': '5c1ca75f8b360a606904002f', 'title': '第1集', 'order': 1, 'updated_at': '2018-11-02T03:15:26.838Z', 'id': '5c1ca75f8b360a606904002f'}, {'_id': '5d1a27c6d6cffa4d44f6f894', 'title': '汉化', 'order': 2, 'updated_at': '2019-07-01T09:16:33.403Z', 'id': '5d1a27c6d6cffa4d44f6f894'}]
2026-10-02 02:12:58 - mkk_pika - database.py:215 - INFO - 第一次下载该漫画，记录数据库中
2026-10-02 02:12:58 - mkk_pika - main.py:83 - INFO - 找到 24 张图片在:第1集
2026-10-02 02:12:59 - mkk_pika - main.py:112 - INFO - [episode:第1集       ] downloaded:    24, total:  24, progress:100%
2026-10-02 02:12:59 - mkk_pika - database.py:238 - INFO - 数据库更新已下载章节
2026-10-02 02:12:59 - mkk_pika - database.py:244 - INFO - 该漫画已下载章节如下
2026-10-02 02:12:59 - mkk_pika - database.py:245 - INFO - ['第1集']
2026-10-02 02:13:01 - mkk_pika - main.py:83 - INFO - 找到 30 张图片在:汉化
2026-10-02 02:13:02 - mkk_pika - main.py:112 - INFO - [episode:汉化        ] downloaded:    30, total:  30, progress:100%
2026-10-02 02:13:02 - mkk_pika - database.py:238 - INFO - 数据库更新已下载章节
2026-10-02 02:13:02 - mkk_pika - database.py:244 - INFO - 该漫画已下载章节如下
2026-10-02 02:13:02 - mkk_pika - database.py:245 - INFO - ['第1集', '汉化']
2026-10-02 02:13:04 - mkk_pika - main.py:348 - INFO - ==================== 漫画信息 ====================
                                   漫画ID：5c1ca75e8b360a606904002e
                                   标题：(COMIC1☆11) 師匠に甘えるなら今しかないっ
                                   作者：L.G.C. (リブユウキ)
                                   是否完结：是
                                   总页数：54
                                   分类：短篇,同人,足の恋,Fate
                                   章节数：2
                                   最后更新时间：2019-07-01T15:33:26.293Z
                                   =================================================
2026-10-02 02:13:04 - mkk_pika - database.py:101 - INFO - 保存成功：(COMIC1☆11) 師匠に甘えるなら今しかないっ
2026-10-02 02:13:04 - mkk_pika - main.py:35 - INFO - 开始检查ふたよつ是否存在未下载章节
2026-10-02 02:13:04 - mkk_pika - main.py:45 - INFO - 正在下载:[ふたよつ]-[su1ka]-[['短篇', '非人類']]-[total_pages:5]
2026-10-02 02:13:04 - mkk_pika - main.py:49 - INFO - [{'_id': '5d1a27e8e26eff4d3eb7b372', 'title': '第1集', 'order': 1, 'updated_at': '2019-07-01T09:28:54.474Z', 'id': '5d1a27e8e26eff4d3eb7b372'}]
2026-10-02 02:13:04 - mkk_pika - database.py:215 - INFO - 第一次下载该漫画，记录数据库中
2026-10-02 02:13:04 - mkk_pika - main.py:83 - INFO - 找到 25 张图片在:第1集
2026-10-02 02:13:05 - mkk_pika - main.py:112 - INFO - [episode:第1集       ] downloaded:    25, total:  25, progress:100%
2026-10-02 02:13:05 - mkk_pika - database.py:238 - INFO - 数据库更新已下载章节
2026-10-02 02:13:05 - mkk_pika - database.py:244 - INFO - 该漫画已下载章节如下
2026-10-02 02:13:05 - mkk_pika - database.py:245 - INFO - ['第1集']
2026-10-02 02:13:06 - mkk_pika - main.py:348 - INFO - ==================== 漫画信息 ====================
                                   漫画ID：5d1a27e8e26eff4d3eb7b371
                                   标题：ふたよつ
                                   作者：su1ka
                                   是否完结：否
                                   总页数：5
                                   分类：短篇,非人類
                                   章节数：1
                                   最后更新时间：2019-07-01T15:34:00.025Z
                                   =================================================
2026-10-02 02:13:06 - mkk_pika - database.py:101 - INFO - 保存成功：ふたよつ
2026-10-02 02:13:06 - mkk_pika - main.py:35 - INFO - 开始检查スキノシルシ 很喜歡的證明是否存在未下载章节
2026-10-02 02:13:07 - mkk_pika - main.py:45 - INFO - 正在下载:[スキノシルシ 很喜歡的證明]-[羽原ヒロ]-[['長篇', '純愛', '短篇', '單行本', '姐姐系', '妹妹系']]-[total_pages:195]
2026-10-02 02:13:07 - mkk_pika - main.py:49 - INFO - [{'_id': '5d1a27f4e26eff4d3eb7b38d', 'title': '純愛H的單行本', 'order': 1, 'updated_at': '2019-06-27T11:05:54.024Z', 'id': '5d1a27f4e26eff4d3eb7b38d'}]
2026-10-02 02:13:07 - mkk_pika - database.py:215 - INFO - 第一次下载该漫画，记录数据库中
2026-10-02 02:13:08 - mkk_pika - main.py:83 - INFO - 找到 195 张图片在:純愛H的單行本
2026-10-02 02:13:14 - mkk_pika - main.py:112 - INFO - [episode:純愛H的單行本   ] downloaded:   195, total: 195, progress:100%
2026-10-02 02:13:14 - mkk_pika - database.py:238 - INFO - 数据库更新已下载章节
2026-10-02 02:13:14 - mkk_pika - database.py:244 - INFO - 该漫画已下载章节如下
2026-10-02 02:13:14 - mkk_pika - database.py:245 - INFO - ['純愛H的單行本']
2026-10-02 02:13:15 - mkk_pika - main.py:348 - INFO - ==================== 漫画信息 ====================
                                   漫画ID：5d1a27f4e26eff4d3eb7b38c
                                   标题：スキノシルシ 很喜歡的證明
                                   作者：羽原ヒロ
                                   是否完结：是
                                   总页数：195
                                   分类：長篇,純愛,短篇,單行本,姐姐系,妹妹系
                                   章节数：1
                                   最后更新时间：2019-07-01T15:34:12.392Z
                                   =================================================
2026-10-02 02:13:15 - mkk_pika - database.py:101 - INFO - 保存成功：スキノシルシ 很喜歡的證明
2026-10-02 02:13:15 - mkk_pika - main.py:35 - INFO - 开始检查秘書艦イクちゃんの専属性感マッサージ -箝口令4-是否存在未下载章节
2026-10-02 02:13:15 - mkk_pika - main.py:45 - INFO - 正在下载:[秘書艦イクちゃんの専属性感マッサージ -箝口令4-]-[C.R's NEST (しーあーる)]-[['同人', '短篇', '艦隊收藏', '足の恋']]-[total_pages:19]
2026-10-02 02:13:15 - mkk_pika - main.py:49 - INFO - [{'_id': '5d1a2878e26eff4d3eb7b4ff', 'title': '第1集', 'order': 1, 'updated_at': '2019-07-01T12:52:07.135Z', 'id': '5d1a2878e26eff4d3eb7b4ff'}]
2026-10-02 02:13:15 - mkk_pika - database.py:215 - INFO - 第一次下载该漫画，记录数据库中
2026-10-02 02:13:16 - mkk_pika - main.py:83 - INFO - 找到 19 张图片在:第1集
2026-10-02 02:13:17 - mkk_pika - main.py:112 - INFO - [episode:第1集       ] downloaded:    19, total:  19, progress:100%
2026-10-02 02:13:17 - mkk_pika - database.py:238 - INFO - 数据库更新已下载章节
2026-10-02 02:13:17 - mkk_pika - database.py:244 - INFO - 该漫画已下载章节如下
2026-10-02 02:13:17 - mkk_pika - database.py:245 - INFO - ['第1集']
2026-10-02 02:13:18 - mkk_pika - main.py:348 - INFO - ==================== 漫画信息 ====================
                                   漫画ID：5d1a2878e26eff4d3eb7b4fe
                                   标题：秘書艦イクちゃんの専属性感マッサージ -箝口令4-
                                   作者：C.R's NEST (しーあーる)
                                   是否完结：否
                                   总页数：19
                                   分类：同人,短篇,艦隊收藏,足の恋
                                   章节数：1
                                   最后更新时间：2019-07-01T15:36:24.330Z
                                   =================================================
2026-10-02 02:13:18 - mkk_pika - database.py:101 - INFO - 保存成功：秘書艦イクちゃんの専属性感マッサージ -箝口令4-
2026-10-02 02:13:18 - mkk_pika - main.py:35 - INFO - 开始检查瀬戸内のむろみさん是否存在未下载章节
2026-10-02 02:13:19 - mkk_pika - main.py:45 - INFO - 正在下载:[瀬戸内のむろみさん]-[C.R's NEST (しーあーる)]-[['同人', '短篇', '非人類']]-[total_pages:28]
2026-10-02 02:13:19 - mkk_pika - main.py:49 - INFO - [{'_id': '5d1a28a0431b954d50895d83', 'title': '第1集', 'order': 1, 'updated_at': '2019-07-01T13:08:32.391Z', 'id': '5d1a28a0431b954d50895d83'}]
2026-10-02 02:13:19 - mkk_pika - database.py:215 - INFO - 第一次下载该漫画，记录数据库中
2026-10-02 02:13:19 - mkk_pika - main.py:83 - INFO - 找到 28 张图片在:第1集
2026-10-02 02:13:20 - mkk_pika - main.py:112 - INFO - [episode:第1集       ] downloaded:    28, total:  28, progress:100%
2026-10-02 02:13:20 - mkk_pika - database.py:238 - INFO - 数据库更新已下载章节
2026-10-02 02:13:20 - mkk_pika - database.py:244 - INFO - 该漫画已下载章节如下
2026-10-02 02:13:20 - mkk_pika - database.py:245 - INFO - ['第1集']
2026-10-02 02:13:21 - mkk_pika - main.py:348 - INFO - ==================== 漫画信息 ====================
                                   漫画ID：5d1a28a0431b954d50895d82
                                   标题：瀬戸内のむろみさん
                                   作者：C.R's NEST (しーあーる)
                                   是否完结：否
                                   总页数：28
                                   分类：同人,短篇,非人類
                                   章节数：1
                                   最后更新时间：2019-07-01T15:37:04.446Z
                                   =================================================
2026-10-02 02:13:21 - mkk_pika - database.py:101 - INFO - 保存成功：瀬戸内のむろみさん
2026-10-02 02:13:21 - mkk_pika - main.py:35 - INFO - 开始检查沖田さんで素直に射精する本(Fate/Grand Order) [中国翻訳]是否存在未下载章节
2026-10-02 02:13:22 - mkk_pika - main.py:45 - INFO - 正在下载:[沖田さんで素直に射精する本(Fate/Grand Order) [中国翻訳]]-[瓢屋 (もみお)]-[['短篇', '同人', 'Fate']]-[total_pages:31]
2026-10-02 02:13:22 - mkk_pika - main.py:49 - INFO - [{'_id': '5d1a28b0e26eff4d3eb7b517', 'title': '第1集', 'order': 1, 'updated_at': '2019-07-01T13:27:22.064Z', 'id': '5d1a28b0e26eff4d3eb7b517'}]
2026-10-02 02:13:22 - mkk_pika - database.py:215 - INFO - 第一次下载该漫画，记录数据库中
2026-10-02 02:13:22 - mkk_pika - main.py:83 - INFO - 找到 31 张图片在:第1集
2026-10-02 02:13:24 - mkk_pika - main.py:112 - INFO - [episode:第1集       ] downloaded:    31, total:  31, progress:100%
2026-10-02 02:13:24 - mkk_pika - database.py:238 - INFO - 数据库更新已下载章节
2026-10-02 02:13:24 - mkk_pika - database.py:244 - INFO - 该漫画已下载章节如下
2026-10-02 02:13:24 - mkk_pika - database.py:245 - INFO - ['第1集']
2026-10-02 02:13:25 - mkk_pika - main.py:348 - INFO - ==================== 漫画信息 ====================
                                   漫画ID：5d1a28b0e26eff4d3eb7b516
                                   标题：沖田さんで素直に射精する本(Fate/Grand Order) [中国翻訳]
                                   作者：瓢屋 (もみお)
                                   是否完结：是
                                   总页数：31
                                   分类：短篇,同人,Fate
                                   章节数：1
                                   最后更新时间：2019-07-01T15:37:20.982Z
                                   =================================================
2026-10-02 02:13:25 - mkk_pika - database.py:101 - INFO - 保存成功：沖田さんで素直に射精する本(Fate/Grand Order) [中国翻訳]
2026-10-02 02:13:25 - mkk_pika - main.py:35 - INFO - 开始检查雨の中走り出せ (はぴねすチャージ・ぷにぺどっ！小梅ぐみ)是否存在未下载章节
2026-10-02 02:13:25 - mkk_pika - main.py:45 - INFO - 正在下载:[雨の中走り出せ (はぴねすチャージ・ぷにぺどっ！小梅ぐみ)]-[こけこっこ★こま]-[['短篇', '強暴']]-[total_pages:17]
2026-10-02 02:13:25 - mkk_pika - main.py:49 - INFO - [{'_id': '5d1a4c06db3db55470dfd857', 'title': '第1集', 'order': 1, 'updated_at': '2019-07-01T17:16:16.305Z', 'id': '5d1a4c06db3db55470dfd857'}]
2026-10-02 02:13:25 - mkk_pika - database.py:215 - INFO - 第一次下载该漫画，记录数据库中
2026-10-02 02:13:25 - mkk_pika - main.py:83 - INFO - 找到 17 张图片在:第1集
2026-10-02 02:13:26 - mkk_pika - main.py:112 - INFO - [episode:第1集       ] downloaded:    17, total:  17, progress:100%
2026-10-02 02:13:26 - mkk_pika - database.py:238 - INFO - 数据库更新已下载章节
2026-10-02 02:13:26 - mkk_pika - database.py:244 - INFO - 该漫画已下载章节如下
2026-10-02 02:13:26 - mkk_pika - database.py:245 - INFO - ['第1集']
2026-10-02 02:13:27 - mkk_pika - main.py:348 - INFO - ==================== 漫画信息 ====================
                                   漫画ID：5d1a4c06db3db55470dfd856
                                   标题：雨の中走り出せ (はぴねすチャージ・ぷにぺどっ！小梅ぐみ)
                                   作者：こけこっこ★こま
                                   是否完结：是
                                   总页数：17
                                   分类：短篇,強暴
                                   章节数：1
                                   最后更新时间：2019-07-01T18:08:06.004Z
                                   =================================================
2026-10-02 02:13:27 - mkk_pika - database.py:101 - INFO - 保存成功：雨の中走り出せ (はぴねすチャージ・ぷにぺどっ！小梅ぐみ)
2026-10-02 02:13:27 - mkk_pika - main.py:380 - INFO - 本次任务下载完毕
2026-10-02 02:13:27 - mkk_pika - database.py:173 - INFO - 数据库连接已关闭
