2026-09-29 02:32:59 - mkk_pika - main.py:193 - INFO - =======================================================================
2026-09-29 02:32:59 - mkk_pika - database.py:61 - INFO - 表和索引初始化成功
2026-09-29 02:32:59 - mkk_pika - main.py:197 - INFO - 已经累计下载21879本漫画
2026-09-29 02:33:00 - mkk_pika - api.py:87 - INFO - 登录成功
2026-09-29 02:33:00 - mkk_pika - main.py:203 - INFO - 收藏夹共计0本漫画
2026-09-29 02:33:00 - mkk_pika - main.py:206 - INFO - 开始下载收藏夹内未下载内容
2026-09-29 02:33:00 - mkk_pika - main.py:266 - INFO - 收藏夹内容下载完毕
2026-09-29 02:33:00 - mkk_pika - main.py:268 - INFO - 开始下载订阅内容
2026-09-29 02:33:00 - mkk_pika - database.py:258 - INFO - 根据ID查询到标题：萝莉 -> 八朔 [DL版]
2026-09-29 02:33:01 - mkk_pika - database.py:101 - INFO - 保存成功：八朔 [DL版]
2026-09-29 02:33:01 - mkk_pika - main.py:273 - INFO - 关键词萝莉找到1本漫画
2026-09-29 02:33:01 - mkk_pika - database.py:258 - INFO - 根据ID查询到标题：蘿莉 -> ギデオンちゃん擬人化えちほっぺ同人作品 | 基迪恩酱拟人化色色嘟嘟脸同人作品
2026-09-29 02:33:02 - mkk_pika - database.py:101 - INFO - 保存成功：異世界セイカンセラピスト
2026-09-29 02:33:02 - mkk_pika - main.py:273 - INFO - 关键词蘿莉找到4本漫画
2026-09-29 02:33:02 - mkk_pika - main.py:275 - INFO - 订阅内容共计5本漫画
2026-09-29 02:33:02 - mkk_pika - main.py:35 - INFO - 开始检查おじさんとのエッチにハマっちゃった女の子| 沉迷于和大叔做爱的女孩 [中国翻訳]是否存在未下载章节
2026-09-29 02:33:02 - mkk_pika - database.py:203 - INFO - 查询数据库中是否已存在熟肉
2026-09-29 02:33:02 - mkk_pika - main.py:51 - INFO - おじさんとのエッチにハマっちゃった女の子| 沉迷于和大叔做爱的女孩 [中国翻訳]中没有可下载章节
2026-09-29 02:33:02 - mkk_pika - main.py:292 - INFO - ==================== 漫画信息 ====================
                                漫画ID：6ab29da0b060df0a51c37655
                                标题：おじさんとのエッチにハマっちゃった女の子| 沉迷于和大叔做爱的女孩 [中国翻訳]
                                作者：木小屋Me (きごみー)
                                是否完结：是
                                总页数：33
                                分类：短篇
                                章节数：1
                                最后更新时间：2026-09-22T15:24:16.617Z
                                =================================================
2026-09-29 02:33:02 - mkk_pika - database.py:101 - INFO - 保存成功：おじさんとのエッチにハマっちゃった女の子| 沉迷于和大叔做爱的女孩 [中国翻訳]
2026-09-29 02:33:02 - mkk_pika - main.py:35 - INFO - 开始检查イブキちゃんと楽しい秘密授業 (ブルーアーカイブ)是否存在未下载章节
2026-09-29 02:33:03 - mkk_pika - main.py:45 - INFO - 正在下载:[イブキちゃんと楽しい秘密授業 (ブルーアーカイブ)]-[アルネム]-[['同人', '短篇']]-[total_pages:-1]
2026-09-29 02:33:03 - mkk_pika - main.py:49 - INFO - [{'_id': '6aba98a422f5d73a55fa8886', 'title': '第1話', 'order': 1, 'updated_at': '2026-09-27T15:08:10.341Z', 'id': '6aba98a422f5d73a55fa8886'}]
2026-09-29 02:33:03 - mkk_pika - database.py:215 - INFO - 第一次下载该漫画，记录数据库中
2026-09-29 02:33:03 - mkk_pika - main.py:83 - INFO - 找到 15 张图片在:第1話
2026-09-29 02:33:05 - mkk_pika - main.py:112 - INFO - [episode:第1話       ] downloaded:    15, total:  15, progress:100%
2026-09-29 02:33:05 - mkk_pika - database.py:238 - INFO - 数据库更新已下载章节
2026-09-29 02:33:05 - mkk_pika - database.py:244 - INFO - 该漫画已下载章节如下
2026-09-29 02:33:05 - mkk_pika - database.py:245 - INFO - ['第1話']
2026-09-29 02:33:06 - mkk_pika - main.py:292 - INFO - ==================== 漫画信息 ====================
                                漫画ID：6aba98a422f5d73a55fa8885
                                标题：イブキちゃんと楽しい秘密授業 (ブルーアーカイブ)
                                作者：アルネム
                                是否完结：是
                                总页数：15
                                分类：同人,短篇
                                章节数：1
                                最后更新时间：2026-09-28T16:41:08.595Z
                                =================================================
2026-09-29 02:33:06 - mkk_pika - database.py:101 - INFO - 保存成功：イブキちゃんと楽しい秘密授業 (ブルーアーカイブ)
2026-09-29 02:33:06 - mkk_pika - main.py:35 - INFO - 开始检查異世界セイカンセラピスト是否存在未下载章节
2026-09-29 02:33:06 - mkk_pika - main.py:45 - INFO - 正在下载:[異世界セイカンセラピスト]-[INS-mode (天凪青磁)]-[['長篇']]-[total_pages:-1]
2026-09-29 02:33:06 - mkk_pika - main.py:49 - INFO - [{'_id': '67f3a92fcd8aaa1f92d8b865', 'title': '第1話', 'order': 1, 'updated_at': '2025-04-06T12:31:41.582Z', 'id': '67f3a92fcd8aaa1f92d8b865'}, {'_id': '6aba989fbd67673a44846330', 'title': '第2話', 'order': 2, 'updated_at': '2026-09-28T15:53:05.752Z', 'id': '6aba989fbd67673a44846330'}]
2026-09-29 02:33:06 - mkk_pika - database.py:215 - INFO - 第一次下载该漫画，记录数据库中
2026-09-29 02:33:07 - mkk_pika - main.py:83 - INFO - 找到 36 张图片在:第1話
2026-09-29 02:33:09 - mkk_pika - main.py:112 - INFO - [episode:第1話       ] downloaded:    36, total:  36, progress:100%
2026-09-29 02:33:09 - mkk_pika - database.py:238 - INFO - 数据库更新已下载章节
2026-09-29 02:33:09 - mkk_pika - database.py:244 - INFO - 该漫画已下载章节如下
2026-09-29 02:33:09 - mkk_pika - database.py:245 - INFO - ['第1話']
2026-09-29 02:33:11 - mkk_pika - main.py:83 - INFO - 找到 34 张图片在:第2話
2026-09-29 02:33:13 - mkk_pika - main.py:112 - INFO - [episode:第2話       ] downloaded:    34, total:  34, progress:100%
2026-09-29 02:33:13 - mkk_pika - database.py:238 - INFO - 数据库更新已下载章节
2026-09-29 02:33:13 - mkk_pika - database.py:244 - INFO - 该漫画已下载章节如下
2026-09-29 02:33:13 - mkk_pika - database.py:245 - INFO - ['第1話', '第2話']
2026-09-29 02:33:14 - mkk_pika - main.py:292 - INFO - ==================== 漫画信息 ====================
                                漫画ID：67f3a92fcd8aaa1f92d8b864
                                标题：異世界セイカンセラピスト
                                作者：INS-mode (天凪青磁)
                                是否完结：是
                                总页数：70
                                分类：長篇
                                章节数：2
                                最后更新时间：2026-09-28T16:41:03.095Z
                                =================================================
2026-09-29 02:33:14 - mkk_pika - database.py:101 - INFO - 保存成功：異世界セイカンセラピスト
2026-09-29 02:33:14 - mkk_pika - main.py:35 - INFO - 开始检查ろ出是否存在未下载章节
2026-09-29 02:33:15 - mkk_pika - main.py:45 - INFO - 正在下载:[ろ出]-[やみなべ]-[['短篇']]-[total_pages:-1]
2026-09-29 02:33:15 - mkk_pika - main.py:49 - INFO - [{'_id': '6aba980ce3c7723a0577672d', 'title': '第1話', 'order': 1, 'updated_at': '2026-09-28T13:12:51.392Z', 'id': '6aba980ce3c7723a0577672d'}]
2026-09-29 02:33:15 - mkk_pika - database.py:215 - INFO - 第一次下载该漫画，记录数据库中
2026-09-29 02:33:15 - mkk_pika - main.py:83 - INFO - 找到 25 张图片在:第1話
2026-09-29 02:33:18 - mkk_pika - main.py:112 - INFO - [episode:第1話       ] downloaded:    25, total:  25, progress:100%
2026-09-29 02:33:18 - mkk_pika - database.py:238 - INFO - 数据库更新已下载章节
2026-09-29 02:33:18 - mkk_pika - database.py:244 - INFO - 该漫画已下载章节如下
2026-09-29 02:33:18 - mkk_pika - database.py:245 - INFO - ['第1話']
2026-09-29 02:33:20 - mkk_pika - main.py:292 - INFO - ==================== 漫画信息 ====================
                                漫画ID：6aba980ce3c7723a0577672c
                                标题：ろ出
                                作者：やみなべ
                                是否完结：否
                                总页数：25
                                分类：短篇
                                章节数：1
                                最后更新时间：2026-09-28T16:38:36.936Z
                                =================================================
2026-09-29 02:33:20 - mkk_pika - database.py:101 - INFO - 保存成功：ろ出
2026-09-29 02:33:20 - mkk_pika - main.py:35 - INFO - 开始检查勤労奨励ご奉仕JS地域交流制度2 ~美少女姉妹SEX編~是否存在未下载章节
2026-09-29 02:33:20 - mkk_pika - main.py:45 - INFO - 正在下载:[勤労奨励ご奉仕JS地域交流制度2 ~美少女姉妹SEX編~]-[臨終サーカス (はぐはぐ)]-[['短篇', '強暴', '非人類']]-[total_pages:-1]
2026-09-29 02:33:20 - mkk_pika - main.py:49 - INFO - [{'_id': '6aba9621699baf3c5d4ba449', 'title': '第1話', 'order': 1, 'updated_at': '2026-09-28T09:43:24.122Z', 'id': '6aba9621699baf3c5d4ba449'}]
2026-09-29 02:33:20 - mkk_pika - database.py:215 - INFO - 第一次下载该漫画，记录数据库中
2026-09-29 02:33:21 - mkk_pika - main.py:83 - INFO - 找到 38 张图片在:第1話
2026-09-29 02:33:24 - mkk_pika - main.py:112 - INFO - [episode:第1話       ] downloaded:    38, total:  38, progress:100%
2026-09-29 02:33:24 - mkk_pika - database.py:238 - INFO - 数据库更新已下载章节
2026-09-29 02:33:24 - mkk_pika - database.py:244 - INFO - 该漫画已下载章节如下
2026-09-29 02:33:24 - mkk_pika - database.py:245 - INFO - ['第1話']
2026-09-29 02:33:26 - mkk_pika - main.py:292 - INFO - ==================== 漫画信息 ====================
                                漫画ID：6aba9621699baf3c5d4ba448
                                标题：勤労奨励ご奉仕JS地域交流制度2 ~美少女姉妹SEX編~
                                作者：臨終サーカス (はぐはぐ)
                                是否完结：是
                                总页数：38
                                分类：短篇,強暴,非人類
                                章节数：1
                                最后更新时间：2026-09-28T16:30:25.967Z
                                =================================================
2026-09-29 02:33:26 - mkk_pika - database.py:101 - INFO - 保存成功：勤労奨励ご奉仕JS地域交流制度2 ~美少女姉妹SEX編~
2026-09-29 02:33:26 - mkk_pika - main.py:323 - INFO - 订阅内容内容下载完毕
2026-09-29 02:33:26 - mkk_pika - main.py:324 - INFO - 开始分批下载全部章节
2026-09-29 02:33:26 - mkk_pika - database.py:280 - INFO - 表和索引初始化成功
2026-09-29 02:33:26 - mkk_pika - main.py:177 - INFO - 已经下载了1709页，一共7177页，现在开始添加第1710页
2026-09-29 02:33:27 - mkk_pika - database.py:318 - INFO - 保存成功
2026-09-29 02:33:27 - mkk_pika - main.py:177 - INFO - 已经下载了1710页，一共7177页，现在开始添加第1711页
2026-09-29 02:33:28 - mkk_pika - database.py:318 - INFO - 保存成功
2026-09-29 02:33:28 - mkk_pika - main.py:177 - INFO - 已经下载了1711页，一共7177页，现在开始添加第1712页
2026-09-29 02:33:29 - mkk_pika - database.py:318 - INFO - 保存成功
2026-09-29 02:33:29 - mkk_pika - main.py:177 - INFO - 已经下载了1712页，一共7177页，现在开始添加第1713页
2026-09-29 02:33:29 - mkk_pika - database.py:318 - INFO - 保存成功
2026-09-29 02:33:30 - mkk_pika - main.py:177 - INFO - 已经下载了1713页，一共7177页，现在开始添加第1714页
2026-09-29 02:33:30 - mkk_pika - database.py:318 - INFO - 保存成功
2026-09-29 02:33:31 - mkk_pika - main.py:177 - INFO - 已经下载了1714页，一共7177页，现在开始添加第1715页
2026-09-29 02:33:31 - mkk_pika - database.py:318 - INFO - 保存成功
2026-09-29 02:33:31 - mkk_pika - main.py:177 - INFO - 已经下载了1715页，一共7177页，现在开始添加第1716页
2026-09-29 02:33:32 - mkk_pika - database.py:318 - INFO - 保存成功
2026-09-29 02:33:32 - mkk_pika - main.py:331 - INFO - 分批下载共计64本漫画
2026-09-29 02:33:32 - mkk_pika - main.py:35 - INFO - 开始检查 堕落のエルフ姫 オアナニーナ [中国翻訳]是否存在未下载章节
2026-09-29 02:33:32 - mkk_pika - main.py:45 - INFO - 正在下载:[ 堕落のエルフ姫 オアナニーナ [中国翻訳]]-[Studio TAGATA (よんたろう)]-[['全彩', '短篇', '非人類', '強暴']]-[total_pages:80]
2026-09-29 02:33:32 - mkk_pika - main.py:49 - INFO - [{'_id': '5d060fe89eab272ad845fe89', 'title': '第1集', 'order': 1, 'updated_at': '2019-06-15T07:46:31.144Z', 'id': '5d060fe89eab272ad845fe89'}]
2026-09-29 02:33:32 - mkk_pika - database.py:215 - INFO - 第一次下载该漫画，记录数据库中
2026-09-29 02:33:33 - mkk_pika - main.py:83 - INFO - 找到 80 张图片在:第1集
2026-09-29 02:33:38 - mkk_pika - main.py:112 - INFO - [episode:第1集       ] downloaded:    80, total:  80, progress:100%
2026-09-29 02:33:38 - mkk_pika - database.py:238 - INFO - 数据库更新已下载章节
2026-09-29 02:33:38 - mkk_pika - database.py:244 - INFO - 该漫画已下载章节如下
2026-09-29 02:33:38 - mkk_pika - database.py:245 - INFO - ['第1集']
2026-09-29 02:33:39 - mkk_pika - main.py:348 - INFO - ==================== 漫画信息 ====================
                                   漫画ID：5d060fe89eab272ad845fe88
                                   标题： 堕落のエルフ姫 オアナニーナ [中国翻訳]
                                   作者：Studio TAGATA (よんたろう)
                                   是否完结：是
                                   总页数：80
                                   分类：全彩,短篇,非人類,強暴
                                   章节数：1
                                   最后更新时间：2019-06-16T09:46:16.196Z
                                   =================================================
2026-09-29 02:33:39 - mkk_pika - database.py:101 - INFO - 保存成功： 堕落のエルフ姫 オアナニーナ [中国翻訳]
2026-09-29 02:33:39 - mkk_pika - main.py:35 - INFO - 开始检查 Valkyrie out broken shield (崩壊3rd) 是否存在未下载章节
2026-09-29 02:33:40 - mkk_pika - main.py:45 - INFO - 正在下载:[ Valkyrie out broken shield (崩壊3rd) ]-[Mist Night (Co_Ma)]-[['全彩', '短篇', '同人', '非人類']]-[total_pages:10]
2026-09-29 02:33:40 - mkk_pika - main.py:49 - INFO - [{'_id': '5d060ff39eab272ad845fedb', 'title': '第1集', 'order': 1, 'updated_at': '2019-06-16T08:09:18.161Z', 'id': '5d060ff39eab272ad845fedb'}]
2026-09-29 02:33:40 - mkk_pika - database.py:215 - INFO - 第一次下载该漫画，记录数据库中
2026-09-29 02:33:40 - mkk_pika - main.py:83 - INFO - 找到 10 张图片在:第1集
2026-09-29 02:33:41 - mkk_pika - main.py:112 - INFO - [episode:第1集       ] downloaded:    10, total:  10, progress:100%
2026-09-29 02:33:41 - mkk_pika - database.py:238 - INFO - 数据库更新已下载章节
2026-09-29 02:33:41 - mkk_pika - database.py:244 - INFO - 该漫画已下载章节如下
2026-09-29 02:33:41 - mkk_pika - database.py:245 - INFO - ['第1集']
2026-09-29 02:33:42 - mkk_pika - main.py:348 - INFO - ==================== 漫画信息 ====================
                                   漫画ID：5d060ff39eab272ad845feda
                                   标题： Valkyrie out broken shield (崩壊3rd) 
                                   作者：Mist Night (Co_Ma)
                                   是否完结：是
                                   总页数：10
                                   分类：全彩,短篇,同人,非人類
                                   章节数：1
                                   最后更新时间：2019-06-16T09:46:27.003Z
                                   =================================================
2026-09-29 02:33:42 - mkk_pika - database.py:101 - INFO - 保存成功： Valkyrie out broken shield (崩壊3rd) 
2026-09-29 02:33:42 - mkk_pika - main.py:35 - INFO - 开始检查 Beginning rubber [中国翻訳]是否存在未下载章节
2026-09-29 02:33:42 - mkk_pika - main.py:45 - INFO - 正在下载:[ Beginning rubber [中国翻訳]]-[妄想美術部 (しょーやん)]-[['全彩', '短篇']]-[total_pages:14]
2026-09-29 02:33:42 - mkk_pika - main.py:49 - INFO - [{'_id': '5d06100a6189352ac7704f0d', 'title': '第1集', 'order': 1, 'updated_at': '2019-06-16T08:28:29.955Z', 'id': '5d06100a6189352ac7704f0d'}]
2026-09-29 02:33:42 - mkk_pika - database.py:215 - INFO - 第一次下载该漫画，记录数据库中
2026-09-29 02:33:43 - mkk_pika - main.py:83 - INFO - 找到 14 张图片在:第1集
2026-09-29 02:33:44 - mkk_pika - main.py:112 - INFO - [episode:第1集       ] downloaded:    14, total:  14, progress:100%
2026-09-29 02:33:44 - mkk_pika - database.py:238 - INFO - 数据库更新已下载章节
2026-09-29 02:33:44 - mkk_pika - database.py:244 - INFO - 该漫画已下载章节如下
2026-09-29 02:33:44 - mkk_pika - database.py:245 - INFO - ['第1集']
2026-09-29 02:33:45 - mkk_pika - main.py:348 - INFO - ==================== 漫画信息 ====================
                                   漫画ID：5d06100a6189352ac7704f0c
                                   标题： Beginning rubber [中国翻訳]
                                   作者：妄想美術部 (しょーやん)
                                   是否完结：是
                                   总页数：14
                                   分类：全彩,短篇
                                   章节数：1
                                   最后更新时间：2019-06-16T09:46:50.333Z
                                   =================================================
2026-09-29 02:33:45 - mkk_pika - database.py:101 - INFO - 保存成功： Beginning rubber [中国翻訳]
2026-09-29 02:33:45 - mkk_pika - main.py:35 - INFO - 开始检查Gypsophila是否存在未下载章节
2026-09-29 02:33:46 - mkk_pika - main.py:45 - INFO - 正在下载:[Gypsophila]-[TwinBox (花花捲、草草饅)]-[['全彩', '短篇']]-[total_pages:18]
2026-09-29 02:33:46 - mkk_pika - main.py:49 - INFO - [{'_id': '5d0610ead95f1a2ac1267962', 'title': '第1集', 'order': 1, 'updated_at': '2019-06-16T07:12:42.498Z', 'id': '5d0610ead95f1a2ac1267962'}]
2026-09-29 02:33:46 - mkk_pika - database.py:215 - INFO - 第一次下载该漫画，记录数据库中
2026-09-29 02:33:46 - mkk_pika - main.py:83 - INFO - 找到 18 张图片在:第1集
2026-09-29 02:33:47 - mkk_pika - main.py:112 - INFO - [episode:第1集       ] downloaded:    18, total:  18, progress:100%
2026-09-29 02:33:47 - mkk_pika - database.py:238 - INFO - 数据库更新已下载章节
2026-09-29 02:33:47 - mkk_pika - database.py:244 - INFO - 该漫画已下载章节如下
2026-09-29 02:33:47 - mkk_pika - database.py:245 - INFO - ['第1集']
2026-09-29 02:33:48 - mkk_pika - main.py:348 - INFO - ==================== 漫画信息 ====================
                                   漫画ID：5d0610ead95f1a2ac1267961
                                   标题：Gypsophila
                                   作者：TwinBox (花花捲、草草饅)
                                   是否完结：是
                                   总页数：18
                                   分类：全彩,短篇
                                   章节数：1
                                   最后更新时间：2019-06-16T09:50:34.320Z
                                   =================================================
2026-09-29 02:33:48 - mkk_pika - database.py:101 - INFO - 保存成功：Gypsophila
2026-09-29 02:33:48 - mkk_pika - main.py:35 - INFO - 开始检查あまあまおくさま是否存在未下载章节
2026-09-29 02:33:49 - mkk_pika - main.py:45 - INFO - 正在下载:[あまあまおくさま]-[グラナダの空 (十はやみ)]-[['短篇', '扶他樂園']]-[total_pages:23]
2026-09-29 02:33:49 - mkk_pika - main.py:49 - INFO - [{'_id': '5d0610fe6189352ac77050a4', 'title': '第1集', 'order': 1, 'updated_at': '2019-06-16T07:17:30.247Z', 'id': '5d0610fe6189352ac77050a4'}]
2026-09-29 02:33:49 - mkk_pika - database.py:215 - INFO - 第一次下载该漫画，记录数据库中
2026-09-29 02:33:49 - mkk_pika - main.py:83 - INFO - 找到 23 张图片在:第1集
2026-09-29 02:33:51 - mkk_pika - main.py:112 - INFO - [episode:第1集       ] downloaded:    23, total:  23, progress:100%
2026-09-29 02:33:51 - mkk_pika - database.py:238 - INFO - 数据库更新已下载章节
2026-09-29 02:33:51 - mkk_pika - database.py:244 - INFO - 该漫画已下载章节如下
2026-09-29 02:33:51 - mkk_pika - database.py:245 - INFO - ['第1集']
2026-09-29 02:33:52 - mkk_pika - main.py:348 - INFO - ==================== 漫画信息 ====================
                                   漫画ID：5d0610fe6189352ac77050a3
                                   标题：あまあまおくさま
                                   作者：グラナダの空 (十はやみ)
                                   是否完结：是
                                   总页数：23
                                   分类：短篇,扶他樂園
                                   章节数：1
                                   最后更新时间：2019-06-16T09:50:54.256Z
                                   =================================================
2026-09-29 02:33:52 - mkk_pika - database.py:101 - INFO - 保存成功：あまあまおくさま
2026-09-29 02:33:52 - mkk_pika - main.py:35 - INFO - 开始检查庭師の娘に弟子入り志願したけど思いのほか辛辣だった話 (東方Project)是否存在未下载章节
2026-09-29 02:33:52 - mkk_pika - main.py:45 - INFO - 正在下载:[庭師の娘に弟子入り志願したけど思いのほか辛辣だった話 (東方Project)]-[ロリータクルセイダーズ (小星萌)]-[['同人', '短篇', '東方']]-[total_pages:28]
2026-09-29 02:33:52 - mkk_pika - main.py:49 - INFO - [{'_id': '5d0611156189352ac77050cc', 'title': '第1集', 'order': 1, 'updated_at': '2019-06-16T07:42:34.979Z', 'id': '5d0611156189352ac77050cc'}]
2026-09-29 02:33:52 - mkk_pika - database.py:215 - INFO - 第一次下载该漫画，记录数据库中
2026-09-29 02:33:53 - mkk_pika - main.py:83 - INFO - 找到 28 张图片在:第1集
2026-09-29 02:33:54 - mkk_pika - main.py:112 - INFO - [episode:第1集       ] downloaded:    28, total:  28, progress:100%
2026-09-29 02:33:54 - mkk_pika - database.py:238 - INFO - 数据库更新已下载章节
2026-09-29 02:33:54 - mkk_pika - database.py:244 - INFO - 该漫画已下载章节如下
2026-09-29 02:33:54 - mkk_pika - database.py:245 - INFO - ['第1集']
2026-09-29 02:33:56 - mkk_pika - main.py:348 - INFO - ==================== 漫画信息 ====================
                                   漫画ID：5d0611156189352ac77050cb
                                   标题：庭師の娘に弟子入り志願したけど思いのほか辛辣だった話 (東方Project)
                                   作者：ロリータクルセイダーズ (小星萌)
                                   是否完结：是
                                   总页数：28
                                   分类：同人,短篇,東方
                                   章节数：1
                                   最后更新时间：2019-06-16T09:51:17.205Z
                                   =================================================
2026-09-29 02:33:56 - mkk_pika - database.py:101 - INFO - 保存成功：庭師の娘に弟子入り志願したけど思いのほか辛辣だった話 (東方Project)
2026-09-29 02:33:56 - mkk_pika - main.py:35 - INFO - 开始检查母乳娘とおじさんの初体験是否存在未下载章节
2026-09-29 02:33:56 - mkk_pika - main.py:45 - INFO - 正在下载:[母乳娘とおじさんの初体験]-[オフロ屋 (ラフロ)]-[['全彩', '短篇']]-[total_pages:15]
2026-09-29 02:33:56 - mkk_pika - main.py:49 - INFO - [{'_id': '5d06111bd95f1a2ac1267977', 'title': '第1集', 'order': 1, 'updated_at': '2019-06-16T08:03:06.994Z', 'id': '5d06111bd95f1a2ac1267977'}]
2026-09-29 02:33:56 - mkk_pika - database.py:215 - INFO - 第一次下载该漫画，记录数据库中
2026-09-29 02:33:57 - mkk_pika - main.py:83 - INFO - 找到 15 张图片在:第1集
2026-09-29 02:33:58 - mkk_pika - main.py:112 - INFO - [episode:第1集       ] downloaded:    15, total:  15, progress:100%
2026-09-29 02:33:58 - mkk_pika - database.py:238 - INFO - 数据库更新已下载章节
2026-09-29 02:33:58 - mkk_pika - database.py:244 - INFO - 该漫画已下载章节如下
2026-09-29 02:33:58 - mkk_pika - database.py:245 - INFO - ['第1集']
2026-09-29 02:33:59 - mkk_pika - main.py:348 - INFO - ==================== 漫画信息 ====================
                                   漫画ID：5d06111bd95f1a2ac1267976
                                   标题：母乳娘とおじさんの初体験
                                   作者：オフロ屋 (ラフロ)
                                   是否完结：是
                                   总页数：15
                                   分类：全彩,短篇
                                   章节数：1
                                   最后更新时间：2019-06-16T09:51:23.971Z
                                   =================================================
2026-09-29 02:33:59 - mkk_pika - database.py:101 - INFO - 保存成功：母乳娘とおじさんの初体験
2026-09-29 02:33:59 - mkk_pika - main.py:35 - INFO - 开始检查社長の愛人にされてしまった後輩の話 (先輩がうざい後輩の話)是否存在未下载章节
2026-09-29 02:33:59 - mkk_pika - main.py:45 - INFO - 正在下载:[社長の愛人にされてしまった後輩の話 (先輩がうざい後輩の話)]-[ドーシア (テラスmc)]-[['全彩', '同人', '短篇', 'NTR']]-[total_pages:11]
2026-09-29 02:33:59 - mkk_pika - main.py:49 - INFO - [{'_id': '5f53435b9f77b502972ca22a', 'title': '第1話', 'order': 1, 'updated_at': '2020-09-04T12:15:53.333Z', 'id': '5f53435b9f77b502972ca22a'}]
2026-09-29 02:33:59 - mkk_pika - database.py:215 - INFO - 第一次下载该漫画，记录数据库中
2026-09-29 02:34:00 - mkk_pika - main.py:83 - INFO - 找到 11 张图片在:第1話
2026-09-29 02:34:00 - mkk_pika - main.py:112 - INFO - [episode:第1話       ] downloaded:    11, total:  11, progress:100%
2026-09-29 02:34:00 - mkk_pika - database.py:238 - INFO - 数据库更新已下载章节
2026-09-29 02:34:00 - mkk_pika - database.py:244 - INFO - 该漫画已下载章节如下
2026-09-29 02:34:00 - mkk_pika - database.py:245 - INFO - ['第1話']
2026-09-29 02:34:02 - mkk_pika - main.py:348 - INFO - ==================== 漫画信息 ====================
                                   漫画ID：5d06112dd8ef762ad339f59c
                                   标题：社長の愛人にされてしまった後輩の話 (先輩がうざい後輩の話)
                                   作者：ドーシア (テラスmc)
                                   是否完结：是
                                   总页数：11
                                   分类：全彩,同人,短篇,NTR
                                   章节数：1
                                   最后更新时间：2019-06-16T09:51:41.620Z
                                   =================================================
2026-09-29 02:34:02 - mkk_pika - database.py:101 - INFO - 保存成功：社長の愛人にされてしまった後輩の話 (先輩がうざい後輩の話)
2026-09-29 02:34:02 - mkk_pika - main.py:35 - INFO - 开始检查コツメちゃんあそぼう (けものフレンズ)是否存在未下载章节
2026-09-29 02:34:02 - mkk_pika - main.py:45 - INFO - 正在下载:[コツメちゃんあそぼう (けものフレンズ)]-[tengohambre (すえゆう)]-[['同人', '短篇']]-[total_pages:27]
2026-09-29 02:34:02 - mkk_pika - main.py:49 - INFO - [{'_id': '5d0611396189352ac77050ea', 'title': '第1集', 'order': 1, 'updated_at': '2019-06-16T06:28:01.811Z', 'id': '5d0611396189352ac77050ea'}]
2026-09-29 02:34:02 - mkk_pika - database.py:215 - INFO - 第一次下载该漫画，记录数据库中
2026-09-29 02:34:03 - mkk_pika - main.py:83 - INFO - 找到 27 张图片在:第1集
2026-09-29 02:34:04 - mkk_pika - main.py:112 - INFO - [episode:第1集       ] downloaded:    27, total:  27, progress:100%
2026-09-29 02:34:04 - mkk_pika - database.py:238 - INFO - 数据库更新已下载章节
2026-09-29 02:34:04 - mkk_pika - database.py:244 - INFO - 该漫画已下载章节如下
2026-09-29 02:34:04 - mkk_pika - database.py:245 - INFO - ['第1集']
2026-09-29 02:34:06 - mkk_pika - main.py:348 - INFO - ==================== 漫画信息 ====================
                                   漫画ID：5d0611396189352ac77050e9
                                   标题：コツメちゃんあそぼう (けものフレンズ)
                                   作者：tengohambre (すえゆう)
                                   是否完结：是
                                   总页数：27
                                   分类：同人,短篇
                                   章节数：1
                                   最后更新时间：2019-06-16T09:51:53.836Z
                                   =================================================
2026-09-29 02:34:06 - mkk_pika - database.py:101 - INFO - 保存成功：コツメちゃんあそぼう (けものフレンズ)
2026-09-29 02:34:06 - mkk_pika - main.py:35 - INFO - 开始检查 伊藤さん (コミック・マショウ 2019年5月号) [DL版][中国翻訳]是否存在未下载章节
2026-09-29 02:34:06 - mkk_pika - main.py:45 - INFO - 正在下载:[ 伊藤さん (コミック・マショウ 2019年5月号) [DL版][中国翻訳]]-[雨存]-[['短篇']]-[total_pages:22]
2026-09-29 02:34:06 - mkk_pika - main.py:49 - INFO - [{'_id': '5d0645a4d95f1a2ac1267b02', 'title': '第1集', 'order': 1, 'updated_at': '2019-06-16T12:12:37.481Z', 'id': '5d0645a4d95f1a2ac1267b02'}]
2026-09-29 02:34:06 - mkk_pika - database.py:215 - INFO - 第一次下载该漫画，记录数据库中
2026-09-29 02:34:07 - mkk_pika - main.py:83 - INFO - 找到 22 张图片在:第1集
2026-09-29 02:34:08 - mkk_pika - main.py:112 - INFO - [episode:第1集       ] downloaded:    22, total:  22, progress:100%
2026-09-29 02:34:08 - mkk_pika - database.py:238 - INFO - 数据库更新已下载章节
2026-09-29 02:34:08 - mkk_pika - database.py:244 - INFO - 该漫画已下载章节如下
2026-09-29 02:34:08 - mkk_pika - database.py:245 - INFO - ['第1集']
2026-09-29 02:34:09 - mkk_pika - main.py:348 - INFO - ==================== 漫画信息 ====================
                                   漫画ID：5d0645a4d95f1a2ac1267b01
                                   标题： 伊藤さん (コミック・マショウ 2019年5月号) [DL版][中国翻訳]
                                   作者：雨存
                                   是否完结：是
                                   总页数：22
                                   分类：短篇
                                   章节数：1
                                   最后更新时间：2019-06-16T13:35:32.221Z
                                   =================================================
2026-09-29 02:34:09 - mkk_pika - database.py:101 - INFO - 保存成功： 伊藤さん (コミック・マショウ 2019年5月号) [DL版][中国翻訳]
2026-09-29 02:34:09 - mkk_pika - main.py:35 - INFO - 开始检查 画礫16 (艦隊これくしょん-艦これ-) [中国翻訳]是否存在未下载章节
2026-09-29 02:34:10 - mkk_pika - main.py:45 - INFO - 正在下载:[ 画礫16 (艦隊これくしょん-艦これ-) [中国翻訳]]-[Fatalpulse (朝凪)]-[['短篇', '同人', '強暴', '艦隊收藏']]-[total_pages:10]
2026-09-29 02:34:10 - mkk_pika - main.py:49 - INFO - [{'_id': '5d0645bb6189352ac7705360', 'title': '第1集', 'order': 1, 'updated_at': '2019-06-16T13:01:41.736Z', 'id': '5d0645bb6189352ac7705360'}]
2026-09-29 02:34:10 - mkk_pika - database.py:215 - INFO - 第一次下载该漫画，记录数据库中
2026-09-29 02:34:10 - mkk_pika - main.py:83 - INFO - 找到 10 张图片在:第1集
2026-09-29 02:34:11 - mkk_pika - main.py:112 - INFO - [episode:第1集       ] downloaded:    10, total:  10, progress:100%
2026-09-29 02:34:11 - mkk_pika - database.py:238 - INFO - 数据库更新已下载章节
2026-09-29 02:34:11 - mkk_pika - database.py:244 - INFO - 该漫画已下载章节如下
2026-09-29 02:34:11 - mkk_pika - database.py:245 - INFO - ['第1集']
2026-09-29 02:34:12 - mkk_pika - main.py:348 - INFO - ==================== 漫画信息 ====================
                                   漫画ID：5d0645bb6189352ac770535f
                                   标题： 画礫16 (艦隊これくしょん-艦これ-) [中国翻訳]
                                   作者：Fatalpulse (朝凪)
                                   是否完结：否
                                   总页数：10
                                   分类：短篇,同人,強暴,艦隊收藏
                                   章节数：1
                                   最后更新时间：2019-06-16T13:35:55.032Z
                                   =================================================
2026-09-29 02:34:12 - mkk_pika - database.py:101 - INFO - 保存成功： 画礫16 (艦隊これくしょん-艦これ-) [中国翻訳]
2026-09-29 02:34:12 - mkk_pika - main.py:35 - INFO - 开始检查彼方の瞳 (境界の彼方) [中国翻訳]是否存在未下载章节
2026-09-29 02:34:12 - mkk_pika - main.py:45 - INFO - 正在下载:[彼方の瞳 (境界の彼方) [中国翻訳]]-[拡張パーツ (YOSHIKI)]-[['短篇', '同人', '妹妹系', 'NTR']]-[total_pages:32]
2026-09-29 02:34:12 - mkk_pika - main.py:49 - INFO - [{'_id': '5d0645cd6189352ac770536c', 'title': '第1集', 'order': 1, 'updated_at': '2019-06-16T13:09:50.707Z', 'id': '5d0645cd6189352ac770536c'}]
2026-09-29 02:34:12 - mkk_pika - database.py:215 - INFO - 第一次下载该漫画，记录数据库中
2026-09-29 02:34:13 - mkk_pika - main.py:83 - INFO - 找到 32 张图片在:第1集
2026-09-29 02:34:15 - mkk_pika - main.py:112 - INFO - [episode:第1集       ] downloaded:    32, total:  32, progress:100%
2026-09-29 02:34:15 - mkk_pika - database.py:238 - INFO - 数据库更新已下载章节
2026-09-29 02:34:15 - mkk_pika - database.py:244 - INFO - 该漫画已下载章节如下
2026-09-29 02:34:15 - mkk_pika - database.py:245 - INFO - ['第1集']
2026-09-29 02:34:16 - mkk_pika - main.py:348 - INFO - ==================== 漫画信息 ====================
                                   漫画ID：5d0645cd6189352ac770536b
                                   标题：彼方の瞳 (境界の彼方) [中国翻訳]
                                   作者：拡張パーツ (YOSHIKI)
                                   是否完结：否
                                   总页数：32
                                   分类：短篇,同人,妹妹系,NTR
                                   章节数：1
                                   最后更新时间：2019-06-16T13:36:13.924Z
                                   =================================================
2026-09-29 02:34:16 - mkk_pika - database.py:101 - INFO - 保存成功：彼方の瞳 (境界の彼方) [中国翻訳]
2026-09-29 02:34:16 - mkk_pika - main.py:35 - INFO - 开始检查僵尸 ★ Play [中国翻译]是否存在未下载章节
2026-09-29 02:34:17 - mkk_pika - main.py:45 - INFO - 正在下载:[僵尸 ★ Play [中国翻译]]-[NAiK]-[['短篇', '純愛', '非人類']]-[total_pages:9]
2026-09-29 02:34:17 - mkk_pika - main.py:49 - INFO - [{'_id': '5d0645dc6189352ac770538e', 'title': '第1集', 'order': 1, 'updated_at': '2019-06-16T13:12:49.205Z', 'id': '5d0645dc6189352ac770538e'}]
2026-09-29 02:34:17 - mkk_pika - database.py:215 - INFO - 第一次下载该漫画，记录数据库中
2026-09-29 02:34:17 - mkk_pika - main.py:83 - INFO - 找到 9 张图片在:第1集
2026-09-29 02:34:18 - mkk_pika - main.py:112 - INFO - [episode:第1集       ] downloaded:     9, total:   9, progress:100%
2026-09-29 02:34:18 - mkk_pika - database.py:238 - INFO - 数据库更新已下载章节
2026-09-29 02:34:18 - mkk_pika - database.py:244 - INFO - 该漫画已下载章节如下
2026-09-29 02:34:18 - mkk_pika - database.py:245 - INFO - ['第1集']
2026-09-29 02:34:19 - mkk_pika - main.py:348 - INFO - ==================== 漫画信息 ====================
                                   漫画ID：5d0645dc6189352ac770538d
                                   标题：僵尸 ★ Play [中国翻译]
                                   作者：NAiK
                                   是否完结：否
                                   总页数：9
                                   分类：短篇,純愛,非人類
                                   章节数：1
                                   最后更新时间：2019-06-16T13:36:28.888Z
                                   =================================================
2026-09-29 02:34:19 - mkk_pika - database.py:101 - INFO - 保存成功：僵尸 ★ Play [中国翻译]
2026-09-29 02:34:19 - mkk_pika - main.py:35 - INFO - 开始检查ショタ兄弟と隣のおばさん [中国翻訳]是否存在未下载章节
2026-09-29 02:34:19 - mkk_pika - main.py:45 - INFO - 正在下载:[ショタ兄弟と隣のおばさん [中国翻訳]]-[らぷらんど]-[['短篇', '全彩', '人妻']]-[total_pages:33]
2026-09-29 02:34:19 - mkk_pika - main.py:49 - INFO - [{'_id': '5d078129d95f1a2ac1267d7f', 'title': '第1集', 'order': 1, 'updated_at': '2019-06-16T13:45:16.099Z', 'id': '5d078129d95f1a2ac1267d7f'}]
2026-09-29 02:34:19 - mkk_pika - database.py:215 - INFO - 第一次下载该漫画，记录数据库中
2026-09-29 02:34:20 - mkk_pika - main.py:83 - INFO - 找到 33 张图片在:第1集
2026-09-29 02:34:22 - mkk_pika - main.py:112 - INFO - [episode:第1集       ] downloaded:    33, total:  33, progress:100%
2026-09-29 02:34:22 - mkk_pika - database.py:238 - INFO - 数据库更新已下载章节
2026-09-29 02:34:22 - mkk_pika - database.py:244 - INFO - 该漫画已下载章节如下
2026-09-29 02:34:22 - mkk_pika - database.py:245 - INFO - ['第1集']
2026-09-29 02:34:23 - mkk_pika - main.py:348 - INFO - ==================== 漫画信息 ====================
                                   漫画ID：5d078129d95f1a2ac1267d7e
                                   标题：ショタ兄弟と隣のおばさん [中国翻訳]
                                   作者：らぷらんど
                                   是否完结：是
                                   总页数：33
                                   分类：短篇,全彩,人妻
                                   章节数：1
                                   最后更新时间：2019-06-17T12:01:45.793Z
                                   =================================================
2026-09-29 02:34:23 - mkk_pika - database.py:101 - INFO - 保存成功：ショタ兄弟と隣のおばさん [中国翻訳]
2026-09-29 02:34:23 - mkk_pika - main.py:35 - INFO - 开始检查(C86) セレナのトレプロ (ポケットモンスター) [中国翻訳]是否存在未下载章节
2026-09-29 02:34:24 - mkk_pika - main.py:45 - INFO - 正在下载:[(C86) セレナのトレプロ (ポケットモンスター) [中国翻訳]]-[はぐるまん (コウタロス)]-[['短篇', '同人']]-[total_pages:17]
2026-09-29 02:34:24 - mkk_pika - main.py:49 - INFO - [{'_id': '5d078138d95f1a2ac1267da2', 'title': '第1集', 'order': 1, 'updated_at': '2019-06-16T10:29:21.026Z', 'id': '5d078138d95f1a2ac1267da2'}]
2026-09-29 02:34:24 - mkk_pika - database.py:215 - INFO - 第一次下载该漫画，记录数据库中
2026-09-29 02:34:24 - mkk_pika - main.py:83 - INFO - 找到 17 张图片在:第1集
2026-09-29 02:34:25 - mkk_pika - main.py:112 - INFO - [episode:第1集       ] downloaded:    17, total:  17, progress:100%
2026-09-29 02:34:25 - mkk_pika - database.py:238 - INFO - 数据库更新已下载章节
2026-09-29 02:34:25 - mkk_pika - database.py:244 - INFO - 该漫画已下载章节如下
2026-09-29 02:34:25 - mkk_pika - database.py:245 - INFO - ['第1集']
2026-09-29 02:34:27 - mkk_pika - main.py:348 - INFO - ==================== 漫画信息 ====================
                                   漫画ID：5d078138d95f1a2ac1267da1
                                   标题：(C86) セレナのトレプロ (ポケットモンスター) [中国翻訳]
                                   作者：はぐるまん (コウタロス)
                                   是否完结：是
                                   总页数：17
                                   分类：短篇,同人
                                   章节数：1
                                   最后更新时间：2019-06-17T12:02:00.034Z
                                   =================================================
2026-09-29 02:34:27 - mkk_pika - database.py:101 - INFO - 保存成功：(C86) セレナのトレプロ (ポケットモンスター) [中国翻訳]
2026-09-29 02:34:27 - mkk_pika - main.py:35 - INFO - 开始检查仕事上がりのブーディカは、まるで我慢が出来ません。 (Fate/Grand Order) [DL版]是否存在未下载章节
2026-09-29 02:34:27 - mkk_pika - main.py:45 - INFO - 正在下载:[仕事上がりのブーディカは、まるで我慢が出来ません。 (Fate/Grand Order) [DL版]]-[ろんぱいあ (Fue)]-[['短篇', '同人', 'Fate', '純愛']]-[total_pages:49]
2026-09-29 02:34:27 - mkk_pika - main.py:49 - INFO - [{'_id': '5caa22b6d76f945a1d3fa42d', 'title': '第1集', 'order': 1, 'updated_at': '2019-03-26T02:30:58.858Z', 'id': '5caa22b6d76f945a1d3fa42d'}, {'_id': '5d0781996189352ac770575b', 'title': '汉化', 'order': 2, 'updated_at': '2019-06-16T15:05:19.667Z', 'id': '5d0781996189352ac770575b'}]
2026-09-29 02:34:27 - mkk_pika - database.py:215 - INFO - 第一次下载该漫画，记录数据库中
2026-09-29 02:34:28 - mkk_pika - main.py:83 - INFO - 找到 22 张图片在:第1集
2026-09-29 02:34:29 - mkk_pika - main.py:112 - INFO - [episode:第1集       ] downloaded:    22, total:  22, progress:100%
2026-09-29 02:34:29 - mkk_pika - database.py:238 - INFO - 数据库更新已下载章节
2026-09-29 02:34:29 - mkk_pika - database.py:244 - INFO - 该漫画已下载章节如下
2026-09-29 02:34:29 - mkk_pika - database.py:245 - INFO - ['第1集']
2026-09-29 02:34:31 - mkk_pika - main.py:83 - INFO - 找到 27 张图片在:汉化
2026-09-29 02:34:32 - mkk_pika - main.py:112 - INFO - [episode:汉化        ] downloaded:    27, total:  27, progress:100%
2026-09-29 02:34:32 - mkk_pika - database.py:238 - INFO - 数据库更新已下载章节
2026-09-29 02:34:32 - mkk_pika - database.py:244 - INFO - 该漫画已下载章节如下
2026-09-29 02:34:32 - mkk_pika - database.py:245 - INFO - ['第1集', '汉化']
2026-09-29 02:34:33 - mkk_pika - main.py:348 - INFO - ==================== 漫画信息 ====================
                                   漫画ID：5caa22b6d76f945a1d3fa42c
                                   标题：仕事上がりのブーディカは、まるで我慢が出来ません。 (Fate/Grand Order) [DL版]
                                   作者：ろんぱいあ (Fue)
                                   是否完结：是
                                   总页数：49
                                   分类：短篇,同人,Fate,純愛
                                   章节数：2
                                   最后更新时间：2019-06-17T12:03:37.355Z
                                   =================================================
2026-09-29 02:34:33 - mkk_pika - database.py:101 - INFO - 保存成功：仕事上がりのブーディカは、まるで我慢が出来ません。 (Fate/Grand Order) [DL版]
2026-09-29 02:34:33 - mkk_pika - main.py:35 - INFO - 开始检查弱小カルデアのデミ・サーヴァント (Fate/Grand Order) [中国翻訳] [DL版]是否存在未下载章节
2026-09-29 02:34:34 - mkk_pika - main.py:45 - INFO - 正在下载:[弱小カルデアのデミ・サーヴァント (Fate/Grand Order) [中国翻訳] [DL版]]-[Contamination (eigetu)]-[['短篇', '同人', 'Fate', 'NTR']]-[total_pages:19]
2026-09-29 02:34:34 - mkk_pika - main.py:49 - INFO - [{'_id': '5d0781c4d95f1a2ac1267db6', 'title': '第1集', 'order': 1, 'updated_at': '2019-06-16T15:47:21.918Z', 'id': '5d0781c4d95f1a2ac1267db6'}]
2026-09-29 02:34:34 - mkk_pika - database.py:215 - INFO - 第一次下载该漫画，记录数据库中
2026-09-29 02:34:34 - mkk_pika - main.py:83 - INFO - 找到 19 张图片在:第1集
2026-09-29 02:34:35 - mkk_pika - main.py:112 - INFO - [episode:第1集       ] downloaded:    19, total:  19, progress:100%
2026-09-29 02:34:35 - mkk_pika - database.py:238 - INFO - 数据库更新已下载章节
2026-09-29 02:34:35 - mkk_pika - database.py:244 - INFO - 该漫画已下载章节如下
2026-09-29 02:34:35 - mkk_pika - database.py:245 - INFO - ['第1集']
2026-09-29 02:34:37 - mkk_pika - main.py:348 - INFO - ==================== 漫画信息 ====================
                                   漫画ID：5d0781c4d95f1a2ac1267db5
                                   标题：弱小カルデアのデミ・サーヴァント (Fate/Grand Order) [中国翻訳] [DL版]
                                   作者：Contamination (eigetu)
                                   是否完结：是
                                   总页数：19
                                   分类：短篇,同人,Fate,NTR
                                   章节数：1
                                   最后更新时间：2019-06-17T12:04:20.149Z
                                   =================================================
2026-09-29 02:34:37 - mkk_pika - database.py:101 - INFO - 保存成功：弱小カルデアのデミ・サーヴァント (Fate/Grand Order) [中国翻訳] [DL版]
2026-09-29 02:34:37 - mkk_pika - main.py:35 - INFO - 开始检查(COMIC1☆15) 謝罪 vol.15 (Fate/Grand Order) [中国翻訳]是否存在未下载章节
2026-09-29 02:34:37 - mkk_pika - main.py:45 - INFO - 正在下载:[(COMIC1☆15) 謝罪 vol.15 (Fate/Grand Order) [中国翻訳]]-[鮭缶メモリアル (ソロピップB)]-[['短篇', '同人', 'Fate']]-[total_pages:20]
2026-09-29 02:34:37 - mkk_pika - main.py:49 - INFO - [{'_id': '5d0781f3d8ef762ad339fbf1', 'title': '第1集', 'order': 1, 'updated_at': '2019-06-16T18:33:14.100Z', 'id': '5d0781f3d8ef762ad339fbf1'}]
2026-09-29 02:34:37 - mkk_pika - database.py:215 - INFO - 第一次下载该漫画，记录数据库中
2026-09-29 02:34:38 - mkk_pika - main.py:83 - INFO - 找到 20 张图片在:第1集
2026-09-29 02:34:39 - mkk_pika - main.py:112 - INFO - [episode:第1集       ] downloaded:    20, total:  20, progress:100%
2026-09-29 02:34:39 - mkk_pika - database.py:238 - INFO - 数据库更新已下载章节
2026-09-29 02:34:39 - mkk_pika - database.py:244 - INFO - 该漫画已下载章节如下
2026-09-29 02:34:39 - mkk_pika - database.py:245 - INFO - ['第1集']
2026-09-29 02:34:40 - mkk_pika - main.py:348 - INFO - ==================== 漫画信息 ====================
                                   漫画ID：5d0781f3d8ef762ad339fbf0
                                   标题：(COMIC1☆15) 謝罪 vol.15 (Fate/Grand Order) [中国翻訳]
                                   作者：鮭缶メモリアル (ソロピップB)
                                   是否完结：是
                                   总页数：20
                                   分类：短篇,同人,Fate
                                   章节数：1
                                   最后更新时间：2019-06-17T12:05:07.668Z
                                   =================================================
2026-09-29 02:34:40 - mkk_pika - database.py:101 - INFO - 保存成功：(COMIC1☆15) 謝罪 vol.15 (Fate/Grand Order) [中国翻訳]
2026-09-29 02:34:40 - mkk_pika - main.py:35 - INFO - 开始检查(C74)  俺× (コードギアス 反逆のルルーシュ) [中国翻訳]是否存在未下载章节
2026-09-29 02:34:40 - mkk_pika - main.py:45 - INFO - 正在下载:[(C74)  俺× (コードギアス 反逆のルルーシュ) [中国翻訳]]-[百花 (小春)]-[['短篇', '同人']]-[total_pages:24]
2026-09-29 02:34:40 - mkk_pika - main.py:49 - INFO - [{'_id': '5d078247d8ef762ad339fc07', 'title': '第1集', 'order': 1, 'updated_at': '2019-06-16T19:08:02.722Z', 'id': '5d078247d8ef762ad339fc07'}]
2026-09-29 02:34:40 - mkk_pika - database.py:215 - INFO - 第一次下载该漫画，记录数据库中
2026-09-29 02:34:41 - mkk_pika - main.py:83 - INFO - 找到 24 张图片在:第1集
2026-09-29 02:34:42 - mkk_pika - main.py:112 - INFO - [episode:第1集       ] downloaded:    24, total:  24, progress:100%
2026-09-29 02:34:42 - mkk_pika - database.py:238 - INFO - 数据库更新已下载章节
2026-09-29 02:34:42 - mkk_pika - database.py:244 - INFO - 该漫画已下载章节如下
2026-09-29 02:34:42 - mkk_pika - database.py:245 - INFO - ['第1集']
2026-09-29 02:34:43 - mkk_pika - main.py:348 - INFO - ==================== 漫画信息 ====================
                                   漫画ID：5d078247d8ef762ad339fc06
                                   标题：(C74)  俺× (コードギアス 反逆のルルーシュ) [中国翻訳]
                                   作者：百花 (小春)
                                   是否完结：是
                                   总页数：24
                                   分类：短篇,同人
                                   章节数：1
                                   最后更新时间：2019-06-17T12:06:31.216Z
                                   =================================================
2026-09-29 02:34:43 - mkk_pika - database.py:101 - INFO - 保存成功：(C74)  俺× (コードギアス 反逆のルルーシュ) [中国翻訳]
2026-09-29 02:34:43 - mkk_pika - main.py:35 - INFO - 开始检查子宮魔女VS上級魔人 [中国翻訳]是否存在未下载章节
2026-09-29 02:34:44 - mkk_pika - main.py:45 - INFO - 正在下载:[子宮魔女VS上級魔人 [中国翻訳]]-[EsuEsu]-[['短篇', '非人類', '強暴']]-[total_pages:52]
2026-09-29 02:34:44 - mkk_pika - main.py:49 - INFO - [{'_id': '5d0784a6d8ef762ad339fc63', 'title': '第1集', 'order': 1, 'updated_at': '2019-06-17T06:11:18.267Z', 'id': '5d0784a6d8ef762ad339fc63'}]
2026-09-29 02:34:44 - mkk_pika - database.py:215 - INFO - 第一次下载该漫画，记录数据库中
2026-09-29 02:34:45 - mkk_pika - main.py:83 - INFO - 找到 52 张图片在:第1集
2026-09-29 02:34:48 - mkk_pika - main.py:112 - INFO - [episode:第1集       ] downloaded:    52, total:  52, progress:100%
2026-09-29 02:34:48 - mkk_pika - database.py:238 - INFO - 数据库更新已下载章节
2026-09-29 02:34:48 - mkk_pika - database.py:244 - INFO - 该漫画已下载章节如下
2026-09-29 02:34:48 - mkk_pika - database.py:245 - INFO - ['第1集']
2026-09-29 02:34:49 - mkk_pika - main.py:348 - INFO - ==================== 漫画信息 ====================
                                   漫画ID：5d0784a6d8ef762ad339fc62
                                   标题：子宮魔女VS上級魔人 [中国翻訳]
                                   作者：EsuEsu
                                   是否完结：是
                                   总页数：52
                                   分类：短篇,非人類,強暴
                                   章节数：1
                                   最后更新时间：2019-06-17T12:16:38.837Z
                                   =================================================
2026-09-29 02:34:49 - mkk_pika - database.py:101 - INFO - 保存成功：子宮魔女VS上級魔人 [中国翻訳]
2026-09-29 02:34:49 - mkk_pika - main.py:35 - INFO - 开始检查(C93)  Maybe He'll Know (小林さんちのメイドラゴン) [中国翻訳]是否存在未下载章节
2026-09-29 02:34:49 - mkk_pika - main.py:45 - INFO - 正在下载:[(C93)  Maybe He'll Know (小林さんちのメイドラゴン) [中国翻訳]]-[CELLULOID-ACME (チバトシロウ)]-[['短篇', '同人', '純愛', '非人類']]-[total_pages:30]
2026-09-29 02:34:49 - mkk_pika - main.py:49 - INFO - [{'_id': '5d0784ca6189352ac7705c42', 'title': '第1集', 'order': 1, 'updated_at': '2019-06-17T12:14:18.684Z', 'id': '5d0784ca6189352ac7705c42'}]
2026-09-29 02:34:49 - mkk_pika - database.py:215 - INFO - 第一次下载该漫画，记录数据库中
2026-09-29 02:34:50 - mkk_pika - main.py:83 - INFO - 找到 30 张图片在:第1集
2026-09-29 02:34:51 - mkk_pika - main.py:112 - INFO - [episode:第1集       ] downloaded:    30, total:  30, progress:100%
2026-09-29 02:34:51 - mkk_pika - database.py:238 - INFO - 数据库更新已下载章节
2026-09-29 02:34:51 - mkk_pika - database.py:244 - INFO - 该漫画已下载章节如下
2026-09-29 02:34:51 - mkk_pika - database.py:245 - INFO - ['第1集']
2026-09-29 02:34:53 - mkk_pika - main.py:348 - INFO - ==================== 漫画信息 ====================
                                   漫画ID：5d0784ca6189352ac7705c41
                                   标题：(C93)  Maybe He'll Know (小林さんちのメイドラゴン) [中国翻訳]
                                   作者：CELLULOID-ACME (チバトシロウ)
                                   是否完结：是
                                   总页数：30
                                   分类：短篇,同人,純愛,非人類
                                   章节数：1
                                   最后更新时间：2019-06-17T12:17:14.661Z
                                   =================================================
2026-09-29 02:34:53 - mkk_pika - database.py:101 - INFO - 保存成功：(C93)  Maybe He'll Know (小林さんちのメイドラゴン) [中国翻訳]
2026-09-29 02:34:53 - mkk_pika - main.py:35 - INFO - 开始检查義妹の危険な安全日 義妹的危險的安全日是否存在未下载章节
2026-09-29 02:34:53 - mkk_pika - main.py:45 - INFO - 正在下载:[義妹の危険な安全日 義妹的危險的安全日]-[志乃武丹英]-[['長篇', '純愛', '短篇', '單行本', '妹妹系', '足の恋']]-[total_pages:194]
2026-09-29 02:34:53 - mkk_pika - main.py:49 - INFO - [{'_id': '5d07850a6189352ac7705c62', 'title': '社保義妹的單行本', 'order': 1, 'updated_at': '2019-06-13T05:18:53.466Z', 'id': '5d07850a6189352ac7705c62'}]
2026-09-29 02:34:53 - mkk_pika - database.py:215 - INFO - 第一次下载该漫画，记录数据库中
2026-09-29 02:34:55 - mkk_pika - main.py:83 - INFO - 找到 194 张图片在:社保義妹的單行本
2026-09-29 02:35:04 - mkk_pika - main.py:112 - INFO - [episode:社保義妹的單行本  ] downloaded:   194, total: 194, progress:100%
2026-09-29 02:35:04 - mkk_pika - database.py:238 - INFO - 数据库更新已下载章节
2026-09-29 02:35:04 - mkk_pika - database.py:244 - INFO - 该漫画已下载章节如下
2026-09-29 02:35:04 - mkk_pika - database.py:245 - INFO - ['社保義妹的單行本']
2026-09-29 02:35:05 - mkk_pika - main.py:348 - INFO - ==================== 漫画信息 ====================
                                   漫画ID：5d07850a6189352ac7705c61
                                   标题：義妹の危険な安全日 義妹的危險的安全日
                                   作者：志乃武丹英
                                   是否完结：是
                                   总页数：194
                                   分类：長篇,純愛,短篇,單行本,妹妹系,足の恋
                                   章节数：1
                                   最后更新时间：2019-06-17T12:18:18.628Z
                                   =================================================
2026-09-29 02:35:05 - mkk_pika - database.py:101 - INFO - 保存成功：義妹の危険な安全日 義妹的危險的安全日
2026-09-29 02:35:05 - mkk_pika - main.py:35 - INFO - 开始检查供花の庭 (COMIC 快楽天 2019年5月号) [中国翻訳] [DL版]是否存在未下载章节
2026-09-29 02:35:05 - mkk_pika - main.py:45 - INFO - 正在下载:[供花の庭 (COMIC 快楽天 2019年5月号) [中国翻訳] [DL版]]-[藤丸]-[['短篇', '純愛']]-[total_pages:20]
2026-09-29 02:35:05 - mkk_pika - main.py:49 - INFO - [{'_id': '5d0785389eab272ad84603b4', 'title': '第1集', 'order': 1, 'updated_at': '2019-06-16T18:48:12.702Z', 'id': '5d0785389eab272ad84603b4'}]
2026-09-29 02:35:05 - mkk_pika - database.py:215 - INFO - 第一次下载该漫画，记录数据库中
2026-09-29 02:35:06 - mkk_pika - main.py:83 - INFO - 找到 20 张图片在:第1集
2026-09-29 02:35:07 - mkk_pika - main.py:112 - INFO - [episode:第1集       ] downloaded:    20, total:  20, progress:100%
2026-09-29 02:35:07 - mkk_pika - database.py:238 - INFO - 数据库更新已下载章节
2026-09-29 02:35:07 - mkk_pika - database.py:244 - INFO - 该漫画已下载章节如下
2026-09-29 02:35:07 - mkk_pika - database.py:245 - INFO - ['第1集']
2026-09-29 02:35:08 - mkk_pika - main.py:348 - INFO - ==================== 漫画信息 ====================
                                   漫画ID：5d0785389eab272ad84603b3
                                   标题：供花の庭 (COMIC 快楽天 2019年5月号) [中国翻訳] [DL版]
                                   作者：藤丸
                                   是否完结：是
                                   总页数：20
                                   分类：短篇,純愛
                                   章节数：1
                                   最后更新时间：2019-06-17T12:19:04.490Z
                                   =================================================
2026-09-29 02:35:08 - mkk_pika - database.py:101 - INFO - 保存成功：供花の庭 (COMIC 快楽天 2019年5月号) [中国翻訳] [DL版]
2026-09-29 02:35:08 - mkk_pika - main.py:35 - INFO - 开始检查(砲雷撃戦!よーい!二十八戦目)  小さな鎮守府の山時雨 2 (艦隊これくしょん -艦これ-) [中国翻訳]是否存在未下载章节
2026-09-29 02:35:09 - mkk_pika - main.py:45 - INFO - 正在下载:[(砲雷撃戦!よーい!二十八戦目)  小さな鎮守府の山時雨 2 (艦隊これくしょん -艦これ-) [中国翻訳]]-[百葉箱 (北村鳩)]-[['短篇', '同人', '純愛', '百合花園', '艦隊收藏']]-[total_pages:27]
2026-09-29 02:35:09 - mkk_pika - main.py:49 - INFO - [{'_id': '5d079dcb6189352ac7705e6c', 'title': '第1集', 'order': 1, 'updated_at': '2019-06-16T15:17:10.730Z', 'id': '5d079dcb6189352ac7705e6c'}]
2026-09-29 02:35:09 - mkk_pika - database.py:215 - INFO - 第一次下载该漫画，记录数据库中
2026-09-29 02:35:09 - mkk_pika - main.py:83 - INFO - 找到 27 张图片在:第1集
2026-09-29 02:35:11 - mkk_pika - main.py:112 - INFO - [episode:第1集       ] downloaded:    27, total:  27, progress:100%
2026-09-29 02:35:11 - mkk_pika - database.py:238 - INFO - 数据库更新已下载章节
2026-09-29 02:35:11 - mkk_pika - database.py:244 - INFO - 该漫画已下载章节如下
2026-09-29 02:35:11 - mkk_pika - database.py:245 - INFO - ['第1集']
2026-09-29 02:35:12 - mkk_pika - main.py:348 - INFO - ==================== 漫画信息 ====================
                                   漫画ID：5d079dcb6189352ac7705e6b
                                   标题：(砲雷撃戦!よーい!二十八戦目)  小さな鎮守府の山時雨 2 (艦隊これくしょん -艦これ-) [中国翻訳]
                                   作者：百葉箱 (北村鳩)
                                   是否完结：是
                                   总页数：27
                                   分类：短篇,同人,純愛,百合花園,艦隊收藏
                                   章节数：1
                                   最后更新时间：2019-06-17T14:03:55.319Z
                                   =================================================
2026-09-29 02:35:12 - mkk_pika - database.py:101 - INFO - 保存成功：(砲雷撃戦!よーい!二十八戦目)  小さな鎮守府の山時雨 2 (艦隊これくしょん -艦これ-) [中国翻訳]
2026-09-29 02:35:12 - mkk_pika - main.py:35 - INFO - 开始检查(C71) 食玩 (処女はお姉さまに恋してる)[中国翻訳]是否存在未下载章节
2026-09-29 02:35:13 - mkk_pika - main.py:45 - INFO - 正在下载:[(C71) 食玩 (処女はお姉さまに恋してる)[中国翻訳]]-[翡翠亭 (和泉つばす)]-[['短篇', '同人', '強暴']]-[total_pages:19]
2026-09-29 02:35:13 - mkk_pika - main.py:49 - INFO - [{'_id': '5d079f1b6189352ac7705fec', 'title': '第1集', 'order': 1, 'updated_at': '2019-06-17T13:29:10.180Z', 'id': '5d079f1b6189352ac7705fec'}]
2026-09-29 02:35:13 - mkk_pika - database.py:215 - INFO - 第一次下载该漫画，记录数据库中
2026-09-29 02:35:13 - mkk_pika - main.py:83 - INFO - 找到 19 张图片在:第1集
2026-09-29 02:35:14 - mkk_pika - main.py:112 - INFO - [episode:第1集       ] downloaded:    19, total:  19, progress:100%
2026-09-29 02:35:14 - mkk_pika - database.py:238 - INFO - 数据库更新已下载章节
2026-09-29 02:35:14 - mkk_pika - database.py:244 - INFO - 该漫画已下载章节如下
2026-09-29 02:35:14 - mkk_pika - database.py:245 - INFO - ['第1集']
2026-09-29 02:35:16 - mkk_pika - main.py:348 - INFO - ==================== 漫画信息 ====================
                                   漫画ID：5d079f1b6189352ac7705feb
                                   标题：(C71) 食玩 (処女はお姉さまに恋してる)[中国翻訳]
                                   作者：翡翠亭 (和泉つばす)
                                   是否完结：是
                                   总页数：19
                                   分类：短篇,同人,強暴
                                   章节数：1
                                   最后更新时间：2019-06-17T14:09:31.922Z
                                   =================================================
2026-09-29 02:35:16 - mkk_pika - database.py:101 - INFO - 保存成功：(C71) 食玩 (処女はお姉さまに恋してる)[中国翻訳]
2026-09-29 02:35:16 - mkk_pika - main.py:35 - INFO - 开始检查(サンクリ2019 Summer)  私の身体、好きにお使いなさいませ。 (グランブルーファンタジー) [中国翻訳]是否存在未下载章节
2026-09-29 02:35:16 - mkk_pika - main.py:45 - INFO - 正在下载:[(サンクリ2019 Summer)  私の身体、好きにお使いなさいませ。 (グランブルーファンタジー) [中国翻訳]]-[たいけん部! (大気KEN)]-[['短篇', '同人', '碧藍幻想', '純愛']]-[total_pages:18]
2026-09-29 02:35:16 - mkk_pika - main.py:49 - INFO - [{'_id': '5d085bc8d8ef762ad33a0006', 'title': '第1集', 'order': 1, 'updated_at': '2019-06-17T17:06:23.579Z', 'id': '5d085bc8d8ef762ad33a0006'}]
2026-09-29 02:35:16 - mkk_pika - database.py:215 - INFO - 第一次下载该漫画，记录数据库中
2026-09-29 02:35:17 - mkk_pika - main.py:83 - INFO - 找到 18 张图片在:第1集
2026-09-29 02:35:18 - mkk_pika - main.py:112 - INFO - [episode:第1集       ] downloaded:    18, total:  18, progress:100%
2026-09-29 02:35:18 - mkk_pika - database.py:238 - INFO - 数据库更新已下载章节
2026-09-29 02:35:18 - mkk_pika - database.py:244 - INFO - 该漫画已下载章节如下
2026-09-29 02:35:18 - mkk_pika - database.py:245 - INFO - ['第1集']
2026-09-29 02:35:19 - mkk_pika - main.py:348 - INFO - ==================== 漫画信息 ====================
                                   漫画ID：5d085bc8d8ef762ad33a0005
                                   标题：(サンクリ2019 Summer)  私の身体、好きにお使いなさいませ。 (グランブルーファンタジー) [中国翻訳]
                                   作者：たいけん部! (大気KEN)
                                   是否完结：是
                                   总页数：18
                                   分类：短篇,同人,碧藍幻想,純愛
                                   章节数：1
                                   最后更新时间：2019-06-18T03:34:32.022Z
                                   =================================================
2026-09-29 02:35:19 - mkk_pika - database.py:101 - INFO - 保存成功：(サンクリ2019 Summer)  私の身体、好きにお使いなさいませ。 (グランブルーファンタジー) [中国翻訳]
2026-09-29 02:35:19 - mkk_pika - main.py:35 - INFO - 开始检查 シノブちゃんのすくすく日記 (COMIC 失楽天 2019年6月号) [中国翻訳] [DL版]是否存在未下载章节
2026-09-29 02:35:19 - mkk_pika - main.py:45 - INFO - 正在下载:[ シノブちゃんのすくすく日記 (COMIC 失楽天 2019年6月号) [中国翻訳] [DL版]]-[六角八十助]-[['短篇']]-[total_pages:19]
2026-09-29 02:35:19 - mkk_pika - main.py:49 - INFO - [{'_id': '5d085be99eab272ad84605b0', 'title': '第1集', 'order': 1, 'updated_at': '2019-06-17T17:33:33.819Z', 'id': '5d085be99eab272ad84605b0'}]
2026-09-29 02:35:19 - mkk_pika - database.py:215 - INFO - 第一次下载该漫画，记录数据库中
2026-09-29 02:35:20 - mkk_pika - main.py:83 - INFO - 找到 19 张图片在:第1集
2026-09-29 02:35:21 - mkk_pika - main.py:112 - INFO - [episode:第1集       ] downloaded:    19, total:  19, progress:100%
2026-09-29 02:35:21 - mkk_pika - database.py:238 - INFO - 数据库更新已下载章节
2026-09-29 02:35:21 - mkk_pika - database.py:244 - INFO - 该漫画已下载章节如下
2026-09-29 02:35:21 - mkk_pika - database.py:245 - INFO - ['第1集']
2026-09-29 02:35:22 - mkk_pika - main.py:348 - INFO - ==================== 漫画信息 ====================
                                   漫画ID：5d085be99eab272ad84605af
                                   标题： シノブちゃんのすくすく日記 (COMIC 失楽天 2019年6月号) [中国翻訳] [DL版]
                                   作者：六角八十助
                                   是否完结：是
                                   总页数：19
                                   分类：短篇
                                   章节数：1
                                   最后更新时间：2019-06-18T03:35:05.737Z
                                   =================================================
2026-09-29 02:35:22 - mkk_pika - database.py:101 - INFO - 保存成功： シノブちゃんのすくすく日記 (COMIC 失楽天 2019年6月号) [中国翻訳] [DL版]
2026-09-29 02:35:22 - mkk_pika - main.py:35 - INFO - 开始检查福田さんち (COMIC 快楽天 2019年1月号) [中国翻訳] [DL版]是否存在未下载章节
2026-09-29 02:35:23 - mkk_pika - main.py:45 - INFO - 正在下载:[福田さんち (COMIC 快楽天 2019年1月号) [中国翻訳] [DL版]]-[もじゃりん]-[['短篇']]-[total_pages:19]
2026-09-29 02:35:23 - mkk_pika - main.py:49 - INFO - [{'_id': '5d085c0f6189352ac7706147', 'title': '第1集', 'order': 1, 'updated_at': '2019-06-17T17:36:19.158Z', 'id': '5d085c0f6189352ac7706147'}]
2026-09-29 02:35:23 - mkk_pika - database.py:215 - INFO - 第一次下载该漫画，记录数据库中
2026-09-29 02:35:23 - mkk_pika - main.py:83 - INFO - 找到 19 张图片在:第1集
2026-09-29 02:35:25 - mkk_pika - main.py:112 - INFO - [episode:第1集       ] downloaded:    19, total:  19, progress:100%
2026-09-29 02:35:25 - mkk_pika - database.py:238 - INFO - 数据库更新已下载章节
2026-09-29 02:35:25 - mkk_pika - database.py:244 - INFO - 该漫画已下载章节如下
2026-09-29 02:35:25 - mkk_pika - database.py:245 - INFO - ['第1集']
2026-09-29 02:35:26 - mkk_pika - main.py:348 - INFO - ==================== 漫画信息 ====================
                                   漫画ID：5d085c0f6189352ac7706146
                                   标题：福田さんち (COMIC 快楽天 2019年1月号) [中国翻訳] [DL版]
                                   作者：もじゃりん
                                   是否完结：是
                                   总页数：19
                                   分类：短篇
                                   章节数：1
                                   最后更新时间：2019-06-18T03:35:43.593Z
                                   =================================================
2026-09-29 02:35:26 - mkk_pika - database.py:101 - INFO - 保存成功：福田さんち (COMIC 快楽天 2019年1月号) [中国翻訳] [DL版]
2026-09-29 02:35:26 - mkk_pika - main.py:35 - INFO - 开始检查 JKミミック (COMIC BAVEL 2018年10月号) [中国翻訳] [DL版]是否存在未下载章节
2026-09-29 02:35:26 - mkk_pika - main.py:45 - INFO - 正在下载:[ JKミミック (COMIC BAVEL 2018年10月号) [中国翻訳] [DL版]]-[わいら]-[['短篇', '人妻']]-[total_pages:22]
2026-09-29 02:35:26 - mkk_pika - main.py:49 - INFO - [{'_id': '5d085c229eab272ad84605c5', 'title': '第1集', 'order': 1, 'updated_at': '2019-06-17T18:29:36.555Z', 'id': '5d085c229eab272ad84605c5'}]
2026-09-29 02:35:26 - mkk_pika - database.py:215 - INFO - 第一次下载该漫画，记录数据库中
2026-09-29 02:35:27 - mkk_pika - main.py:83 - INFO - 找到 22 张图片在:第1集
2026-09-29 02:35:28 - mkk_pika - main.py:112 - INFO - [episode:第1集       ] downloaded:    22, total:  22, progress:100%
2026-09-29 02:35:28 - mkk_pika - database.py:238 - INFO - 数据库更新已下载章节
2026-09-29 02:35:28 - mkk_pika - database.py:244 - INFO - 该漫画已下载章节如下
2026-09-29 02:35:28 - mkk_pika - database.py:245 - INFO - ['第1集']
2026-09-29 02:35:30 - mkk_pika - main.py:348 - INFO - ==================== 漫画信息 ====================
                                   漫画ID：5d085c229eab272ad84605c4
                                   标题： JKミミック (COMIC BAVEL 2018年10月号) [中国翻訳] [DL版]
                                   作者：わいら
                                   是否完结：是
                                   总页数：22
                                   分类：短篇,人妻
                                   章节数：1
                                   最后更新时间：2019-06-18T03:36:02.152Z
                                   =================================================
2026-09-29 02:35:30 - mkk_pika - database.py:101 - INFO - 保存成功： JKミミック (COMIC BAVEL 2018年10月号) [中国翻訳] [DL版]
2026-09-29 02:35:30 - mkk_pika - main.py:35 - INFO - 开始检查(C92)  ハメブル NEXT (グランブルーファンタジー)[中国翻訳]是否存在未下载章节
2026-09-29 02:35:30 - mkk_pika - main.py:45 - INFO - 正在下载:[(C92)  ハメブル NEXT (グランブルーファンタジー)[中国翻訳]]-[ばつ印 (ばつ)]-[['短篇', '同人', '碧藍幻想', '純愛']]-[total_pages:24]
2026-09-29 02:35:30 - mkk_pika - main.py:49 - INFO - [{'_id': '5d085c3f9eab272ad84605dd', 'title': '第1集', 'order': 1, 'updated_at': '2019-06-17T18:35:56.660Z', 'id': '5d085c3f9eab272ad84605dd'}]
2026-09-29 02:35:30 - mkk_pika - database.py:215 - INFO - 第一次下载该漫画，记录数据库中
2026-09-29 02:35:32 - mkk_pika - main.py:83 - INFO - 找到 24 张图片在:第1集
2026-09-29 02:35:33 - mkk_pika - main.py:112 - INFO - [episode:第1集       ] downloaded:    24, total:  24, progress:100%
2026-09-29 02:35:33 - mkk_pika - database.py:238 - INFO - 数据库更新已下载章节
2026-09-29 02:35:33 - mkk_pika - database.py:244 - INFO - 该漫画已下载章节如下
2026-09-29 02:35:33 - mkk_pika - database.py:245 - INFO - ['第1集']
2026-09-29 02:35:35 - mkk_pika - main.py:348 - INFO - ==================== 漫画信息 ====================
                                   漫画ID：5d085c3f9eab272ad84605dc
                                   标题：(C92)  ハメブル NEXT (グランブルーファンタジー)[中国翻訳]
                                   作者：ばつ印 (ばつ)
                                   是否完结：是
                                   总页数：24
                                   分类：短篇,同人,碧藍幻想,純愛
                                   章节数：1
                                   最后更新时间：2019-06-18T03:36:31.270Z
                                   =================================================
2026-09-29 02:35:35 - mkk_pika - database.py:101 - INFO - 保存成功：(C92)  ハメブル NEXT (グランブルーファンタジー)[中国翻訳]
2026-09-29 02:35:35 - mkk_pika - main.py:35 - INFO - 开始检查(C93) フランちゃんのエロトラップダンジョン Clitoris Hugger (東方Project)[中国翻訳]是否存在未下载章节
2026-09-29 02:35:35 - mkk_pika - main.py:45 - INFO - 正在下载:[(C93) フランちゃんのエロトラップダンジョン Clitoris Hugger (東方Project)[中国翻訳]]-[天使の羽 (蘭戸せる)]-[['短篇', '同人', '非人類', '東方']]-[total_pages:20]
2026-09-29 02:35:35 - mkk_pika - main.py:49 - INFO - [{'_id': '5d085c616189352ac770615c', 'title': '第1集', 'order': 1, 'updated_at': '2019-06-17T18:42:03.535Z', 'id': '5d085c616189352ac770615c'}]
2026-09-29 02:35:35 - mkk_pika - database.py:215 - INFO - 第一次下载该漫画，记录数据库中
2026-09-29 02:35:36 - mkk_pika - main.py:83 - INFO - 找到 20 张图片在:第1集
2026-09-29 02:35:37 - mkk_pika - main.py:112 - INFO - [episode:第1集       ] downloaded:    20, total:  20, progress:100%
2026-09-29 02:35:37 - mkk_pika - database.py:238 - INFO - 数据库更新已下载章节
2026-09-29 02:35:37 - mkk_pika - database.py:244 - INFO - 该漫画已下载章节如下
2026-09-29 02:35:37 - mkk_pika - database.py:245 - INFO - ['第1集']
2026-09-29 02:35:38 - mkk_pika - main.py:348 - INFO - ==================== 漫画信息 ====================
                                   漫画ID：5d085c616189352ac770615b
                                   标题：(C93) フランちゃんのエロトラップダンジョン Clitoris Hugger (東方Project)[中国翻訳]
                                   作者：天使の羽 (蘭戸せる)
                                   是否完结：是
                                   总页数：20
                                   分类：短篇,同人,非人類,東方
                                   章节数：1
                                   最后更新时间：2019-06-18T03:37:05.483Z
                                   =================================================
2026-09-29 02:35:38 - mkk_pika - database.py:101 - INFO - 保存成功：(C93) フランちゃんのエロトラップダンジョン Clitoris Hugger (東方Project)[中国翻訳]
2026-09-29 02:35:38 - mkk_pika - main.py:35 - INFO - 开始检查(こみトレ31)絶対服従ドスケベふたなりちんぽ奴隷淫獣 (Fate Grand Order)[中国翻訳]是否存在未下载章节
2026-09-29 02:35:38 - mkk_pika - main.py:45 - INFO - 正在下载:[(こみトレ31)絶対服従ドスケベふたなりちんぽ奴隷淫獣 (Fate Grand Order)[中国翻訳]]-[AMR (雨あられ)]-[['同人', '扶他樂園', 'Fate']]-[total_pages:40]
2026-09-29 02:35:38 - mkk_pika - main.py:49 - INFO - [{'_id': '5d085ca26189352ac77061b9', 'title': '第1集', 'order': 1, 'updated_at': '2019-06-17T18:46:12.988Z', 'id': '5d085ca26189352ac77061b9'}]
2026-09-29 02:35:38 - mkk_pika - database.py:215 - INFO - 第一次下载该漫画，记录数据库中
2026-09-29 02:35:39 - mkk_pika - main.py:83 - INFO - 找到 40 张图片在:第1集
2026-09-29 02:35:41 - mkk_pika - main.py:112 - INFO - [episode:第1集       ] downloaded:    40, total:  40, progress:100%
2026-09-29 02:35:41 - mkk_pika - database.py:238 - INFO - 数据库更新已下载章节
2026-09-29 02:35:41 - mkk_pika - database.py:244 - INFO - 该漫画已下载章节如下
2026-09-29 02:35:41 - mkk_pika - database.py:245 - INFO - ['第1集']
2026-09-29 02:35:42 - mkk_pika - main.py:348 - INFO - ==================== 漫画信息 ====================
                                   漫画ID：5d085ca26189352ac77061b8
                                   标题：(こみトレ31)絶対服従ドスケベふたなりちんぽ奴隷淫獣 (Fate Grand Order)[中国翻訳]
                                   作者：AMR (雨あられ)
                                   是否完结：是
                                   总页数：40
                                   分类：同人,扶他樂園,Fate
                                   章节数：1
                                   最后更新时间：2019-06-18T03:38:10.797Z
                                   =================================================
2026-09-29 02:35:42 - mkk_pika - database.py:101 - INFO - 保存成功：(こみトレ31)絶対服従ドスケベふたなりちんぽ奴隷淫獣 (Fate Grand Order)[中国翻訳]
2026-09-29 02:35:42 - mkk_pika - main.py:35 - INFO - 开始检查(例大祭14)  カヨイヅマらんさま (東方Project) [中国翻訳]是否存在未下载章节
2026-09-29 02:35:42 - mkk_pika - main.py:45 - INFO - 正在下载:[(例大祭14)  カヨイヅマらんさま (東方Project) [中国翻訳]]-[I'm (松林ながな)]-[['同人', '短篇', '純愛', '東方', '非人類']]-[total_pages:31]
2026-09-29 02:35:42 - mkk_pika - main.py:49 - INFO - [{'_id': '5d085cb56189352ac77061e3', 'title': '第1集', 'order': 1, 'updated_at': '2019-06-17T20:20:51.168Z', 'id': '5d085cb56189352ac77061e3'}]
2026-09-29 02:35:42 - mkk_pika - database.py:215 - INFO - 第一次下载该漫画，记录数据库中
2026-09-29 02:35:43 - mkk_pika - main.py:83 - INFO - 找到 31 张图片在:第1集
2026-09-29 02:35:45 - mkk_pika - main.py:112 - INFO - [episode:第1集       ] downloaded:    31, total:  31, progress:100%
2026-09-29 02:35:45 - mkk_pika - database.py:238 - INFO - 数据库更新已下载章节
2026-09-29 02:35:45 - mkk_pika - database.py:244 - INFO - 该漫画已下载章节如下
2026-09-29 02:35:45 - mkk_pika - database.py:245 - INFO - ['第1集']
2026-09-29 02:35:46 - mkk_pika - main.py:348 - INFO - ==================== 漫画信息 ====================
                                   漫画ID：5d085cb56189352ac77061e2
                                   标题：(例大祭14)  カヨイヅマらんさま (東方Project) [中国翻訳]
                                   作者：I'm (松林ながな)
                                   是否完结：否
                                   总页数：31
                                   分类：同人,短篇,純愛,東方,非人類
                                   章节数：1
                                   最后更新时间：2019-06-18T03:38:29.081Z
                                   =================================================
2026-09-29 02:35:46 - mkk_pika - database.py:101 - INFO - 保存成功：(例大祭14)  カヨイヅマらんさま (東方Project) [中国翻訳]
2026-09-29 02:35:46 - mkk_pika - main.py:35 - INFO - 开始检查おしかけ小学生ママ (COMIC LO 2019年6月号)是否存在未下载章节
2026-09-29 02:35:46 - mkk_pika - main.py:45 - INFO - 正在下载:[おしかけ小学生ママ (COMIC LO 2019年6月号)]-[あいらんどう]-[['短篇']]-[total_pages:26]
2026-09-29 02:35:46 - mkk_pika - main.py:49 - INFO - [{'_id': '5d08f9993107760e13bc615c', 'title': '第1集', 'order': 1, 'updated_at': '2019-06-18T07:31:46.928Z', 'id': '5d08f9993107760e13bc615c'}]
2026-09-29 02:35:46 - mkk_pika - database.py:215 - INFO - 第一次下载该漫画，记录数据库中
2026-09-29 02:35:47 - mkk_pika - main.py:83 - INFO - 找到 26 张图片在:第1集
2026-09-29 02:35:48 - mkk_pika - main.py:112 - INFO - [episode:第1集       ] downloaded:    26, total:  26, progress:100%
2026-09-29 02:35:48 - mkk_pika - database.py:238 - INFO - 数据库更新已下载章节
2026-09-29 02:35:48 - mkk_pika - database.py:244 - INFO - 该漫画已下载章节如下
2026-09-29 02:35:48 - mkk_pika - database.py:245 - INFO - ['第1集']
2026-09-29 02:35:50 - mkk_pika - main.py:348 - INFO - ==================== 漫画信息 ====================
                                   漫画ID：5d08f9993107760e13bc615b
                                   标题：おしかけ小学生ママ (COMIC LO 2019年6月号)
                                   作者：あいらんどう
                                   是否完结：否
                                   总页数：26
                                   分类：短篇
                                   章节数：1
                                   最后更新时间：2019-06-18T14:47:53.367Z
                                   =================================================
2026-09-29 02:35:50 - mkk_pika - database.py:101 - INFO - 保存成功：おしかけ小学生ママ (COMIC LO 2019年6月号)
2026-09-29 02:35:50 - mkk_pika - main.py:35 - INFO - 开始检查毛茸FULL是否存在未下载章节
2026-09-29 02:35:50 - mkk_pika - main.py:45 - INFO - 正在下载:[毛茸FULL]-[moffle]-[['短篇', '純愛', '非人類']]-[total_pages:64]
2026-09-29 02:35:50 - mkk_pika - main.py:49 - INFO - [{'_id': '5d08fbf69f759a0e0d4ab361', 'title': '第1集', 'order': 1, 'updated_at': '2019-06-18T12:47:58.515Z', 'id': '5d08fbf69f759a0e0d4ab361'}]
2026-09-29 02:35:50 - mkk_pika - database.py:215 - INFO - 第一次下载该漫画，记录数据库中
2026-09-29 02:35:51 - mkk_pika - main.py:83 - INFO - 找到 64 张图片在:第1集
2026-09-29 02:35:55 - mkk_pika - main.py:112 - INFO - [episode:第1集       ] downloaded:    64, total:  64, progress:100%
2026-09-29 02:35:55 - mkk_pika - database.py:238 - INFO - 数据库更新已下载章节
2026-09-29 02:35:55 - mkk_pika - database.py:244 - INFO - 该漫画已下载章节如下
2026-09-29 02:35:55 - mkk_pika - database.py:245 - INFO - ['第1集']
2026-09-29 02:35:56 - mkk_pika - main.py:348 - INFO - ==================== 漫画信息 ====================
                                   漫画ID：5d08fbf69f759a0e0d4ab360
                                   标题：毛茸FULL
                                   作者：moffle
                                   是否完结：是
                                   总页数：64
                                   分类：短篇,純愛,非人類
                                   章节数：1
                                   最后更新时间：2019-06-18T14:57:58.664Z
                                   =================================================
2026-09-29 02:35:56 - mkk_pika - database.py:101 - INFO - 保存成功：毛茸FULL
2026-09-29 02:35:56 - mkk_pika - main.py:35 - INFO - 开始检查女體化app是否存在未下载章节
2026-09-29 02:35:57 - mkk_pika - main.py:45 - INFO - 正在下载:[女體化app]-[あむ]-[['性轉換']]-[total_pages:17]
2026-09-29 02:35:57 - mkk_pika - main.py:49 - INFO - [{'_id': '5d09f635488ccf2f3690b6b3', 'title': '第1集', 'order': 1, 'updated_at': '2019-06-18T14:11:44.370Z', 'id': '5d09f635488ccf2f3690b6b3'}]
2026-09-29 02:35:57 - mkk_pika - database.py:215 - INFO - 第一次下载该漫画，记录数据库中
2026-09-29 02:35:57 - mkk_pika - main.py:83 - INFO - 找到 18 张图片在:第1集
2026-09-29 02:35:58 - mkk_pika - main.py:112 - INFO - [episode:第1集       ] downloaded:    18, total:  18, progress:100%
2026-09-29 02:35:58 - mkk_pika - database.py:238 - INFO - 数据库更新已下载章节
2026-09-29 02:35:58 - mkk_pika - database.py:244 - INFO - 该漫画已下载章节如下
2026-09-29 02:35:58 - mkk_pika - database.py:245 - INFO - ['第1集']
2026-09-29 02:36:00 - mkk_pika - main.py:348 - INFO - ==================== 漫画信息 ====================
                                   漫画ID：5d09f635488ccf2f3690b6b2
                                   标题：女體化app
                                   作者：あむ
                                   是否完结：是
                                   总页数：17
                                   分类：性轉換
                                   章节数：1
                                   最后更新时间：2019-06-19T08:45:41.376Z
                                   =================================================
2026-09-29 02:36:00 - mkk_pika - database.py:101 - INFO - 保存成功：女體化app
2026-09-29 02:36:00 - mkk_pika - main.py:35 - INFO - 开始检查3D三国无双是否存在未下载章节
2026-09-29 02:36:00 - mkk_pika - main.py:45 - INFO - 正在下载:[3D三国无双]-[不明]-[['同人', '全彩']]-[total_pages:219]
2026-09-29 02:36:00 - mkk_pika - main.py:49 - INFO - [{'_id': '5d09f6418cb2882f298c2d1a', 'title': '第1集', 'order': 1, 'updated_at': '2019-06-18T15:03:17.621Z', 'id': '5d09f6418cb2882f298c2d1a'}]
2026-09-29 02:36:00 - mkk_pika - database.py:215 - INFO - 第一次下载该漫画，记录数据库中
2026-09-29 02:36:02 - mkk_pika - main.py:83 - INFO - 找到 219 张图片在:第1集
2026-09-29 02:36:13 - mkk_pika - main.py:112 - INFO - [episode:第1集       ] downloaded:   219, total: 219, progress:100%
2026-09-29 02:36:13 - mkk_pika - database.py:238 - INFO - 数据库更新已下载章节
2026-09-29 02:36:13 - mkk_pika - database.py:244 - INFO - 该漫画已下载章节如下
2026-09-29 02:36:13 - mkk_pika - database.py:245 - INFO - ['第1集']
2026-09-29 02:36:15 - mkk_pika - main.py:348 - INFO - ==================== 漫画信息 ====================
                                   漫画ID：5d09f6418cb2882f298c2d19
                                   标题：3D三国无双
                                   作者：不明
                                   是否完结：否
                                   总页数：219
                                   分类：同人,全彩
                                   章节数：1
                                   最后更新时间：2019-06-19T08:45:53.313Z
                                   =================================================
2026-09-29 02:36:15 - mkk_pika - database.py:101 - INFO - 保存成功：3D三国无双
2026-09-29 02:36:15 - mkk_pika - main.py:35 - INFO - 开始检查 おばコン (コミックゼロス #45) [中国翻訳]是否存在未下载章节
2026-09-29 02:36:15 - mkk_pika - main.py:45 - INFO - 正在下载:[ おばコン (コミックゼロス #45) [中国翻訳]]-[右脳]-[['短篇', '人妻']]-[total_pages:26]
2026-09-29 02:36:15 - mkk_pika - main.py:49 - INFO - [{'_id': '5d09f6b1488ccf2f3690b6ca', 'title': '第1集', 'order': 1, 'updated_at': '2019-06-18T15:34:57.338Z', 'id': '5d09f6b1488ccf2f3690b6ca'}]
2026-09-29 02:36:15 - mkk_pika - database.py:215 - INFO - 第一次下载该漫画，记录数据库中
2026-09-29 02:36:16 - mkk_pika - main.py:83 - INFO - 找到 26 张图片在:第1集
2026-09-29 02:36:19 - mkk_pika - main.py:112 - INFO - [episode:第1集       ] downloaded:    26, total:  26, progress:100%
2026-09-29 02:36:19 - mkk_pika - database.py:238 - INFO - 数据库更新已下载章节
2026-09-29 02:36:19 - mkk_pika - database.py:244 - INFO - 该漫画已下载章节如下
2026-09-29 02:36:19 - mkk_pika - database.py:245 - INFO - ['第1集']
2026-09-29 02:36:20 - mkk_pika - main.py:348 - INFO - ==================== 漫画信息 ====================
                                   漫画ID：5d09f6b1488ccf2f3690b6c9
                                   标题： おばコン (コミックゼロス #45) [中国翻訳]
                                   作者：右脳
                                   是否完结：是
                                   总页数：26
                                   分类：短篇,人妻
                                   章节数：1
                                   最后更新时间：2019-06-19T08:47:45.774Z
                                   =================================================
2026-09-29 02:36:20 - mkk_pika - database.py:101 - INFO - 保存成功： おばコン (コミックゼロス #45) [中国翻訳]
2026-09-29 02:36:20 - mkk_pika - main.py:35 - INFO - 开始检查(ふたけっと14.5) ふたなり剣士シズクの受難-触手鎧編-是否存在未下载章节
2026-09-29 02:36:21 - mkk_pika - main.py:45 - INFO - 正在下载:[(ふたけっと14.5) ふたなり剣士シズクの受難-触手鎧編-]-[C.R's NEST (しーあーる)]-[['扶他樂園', '非人類']]-[total_pages:23]
2026-09-29 02:36:21 - mkk_pika - main.py:49 - INFO - [{'_id': '5d09f6d16b34ce2f3bcc6b7b', 'title': '第1集', 'order': 1, 'updated_at': '2019-06-18T08:59:59.247Z', 'id': '5d09f6d16b34ce2f3bcc6b7b'}]
2026-09-29 02:36:21 - mkk_pika - database.py:215 - INFO - 第一次下载该漫画，记录数据库中
2026-09-29 02:36:21 - mkk_pika - main.py:83 - INFO - 找到 23 张图片在:第1集
2026-09-29 02:36:23 - mkk_pika - main.py:112 - INFO - [episode:第1集       ] downloaded:    23, total:  23, progress:100%
2026-09-29 02:36:23 - mkk_pika - database.py:238 - INFO - 数据库更新已下载章节
2026-09-29 02:36:23 - mkk_pika - database.py:244 - INFO - 该漫画已下载章节如下
2026-09-29 02:36:23 - mkk_pika - database.py:245 - INFO - ['第1集']
2026-09-29 02:36:24 - mkk_pika - main.py:348 - INFO - ==================== 漫画信息 ====================
                                   漫画ID：5d09f6d16b34ce2f3bcc6b7a
                                   标题：(ふたけっと14.5) ふたなり剣士シズクの受難-触手鎧編-
                                   作者：C.R's NEST (しーあーる)
                                   是否完结：是
                                   总页数：23
                                   分类：扶他樂園,非人類
                                   章节数：1
                                   最后更新时间：2019-06-19T08:48:17.534Z
                                   =================================================
2026-09-29 02:36:24 - mkk_pika - database.py:101 - INFO - 保存成功：(ふたけっと14.5) ふたなり剣士シズクの受難-触手鎧編-
2026-09-29 02:36:24 - mkk_pika - main.py:35 - INFO - 开始检查少女前線ほぼ異状なし (COMIC 舞姫無双 ACT.08 2013年11月号) [中国翻訳]是否存在未下载章节
2026-09-29 02:36:24 - mkk_pika - main.py:45 - INFO - 正在下载:[少女前線ほぼ異状なし (COMIC 舞姫無双 ACT.08 2013年11月号) [中国翻訳]]-[奥森ボウイ]-[['短篇']]-[total_pages:20]
2026-09-29 02:36:24 - mkk_pika - main.py:49 - INFO - [{'_id': '5d09f7d16b34ce2f3bcc6bc6', 'title': '第1集', 'order': 1, 'updated_at': '2019-06-18T17:18:04.462Z', 'id': '5d09f7d16b34ce2f3bcc6bc6'}]
2026-09-29 02:36:24 - mkk_pika - database.py:215 - INFO - 第一次下载该漫画，记录数据库中
2026-09-29 02:36:25 - mkk_pika - main.py:83 - INFO - 找到 20 张图片在:第1集
2026-09-29 02:36:26 - mkk_pika - main.py:112 - INFO - [episode:第1集       ] downloaded:    20, total:  20, progress:100%
2026-09-29 02:36:26 - mkk_pika - database.py:238 - INFO - 数据库更新已下载章节
2026-09-29 02:36:26 - mkk_pika - database.py:244 - INFO - 该漫画已下载章节如下
2026-09-29 02:36:26 - mkk_pika - database.py:245 - INFO - ['第1集']
2026-09-29 02:36:28 - mkk_pika - main.py:348 - INFO - ==================== 漫画信息 ====================
                                   漫画ID：5d09f7d16b34ce2f3bcc6bc5
                                   标题：少女前線ほぼ異状なし (COMIC 舞姫無双 ACT.08 2013年11月号) [中国翻訳]
                                   作者：奥森ボウイ
                                   是否完结：是
                                   总页数：20
                                   分类：短篇
                                   章节数：1
                                   最后更新时间：2019-06-19T08:52:33.588Z
                                   =================================================
2026-09-29 02:36:28 - mkk_pika - database.py:101 - INFO - 保存成功：少女前線ほぼ異状なし (COMIC 舞姫無双 ACT.08 2013年11月号) [中国翻訳]
2026-09-29 02:36:28 - mkk_pika - main.py:35 - INFO - 开始检查(#にじそうさく02)  あの新人萌え声生主が最近配信しなくなった驚きの理由とは… (でびっち) [中国翻訳]是否存在未下载章节
2026-09-29 02:36:28 - mkk_pika - main.py:45 - INFO - 正在下载:[(#にじそうさく02)  あの新人萌え声生主が最近配信しなくなった驚きの理由とは… (でびっち) [中国翻訳]]-[愛昧亭 (愛昧亭うまみ)]-[['短篇', '同人', '扶他樂園']]-[total_pages:26]
2026-09-29 02:36:28 - mkk_pika - main.py:49 - INFO - [{'_id': '5d09f7f21edbf52f24b281b2', 'title': '第1集', 'order': 1, 'updated_at': '2019-06-18T17:39:56.687Z', 'id': '5d09f7f21edbf52f24b281b2'}]
2026-09-29 02:36:28 - mkk_pika - database.py:215 - INFO - 第一次下载该漫画，记录数据库中
2026-09-29 02:36:29 - mkk_pika - main.py:83 - INFO - 找到 26 张图片在:第1集
2026-09-29 02:36:30 - mkk_pika - main.py:112 - INFO - [episode:第1集       ] downloaded:    26, total:  26, progress:100%
2026-09-29 02:36:30 - mkk_pika - database.py:238 - INFO - 数据库更新已下载章节
2026-09-29 02:36:30 - mkk_pika - database.py:244 - INFO - 该漫画已下载章节如下
2026-09-29 02:36:30 - mkk_pika - database.py:245 - INFO - ['第1集']
2026-09-29 02:36:31 - mkk_pika - main.py:348 - INFO - ==================== 漫画信息 ====================
                                   漫画ID：5d09f7f21edbf52f24b281b1
                                   标题：(#にじそうさく02)  あの新人萌え声生主が最近配信しなくなった驚きの理由とは… (でびっち) [中国翻訳]
                                   作者：愛昧亭 (愛昧亭うまみ)
                                   是否完结：是
                                   总页数：26
                                   分类：短篇,同人,扶他樂園
                                   章节数：1
                                   最后更新时间：2019-06-19T08:53:06.976Z
                                   =================================================
2026-09-29 02:36:31 - mkk_pika - database.py:101 - INFO - 保存成功：(#にじそうさく02)  あの新人萌え声生主が最近配信しなくなった驚きの理由とは… (でびっち) [中国翻訳]
2026-09-29 02:36:31 - mkk_pika - main.py:35 - INFO - 开始检查(COMIC1☆12)  ごめんなさい、お兄ちゃんが好きです。 [中国翻訳]是否存在未下载章节
2026-09-29 02:36:32 - mkk_pika - main.py:45 - INFO - 正在下载:[(COMIC1☆12)  ごめんなさい、お兄ちゃんが好きです。 [中国翻訳]]-[しとろんの杜 (柚子奈ひよ)]-[['短篇', '妹妹系']]-[total_pages:24]
2026-09-29 02:36:32 - mkk_pika - main.py:49 - INFO - [{'_id': '5d09f81d488ccf2f3690b6eb', 'title': '第1集', 'order': 1, 'updated_at': '2019-06-18T17:45:49.040Z', 'id': '5d09f81d488ccf2f3690b6eb'}]
2026-09-29 02:36:32 - mkk_pika - database.py:215 - INFO - 第一次下载该漫画，记录数据库中
2026-09-29 02:36:32 - mkk_pika - main.py:83 - INFO - 找到 24 张图片在:第1集
2026-09-29 02:36:34 - mkk_pika - main.py:112 - INFO - [episode:第1集       ] downloaded:    24, total:  24, progress:100%
2026-09-29 02:36:34 - mkk_pika - database.py:238 - INFO - 数据库更新已下载章节
2026-09-29 02:36:34 - mkk_pika - database.py:244 - INFO - 该漫画已下载章节如下
2026-09-29 02:36:34 - mkk_pika - database.py:245 - INFO - ['第1集']
2026-09-29 02:36:35 - mkk_pika - main.py:348 - INFO - ==================== 漫画信息 ====================
                                   漫画ID：5d09f81d488ccf2f3690b6ea
                                   标题：(COMIC1☆12)  ごめんなさい、お兄ちゃんが好きです。 [中国翻訳]
                                   作者：しとろんの杜 (柚子奈ひよ)
                                   是否完结：是
                                   总页数：24
                                   分类：短篇,妹妹系
                                   章节数：1
                                   最后更新时间：2019-06-19T08:53:49.152Z
                                   =================================================
2026-09-29 02:36:35 - mkk_pika - database.py:101 - INFO - 保存成功：(COMIC1☆12)  ごめんなさい、お兄ちゃんが好きです。 [中国翻訳]
2026-09-29 02:36:35 - mkk_pika - main.py:35 - INFO - 开始检查班级转生只有我被排挤在外所以、就决定开同级生后宫是否存在未下载章节
2026-09-29 02:36:35 - mkk_pika - main.py:45 - INFO - 正在下载:[班级转生只有我被排挤在外所以、就决定开同级生后宫]-[もりたかたか]-[['長篇', '後宮閃光']]-[total_pages:30]
2026-09-29 02:36:35 - mkk_pika - main.py:49 - INFO - [{'_id': '5d09f8901edbf52f24b281ce', 'title': '第1集', 'order': 1, 'updated_at': '2019-06-18T18:56:40.796Z', 'id': '5d09f8901edbf52f24b281ce'}]
2026-09-29 02:36:35 - mkk_pika - database.py:215 - INFO - 第一次下载该漫画，记录数据库中
2026-09-29 02:36:36 - mkk_pika - main.py:83 - INFO - 找到 30 张图片在:第1集
2026-09-29 02:36:37 - mkk_pika - main.py:112 - INFO - [episode:第1集       ] downloaded:    30, total:  30, progress:100%
2026-09-29 02:36:37 - mkk_pika - database.py:238 - INFO - 数据库更新已下载章节
2026-09-29 02:36:37 - mkk_pika - database.py:244 - INFO - 该漫画已下载章节如下
2026-09-29 02:36:37 - mkk_pika - database.py:245 - INFO - ['第1集']
2026-09-29 02:36:39 - mkk_pika - main.py:348 - INFO - ==================== 漫画信息 ====================
                                   漫画ID：5d09f8901edbf52f24b281cd
                                   标题：班级转生只有我被排挤在外所以、就决定开同级生后宫
                                   作者：もりたかたか
                                   是否完结：是
                                   总页数：30
                                   分类：長篇,後宮閃光
                                   章节数：1
                                   最后更新时间：2019-06-19T08:55:44.598Z
                                   =================================================
2026-09-29 02:36:39 - mkk_pika - database.py:101 - INFO - 保存成功：班级转生只有我被排挤在外所以、就决定开同级生后宫
2026-09-29 02:36:39 - mkk_pika - main.py:35 - INFO - 开始检查(C93) 後天性TSレオ (Fate/Extra)是否存在未下载章节
2026-09-29 02:36:39 - mkk_pika - main.py:45 - INFO - 正在下载:[(C93) 後天性TSレオ (Fate/Extra)]-[サヨナラホーネット (ヨシラギ)]-[['短篇', '同人', '性轉換', 'Fate']]-[total_pages:22]
2026-09-29 02:36:39 - mkk_pika - main.py:49 - INFO - [{'_id': '5d09fa4f1edbf52f24b2820d', 'title': '第1集', 'order': 1, 'updated_at': '2019-06-18T18:33:46.949Z', 'id': '5d09fa4f1edbf52f24b2820d'}]
2026-09-29 02:36:39 - mkk_pika - database.py:215 - INFO - 第一次下载该漫画，记录数据库中
2026-09-29 02:36:39 - mkk_pika - main.py:83 - INFO - 找到 22 张图片在:第1集
2026-09-29 02:36:41 - mkk_pika - main.py:112 - INFO - [episode:第1集       ] downloaded:    22, total:  22, progress:100%
2026-09-29 02:36:41 - mkk_pika - database.py:238 - INFO - 数据库更新已下载章节
2026-09-29 02:36:41 - mkk_pika - database.py:244 - INFO - 该漫画已下载章节如下
2026-09-29 02:36:41 - mkk_pika - database.py:245 - INFO - ['第1集']
2026-09-29 02:36:42 - mkk_pika - main.py:348 - INFO - ==================== 漫画信息 ====================
                                   漫画ID：5d09fa4f1edbf52f24b2820c
                                   标题：(C93) 後天性TSレオ (Fate/Extra)
                                   作者：サヨナラホーネット (ヨシラギ)
                                   是否完结：是
                                   总页数：22
                                   分类：短篇,同人,性轉換,Fate
                                   章节数：1
                                   最后更新时间：2019-06-19T09:03:11.892Z
                                   =================================================
2026-09-29 02:36:42 - mkk_pika - database.py:101 - INFO - 保存成功：(C93) 後天性TSレオ (Fate/Extra)
2026-09-29 02:36:42 - mkk_pika - main.py:35 - INFO - 开始检查(C94) ゆるゆるぱこぱこ北上さん (艦隊これくしょん -艦これ-) [中国翻訳]是否存在未下载章节
2026-09-29 02:36:42 - mkk_pika - main.py:45 - INFO - 正在下载:[(C94) ゆるゆるぱこぱこ北上さん (艦隊これくしょん -艦これ-) [中国翻訳]]-[伊東ライフ]-[['短篇', '同人', '純愛', '艦隊收藏']]-[total_pages:35]
2026-09-29 02:36:42 - mkk_pika - main.py:49 - INFO - [{'_id': '5d09fab71edbf52f24b28225', 'title': '第1集', 'order': 1, 'updated_at': '2019-06-18T18:50:05.731Z', 'id': '5d09fab71edbf52f24b28225'}]
2026-09-29 02:36:42 - mkk_pika - database.py:215 - INFO - 第一次下载该漫画，记录数据库中
2026-09-29 02:36:43 - mkk_pika - main.py:83 - INFO - 找到 35 张图片在:第1集
2026-09-29 02:36:45 - mkk_pika - main.py:112 - INFO - [episode:第1集       ] downloaded:    35, total:  35, progress:100%
2026-09-29 02:36:45 - mkk_pika - database.py:238 - INFO - 数据库更新已下载章节
2026-09-29 02:36:45 - mkk_pika - database.py:244 - INFO - 该漫画已下载章节如下
2026-09-29 02:36:45 - mkk_pika - database.py:245 - INFO - ['第1集']
2026-09-29 02:36:46 - mkk_pika - main.py:348 - INFO - ==================== 漫画信息 ====================
                                   漫画ID：5d09fab71edbf52f24b28224
                                   标题：(C94) ゆるゆるぱこぱこ北上さん (艦隊これくしょん -艦これ-) [中国翻訳]
                                   作者：伊東ライフ
                                   是否完结：是
                                   总页数：35
                                   分类：短篇,同人,純愛,艦隊收藏
                                   章节数：1
                                   最后更新时间：2019-06-19T09:04:55.078Z
                                   =================================================
2026-09-29 02:36:46 - mkk_pika - database.py:101 - INFO - 保存成功：(C94) ゆるゆるぱこぱこ北上さん (艦隊これくしょん -艦これ-) [中国翻訳]
2026-09-29 02:36:46 - mkk_pika - main.py:35 - INFO - 开始检查目が覚めたらケモミミ少女になっていたお話 | 醒来的时候变成了兽耳少女是否存在未下载章节
2026-09-29 02:36:46 - mkk_pika - main.py:45 - INFO - 正在下载:[目が覚めたらケモミミ少女になっていたお話 | 醒来的时候变成了兽耳少女]-[みこと]-[['全彩', '性轉換']]-[total_pages:15]
2026-09-29 02:36:46 - mkk_pika - main.py:49 - INFO - [{'_id': '5d09fae18cb2882f298c2dfa', 'title': '第1集', 'order': 1, 'updated_at': '2019-06-18T19:03:53.982Z', 'id': '5d09fae18cb2882f298c2dfa'}, {'_id': '5d09fae18cb2882f298c2dfb', 'title': '第2集', 'order': 2, 'updated_at': '2019-06-18T19:04:15.927Z', 'id': '5d09fae18cb2882f298c2dfb'}, {'_id': '5d09fae18cb2882f298c2dfc', 'title': '第3集', 'order': 3, 'updated_at': '2019-06-18T19:04:31.932Z', 'id': '5d09fae18cb2882f298c2dfc'}]
2026-09-29 02:36:46 - mkk_pika - database.py:215 - INFO - 第一次下载该漫画，记录数据库中
2026-09-29 02:36:47 - mkk_pika - main.py:83 - INFO - 找到 5 张图片在:第1集
2026-09-29 02:36:47 - mkk_pika - main.py:112 - INFO - [episode:第1集       ] downloaded:     5, total:   5, progress:100%
2026-09-29 02:36:47 - mkk_pika - database.py:238 - INFO - 数据库更新已下载章节
2026-09-29 02:36:47 - mkk_pika - database.py:244 - INFO - 该漫画已下载章节如下
2026-09-29 02:36:47 - mkk_pika - database.py:245 - INFO - ['第1集']
2026-09-29 02:36:49 - mkk_pika - main.py:83 - INFO - 找到 5 张图片在:第2集
2026-09-29 02:36:49 - mkk_pika - main.py:112 - INFO - [episode:第2集       ] downloaded:     5, total:   5, progress:100%
2026-09-29 02:36:49 - mkk_pika - database.py:238 - INFO - 数据库更新已下载章节
2026-09-29 02:36:49 - mkk_pika - database.py:244 - INFO - 该漫画已下载章节如下
2026-09-29 02:36:49 - mkk_pika - database.py:245 - INFO - ['第1集', '第2集']
2026-09-29 02:36:51 - mkk_pika - main.py:83 - INFO - 找到 5 张图片在:第3集
2026-09-29 02:36:51 - mkk_pika - main.py:112 - INFO - [episode:第3集       ] downloaded:     5, total:   5, progress:100%
2026-09-29 02:36:51 - mkk_pika - database.py:238 - INFO - 数据库更新已下载章节
2026-09-29 02:36:51 - mkk_pika - database.py:244 - INFO - 该漫画已下载章节如下
2026-09-29 02:36:51 - mkk_pika - database.py:245 - INFO - ['第1集', '第2集', '第3集']
2026-09-29 02:36:52 - mkk_pika - main.py:348 - INFO - ==================== 漫画信息 ====================
                                   漫画ID：5d09fae18cb2882f298c2df9
                                   标题：目が覚めたらケモミミ少女になっていたお話 | 醒来的时候变成了兽耳少女
                                   作者：みこと
                                   是否完结：是
                                   总页数：15
                                   分类：全彩,性轉換
                                   章节数：3
                                   最后更新时间：2019-06-19T09:05:37.677Z
                                   =================================================
2026-09-29 02:36:52 - mkk_pika - database.py:101 - INFO - 保存成功：目が覚めたらケモミミ少女になっていたお話 | 醒来的时候变成了兽耳少女
2026-09-29 02:36:52 - mkk_pika - main.py:35 - INFO - 开始检查シカクとバツ [中国翻訳]是否存在未下载章节
2026-09-29 02:36:53 - mkk_pika - main.py:45 - INFO - 正在下载:[シカクとバツ [中国翻訳]]-[江☆浪漫工房 (江戸川浪漫)]-[['短篇', 'NTR']]-[total_pages:50]
2026-09-29 02:36:53 - mkk_pika - main.py:49 - INFO - [{'_id': '5d09fb556b34ce2f3bcc6c06', 'title': '第1集', 'order': 1, 'updated_at': '2019-06-18T20:59:53.992Z', 'id': '5d09fb556b34ce2f3bcc6c06'}]
2026-09-29 02:36:53 - mkk_pika - database.py:215 - INFO - 第一次下载该漫画，记录数据库中
2026-09-29 02:36:54 - mkk_pika - main.py:83 - INFO - 找到 50 张图片在:第1集
2026-09-29 02:36:56 - mkk_pika - main.py:112 - INFO - [episode:第1集       ] downloaded:    50, total:  50, progress:100%
2026-09-29 02:36:56 - mkk_pika - database.py:238 - INFO - 数据库更新已下载章节
2026-09-29 02:36:56 - mkk_pika - database.py:244 - INFO - 该漫画已下载章节如下
2026-09-29 02:36:56 - mkk_pika - database.py:245 - INFO - ['第1集']
2026-09-29 02:36:57 - mkk_pika - main.py:348 - INFO - ==================== 漫画信息 ====================
                                   漫画ID：5d09fb556b34ce2f3bcc6c05
                                   标题：シカクとバツ [中国翻訳]
                                   作者：江☆浪漫工房 (江戸川浪漫)
                                   是否完结：是
                                   总页数：50
                                   分类：短篇,NTR
                                   章节数：1
                                   最后更新时间：2019-06-19T09:07:33.562Z
                                   =================================================
2026-09-29 02:36:57 - mkk_pika - database.py:101 - INFO - 保存成功：シカクとバツ [中国翻訳]
2026-09-29 02:36:57 - mkk_pika - main.py:35 - INFO - 开始检查(C90)妹らぶ!2 [中国翻訳]是否存在未下载章节
2026-09-29 02:36:58 - mkk_pika - main.py:45 - INFO - 正在下载:[(C90)妹らぶ!2 [中国翻訳]]-[祭社 (ななろば華)]-[['全彩', '妹妹系', '短篇']]-[total_pages:18]
2026-09-29 02:36:58 - mkk_pika - main.py:49 - INFO - [{'_id': '5d0a19ab38e18432fcb6fdc6', 'title': '全一集', 'order': 1, 'updated_at': '2019-06-18T10:39:05.290Z', 'id': '5d0a19ab38e18432fcb6fdc6'}]
2026-09-29 02:36:58 - mkk_pika - database.py:215 - INFO - 第一次下载该漫画，记录数据库中
2026-09-29 02:36:58 - mkk_pika - main.py:83 - INFO - 找到 18 张图片在:全一集
2026-09-29 02:36:59 - mkk_pika - main.py:112 - INFO - [episode:全一集       ] downloaded:    18, total:  18, progress:100%
2026-09-29 02:36:59 - mkk_pika - database.py:238 - INFO - 数据库更新已下载章节
2026-09-29 02:36:59 - mkk_pika - database.py:244 - INFO - 该漫画已下载章节如下
2026-09-29 02:36:59 - mkk_pika - database.py:245 - INFO - ['全一集']
2026-09-29 02:37:01 - mkk_pika - main.py:348 - INFO - ==================== 漫画信息 ====================
                                   漫画ID：5d0a19ab38e18432fcb6fdc5
                                   标题：(C90)妹らぶ!2 [中国翻訳]
                                   作者：祭社 (ななろば華)
                                   是否完结：是
                                   总页数：18
                                   分类：全彩,妹妹系,短篇
                                   章节数：1
                                   最后更新时间：2019-06-19T11:16:59.367Z
                                   =================================================
2026-09-29 02:37:01 - mkk_pika - database.py:101 - INFO - 保存成功：(C90)妹らぶ!2 [中国翻訳]
2026-09-29 02:37:01 - mkk_pika - main.py:35 - INFO - 开始检查(サンクリ2018 Summer)  放課後タマモ倶楽部 (Fate/Extra) [中国翻訳]是否存在未下载章节
2026-09-29 02:37:01 - mkk_pika - main.py:45 - INFO - 正在下载:[(サンクリ2018 Summer)  放課後タマモ倶楽部 (Fate/Extra) [中国翻訳]]-[鶯屋 (鶯神楽)]-[['短篇', '同人', '非人類', 'Fate']]-[total_pages:23]
2026-09-29 02:37:01 - mkk_pika - main.py:49 - INFO - [{'_id': '5d0a19dd2c5d7832f7ba2a39', 'title': '第1集', 'order': 1, 'updated_at': '2019-06-19T00:56:24.859Z', 'id': '5d0a19dd2c5d7832f7ba2a39'}]
2026-09-29 02:37:01 - mkk_pika - database.py:215 - INFO - 第一次下载该漫画，记录数据库中
2026-09-29 02:37:02 - mkk_pika - main.py:83 - INFO - 找到 23 张图片在:第1集
2026-09-29 02:37:03 - mkk_pika - main.py:112 - INFO - [episode:第1集       ] downloaded:    23, total:  23, progress:100%
2026-09-29 02:37:03 - mkk_pika - database.py:238 - INFO - 数据库更新已下载章节
2026-09-29 02:37:03 - mkk_pika - database.py:244 - INFO - 该漫画已下载章节如下
2026-09-29 02:37:03 - mkk_pika - database.py:245 - INFO - ['第1集']
2026-09-29 02:37:04 - mkk_pika - main.py:348 - INFO - ==================== 漫画信息 ====================
                                   漫画ID：5d0a19dd2c5d7832f7ba2a38
                                   标题：(サンクリ2018 Summer)  放課後タマモ倶楽部 (Fate/Extra) [中国翻訳]
                                   作者：鶯屋 (鶯神楽)
                                   是否完结：是
                                   总页数：23
                                   分类：短篇,同人,非人類,Fate
                                   章节数：1
                                   最后更新时间：2019-06-19T11:17:49.617Z
                                   =================================================
2026-09-29 02:37:04 - mkk_pika - database.py:101 - INFO - 保存成功：(サンクリ2018 Summer)  放課後タマモ倶楽部 (Fate/Extra) [中国翻訳]
2026-09-29 02:37:04 - mkk_pika - main.py:35 - INFO - 开始检查(C94)ご主人様、そんなことしちゃめ…っですよ! (アズールレーン) 是否存在未下载章节
2026-09-29 02:37:05 - mkk_pika - main.py:45 - INFO - 正在下载:[(C94)ご主人様、そんなことしちゃめ…っですよ! (アズールレーン) ]-[Twilight Road (ともー)]-[['同人', '短篇', '純愛']]-[total_pages:23]
2026-09-29 02:37:05 - mkk_pika - main.py:49 - INFO - [{'_id': '5d0a1b64eadbf43310ef640e', 'title': '第1集', 'order': 1, 'updated_at': '2019-06-19T08:51:03.298Z', 'id': '5d0a1b64eadbf43310ef640e'}]
2026-09-29 02:37:05 - mkk_pika - database.py:215 - INFO - 第一次下载该漫画，记录数据库中
2026-09-29 02:37:05 - mkk_pika - main.py:83 - INFO - 找到 23 张图片在:第1集
2026-09-29 02:37:07 - mkk_pika - main.py:112 - INFO - [episode:第1集       ] downloaded:    23, total:  23, progress:100%
2026-09-29 02:37:07 - mkk_pika - database.py:238 - INFO - 数据库更新已下载章节
2026-09-29 02:37:07 - mkk_pika - database.py:244 - INFO - 该漫画已下载章节如下
2026-09-29 02:37:07 - mkk_pika - database.py:245 - INFO - ['第1集']
2026-09-29 02:37:08 - mkk_pika - main.py:348 - INFO - ==================== 漫画信息 ====================
                                   漫画ID：5d0a1b64eadbf43310ef640d
                                   标题：(C94)ご主人様、そんなことしちゃめ…っですよ! (アズールレーン) 
                                   作者：Twilight Road (ともー)
                                   是否完结：否
                                   总页数：23
                                   分类：同人,短篇,純愛
                                   章节数：1
                                   最后更新时间：2019-06-19T11:24:20.106Z
                                   =================================================
2026-09-29 02:37:08 - mkk_pika - database.py:101 - INFO - 保存成功：(C94)ご主人様、そんなことしちゃめ…っですよ! (アズールレーン) 
2026-09-29 02:37:08 - mkk_pika - main.py:35 - INFO - 开始检查(COMIC1☆15) オカルトマニアちゃんのミルクファクトリー 準備中 (ポケットモンスター) [中国翻訳]是否存在未下载章节
2026-09-29 02:37:08 - mkk_pika - main.py:45 - INFO - 正在下载:[(COMIC1☆15) オカルトマニアちゃんのミルクファクトリー 準備中 (ポケットモンスター) [中国翻訳]]-[超時空要塞カチューシャ (電気将軍)]-[['短篇', '同人']]-[total_pages:13]
2026-09-29 02:37:08 - mkk_pika - main.py:49 - INFO - [{'_id': '5d0b3b9a38e18432fcb702b3', 'title': '第1集', 'order': 1, 'updated_at': '2019-06-19T11:26:11.961Z', 'id': '5d0b3b9a38e18432fcb702b3'}]
2026-09-29 02:37:08 - mkk_pika - database.py:215 - INFO - 第一次下载该漫画，记录数据库中
2026-09-29 02:37:09 - mkk_pika - main.py:83 - INFO - 找到 13 张图片在:第1集
2026-09-29 02:37:10 - mkk_pika - main.py:112 - INFO - [episode:第1集       ] downloaded:    13, total:  13, progress:100%
2026-09-29 02:37:10 - mkk_pika - database.py:238 - INFO - 数据库更新已下载章节
2026-09-29 02:37:10 - mkk_pika - database.py:244 - INFO - 该漫画已下载章节如下
2026-09-29 02:37:10 - mkk_pika - database.py:245 - INFO - ['第1集']
2026-09-29 02:37:11 - mkk_pika - main.py:348 - INFO - ==================== 漫画信息 ====================
                                   漫画ID：5d0b3b9a38e18432fcb702b2
                                   标题：(COMIC1☆15) オカルトマニアちゃんのミルクファクトリー 準備中 (ポケットモンスター) [中国翻訳]
                                   作者：超時空要塞カチューシャ (電気将軍)
                                   是否完结：是
                                   总页数：13
                                   分类：短篇,同人
                                   章节数：1
                                   最后更新时间：2019-06-20T07:54:02.181Z
                                   =================================================
2026-09-29 02:37:11 - mkk_pika - database.py:101 - INFO - 保存成功：(COMIC1☆15) オカルトマニアちゃんのミルクファクトリー 準備中 (ポケットモンスター) [中国翻訳]
2026-09-29 02:37:11 - mkk_pika - main.py:35 - INFO - 开始检查聖華女学院高等部公認竿おじさん [中国翻訳] [DL版]是否存在未下载章节
2026-09-29 02:37:11 - mkk_pika - main.py:45 - INFO - 正在下载:[聖華女学院高等部公認竿おじさん [中国翻訳] [DL版]]-[DOLL PLAY (黒巣ガタリ)]-[['短篇']]-[total_pages:31]
2026-09-29 02:37:11 - mkk_pika - main.py:49 - INFO - [{'_id': '5d0b3bb1eadbf43310ef6928', 'title': '第1集', 'order': 1, 'updated_at': '2019-06-19T11:49:12.551Z', 'id': '5d0b3bb1eadbf43310ef6928'}]
2026-09-29 02:37:11 - mkk_pika - database.py:215 - INFO - 第一次下载该漫画，记录数据库中
2026-09-29 02:37:12 - mkk_pika - main.py:83 - INFO - 找到 31 张图片在:第1集
2026-09-29 02:37:13 - mkk_pika - main.py:112 - INFO - [episode:第1集       ] downloaded:    31, total:  31, progress:100%
2026-09-29 02:37:13 - mkk_pika - database.py:238 - INFO - 数据库更新已下载章节
2026-09-29 02:37:13 - mkk_pika - database.py:244 - INFO - 该漫画已下载章节如下
2026-09-29 02:37:13 - mkk_pika - database.py:245 - INFO - ['第1集']
2026-09-29 02:37:15 - mkk_pika - main.py:348 - INFO - ==================== 漫画信息 ====================
                                   漫画ID：5d0b3bb1eadbf43310ef6927
                                   标题：聖華女学院高等部公認竿おじさん [中国翻訳] [DL版]
                                   作者：DOLL PLAY (黒巣ガタリ)
                                   是否完结：是
                                   总页数：31
                                   分类：短篇
                                   章节数：1
                                   最后更新时间：2019-06-20T07:54:25.725Z
                                   =================================================
2026-09-29 02:37:15 - mkk_pika - database.py:101 - INFO - 保存成功：聖華女学院高等部公認竿おじさん [中国翻訳] [DL版]
2026-09-29 02:37:15 - mkk_pika - main.py:35 - INFO - 开始检查強欲促進株式会社 上巻是否存在未下载章节
2026-09-29 02:37:15 - mkk_pika - main.py:45 - INFO - 正在下载:[強欲促進株式会社 上巻]-[さいこ]-[['長篇', '短篇', '單行本', '後宮閃光', '強暴', 'SM', '姐姐系', '人妻', 'NTR']]-[total_pages:201]
2026-09-29 02:37:15 - mkk_pika - main.py:49 - INFO - [{'_id': '5d0b3bc4549da3330bb88d72', 'title': '快加入社保公司的單行本', 'order': 1, 'updated_at': '2019-06-13T03:50:03.517Z', 'id': '5d0b3bc4549da3330bb88d72'}]
2026-09-29 02:37:15 - mkk_pika - database.py:215 - INFO - 第一次下载该漫画，记录数据库中
2026-09-29 02:37:17 - mkk_pika - main.py:83 - INFO - 找到 201 张图片在:快加入社保公司的單行本
2026-09-29 02:37:26 - mkk_pika - main.py:112 - INFO - [episode:快加入社保公司的單行本] downloaded:   201, total: 201, progress:100%
2026-09-29 02:37:26 - mkk_pika - database.py:238 - INFO - 数据库更新已下载章节
2026-09-29 02:37:26 - mkk_pika - database.py:244 - INFO - 该漫画已下载章节如下
2026-09-29 02:37:26 - mkk_pika - database.py:245 - INFO - ['快加入社保公司的單行本']
2026-09-29 02:37:27 - mkk_pika - main.py:348 - INFO - ==================== 漫画信息 ====================
                                   漫画ID：5d0b3bc4549da3330bb88d71
                                   标题：強欲促進株式会社 上巻
                                   作者：さいこ
                                   是否完结：是
                                   总页数：201
                                   分类：長篇,短篇,單行本,後宮閃光,強暴,SM,姐姐系,人妻,NTR
                                   章节数：1
                                   最后更新时间：2019-06-20T07:54:44.448Z
                                   =================================================
2026-09-29 02:37:27 - mkk_pika - database.py:101 - INFO - 保存成功：強欲促進株式会社 上巻
2026-09-29 02:37:27 - mkk_pika - main.py:35 - INFO - 开始检查(C91) 褐色エルフとちいさな吸血鬼 [中国翻訳]是否存在未下载章节
2026-09-29 02:37:27 - mkk_pika - main.py:45 - INFO - 正在下载:[(C91) 褐色エルフとちいさな吸血鬼 [中国翻訳]]-[備前泥舟工房 (備前泥舟)]-[['短篇', '純愛', '非人類']]-[total_pages:21]
2026-09-29 02:37:27 - mkk_pika - main.py:49 - INFO - [{'_id': '5d0b3c222c5d7832f7ba2fd0', 'title': '第1集', 'order': 1, 'updated_at': '2019-06-19T12:43:02.441Z', 'id': '5d0b3c222c5d7832f7ba2fd0'}]
2026-09-29 02:37:27 - mkk_pika - database.py:215 - INFO - 第一次下载该漫画，记录数据库中
2026-09-29 02:37:28 - mkk_pika - main.py:83 - INFO - 找到 21 张图片在:第1集
2026-09-29 02:37:29 - mkk_pika - main.py:112 - INFO - [episode:第1集       ] downloaded:    21, total:  21, progress:100%
2026-09-29 02:37:29 - mkk_pika - database.py:238 - INFO - 数据库更新已下载章节
2026-09-29 02:37:29 - mkk_pika - database.py:244 - INFO - 该漫画已下载章节如下
2026-09-29 02:37:29 - mkk_pika - database.py:245 - INFO - ['第1集']
2026-09-29 02:37:30 - mkk_pika - main.py:348 - INFO - ==================== 漫画信息 ====================
                                   漫画ID：5d0b3c222c5d7832f7ba2fcf
                                   标题：(C91) 褐色エルフとちいさな吸血鬼 [中国翻訳]
                                   作者：備前泥舟工房 (備前泥舟)
                                   是否完结：是
                                   总页数：21
                                   分类：短篇,純愛,非人類
                                   章节数：1
                                   最后更新时间：2019-06-20T07:56:18.733Z
                                   =================================================
2026-09-29 02:37:30 - mkk_pika - database.py:101 - INFO - 保存成功：(C91) 褐色エルフとちいさな吸血鬼 [中国翻訳]
2026-09-29 02:37:30 - mkk_pika - main.py:35 - INFO - 开始检查(C93)  純白エルフと褐色エルフとちいさな吸血鬼 [中国翻訳]是否存在未下载章节
2026-09-29 02:37:31 - mkk_pika - main.py:45 - INFO - 正在下载:[(C93)  純白エルフと褐色エルフとちいさな吸血鬼 [中国翻訳]]-[備前泥舟工房 (備前泥舟)]-[['短篇', '純愛', '後宮閃光', '非人類']]-[total_pages:27]
2026-09-29 02:37:31 - mkk_pika - main.py:49 - INFO - [{'_id': '5d0b3c452c5d7832f7ba2fe7', 'title': '第1集', 'order': 1, 'updated_at': '2019-06-19T14:18:04.030Z', 'id': '5d0b3c452c5d7832f7ba2fe7'}]
2026-09-29 02:37:31 - mkk_pika - database.py:215 - INFO - 第一次下载该漫画，记录数据库中
2026-09-29 02:37:31 - mkk_pika - main.py:83 - INFO - 找到 27 张图片在:第1集
2026-09-29 02:37:33 - mkk_pika - main.py:112 - INFO - [episode:第1集       ] downloaded:    27, total:  27, progress:100%
2026-09-29 02:37:33 - mkk_pika - database.py:238 - INFO - 数据库更新已下载章节
2026-09-29 02:37:33 - mkk_pika - database.py:244 - INFO - 该漫画已下载章节如下
2026-09-29 02:37:33 - mkk_pika - database.py:245 - INFO - ['第1集']
2026-09-29 02:37:34 - mkk_pika - main.py:348 - INFO - ==================== 漫画信息 ====================
                                   漫画ID：5d0b3c452c5d7832f7ba2fe6
                                   标题：(C93)  純白エルフと褐色エルフとちいさな吸血鬼 [中国翻訳]
                                   作者：備前泥舟工房 (備前泥舟)
                                   是否完结：是
                                   总页数：27
                                   分类：短篇,純愛,後宮閃光,非人類
                                   章节数：1
                                   最后更新时间：2019-06-20T07:56:53.585Z
                                   =================================================
2026-09-29 02:37:34 - mkk_pika - database.py:101 - INFO - 保存成功：(C93)  純白エルフと褐色エルフとちいさな吸血鬼 [中国翻訳]
2026-09-29 02:37:34 - mkk_pika - main.py:35 - INFO - 开始检查淫魔討伐大作戦エピソード1 [中国翻訳]是否存在未下载章节
2026-09-29 02:37:34 - mkk_pika - main.py:45 - INFO - 正在下载:[淫魔討伐大作戦エピソード1 [中国翻訳]]-[いきぎれ商会 (れんする)]-[['短篇', '全彩', '非人類', '強暴']]-[total_pages:39]
2026-09-29 02:37:34 - mkk_pika - main.py:49 - INFO - [{'_id': '5d0b3c8b38e18432fcb702ec', 'title': '第1集', 'order': 1, 'updated_at': '2019-06-19T15:54:50.926Z', 'id': '5d0b3c8b38e18432fcb702ec'}]
2026-09-29 02:37:34 - mkk_pika - database.py:215 - INFO - 第一次下载该漫画，记录数据库中
2026-09-29 02:37:35 - mkk_pika - main.py:83 - INFO - 找到 39 张图片在:第1集
2026-09-29 02:37:37 - mkk_pika - main.py:112 - INFO - [episode:第1集       ] downloaded:    39, total:  39, progress:100%
2026-09-29 02:37:37 - mkk_pika - database.py:238 - INFO - 数据库更新已下载章节
2026-09-29 02:37:37 - mkk_pika - database.py:244 - INFO - 该漫画已下载章节如下
2026-09-29 02:37:37 - mkk_pika - database.py:245 - INFO - ['第1集']
2026-09-29 02:37:39 - mkk_pika - main.py:348 - INFO - ==================== 漫画信息 ====================
                                   漫画ID：5d0b3c8b38e18432fcb702eb
                                   标题：淫魔討伐大作戦エピソード1 [中国翻訳]
                                   作者：いきぎれ商会 (れんする)
                                   是否完结：否
                                   总页数：39
                                   分类：短篇,全彩,非人類,強暴
                                   章节数：1
                                   最后更新时间：2019-06-20T07:58:03.853Z
                                   =================================================
2026-09-29 02:37:39 - mkk_pika - database.py:101 - INFO - 保存成功：淫魔討伐大作戦エピソード1 [中国翻訳]
2026-09-29 02:37:39 - mkk_pika - main.py:35 - INFO - 开始检查 僕のハーレムアカデミア:4話 「小悪魔のイタズラ」[中国翻訳]是否存在未下载章节
2026-09-29 02:37:39 - mkk_pika - main.py:45 - INFO - 正在下载:[ 僕のハーレムアカデミア:4話 「小悪魔のイタズラ」[中国翻訳]]-[ジュースボックス工場 (ジュナジュナジュース)]-[['全彩', '短篇', '同人']]-[total_pages:57]
2026-09-29 02:37:39 - mkk_pika - main.py:49 - INFO - [{'_id': '5d0b3cd32c5d7832f7ba305c', 'title': '第1集', 'order': 1, 'updated_at': '2019-06-19T16:23:48.683Z', 'id': '5d0b3cd32c5d7832f7ba305c'}]
2026-09-29 02:37:39 - mkk_pika - database.py:215 - INFO - 第一次下载该漫画，记录数据库中
2026-09-29 02:37:40 - mkk_pika - main.py:83 - INFO - 找到 57 张图片在:第1集
2026-09-29 02:37:43 - mkk_pika - main.py:112 - INFO - [episode:第1集       ] downloaded:    57, total:  57, progress:100%
2026-09-29 02:37:43 - mkk_pika - database.py:238 - INFO - 数据库更新已下载章节
2026-09-29 02:37:43 - mkk_pika - database.py:244 - INFO - 该漫画已下载章节如下
2026-09-29 02:37:43 - mkk_pika - database.py:245 - INFO - ['第1集']
2026-09-29 02:37:44 - mkk_pika - main.py:348 - INFO - ==================== 漫画信息 ====================
                                   漫画ID：5d0b3cd32c5d7832f7ba305b
                                   标题： 僕のハーレムアカデミア:4話 「小悪魔のイタズラ」[中国翻訳]
                                   作者：ジュースボックス工場 (ジュナジュナジュース)
                                   是否完结：是
                                   总页数：57
                                   分类：全彩,短篇,同人
                                   章节数：1
                                   最后更新时间：2019-06-20T07:59:15.941Z
                                   =================================================
2026-09-29 02:37:44 - mkk_pika - database.py:101 - INFO - 保存成功： 僕のハーレムアカデミア:4話 「小悪魔のイタズラ」[中国翻訳]
2026-09-29 02:37:44 - mkk_pika - main.py:35 - INFO - 开始检查トリプルヘブン (COMIC 快楽天ビースト 2019年7月号) [中国翻訳] [DL版]是否存在未下载章节
2026-09-29 02:37:45 - mkk_pika - main.py:45 - INFO - 正在下载:[トリプルヘブン (COMIC 快楽天ビースト 2019年7月号) [中国翻訳] [DL版]]-[kakao]-[['短篇', 'NTR']]-[total_pages:24]
2026-09-29 02:37:45 - mkk_pika - main.py:49 - INFO - [{'_id': '5d0b3ced2c5d7832f7ba3097', 'title': '第1集', 'order': 1, 'updated_at': '2019-06-19T16:40:16.444Z', 'id': '5d0b3ced2c5d7832f7ba3097'}]
2026-09-29 02:37:45 - mkk_pika - database.py:215 - INFO - 第一次下载该漫画，记录数据库中
2026-09-29 02:37:45 - mkk_pika - main.py:83 - INFO - 找到 24 张图片在:第1集
2026-09-29 02:37:47 - mkk_pika - main.py:112 - INFO - [episode:第1集       ] downloaded:    24, total:  24, progress:100%
2026-09-29 02:37:47 - mkk_pika - database.py:238 - INFO - 数据库更新已下载章节
2026-09-29 02:37:47 - mkk_pika - database.py:244 - INFO - 该漫画已下载章节如下
2026-09-29 02:37:47 - mkk_pika - database.py:245 - INFO - ['第1集']
2026-09-29 02:37:48 - mkk_pika - main.py:348 - INFO - ==================== 漫画信息 ====================
                                   漫画ID：5d0b3ced2c5d7832f7ba3096
                                   标题：トリプルヘブン (COMIC 快楽天ビースト 2019年7月号) [中国翻訳] [DL版]
                                   作者：kakao
                                   是否完结：是
                                   总页数：24
                                   分类：短篇,NTR
                                   章节数：1
                                   最后更新时间：2019-06-20T07:59:41.808Z
                                   =================================================
2026-09-29 02:37:48 - mkk_pika - database.py:101 - INFO - 保存成功：トリプルヘブン (COMIC 快楽天ビースト 2019年7月号) [中国翻訳] [DL版]
2026-09-29 02:37:48 - mkk_pika - main.py:35 - INFO - 开始检查酒癖の悪い人妻メスケモと飲みに行った時の話是否存在未下载章节
2026-09-29 02:37:48 - mkk_pika - main.py:45 - INFO - 正在下载:[酒癖の悪い人妻メスケモと飲みに行った時の話]-[おるてんしあ (しのべ)]-[['短篇', '純愛', 'NTR', '非人類', '人妻']]-[total_pages:25]
2026-09-29 02:37:48 - mkk_pika - main.py:49 - INFO - [{'_id': '5d0b3dad38e18432fcb7039b', 'title': '第1集', 'order': 1, 'updated_at': '2019-06-19T19:58:11.819Z', 'id': '5d0b3dad38e18432fcb7039b'}]
2026-09-29 02:37:48 - mkk_pika - database.py:215 - INFO - 第一次下载该漫画，记录数据库中
2026-09-29 02:37:49 - mkk_pika - main.py:83 - INFO - 找到 25 张图片在:第1集
2026-09-29 02:37:50 - mkk_pika - main.py:112 - INFO - [episode:第1集       ] downloaded:    25, total:  25, progress:100%
2026-09-29 02:37:50 - mkk_pika - database.py:238 - INFO - 数据库更新已下载章节
2026-09-29 02:37:50 - mkk_pika - database.py:244 - INFO - 该漫画已下载章节如下
2026-09-29 02:37:50 - mkk_pika - database.py:245 - INFO - ['第1集']
2026-09-29 02:37:52 - mkk_pika - main.py:348 - INFO - ==================== 漫画信息 ====================
                                   漫画ID：5d0b3dad38e18432fcb7039a
                                   标题：酒癖の悪い人妻メスケモと飲みに行った時の話
                                   作者：おるてんしあ (しのべ)
                                   是否完结：否
                                   总页数：25
                                   分类：短篇,純愛,NTR,非人類,人妻
                                   章节数：1
                                   最后更新时间：2019-06-20T08:02:53.160Z
                                   =================================================
2026-09-29 02:37:52 - mkk_pika - database.py:101 - INFO - 保存成功：酒癖の悪い人妻メスケモと飲みに行った時の話
2026-09-29 02:37:52 - mkk_pika - main.py:35 - INFO - 开始检查12星座病嬌兒(12星座ヤンデレちゃん )[絕處逢生的輝星石融合]是否存在未下载章节
2026-09-29 02:37:52 - mkk_pika - main.py:45 - INFO - 正在下载:[12星座病嬌兒(12星座ヤンデレちゃん )[絕處逢生的輝星石融合]]-[伊倉ナギサ]-[['全彩']]-[total_pages:11]
2026-09-29 02:37:52 - mkk_pika - main.py:49 - INFO - [{'_id': '5d0b3ea52c5d7832f7ba3198', 'title': '第1集', 'order': 1, 'updated_at': '2019-06-21T15:44:38.171Z', 'id': '5d0b3ea52c5d7832f7ba3198'}]
2026-09-29 02:37:52 - mkk_pika - database.py:215 - INFO - 第一次下载该漫画，记录数据库中
2026-09-29 02:37:53 - mkk_pika - main.py:83 - INFO - 找到 12 张图片在:第1集
2026-09-29 02:37:53 - mkk_pika - main.py:112 - INFO - [episode:第1集       ] downloaded:    12, total:  12, progress:100%
2026-09-29 02:37:53 - mkk_pika - database.py:238 - INFO - 数据库更新已下载章节
2026-09-29 02:37:53 - mkk_pika - database.py:244 - INFO - 该漫画已下载章节如下
2026-09-29 02:37:53 - mkk_pika - database.py:245 - INFO - ['第1集']
2026-09-29 02:37:55 - mkk_pika - main.py:348 - INFO - ==================== 漫画信息 ====================
                                   漫画ID：5d0b3ea52c5d7832f7ba3197
                                   标题：12星座病嬌兒(12星座ヤンデレちゃん )[絕處逢生的輝星石融合]
                                   作者：伊倉ナギサ
                                   是否完结：否
                                   总页数：11
                                   分类：全彩
                                   章节数：1
                                   最后更新时间：2019-06-20T08:07:01.813Z
                                   =================================================
2026-09-29 02:37:55 - mkk_pika - database.py:101 - INFO - 保存成功：12星座病嬌兒(12星座ヤンデレちゃん )[絕處逢生的輝星石融合]
2026-09-29 02:37:55 - mkk_pika - main.py:35 - INFO - 开始检查強欲促進株式会社 下巻是否存在未下载章节
2026-09-29 02:37:55 - mkk_pika - main.py:45 - INFO - 正在下载:[強欲促進株式会社 下巻]-[さいこ]-[['長篇', '短篇', '後宮閃光', '單行本', 'SM', '強暴', '純愛', 'NTR', '人妻', '姐姐系']]-[total_pages:192]
2026-09-29 02:37:55 - mkk_pika - main.py:49 - INFO - [{'_id': '5d0bb3e7671f9d4c7a7ed093', 'title': '拚了命也要拿到一日射飽權的單行本', 'order': 1, 'updated_at': '2019-06-13T03:58:34.037Z', 'id': '5d0bb3e7671f9d4c7a7ed093'}]
2026-09-29 02:37:55 - mkk_pika - database.py:215 - INFO - 第一次下载该漫画，记录数据库中
2026-09-29 02:37:57 - mkk_pika - main.py:83 - INFO - 找到 192 张图片在:拚了命也要拿到一日射飽權的單行本
2026-09-29 02:38:05 - mkk_pika - main.py:112 - INFO - [episode:拚了命也要拿到一日射飽權的單行本] downloaded:   192, total: 192, progress:100%
2026-09-29 02:38:05 - mkk_pika - database.py:238 - INFO - 数据库更新已下载章节
2026-09-29 02:38:05 - mkk_pika - database.py:244 - INFO - 该漫画已下载章节如下
2026-09-29 02:38:05 - mkk_pika - database.py:245 - INFO - ['拚了命也要拿到一日射飽權的單行本']
2026-09-29 02:38:07 - mkk_pika - main.py:348 - INFO - ==================== 漫画信息 ====================
                                   漫画ID：5d0bb3e7671f9d4c7a7ed092
                                   标题：強欲促進株式会社 下巻
                                   作者：さいこ
                                   是否完结：是
                                   总页数：192
                                   分类：長篇,短篇,後宮閃光,單行本,SM,強暴,純愛,NTR,人妻,姐姐系
                                   章节数：1
                                   最后更新时间：2019-06-20T16:27:19.471Z
                                   =================================================
2026-09-29 02:38:07 - mkk_pika - database.py:101 - INFO - 保存成功：強欲促進株式会社 下巻
2026-09-29 02:38:07 - mkk_pika - main.py:35 - INFO - 开始检查個人契約 (COMIC 快楽天 2018年8月号) [中国翻訳] [DL版]是否存在未下载章节
2026-09-29 02:38:07 - mkk_pika - main.py:45 - INFO - 正在下载:[個人契約 (COMIC 快楽天 2018年8月号) [中国翻訳] [DL版]]-[ぴかお]-[['短篇', '純愛']]-[total_pages:18]
2026-09-29 02:38:07 - mkk_pika - main.py:49 - INFO - [{'_id': '5d0bb40d0f3ddc4c68c56bfa', 'title': '第1集', 'order': 1, 'updated_at': '2019-06-20T09:52:59.985Z', 'id': '5d0bb40d0f3ddc4c68c56bfa'}]
2026-09-29 02:38:07 - mkk_pika - database.py:215 - INFO - 第一次下载该漫画，记录数据库中
2026-09-29 02:38:08 - mkk_pika - main.py:83 - INFO - 找到 18 张图片在:第1集
2026-09-29 02:38:09 - mkk_pika - main.py:112 - INFO - [episode:第1集       ] downloaded:    18, total:  18, progress:100%
2026-09-29 02:38:09 - mkk_pika - database.py:238 - INFO - 数据库更新已下载章节
2026-09-29 02:38:09 - mkk_pika - database.py:244 - INFO - 该漫画已下载章节如下
2026-09-29 02:38:09 - mkk_pika - database.py:245 - INFO - ['第1集']
2026-09-29 02:38:10 - mkk_pika - main.py:348 - INFO - ==================== 漫画信息 ====================
                                   漫画ID：5d0bb40d0f3ddc4c68c56bf9
                                   标题：個人契約 (COMIC 快楽天 2018年8月号) [中国翻訳] [DL版]
                                   作者：ぴかお
                                   是否完结：是
                                   总页数：18
                                   分类：短篇,純愛
                                   章节数：1
                                   最后更新时间：2019-06-20T16:27:57.465Z
                                   =================================================
2026-09-29 02:38:10 - mkk_pika - database.py:101 - INFO - 保存成功：個人契約 (COMIC 快楽天 2018年8月号) [中国翻訳] [DL版]
2026-09-29 02:38:10 - mkk_pika - main.py:35 - INFO - 开始检查(C95)  マシュとふたりで。 (Fate/Grand Order)是否存在未下载章节
2026-09-29 02:38:10 - mkk_pika - main.py:45 - INFO - 正在下载:[(C95)  マシュとふたりで。 (Fate/Grand Order)]-[ゆずや (ユズハ)]-[['短篇', '同人', '純愛', 'Fate']]-[total_pages:54]
2026-09-29 02:38:10 - mkk_pika - main.py:49 - INFO - [{'_id': '5cc1b24f77755019e05dca20', 'title': '第1集', 'order': 1, 'updated_at': '2019-04-22T12:34:59.704Z', 'id': '5cc1b24f77755019e05dca20'}, {'_id': '5d0bb46fdde5984c6d1f38c4', 'title': '第2集', 'order': 2, 'updated_at': '2019-06-20T10:56:35.772Z', 'id': '5d0bb46fdde5984c6d1f38c4'}]
2026-09-29 02:38:10 - mkk_pika - database.py:215 - INFO - 第一次下载该漫画，记录数据库中
2026-09-29 02:38:11 - mkk_pika - main.py:83 - INFO - 找到 26 张图片在:第1集
2026-09-29 02:38:12 - mkk_pika - main.py:112 - INFO - [episode:第1集       ] downloaded:    26, total:  26, progress:100%
2026-09-29 02:38:12 - mkk_pika - database.py:238 - INFO - 数据库更新已下载章节
2026-09-29 02:38:12 - mkk_pika - database.py:244 - INFO - 该漫画已下载章节如下
2026-09-29 02:38:12 - mkk_pika - database.py:245 - INFO - ['第1集']
2026-09-29 02:38:14 - mkk_pika - main.py:83 - INFO - 找到 28 张图片在:第2集
2026-09-29 02:38:16 - mkk_pika - main.py:112 - INFO - [episode:第2集       ] downloaded:    28, total:  28, progress:100%
2026-09-29 02:38:16 - mkk_pika - database.py:238 - INFO - 数据库更新已下载章节
2026-09-29 02:38:16 - mkk_pika - database.py:244 - INFO - 该漫画已下载章节如下
2026-09-29 02:38:16 - mkk_pika - database.py:245 - INFO - ['第1集', '第2集']
2026-09-29 02:38:17 - mkk_pika - main.py:348 - INFO - ==================== 漫画信息 ====================
                                   漫画ID：5cc1b24f77755019e05dca1f
                                   标题：(C95)  マシュとふたりで。 (Fate/Grand Order)
                                   作者：ゆずや (ユズハ)
                                   是否完结：是
                                   总页数：54
                                   分类：短篇,同人,純愛,Fate
                                   章节数：2
                                   最后更新时间：2019-06-20T16:29:35.655Z
                                   =================================================
2026-09-29 02:38:17 - mkk_pika - database.py:101 - INFO - 保存成功：(C95)  マシュとふたりで。 (Fate/Grand Order)
2026-09-29 02:38:17 - mkk_pika - main.py:35 - INFO - 开始检查いんらん少典是否存在未下载章节
2026-09-29 02:38:17 - mkk_pika - main.py:45 - INFO - 正在下载:[いんらん少典]-[ありまなつぼん]-[['妹妹系']]-[total_pages:187]
2026-09-29 02:38:17 - mkk_pika - main.py:49 - INFO - [{'_id': '5d0bb50a671f9d4c7a7ed17c', 'title': '1本', 'order': 1, 'updated_at': '2019-06-20T13:44:47.015Z', 'id': '5d0bb50a671f9d4c7a7ed17c'}]
2026-09-29 02:38:17 - mkk_pika - database.py:215 - INFO - 第一次下载该漫画，记录数据库中
2026-09-29 02:38:19 - mkk_pika - main.py:83 - INFO - 找到 187 张图片在:1本
2026-09-29 02:38:29 - mkk_pika - main.py:112 - INFO - [episode:1本        ] downloaded:   187, total: 187, progress:100%
2026-09-29 02:38:29 - mkk_pika - database.py:238 - INFO - 数据库更新已下载章节
2026-09-29 02:38:29 - mkk_pika - database.py:244 - INFO - 该漫画已下载章节如下
2026-09-29 02:38:29 - mkk_pika - database.py:245 - INFO - ['1本']
2026-09-29 02:38:30 - mkk_pika - main.py:348 - INFO - ==================== 漫画信息 ====================
                                   漫画ID：5d0bb50a671f9d4c7a7ed17b
                                   标题：いんらん少典
                                   作者：ありまなつぼん
                                   是否完结：否
                                   总页数：187
                                   分类：妹妹系
                                   章节数：1
                                   最后更新时间：2019-06-20T16:32:10.556Z
                                   =================================================
2026-09-29 02:38:30 - mkk_pika - database.py:101 - INFO - 保存成功：いんらん少典
2026-09-29 02:38:30 - mkk_pika - main.py:380 - INFO - 本次任务下载完毕
2026-09-29 02:38:30 - mkk_pika - database.py:173 - INFO - 数据库连接已关闭
