2026-08-13 23:52:19 - mkk_pika - main.py:193 - INFO - =======================================================================
2026-08-13 23:52:19 - mkk_pika - database.py:61 - INFO - 表和索引初始化成功
2026-08-13 23:52:19 - mkk_pika - main.py:197 - INFO - 已经累计下载18716本漫画
2026-08-13 23:52:20 - mkk_pika - api.py:87 - INFO - 登录成功
2026-08-13 23:52:20 - mkk_pika - main.py:203 - INFO - 收藏夹共计0本漫画
2026-08-13 23:52:20 - mkk_pika - main.py:206 - INFO - 开始下载收藏夹内未下载内容
2026-08-13 23:52:20 - mkk_pika - main.py:266 - INFO - 收藏夹内容下载完毕
2026-08-13 23:52:20 - mkk_pika - main.py:268 - INFO - 开始下载订阅内容
2026-08-13 23:52:20 - mkk_pika - database.py:258 - INFO - 根据ID查询到标题：萝莉 -> ちっちゃなエルフママ ~低身長エルフと禁断の母子生活 | 小小只萝莉妈妈 ~跟小矮个精灵之间禁断的母子生活(合集)
2026-08-13 23:52:21 - mkk_pika - database.py:101 - INFO - 保存成功：ちっちゃなエルフママ ~低身長エルフと禁断の母子生活 | 小小只萝莉妈妈 ~跟小矮个精灵之间禁断的母子生活(合集)
2026-08-13 23:52:21 - mkk_pika - main.py:273 - INFO - 关键词萝莉找到0本漫画
2026-08-13 23:52:21 - mkk_pika - database.py:258 - INFO - 根据ID查询到标题：蘿莉 -> ジュニアポルノに出演しているのをクラスの男の子に知られてしまいました
2026-08-13 23:52:22 - mkk_pika - database.py:101 - INFO - 保存成功：地元民だけが入れる温泉
2026-08-13 23:52:22 - mkk_pika - main.py:273 - INFO - 关键词蘿莉找到3本漫画
2026-08-13 23:52:22 - mkk_pika - main.py:275 - INFO - 订阅内容共计3本漫画
2026-08-13 23:52:22 - mkk_pika - main.py:35 - INFO - 开始检查ペドから始まるテイワット生活 [中国翻译][無修正]是否存在未下载章节
2026-08-13 23:52:22 - mkk_pika - main.py:45 - INFO - 正在下载:[ペドから始まるテイワット生活 [中国翻译][無修正]]-[ナカツ]-[['短篇', '同人']]-[total_pages:-1]
2026-08-13 23:52:22 - mkk_pika - main.py:49 - INFO - [{'_id': '6a7e067d911fbf0872a9b33f', 'title': '熟肉无修', 'order': 1, 'updated_at': '2026-08-13T09:02:06.436Z', 'id': '6a7e067d911fbf0872a9b33f'}]
2026-08-13 23:52:22 - mkk_pika - database.py:215 - INFO - 第一次下载该漫画，记录数据库中
2026-08-13 23:52:23 - mkk_pika - main.py:83 - INFO - 找到 27 张图片在:熟肉无修
2026-08-13 23:52:24 - mkk_pika - main.py:112 - INFO - [episode:熟肉无修      ] downloaded:    27, total:  27, progress:100%
2026-08-13 23:52:24 - mkk_pika - database.py:238 - INFO - 数据库更新已下载章节
2026-08-13 23:52:24 - mkk_pika - database.py:244 - INFO - 该漫画已下载章节如下
2026-08-13 23:52:24 - mkk_pika - database.py:245 - INFO - ['熟肉无修']
2026-08-13 23:52:25 - mkk_pika - main.py:292 - INFO - ==================== 漫画信息 ====================
                                漫画ID：6a7e067d911fbf0872a9b33e
                                标题：ペドから始まるテイワット生活 [中国翻译][無修正]
                                作者：ナカツ
                                是否完结：是
                                总页数：27
                                分类：短篇,同人
                                章节数：1
                                最后更新时间：2026-08-13T18:01:33.993Z
                                =================================================
2026-08-13 23:52:25 - mkk_pika - database.py:101 - INFO - 保存成功：ペドから始まるテイワット生活 [中国翻译][無修正]
2026-08-13 23:52:25 - mkk_pika - main.py:35 - INFO - 开始检查なよ竹かぐやのひめごと是否存在未下载章节
2026-08-13 23:52:26 - mkk_pika - database.py:203 - INFO - 查询数据库中是否已存在第1話
2026-08-13 23:52:26 - mkk_pika - main.py:51 - INFO - なよ竹かぐやのひめごと中没有可下载章节
2026-08-13 23:52:26 - mkk_pika - main.py:292 - INFO - ==================== 漫画信息 ====================
                                漫画ID：6a7b6645be2816074344d644
                                标题：なよ竹かぐやのひめごと
                                作者：ノラネコノタマ (雪野みなと)
                                是否完结：是
                                总页数：29
                                分类：短篇,同人,強暴
                                章节数：1
                                最后更新时间：2026-08-11T18:13:25.485Z
                                =================================================
2026-08-13 23:52:26 - mkk_pika - database.py:101 - INFO - 保存成功：なよ竹かぐやのひめごと
2026-08-13 23:52:26 - mkk_pika - main.py:35 - INFO - 开始检查PLAY TIME IS OVER是否存在未下载章节
2026-08-13 23:52:26 - mkk_pika - main.py:45 - INFO - 正在下载:[PLAY TIME IS OVER]-[ミッブリー (MIBRY)]-[['同人', '長篇']]-[total_pages:-1]
2026-08-13 23:52:26 - mkk_pika - main.py:49 - INFO - [{'_id': '654511d93179734d3787c076', 'title': 'DM', 'order': 1, 'updated_at': '2024-12-03T14:52:53.005Z', 'id': '654511d93179734d3787c076'}, {'_id': '674f1b458fd2932634f9b78c', 'title': 'GX', 'order': 2, 'updated_at': '2024-12-02T11:03:20.810Z', 'id': '674f1b458fd2932634f9b78c'}, {'_id': '6a7e03e89f23f630cfb58199', 'title': 'OCG', 'order': 3, 'updated_at': '2026-08-12T12:36:27.742Z', 'id': '6a7e03e89f23f630cfb58199'}]
2026-08-13 23:52:26 - mkk_pika - database.py:215 - INFO - 第一次下载该漫画，记录数据库中
2026-08-13 23:52:27 - mkk_pika - main.py:83 - INFO - 找到 32 张图片在:DM
2026-08-13 23:52:29 - mkk_pika - main.py:112 - INFO - [episode:DM        ] downloaded:    32, total:  32, progress:100%
2026-08-13 23:52:29 - mkk_pika - database.py:238 - INFO - 数据库更新已下载章节
2026-08-13 23:52:29 - mkk_pika - database.py:244 - INFO - 该漫画已下载章节如下
2026-08-13 23:52:29 - mkk_pika - database.py:245 - INFO - ['DM']
2026-08-13 23:52:31 - mkk_pika - main.py:83 - INFO - 找到 46 张图片在:GX
2026-08-13 23:52:34 - mkk_pika - main.py:112 - INFO - [episode:GX        ] downloaded:    46, total:  46, progress:100%
2026-08-13 23:52:34 - mkk_pika - database.py:238 - INFO - 数据库更新已下载章节
2026-08-13 23:52:34 - mkk_pika - database.py:244 - INFO - 该漫画已下载章节如下
2026-08-13 23:52:34 - mkk_pika - database.py:245 - INFO - ['DM', 'GX']
2026-08-13 23:52:36 - mkk_pika - main.py:83 - INFO - 找到 42 张图片在:OCG
2026-08-13 23:52:38 - mkk_pika - main.py:112 - INFO - [episode:OCG       ] downloaded:    42, total:  42, progress:100%
2026-08-13 23:52:38 - mkk_pika - database.py:238 - INFO - 数据库更新已下载章节
2026-08-13 23:52:38 - mkk_pika - database.py:244 - INFO - 该漫画已下载章节如下
2026-08-13 23:52:38 - mkk_pika - database.py:245 - INFO - ['DM', 'GX', 'OCG']
2026-08-13 23:52:40 - mkk_pika - main.py:292 - INFO - ==================== 漫画信息 ====================
                                漫画ID：654511d93179734d3787c075
                                标题：PLAY TIME IS OVER
                                作者：ミッブリー (MIBRY)
                                是否完结：否
                                总页数：120
                                分类：同人,長篇
                                章节数：3
                                最后更新时间：2026-08-13T17:50:32.832Z
                                =================================================
2026-08-13 23:52:40 - mkk_pika - database.py:101 - INFO - 保存成功：PLAY TIME IS OVER
2026-08-13 23:52:40 - mkk_pika - main.py:323 - INFO - 订阅内容内容下载完毕
2026-08-13 23:52:40 - mkk_pika - main.py:324 - INFO - 开始分批下载全部章节
2026-08-13 23:52:40 - mkk_pika - database.py:280 - INFO - 表和索引初始化成功
2026-08-13 23:52:40 - mkk_pika - main.py:177 - INFO - 已经下载了1408页，一共7076页，现在开始添加第1409页
2026-08-13 23:52:41 - mkk_pika - database.py:318 - INFO - 保存成功
2026-08-13 23:52:41 - mkk_pika - main.py:177 - INFO - 已经下载了1409页，一共7076页，现在开始添加第1410页
2026-08-13 23:52:41 - mkk_pika - database.py:318 - INFO - 保存成功
2026-08-13 23:52:42 - mkk_pika - main.py:177 - INFO - 已经下载了1410页，一共7076页，现在开始添加第1411页
2026-08-13 23:52:42 - mkk_pika - database.py:318 - INFO - 保存成功
2026-08-13 23:52:43 - mkk_pika - main.py:177 - INFO - 已经下载了1411页，一共7076页，现在开始添加第1412页
2026-08-13 23:52:43 - mkk_pika - database.py:318 - INFO - 保存成功
2026-08-13 23:52:43 - mkk_pika - main.py:177 - INFO - 已经下载了1412页，一共7076页，现在开始添加第1413页
2026-08-13 23:52:44 - mkk_pika - database.py:318 - INFO - 保存成功
2026-08-13 23:52:44 - mkk_pika - main.py:331 - INFO - 分批下载共计60本漫画
2026-08-13 23:52:44 - mkk_pika - main.py:35 - INFO - 开始检查(C93) I Love Fran剣 (Fate/Grand Order)是否存在未下载章节
2026-08-13 23:52:44 - mkk_pika - main.py:45 - INFO - 正在下载:[(C93) I Love Fran剣 (Fate/Grand Order)]-[ひょこ道 (ひょころー)]-[['同人', '短篇', 'Fate']]-[total_pages:29]
2026-08-13 23:52:44 - mkk_pika - main.py:49 - INFO - [{'_id': '5c5a45fd310ff45364db869c', 'title': '第1集', 'order': 1, 'updated_at': '2019-02-05T04:27:46.352Z', 'id': '5c5a45fd310ff45364db869c'}]
2026-08-13 23:52:44 - mkk_pika - database.py:215 - INFO - 第一次下载该漫画，记录数据库中
2026-08-13 23:52:45 - mkk_pika - main.py:83 - INFO - 找到 29 张图片在:第1集
2026-08-13 23:52:46 - mkk_pika - main.py:112 - INFO - [episode:第1集       ] downloaded:    29, total:  29, progress:100%
2026-08-13 23:52:46 - mkk_pika - database.py:238 - INFO - 数据库更新已下载章节
2026-08-13 23:52:46 - mkk_pika - database.py:244 - INFO - 该漫画已下载章节如下
2026-08-13 23:52:46 - mkk_pika - database.py:245 - INFO - ['第1集']
2026-08-13 23:52:47 - mkk_pika - main.py:348 - INFO - ==================== 漫画信息 ====================
                                   漫画ID：5c5a45fd310ff45364db869b
                                   标题：(C93) I Love Fran剣 (Fate/Grand Order)
                                   作者：ひょこ道 (ひょころー)
                                   是否完结：是
                                   总页数：29
                                   分类：同人,短篇,Fate
                                   章节数：1
                                   最后更新时间：2019-02-06T02:27:09.375Z
                                   =================================================
2026-08-13 23:52:47 - mkk_pika - database.py:101 - INFO - 保存成功：(C93) I Love Fran剣 (Fate/Grand Order)
2026-08-13 23:52:47 - mkk_pika - main.py:35 - INFO - 开始检查セックススマートフォン～ハーレム学園編2～是否存在未下载章节
2026-08-13 23:52:48 - mkk_pika - main.py:45 - INFO - 正在下载:[セックススマートフォン～ハーレム学園編2～]-[かみか堂 (銀曜ハル)]-[['短篇']]-[total_pages:40]
2026-08-13 23:52:48 - mkk_pika - main.py:49 - INFO - [{'_id': '5c5a462e7c5ca37867c3f8b8', 'title': '第1集', 'order': 1, 'updated_at': '2019-02-05T04:38:31.445Z', 'id': '5c5a462e7c5ca37867c3f8b8'}]
2026-08-13 23:52:48 - mkk_pika - database.py:215 - INFO - 第一次下载该漫画，记录数据库中
2026-08-13 23:52:48 - mkk_pika - main.py:83 - INFO - 找到 40 张图片在:第1集
2026-08-13 23:52:50 - mkk_pika - main.py:112 - INFO - [episode:第1集       ] downloaded:    40, total:  40, progress:100%
2026-08-13 23:52:50 - mkk_pika - database.py:238 - INFO - 数据库更新已下载章节
2026-08-13 23:52:50 - mkk_pika - database.py:244 - INFO - 该漫画已下载章节如下
2026-08-13 23:52:50 - mkk_pika - database.py:245 - INFO - ['第1集']
2026-08-13 23:52:51 - mkk_pika - main.py:348 - INFO - ==================== 漫画信息 ====================
                                   漫画ID：5c5a462e7c5ca37867c3f8b7
                                   标题：セックススマートフォン～ハーレム学園編2～
                                   作者：かみか堂 (銀曜ハル)
                                   是否完结：是
                                   总页数：40
                                   分类：短篇
                                   章节数：1
                                   最后更新时间：2019-02-06T02:27:58.983Z
                                   =================================================
2026-08-13 23:52:51 - mkk_pika - database.py:101 - INFO - 保存成功：セックススマートフォン～ハーレム学園編2～
2026-08-13 23:52:51 - mkk_pika - main.py:35 - INFO - 开始检查妄想♥学園～ギャル・新堂エリナの場合～是否存在未下载章节
2026-08-13 23:52:51 - mkk_pika - main.py:45 - INFO - 正在下载:[妄想♥学園～ギャル・新堂エリナの場合～]-[マッチョ。]-[['短篇']]-[total_pages:35]
2026-08-13 23:52:51 - mkk_pika - main.py:49 - INFO - [{'_id': '5c5a463ceb3a7a652e627a24', 'title': '第1集', 'order': 1, 'updated_at': '2019-02-05T04:45:23.798Z', 'id': '5c5a463ceb3a7a652e627a24'}]
2026-08-13 23:52:51 - mkk_pika - database.py:215 - INFO - 第一次下载该漫画，记录数据库中
2026-08-13 23:52:52 - mkk_pika - main.py:83 - INFO - 找到 35 张图片在:第1集
2026-08-13 23:52:53 - mkk_pika - main.py:112 - INFO - [episode:第1集       ] downloaded:    35, total:  35, progress:100%
2026-08-13 23:52:53 - mkk_pika - database.py:238 - INFO - 数据库更新已下载章节
2026-08-13 23:52:53 - mkk_pika - database.py:244 - INFO - 该漫画已下载章节如下
2026-08-13 23:52:53 - mkk_pika - database.py:245 - INFO - ['第1集']
2026-08-13 23:52:54 - mkk_pika - main.py:348 - INFO - ==================== 漫画信息 ====================
                                   漫画ID：5c5a463ceb3a7a652e627a23
                                   标题：妄想♥学園～ギャル・新堂エリナの場合～
                                   作者：マッチョ。
                                   是否完结：是
                                   总页数：35
                                   分类：短篇
                                   章节数：1
                                   最后更新时间：2019-02-06T02:28:12.317Z
                                   =================================================
2026-08-13 23:52:54 - mkk_pika - database.py:101 - INFO - 保存成功：妄想♥学園～ギャル・新堂エリナの場合～
2026-08-13 23:52:54 - mkk_pika - main.py:35 - INFO - 开始检查ダークエルフコントロール是否存在未下载章节
2026-08-13 23:52:55 - mkk_pika - main.py:45 - INFO - 正在下载:[ダークエルフコントロール]-[麻雀有限会社58 (旅烏)]-[['短篇']]-[total_pages:26]
2026-08-13 23:52:55 - mkk_pika - main.py:49 - INFO - [{'_id': '5c5a46523a4e3d7831ae1edd', 'title': '第1集', 'order': 1, 'updated_at': '2019-02-05T04:48:12.513Z', 'id': '5c5a46523a4e3d7831ae1edd'}]
2026-08-13 23:52:55 - mkk_pika - database.py:215 - INFO - 第一次下载该漫画，记录数据库中
2026-08-13 23:52:55 - mkk_pika - main.py:83 - INFO - 找到 26 张图片在:第1集
2026-08-13 23:52:57 - mkk_pika - main.py:112 - INFO - [episode:第1集       ] downloaded:    26, total:  26, progress:100%
2026-08-13 23:52:57 - mkk_pika - database.py:238 - INFO - 数据库更新已下载章节
2026-08-13 23:52:57 - mkk_pika - database.py:244 - INFO - 该漫画已下载章节如下
2026-08-13 23:52:57 - mkk_pika - database.py:245 - INFO - ['第1集']
2026-08-13 23:52:58 - mkk_pika - main.py:348 - INFO - ==================== 漫画信息 ====================
                                   漫画ID：5c5a46523a4e3d7831ae1edc
                                   标题：ダークエルフコントロール
                                   作者：麻雀有限会社58 (旅烏)
                                   是否完结：是
                                   总页数：26
                                   分类：短篇
                                   章节数：1
                                   最后更新时间：2019-02-06T02:28:34.937Z
                                   =================================================
2026-08-13 23:52:58 - mkk_pika - database.py:101 - INFO - 保存成功：ダークエルフコントロール
2026-08-13 23:52:58 - mkk_pika - main.py:35 - INFO - 开始检查(例大祭14) とうほうLOVEる (東方Project) 是否存在未下载章节
2026-08-13 23:52:58 - mkk_pika - main.py:45 - INFO - 正在下载:[(例大祭14) とうほうLOVEる (東方Project) ]-[にゅう工房 (にゅう)]-[['同人', '短篇', '東方']]-[total_pages:28]
2026-08-13 23:52:58 - mkk_pika - main.py:49 - INFO - [{'_id': '5c5a46668b5e634decf95ee7', 'title': '第1集', 'order': 1, 'updated_at': '2019-02-05T04:54:47.550Z', 'id': '5c5a46668b5e634decf95ee7'}]
2026-08-13 23:52:58 - mkk_pika - database.py:215 - INFO - 第一次下载该漫画，记录数据库中
2026-08-13 23:52:59 - mkk_pika - main.py:83 - INFO - 找到 28 张图片在:第1集
2026-08-13 23:53:00 - mkk_pika - main.py:112 - INFO - [episode:第1集       ] downloaded:    28, total:  28, progress:100%
2026-08-13 23:53:00 - mkk_pika - database.py:238 - INFO - 数据库更新已下载章节
2026-08-13 23:53:00 - mkk_pika - database.py:244 - INFO - 该漫画已下载章节如下
2026-08-13 23:53:00 - mkk_pika - database.py:245 - INFO - ['第1集']
2026-08-13 23:53:01 - mkk_pika - main.py:348 - INFO - ==================== 漫画信息 ====================
                                   漫画ID：5c5a46668b5e634decf95ee6
                                   标题：(例大祭14) とうほうLOVEる (東方Project) 
                                   作者：にゅう工房 (にゅう)
                                   是否完结：是
                                   总页数：28
                                   分类：同人,短篇,東方
                                   章节数：1
                                   最后更新时间：2019-02-06T02:28:54.154Z
                                   =================================================
2026-08-13 23:53:01 - mkk_pika - database.py:101 - INFO - 保存成功：(例大祭14) とうほうLOVEる (東方Project) 
2026-08-13 23:53:01 - mkk_pika - main.py:35 - INFO - 开始检查(C95) ろーちゃんとヒメゴト (艦隊これくしょん -艦これ-) 是否存在未下载章节
2026-08-13 23:53:02 - mkk_pika - main.py:45 - INFO - 正在下载:[(C95) ろーちゃんとヒメゴト (艦隊これくしょん -艦これ-) ]-[Proom (ぺい)]-[['同人', '短篇', '艦隊收藏']]-[total_pages:24]
2026-08-13 23:53:02 - mkk_pika - main.py:49 - INFO - [{'_id': '5c5a46763610ab4e1ede89e3', 'title': '第1集', 'order': 1, 'updated_at': '2019-02-05T05:11:23.140Z', 'id': '5c5a46763610ab4e1ede89e3'}]
2026-08-13 23:53:02 - mkk_pika - database.py:215 - INFO - 第一次下载该漫画，记录数据库中
2026-08-13 23:53:02 - mkk_pika - main.py:83 - INFO - 找到 24 张图片在:第1集
2026-08-13 23:53:03 - mkk_pika - main.py:112 - INFO - [episode:第1集       ] downloaded:    24, total:  24, progress:100%
2026-08-13 23:53:03 - mkk_pika - database.py:238 - INFO - 数据库更新已下载章节
2026-08-13 23:53:03 - mkk_pika - database.py:244 - INFO - 该漫画已下载章节如下
2026-08-13 23:53:03 - mkk_pika - database.py:245 - INFO - ['第1集']
2026-08-13 23:53:04 - mkk_pika - main.py:348 - INFO - ==================== 漫画信息 ====================
                                   漫画ID：5c5a46763610ab4e1ede89e2
                                   标题：(C95) ろーちゃんとヒメゴト (艦隊これくしょん -艦これ-) 
                                   作者：Proom (ぺい)
                                   是否完结：是
                                   总页数：24
                                   分类：同人,短篇,艦隊收藏
                                   章节数：1
                                   最后更新时间：2019-02-06T02:29:10.956Z
                                   =================================================
2026-08-13 23:53:04 - mkk_pika - database.py:101 - INFO - 保存成功：(C95) ろーちゃんとヒメゴト (艦隊これくしょん -艦これ-) 
2026-08-13 23:53:04 - mkk_pika - main.py:35 - INFO - 开始检查(COMIC1☆7) 大勝訴 (俺の彼女と幼なじみが修羅場すぎる)是否存在未下载章节
2026-08-13 23:53:05 - mkk_pika - main.py:45 - INFO - 正在下载:[(COMIC1☆7) 大勝訴 (俺の彼女と幼なじみが修羅場すぎる)]-[SSB (まりりん)]-[['同人', '短篇']]-[total_pages:10]
2026-08-13 23:53:05 - mkk_pika - main.py:49 - INFO - [{'_id': '5c5a46a332302f4de4776ad9', 'title': '第1集', 'order': 1, 'updated_at': '2019-02-05T05:27:53.890Z', 'id': '5c5a46a332302f4de4776ad9'}]
2026-08-13 23:53:05 - mkk_pika - database.py:215 - INFO - 第一次下载该漫画，记录数据库中
2026-08-13 23:53:05 - mkk_pika - main.py:83 - INFO - 找到 10 张图片在:第1集
2026-08-13 23:53:06 - mkk_pika - main.py:112 - INFO - [episode:第1集       ] downloaded:    10, total:  10, progress:100%
2026-08-13 23:53:06 - mkk_pika - database.py:238 - INFO - 数据库更新已下载章节
2026-08-13 23:53:06 - mkk_pika - database.py:244 - INFO - 该漫画已下载章节如下
2026-08-13 23:53:06 - mkk_pika - database.py:245 - INFO - ['第1集']
2026-08-13 23:53:07 - mkk_pika - main.py:348 - INFO - ==================== 漫画信息 ====================
                                   漫画ID：5c5a46a332302f4de4776ad8
                                   标题：(COMIC1☆7) 大勝訴 (俺の彼女と幼なじみが修羅場すぎる)
                                   作者：SSB (まりりん)
                                   是否完结：是
                                   总页数：10
                                   分类：同人,短篇
                                   章节数：1
                                   最后更新时间：2019-02-06T02:29:55.929Z
                                   =================================================
2026-08-13 23:53:07 - mkk_pika - database.py:101 - INFO - 保存成功：(COMIC1☆7) 大勝訴 (俺の彼女と幼なじみが修羅場すぎる)
2026-08-13 23:53:07 - mkk_pika - main.py:35 - INFO - 开始检查りすきぃ♥ぷれい | 淫猥大膽♥性遊戲是否存在未下载章节
2026-08-13 23:53:08 - mkk_pika - main.py:45 - INFO - 正在下载:[りすきぃ♥ぷれい | 淫猥大膽♥性遊戲]-[蛹虎次郎]-[['長篇', '單行本']]-[total_pages:197]
2026-08-13 23:53:08 - mkk_pika - main.py:49 - INFO - [{'_id': '5c5a46b4cc5f1d653416440a', 'title': '第1集', 'order': 1, 'updated_at': '2019-02-05T07:26:36.235Z', 'id': '5c5a46b4cc5f1d653416440a'}]
2026-08-13 23:53:08 - mkk_pika - database.py:215 - INFO - 第一次下载该漫画，记录数据库中
2026-08-13 23:53:09 - mkk_pika - main.py:83 - INFO - 找到 197 张图片在:第1集
2026-08-13 23:53:16 - mkk_pika - main.py:112 - INFO - [episode:第1集       ] downloaded:   197, total: 197, progress:100%
2026-08-13 23:53:16 - mkk_pika - database.py:238 - INFO - 数据库更新已下载章节
2026-08-13 23:53:16 - mkk_pika - database.py:244 - INFO - 该漫画已下载章节如下
2026-08-13 23:53:16 - mkk_pika - database.py:245 - INFO - ['第1集']
2026-08-13 23:53:18 - mkk_pika - main.py:348 - INFO - ==================== 漫画信息 ====================
                                   漫画ID：5c5a46b4cc5f1d6534164409
                                   标题：りすきぃ♥ぷれい | 淫猥大膽♥性遊戲
                                   作者：蛹虎次郎
                                   是否完结：是
                                   总页数：197
                                   分类：長篇,單行本
                                   章节数：1
                                   最后更新时间：2019-02-06T02:30:12.039Z
                                   =================================================
2026-08-13 23:53:18 - mkk_pika - database.py:101 - INFO - 保存成功：りすきぃ♥ぷれい | 淫猥大膽♥性遊戲
2026-08-13 23:53:18 - mkk_pika - main.py:35 - INFO - 开始检查(C95) BuBuチャンネル是否存在未下载章节
2026-08-13 23:53:18 - mkk_pika - main.py:45 - INFO - 正在下载:[(C95) BuBuチャンネル]-[トースター (マップタツ)]-[['短篇', '同人', '非人類', 'Fate']]-[total_pages:44]
2026-08-13 23:53:18 - mkk_pika - main.py:49 - INFO - [{'_id': '5c42f4d809220c2140a0e2ba', 'title': '第1集', 'order': 1, 'updated_at': '2019-01-17T01:33:03.440Z', 'id': '5c42f4d809220c2140a0e2ba'}, {'_id': '5c5a476348edd1536a6be3f5', 'title': '汉化', 'order': 2, 'updated_at': '2019-02-05T08:32:42.557Z', 'id': '5c5a476348edd1536a6be3f5'}]
2026-08-13 23:53:18 - mkk_pika - database.py:215 - INFO - 第一次下载该漫画，记录数据库中
2026-08-13 23:53:18 - mkk_pika - main.py:83 - INFO - 找到 22 张图片在:第1集
2026-08-13 23:53:19 - mkk_pika - main.py:112 - INFO - [episode:第1集       ] downloaded:    22, total:  22, progress:100%
2026-08-13 23:53:19 - mkk_pika - database.py:238 - INFO - 数据库更新已下载章节
2026-08-13 23:53:19 - mkk_pika - database.py:244 - INFO - 该漫画已下载章节如下
2026-08-13 23:53:19 - mkk_pika - database.py:245 - INFO - ['第1集']
2026-08-13 23:53:21 - mkk_pika - main.py:83 - INFO - 找到 22 张图片在:汉化
2026-08-13 23:53:22 - mkk_pika - main.py:112 - INFO - [episode:汉化        ] downloaded:    22, total:  22, progress:100%
2026-08-13 23:53:22 - mkk_pika - database.py:238 - INFO - 数据库更新已下载章节
2026-08-13 23:53:22 - mkk_pika - database.py:244 - INFO - 该漫画已下载章节如下
2026-08-13 23:53:22 - mkk_pika - database.py:245 - INFO - ['第1集', '汉化']
2026-08-13 23:53:23 - mkk_pika - main.py:348 - INFO - ==================== 漫画信息 ====================
                                   漫画ID：5c42f4d809220c2140a0e2b9
                                   标题：(C95) BuBuチャンネル
                                   作者：トースター (マップタツ)
                                   是否完结：是
                                   总页数：44
                                   分类：短篇,同人,非人類,Fate
                                   章节数：2
                                   最后更新时间：2019-02-06T02:33:07.498Z
                                   =================================================
2026-08-13 23:53:23 - mkk_pika - database.py:101 - INFO - 保存成功：(C95) BuBuチャンネル
2026-08-13 23:53:23 - mkk_pika - main.py:35 - INFO - 开始检查りすきぃぷれい 淫猥大膽性遊戲 是否存在未下载章节
2026-08-13 23:53:23 - mkk_pika - main.py:45 - INFO - 正在下载:[りすきぃぷれい 淫猥大膽性遊戲 ]-[蛹虎次郎]-[['長篇', '純愛', '單行本', '姐姐系', 'SM', '人妻', 'NTR', '強暴', '非人類', '後宮閃光']]-[total_pages:194]
2026-08-13 23:53:23 - mkk_pika - main.py:49 - INFO - [{'_id': '5c5a47963a4e3d7831ae1efc', 'title': '第1集', 'order': 1, 'updated_at': '2019-01-31T08:33:06.148Z', 'id': '5c5a47963a4e3d7831ae1efc'}]
2026-08-13 23:53:23 - mkk_pika - database.py:215 - INFO - 第一次下载该漫画，记录数据库中
2026-08-13 23:53:26 - mkk_pika - main.py:83 - INFO - 找到 194 张图片在:第1集
2026-08-13 23:53:32 - mkk_pika - main.py:112 - INFO - [episode:第1集       ] downloaded:   194, total: 194, progress:100%
2026-08-13 23:53:32 - mkk_pika - database.py:238 - INFO - 数据库更新已下载章节
2026-08-13 23:53:32 - mkk_pika - database.py:244 - INFO - 该漫画已下载章节如下
2026-08-13 23:53:32 - mkk_pika - database.py:245 - INFO - ['第1集']
2026-08-13 23:53:33 - mkk_pika - main.py:348 - INFO - ==================== 漫画信息 ====================
                                   漫画ID：5c5a47963a4e3d7831ae1efb
                                   标题：りすきぃぷれい 淫猥大膽性遊戲 
                                   作者：蛹虎次郎
                                   是否完结：是
                                   总页数：194
                                   分类：長篇,純愛,單行本,姐姐系,SM,人妻,NTR,強暴,非人類,後宮閃光
                                   章节数：1
                                   最后更新时间：2019-02-06T02:33:58.954Z
                                   =================================================
2026-08-13 23:53:33 - mkk_pika - database.py:101 - INFO - 保存成功：りすきぃぷれい 淫猥大膽性遊戲 
2026-08-13 23:53:33 - mkk_pika - main.py:35 - INFO - 开始检查見えないトコロで 在看不到的地方做是否存在未下载章节
2026-08-13 23:53:33 - mkk_pika - main.py:45 - INFO - 正在下载:[見えないトコロで 在看不到的地方做]-[火浦R]-[['長篇', '純愛', '單行本', '姐姐系', '妹妹系', '後宮閃光']]-[total_pages:193]
2026-08-13 23:53:33 - mkk_pika - main.py:49 - INFO - [{'_id': '5c5a479e7c5ca37867c3f8e5', 'title': '第1集', 'order': 1, 'updated_at': '2019-01-31T08:13:16.709Z', 'id': '5c5a479e7c5ca37867c3f8e5'}]
2026-08-13 23:53:33 - mkk_pika - database.py:215 - INFO - 第一次下载该漫画，记录数据库中
2026-08-13 23:53:36 - mkk_pika - main.py:83 - INFO - 找到 193 张图片在:第1集
2026-08-13 23:53:41 - mkk_pika - main.py:112 - INFO - [episode:第1集       ] downloaded:   193, total: 193, progress:100%
2026-08-13 23:53:41 - mkk_pika - database.py:238 - INFO - 数据库更新已下载章节
2026-08-13 23:53:41 - mkk_pika - database.py:244 - INFO - 该漫画已下载章节如下
2026-08-13 23:53:41 - mkk_pika - database.py:245 - INFO - ['第1集']
2026-08-13 23:53:43 - mkk_pika - main.py:348 - INFO - ==================== 漫画信息 ====================
                                   漫画ID：5c5a479d7c5ca37867c3f8e4
                                   标题：見えないトコロで 在看不到的地方做
                                   作者：火浦R
                                   是否完结：是
                                   总页数：193
                                   分类：長篇,純愛,單行本,姐姐系,妹妹系,後宮閃光
                                   章节数：1
                                   最后更新时间：2019-02-06T02:34:05.997Z
                                   =================================================
2026-08-13 23:53:43 - mkk_pika - database.py:101 - INFO - 保存成功：見えないトコロで 在看不到的地方做
2026-08-13 23:53:43 - mkk_pika - main.py:35 - INFO - 开始检查(第4回近しき親交のための同人誌好事会) 真逆の清純者 (境界線上のホライゾン)是否存在未下载章节
2026-08-13 23:53:43 - mkk_pika - main.py:45 - INFO - 正在下载:[(第4回近しき親交のための同人誌好事会) 真逆の清純者 (境界線上のホライゾン)]-[ ABLISS (迷)]-[['短篇', '同人']]-[total_pages:37]
2026-08-13 23:53:43 - mkk_pika - main.py:49 - INFO - [{'_id': '5c5a47d67c5ca37867c3f9a8', 'title': '第1集', 'order': 1, 'updated_at': '2019-02-05T13:34:41.640Z', 'id': '5c5a47d67c5ca37867c3f9a8'}]
2026-08-13 23:53:43 - mkk_pika - database.py:215 - INFO - 第一次下载该漫画，记录数据库中
2026-08-13 23:53:44 - mkk_pika - main.py:83 - INFO - 找到 37 张图片在:第1集
2026-08-13 23:53:45 - mkk_pika - main.py:112 - INFO - [episode:第1集       ] downloaded:    37, total:  37, progress:100%
2026-08-13 23:53:45 - mkk_pika - database.py:238 - INFO - 数据库更新已下载章节
2026-08-13 23:53:45 - mkk_pika - database.py:244 - INFO - 该漫画已下载章节如下
2026-08-13 23:53:45 - mkk_pika - database.py:245 - INFO - ['第1集']
2026-08-13 23:53:46 - mkk_pika - main.py:348 - INFO - ==================== 漫画信息 ====================
                                   漫画ID：5c5a47d67c5ca37867c3f9a7
                                   标题：(第4回近しき親交のための同人誌好事会) 真逆の清純者 (境界線上のホライゾン)
                                   作者： ABLISS (迷)
                                   是否完结：否
                                   总页数：37
                                   分类：短篇,同人
                                   章节数：1
                                   最后更新时间：2019-02-06T02:35:02.920Z
                                   =================================================
2026-08-13 23:53:46 - mkk_pika - database.py:101 - INFO - 保存成功：(第4回近しき親交のための同人誌好事会) 真逆の清純者 (境界線上のホライゾン)
2026-08-13 23:53:46 - mkk_pika - main.py:35 - INFO - 开始检查もっと!孕ませ!炎のおっぱい異世界エロ魔法学園（COMIC BAVEL 2018年7月号 [DL版]） [彩页3P汉化]是否存在未下载章节
2026-08-13 23:53:47 - mkk_pika - main.py:45 - INFO - 正在下载:[もっと!孕ませ!炎のおっぱい異世界エロ魔法学園（COMIC BAVEL 2018年7月号 [DL版]） [彩页3P汉化]]-[ 焼肉食べたい (でらうえあ)]-[['短篇', '同人', '全彩']]-[total_pages:3]
2026-08-13 23:53:47 - mkk_pika - main.py:49 - INFO - [{'_id': '5c5a47e6173c0a6570079182', 'title': '第1集', 'order': 1, 'updated_at': '2019-02-05T13:37:59.858Z', 'id': '5c5a47e6173c0a6570079182'}]
2026-08-13 23:53:47 - mkk_pika - database.py:215 - INFO - 第一次下载该漫画，记录数据库中
2026-08-13 23:53:48 - mkk_pika - main.py:83 - INFO - 找到 3 张图片在:第1集
2026-08-13 23:53:48 - mkk_pika - main.py:112 - INFO - [episode:第1集       ] downloaded:     3, total:   3, progress:100%
2026-08-13 23:53:48 - mkk_pika - database.py:238 - INFO - 数据库更新已下载章节
2026-08-13 23:53:48 - mkk_pika - database.py:244 - INFO - 该漫画已下载章节如下
2026-08-13 23:53:48 - mkk_pika - database.py:245 - INFO - ['第1集']
2026-08-13 23:53:49 - mkk_pika - main.py:348 - INFO - ==================== 漫画信息 ====================
                                   漫画ID：5c5a47e6173c0a6570079181
                                   标题：もっと!孕ませ!炎のおっぱい異世界エロ魔法学園（COMIC BAVEL 2018年7月号 [DL版]） [彩页3P汉化]
                                   作者： 焼肉食べたい (でらうえあ)
                                   是否完结：否
                                   总页数：3
                                   分类：短篇,同人,全彩
                                   章节数：1
                                   最后更新时间：2019-02-06T02:35:18.673Z
                                   =================================================
2026-08-13 23:53:49 - mkk_pika - database.py:101 - INFO - 保存成功：もっと!孕ませ!炎のおっぱい異世界エロ魔法学園（COMIC BAVEL 2018年7月号 [DL版]） [彩页3P汉化]
2026-08-13 23:53:49 - mkk_pika - main.py:35 - INFO - 开始检查 (C95)  目指せ!楽園計画 vol.5 (To LOVEる -とらぶる-)是否存在未下载章节
2026-08-13 23:53:49 - mkk_pika - main.py:45 - INFO - 正在下载:[ (C95)  目指せ!楽園計画 vol.5 (To LOVEる -とらぶる-)]-[虎マシーン (春日部太郎)]-[['短篇', '同人']]-[total_pages:43]
2026-08-13 23:53:49 - mkk_pika - main.py:49 - INFO - [{'_id': '5c5a47f7310ff45364db86cc', 'title': '第1集', 'order': 1, 'updated_at': '2019-02-05T13:47:39.712Z', 'id': '5c5a47f7310ff45364db86cc'}]
2026-08-13 23:53:49 - mkk_pika - database.py:215 - INFO - 第一次下载该漫画，记录数据库中
2026-08-13 23:53:50 - mkk_pika - main.py:83 - INFO - 找到 43 张图片在:第1集
2026-08-13 23:53:52 - mkk_pika - main.py:112 - INFO - [episode:第1集       ] downloaded:    43, total:  43, progress:100%
2026-08-13 23:53:52 - mkk_pika - database.py:238 - INFO - 数据库更新已下载章节
2026-08-13 23:53:52 - mkk_pika - database.py:244 - INFO - 该漫画已下载章节如下
2026-08-13 23:53:52 - mkk_pika - database.py:245 - INFO - ['第1集']
2026-08-13 23:53:53 - mkk_pika - main.py:348 - INFO - ==================== 漫画信息 ====================
                                   漫画ID：5c5a47f7310ff45364db86cb
                                   标题： (C95)  目指せ!楽園計画 vol.5 (To LOVEる -とらぶる-)
                                   作者：虎マシーン (春日部太郎)
                                   是否完结：否
                                   总页数：43
                                   分类：短篇,同人
                                   章节数：1
                                   最后更新时间：2019-02-06T02:35:35.094Z
                                   =================================================
2026-08-13 23:53:53 - mkk_pika - database.py:101 - INFO - 保存成功： (C95)  目指せ!楽園計画 vol.5 (To LOVEる -とらぶる-)
2026-08-13 23:53:53 - mkk_pika - main.py:35 - INFO - 开始检查(C95)  JSと結婚できる優しい世界是否存在未下载章节
2026-08-13 23:53:53 - mkk_pika - main.py:45 - INFO - 正在下载:[(C95)  JSと結婚できる優しい世界]-[アカタマ (桜吹雪ねる)]-[['短篇', '同人']]-[total_pages:29]
2026-08-13 23:53:53 - mkk_pika - main.py:49 - INFO - [{'_id': '5c5a48067c5ca37867c3f9d0', 'title': '第1集', 'order': 1, 'updated_at': '2019-02-05T14:18:40.021Z', 'id': '5c5a48067c5ca37867c3f9d0'}]
2026-08-13 23:53:53 - mkk_pika - database.py:215 - INFO - 第一次下载该漫画，记录数据库中
2026-08-13 23:53:54 - mkk_pika - main.py:83 - INFO - 找到 29 张图片在:第1集
2026-08-13 23:53:55 - mkk_pika - main.py:112 - INFO - [episode:第1集       ] downloaded:    29, total:  29, progress:100%
2026-08-13 23:53:55 - mkk_pika - database.py:238 - INFO - 数据库更新已下载章节
2026-08-13 23:53:55 - mkk_pika - database.py:244 - INFO - 该漫画已下载章节如下
2026-08-13 23:53:55 - mkk_pika - database.py:245 - INFO - ['第1集']
2026-08-13 23:53:56 - mkk_pika - main.py:348 - INFO - ==================== 漫画信息 ====================
                                   漫画ID：5c5a48067c5ca37867c3f9cf
                                   标题：(C95)  JSと結婚できる優しい世界
                                   作者：アカタマ (桜吹雪ねる)
                                   是否完结：否
                                   总页数：29
                                   分类：短篇,同人
                                   章节数：1
                                   最后更新时间：2019-02-06T02:35:50.403Z
                                   =================================================
2026-08-13 23:53:56 - mkk_pika - database.py:101 - INFO - 保存成功：(C95)  JSと結婚できる優しい世界
2026-08-13 23:53:56 - mkk_pika - main.py:35 - INFO - 开始检查 (C90) 瑞穂のケッコン初夜 (艦隊これくしょん -艦これ-)是否存在未下载章节
2026-08-13 23:53:57 - mkk_pika - main.py:45 - INFO - 正在下载:[ (C90) 瑞穂のケッコン初夜 (艦隊これくしょん -艦これ-)]-[L5EX (カメーリエ)]-[['短篇', '同人']]-[total_pages:27]
2026-08-13 23:53:57 - mkk_pika - main.py:49 - INFO - [{'_id': '5c5a487f3610ab4e1ede8a2a', 'title': '第1集', 'order': 1, 'updated_at': '2019-02-05T14:33:49.721Z', 'id': '5c5a487f3610ab4e1ede8a2a'}]
2026-08-13 23:53:57 - mkk_pika - database.py:215 - INFO - 第一次下载该漫画，记录数据库中
2026-08-13 23:53:57 - mkk_pika - main.py:83 - INFO - 找到 27 张图片在:第1集
2026-08-13 23:53:58 - mkk_pika - main.py:112 - INFO - [episode:第1集       ] downloaded:    27, total:  27, progress:100%
2026-08-13 23:53:58 - mkk_pika - database.py:238 - INFO - 数据库更新已下载章节
2026-08-13 23:53:58 - mkk_pika - database.py:244 - INFO - 该漫画已下载章节如下
2026-08-13 23:53:58 - mkk_pika - database.py:245 - INFO - ['第1集']
2026-08-13 23:54:00 - mkk_pika - main.py:348 - INFO - ==================== 漫画信息 ====================
                                   漫画ID：5c5a487f3610ab4e1ede8a29
                                   标题： (C90) 瑞穂のケッコン初夜 (艦隊これくしょん -艦これ-)
                                   作者：L5EX (カメーリエ)
                                   是否完结：否
                                   总页数：27
                                   分类：短篇,同人
                                   章节数：1
                                   最后更新时间：2019-02-06T02:37:51.728Z
                                   =================================================
2026-08-13 23:54:00 - mkk_pika - database.py:101 - INFO - 保存成功： (C90) 瑞穂のケッコン初夜 (艦隊これくしょん -艦これ-)
2026-08-13 23:54:00 - mkk_pika - main.py:35 - INFO - 开始检查(C95)戦車道の裏道 プラウダ高校 (ガールズ&パンツァー)是否存在未下载章节
2026-08-13 23:54:00 - mkk_pika - main.py:45 - INFO - 正在下载:[(C95)戦車道の裏道 プラウダ高校 (ガールズ&パンツァー)]-[ AERODOG (inu)]-[['短篇', '同人']]-[total_pages:30]
2026-08-13 23:54:00 - mkk_pika - main.py:49 - INFO - [{'_id': '5c5a48987c5ca37867c3fa0c', 'title': '第1集', 'order': 1, 'updated_at': '2019-02-05T15:07:11.339Z', 'id': '5c5a48987c5ca37867c3fa0c'}]
2026-08-13 23:54:00 - mkk_pika - database.py:215 - INFO - 第一次下载该漫画，记录数据库中
2026-08-13 23:54:01 - mkk_pika - main.py:83 - INFO - 找到 30 张图片在:第1集
2026-08-13 23:54:02 - mkk_pika - main.py:112 - INFO - [episode:第1集       ] downloaded:    30, total:  30, progress:100%
2026-08-13 23:54:02 - mkk_pika - database.py:238 - INFO - 数据库更新已下载章节
2026-08-13 23:54:02 - mkk_pika - database.py:244 - INFO - 该漫画已下载章节如下
2026-08-13 23:54:02 - mkk_pika - database.py:245 - INFO - ['第1集']
2026-08-13 23:54:03 - mkk_pika - main.py:348 - INFO - ==================== 漫画信息 ====================
                                   漫画ID：5c5a48987c5ca37867c3fa0b
                                   标题：(C95)戦車道の裏道 プラウダ高校 (ガールズ&パンツァー)
                                   作者： AERODOG (inu)
                                   是否完结：否
                                   总页数：30
                                   分类：短篇,同人
                                   章节数：1
                                   最后更新时间：2019-02-06T02:38:16.927Z
                                   =================================================
2026-08-13 23:54:03 - mkk_pika - database.py:101 - INFO - 保存成功：(C95)戦車道の裏道 プラウダ高校 (ガールズ&パンツァー)
2026-08-13 23:54:03 - mkk_pika - main.py:35 - INFO - 开始检查対魔忍凜子3 (対魔忍ユキカゼ) 是否存在未下载章节
2026-08-13 23:54:03 - mkk_pika - main.py:45 - INFO - 正在下载:[対魔忍凜子3 (対魔忍ユキカゼ) ]-[マロン工房 (魔龍)]-[['短篇', '同人', 'SM', '強暴']]-[total_pages:28]
2026-08-13 23:54:03 - mkk_pika - main.py:49 - INFO - [{'_id': '5c5a48bd73f6fb53a2f09915', 'title': '第1集', 'order': 1, 'updated_at': '2019-02-06T00:25:56.142Z', 'id': '5c5a48bd73f6fb53a2f09915'}]
2026-08-13 23:54:03 - mkk_pika - database.py:215 - INFO - 第一次下载该漫画，记录数据库中
2026-08-13 23:54:04 - mkk_pika - main.py:83 - INFO - 找到 28 张图片在:第1集
2026-08-13 23:54:05 - mkk_pika - main.py:112 - INFO - [episode:第1集       ] downloaded:    28, total:  28, progress:100%
2026-08-13 23:54:05 - mkk_pika - database.py:238 - INFO - 数据库更新已下载章节
2026-08-13 23:54:05 - mkk_pika - database.py:244 - INFO - 该漫画已下载章节如下
2026-08-13 23:54:05 - mkk_pika - database.py:245 - INFO - ['第1集']
2026-08-13 23:54:06 - mkk_pika - main.py:348 - INFO - ==================== 漫画信息 ====================
                                   漫画ID：5c5a48bd73f6fb53a2f09914
                                   标题：対魔忍凜子3 (対魔忍ユキカゼ) 
                                   作者：マロン工房 (魔龍)
                                   是否完结：是
                                   总页数：28
                                   分类：短篇,同人,SM,強暴
                                   章节数：1
                                   最后更新时间：2019-02-06T02:38:53.377Z
                                   =================================================
2026-08-13 23:54:06 - mkk_pika - database.py:101 - INFO - 保存成功：対魔忍凜子3 (対魔忍ユキカゼ) 
2026-08-13 23:54:06 - mkk_pika - main.py:35 - INFO - 开始检查レムにゃんとにゃんにゃんする (Reゼロから始める異世界生活)是否存在未下载章节
2026-08-13 23:54:07 - mkk_pika - main.py:45 - INFO - 正在下载:[レムにゃんとにゃんにゃんする (Reゼロから始める異世界生活)]-[moriQ (森あいり)]-[['短篇', '同人', '純愛']]-[total_pages:23]
2026-08-13 23:54:07 - mkk_pika - main.py:49 - INFO - [{'_id': '5c5a492273f6fb53a2f09937', 'title': '第1集', 'order': 1, 'updated_at': '2019-02-06T02:04:57.765Z', 'id': '5c5a492273f6fb53a2f09937'}]
2026-08-13 23:54:07 - mkk_pika - database.py:215 - INFO - 第一次下载该漫画，记录数据库中
2026-08-13 23:54:07 - mkk_pika - main.py:83 - INFO - 找到 23 张图片在:第1集
2026-08-13 23:54:08 - mkk_pika - main.py:112 - INFO - [episode:第1集       ] downloaded:    23, total:  23, progress:100%
2026-08-13 23:54:08 - mkk_pika - database.py:238 - INFO - 数据库更新已下载章节
2026-08-13 23:54:08 - mkk_pika - database.py:244 - INFO - 该漫画已下载章节如下
2026-08-13 23:54:08 - mkk_pika - database.py:245 - INFO - ['第1集']
2026-08-13 23:54:09 - mkk_pika - main.py:348 - INFO - ==================== 漫画信息 ====================
                                   漫画ID：5c5a492273f6fb53a2f09936
                                   标题：レムにゃんとにゃんにゃんする (Reゼロから始める異世界生活)
                                   作者：moriQ (森あいり)
                                   是否完结：是
                                   总页数：23
                                   分类：短篇,同人,純愛
                                   章节数：1
                                   最后更新时间：2019-02-06T02:40:34.422Z
                                   =================================================
2026-08-13 23:54:09 - mkk_pika - database.py:101 - INFO - 保存成功：レムにゃんとにゃんにゃんする (Reゼロから始める異世界生活)
2026-08-13 23:54:09 - mkk_pika - main.py:35 - INFO - 开始检查(C95)おねえちゃんが現実世界に逆受肉しちゃうお話 (グランブルーファンタジー)是否存在未下载章节
2026-08-13 23:54:10 - mkk_pika - main.py:45 - INFO - 正在下载:[(C95)おねえちゃんが現実世界に逆受肉しちゃうお話 (グランブルーファンタジー)]-[藤屋本店 (藤ます)]-[['短篇', '同人', '碧藍幻想', '純愛']]-[total_pages:19]
2026-08-13 23:54:10 - mkk_pika - main.py:49 - INFO - [{'_id': '5c5a493e3a4e3d7831ae1fc9', 'title': '第1集', 'order': 1, 'updated_at': '2019-02-06T02:19:30.610Z', 'id': '5c5a493e3a4e3d7831ae1fc9'}]
2026-08-13 23:54:10 - mkk_pika - database.py:215 - INFO - 第一次下载该漫画，记录数据库中
2026-08-13 23:54:10 - mkk_pika - main.py:83 - INFO - 找到 19 张图片在:第1集
2026-08-13 23:54:11 - mkk_pika - main.py:112 - INFO - [episode:第1集       ] downloaded:    19, total:  19, progress:100%
2026-08-13 23:54:11 - mkk_pika - database.py:238 - INFO - 数据库更新已下载章节
2026-08-13 23:54:11 - mkk_pika - database.py:244 - INFO - 该漫画已下载章节如下
2026-08-13 23:54:11 - mkk_pika - database.py:245 - INFO - ['第1集']
2026-08-13 23:54:13 - mkk_pika - main.py:348 - INFO - ==================== 漫画信息 ====================
                                   漫画ID：5c5a493e3a4e3d7831ae1fc8
                                   标题：(C95)おねえちゃんが現実世界に逆受肉しちゃうお話 (グランブルーファンタジー)
                                   作者：藤屋本店 (藤ます)
                                   是否完结：是
                                   总页数：19
                                   分类：短篇,同人,碧藍幻想,純愛
                                   章节数：1
                                   最后更新时间：2019-02-06T02:41:02.976Z
                                   =================================================
2026-08-13 23:54:13 - mkk_pika - database.py:101 - INFO - 保存成功：(C95)おねえちゃんが現実世界に逆受肉しちゃうお話 (グランブルーファンタジー)
2026-08-13 23:54:13 - mkk_pika - main.py:35 - INFO - 开始检查(C95)月曜日のたわわ その VII是否存在未下载章节
2026-08-13 23:54:13 - mkk_pika - main.py:45 - INFO - 正在下载:[(C95)月曜日のたわわ その VII]-[比村乳業 (比村奇石)]-[['短篇', '純愛', '妹妹系']]-[total_pages:40]
2026-08-13 23:54:13 - mkk_pika - main.py:49 - INFO - [{'_id': '5c5a495f310ff45364db87e4', 'title': '第1集', 'order': 1, 'updated_at': '2019-02-06T02:25:24.212Z', 'id': '5c5a495f310ff45364db87e4'}]
2026-08-13 23:54:13 - mkk_pika - database.py:215 - INFO - 第一次下载该漫画，记录数据库中
2026-08-13 23:54:13 - mkk_pika - main.py:83 - INFO - 找到 40 张图片在:第1集
2026-08-13 23:54:15 - mkk_pika - main.py:112 - INFO - [episode:第1集       ] downloaded:    40, total:  40, progress:100%
2026-08-13 23:54:15 - mkk_pika - database.py:238 - INFO - 数据库更新已下载章节
2026-08-13 23:54:15 - mkk_pika - database.py:244 - INFO - 该漫画已下载章节如下
2026-08-13 23:54:15 - mkk_pika - database.py:245 - INFO - ['第1集']
2026-08-13 23:54:16 - mkk_pika - main.py:348 - INFO - ==================== 漫画信息 ====================
                                   漫画ID：5c5a495f310ff45364db87e3
                                   标题：(C95)月曜日のたわわ その VII
                                   作者：比村乳業 (比村奇石)
                                   是否完结：是
                                   总页数：40
                                   分类：短篇,純愛,妹妹系
                                   章节数：1
                                   最后更新时间：2019-02-06T02:41:35.909Z
                                   =================================================
2026-08-13 23:54:16 - mkk_pika - database.py:101 - INFO - 保存成功：(C95)月曜日のたわわ その VII
2026-08-13 23:54:16 - mkk_pika - main.py:35 - INFO - 开始检查ETOILE(少女☆歌劇 レヴュースタァライト)是否存在未下载章节
2026-08-13 23:54:17 - mkk_pika - main.py:45 - INFO - 正在下载:[ETOILE(少女☆歌劇 レヴュースタァライト)]-[篠川あるみ、古我望)]-[['短篇', '全彩', '同人', '強暴']]-[total_pages:12]
2026-08-13 23:54:17 - mkk_pika - main.py:49 - INFO - [{'_id': '5c5a496d173c0a657007918f', 'title': '第1集', 'order': 1, 'updated_at': '2019-02-06T02:28:31.494Z', 'id': '5c5a496d173c0a657007918f'}]
2026-08-13 23:54:17 - mkk_pika - database.py:215 - INFO - 第一次下载该漫画，记录数据库中
2026-08-13 23:54:17 - mkk_pika - main.py:83 - INFO - 找到 12 张图片在:第1集
2026-08-13 23:54:18 - mkk_pika - main.py:112 - INFO - [episode:第1集       ] downloaded:    12, total:  12, progress:100%
2026-08-13 23:54:18 - mkk_pika - database.py:238 - INFO - 数据库更新已下载章节
2026-08-13 23:54:18 - mkk_pika - database.py:244 - INFO - 该漫画已下载章节如下
2026-08-13 23:54:18 - mkk_pika - database.py:245 - INFO - ['第1集']
2026-08-13 23:54:19 - mkk_pika - main.py:348 - INFO - ==================== 漫画信息 ====================
                                   漫画ID：5c5a496d173c0a657007918e
                                   标题：ETOILE(少女☆歌劇 レヴュースタァライト)
                                   作者：篠川あるみ、古我望)
                                   是否完结：是
                                   总页数：12
                                   分类：短篇,全彩,同人,強暴
                                   章节数：1
                                   最后更新时间：2019-02-06T02:41:49.865Z
                                   =================================================
2026-08-13 23:54:19 - mkk_pika - database.py:101 - INFO - 保存成功：ETOILE(少女☆歌劇 レヴュースタァライト)
2026-08-13 23:54:19 - mkk_pika - main.py:35 - INFO - 开始检查放課後の体育倉庫 - 歪んだ愛情 編是否存在未下载章节
2026-08-13 23:54:20 - mkk_pika - main.py:45 - INFO - 正在下载:[放課後の体育倉庫 - 歪んだ愛情 編]-[紺色くらぶ (あさん)]-[['短篇', '全彩', 'SM']]-[total_pages:33]
2026-08-13 23:54:20 - mkk_pika - main.py:49 - INFO - [{'_id': '5c5a499648edd1536a6be48b', 'title': '第1集', 'order': 1, 'updated_at': '2019-02-06T02:33:49.078Z', 'id': '5c5a499648edd1536a6be48b'}]
2026-08-13 23:54:20 - mkk_pika - database.py:215 - INFO - 第一次下载该漫画，记录数据库中
2026-08-13 23:54:20 - mkk_pika - main.py:83 - INFO - 找到 33 张图片在:第1集
2026-08-13 23:54:22 - mkk_pika - main.py:112 - INFO - [episode:第1集       ] downloaded:    33, total:  33, progress:100%
2026-08-13 23:54:22 - mkk_pika - database.py:238 - INFO - 数据库更新已下载章节
2026-08-13 23:54:22 - mkk_pika - database.py:244 - INFO - 该漫画已下载章节如下
2026-08-13 23:54:22 - mkk_pika - database.py:245 - INFO - ['第1集']
2026-08-13 23:54:23 - mkk_pika - main.py:348 - INFO - ==================== 漫画信息 ====================
                                   漫画ID：5c5a499648edd1536a6be48a
                                   标题：放課後の体育倉庫 - 歪んだ愛情 編
                                   作者：紺色くらぶ (あさん)
                                   是否完结：是
                                   总页数：33
                                   分类：短篇,全彩,SM
                                   章节数：1
                                   最后更新时间：2019-02-06T02:42:30.349Z
                                   =================================================
2026-08-13 23:54:23 - mkk_pika - database.py:101 - INFO - 保存成功：放課後の体育倉庫 - 歪んだ愛情 編
2026-08-13 23:54:23 - mkk_pika - main.py:35 - INFO - 开始检查僕たち、サカってます是否存在未下载章节
2026-08-13 23:54:23 - mkk_pika - main.py:45 - INFO - 正在下载:[僕たち、サカってます]-[きづかかずき]-[['短篇', '強暴']]-[total_pages:22]
2026-08-13 23:54:23 - mkk_pika - main.py:49 - INFO - [{'_id': '5c5a49a148edd1536a6be4ae', 'title': '第1集', 'order': 1, 'updated_at': '2019-02-06T02:39:05.979Z', 'id': '5c5a49a148edd1536a6be4ae'}]
2026-08-13 23:54:23 - mkk_pika - database.py:215 - INFO - 第一次下载该漫画，记录数据库中
2026-08-13 23:54:24 - mkk_pika - main.py:83 - INFO - 找到 22 张图片在:第1集
2026-08-13 23:54:25 - mkk_pika - main.py:112 - INFO - [episode:第1集       ] downloaded:    22, total:  22, progress:100%
2026-08-13 23:54:25 - mkk_pika - database.py:238 - INFO - 数据库更新已下载章节
2026-08-13 23:54:25 - mkk_pika - database.py:244 - INFO - 该漫画已下载章节如下
2026-08-13 23:54:25 - mkk_pika - database.py:245 - INFO - ['第1集']
2026-08-13 23:54:26 - mkk_pika - main.py:348 - INFO - ==================== 漫画信息 ====================
                                   漫画ID：5c5a49a148edd1536a6be4ad
                                   标题：僕たち、サカってます
                                   作者：きづかかずき
                                   是否完结：是
                                   总页数：22
                                   分类：短篇,強暴
                                   章节数：1
                                   最后更新时间：2019-02-06T02:42:41.829Z
                                   =================================================
2026-08-13 23:54:26 - mkk_pika - database.py:101 - INFO - 保存成功：僕たち、サカってます
2026-08-13 23:54:26 - mkk_pika - main.py:35 - INFO - 开始检查95x97回でもOKでしょう？是否存在未下载章节
2026-08-13 23:54:26 - mkk_pika - main.py:45 - INFO - 正在下载:[95x97回でもOKでしょう？]-[ねるねる (ねねる)]-[['同人', '短篇', '後宮閃光']]-[total_pages:10]
2026-08-13 23:54:26 - mkk_pika - main.py:49 - INFO - [{'_id': '5c5a530e7c5ca37867c3fa95', 'title': '第1集', 'order': 1, 'updated_at': '2019-02-06T03:14:45.663Z', 'id': '5c5a530e7c5ca37867c3fa95'}]
2026-08-13 23:54:26 - mkk_pika - database.py:215 - INFO - 第一次下载该漫画，记录数据库中
2026-08-13 23:54:27 - mkk_pika - main.py:83 - INFO - 找到 10 张图片在:第1集
2026-08-13 23:54:28 - mkk_pika - main.py:112 - INFO - [episode:第1集       ] downloaded:    10, total:  10, progress:100%
2026-08-13 23:54:28 - mkk_pika - database.py:238 - INFO - 数据库更新已下载章节
2026-08-13 23:54:28 - mkk_pika - database.py:244 - INFO - 该漫画已下载章节如下
2026-08-13 23:54:28 - mkk_pika - database.py:245 - INFO - ['第1集']
2026-08-13 23:54:29 - mkk_pika - main.py:348 - INFO - ==================== 漫画信息 ====================
                                   漫画ID：5c5a530e7c5ca37867c3fa94
                                   标题：95x97回でもOKでしょう？
                                   作者：ねるねる (ねねる)
                                   是否完结：否
                                   总页数：10
                                   分类：同人,短篇,後宮閃光
                                   章节数：1
                                   最后更新时间：2019-02-06T03:22:54.538Z
                                   =================================================
2026-08-13 23:54:29 - mkk_pika - database.py:101 - INFO - 保存成功：95x97回でもOKでしょう？
2026-08-13 23:54:29 - mkk_pika - main.py:35 - INFO - 开始检查(C88)Friends like me. 是否存在未下载章节
2026-08-13 23:54:29 - mkk_pika - main.py:45 - INFO - 正在下载:[(C88)Friends like me. ]-[飯食って寝る。 (あたげ)]-[['短篇', '同人']]-[total_pages:30]
2026-08-13 23:54:29 - mkk_pika - main.py:49 - INFO - [{'_id': '5c5aa6b41fa3577860fc107a', 'title': '第1集', 'order': 1, 'updated_at': '2019-02-06T05:44:17.633Z', 'id': '5c5aa6b41fa3577860fc107a'}]
2026-08-13 23:54:29 - mkk_pika - database.py:215 - INFO - 第一次下载该漫画，记录数据库中
2026-08-13 23:54:30 - mkk_pika - main.py:83 - INFO - 找到 30 张图片在:第1集
2026-08-13 23:54:32 - mkk_pika - main.py:112 - INFO - [episode:第1集       ] downloaded:    30, total:  30, progress:100%
2026-08-13 23:54:32 - mkk_pika - database.py:238 - INFO - 数据库更新已下载章节
2026-08-13 23:54:32 - mkk_pika - database.py:244 - INFO - 该漫画已下载章节如下
2026-08-13 23:54:32 - mkk_pika - database.py:245 - INFO - ['第1集']
2026-08-13 23:54:33 - mkk_pika - main.py:348 - INFO - ==================== 漫画信息 ====================
                                   漫画ID：5c5aa6b41fa3577860fc1079
                                   标题：(C88)Friends like me. 
                                   作者：飯食って寝る。 (あたげ)
                                   是否完结：否
                                   总页数：30
                                   分类：短篇,同人
                                   章节数：1
                                   最后更新时间：2019-02-06T09:19:48.609Z
                                   =================================================
2026-08-13 23:54:33 - mkk_pika - database.py:101 - INFO - 保存成功：(C88)Friends like me. 
2026-08-13 23:54:33 - mkk_pika - main.py:35 - INFO - 开始检查(C88) ヤマダ・ヌキウチ・ケンサ (WORKING!!) 是否存在未下载章节
2026-08-13 23:54:33 - mkk_pika - main.py:45 - INFO - 正在下载:[(C88) ヤマダ・ヌキウチ・ケンサ (WORKING!!) ]-[Dr.VERMILION (ペテン師)]-[['短篇', '同人']]-[total_pages:26]
2026-08-13 23:54:33 - mkk_pika - main.py:49 - INFO - [{'_id': '5c5aa6cb1fa3577860fc109c', 'title': '第1集', 'order': 1, 'updated_at': '2019-02-06T05:54:39.701Z', 'id': '5c5aa6cb1fa3577860fc109c'}]
2026-08-13 23:54:33 - mkk_pika - database.py:215 - INFO - 第一次下载该漫画，记录数据库中
2026-08-13 23:54:34 - mkk_pika - main.py:83 - INFO - 找到 26 张图片在:第1集
2026-08-13 23:54:35 - mkk_pika - main.py:112 - INFO - [episode:第1集       ] downloaded:    26, total:  26, progress:100%
2026-08-13 23:54:35 - mkk_pika - database.py:238 - INFO - 数据库更新已下载章节
2026-08-13 23:54:35 - mkk_pika - database.py:244 - INFO - 该漫画已下载章节如下
2026-08-13 23:54:35 - mkk_pika - database.py:245 - INFO - ['第1集']
2026-08-13 23:54:36 - mkk_pika - main.py:348 - INFO - ==================== 漫画信息 ====================
                                   漫画ID：5c5aa6cb1fa3577860fc109b
                                   标题：(C88) ヤマダ・ヌキウチ・ケンサ (WORKING!!) 
                                   作者：Dr.VERMILION (ペテン師)
                                   是否完结：否
                                   总页数：26
                                   分类：短篇,同人
                                   章节数：1
                                   最后更新时间：2019-02-06T09:20:11.449Z
                                   =================================================
2026-08-13 23:54:36 - mkk_pika - database.py:101 - INFO - 保存成功：(C88) ヤマダ・ヌキウチ・ケンサ (WORKING!!) 
2026-08-13 23:54:36 - mkk_pika - main.py:35 - INFO - 开始检查(C93)あの子の罪と罰是否存在未下载章节
2026-08-13 23:54:36 - mkk_pika - main.py:45 - INFO - 正在下载:[(C93)あの子の罪と罰]-[squeezecandyheaven (いちはや)]-[['短篇', '純愛', '同人']]-[total_pages:38]
2026-08-13 23:54:36 - mkk_pika - main.py:49 - INFO - [{'_id': '5c5aa6df3b87df539b0e52e5', 'title': '第1集', 'order': 1, 'updated_at': '2019-02-06T06:06:00.498Z', 'id': '5c5aa6df3b87df539b0e52e5'}]
2026-08-13 23:54:36 - mkk_pika - database.py:215 - INFO - 第一次下载该漫画，记录数据库中
2026-08-13 23:54:37 - mkk_pika - main.py:83 - INFO - 找到 38 张图片在:第1集
2026-08-13 23:54:38 - mkk_pika - main.py:112 - INFO - [episode:第1集       ] downloaded:    38, total:  38, progress:100%
2026-08-13 23:54:38 - mkk_pika - database.py:238 - INFO - 数据库更新已下载章节
2026-08-13 23:54:38 - mkk_pika - database.py:244 - INFO - 该漫画已下载章节如下
2026-08-13 23:54:38 - mkk_pika - database.py:245 - INFO - ['第1集']
2026-08-13 23:54:40 - mkk_pika - main.py:348 - INFO - ==================== 漫画信息 ====================
                                   漫画ID：5c5aa6df3b87df539b0e52e4
                                   标题：(C93)あの子の罪と罰
                                   作者：squeezecandyheaven (いちはや)
                                   是否完结：否
                                   总页数：38
                                   分类：短篇,純愛,同人
                                   章节数：1
                                   最后更新时间：2019-02-06T09:20:31.131Z
                                   =================================================
2026-08-13 23:54:40 - mkk_pika - database.py:101 - INFO - 保存成功：(C93)あの子の罪と罰
2026-08-13 23:54:40 - mkk_pika - main.py:35 - INFO - 开始检查(C91)僕は妹と付き合えない。是否存在未下载章节
2026-08-13 23:54:40 - mkk_pika - main.py:45 - INFO - 正在下载:[(C91)僕は妹と付き合えない。]-[P：P (おりょう)]-[['短篇', '純愛', '妹妹系', '嗶咔漢化']]-[total_pages:29]
2026-08-13 23:54:40 - mkk_pika - main.py:49 - INFO - [{'_id': '5c5aa6f01fa3577860fc10c0', 'title': '第1集', 'order': 1, 'updated_at': '2019-02-06T06:23:13.802Z', 'id': '5c5aa6f01fa3577860fc10c0'}]
2026-08-13 23:54:40 - mkk_pika - database.py:215 - INFO - 第一次下载该漫画，记录数据库中
2026-08-13 23:54:41 - mkk_pika - main.py:83 - INFO - 找到 29 张图片在:第1集
2026-08-13 23:54:42 - mkk_pika - main.py:112 - INFO - [episode:第1集       ] downloaded:    29, total:  29, progress:100%
2026-08-13 23:54:42 - mkk_pika - database.py:238 - INFO - 数据库更新已下载章节
2026-08-13 23:54:42 - mkk_pika - database.py:244 - INFO - 该漫画已下载章节如下
2026-08-13 23:54:42 - mkk_pika - database.py:245 - INFO - ['第1集']
2026-08-13 23:54:43 - mkk_pika - main.py:348 - INFO - ==================== 漫画信息 ====================
                                   漫画ID：5c5aa6f01fa3577860fc10bf
                                   标题：(C91)僕は妹と付き合えない。
                                   作者：P：P (おりょう)
                                   是否完结：否
                                   总页数：29
                                   分类：短篇,純愛,妹妹系,嗶咔漢化
                                   章节数：1
                                   最后更新时间：2019-02-06T09:20:48.592Z
                                   =================================================
2026-08-13 23:54:43 - mkk_pika - database.py:101 - INFO - 保存成功：(C91)僕は妹と付き合えない。
2026-08-13 23:54:43 - mkk_pika - main.py:35 - INFO - 开始检查幼なじみの女是否存在未下载章节
2026-08-13 23:54:43 - mkk_pika - main.py:45 - INFO - 正在下载:[幼なじみの女]-[春輝]-[['短篇', '全彩', '純愛']]-[total_pages:6]
2026-08-13 23:54:43 - mkk_pika - main.py:49 - INFO - [{'_id': '5c5aa70198efa178293cdee9', 'title': '第1集', 'order': 1, 'updated_at': '2019-02-06T09:11:02.895Z', 'id': '5c5aa70198efa178293cdee9'}]
2026-08-13 23:54:43 - mkk_pika - database.py:215 - INFO - 第一次下载该漫画，记录数据库中
2026-08-13 23:54:44 - mkk_pika - main.py:83 - INFO - 找到 6 张图片在:第1集
2026-08-13 23:54:44 - mkk_pika - main.py:112 - INFO - [episode:第1集       ] downloaded:     6, total:   6, progress:100%
2026-08-13 23:54:44 - mkk_pika - database.py:238 - INFO - 数据库更新已下载章节
2026-08-13 23:54:44 - mkk_pika - database.py:244 - INFO - 该漫画已下载章节如下
2026-08-13 23:54:44 - mkk_pika - database.py:245 - INFO - ['第1集']
2026-08-13 23:54:46 - mkk_pika - main.py:348 - INFO - ==================== 漫画信息 ====================
                                   漫画ID：5c5aa70198efa178293cdee8
                                   标题：幼なじみの女
                                   作者：春輝
                                   是否完结：是
                                   总页数：6
                                   分类：短篇,全彩,純愛
                                   章节数：1
                                   最后更新时间：2019-02-06T09:21:05.007Z
                                   =================================================
2026-08-13 23:54:46 - mkk_pika - database.py:101 - INFO - 保存成功：幼なじみの女
2026-08-13 23:54:46 - mkk_pika - main.py:35 - INFO - 开始检查(C95)コヤンスカヤに篭絡される本 (Fate/Grand Order)是否存在未下载章节
2026-08-13 23:54:46 - mkk_pika - main.py:45 - INFO - 正在下载:[(C95)コヤンスカヤに篭絡される本 (Fate/Grand Order)]-[陽州庵 (孫陽州)]-[['短篇', '同人', 'Fate']]-[total_pages:28]
2026-08-13 23:54:46 - mkk_pika - main.py:49 - INFO - [{'_id': '5c5d3d4ff031ca05bad8e88b', 'title': '第1集', 'order': 1, 'updated_at': '2019-02-06T09:20:20.660Z', 'id': '5c5d3d4ff031ca05bad8e88b'}]
2026-08-13 23:54:46 - mkk_pika - database.py:215 - INFO - 第一次下载该漫画，记录数据库中
2026-08-13 23:54:47 - mkk_pika - main.py:83 - INFO - 找到 28 张图片在:第1集
2026-08-13 23:54:48 - mkk_pika - main.py:112 - INFO - [episode:第1集       ] downloaded:    28, total:  28, progress:100%
2026-08-13 23:54:48 - mkk_pika - database.py:238 - INFO - 数据库更新已下载章节
2026-08-13 23:54:48 - mkk_pika - database.py:244 - INFO - 该漫画已下载章节如下
2026-08-13 23:54:48 - mkk_pika - database.py:245 - INFO - ['第1集']
2026-08-13 23:54:49 - mkk_pika - main.py:348 - INFO - ==================== 漫画信息 ====================
                                   漫画ID：5c5d3d4ff031ca05bad8e88a
                                   标题：(C95)コヤンスカヤに篭絡される本 (Fate/Grand Order)
                                   作者：陽州庵 (孫陽州)
                                   是否完结：是
                                   总页数：28
                                   分类：短篇,同人,Fate
                                   章节数：1
                                   最后更新时间：2019-02-08T08:26:55.864Z
                                   =================================================
2026-08-13 23:54:49 - mkk_pika - database.py:101 - INFO - 保存成功：(C95)コヤンスカヤに篭絡される本 (Fate/Grand Order)
2026-08-13 23:54:49 - mkk_pika - main.py:35 - INFO - 开始检查ケッコン同盟 (アズールレーン)是否存在未下载章节
2026-08-13 23:54:50 - mkk_pika - main.py:45 - INFO - 正在下载:[ケッコン同盟 (アズールレーン)]-[むしゃぶる (よろず)]-[['短篇', '同人', '後宮閃光', 'SM']]-[total_pages:46]
2026-08-13 23:54:50 - mkk_pika - main.py:49 - INFO - [{'_id': '5c5d3d69e653837e36441c66', 'title': '第1集', 'order': 1, 'updated_at': '2019-02-06T09:26:21.788Z', 'id': '5c5d3d69e653837e36441c66'}]
2026-08-13 23:54:50 - mkk_pika - database.py:215 - INFO - 第一次下载该漫画，记录数据库中
2026-08-13 23:54:51 - mkk_pika - main.py:83 - INFO - 找到 46 张图片在:第1集
2026-08-13 23:54:52 - mkk_pika - main.py:112 - INFO - [episode:第1集       ] downloaded:    46, total:  46, progress:100%
2026-08-13 23:54:52 - mkk_pika - database.py:238 - INFO - 数据库更新已下载章节
2026-08-13 23:54:52 - mkk_pika - database.py:244 - INFO - 该漫画已下载章节如下
2026-08-13 23:54:52 - mkk_pika - database.py:245 - INFO - ['第1集']
2026-08-13 23:54:53 - mkk_pika - main.py:348 - INFO - ==================== 漫画信息 ====================
                                   漫画ID：5c5d3d69e653837e36441c65
                                   标题：ケッコン同盟 (アズールレーン)
                                   作者：むしゃぶる (よろず)
                                   是否完结：是
                                   总页数：46
                                   分类：短篇,同人,後宮閃光,SM
                                   章节数：1
                                   最后更新时间：2019-02-08T08:27:21.792Z
                                   =================================================
2026-08-13 23:54:53 - mkk_pika - database.py:101 - INFO - 保存成功：ケッコン同盟 (アズールレーン)
2026-08-13 23:54:53 - mkk_pika - main.py:35 - INFO - 开始检查アカリおねーちゃんと撮影オフ (ミライアカリ)是否存在未下载章节
2026-08-13 23:54:54 - mkk_pika - main.py:45 - INFO - 正在下载:[アカリおねーちゃんと撮影オフ (ミライアカリ)]-[ひつじにく (らむ)]-[['短篇', '同人', '純愛']]-[total_pages:21]
2026-08-13 23:54:54 - mkk_pika - main.py:49 - INFO - [{'_id': '5c5d3ddaad486f7e5da2acc4', 'title': '第1集', 'order': 1, 'updated_at': '2019-02-06T09:54:47.710Z', 'id': '5c5d3ddaad486f7e5da2acc4'}]
2026-08-13 23:54:54 - mkk_pika - database.py:215 - INFO - 第一次下载该漫画，记录数据库中
2026-08-13 23:54:54 - mkk_pika - main.py:83 - INFO - 找到 21 张图片在:第1集
2026-08-13 23:54:55 - mkk_pika - main.py:112 - INFO - [episode:第1集       ] downloaded:    21, total:  21, progress:100%
2026-08-13 23:54:55 - mkk_pika - database.py:238 - INFO - 数据库更新已下载章节
2026-08-13 23:54:55 - mkk_pika - database.py:244 - INFO - 该漫画已下载章节如下
2026-08-13 23:54:55 - mkk_pika - database.py:245 - INFO - ['第1集']
2026-08-13 23:54:57 - mkk_pika - main.py:348 - INFO - ==================== 漫画信息 ====================
                                   漫画ID：5c5d3ddaad486f7e5da2acc3
                                   标题：アカリおねーちゃんと撮影オフ (ミライアカリ)
                                   作者：ひつじにく (らむ)
                                   是否完结：是
                                   总页数：21
                                   分类：短篇,同人,純愛
                                   章节数：1
                                   最后更新时间：2019-02-08T08:29:14.255Z
                                   =================================================
2026-08-13 23:54:57 - mkk_pika - database.py:101 - INFO - 保存成功：アカリおねーちゃんと撮影オフ (ミライアカリ)
2026-08-13 23:54:57 - mkk_pika - main.py:35 - INFO - 开始检查人妻の品格是否存在未下载章节
2026-08-13 23:54:57 - mkk_pika - main.py:45 - INFO - 正在下载:[人妻の品格]-[一煉托生]-[['短篇', '純愛', '人妻']]-[total_pages:18]
2026-08-13 23:54:57 - mkk_pika - main.py:49 - INFO - [{'_id': '5c5d3df6f031ca05bad8e8a9', 'title': '第1集', 'order': 1, 'updated_at': '2019-02-06T10:17:12.487Z', 'id': '5c5d3df6f031ca05bad8e8a9'}]
2026-08-13 23:54:57 - mkk_pika - database.py:215 - INFO - 第一次下载该漫画，记录数据库中
2026-08-13 23:54:57 - mkk_pika - main.py:83 - INFO - 找到 18 张图片在:第1集
2026-08-13 23:54:58 - mkk_pika - main.py:112 - INFO - [episode:第1集       ] downloaded:    18, total:  18, progress:100%
2026-08-13 23:54:58 - mkk_pika - database.py:238 - INFO - 数据库更新已下载章节
2026-08-13 23:54:58 - mkk_pika - database.py:244 - INFO - 该漫画已下载章节如下
2026-08-13 23:54:58 - mkk_pika - database.py:245 - INFO - ['第1集']
2026-08-13 23:55:00 - mkk_pika - main.py:348 - INFO - ==================== 漫画信息 ====================
                                   漫画ID：5c5d3df6f031ca05bad8e8a8
                                   标题：人妻の品格
                                   作者：一煉托生
                                   是否完结：是
                                   总页数：18
                                   分类：短篇,純愛,人妻
                                   章节数：1
                                   最后更新时间：2019-02-08T08:29:42.202Z
                                   =================================================
2026-08-13 23:55:00 - mkk_pika - database.py:101 - INFO - 保存成功：人妻の品格
2026-08-13 23:55:00 - mkk_pika - main.py:35 - INFO - 开始检查死刑執行人 (DARK AGE)是否存在未下载章节
2026-08-13 23:55:00 - mkk_pika - main.py:45 - INFO - 正在下载:[死刑執行人 (DARK AGE)]-[東犬二]-[['短篇', '純愛', '強暴']]-[total_pages:16]
2026-08-13 23:55:00 - mkk_pika - main.py:49 - INFO - [{'_id': '5c5d3e19f031ca05bad8e8bd', 'title': '第1集', 'order': 1, 'updated_at': '2019-02-06T10:51:48.634Z', 'id': '5c5d3e19f031ca05bad8e8bd'}]
2026-08-13 23:55:00 - mkk_pika - database.py:215 - INFO - 第一次下载该漫画，记录数据库中
2026-08-13 23:55:01 - mkk_pika - main.py:83 - INFO - 找到 16 张图片在:第1集
2026-08-13 23:55:01 - mkk_pika - main.py:112 - INFO - [episode:第1集       ] downloaded:    16, total:  16, progress:100%
2026-08-13 23:55:01 - mkk_pika - database.py:238 - INFO - 数据库更新已下载章节
2026-08-13 23:55:01 - mkk_pika - database.py:244 - INFO - 该漫画已下载章节如下
2026-08-13 23:55:01 - mkk_pika - database.py:245 - INFO - ['第1集']
2026-08-13 23:55:03 - mkk_pika - main.py:348 - INFO - ==================== 漫画信息 ====================
                                   漫画ID：5c5d3e19f031ca05bad8e8bc
                                   标题：死刑執行人 (DARK AGE)
                                   作者：東犬二
                                   是否完结：否
                                   总页数：16
                                   分类：短篇,純愛,強暴
                                   章节数：1
                                   最后更新时间：2019-02-08T08:30:17.220Z
                                   =================================================
2026-08-13 23:55:03 - mkk_pika - database.py:101 - INFO - 保存成功：死刑執行人 (DARK AGE)
2026-08-13 23:55:03 - mkk_pika - main.py:35 - INFO - 开始检查茄子さんとホテルで一晩中。 (アイドルマスター シンデレラガールズ)是否存在未下载章节
2026-08-13 23:55:03 - mkk_pika - main.py:45 - INFO - 正在下载:[茄子さんとホテルで一晩中。 (アイドルマスター シンデレラガールズ)]-[庵組 (鴇田アルミ)]-[['短篇', '同人', '純愛']]-[total_pages:32]
2026-08-13 23:55:03 - mkk_pika - main.py:49 - INFO - [{'_id': '5c5d3e4139b3e77e2b1bfbda', 'title': '第1集', 'order': 1, 'updated_at': '2019-02-06T12:48:28.659Z', 'id': '5c5d3e4139b3e77e2b1bfbda'}]
2026-08-13 23:55:03 - mkk_pika - database.py:215 - INFO - 第一次下载该漫画，记录数据库中
2026-08-13 23:55:04 - mkk_pika - main.py:83 - INFO - 找到 32 张图片在:第1集
2026-08-13 23:55:05 - mkk_pika - main.py:112 - INFO - [episode:第1集       ] downloaded:    32, total:  32, progress:100%
2026-08-13 23:55:05 - mkk_pika - database.py:238 - INFO - 数据库更新已下载章节
2026-08-13 23:55:05 - mkk_pika - database.py:244 - INFO - 该漫画已下载章节如下
2026-08-13 23:55:05 - mkk_pika - database.py:245 - INFO - ['第1集']
2026-08-13 23:55:06 - mkk_pika - main.py:348 - INFO - ==================== 漫画信息 ====================
                                   漫画ID：5c5d3e4139b3e77e2b1bfbd9
                                   标题：茄子さんとホテルで一晩中。 (アイドルマスター シンデレラガールズ)
                                   作者：庵組 (鴇田アルミ)
                                   是否完结：是
                                   总页数：32
                                   分类：短篇,同人,純愛
                                   章节数：1
                                   最后更新时间：2019-02-08T08:30:57.509Z
                                   =================================================
2026-08-13 23:55:06 - mkk_pika - database.py:101 - INFO - 保存成功：茄子さんとホテルで一晩中。 (アイドルマスター シンデレラガールズ)
2026-08-13 23:55:06 - mkk_pika - main.py:35 - INFO - 开始检查僕の彼女はドラゴンガール (グランブルーファンタジー)是否存在未下载章节
2026-08-13 23:55:07 - mkk_pika - main.py:45 - INFO - 正在下载:[僕の彼女はドラゴンガール (グランブルーファンタジー)]-[てん堂 (てんけん)]-[['短篇', '同人', '純愛', '碧藍幻想', '非人類']]-[total_pages:24]
2026-08-13 23:55:07 - mkk_pika - main.py:49 - INFO - [{'_id': '5c5d3ec838565d0d46ac049a', 'title': '第1集', 'order': 1, 'updated_at': '2019-02-06T12:56:51.285Z', 'id': '5c5d3ec838565d0d46ac049a'}]
2026-08-13 23:55:07 - mkk_pika - database.py:215 - INFO - 第一次下载该漫画，记录数据库中
2026-08-13 23:55:07 - mkk_pika - main.py:83 - INFO - 找到 24 张图片在:第1集
2026-08-13 23:55:08 - mkk_pika - main.py:112 - INFO - [episode:第1集       ] downloaded:    24, total:  24, progress:100%
2026-08-13 23:55:08 - mkk_pika - database.py:238 - INFO - 数据库更新已下载章节
2026-08-13 23:55:08 - mkk_pika - database.py:244 - INFO - 该漫画已下载章节如下
2026-08-13 23:55:08 - mkk_pika - database.py:245 - INFO - ['第1集']
2026-08-13 23:55:09 - mkk_pika - main.py:348 - INFO - ==================== 漫画信息 ====================
                                   漫画ID：5c5d3ec838565d0d46ac0499
                                   标题：僕の彼女はドラゴンガール (グランブルーファンタジー)
                                   作者：てん堂 (てんけん)
                                   是否完结：是
                                   总页数：24
                                   分类：短篇,同人,純愛,碧藍幻想,非人類
                                   章节数：1
                                   最后更新时间：2019-02-08T08:33:12.751Z
                                   =================================================
2026-08-13 23:55:09 - mkk_pika - database.py:101 - INFO - 保存成功：僕の彼女はドラゴンガール (グランブルーファンタジー)
2026-08-13 23:55:09 - mkk_pika - main.py:35 - INFO - 开始检查(C95)みか色。 (アイドルマスター シンデレラガールズ)是否存在未下载章节
2026-08-13 23:55:10 - mkk_pika - main.py:45 - INFO - 正在下载:[(C95)みか色。 (アイドルマスター シンデレラガールズ)]-[Prism Store (じーの)]-[['短篇', '同人', '純愛']]-[total_pages:28]
2026-08-13 23:55:10 - mkk_pika - main.py:49 - INFO - [{'_id': '5c5d3f4cb626b57e651462de', 'title': '第1集', 'order': 1, 'updated_at': '2019-02-06T13:50:23.994Z', 'id': '5c5d3f4cb626b57e651462de'}]
2026-08-13 23:55:10 - mkk_pika - database.py:215 - INFO - 第一次下载该漫画，记录数据库中
2026-08-13 23:55:10 - mkk_pika - main.py:83 - INFO - 找到 28 张图片在:第1集
2026-08-13 23:55:11 - mkk_pika - main.py:112 - INFO - [episode:第1集       ] downloaded:    28, total:  28, progress:100%
2026-08-13 23:55:11 - mkk_pika - database.py:238 - INFO - 数据库更新已下载章节
2026-08-13 23:55:11 - mkk_pika - database.py:244 - INFO - 该漫画已下载章节如下
2026-08-13 23:55:11 - mkk_pika - database.py:245 - INFO - ['第1集']
2026-08-13 23:55:13 - mkk_pika - main.py:348 - INFO - ==================== 漫画信息 ====================
                                   漫画ID：5c5d3f4cb626b57e651462dd
                                   标题：(C95)みか色。 (アイドルマスター シンデレラガールズ)
                                   作者：Prism Store (じーの)
                                   是否完结：是
                                   总页数：28
                                   分类：短篇,同人,純愛
                                   章节数：1
                                   最后更新时间：2019-02-08T08:35:24.593Z
                                   =================================================
2026-08-13 23:55:13 - mkk_pika - database.py:101 - INFO - 保存成功：(C95)みか色。 (アイドルマスター シンデレラガールズ)
2026-08-13 23:55:13 - mkk_pika - main.py:35 - INFO - 开始检查お堅い女と言わないで是否存在未下载章节
2026-08-13 23:55:13 - mkk_pika - main.py:45 - INFO - 正在下载:[お堅い女と言わないで]-[ヘリを]-[['短篇', '純愛']]-[total_pages:26]
2026-08-13 23:55:13 - mkk_pika - main.py:49 - INFO - [{'_id': '5c5d3f653e482c0d4285f682', 'title': '第1集', 'order': 1, 'updated_at': '2019-02-06T14:02:39.460Z', 'id': '5c5d3f653e482c0d4285f682'}]
2026-08-13 23:55:13 - mkk_pika - database.py:215 - INFO - 第一次下载该漫画，记录数据库中
2026-08-13 23:55:14 - mkk_pika - main.py:83 - INFO - 找到 26 张图片在:第1集
2026-08-13 23:55:15 - mkk_pika - main.py:112 - INFO - [episode:第1集       ] downloaded:    26, total:  26, progress:100%
2026-08-13 23:55:15 - mkk_pika - database.py:238 - INFO - 数据库更新已下载章节
2026-08-13 23:55:15 - mkk_pika - database.py:244 - INFO - 该漫画已下载章节如下
2026-08-13 23:55:15 - mkk_pika - database.py:245 - INFO - ['第1集']
2026-08-13 23:55:16 - mkk_pika - main.py:348 - INFO - ==================== 漫画信息 ====================
                                   漫画ID：5c5d3f653e482c0d4285f681
                                   标题：お堅い女と言わないで
                                   作者：ヘリを
                                   是否完结：是
                                   总页数：26
                                   分类：短篇,純愛
                                   章节数：1
                                   最后更新时间：2019-02-08T08:35:49.907Z
                                   =================================================
2026-08-13 23:55:16 - mkk_pika - database.py:101 - INFO - 保存成功：お堅い女と言わないで
2026-08-13 23:55:16 - mkk_pika - main.py:35 - INFO - 开始检查もっと私を痴ってほしい (コミック エグゼ 13)是否存在未下载章节
2026-08-13 23:55:17 - mkk_pika - main.py:45 - INFO - 正在下载:[もっと私を痴ってほしい (コミック エグゼ 13)]-[MGMEE]-[['短篇', '純愛']]-[total_pages:26]
2026-08-13 23:55:17 - mkk_pika - main.py:49 - INFO - [{'_id': '5c5d3f8238565d0d46ac04d7', 'title': '第1集', 'order': 1, 'updated_at': '2019-02-06T14:27:00.741Z', 'id': '5c5d3f8238565d0d46ac04d7'}]
2026-08-13 23:55:17 - mkk_pika - database.py:215 - INFO - 第一次下载该漫画，记录数据库中
2026-08-13 23:55:17 - mkk_pika - main.py:83 - INFO - 找到 26 张图片在:第1集
2026-08-13 23:55:18 - mkk_pika - main.py:112 - INFO - [episode:第1集       ] downloaded:    26, total:  26, progress:100%
2026-08-13 23:55:18 - mkk_pika - database.py:238 - INFO - 数据库更新已下载章节
2026-08-13 23:55:18 - mkk_pika - database.py:244 - INFO - 该漫画已下载章节如下
2026-08-13 23:55:18 - mkk_pika - database.py:245 - INFO - ['第1集']
2026-08-13 23:55:20 - mkk_pika - main.py:348 - INFO - ==================== 漫画信息 ====================
                                   漫画ID：5c5d3f8238565d0d46ac04d6
                                   标题：もっと私を痴ってほしい (コミック エグゼ 13)
                                   作者：MGMEE
                                   是否完结：是
                                   总页数：26
                                   分类：短篇,純愛
                                   章节数：1
                                   最后更新时间：2019-02-08T08:36:18.421Z
                                   =================================================
2026-08-13 23:55:20 - mkk_pika - database.py:101 - INFO - 保存成功：もっと私を痴ってほしい (コミック エグゼ 13)
2026-08-13 23:55:20 - mkk_pika - main.py:35 - INFO - 开始检查 (C91)  何もかも北沢が エロすぎる せいだ。 (アイドルマスター ミリオンライブ!)是否存在未下载章节
2026-08-13 23:55:20 - mkk_pika - main.py:45 - INFO - 正在下载:[ (C91)  何もかも北沢が エロすぎる せいだ。 (アイドルマスター ミリオンライブ!)]-[UPA24 (オーマン・ズリーダス、うぱ西。、挿入レルモ・射精ル・トロ)]-[['短篇', '同人']]-[total_pages:25]
2026-08-13 23:55:20 - mkk_pika - main.py:49 - INFO - [{'_id': '5c5d3f9a38565d0d46ac04f3', 'title': '第1集', 'order': 1, 'updated_at': '2019-02-06T14:41:27.713Z', 'id': '5c5d3f9a38565d0d46ac04f3'}]
2026-08-13 23:55:20 - mkk_pika - database.py:215 - INFO - 第一次下载该漫画，记录数据库中
2026-08-13 23:55:21 - mkk_pika - main.py:83 - INFO - 找到 25 张图片在:第1集
2026-08-13 23:55:21 - mkk_pika - main.py:112 - INFO - [episode:第1集       ] downloaded:    25, total:  25, progress:100%
2026-08-13 23:55:21 - mkk_pika - database.py:238 - INFO - 数据库更新已下载章节
2026-08-13 23:55:21 - mkk_pika - database.py:244 - INFO - 该漫画已下载章节如下
2026-08-13 23:55:21 - mkk_pika - database.py:245 - INFO - ['第1集']
2026-08-13 23:55:23 - mkk_pika - main.py:348 - INFO - ==================== 漫画信息 ====================
                                   漫画ID：5c5d3f9a38565d0d46ac04f2
                                   标题： (C91)  何もかも北沢が エロすぎる せいだ。 (アイドルマスター ミリオンライブ!)
                                   作者：UPA24 (オーマン・ズリーダス、うぱ西。、挿入レルモ・射精ル・トロ)
                                   是否完结：否
                                   总页数：25
                                   分类：短篇,同人
                                   章节数：1
                                   最后更新时间：2019-02-08T08:36:42.111Z
                                   =================================================
2026-08-13 23:55:23 - mkk_pika - database.py:101 - INFO - 保存成功： (C91)  何もかも北沢が エロすぎる せいだ。 (アイドルマスター ミリオンライブ!)
2026-08-13 23:55:23 - mkk_pika - main.py:35 - INFO - 开始检查はっぴー・はっぴー・でぃず (BanG Dream!)是否存在未下载章节
2026-08-13 23:55:23 - mkk_pika - main.py:45 - INFO - 正在下载:[はっぴー・はっぴー・でぃず (BanG Dream!)]-[しょぼコン (きたむらとおる)]-[['短篇', '同人', '純愛', '百合花園']]-[total_pages:18]
2026-08-13 23:55:23 - mkk_pika - main.py:49 - INFO - [{'_id': '5c5d3face653837e36441cad', 'title': '第1集', 'order': 1, 'updated_at': '2019-02-06T15:09:37.333Z', 'id': '5c5d3face653837e36441cad'}]
2026-08-13 23:55:23 - mkk_pika - database.py:215 - INFO - 第一次下载该漫画，记录数据库中
2026-08-13 23:55:24 - mkk_pika - main.py:83 - INFO - 找到 18 张图片在:第1集
2026-08-13 23:55:25 - mkk_pika - main.py:112 - INFO - [episode:第1集       ] downloaded:    18, total:  18, progress:100%
2026-08-13 23:55:25 - mkk_pika - database.py:238 - INFO - 数据库更新已下载章节
2026-08-13 23:55:25 - mkk_pika - database.py:244 - INFO - 该漫画已下载章节如下
2026-08-13 23:55:25 - mkk_pika - database.py:245 - INFO - ['第1集']
2026-08-13 23:55:26 - mkk_pika - main.py:348 - INFO - ==================== 漫画信息 ====================
                                   漫画ID：5c5d3face653837e36441cac
                                   标题：はっぴー・はっぴー・でぃず (BanG Dream!)
                                   作者：しょぼコン (きたむらとおる)
                                   是否完结：是
                                   总页数：18
                                   分类：短篇,同人,純愛,百合花園
                                   章节数：1
                                   最后更新时间：2019-02-08T08:37:00.516Z
                                   =================================================
2026-08-13 23:55:26 - mkk_pika - database.py:101 - INFO - 保存成功：はっぴー・はっぴー・でぃず (BanG Dream!)
2026-08-13 23:55:26 - mkk_pika - main.py:35 - INFO - 开始检查 (C95)  Hello Happy Hospital (BanG Dream!)是否存在未下载章节
2026-08-13 23:55:26 - mkk_pika - main.py:45 - INFO - 正在下载:[ (C95)  Hello Happy Hospital (BanG Dream!)]-[らぶおるしす (月曜休み。)]-[['短篇', '同人']]-[total_pages:23]
2026-08-13 23:55:26 - mkk_pika - main.py:49 - INFO - [{'_id': '5c5d405ce653837e36441cc8', 'title': '第1集', 'order': 1, 'updated_at': '2019-02-06T15:11:58.263Z', 'id': '5c5d405ce653837e36441cc8'}]
2026-08-13 23:55:26 - mkk_pika - database.py:215 - INFO - 第一次下载该漫画，记录数据库中
2026-08-13 23:55:27 - mkk_pika - main.py:83 - INFO - 找到 23 张图片在:第1集
2026-08-13 23:55:28 - mkk_pika - main.py:112 - INFO - [episode:第1集       ] downloaded:    23, total:  23, progress:100%
2026-08-13 23:55:28 - mkk_pika - database.py:238 - INFO - 数据库更新已下载章节
2026-08-13 23:55:28 - mkk_pika - database.py:244 - INFO - 该漫画已下载章节如下
2026-08-13 23:55:28 - mkk_pika - database.py:245 - INFO - ['第1集']
2026-08-13 23:55:29 - mkk_pika - main.py:348 - INFO - ==================== 漫画信息 ====================
                                   漫画ID：5c5d405ce653837e36441cc7
                                   标题： (C95)  Hello Happy Hospital (BanG Dream!)
                                   作者：らぶおるしす (月曜休み。)
                                   是否完结：否
                                   总页数：23
                                   分类：短篇,同人
                                   章节数：1
                                   最后更新时间：2019-02-08T08:39:56.802Z
                                   =================================================
2026-08-13 23:55:29 - mkk_pika - database.py:101 - INFO - 保存成功： (C95)  Hello Happy Hospital (BanG Dream!)
2026-08-13 23:55:29 - mkk_pika - main.py:35 - INFO - 开始检查(C95)  ゴムからはじまるロマンスもある是否存在未下载章节
2026-08-13 23:55:29 - mkk_pika - main.py:45 - INFO - 正在下载:[(C95)  ゴムからはじまるロマンスもある]-[Batsu freak (清宮涼)]-[['短篇', '同人']]-[total_pages:28]
2026-08-13 23:55:29 - mkk_pika - main.py:49 - INFO - [{'_id': '5c5d40771b43e92b561cd2bb', 'title': '第1集', 'order': 1, 'updated_at': '2019-02-06T15:28:35.934Z', 'id': '5c5d40771b43e92b561cd2bb'}]
2026-08-13 23:55:29 - mkk_pika - database.py:215 - INFO - 第一次下载该漫画，记录数据库中
2026-08-13 23:55:30 - mkk_pika - main.py:83 - INFO - 找到 28 张图片在:第1集
2026-08-13 23:55:31 - mkk_pika - main.py:112 - INFO - [episode:第1集       ] downloaded:    28, total:  28, progress:100%
2026-08-13 23:55:31 - mkk_pika - database.py:238 - INFO - 数据库更新已下载章节
2026-08-13 23:55:31 - mkk_pika - database.py:244 - INFO - 该漫画已下载章节如下
2026-08-13 23:55:31 - mkk_pika - database.py:245 - INFO - ['第1集']
2026-08-13 23:55:32 - mkk_pika - main.py:348 - INFO - ==================== 漫画信息 ====================
                                   漫画ID：5c5d40771b43e92b561cd2ba
                                   标题：(C95)  ゴムからはじまるロマンスもある
                                   作者：Batsu freak (清宮涼)
                                   是否完结：否
                                   总页数：28
                                   分类：短篇,同人
                                   章节数：1
                                   最后更新时间：2019-02-08T08:40:23.809Z
                                   =================================================
2026-08-13 23:55:32 - mkk_pika - database.py:101 - INFO - 保存成功：(C95)  ゴムからはじまるロマンスもある
2026-08-13 23:55:32 - mkk_pika - main.py:35 - INFO - 开始检查高寮物语是否存在未下载章节
2026-08-13 23:55:33 - mkk_pika - main.py:45 - INFO - 正在下载:[高寮物语]-[宫崎摩耶]-[['長篇', '百合花園', '姐姐系', '單行本', '妹妹系']]-[total_pages:612]
2026-08-13 23:55:33 - mkk_pika - main.py:49 - INFO - [{'_id': '5c5d40ccb626b57e65146338', 'title': '第1卷', 'order': 1, 'updated_at': '2019-02-06T16:57:46.752Z', 'id': '5c5d40ccb626b57e65146338'}, {'_id': '5c5d40ccb626b57e65146339', 'title': '第2卷', 'order': 2, 'updated_at': '2019-02-06T17:01:00.002Z', 'id': '5c5d40ccb626b57e65146339'}, {'_id': '5c5d40ccb626b57e6514633a', 'title': '第3卷', 'order': 3, 'updated_at': '2019-02-06T17:07:47.461Z', 'id': '5c5d40ccb626b57e6514633a'}]
2026-08-13 23:55:33 - mkk_pika - database.py:215 - INFO - 第一次下载该漫画，记录数据库中
2026-08-13 23:55:34 - mkk_pika - main.py:83 - INFO - 找到 196 张图片在:第1卷
2026-08-13 23:55:40 - mkk_pika - main.py:112 - INFO - [episode:第1卷       ] downloaded:   196, total: 196, progress:100%
2026-08-13 23:55:40 - mkk_pika - database.py:238 - INFO - 数据库更新已下载章节
2026-08-13 23:55:40 - mkk_pika - database.py:244 - INFO - 该漫画已下载章节如下
2026-08-13 23:55:40 - mkk_pika - database.py:245 - INFO - ['第1卷']
2026-08-13 23:55:43 - mkk_pika - main.py:83 - INFO - 找到 203 张图片在:第2卷
2026-08-13 23:55:48 - mkk_pika - main.py:112 - INFO - [episode:第2卷       ] downloaded:   203, total: 203, progress:100%
2026-08-13 23:55:48 - mkk_pika - database.py:238 - INFO - 数据库更新已下载章节
2026-08-13 23:55:48 - mkk_pika - database.py:244 - INFO - 该漫画已下载章节如下
2026-08-13 23:55:48 - mkk_pika - database.py:245 - INFO - ['第1卷', '第2卷']
2026-08-13 23:55:52 - mkk_pika - main.py:83 - INFO - 找到 213 张图片在:第3卷
2026-08-13 23:55:58 - mkk_pika - main.py:112 - INFO - [episode:第3卷       ] downloaded:   213, total: 213, progress:100%
2026-08-13 23:55:58 - mkk_pika - database.py:238 - INFO - 数据库更新已下载章节
2026-08-13 23:55:58 - mkk_pika - database.py:244 - INFO - 该漫画已下载章节如下
2026-08-13 23:55:58 - mkk_pika - database.py:245 - INFO - ['第1卷', '第2卷', '第3卷']
2026-08-13 23:56:00 - mkk_pika - main.py:348 - INFO - ==================== 漫画信息 ====================
                                   漫画ID：5c5d40ccb626b57e65146337
                                   标题：高寮物语
                                   作者：宫崎摩耶
                                   是否完结：否
                                   总页数：612
                                   分类：長篇,百合花園,姐姐系,單行本,妹妹系
                                   章节数：3
                                   最后更新时间：2019-02-08T08:41:48.020Z
                                   =================================================
2026-08-13 23:56:00 - mkk_pika - database.py:101 - INFO - 保存成功：高寮物语
2026-08-13 23:56:00 - mkk_pika - main.py:35 - INFO - 开始检查Values (BanG Dream!)是否存在未下载章节
2026-08-13 23:56:00 - mkk_pika - main.py:45 - INFO - 正在下载:[Values (BanG Dream!)]-[ける都 (晴太)]-[['短篇', '百合花園', '扶他樂園']]-[total_pages:13]
2026-08-13 23:56:00 - mkk_pika - main.py:49 - INFO - [{'_id': '5c5d411ae653837e36441ce7', 'title': '第1集', 'order': 1, 'updated_at': '2019-02-10T06:04:43.468Z', 'id': '5c5d411ae653837e36441ce7'}]
2026-08-13 23:56:00 - mkk_pika - database.py:215 - INFO - 第一次下载该漫画，记录数据库中
2026-08-13 23:56:01 - mkk_pika - main.py:83 - INFO - 找到 25 张图片在:第1集
2026-08-13 23:56:01 - mkk_pika - main.py:112 - INFO - [episode:第1集       ] downloaded:    25, total:  25, progress:100%
2026-08-13 23:56:01 - mkk_pika - database.py:238 - INFO - 数据库更新已下载章节
2026-08-13 23:56:01 - mkk_pika - database.py:244 - INFO - 该漫画已下载章节如下
2026-08-13 23:56:01 - mkk_pika - database.py:245 - INFO - ['第1集']
2026-08-13 23:56:03 - mkk_pika - main.py:348 - INFO - ==================== 漫画信息 ====================
                                   漫画ID：5c5d411ae653837e36441ce6
                                   标题：Values (BanG Dream!)
                                   作者：ける都 (晴太)
                                   是否完结：是
                                   总页数：13
                                   分类：短篇,百合花園,扶他樂園
                                   章节数：1
                                   最后更新时间：2019-02-08T08:43:06.183Z
                                   =================================================
2026-08-13 23:56:03 - mkk_pika - database.py:101 - INFO - 保存成功：Values (BanG Dream!)
2026-08-13 23:56:03 - mkk_pika - main.py:35 - INFO - 开始检查おまかせ♥ふでおろしギャル子ちゃん (おしえて! ギャル子ちゃん)是否存在未下载章节
2026-08-13 23:56:03 - mkk_pika - main.py:45 - INFO - 正在下载:[おまかせ♥ふでおろしギャル子ちゃん (おしえて! ギャル子ちゃん)]-[ディオゲネスクラブ (灰川ヘムレン)]-[['短篇', '同人', '後宮閃光']]-[total_pages:24]
2026-08-13 23:56:03 - mkk_pika - main.py:49 - INFO - [{'_id': '5c5d415296f1c60594bf68f3', 'title': '第1集', 'order': 1, 'updated_at': '2019-02-07T01:37:41.948Z', 'id': '5c5d415296f1c60594bf68f3'}]
2026-08-13 23:56:03 - mkk_pika - database.py:215 - INFO - 第一次下载该漫画，记录数据库中
2026-08-13 23:56:04 - mkk_pika - main.py:83 - INFO - 找到 24 张图片在:第1集
2026-08-13 23:56:05 - mkk_pika - main.py:112 - INFO - [episode:第1集       ] downloaded:    24, total:  24, progress:100%
2026-08-13 23:56:05 - mkk_pika - database.py:238 - INFO - 数据库更新已下载章节
2026-08-13 23:56:05 - mkk_pika - database.py:244 - INFO - 该漫画已下载章节如下
2026-08-13 23:56:05 - mkk_pika - database.py:245 - INFO - ['第1集']
2026-08-13 23:56:06 - mkk_pika - main.py:348 - INFO - ==================== 漫画信息 ====================
                                   漫画ID：5c5d415296f1c60594bf68f2
                                   标题：おまかせ♥ふでおろしギャル子ちゃん (おしえて! ギャル子ちゃん)
                                   作者：ディオゲネスクラブ (灰川ヘムレン)
                                   是否完结：是
                                   总页数：24
                                   分类：短篇,同人,後宮閃光
                                   章节数：1
                                   最后更新时间：2019-02-08T08:44:02.951Z
                                   =================================================
2026-08-13 23:56:06 - mkk_pika - database.py:101 - INFO - 保存成功：おまかせ♥ふでおろしギャル子ちゃん (おしえて! ギャル子ちゃん)
2026-08-13 23:56:06 - mkk_pika - main.py:35 - INFO - 开始检查Carrot Student是否存在未下载章节
2026-08-13 23:56:06 - mkk_pika - main.py:45 - INFO - 正在下载:[Carrot Student]-[おから]-[['短篇']]-[total_pages:16]
2026-08-13 23:56:06 - mkk_pika - main.py:49 - INFO - [{'_id': '5c5d416939b3e77e2b1bfc81', 'title': '第1集', 'order': 1, 'updated_at': '2019-02-07T01:47:25.747Z', 'id': '5c5d416939b3e77e2b1bfc81'}]
2026-08-13 23:56:06 - mkk_pika - database.py:215 - INFO - 第一次下载该漫画，记录数据库中
2026-08-13 23:56:07 - mkk_pika - main.py:83 - INFO - 找到 16 张图片在:第1集
2026-08-13 23:56:08 - mkk_pika - main.py:112 - INFO - [episode:第1集       ] downloaded:    16, total:  16, progress:100%
2026-08-13 23:56:08 - mkk_pika - database.py:238 - INFO - 数据库更新已下载章节
2026-08-13 23:56:08 - mkk_pika - database.py:244 - INFO - 该漫画已下载章节如下
2026-08-13 23:56:08 - mkk_pika - database.py:245 - INFO - ['第1集']
2026-08-13 23:56:09 - mkk_pika - main.py:348 - INFO - ==================== 漫画信息 ====================
                                   漫画ID：5c5d416939b3e77e2b1bfc80
                                   标题：Carrot Student
                                   作者：おから
                                   是否完结：是
                                   总页数：16
                                   分类：短篇
                                   章节数：1
                                   最后更新时间：2019-02-08T08:44:25.017Z
                                   =================================================
2026-08-13 23:56:09 - mkk_pika - database.py:101 - INFO - 保存成功：Carrot Student
2026-08-13 23:56:09 - mkk_pika - main.py:35 - INFO - 开始检查ミライづま（無修正）是否存在未下载章节
2026-08-13 23:56:09 - mkk_pika - main.py:45 - INFO - 正在下载:[ミライづま（無修正）]-[ヨシラギ]-[['短篇', '純愛', '人妻']]-[total_pages:26]
2026-08-13 23:56:09 - mkk_pika - main.py:49 - INFO - [{'_id': '5c5d41e9e4a17b2b5c99a625', 'title': '第1集', 'order': 1, 'updated_at': '2019-02-07T01:56:45.025Z', 'id': '5c5d41e9e4a17b2b5c99a625'}]
2026-08-13 23:56:09 - mkk_pika - database.py:215 - INFO - 第一次下载该漫画，记录数据库中
2026-08-13 23:56:10 - mkk_pika - main.py:83 - INFO - 找到 26 张图片在:第1集
2026-08-13 23:56:11 - mkk_pika - main.py:112 - INFO - [episode:第1集       ] downloaded:    26, total:  26, progress:100%
2026-08-13 23:56:11 - mkk_pika - database.py:238 - INFO - 数据库更新已下载章节
2026-08-13 23:56:11 - mkk_pika - database.py:244 - INFO - 该漫画已下载章节如下
2026-08-13 23:56:11 - mkk_pika - database.py:245 - INFO - ['第1集']
2026-08-13 23:56:13 - mkk_pika - main.py:348 - INFO - ==================== 漫画信息 ====================
                                   漫画ID：5c5d41e9e4a17b2b5c99a624
                                   标题：ミライづま（無修正）
                                   作者：ヨシラギ
                                   是否完结：是
                                   总页数：26
                                   分类：短篇,純愛,人妻
                                   章节数：1
                                   最后更新时间：2019-02-08T08:46:33.125Z
                                   =================================================
2026-08-13 23:56:13 - mkk_pika - database.py:101 - INFO - 保存成功：ミライづま（無修正）
2026-08-13 23:56:13 - mkk_pika - main.py:35 - INFO - 开始检查お金で買えるもの是否存在未下载章节
2026-08-13 23:56:13 - mkk_pika - main.py:45 - INFO - 正在下载:[お金で買えるもの]-[二峰跨人]-[['短篇']]-[total_pages:27]
2026-08-13 23:56:13 - mkk_pika - main.py:49 - INFO - [{'_id': '5c5d423ae653837e36441d16', 'title': '第1集', 'order': 1, 'updated_at': '2019-02-07T02:11:59.273Z', 'id': '5c5d423ae653837e36441d16'}]
2026-08-13 23:56:13 - mkk_pika - database.py:215 - INFO - 第一次下载该漫画，记录数据库中
2026-08-13 23:56:14 - mkk_pika - main.py:83 - INFO - 找到 27 张图片在:第1集
2026-08-13 23:56:15 - mkk_pika - main.py:112 - INFO - [episode:第1集       ] downloaded:    27, total:  27, progress:100%
2026-08-13 23:56:15 - mkk_pika - database.py:238 - INFO - 数据库更新已下载章节
2026-08-13 23:56:15 - mkk_pika - database.py:244 - INFO - 该漫画已下载章节如下
2026-08-13 23:56:15 - mkk_pika - database.py:245 - INFO - ['第1集']
2026-08-13 23:56:16 - mkk_pika - main.py:348 - INFO - ==================== 漫画信息 ====================
                                   漫画ID：5c5d423ae653837e36441d15
                                   标题：お金で買えるもの
                                   作者：二峰跨人
                                   是否完结：是
                                   总页数：27
                                   分类：短篇
                                   章节数：1
                                   最后更新时间：2019-02-08T08:47:54.145Z
                                   =================================================
2026-08-13 23:56:16 - mkk_pika - database.py:101 - INFO - 保存成功：お金で買えるもの
2026-08-13 23:56:16 - mkk_pika - main.py:35 - INFO - 开始检查絶対負けないブローディア＆アテナ是否存在未下载章节
2026-08-13 23:56:17 - mkk_pika - main.py:45 - INFO - 正在下载:[絶対負けないブローディア＆アテナ]-[おぶい]-[['短篇', '全彩', '強暴']]-[total_pages:8]
2026-08-13 23:56:17 - mkk_pika - main.py:49 - INFO - [{'_id': '5c5d4337b626b57e651465b6', 'title': '第1集', 'order': 1, 'updated_at': '2019-02-07T05:23:43.427Z', 'id': '5c5d4337b626b57e651465b6'}]
2026-08-13 23:56:17 - mkk_pika - database.py:215 - INFO - 第一次下载该漫画，记录数据库中
2026-08-13 23:56:17 - mkk_pika - main.py:83 - INFO - 找到 8 张图片在:第1集
2026-08-13 23:56:18 - mkk_pika - main.py:112 - INFO - [episode:第1集       ] downloaded:     8, total:   8, progress:100%
2026-08-13 23:56:18 - mkk_pika - database.py:238 - INFO - 数据库更新已下载章节
2026-08-13 23:56:18 - mkk_pika - database.py:244 - INFO - 该漫画已下载章节如下
2026-08-13 23:56:18 - mkk_pika - database.py:245 - INFO - ['第1集']
2026-08-13 23:56:19 - mkk_pika - main.py:348 - INFO - ==================== 漫画信息 ====================
                                   漫画ID：5c5d4337b626b57e651465b5
                                   标题：絶対負けないブローディア＆アテナ
                                   作者：おぶい
                                   是否完结：是
                                   总页数：8
                                   分类：短篇,全彩,強暴
                                   章节数：1
                                   最后更新时间：2019-02-08T08:52:07.690Z
                                   =================================================
2026-08-13 23:56:19 - mkk_pika - database.py:101 - INFO - 保存成功：絶対負けないブローディア＆アテナ
2026-08-13 23:56:19 - mkk_pika - main.py:35 - INFO - 开始检查ユーフォビアンの響き (響け! ユーフォニアム) [DL版]是否存在未下载章节
2026-08-13 23:56:19 - mkk_pika - main.py:45 - INFO - 正在下载:[ユーフォビアンの響き (響け! ユーフォニアム) [DL版]]-[美術部 (しづきみちる)]-[['短篇', '全彩', '百合花園']]-[total_pages:31]
2026-08-13 23:56:19 - mkk_pika - main.py:49 - INFO - [{'_id': '5c5d43c5e653837e36441e06', 'title': '第1集', 'order': 1, 'updated_at': '2019-02-07T08:11:56.779Z', 'id': '5c5d43c5e653837e36441e06'}]
2026-08-13 23:56:19 - mkk_pika - database.py:215 - INFO - 第一次下载该漫画，记录数据库中
2026-08-13 23:56:20 - mkk_pika - main.py:83 - INFO - 找到 40 张图片在:第1集
2026-08-13 23:56:21 - mkk_pika - main.py:112 - INFO - [episode:第1集       ] downloaded:    40, total:  40, progress:100%
2026-08-13 23:56:21 - mkk_pika - database.py:238 - INFO - 数据库更新已下载章节
2026-08-13 23:56:21 - mkk_pika - database.py:244 - INFO - 该漫画已下载章节如下
2026-08-13 23:56:21 - mkk_pika - database.py:245 - INFO - ['第1集']
2026-08-13 23:56:22 - mkk_pika - main.py:348 - INFO - ==================== 漫画信息 ====================
                                   漫画ID：5c5d43c5e653837e36441e05
                                   标题：ユーフォビアンの響き (響け! ユーフォニアム) [DL版]
                                   作者：美術部 (しづきみちる)
                                   是否完结：是
                                   总页数：31
                                   分类：短篇,全彩,百合花園
                                   章节数：1
                                   最后更新时间：2019-02-08T08:54:29.593Z
                                   =================================================
2026-08-13 23:56:22 - mkk_pika - database.py:101 - INFO - 保存成功：ユーフォビアンの響き (響け! ユーフォニアム) [DL版]
2026-08-13 23:56:22 - mkk_pika - main.py:35 - INFO - 开始检查リトルガールスウィートトラップ! (艦隊これくしょん -艦これ-)是否存在未下载章节
2026-08-13 23:56:23 - mkk_pika - main.py:45 - INFO - 正在下载:[リトルガールスウィートトラップ! (艦隊これくしょん -艦これ-)]-[虎小屋敷 (リチョウ)]-[['短篇', '同人', '艦隊收藏']]-[total_pages:24]
2026-08-13 23:56:23 - mkk_pika - main.py:49 - INFO - [{'_id': '5c5d443715432a058c2a2848', 'title': '第1集', 'order': 1, 'updated_at': '2019-02-07T09:16:51.337Z', 'id': '5c5d443715432a058c2a2848'}]
2026-08-13 23:56:23 - mkk_pika - database.py:215 - INFO - 第一次下载该漫画，记录数据库中
2026-08-13 23:56:23 - mkk_pika - main.py:83 - INFO - 找到 24 张图片在:第1集
2026-08-13 23:56:24 - mkk_pika - main.py:112 - INFO - [episode:第1集       ] downloaded:    24, total:  24, progress:100%
2026-08-13 23:56:24 - mkk_pika - database.py:238 - INFO - 数据库更新已下载章节
2026-08-13 23:56:24 - mkk_pika - database.py:244 - INFO - 该漫画已下载章节如下
2026-08-13 23:56:24 - mkk_pika - database.py:245 - INFO - ['第1集']
2026-08-13 23:56:26 - mkk_pika - main.py:348 - INFO - ==================== 漫画信息 ====================
                                   漫画ID：5c5d443715432a058c2a2847
                                   标题：リトルガールスウィートトラップ! (艦隊これくしょん -艦これ-)
                                   作者：虎小屋敷 (リチョウ)
                                   是否完结：是
                                   总页数：24
                                   分类：短篇,同人,艦隊收藏
                                   章节数：1
                                   最后更新时间：2019-02-08T08:56:23.062Z
                                   =================================================
2026-08-13 23:56:26 - mkk_pika - database.py:101 - INFO - 保存成功：リトルガールスウィートトラップ! (艦隊これくしょん -艦これ-)
2026-08-13 23:56:26 - mkk_pika - main.py:35 - INFO - 开始检查(コミティア124)初華屋の童女たち ～ゆり編～是否存在未下载章节
2026-08-13 23:56:26 - mkk_pika - main.py:45 - INFO - 正在下载:[(コミティア124)初華屋の童女たち ～ゆり編～]-[kuma-puro (小路あゆむ)]-[['短篇', '同人']]-[total_pages:30]
2026-08-13 23:56:26 - mkk_pika - main.py:49 - INFO - [{'_id': '5c5d4538f031ca05bad8e936', 'title': '第1集', 'order': 1, 'updated_at': '2019-02-07T10:05:59.018Z', 'id': '5c5d4538f031ca05bad8e936'}]
2026-08-13 23:56:26 - mkk_pika - database.py:215 - INFO - 第一次下载该漫画，记录数据库中
2026-08-13 23:56:27 - mkk_pika - main.py:83 - INFO - 找到 30 张图片在:第1集
2026-08-13 23:56:28 - mkk_pika - main.py:112 - INFO - [episode:第1集       ] downloaded:    30, total:  30, progress:100%
2026-08-13 23:56:28 - mkk_pika - database.py:238 - INFO - 数据库更新已下载章节
2026-08-13 23:56:28 - mkk_pika - database.py:244 - INFO - 该漫画已下载章节如下
2026-08-13 23:56:28 - mkk_pika - database.py:245 - INFO - ['第1集']
2026-08-13 23:56:29 - mkk_pika - main.py:348 - INFO - ==================== 漫画信息 ====================
                                   漫画ID：5c5d4538f031ca05bad8e935
                                   标题：(コミティア124)初華屋の童女たち ～ゆり編～
                                   作者：kuma-puro (小路あゆむ)
                                   是否完结：否
                                   总页数：30
                                   分类：短篇,同人
                                   章节数：1
                                   最后更新时间：2019-02-08T09:00:40.894Z
                                   =================================================
2026-08-13 23:56:29 - mkk_pika - database.py:101 - INFO - 保存成功：(コミティア124)初華屋の童女たち ～ゆり編～
2026-08-13 23:56:29 - mkk_pika - main.py:35 - INFO - 开始检查ウブな悪魔に手ほどきを (東方Project)是否存在未下载章节
2026-08-13 23:56:30 - mkk_pika - main.py:45 - INFO - 正在下载:[ウブな悪魔に手ほどきを (東方Project)]-[世捨人な漫画描き (ともきとものり)]-[['短篇', '同人', '東方', '非人類']]-[total_pages:27]
2026-08-13 23:56:30 - mkk_pika - main.py:49 - INFO - [{'_id': '5c5d45e2e653837e36441e62', 'title': '第1集', 'order': 1, 'updated_at': '2019-02-07T11:14:12.316Z', 'id': '5c5d45e2e653837e36441e62'}]
2026-08-13 23:56:30 - mkk_pika - database.py:215 - INFO - 第一次下载该漫画，记录数据库中
2026-08-13 23:56:30 - mkk_pika - main.py:83 - INFO - 找到 27 张图片在:第1集
2026-08-13 23:56:31 - mkk_pika - main.py:112 - INFO - [episode:第1集       ] downloaded:    27, total:  27, progress:100%
2026-08-13 23:56:31 - mkk_pika - database.py:238 - INFO - 数据库更新已下载章节
2026-08-13 23:56:31 - mkk_pika - database.py:244 - INFO - 该漫画已下载章节如下
2026-08-13 23:56:31 - mkk_pika - database.py:245 - INFO - ['第1集']
2026-08-13 23:56:33 - mkk_pika - main.py:348 - INFO - ==================== 漫画信息 ====================
                                   漫画ID：5c5d45e2e653837e36441e61
                                   标题：ウブな悪魔に手ほどきを (東方Project)
                                   作者：世捨人な漫画描き (ともきとものり)
                                   是否完结：是
                                   总页数：27
                                   分类：短篇,同人,東方,非人類
                                   章节数：1
                                   最后更新时间：2019-02-08T09:03:30.754Z
                                   =================================================
2026-08-13 23:56:33 - mkk_pika - database.py:101 - INFO - 保存成功：ウブな悪魔に手ほどきを (東方Project)
2026-08-13 23:56:33 - mkk_pika - main.py:35 - INFO - 开始检查 アリスをオカズにする本 (東方Project)是否存在未下载章节
2026-08-13 23:56:33 - mkk_pika - main.py:45 - INFO - 正在下载:[ アリスをオカズにする本 (東方Project)]-[白銀木犀 (ぽし)]-[['短篇', '同人', '東方']]-[total_pages:28]
2026-08-13 23:56:33 - mkk_pika - main.py:49 - INFO - [{'_id': '5c5d46eead486f7e5da2afea', 'title': '第1集', 'order': 1, 'updated_at': '2019-02-07T12:10:06.124Z', 'id': '5c5d46eead486f7e5da2afea'}]
2026-08-13 23:56:33 - mkk_pika - database.py:215 - INFO - 第一次下载该漫画，记录数据库中
2026-08-13 23:56:34 - mkk_pika - main.py:83 - INFO - 找到 28 张图片在:第1集
2026-08-13 23:56:35 - mkk_pika - main.py:112 - INFO - [episode:第1集       ] downloaded:    28, total:  28, progress:100%
2026-08-13 23:56:35 - mkk_pika - database.py:238 - INFO - 数据库更新已下载章节
2026-08-13 23:56:35 - mkk_pika - database.py:244 - INFO - 该漫画已下载章节如下
2026-08-13 23:56:35 - mkk_pika - database.py:245 - INFO - ['第1集']
2026-08-13 23:56:36 - mkk_pika - main.py:348 - INFO - ==================== 漫画信息 ====================
                                   漫画ID：5c5d46eead486f7e5da2afe9
                                   标题： アリスをオカズにする本 (東方Project)
                                   作者：白銀木犀 (ぽし)
                                   是否完结：是
                                   总页数：28
                                   分类：短篇,同人,東方
                                   章节数：1
                                   最后更新时间：2019-02-08T09:07:58.386Z
                                   =================================================
2026-08-13 23:56:36 - mkk_pika - database.py:101 - INFO - 保存成功： アリスをオカズにする本 (東方Project)
2026-08-13 23:56:36 - mkk_pika - main.py:35 - INFO - 开始检查官能小説少女 彼女はそれをガマン出来ない 官能小說少女 她對那種事渴望得無法忍耐了是否存在未下载章节
2026-08-13 23:56:36 - mkk_pika - main.py:45 - INFO - 正在下载:[官能小説少女 彼女はそれをガマン出来ない 官能小說少女 她對那種事渴望得無法忍耐了]-[じぇいく]-[['長篇', '單行本', '純愛', '姐姐系', '妹妹系', 'SM']]-[total_pages:201]
2026-08-13 23:56:36 - mkk_pika - main.py:49 - INFO - [{'_id': '5c5db0e715432a058c2a2cf6', 'title': '官能少女的單行本', 'order': 1, 'updated_at': '2019-02-08T15:40:51.449Z', 'id': '5c5db0e715432a058c2a2cf6'}]
2026-08-13 23:56:36 - mkk_pika - database.py:215 - INFO - 第一次下载该漫画，记录数据库中
2026-08-13 23:56:38 - mkk_pika - main.py:83 - INFO - 找到 201 张图片在:官能少女的單行本
2026-08-13 23:56:44 - mkk_pika - main.py:112 - INFO - [episode:官能少女的單行本  ] downloaded:   201, total: 201, progress:100%
2026-08-13 23:56:44 - mkk_pika - database.py:238 - INFO - 数据库更新已下载章节
2026-08-13 23:56:44 - mkk_pika - database.py:244 - INFO - 该漫画已下载章节如下
2026-08-13 23:56:44 - mkk_pika - database.py:245 - INFO - ['官能少女的單行本']
2026-08-13 23:56:46 - mkk_pika - main.py:348 - INFO - ==================== 漫画信息 ====================
                                   漫画ID：5c5d478a39b3e77e2b1bfd0a
                                   标题：官能小説少女 彼女はそれをガマン出来ない 官能小說少女 她對那種事渴望得無法忍耐了
                                   作者：じぇいく
                                   是否完结：是
                                   总页数：201
                                   分类：長篇,單行本,純愛,姐姐系,妹妹系,SM
                                   章节数：1
                                   最后更新时间：2019-02-08T09:10:34.970Z
                                   =================================================
2026-08-13 23:56:46 - mkk_pika - database.py:101 - INFO - 保存成功：官能小説少女 彼女はそれをガマン出来ない 官能小說少女 她對那種事渴望得無法忍耐了
2026-08-13 23:56:46 - mkk_pika - main.py:35 - INFO - 开始检查五等分のエロス - [NSFW full color comics 無修正uncensored]是否存在未下载章节
2026-08-13 23:56:46 - mkk_pika - main.py:45 - INFO - 正在下载:[五等分のエロス - [NSFW full color comics 無修正uncensored]]-[ぎんハハ]-[['短篇', '同人', '全彩']]-[total_pages:16]
2026-08-13 23:56:46 - mkk_pika - main.py:49 - INFO - [{'_id': '5c5d47fa15432a058c2a29f3', 'title': '第1集', 'order': 1, 'updated_at': '2019-02-07T13:36:33.221Z', 'id': '5c5d47fa15432a058c2a29f3'}]
2026-08-13 23:56:46 - mkk_pika - database.py:215 - INFO - 第一次下载该漫画，记录数据库中
2026-08-13 23:56:47 - mkk_pika - main.py:83 - INFO - 找到 16 张图片在:第1集
2026-08-13 23:56:47 - mkk_pika - main.py:112 - INFO - [episode:第1集       ] downloaded:    16, total:  16, progress:100%
2026-08-13 23:56:47 - mkk_pika - database.py:238 - INFO - 数据库更新已下载章节
2026-08-13 23:56:47 - mkk_pika - database.py:244 - INFO - 该漫画已下载章节如下
2026-08-13 23:56:47 - mkk_pika - database.py:245 - INFO - ['第1集']
2026-08-13 23:56:49 - mkk_pika - main.py:348 - INFO - ==================== 漫画信息 ====================
                                   漫画ID：5c5d47fa15432a058c2a29f2
                                   标题：五等分のエロス - [NSFW full color comics 無修正uncensored]
                                   作者：ぎんハハ
                                   是否完结：是
                                   总页数：16
                                   分类：短篇,同人,全彩
                                   章节数：1
                                   最后更新时间：2019-02-08T09:12:26.154Z
                                   =================================================
2026-08-13 23:56:49 - mkk_pika - database.py:101 - INFO - 保存成功：五等分のエロス - [NSFW full color comics 無修正uncensored]
2026-08-13 23:56:49 - mkk_pika - main.py:35 - INFO - 开始检查 [大人の寓話 ] 洗脳遊戯是否存在未下载章节
2026-08-13 23:56:49 - mkk_pika - main.py:45 - INFO - 正在下载:[ [大人の寓話 ] 洗脳遊戯]-[山田太郎(仮名)]-[['全彩', '短篇', 'NTR', '強暴']]-[total_pages:39]
2026-08-13 23:56:49 - mkk_pika - main.py:49 - INFO - [{'_id': '5c5d481096f1c60594bf6a10', 'title': '第1集', 'order': 1, 'updated_at': '2019-02-07T15:24:51.930Z', 'id': '5c5d481096f1c60594bf6a10'}]
2026-08-13 23:56:49 - mkk_pika - database.py:215 - INFO - 第一次下载该漫画，记录数据库中
2026-08-13 23:56:50 - mkk_pika - main.py:83 - INFO - 找到 39 张图片在:第1集
2026-08-13 23:56:51 - mkk_pika - main.py:112 - INFO - [episode:第1集       ] downloaded:    39, total:  39, progress:100%
2026-08-13 23:56:51 - mkk_pika - database.py:238 - INFO - 数据库更新已下载章节
2026-08-13 23:56:51 - mkk_pika - database.py:244 - INFO - 该漫画已下载章节如下
2026-08-13 23:56:51 - mkk_pika - database.py:245 - INFO - ['第1集']
2026-08-13 23:56:52 - mkk_pika - main.py:348 - INFO - ==================== 漫画信息 ====================
                                   漫画ID：5c5d481096f1c60594bf6a0f
                                   标题： [大人の寓話 ] 洗脳遊戯
                                   作者：山田太郎(仮名)
                                   是否完结：否
                                   总页数：39
                                   分类：全彩,短篇,NTR,強暴
                                   章节数：1
                                   最后更新时间：2019-02-08T09:12:48.035Z
                                   =================================================
2026-08-13 23:56:52 - mkk_pika - database.py:101 - INFO - 保存成功： [大人の寓話 ] 洗脳遊戯
2026-08-13 23:56:52 - mkk_pika - main.py:35 - INFO - 开始检查(C95) 甘いユメ | 甜美壹夢 (オリジナル) [DL版]是否存在未下载章节
2026-08-13 23:56:53 - mkk_pika - main.py:45 - INFO - 正在下载:[(C95) 甘いユメ | 甜美壹夢 (オリジナル) [DL版]]-[ FRAC (もとみやみつき)]-[['短篇', '純愛']]-[total_pages:24]
2026-08-13 23:56:53 - mkk_pika - main.py:49 - INFO - [{'_id': '5c5d4851b789520d17fcda95', 'title': '第1集', 'order': 1, 'updated_at': '2019-02-07T17:17:25.605Z', 'id': '5c5d4851b789520d17fcda95'}]
2026-08-13 23:56:53 - mkk_pika - database.py:215 - INFO - 第一次下载该漫画，记录数据库中
2026-08-13 23:56:53 - mkk_pika - main.py:83 - INFO - 找到 24 张图片在:第1集
2026-08-13 23:56:54 - mkk_pika - main.py:112 - INFO - [episode:第1集       ] downloaded:    24, total:  24, progress:100%
2026-08-13 23:56:54 - mkk_pika - database.py:238 - INFO - 数据库更新已下载章节
2026-08-13 23:56:54 - mkk_pika - database.py:244 - INFO - 该漫画已下载章节如下
2026-08-13 23:56:54 - mkk_pika - database.py:245 - INFO - ['第1集']
2026-08-13 23:56:55 - mkk_pika - main.py:348 - INFO - ==================== 漫画信息 ====================
                                   漫画ID：5c5d4851b789520d17fcda94
                                   标题：(C95) 甘いユメ | 甜美壹夢 (オリジナル) [DL版]
                                   作者： FRAC (もとみやみつき)
                                   是否完结：是
                                   总页数：24
                                   分类：短篇,純愛
                                   章节数：1
                                   最后更新时间：2019-02-08T09:13:53.218Z
                                   =================================================
2026-08-13 23:56:55 - mkk_pika - database.py:101 - INFO - 保存成功：(C95) 甘いユメ | 甜美壹夢 (オリジナル) [DL版]
2026-08-13 23:56:55 - mkk_pika - main.py:380 - INFO - 本次任务下载完毕
2026-08-13 23:56:55 - mkk_pika - database.py:173 - INFO - 数据库连接已关闭
