2026-09-04 00:55:50 - mkk_pika - main.py:193 - INFO - =======================================================================
2026-09-04 00:55:50 - mkk_pika - database.py:61 - INFO - 表和索引初始化成功
2026-09-04 00:55:50 - mkk_pika - main.py:197 - INFO - 已经累计下载19915本漫画
2026-09-04 00:55:51 - mkk_pika - api.py:87 - INFO - 登录成功
2026-09-04 00:55:51 - mkk_pika - main.py:203 - INFO - 收藏夹共计0本漫画
2026-09-04 00:55:51 - mkk_pika - main.py:206 - INFO - 开始下载收藏夹内未下载内容
2026-09-04 00:55:51 - mkk_pika - main.py:266 - INFO - 收藏夹内容下载完毕
2026-09-04 00:55:51 - mkk_pika - main.py:268 - INFO - 开始下载订阅内容
2026-09-04 00:55:51 - mkk_pika - database.py:258 - INFO - 根据ID查询到标题：萝莉 -> C102おまけ本 アリスとの後日談 | 爱丽丝酱的後日談
2026-09-04 00:55:52 - mkk_pika - database.py:101 - INFO - 保存成功：C102おまけ本 アリスとの後日談 | 爱丽丝酱的後日談
2026-09-04 00:55:52 - mkk_pika - main.py:273 - INFO - 关键词萝莉找到1本漫画
2026-09-04 00:55:52 - mkk_pika - database.py:258 - INFO - 根据ID查询到标题：蘿莉 -> [Patreon] Clowenqq（AI）
2026-09-04 00:55:53 - mkk_pika - database.py:101 - INFO - 保存成功：[Pixiv] Nyako (87118066) part.8（AI）
2026-09-04 00:55:53 - mkk_pika - main.py:273 - INFO - 关键词蘿莉找到10本漫画
2026-09-04 00:55:53 - mkk_pika - main.py:275 - INFO - 订阅内容共计11本漫画
2026-09-04 00:55:53 - mkk_pika - main.py:35 - INFO - 开始检查私のさーちゃん（ゆるゆり）[中国翻訳]是否存在未下载章节
2026-09-04 00:55:53 - mkk_pika - database.py:203 - INFO - 查询数据库中是否已存在熟肉
2026-09-04 00:55:53 - mkk_pika - main.py:51 - INFO - 私のさーちゃん（ゆるゆり）[中国翻訳]中没有可下载章节
2026-09-04 00:55:53 - mkk_pika - main.py:292 - INFO - ==================== 漫画信息 ====================
                                漫画ID：6a95c96a27dc2b3498058300
                                标题：私のさーちゃん（ゆるゆり）[中国翻訳]
                                作者：az
                                是否完结：是
                                总页数：20
                                分类：短篇,同人,百合花園
                                章节数：1
                                最后更新时间：2026-08-31T18:35:22.366Z
                                =================================================
2026-09-04 00:55:53 - mkk_pika - database.py:101 - INFO - 保存成功：私のさーちゃん（ゆるゆり）[中国翻訳]
2026-09-04 00:55:53 - mkk_pika - main.py:35 - INFO - 开始检查姪っくす 姪っ子に強請られてるけど血は繋がってないからいいよね？| 侄女情色 被侄女软磨硬泡地主动索求不过没有血缘关系应该没关系的吧？是否存在未下载章节
2026-09-04 00:55:53 - mkk_pika - main.py:45 - INFO - 正在下载:[姪っくす 姪っ子に強請られてるけど血は繋がってないからいいよね？| 侄女情色 被侄女软磨硬泡地主动索求不过没有血缘关系应该没关系的吧？]-[山賊の唄 (宝あきひと)]-[['短篇']]-[total_pages:-1]
2026-09-04 00:55:53 - mkk_pika - main.py:49 - INFO - [{'_id': '6a4a94b3c01d793347c44b95', 'title': '生肉', 'order': 1, 'updated_at': '2026-09-03T16:45:47.663Z', 'id': '6a4a94b3c01d793347c44b95'}, {'_id': '6a99a43b480e05297b80fe20', 'title': '熟肉', 'order': 2, 'updated_at': '2026-09-03T12:07:06.475Z', 'id': '6a99a43b480e05297b80fe20'}]
2026-09-04 00:55:53 - mkk_pika - database.py:215 - INFO - 第一次下载该漫画，记录数据库中
2026-09-04 00:55:54 - mkk_pika - main.py:83 - INFO - 找到 45 张图片在:生肉
2026-09-04 00:55:59 - mkk_pika - main.py:112 - INFO - [episode:生肉        ] downloaded:    45, total:  45, progress:100%
2026-09-04 00:55:59 - mkk_pika - database.py:238 - INFO - 数据库更新已下载章节
2026-09-04 00:55:59 - mkk_pika - database.py:244 - INFO - 该漫画已下载章节如下
2026-09-04 00:55:59 - mkk_pika - database.py:245 - INFO - ['生肉']
2026-09-04 00:56:01 - mkk_pika - main.py:83 - INFO - 找到 46 张图片在:熟肉
2026-09-04 00:56:04 - mkk_pika - main.py:112 - INFO - [episode:熟肉        ] downloaded:    46, total:  46, progress:100%
2026-09-04 00:56:04 - mkk_pika - database.py:238 - INFO - 数据库更新已下载章节
2026-09-04 00:56:04 - mkk_pika - database.py:244 - INFO - 该漫画已下载章节如下
2026-09-04 00:56:04 - mkk_pika - database.py:245 - INFO - ['生肉', '熟肉']
2026-09-04 00:56:06 - mkk_pika - main.py:292 - INFO - ==================== 漫画信息 ====================
                                漫画ID：6a4a94b3c01d793347c44b94
                                标题：姪っくす 姪っ子に強請られてるけど血は繋がってないからいいよね？| 侄女情色 被侄女软磨硬泡地主动索求不过没有血缘关系应该没关系的吧？
                                作者：山賊の唄 (宝あきひと)
                                是否完结：否
                                总页数：91
                                分类：短篇
                                章节数：2
                                最后更新时间：2026-09-03T16:45:47.644Z
                                =================================================
2026-09-04 00:56:06 - mkk_pika - database.py:101 - INFO - 保存成功：姪っくす 姪っ子に強請られてるけど血は繋がってないからいいよね？| 侄女情色 被侄女软磨硬泡地主动索求不过没有血缘关系应该没关系的吧？
2026-09-04 00:56:06 - mkk_pika - main.py:35 - INFO - 开始检查これって本当に健康診断なんですか?是否存在未下载章节
2026-09-04 00:56:06 - mkk_pika - main.py:45 - INFO - 正在下载:[これって本当に健康診断なんですか?]-[まろ屋 (へこ太郎)]-[['短篇']]-[total_pages:-1]
2026-09-04 00:56:06 - mkk_pika - main.py:49 - INFO - [{'_id': '6a99a3ecb3cc02785f94e315', 'title': '第1話', 'order': 1, 'updated_at': '2026-09-03T11:32:45.879Z', 'id': '6a99a3ecb3cc02785f94e315'}]
2026-09-04 00:56:06 - mkk_pika - database.py:215 - INFO - 第一次下载该漫画，记录数据库中
2026-09-04 00:56:07 - mkk_pika - main.py:83 - INFO - 找到 44 张图片在:第1話
2026-09-04 00:56:11 - mkk_pika - main.py:112 - INFO - [episode:第1話       ] downloaded:    44, total:  44, progress:100%
2026-09-04 00:56:11 - mkk_pika - database.py:238 - INFO - 数据库更新已下载章节
2026-09-04 00:56:11 - mkk_pika - database.py:244 - INFO - 该漫画已下载章节如下
2026-09-04 00:56:11 - mkk_pika - database.py:245 - INFO - ['第1話']
2026-09-04 00:56:13 - mkk_pika - main.py:292 - INFO - ==================== 漫画信息 ====================
                                漫画ID：6a99a3ecb3cc02785f94e314
                                标题：これって本当に健康診断なんですか?
                                作者：まろ屋 (へこ太郎)
                                是否完结：是
                                总页数：44
                                分类：短篇
                                章节数：1
                                最后更新时间：2026-09-03T16:44:28.660Z
                                =================================================
2026-09-04 00:56:13 - mkk_pika - database.py:101 - INFO - 保存成功：これって本当に健康診断なんですか?
2026-09-04 00:56:13 - mkk_pika - main.py:35 - INFO - 开始检查アリス&ケイまとめて孕ませる本 (ブルーアーカイブ) 是否存在未下载章节
2026-09-04 00:56:13 - mkk_pika - main.py:45 - INFO - 正在下载:[アリス&ケイまとめて孕ませる本 (ブルーアーカイブ) ]-[ぴかぴかハルシネイト (じぇねしす)]-[['同人', '短篇']]-[total_pages:-1]
2026-09-04 00:56:13 - mkk_pika - main.py:49 - INFO - [{'_id': '6a99a3c9feffb278069732f0', 'title': '第1話', 'order': 1, 'updated_at': '2026-09-02T13:42:11.420Z', 'id': '6a99a3c9feffb278069732f0'}]
2026-09-04 00:56:13 - mkk_pika - database.py:215 - INFO - 第一次下载该漫画，记录数据库中
2026-09-04 00:56:14 - mkk_pika - main.py:83 - INFO - 找到 32 张图片在:第1話
2026-09-04 00:56:16 - mkk_pika - main.py:112 - INFO - [episode:第1話       ] downloaded:    32, total:  32, progress:100%
2026-09-04 00:56:16 - mkk_pika - database.py:238 - INFO - 数据库更新已下载章节
2026-09-04 00:56:16 - mkk_pika - database.py:244 - INFO - 该漫画已下载章节如下
2026-09-04 00:56:16 - mkk_pika - database.py:245 - INFO - ['第1話']
2026-09-04 00:56:17 - mkk_pika - main.py:292 - INFO - ==================== 漫画信息 ====================
                                漫画ID：6a99a3c9feffb278069732ef
                                标题：アリス&ケイまとめて孕ませる本 (ブルーアーカイブ) 
                                作者：ぴかぴかハルシネイト (じぇねしす)
                                是否完结：是
                                总页数：32
                                分类：同人,短篇
                                章节数：1
                                最后更新时间：2026-09-03T16:43:53.963Z
                                =================================================
2026-09-04 00:56:17 - mkk_pika - database.py:101 - INFO - 保存成功：アリス&ケイまとめて孕ませる本 (ブルーアーカイブ) 
2026-09-04 00:56:17 - mkk_pika - main.py:35 - INFO - 开始检查ミニマルアニマル是否存在未下载章节
2026-09-04 00:56:18 - mkk_pika - main.py:45 - INFO - 正在下载:[ミニマルアニマル]-[春原香深]-[['純愛']]-[total_pages:-1]
2026-09-04 00:56:18 - mkk_pika - main.py:49 - INFO - [{'_id': '6a99a3acfeffb278069732cf', 'title': '第1話', 'order': 1, 'updated_at': '2026-08-31T13:48:16.662Z', 'id': '6a99a3acfeffb278069732cf'}]
2026-09-04 00:56:18 - mkk_pika - database.py:215 - INFO - 第一次下载该漫画，记录数据库中
2026-09-04 00:56:18 - mkk_pika - main.py:83 - INFO - 找到 28 张图片在:第1話
2026-09-04 00:56:21 - mkk_pika - main.py:112 - INFO - [episode:第1話       ] downloaded:    28, total:  28, progress:100%
2026-09-04 00:56:21 - mkk_pika - database.py:238 - INFO - 数据库更新已下载章节
2026-09-04 00:56:21 - mkk_pika - database.py:244 - INFO - 该漫画已下载章节如下
2026-09-04 00:56:21 - mkk_pika - database.py:245 - INFO - ['第1話']
2026-09-04 00:56:23 - mkk_pika - main.py:292 - INFO - ==================== 漫画信息 ====================
                                漫画ID：6a99a3acfeffb278069732ce
                                标题：ミニマルアニマル
                                作者：春原香深
                                是否完结：是
                                总页数：28
                                分类：純愛
                                章节数：1
                                最后更新时间：2026-09-03T16:43:24.311Z
                                =================================================
2026-09-04 00:56:23 - mkk_pika - database.py:101 - INFO - 保存成功：ミニマルアニマル
2026-09-04 00:56:23 - mkk_pika - main.py:35 - INFO - 开始检查いとしのなえどこ是否存在未下载章节
2026-09-04 00:56:23 - mkk_pika - main.py:45 - INFO - 正在下载:[いとしのなえどこ]-[CHRONOLOG (桜沢いづみ）]-[['非人類', '強暴']]-[total_pages:-1]
2026-09-04 00:56:23 - mkk_pika - main.py:49 - INFO - [{'_id': '6a99a39daaf294786fce48c0', 'title': '第1話', 'order': 1, 'updated_at': '2026-08-31T13:42:08.207Z', 'id': '6a99a39daaf294786fce48c0'}]
2026-09-04 00:56:23 - mkk_pika - database.py:215 - INFO - 第一次下载该漫画，记录数据库中
2026-09-04 00:56:24 - mkk_pika - main.py:83 - INFO - 找到 32 张图片在:第1話
2026-09-04 00:56:25 - mkk_pika - main.py:112 - INFO - [episode:第1話       ] downloaded:    32, total:  32, progress:100%
2026-09-04 00:56:25 - mkk_pika - database.py:238 - INFO - 数据库更新已下载章节
2026-09-04 00:56:25 - mkk_pika - database.py:244 - INFO - 该漫画已下载章节如下
2026-09-04 00:56:25 - mkk_pika - database.py:245 - INFO - ['第1話']
2026-09-04 00:56:27 - mkk_pika - main.py:292 - INFO - ==================== 漫画信息 ====================
                                漫画ID：6a99a39daaf294786fce48bf
                                标题：いとしのなえどこ
                                作者：CHRONOLOG (桜沢いづみ）
                                是否完结：是
                                总页数：32
                                分类：非人類,強暴
                                章节数：1
                                最后更新时间：2026-09-03T16:43:09.526Z
                                =================================================
2026-09-04 00:56:27 - mkk_pika - database.py:101 - INFO - 保存成功：いとしのなえどこ
2026-09-04 00:56:27 - mkk_pika - main.py:35 - INFO - 开始检查LOVE IS POISON (ブルーアーカイブ)是否存在未下载章节
2026-09-04 00:56:27 - mkk_pika - main.py:45 - INFO - 正在下载:[LOVE IS POISON (ブルーアーカイブ)]-[Chocolate Synapse (椎架ゆの)]-[['短篇', '同人']]-[total_pages:-1]
2026-09-04 00:56:27 - mkk_pika - main.py:49 - INFO - [{'_id': '6a99a333aaf294786fce47a5', 'title': '第1話', 'order': 1, 'updated_at': '2026-09-03T08:19:48.550Z', 'id': '6a99a333aaf294786fce47a5'}]
2026-09-04 00:56:27 - mkk_pika - database.py:215 - INFO - 第一次下载该漫画，记录数据库中
2026-09-04 00:56:28 - mkk_pika - main.py:83 - INFO - 找到 23 张图片在:第1話
2026-09-04 00:56:29 - mkk_pika - main.py:112 - INFO - [episode:第1話       ] downloaded:    23, total:  23, progress:100%
2026-09-04 00:56:29 - mkk_pika - database.py:238 - INFO - 数据库更新已下载章节
2026-09-04 00:56:29 - mkk_pika - database.py:244 - INFO - 该漫画已下载章节如下
2026-09-04 00:56:29 - mkk_pika - database.py:245 - INFO - ['第1話']
2026-09-04 00:56:31 - mkk_pika - main.py:292 - INFO - ==================== 漫画信息 ====================
                                漫画ID：6a99a333aaf294786fce47a4
                                标题：LOVE IS POISON (ブルーアーカイブ)
                                作者：Chocolate Synapse (椎架ゆの)
                                是否完结：是
                                总页数：23
                                分类：短篇,同人
                                章节数：1
                                最后更新时间：2026-09-03T16:41:23.684Z
                                =================================================
2026-09-04 00:56:31 - mkk_pika - database.py:101 - INFO - 保存成功：LOVE IS POISON (ブルーアーカイブ)
2026-09-04 00:56:31 - mkk_pika - main.py:35 - INFO - 开始检查鈴も同人イベントに行きたい!! [中国語][无修正]是否存在未下载章节
2026-09-04 00:56:31 - mkk_pika - main.py:45 - INFO - 正在下载:[鈴も同人イベントに行きたい!! [中国語][无修正]]-[A-icu 龍の巣 (AZ嗓)]-[['長篇']]-[total_pages:-1]
2026-09-04 00:56:31 - mkk_pika - main.py:49 - INFO - [{'_id': '66ed9cb0b78fec08481eaf63', 'title': '生肉', 'order': 1, 'updated_at': '2024-09-20T03:17:58.334Z', 'id': '66ed9cb0b78fec08481eaf63'}, {'_id': '66ed9cb0b78fec08481eaf64', 'title': '熟肉', 'order': 2, 'updated_at': '2024-09-20T03:19:44.449Z', 'id': '66ed9cb0b78fec08481eaf64'}, {'_id': '6a99a2bdaaf294786fce4515', 'title': '熟肉无修', 'order': 3, 'updated_at': '2026-09-03T01:20:10.908Z', 'id': '6a99a2bdaaf294786fce4515'}]
2026-09-04 00:56:31 - mkk_pika - database.py:215 - INFO - 第一次下载该漫画，记录数据库中
2026-09-04 00:56:32 - mkk_pika - main.py:83 - INFO - 找到 54 张图片在:生肉
2026-09-04 00:56:38 - mkk_pika - main.py:112 - INFO - [episode:生肉        ] downloaded:    54, total:  54, progress:100%
2026-09-04 00:56:38 - mkk_pika - database.py:238 - INFO - 数据库更新已下载章节
2026-09-04 00:56:38 - mkk_pika - database.py:244 - INFO - 该漫画已下载章节如下
2026-09-04 00:56:38 - mkk_pika - database.py:245 - INFO - ['生肉']
2026-09-04 00:56:40 - mkk_pika - main.py:83 - INFO - 找到 55 张图片在:熟肉
2026-09-04 00:56:43 - mkk_pika - main.py:112 - INFO - [episode:熟肉        ] downloaded:    55, total:  55, progress:100%
2026-09-04 00:56:43 - mkk_pika - database.py:238 - INFO - 数据库更新已下载章节
2026-09-04 00:56:43 - mkk_pika - database.py:244 - INFO - 该漫画已下载章节如下
2026-09-04 00:56:43 - mkk_pika - database.py:245 - INFO - ['生肉', '熟肉']
2026-09-04 00:56:45 - mkk_pika - main.py:83 - INFO - 找到 52 张图片在:熟肉无修
2026-09-04 00:56:50 - mkk_pika - main.py:112 - INFO - [episode:熟肉无修      ] downloaded:    52, total:  52, progress:100%
2026-09-04 00:56:50 - mkk_pika - database.py:238 - INFO - 数据库更新已下载章节
2026-09-04 00:56:50 - mkk_pika - database.py:244 - INFO - 该漫画已下载章节如下
2026-09-04 00:56:50 - mkk_pika - database.py:245 - INFO - ['生肉', '熟肉', '熟肉无修']
2026-09-04 00:56:52 - mkk_pika - main.py:292 - INFO - ==================== 漫画信息 ====================
                                漫画ID：66ed9cb0b78fec08481eaf62
                                标题：鈴も同人イベントに行きたい!! [中国語][无修正]
                                作者：A-icu 龍の巣 (AZ嗓)
                                是否完结：是
                                总页数：161
                                分类：長篇
                                章节数：3
                                最后更新时间：2026-09-03T16:39:25.375Z
                                =================================================
2026-09-04 00:56:52 - mkk_pika - database.py:101 - INFO - 保存成功：鈴も同人イベントに行きたい!! [中国語][无修正]
2026-09-04 00:56:52 - mkk_pika - main.py:35 - INFO - 开始检查俺の言うことを何でも信じてくれるおっぱいが大きないくみちゃん 水着編 | 胸部很大的育美酱，无论我说什么都会相信泳装篇是否存在未下载章节
2026-09-04 00:56:52 - mkk_pika - main.py:45 - INFO - 正在下载:[俺の言うことを何でも信じてくれるおっぱいが大きないくみちゃん 水着編 | 胸部很大的育美酱，无论我说什么都会相信泳装篇]-[サボテンビンタ (河上康)]-[['短篇']]-[total_pages:-1]
2026-09-04 00:56:52 - mkk_pika - main.py:49 - INFO - [{'_id': '6a99a2b0feffb27806972fb1', 'title': '第1話', 'order': 1, 'updated_at': '2026-09-02T19:25:03.042Z', 'id': '6a99a2b0feffb27806972fb1'}]
2026-09-04 00:56:52 - mkk_pika - database.py:215 - INFO - 第一次下载该漫画，记录数据库中
2026-09-04 00:56:52 - mkk_pika - main.py:83 - INFO - 找到 37 张图片在:第1話
2026-09-04 00:56:56 - mkk_pika - main.py:112 - INFO - [episode:第1話       ] downloaded:    37, total:  37, progress:100%
2026-09-04 00:56:56 - mkk_pika - database.py:238 - INFO - 数据库更新已下载章节
2026-09-04 00:56:56 - mkk_pika - database.py:244 - INFO - 该漫画已下载章节如下
2026-09-04 00:56:56 - mkk_pika - database.py:245 - INFO - ['第1話']
2026-09-04 00:56:57 - mkk_pika - main.py:292 - INFO - ==================== 漫画信息 ====================
                                漫画ID：6a99a2b0feffb27806972fb0
                                标题：俺の言うことを何でも信じてくれるおっぱいが大きないくみちゃん 水着編 | 胸部很大的育美酱，无论我说什么都会相信泳装篇
                                作者：サボテンビンタ (河上康)
                                是否完结：是
                                总页数：37
                                分类：短篇
                                章节数：1
                                最后更新时间：2026-09-03T16:39:12.154Z
                                =================================================
2026-09-04 00:56:57 - mkk_pika - database.py:101 - INFO - 保存成功：俺の言うことを何でも信じてくれるおっぱいが大きないくみちゃん 水着編 | 胸部很大的育美酱，无论我说什么都会相信泳装篇
2026-09-04 00:56:57 - mkk_pika - main.py:35 - INFO - 开始检查ハロウィンキョウカちゃん + キョウカちゃんのキケンなかくれんぼ是否存在未下载章节
2026-09-04 00:56:58 - mkk_pika - main.py:45 - INFO - 正在下载:[ハロウィンキョウカちゃん + キョウカちゃんのキケンなかくれんぼ]-[ﾁｬｰﾌｨｰ]-[['同人', '短篇']]-[total_pages:-1]
2026-09-04 00:56:58 - mkk_pika - main.py:49 - INFO - [{'_id': '6a99a254aaf294786fce42eb', 'title': '第1話', 'order': 1, 'updated_at': '2026-09-02T13:11:34.184Z', 'id': '6a99a254aaf294786fce42eb'}]
2026-09-04 00:56:58 - mkk_pika - database.py:215 - INFO - 第一次下载该漫画，记录数据库中
2026-09-04 00:56:58 - mkk_pika - main.py:83 - INFO - 找到 5 张图片在:第1話
2026-09-04 00:56:59 - mkk_pika - main.py:112 - INFO - [episode:第1話       ] downloaded:     5, total:   5, progress:100%
2026-09-04 00:56:59 - mkk_pika - database.py:238 - INFO - 数据库更新已下载章节
2026-09-04 00:56:59 - mkk_pika - database.py:244 - INFO - 该漫画已下载章节如下
2026-09-04 00:56:59 - mkk_pika - database.py:245 - INFO - ['第1話']
2026-09-04 00:57:00 - mkk_pika - main.py:292 - INFO - ==================== 漫画信息 ====================
                                漫画ID：6a99a253aaf294786fce42ea
                                标题：ハロウィンキョウカちゃん + キョウカちゃんのキケンなかくれんぼ
                                作者：ﾁｬｰﾌｨｰ
                                是否完结：否
                                总页数：5
                                分类：同人,短篇
                                章节数：1
                                最后更新时间：2026-09-03T16:37:39.999Z
                                =================================================
2026-09-04 00:57:00 - mkk_pika - database.py:101 - INFO - 保存成功：ハロウィンキョウカちゃん + キョウカちゃんのキケンなかくれんぼ
2026-09-04 00:57:00 - mkk_pika - main.py:35 - INFO - 开始检查サイミン猫ムツキちゃんにニャンニャンされても負けないっっ | 催眠猫咪睦月酱的喵喵撒娇叫喊绝不会沦陷是否存在未下载章节
2026-09-04 00:57:00 - mkk_pika - database.py:203 - INFO - 查询数据库中是否已存在第1話
2026-09-04 00:57:00 - mkk_pika - main.py:51 - INFO - サイミン猫ムツキちゃんにニャンニャンされても負けないっっ | 催眠猫咪睦月酱的喵喵撒娇叫喊绝不会沦陷中没有可下载章节
2026-09-04 00:57:01 - mkk_pika - main.py:292 - INFO - ==================== 漫画信息 ====================
                                漫画ID：6a985af4aaf294786fce3cc8
                                标题：サイミン猫ムツキちゃんにニャンニャンされても負けないっっ | 催眠猫咪睦月酱的喵喵撒娇叫喊绝不会沦陷
                                作者：幻想美甘 (きりみあ)
                                是否完结：否
                                总页数：20
                                分类：短篇,同人
                                章节数：1
                                最后更新时间：2026-09-02T17:20:52.840Z
                                =================================================
2026-09-04 00:57:01 - mkk_pika - database.py:101 - INFO - 保存成功：サイミン猫ムツキちゃんにニャンニャンされても負けないっっ | 催眠猫咪睦月酱的喵喵撒娇叫喊绝不会沦陷
2026-09-04 00:57:01 - mkk_pika - main.py:323 - INFO - 订阅内容内容下载完毕
2026-09-04 00:57:01 - mkk_pika - main.py:324 - INFO - 开始分批下载全部章节
2026-09-04 00:57:01 - mkk_pika - database.py:280 - INFO - 表和索引初始化成功
2026-09-04 00:57:01 - mkk_pika - main.py:177 - INFO - 已经下载了1523页，一共7119页，现在开始添加第1524页
2026-09-04 00:57:02 - mkk_pika - database.py:318 - INFO - 保存成功
2026-09-04 00:57:02 - mkk_pika - main.py:177 - INFO - 已经下载了1524页，一共7119页，现在开始添加第1525页
2026-09-04 00:57:03 - mkk_pika - database.py:318 - INFO - 保存成功
2026-09-04 00:57:03 - mkk_pika - main.py:177 - INFO - 已经下载了1525页，一共7119页，现在开始添加第1526页
2026-09-04 00:57:04 - mkk_pika - database.py:318 - INFO - 保存成功
2026-09-04 00:57:04 - mkk_pika - main.py:177 - INFO - 已经下载了1526页，一共7119页，现在开始添加第1527页
2026-09-04 00:57:05 - mkk_pika - database.py:318 - INFO - 保存成功
2026-09-04 00:57:05 - mkk_pika - main.py:177 - INFO - 已经下载了1527页，一共7119页，现在开始添加第1528页
2026-09-04 00:57:06 - mkk_pika - database.py:318 - INFO - 保存成功
2026-09-04 00:57:06 - mkk_pika - main.py:331 - INFO - 分批下载共计66本漫画
2026-09-04 00:57:06 - mkk_pika - main.py:35 - INFO - 开始检查恥辱! 悪魔峠の怪人娼館 是否存在未下载章节
2026-09-04 00:57:06 - mkk_pika - main.py:45 - INFO - 正在下载:[恥辱! 悪魔峠の怪人娼館 ]-[夢幻マウンテン (ウルトラバスター)]-[['同人', '非人類']]-[total_pages:24]
2026-09-04 00:57:06 - mkk_pika - main.py:49 - INFO - [{'_id': '5c8dfebb9a046b706fb43366', 'title': '第1集', 'order': 1, 'updated_at': '2019-03-17T05:09:15.814Z', 'id': '5c8dfebb9a046b706fb43366'}]
2026-09-04 00:57:06 - mkk_pika - database.py:215 - INFO - 第一次下载该漫画，记录数据库中
2026-09-04 00:57:07 - mkk_pika - main.py:83 - INFO - 找到 24 张图片在:第1集
2026-09-04 00:57:08 - mkk_pika - main.py:112 - INFO - [episode:第1集       ] downloaded:    24, total:  24, progress:100%
2026-09-04 00:57:08 - mkk_pika - database.py:238 - INFO - 数据库更新已下载章节
2026-09-04 00:57:08 - mkk_pika - database.py:244 - INFO - 该漫画已下载章节如下
2026-09-04 00:57:08 - mkk_pika - database.py:245 - INFO - ['第1集']
2026-09-04 00:57:09 - mkk_pika - main.py:348 - INFO - ==================== 漫画信息 ====================
                                   漫画ID：5c8dfebb9a046b706fb43365
                                   标题：恥辱! 悪魔峠の怪人娼館 
                                   作者：夢幻マウンテン (ウルトラバスター)
                                   是否完结：否
                                   总页数：24
                                   分类：同人,非人類
                                   章节数：1
                                   最后更新时间：2019-03-17T08:00:59.578Z
                                   =================================================
2026-09-04 00:57:09 - mkk_pika - database.py:101 - INFO - 保存成功：恥辱! 悪魔峠の怪人娼館 
2026-09-04 00:57:09 - mkk_pika - main.py:35 - INFO - 开始检查SUPERヒーロータイム～刃と剣～是否存在未下载章节
2026-09-04 00:57:10 - mkk_pika - main.py:45 - INFO - 正在下载:[SUPERヒーロータイム～刃と剣～]-[ニート(株) (ニート社長)]-[['強暴', 'SM', '同人']]-[total_pages:33]
2026-09-04 00:57:10 - mkk_pika - main.py:49 - INFO - [{'_id': '5c8e6b73036aa556613c8c2b', 'title': '第1集', 'order': 1, 'updated_at': '2019-03-17T15:37:05.295Z', 'id': '5c8e6b73036aa556613c8c2b'}]
2026-09-04 00:57:10 - mkk_pika - database.py:215 - INFO - 第一次下载该漫画，记录数据库中
2026-09-04 00:57:10 - mkk_pika - main.py:83 - INFO - 找到 33 张图片在:第1集
2026-09-04 00:57:12 - mkk_pika - main.py:112 - INFO - [episode:第1集       ] downloaded:    33, total:  33, progress:100%
2026-09-04 00:57:12 - mkk_pika - database.py:238 - INFO - 数据库更新已下载章节
2026-09-04 00:57:12 - mkk_pika - database.py:244 - INFO - 该漫画已下载章节如下
2026-09-04 00:57:12 - mkk_pika - database.py:245 - INFO - ['第1集']
2026-09-04 00:57:13 - mkk_pika - main.py:348 - INFO - ==================== 漫画信息 ====================
                                   漫画ID：5c8e6b73036aa556613c8c2a
                                   标题：SUPERヒーロータイム～刃と剣～
                                   作者：ニート(株) (ニート社長)
                                   是否完结：否
                                   总页数：33
                                   分类：強暴,SM,同人
                                   章节数：1
                                   最后更新时间：2019-03-17T15:44:51.505Z
                                   =================================================
2026-09-04 00:57:13 - mkk_pika - database.py:101 - INFO - 保存成功：SUPERヒーロータイム～刃と剣～
2026-09-04 00:57:13 - mkk_pika - main.py:35 - INFO - 开始检查溶けた理性は媚薬の香り 溶解的理性是媚藥的香氣是否存在未下载章节
2026-09-04 00:57:14 - mkk_pika - main.py:45 - INFO - 正在下载:[溶けた理性は媚薬の香り 溶解的理性是媚藥的香氣]-[三上キャノン]-[['長篇', '純愛', '單行本', 'SM', '人妻', 'NTR', '強暴']]-[total_pages:194]
2026-09-04 00:57:14 - mkk_pika - main.py:49 - INFO - [{'_id': '5c8e6b983fda36563c114936', 'title': '社保的單行本', 'order': 1, 'updated_at': '2019-03-15T07:30:14.611Z', 'id': '5c8e6b983fda36563c114936'}]
2026-09-04 00:57:14 - mkk_pika - database.py:215 - INFO - 第一次下载该漫画，记录数据库中
2026-09-04 00:57:16 - mkk_pika - main.py:83 - INFO - 找到 194 张图片在:社保的單行本
2026-09-04 00:57:24 - mkk_pika - main.py:112 - INFO - [episode:社保的單行本    ] downloaded:   194, total: 194, progress:100%
2026-09-04 00:57:24 - mkk_pika - database.py:238 - INFO - 数据库更新已下载章节
2026-09-04 00:57:24 - mkk_pika - database.py:244 - INFO - 该漫画已下载章节如下
2026-09-04 00:57:24 - mkk_pika - database.py:245 - INFO - ['社保的單行本']
2026-09-04 00:57:25 - mkk_pika - main.py:348 - INFO - ==================== 漫画信息 ====================
                                   漫画ID：5c8e6b983fda36563c114935
                                   标题：溶けた理性は媚薬の香り 溶解的理性是媚藥的香氣
                                   作者：三上キャノン
                                   是否完结：是
                                   总页数：194
                                   分类：長篇,純愛,單行本,SM,人妻,NTR,強暴
                                   章节数：1
                                   最后更新时间：2019-03-17T15:45:28.904Z
                                   =================================================
2026-09-04 00:57:25 - mkk_pika - database.py:101 - INFO - 保存成功：溶けた理性は媚薬の香り 溶解的理性是媚藥的香氣
2026-09-04 00:57:25 - mkk_pika - main.py:35 - INFO - 开始检查(C95)凌子酱想要漏出是否存在未下载章节
2026-09-04 00:57:25 - mkk_pika - main.py:45 - INFO - 正在下载:[(C95)凌子酱想要漏出]-[东福永ゆきと]-[['短篇', '強暴']]-[total_pages:20]
2026-09-04 00:57:25 - mkk_pika - main.py:49 - INFO - [{'_id': '5c8e6ba61bb96f7099800840', 'title': '第1集', 'order': 1, 'updated_at': '2019-03-17T14:18:04.736Z', 'id': '5c8e6ba61bb96f7099800840'}]
2026-09-04 00:57:25 - mkk_pika - database.py:215 - INFO - 第一次下载该漫画，记录数据库中
2026-09-04 00:57:26 - mkk_pika - main.py:83 - INFO - 找到 20 张图片在:第1集
2026-09-04 00:57:27 - mkk_pika - main.py:112 - INFO - [episode:第1集       ] downloaded:    20, total:  20, progress:100%
2026-09-04 00:57:27 - mkk_pika - database.py:238 - INFO - 数据库更新已下载章节
2026-09-04 00:57:27 - mkk_pika - database.py:244 - INFO - 该漫画已下载章节如下
2026-09-04 00:57:27 - mkk_pika - database.py:245 - INFO - ['第1集']
2026-09-04 00:57:28 - mkk_pika - main.py:348 - INFO - ==================== 漫画信息 ====================
                                   漫画ID：5c8e6ba61bb96f709980083f
                                   标题：(C95)凌子酱想要漏出
                                   作者：东福永ゆきと
                                   是否完结：是
                                   总页数：20
                                   分类：短篇,強暴
                                   章节数：1
                                   最后更新时间：2019-03-17T15:45:42.367Z
                                   =================================================
2026-09-04 00:57:28 - mkk_pika - database.py:101 - INFO - 保存成功：(C95)凌子酱想要漏出
2026-09-04 00:57:28 - mkk_pika - main.py:35 - INFO - 开始检查happy nest是否存在未下载章节
2026-09-04 00:57:28 - mkk_pika - main.py:45 - INFO - 正在下载:[happy nest]-[中村ゆきち]-[['百合花園', '短篇']]-[total_pages:48]
2026-09-04 00:57:28 - mkk_pika - main.py:49 - INFO - [{'_id': '5c8efdc7b94972706707b0c1', 'title': '第1集', 'order': 1, 'updated_at': '2019-03-17T08:12:58.006Z', 'id': '5c8efdc7b94972706707b0c1'}]
2026-09-04 00:57:28 - mkk_pika - database.py:215 - INFO - 第一次下载该漫画，记录数据库中
2026-09-04 00:57:30 - mkk_pika - main.py:83 - INFO - 找到 48 张图片在:第1集
2026-09-04 00:57:32 - mkk_pika - main.py:112 - INFO - [episode:第1集       ] downloaded:    48, total:  48, progress:100%
2026-09-04 00:57:32 - mkk_pika - database.py:238 - INFO - 数据库更新已下载章节
2026-09-04 00:57:32 - mkk_pika - database.py:244 - INFO - 该漫画已下载章节如下
2026-09-04 00:57:32 - mkk_pika - database.py:245 - INFO - ['第1集']
2026-09-04 00:57:33 - mkk_pika - main.py:348 - INFO - ==================== 漫画信息 ====================
                                   漫画ID：5c8efdc7b94972706707b0c0
                                   标题：happy nest
                                   作者：中村ゆきち
                                   是否完结：否
                                   总页数：48
                                   分类：百合花園,短篇
                                   章节数：1
                                   最后更新时间：2019-03-18T02:09:11.743Z
                                   =================================================
2026-09-04 00:57:33 - mkk_pika - database.py:101 - INFO - 保存成功：happy nest
2026-09-04 00:57:33 - mkk_pika - main.py:35 - INFO - 开始检查IF (ドキドキ！プリキュア)是否存在未下载章节
2026-09-04 00:57:33 - mkk_pika - main.py:45 - INFO - 正在下载:[IF (ドキドキ！プリキュア)]-[ちぃま]-[['百合花園', '短篇']]-[total_pages:19]
2026-09-04 00:57:33 - mkk_pika - main.py:49 - INFO - [{'_id': '5c8efdd92f2937708d286099', 'title': '第1集', 'order': 1, 'updated_at': '2019-03-17T07:42:24.854Z', 'id': '5c8efdd92f2937708d286099'}]
2026-09-04 00:57:33 - mkk_pika - database.py:215 - INFO - 第一次下载该漫画，记录数据库中
2026-09-04 00:57:34 - mkk_pika - main.py:83 - INFO - 找到 19 张图片在:第1集
2026-09-04 00:57:35 - mkk_pika - main.py:112 - INFO - [episode:第1集       ] downloaded:    19, total:  19, progress:100%
2026-09-04 00:57:35 - mkk_pika - database.py:238 - INFO - 数据库更新已下载章节
2026-09-04 00:57:35 - mkk_pika - database.py:244 - INFO - 该漫画已下载章节如下
2026-09-04 00:57:35 - mkk_pika - database.py:245 - INFO - ['第1集']
2026-09-04 00:57:36 - mkk_pika - main.py:348 - INFO - ==================== 漫画信息 ====================
                                   漫画ID：5c8efdd92f2937708d286098
                                   标题：IF (ドキドキ！プリキュア)
                                   作者：ちぃま
                                   是否完结：否
                                   总页数：19
                                   分类：百合花園,短篇
                                   章节数：1
                                   最后更新时间：2019-03-18T02:09:29.261Z
                                   =================================================
2026-09-04 00:57:36 - mkk_pika - database.py:101 - INFO - 保存成功：IF (ドキドキ！プリキュア)
2026-09-04 00:57:36 - mkk_pika - main.py:35 - INFO - 开始检查オキナグサ 初咲是否存在未下载章节
2026-09-04 00:57:36 - mkk_pika - main.py:45 - INFO - 正在下载:[オキナグサ 初咲]-[三崎 (田スケ)]-[['短篇', 'NTR']]-[total_pages:50]
2026-09-04 00:57:36 - mkk_pika - main.py:49 - INFO - [{'_id': '5c8efe4da1430c5634c88dcb', 'title': '第1集', 'order': 1, 'updated_at': '2019-03-17T10:04:00.970Z', 'id': '5c8efe4da1430c5634c88dcb'}]
2026-09-04 00:57:36 - mkk_pika - database.py:215 - INFO - 第一次下载该漫画，记录数据库中
2026-09-04 00:57:37 - mkk_pika - main.py:83 - INFO - 找到 50 张图片在:第1集
2026-09-04 00:57:40 - mkk_pika - main.py:112 - INFO - [episode:第1集       ] downloaded:    50, total:  50, progress:100%
2026-09-04 00:57:40 - mkk_pika - database.py:238 - INFO - 数据库更新已下载章节
2026-09-04 00:57:40 - mkk_pika - database.py:244 - INFO - 该漫画已下载章节如下
2026-09-04 00:57:40 - mkk_pika - database.py:245 - INFO - ['第1集']
2026-09-04 00:57:41 - mkk_pika - main.py:348 - INFO - ==================== 漫画信息 ====================
                                   漫画ID：5c8efe4da1430c5634c88dca
                                   标题：オキナグサ 初咲
                                   作者：三崎 (田スケ)
                                   是否完结：是
                                   总页数：50
                                   分类：短篇,NTR
                                   章节数：1
                                   最后更新时间：2019-03-18T02:11:25.951Z
                                   =================================================
2026-09-04 00:57:41 - mkk_pika - database.py:101 - INFO - 保存成功：オキナグサ 初咲
2026-09-04 00:57:41 - mkk_pika - main.py:35 - INFO - 开始检查オキナグサ是否存在未下载章节
2026-09-04 00:57:41 - mkk_pika - main.py:45 - INFO - 正在下载:[オキナグサ]-[三崎 (田スケ)]-[['短篇', 'NTR']]-[total_pages:38]
2026-09-04 00:57:41 - mkk_pika - main.py:49 - INFO - [{'_id': '5c8efe5835b667306b188651', 'title': '第1集', 'order': 1, 'updated_at': '2019-03-17T10:07:47.004Z', 'id': '5c8efe5835b667306b188651'}]
2026-09-04 00:57:41 - mkk_pika - database.py:215 - INFO - 第一次下载该漫画，记录数据库中
2026-09-04 00:57:42 - mkk_pika - main.py:83 - INFO - 找到 38 张图片在:第1集
2026-09-04 00:57:44 - mkk_pika - main.py:112 - INFO - [episode:第1集       ] downloaded:    38, total:  38, progress:100%
2026-09-04 00:57:44 - mkk_pika - database.py:238 - INFO - 数据库更新已下载章节
2026-09-04 00:57:44 - mkk_pika - database.py:244 - INFO - 该漫画已下载章节如下
2026-09-04 00:57:44 - mkk_pika - database.py:245 - INFO - ['第1集']
2026-09-04 00:57:45 - mkk_pika - main.py:348 - INFO - ==================== 漫画信息 ====================
                                   漫画ID：5c8efe5835b667306b188650
                                   标题：オキナグサ
                                   作者：三崎 (田スケ)
                                   是否完结：是
                                   总页数：38
                                   分类：短篇,NTR
                                   章节数：1
                                   最后更新时间：2019-03-18T02:11:36.953Z
                                   =================================================
2026-09-04 00:57:45 - mkk_pika - database.py:101 - INFO - 保存成功：オキナグサ
2026-09-04 00:57:45 - mkk_pika - main.py:35 - INFO - 开始检查(C95) ゆりちゃんとあそぼ (私がモテないのはどう考えてもお前らが悪い!) [中国翻訳]是否存在未下载章节
2026-09-04 00:57:46 - mkk_pika - main.py:45 - INFO - 正在下载:[(C95) ゆりちゃんとあそぼ (私がモテないのはどう考えてもお前らが悪い!) [中国翻訳]]-[第壱ユタカ荘 (築)]-[['短篇', '同人']]-[total_pages:35]
2026-09-04 00:57:46 - mkk_pika - main.py:49 - INFO - [{'_id': '5c8efe65b78b7e3059234ef1', 'title': '第1集', 'order': 1, 'updated_at': '2019-03-17T10:20:55.230Z', 'id': '5c8efe65b78b7e3059234ef1'}]
2026-09-04 00:57:46 - mkk_pika - database.py:215 - INFO - 第一次下载该漫画，记录数据库中
2026-09-04 00:57:46 - mkk_pika - main.py:83 - INFO - 找到 35 张图片在:第1集
2026-09-04 00:57:48 - mkk_pika - main.py:112 - INFO - [episode:第1集       ] downloaded:    35, total:  35, progress:100%
2026-09-04 00:57:48 - mkk_pika - database.py:238 - INFO - 数据库更新已下载章节
2026-09-04 00:57:48 - mkk_pika - database.py:244 - INFO - 该漫画已下载章节如下
2026-09-04 00:57:48 - mkk_pika - database.py:245 - INFO - ['第1集']
2026-09-04 00:57:50 - mkk_pika - main.py:348 - INFO - ==================== 漫画信息 ====================
                                   漫画ID：5c8efe65b78b7e3059234ef0
                                   标题：(C95) ゆりちゃんとあそぼ (私がモテないのはどう考えてもお前らが悪い!) [中国翻訳]
                                   作者：第壱ユタカ荘 (築)
                                   是否完结：是
                                   总页数：35
                                   分类：短篇,同人
                                   章节数：1
                                   最后更新时间：2019-03-18T02:11:49.797Z
                                   =================================================
2026-09-04 00:57:50 - mkk_pika - database.py:101 - INFO - 保存成功：(C95) ゆりちゃんとあそぼ (私がモテないのはどう考えてもお前らが悪い!) [中国翻訳]
2026-09-04 00:57:50 - mkk_pika - main.py:35 - INFO - 开始检查 催眠鼠 (東方Project) [DL版][中国翻訳]是否存在未下载章节
2026-09-04 00:57:50 - mkk_pika - main.py:45 - INFO - 正在下载:[ 催眠鼠 (東方Project) [DL版][中国翻訳]]-[チーズカンパニー (ペソ)]-[['短篇', '同人', '東方']]-[total_pages:21]
2026-09-04 00:57:50 - mkk_pika - main.py:49 - INFO - [{'_id': '5c8efe75a1430c5634c88dff', 'title': '第1集', 'order': 1, 'updated_at': '2019-03-17T10:44:20.524Z', 'id': '5c8efe75a1430c5634c88dff'}]
2026-09-04 00:57:50 - mkk_pika - database.py:215 - INFO - 第一次下载该漫画，记录数据库中
2026-09-04 00:57:51 - mkk_pika - main.py:83 - INFO - 找到 21 张图片在:第1集
2026-09-04 00:57:52 - mkk_pika - main.py:112 - INFO - [episode:第1集       ] downloaded:    21, total:  21, progress:100%
2026-09-04 00:57:52 - mkk_pika - database.py:238 - INFO - 数据库更新已下载章节
2026-09-04 00:57:52 - mkk_pika - database.py:244 - INFO - 该漫画已下载章节如下
2026-09-04 00:57:52 - mkk_pika - database.py:245 - INFO - ['第1集']
2026-09-04 00:57:53 - mkk_pika - main.py:348 - INFO - ==================== 漫画信息 ====================
                                   漫画ID：5c8efe75a1430c5634c88dfe
                                   标题： 催眠鼠 (東方Project) [DL版][中国翻訳]
                                   作者：チーズカンパニー (ペソ)
                                   是否完结：是
                                   总页数：21
                                   分类：短篇,同人,東方
                                   章节数：1
                                   最后更新时间：2019-03-18T02:12:05.886Z
                                   =================================================
2026-09-04 00:57:53 - mkk_pika - database.py:101 - INFO - 保存成功： 催眠鼠 (東方Project) [DL版][中国翻訳]
2026-09-04 00:57:53 - mkk_pika - main.py:35 - INFO - 开始检查ヒメゴトハニートラップ (COMlC 快楽天 2018年6月号)[無修正]是否存在未下载章节
2026-09-04 00:57:53 - mkk_pika - main.py:45 - INFO - 正在下载:[ヒメゴトハニートラップ (COMlC 快楽天 2018年6月号)[無修正]]-[ホムンクルス]-[['短篇', '純愛', '人妻']]-[total_pages:25]
2026-09-04 00:57:53 - mkk_pika - main.py:49 - INFO - [{'_id': '5c8efe863fda36563c114bef', 'title': '第1集', 'order': 1, 'updated_at': '2019-03-17T11:00:01.321Z', 'id': '5c8efe863fda36563c114bef'}]
2026-09-04 00:57:53 - mkk_pika - database.py:215 - INFO - 第一次下载该漫画，记录数据库中
2026-09-04 00:57:54 - mkk_pika - main.py:83 - INFO - 找到 25 张图片在:第1集
2026-09-04 00:57:56 - mkk_pika - main.py:112 - INFO - [episode:第1集       ] downloaded:    25, total:  25, progress:100%
2026-09-04 00:57:56 - mkk_pika - database.py:238 - INFO - 数据库更新已下载章节
2026-09-04 00:57:56 - mkk_pika - database.py:244 - INFO - 该漫画已下载章节如下
2026-09-04 00:57:56 - mkk_pika - database.py:245 - INFO - ['第1集']
2026-09-04 00:57:57 - mkk_pika - main.py:348 - INFO - ==================== 漫画信息 ====================
                                   漫画ID：5c8efe863fda36563c114bee
                                   标题：ヒメゴトハニートラップ (COMlC 快楽天 2018年6月号)[無修正]
                                   作者：ホムンクルス
                                   是否完结：否
                                   总页数：25
                                   分类：短篇,純愛,人妻
                                   章节数：1
                                   最后更新时间：2019-03-18T02:12:22.188Z
                                   =================================================
2026-09-04 00:57:57 - mkk_pika - database.py:101 - INFO - 保存成功：ヒメゴトハニートラップ (COMlC 快楽天 2018年6月号)[無修正]
2026-09-04 00:57:57 - mkk_pika - main.py:35 - INFO - 开始检查私が女にモテてどうすんだ! 丨我太受女孩歡迎了應該怎麽辦!(私がモテないのはどう考えてもお前らが悪い!)是否存在未下载章节
2026-09-04 00:57:57 - mkk_pika - main.py:45 - INFO - 正在下载:[私が女にモテてどうすんだ! 丨我太受女孩歡迎了應該怎麽辦!(私がモテないのはどう考えてもお前らが悪い!)]-[第壱ユタカ荘 (築)]-[['同人', '短篇', '百合花園']]-[total_pages:27]
2026-09-04 00:57:57 - mkk_pika - main.py:49 - INFO - [{'_id': '5c8efe92633a456cdee71bc1', 'title': '第1集', 'order': 1, 'updated_at': '2019-03-17T11:39:51.266Z', 'id': '5c8efe92633a456cdee71bc1'}]
2026-09-04 00:57:57 - mkk_pika - database.py:215 - INFO - 第一次下载该漫画，记录数据库中
2026-09-04 00:57:58 - mkk_pika - main.py:83 - INFO - 找到 27 张图片在:第1集
2026-09-04 00:57:59 - mkk_pika - main.py:112 - INFO - [episode:第1集       ] downloaded:    27, total:  27, progress:100%
2026-09-04 00:57:59 - mkk_pika - database.py:238 - INFO - 数据库更新已下载章节
2026-09-04 00:57:59 - mkk_pika - database.py:244 - INFO - 该漫画已下载章节如下
2026-09-04 00:57:59 - mkk_pika - database.py:245 - INFO - ['第1集']
2026-09-04 00:58:01 - mkk_pika - main.py:348 - INFO - ==================== 漫画信息 ====================
                                   漫画ID：5c8efe92633a456cdee71bc0
                                   标题：私が女にモテてどうすんだ! 丨我太受女孩歡迎了應該怎麽辦!(私がモテないのはどう考えてもお前らが悪い!)
                                   作者：第壱ユタカ荘 (築)
                                   是否完结：是
                                   总页数：27
                                   分类：同人,短篇,百合花園
                                   章节数：1
                                   最后更新时间：2019-03-18T02:12:34.336Z
                                   =================================================
2026-09-04 00:58:01 - mkk_pika - database.py:101 - INFO - 保存成功：私が女にモテてどうすんだ! 丨我太受女孩歡迎了應該怎麽辦!(私がモテないのはどう考えてもお前らが悪い!)
2026-09-04 00:58:01 - mkk_pika - main.py:35 - INFO - 开始检查(C89) 操祈フルカラー (とある科学の超電磁砲) [全彩]是否存在未下载章节
2026-09-04 00:58:01 - mkk_pika - main.py:45 - INFO - 正在下载:[(C89) 操祈フルカラー (とある科学の超電磁砲) [全彩]]-[Seven deadly sins (homu)]-[['短篇', '全彩', '同人']]-[total_pages:21]
2026-09-04 00:58:01 - mkk_pika - main.py:49 - INFO - [{'_id': '5c8f91a635b667306b18882c', 'title': '第1集', 'order': 1, 'updated_at': '2019-03-18T10:47:47.023Z', 'id': '5c8f91a635b667306b18882c'}]
2026-09-04 00:58:01 - mkk_pika - database.py:215 - INFO - 第一次下载该漫画，记录数据库中
2026-09-04 00:58:02 - mkk_pika - main.py:83 - INFO - 找到 21 张图片在:第1集
2026-09-04 00:58:03 - mkk_pika - main.py:112 - INFO - [episode:第1集       ] downloaded:    21, total:  21, progress:100%
2026-09-04 00:58:03 - mkk_pika - database.py:238 - INFO - 数据库更新已下载章节
2026-09-04 00:58:03 - mkk_pika - database.py:244 - INFO - 该漫画已下载章节如下
2026-09-04 00:58:03 - mkk_pika - database.py:245 - INFO - ['第1集']
2026-09-04 00:58:04 - mkk_pika - main.py:348 - INFO - ==================== 漫画信息 ====================
                                   漫画ID：5c8f91a635b667306b18882b
                                   标题：(C89) 操祈フルカラー (とある科学の超電磁砲) [全彩]
                                   作者：Seven deadly sins (homu)
                                   是否完结：否
                                   总页数：21
                                   分类：短篇,全彩,同人
                                   章节数：1
                                   最后更新时间：2019-03-18T12:40:06.757Z
                                   =================================================
2026-09-04 00:58:04 - mkk_pika - database.py:101 - INFO - 保存成功：(C89) 操祈フルカラー (とある科学の超電磁砲) [全彩]
2026-09-04 00:58:04 - mkk_pika - main.py:35 - INFO - 开始检查(C95)  生意気なホビーちゃんに負けるはずがない本 (アズールレーン)是否存在未下载章节
2026-09-04 00:58:05 - mkk_pika - main.py:45 - INFO - 正在下载:[(C95)  生意気なホビーちゃんに負けるはずがない本 (アズールレーン)]-[かに家 (かにゃぴぃ)]-[['短篇', '同人', '嗶咔漢化']]-[total_pages:21]
2026-09-04 00:58:05 - mkk_pika - main.py:49 - INFO - [{'_id': '5c8f91e95ce22c305f0fe3b2', 'title': '第1集', 'order': 1, 'updated_at': '2019-03-18T12:24:14.778Z', 'id': '5c8f91e95ce22c305f0fe3b2'}]
2026-09-04 00:58:05 - mkk_pika - database.py:215 - INFO - 第一次下载该漫画，记录数据库中
2026-09-04 00:58:05 - mkk_pika - main.py:83 - INFO - 找到 21 张图片在:第1集
2026-09-04 00:58:06 - mkk_pika - main.py:112 - INFO - [episode:第1集       ] downloaded:    21, total:  21, progress:100%
2026-09-04 00:58:06 - mkk_pika - database.py:238 - INFO - 数据库更新已下载章节
2026-09-04 00:58:06 - mkk_pika - database.py:244 - INFO - 该漫画已下载章节如下
2026-09-04 00:58:06 - mkk_pika - database.py:245 - INFO - ['第1集']
2026-09-04 00:58:08 - mkk_pika - main.py:348 - INFO - ==================== 漫画信息 ====================
                                   漫画ID：5c8f91e95ce22c305f0fe3b1
                                   标题：(C95)  生意気なホビーちゃんに負けるはずがない本 (アズールレーン)
                                   作者：かに家 (かにゃぴぃ)
                                   是否完结：否
                                   总页数：21
                                   分类：短篇,同人,嗶咔漢化
                                   章节数：1
                                   最后更新时间：2019-03-18T12:41:13.386Z
                                   =================================================
2026-09-04 00:58:08 - mkk_pika - database.py:101 - INFO - 保存成功：(C95)  生意気なホビーちゃんに負けるはずがない本 (アズールレーン)
2026-09-04 00:58:08 - mkk_pika - main.py:35 - INFO - 开始检查(C95) eterna Vol.5 是否存在未下载章节
2026-09-04 00:58:08 - mkk_pika - main.py:45 - INFO - 正在下载:[(C95) eterna Vol.5 ]-[ eterna-radiare (Riichu)]-[['全彩', '短篇', '百合花園']]-[total_pages:15]
2026-09-04 00:58:08 - mkk_pika - main.py:49 - INFO - [{'_id': '5c8f920e35b667306b188844', 'title': '第1集', 'order': 1, 'updated_at': '2019-03-18T12:36:24.405Z', 'id': '5c8f920e35b667306b188844'}]
2026-09-04 00:58:08 - mkk_pika - database.py:215 - INFO - 第一次下载该漫画，记录数据库中
2026-09-04 00:58:09 - mkk_pika - main.py:83 - INFO - 找到 15 张图片在:第1集
2026-09-04 00:58:10 - mkk_pika - main.py:112 - INFO - [episode:第1集       ] downloaded:    15, total:  15, progress:100%
2026-09-04 00:58:10 - mkk_pika - database.py:238 - INFO - 数据库更新已下载章节
2026-09-04 00:58:10 - mkk_pika - database.py:244 - INFO - 该漫画已下载章节如下
2026-09-04 00:58:10 - mkk_pika - database.py:245 - INFO - ['第1集']
2026-09-04 00:58:11 - mkk_pika - main.py:348 - INFO - ==================== 漫画信息 ====================
                                   漫画ID：5c8f920e35b667306b188843
                                   标题：(C95) eterna Vol.5 
                                   作者： eterna-radiare (Riichu)
                                   是否完结：是
                                   总页数：15
                                   分类：全彩,短篇,百合花園
                                   章节数：1
                                   最后更新时间：2019-03-18T12:41:50.129Z
                                   =================================================
2026-09-04 00:58:11 - mkk_pika - database.py:101 - INFO - 保存成功：(C95) eterna Vol.5 
2026-09-04 00:58:11 - mkk_pika - main.py:35 - INFO - 开始检查きえてしまいそうなゆめことばにすれば是否存在未下载章节
2026-09-04 00:58:11 - mkk_pika - main.py:45 - INFO - 正在下载:[きえてしまいそうなゆめことばにすれば]-[うたひめ (和泉まさし)]-[['同人', '短篇']]-[total_pages:24]
2026-09-04 00:58:11 - mkk_pika - main.py:49 - INFO - [{'_id': '5c8fc4f25babc82c0138ce40', 'title': '第1集', 'order': 1, 'updated_at': '2019-03-17T12:32:26.102Z', 'id': '5c8fc4f25babc82c0138ce40'}]
2026-09-04 00:58:11 - mkk_pika - database.py:215 - INFO - 第一次下载该漫画，记录数据库中
2026-09-04 00:58:12 - mkk_pika - main.py:83 - INFO - 找到 24 张图片在:第1集
2026-09-04 00:58:13 - mkk_pika - main.py:112 - INFO - [episode:第1集       ] downloaded:    24, total:  24, progress:100%
2026-09-04 00:58:13 - mkk_pika - database.py:238 - INFO - 数据库更新已下载章节
2026-09-04 00:58:13 - mkk_pika - database.py:244 - INFO - 该漫画已下载章节如下
2026-09-04 00:58:13 - mkk_pika - database.py:245 - INFO - ['第1集']
2026-09-04 00:58:15 - mkk_pika - main.py:348 - INFO - ==================== 漫画信息 ====================
                                   漫画ID：5c8fc4f25babc82c0138ce3f
                                   标题：きえてしまいそうなゆめことばにすれば
                                   作者：うたひめ (和泉まさし)
                                   是否完结：否
                                   总页数：24
                                   分类：同人,短篇
                                   章节数：1
                                   最后更新时间：2019-03-18T16:18:58.870Z
                                   =================================================
2026-09-04 00:58:15 - mkk_pika - database.py:101 - INFO - 保存成功：きえてしまいそうなゆめことばにすれば
2026-09-04 00:58:15 - mkk_pika - main.py:35 - INFO - 开始检查にゃんぱらっ!是否存在未下载章节
2026-09-04 00:58:15 - mkk_pika - main.py:45 - INFO - 正在下载:[にゃんぱらっ!]-[うにゃ]-[['同人', '短篇', '百合花園', '純愛', '東方']]-[total_pages:36]
2026-09-04 00:58:15 - mkk_pika - main.py:49 - INFO - [{'_id': '5c8fc53ca4baaf30f1a0c2e3', 'title': '第1集', 'order': 1, 'updated_at': '2019-03-17T13:16:49.377Z', 'id': '5c8fc53ca4baaf30f1a0c2e3'}]
2026-09-04 00:58:15 - mkk_pika - database.py:215 - INFO - 第一次下载该漫画，记录数据库中
2026-09-04 00:58:16 - mkk_pika - main.py:83 - INFO - 找到 36 张图片在:第1集
2026-09-04 00:58:18 - mkk_pika - main.py:112 - INFO - [episode:第1集       ] downloaded:    36, total:  36, progress:100%
2026-09-04 00:58:18 - mkk_pika - database.py:238 - INFO - 数据库更新已下载章节
2026-09-04 00:58:18 - mkk_pika - database.py:244 - INFO - 该漫画已下载章节如下
2026-09-04 00:58:18 - mkk_pika - database.py:245 - INFO - ['第1集']
2026-09-04 00:58:19 - mkk_pika - main.py:348 - INFO - ==================== 漫画信息 ====================
                                   漫画ID：5c8fc53ca4baaf30f1a0c2e2
                                   标题：にゃんぱらっ!
                                   作者：うにゃ
                                   是否完结：是
                                   总页数：36
                                   分类：同人,短篇,百合花園,純愛,東方
                                   章节数：1
                                   最后更新时间：2019-03-18T16:20:12.923Z
                                   =================================================
2026-09-04 00:58:19 - mkk_pika - database.py:101 - INFO - 保存成功：にゃんぱらっ!
2026-09-04 00:58:19 - mkk_pika - main.py:35 - INFO - 开始检查(C95)おさななじみえっち (オリジナル)是否存在未下载章节
2026-09-04 00:58:19 - mkk_pika - main.py:45 - INFO - 正在下载:[(C95)おさななじみえっち (オリジナル)]-[からじしぼたん (牡丹もちと)]-[['短篇', '同人']]-[total_pages:29]
2026-09-04 00:58:19 - mkk_pika - main.py:49 - INFO - [{'_id': '5c8fc5ceefe0e12bf9d94a37', 'title': '第1集', 'order': 1, 'updated_at': '2019-03-17T13:56:12.444Z', 'id': '5c8fc5ceefe0e12bf9d94a37'}]
2026-09-04 00:58:19 - mkk_pika - database.py:215 - INFO - 第一次下载该漫画，记录数据库中
2026-09-04 00:58:20 - mkk_pika - main.py:83 - INFO - 找到 29 张图片在:第1集
2026-09-04 00:58:22 - mkk_pika - main.py:112 - INFO - [episode:第1集       ] downloaded:    29, total:  29, progress:100%
2026-09-04 00:58:22 - mkk_pika - database.py:238 - INFO - 数据库更新已下载章节
2026-09-04 00:58:22 - mkk_pika - database.py:244 - INFO - 该漫画已下载章节如下
2026-09-04 00:58:22 - mkk_pika - database.py:245 - INFO - ['第1集']
2026-09-04 00:58:23 - mkk_pika - main.py:348 - INFO - ==================== 漫画信息 ====================
                                   漫画ID：5c8fc5ceefe0e12bf9d94a36
                                   标题：(C95)おさななじみえっち (オリジナル)
                                   作者：からじしぼたん (牡丹もちと)
                                   是否完结：是
                                   总页数：29
                                   分类：短篇,同人
                                   章节数：1
                                   最后更新时间：2019-03-18T16:22:38.122Z
                                   =================================================
2026-09-04 00:58:23 - mkk_pika - database.py:101 - INFO - 保存成功：(C95)おさななじみえっち (オリジナル)
2026-09-04 00:58:23 - mkk_pika - main.py:35 - INFO - 开始检查同級生は親父の嫁。ベッドの上では俺の嫁是否存在未下载章节
2026-09-04 00:58:23 - mkk_pika - main.py:45 - INFO - 正在下载:[同級生は親父の嫁。ベッドの上では俺の嫁]-[りゅうとひさし]-[['短篇', '全彩']]-[total_pages:13]
2026-09-04 00:58:23 - mkk_pika - main.py:49 - INFO - [{'_id': '5c8fc618459fef312807de14', 'title': '第1集', 'order': 1, 'updated_at': '2019-03-17T15:38:06.336Z', 'id': '5c8fc618459fef312807de14'}]
2026-09-04 00:58:23 - mkk_pika - database.py:215 - INFO - 第一次下载该漫画，记录数据库中
2026-09-04 00:58:24 - mkk_pika - main.py:83 - INFO - 找到 13 张图片在:第1集
2026-09-04 00:58:25 - mkk_pika - main.py:112 - INFO - [episode:第1集       ] downloaded:    13, total:  13, progress:100%
2026-09-04 00:58:25 - mkk_pika - database.py:238 - INFO - 数据库更新已下载章节
2026-09-04 00:58:25 - mkk_pika - database.py:244 - INFO - 该漫画已下载章节如下
2026-09-04 00:58:25 - mkk_pika - database.py:245 - INFO - ['第1集']
2026-09-04 00:58:26 - mkk_pika - main.py:348 - INFO - ==================== 漫画信息 ====================
                                   漫画ID：5c8fc618459fef312807de13
                                   标题：同級生は親父の嫁。ベッドの上では俺の嫁
                                   作者：りゅうとひさし
                                   是否完结：是
                                   总页数：13
                                   分类：短篇,全彩
                                   章节数：1
                                   最后更新时间：2019-03-18T16:23:52.156Z
                                   =================================================
2026-09-04 00:58:26 - mkk_pika - database.py:101 - INFO - 保存成功：同級生は親父の嫁。ベッドの上では俺の嫁
2026-09-04 00:58:26 - mkk_pika - main.py:35 - INFO - 开始检查困れる浜風 (艦隊これくしょん -艦これ-)是否存在未下载章节
2026-09-04 00:58:27 - mkk_pika - main.py:45 - INFO - 正在下载:[困れる浜風 (艦隊これくしょん -艦これ-)]-[とらっくりすこ (火浦R)]-[['短篇', '同人', '艦隊收藏', 'SM']]-[total_pages:34]
2026-09-04 00:58:27 - mkk_pika - main.py:49 - INFO - [{'_id': '5c8fc639ecfd1c582ffbb770', 'title': '第1集', 'order': 1, 'updated_at': '2019-03-17T15:44:28.096Z', 'id': '5c8fc639ecfd1c582ffbb770'}]
2026-09-04 00:58:27 - mkk_pika - database.py:215 - INFO - 第一次下载该漫画，记录数据库中
2026-09-04 00:58:27 - mkk_pika - main.py:83 - INFO - 找到 34 张图片在:第1集
2026-09-04 00:58:29 - mkk_pika - main.py:112 - INFO - [episode:第1集       ] downloaded:    34, total:  34, progress:100%
2026-09-04 00:58:29 - mkk_pika - database.py:238 - INFO - 数据库更新已下载章节
2026-09-04 00:58:29 - mkk_pika - database.py:244 - INFO - 该漫画已下载章节如下
2026-09-04 00:58:29 - mkk_pika - database.py:245 - INFO - ['第1集']
2026-09-04 00:58:31 - mkk_pika - main.py:348 - INFO - ==================== 漫画信息 ====================
                                   漫画ID：5c8fc639ecfd1c582ffbb76f
                                   标题：困れる浜風 (艦隊これくしょん -艦これ-)
                                   作者：とらっくりすこ (火浦R)
                                   是否完结：是
                                   总页数：34
                                   分类：短篇,同人,艦隊收藏,SM
                                   章节数：1
                                   最后更新时间：2019-03-18T16:24:25.869Z
                                   =================================================
2026-09-04 00:58:31 - mkk_pika - database.py:101 - INFO - 保存成功：困れる浜風 (艦隊これくしょん -艦これ-)
2026-09-04 00:58:31 - mkk_pika - main.py:35 - INFO - 开始检查Azur Angel ～重桜篇～ (アズールレーン)是否存在未下载章节
2026-09-04 00:58:31 - mkk_pika - main.py:45 - INFO - 正在下载:[Azur Angel ～重桜篇～ (アズールレーン)]-[ふわてん (天壌りゅか)]-[['短篇', '同人', '後宮閃光', '非人類']]-[total_pages:32]
2026-09-04 00:58:31 - mkk_pika - main.py:49 - INFO - [{'_id': '5c8fc6b2d5f4c330ea1b8e63', 'title': '第1集', 'order': 1, 'updated_at': '2019-03-17T16:44:19.435Z', 'id': '5c8fc6b2d5f4c330ea1b8e63'}]
2026-09-04 00:58:31 - mkk_pika - database.py:215 - INFO - 第一次下载该漫画，记录数据库中
2026-09-04 00:58:31 - mkk_pika - main.py:83 - INFO - 找到 32 张图片在:第1集
2026-09-04 00:58:34 - mkk_pika - main.py:112 - INFO - [episode:第1集       ] downloaded:    32, total:  32, progress:100%
2026-09-04 00:58:34 - mkk_pika - database.py:238 - INFO - 数据库更新已下载章节
2026-09-04 00:58:34 - mkk_pika - database.py:244 - INFO - 该漫画已下载章节如下
2026-09-04 00:58:34 - mkk_pika - database.py:245 - INFO - ['第1集']
2026-09-04 00:58:35 - mkk_pika - main.py:348 - INFO - ==================== 漫画信息 ====================
                                   漫画ID：5c8fc6b2d5f4c330ea1b8e62
                                   标题：Azur Angel ～重桜篇～ (アズールレーン)
                                   作者：ふわてん (天壌りゅか)
                                   是否完结：是
                                   总页数：32
                                   分类：短篇,同人,後宮閃光,非人類
                                   章节数：1
                                   最后更新时间：2019-03-18T16:26:26.728Z
                                   =================================================
2026-09-04 00:58:35 - mkk_pika - database.py:101 - INFO - 保存成功：Azur Angel ～重桜篇～ (アズールレーン)
2026-09-04 00:58:35 - mkk_pika - main.py:35 - INFO - 开始检查(サンクリ2019 Spring)  アローラの夜のすがた 3 (ポケットモンスター サン・ムーン) [中国翻訳]是否存在未下载章节
2026-09-04 00:58:35 - mkk_pika - main.py:45 - INFO - 正在下载:[(サンクリ2019 Spring)  アローラの夜のすがた 3 (ポケットモンスター サン・ムーン) [中国翻訳]]-[DOLL PLAY (黒巣ガタリ)]-[['短篇', '同人', '人妻']]-[total_pages:26]
2026-09-04 00:58:35 - mkk_pika - main.py:49 - INFO - [{'_id': '5c8fc6d81d5682580c8b9f8e', 'title': '第1集', 'order': 1, 'updated_at': '2019-03-17T16:33:39.007Z', 'id': '5c8fc6d81d5682580c8b9f8e'}]
2026-09-04 00:58:35 - mkk_pika - database.py:215 - INFO - 第一次下载该漫画，记录数据库中
2026-09-04 00:58:36 - mkk_pika - main.py:83 - INFO - 找到 26 张图片在:第1集
2026-09-04 00:58:38 - mkk_pika - main.py:112 - INFO - [episode:第1集       ] downloaded:    26, total:  26, progress:100%
2026-09-04 00:58:38 - mkk_pika - database.py:238 - INFO - 数据库更新已下载章节
2026-09-04 00:58:38 - mkk_pika - database.py:244 - INFO - 该漫画已下载章节如下
2026-09-04 00:58:38 - mkk_pika - database.py:245 - INFO - ['第1集']
2026-09-04 00:58:39 - mkk_pika - main.py:348 - INFO - ==================== 漫画信息 ====================
                                   漫画ID：5c8fc6d81d5682580c8b9f8d
                                   标题：(サンクリ2019 Spring)  アローラの夜のすがた 3 (ポケットモンスター サン・ムーン) [中国翻訳]
                                   作者：DOLL PLAY (黒巣ガタリ)
                                   是否完结：是
                                   总页数：26
                                   分类：短篇,同人,人妻
                                   章节数：1
                                   最后更新时间：2019-03-18T16:27:04.320Z
                                   =================================================
2026-09-04 00:58:39 - mkk_pika - database.py:101 - INFO - 保存成功：(サンクリ2019 Spring)  アローラの夜のすがた 3 (ポケットモンスター サン・ムーン) [中国翻訳]
2026-09-04 00:58:39 - mkk_pika - main.py:35 - INFO - 开始检查(C95)だまされ上手の高木さん (からかい上手の高木さん)是否存在未下载章节
2026-09-04 00:58:39 - mkk_pika - main.py:45 - INFO - 正在下载:[(C95)だまされ上手の高木さん (からかい上手の高木さん)]-[シチュラボ (影乃いりす)]-[['短篇', '同人', '純愛']]-[total_pages:30]
2026-09-04 00:58:39 - mkk_pika - main.py:49 - INFO - [{'_id': '5c8fc6fb2449f64b8b4fa113', 'title': '第1集', 'order': 1, 'updated_at': '2019-03-17T16:53:23.227Z', 'id': '5c8fc6fb2449f64b8b4fa113'}]
2026-09-04 00:58:39 - mkk_pika - database.py:215 - INFO - 第一次下载该漫画，记录数据库中
2026-09-04 00:58:40 - mkk_pika - main.py:83 - INFO - 找到 30 张图片在:第1集
2026-09-04 00:58:41 - mkk_pika - main.py:112 - INFO - [episode:第1集       ] downloaded:    30, total:  30, progress:100%
2026-09-04 00:58:41 - mkk_pika - database.py:238 - INFO - 数据库更新已下载章节
2026-09-04 00:58:41 - mkk_pika - database.py:244 - INFO - 该漫画已下载章节如下
2026-09-04 00:58:41 - mkk_pika - database.py:245 - INFO - ['第1集']
2026-09-04 00:58:43 - mkk_pika - main.py:348 - INFO - ==================== 漫画信息 ====================
                                   漫画ID：5c8fc6fb2449f64b8b4fa112
                                   标题：(C95)だまされ上手の高木さん (からかい上手の高木さん)
                                   作者：シチュラボ (影乃いりす)
                                   是否完结：是
                                   总页数：30
                                   分类：短篇,同人,純愛
                                   章节数：1
                                   最后更新时间：2019-03-18T16:27:39.696Z
                                   =================================================
2026-09-04 00:58:43 - mkk_pika - database.py:101 - INFO - 保存成功：(C95)だまされ上手の高木さん (からかい上手の高木さん)
2026-09-04 00:58:43 - mkk_pika - main.py:35 - INFO - 开始检查ツイてる。 (東方Project)是否存在未下载章节
2026-09-04 00:58:43 - mkk_pika - main.py:45 - INFO - 正在下载:[ツイてる。 (東方Project)]-[はんなま (添い寝、ハマちょん)]-[['短篇', '同人', '扶他樂園', '東方']]-[total_pages:8]
2026-09-04 00:58:43 - mkk_pika - main.py:49 - INFO - [{'_id': '5c8fc7109798d131209bba97', 'title': '第1集', 'order': 1, 'updated_at': '2019-03-17T16:58:33.486Z', 'id': '5c8fc7109798d131209bba97'}]
2026-09-04 00:58:43 - mkk_pika - database.py:215 - INFO - 第一次下载该漫画，记录数据库中
2026-09-04 00:58:44 - mkk_pika - main.py:83 - INFO - 找到 8 张图片在:第1集
2026-09-04 00:58:44 - mkk_pika - main.py:112 - INFO - [episode:第1集       ] downloaded:     8, total:   8, progress:100%
2026-09-04 00:58:44 - mkk_pika - database.py:238 - INFO - 数据库更新已下载章节
2026-09-04 00:58:44 - mkk_pika - database.py:244 - INFO - 该漫画已下载章节如下
2026-09-04 00:58:44 - mkk_pika - database.py:245 - INFO - ['第1集']
2026-09-04 00:58:45 - mkk_pika - main.py:348 - INFO - ==================== 漫画信息 ====================
                                   漫画ID：5c8fc7109798d131209bba96
                                   标题：ツイてる。 (東方Project)
                                   作者：はんなま (添い寝、ハマちょん)
                                   是否完结：是
                                   总页数：8
                                   分类：短篇,同人,扶他樂園,東方
                                   章节数：1
                                   最后更新时间：2019-03-18T16:28:00.007Z
                                   =================================================
2026-09-04 00:58:45 - mkk_pika - database.py:101 - INFO - 保存成功：ツイてる。 (東方Project)
2026-09-04 00:58:45 - mkk_pika - main.py:35 - INFO - 开始检查(C95) オレの同期♀が淫乱かもしれない (ハンター×ハンター)是否存在未下载章节
2026-09-04 00:58:46 - mkk_pika - main.py:45 - INFO - 正在下载:[(C95) オレの同期♀が淫乱かもしれない (ハンター×ハンター)]-[猛茸大収穫祭 (越後屋タケル)]-[['同人', '短篇']]-[total_pages:27]
2026-09-04 00:58:46 - mkk_pika - main.py:49 - INFO - [{'_id': '5c8fc774459fef312807de31', 'title': '第1集', 'order': 1, 'updated_at': '2019-03-18T04:00:43.988Z', 'id': '5c8fc774459fef312807de31'}]
2026-09-04 00:58:46 - mkk_pika - database.py:215 - INFO - 第一次下载该漫画，记录数据库中
2026-09-04 00:58:47 - mkk_pika - main.py:83 - INFO - 找到 27 张图片在:第1集
2026-09-04 00:58:48 - mkk_pika - main.py:112 - INFO - [episode:第1集       ] downloaded:    27, total:  27, progress:100%
2026-09-04 00:58:48 - mkk_pika - database.py:238 - INFO - 数据库更新已下载章节
2026-09-04 00:58:48 - mkk_pika - database.py:244 - INFO - 该漫画已下载章节如下
2026-09-04 00:58:48 - mkk_pika - database.py:245 - INFO - ['第1集']
2026-09-04 00:58:49 - mkk_pika - main.py:348 - INFO - ==================== 漫画信息 ====================
                                   漫画ID：5c8fc774459fef312807de30
                                   标题：(C95) オレの同期♀が淫乱かもしれない (ハンター×ハンター)
                                   作者：猛茸大収穫祭 (越後屋タケル)
                                   是否完结：是
                                   总页数：27
                                   分类：同人,短篇
                                   章节数：1
                                   最后更新时间：2019-03-18T16:29:40.116Z
                                   =================================================
2026-09-04 00:58:49 - mkk_pika - database.py:101 - INFO - 保存成功：(C95) オレの同期♀が淫乱かもしれない (ハンター×ハンター)
2026-09-04 00:58:49 - mkk_pika - main.py:35 - INFO - 开始检查3Piece ～YUKATA～ (コミック エグゼ 15)是否存在未下载章节
2026-09-04 00:58:50 - mkk_pika - main.py:45 - INFO - 正在下载:[3Piece ～YUKATA～ (コミック エグゼ 15)]-[ななお]-[['全彩', '純愛', '人妻', '短篇']]-[total_pages:9]
2026-09-04 00:58:50 - mkk_pika - main.py:49 - INFO - [{'_id': '5c8fc7ab459fef312807de5a', 'title': '第1集', 'order': 1, 'updated_at': '2019-03-18T04:03:11.176Z', 'id': '5c8fc7ab459fef312807de5a'}]
2026-09-04 00:58:50 - mkk_pika - database.py:215 - INFO - 第一次下载该漫画，记录数据库中
2026-09-04 00:58:51 - mkk_pika - main.py:83 - INFO - 找到 9 张图片在:第1集
2026-09-04 00:58:51 - mkk_pika - main.py:112 - INFO - [episode:第1集       ] downloaded:     9, total:   9, progress:100%
2026-09-04 00:58:51 - mkk_pika - database.py:238 - INFO - 数据库更新已下载章节
2026-09-04 00:58:51 - mkk_pika - database.py:244 - INFO - 该漫画已下载章节如下
2026-09-04 00:58:51 - mkk_pika - database.py:245 - INFO - ['第1集']
2026-09-04 00:58:52 - mkk_pika - main.py:348 - INFO - ==================== 漫画信息 ====================
                                   漫画ID：5c8fc7ab459fef312807de59
                                   标题：3Piece ～YUKATA～ (コミック エグゼ 15)
                                   作者：ななお
                                   是否完结：否
                                   总页数：9
                                   分类：全彩,純愛,人妻,短篇
                                   章节数：1
                                   最后更新时间：2019-03-18T16:30:35.359Z
                                   =================================================
2026-09-04 00:58:52 - mkk_pika - database.py:101 - INFO - 保存成功：3Piece ～YUKATA～ (コミック エグゼ 15)
2026-09-04 00:58:52 - mkk_pika - main.py:35 - INFO - 开始检查(C82) コミック松本ドリル Vol.1 轟天是否存在未下载章节
2026-09-04 00:58:53 - mkk_pika - main.py:45 - INFO - 正在下载:[(C82) コミック松本ドリル Vol.1 轟天]-[松本ドリル研究所 (ながの～ん)]-[['短篇']]-[total_pages:53]
2026-09-04 00:58:53 - mkk_pika - main.py:49 - INFO - [{'_id': '5c8fc7c7c34f8c4bb22068a5', 'title': '第1集', 'order': 1, 'updated_at': '2019-03-18T04:08:18.464Z', 'id': '5c8fc7c7c34f8c4bb22068a5'}]
2026-09-04 00:58:53 - mkk_pika - database.py:215 - INFO - 第一次下载该漫画，记录数据库中
2026-09-04 00:58:54 - mkk_pika - main.py:83 - INFO - 找到 53 张图片在:第1集
2026-09-04 00:58:57 - mkk_pika - main.py:112 - INFO - [episode:第1集       ] downloaded:    53, total:  53, progress:100%
2026-09-04 00:58:57 - mkk_pika - database.py:238 - INFO - 数据库更新已下载章节
2026-09-04 00:58:57 - mkk_pika - database.py:244 - INFO - 该漫画已下载章节如下
2026-09-04 00:58:57 - mkk_pika - database.py:245 - INFO - ['第1集']
2026-09-04 00:58:58 - mkk_pika - main.py:348 - INFO - ==================== 漫画信息 ====================
                                   漫画ID：5c8fc7c7c34f8c4bb22068a4
                                   标题：(C82) コミック松本ドリル Vol.1 轟天
                                   作者：松本ドリル研究所 (ながの～ん)
                                   是否完结：是
                                   总页数：53
                                   分类：短篇
                                   章节数：1
                                   最后更新时间：2019-03-18T16:31:03.541Z
                                   =================================================
2026-09-04 00:58:58 - mkk_pika - database.py:101 - INFO - 保存成功：(C82) コミック松本ドリル Vol.1 轟天
2026-09-04 00:58:58 - mkk_pika - main.py:35 - INFO - 开始检查(C85) ちとちよ姉妹の運用について (艦隊これくしょん -艦これ-)是否存在未下载章节
2026-09-04 00:58:58 - mkk_pika - main.py:45 - INFO - 正在下载:[(C85) ちとちよ姉妹の運用について (艦隊これくしょん -艦これ-)]-[松本ドリル研究所 (ながの～ん)]-[['同人', '短篇', '艦隊收藏']]-[total_pages:32]
2026-09-04 00:58:58 - mkk_pika - main.py:49 - INFO - [{'_id': '5c8fc7f1ecfd1c582ffbb7c3', 'title': '第1集', 'order': 1, 'updated_at': '2019-03-18T04:12:38.296Z', 'id': '5c8fc7f1ecfd1c582ffbb7c3'}]
2026-09-04 00:58:58 - mkk_pika - database.py:215 - INFO - 第一次下载该漫画，记录数据库中
2026-09-04 00:58:59 - mkk_pika - main.py:83 - INFO - 找到 32 张图片在:第1集
2026-09-04 00:59:01 - mkk_pika - main.py:112 - INFO - [episode:第1集       ] downloaded:    32, total:  32, progress:100%
2026-09-04 00:59:01 - mkk_pika - database.py:238 - INFO - 数据库更新已下载章节
2026-09-04 00:59:01 - mkk_pika - database.py:244 - INFO - 该漫画已下载章节如下
2026-09-04 00:59:01 - mkk_pika - database.py:245 - INFO - ['第1集']
2026-09-04 00:59:02 - mkk_pika - main.py:348 - INFO - ==================== 漫画信息 ====================
                                   漫画ID：5c8fc7f1ecfd1c582ffbb7c2
                                   标题：(C85) ちとちよ姉妹の運用について (艦隊これくしょん -艦これ-)
                                   作者：松本ドリル研究所 (ながの～ん)
                                   是否完结：是
                                   总页数：32
                                   分类：同人,短篇,艦隊收藏
                                   章节数：1
                                   最后更新时间：2019-03-18T16:31:45.328Z
                                   =================================================
2026-09-04 00:59:02 - mkk_pika - database.py:101 - INFO - 保存成功：(C85) ちとちよ姉妹の運用について (艦隊これくしょん -艦これ-)
2026-09-04 00:59:02 - mkk_pika - main.py:35 - INFO - 开始检查おとうさんといっしょ (コミック エグゼ 10)是否存在未下载章节
2026-09-04 00:59:02 - mkk_pika - main.py:45 - INFO - 正在下载:[おとうさんといっしょ (コミック エグゼ 10)]-[翠野タヌキ]-[['短篇', '全彩', '純愛']]-[total_pages:8]
2026-09-04 00:59:02 - mkk_pika - main.py:49 - INFO - [{'_id': '5c8fc8029798d131209bbab7', 'title': '第1集', 'order': 1, 'updated_at': '2019-03-18T04:12:44.275Z', 'id': '5c8fc8029798d131209bbab7'}]
2026-09-04 00:59:02 - mkk_pika - database.py:215 - INFO - 第一次下载该漫画，记录数据库中
2026-09-04 00:59:03 - mkk_pika - main.py:83 - INFO - 找到 8 张图片在:第1集
2026-09-04 00:59:03 - mkk_pika - main.py:112 - INFO - [episode:第1集       ] downloaded:     8, total:   8, progress:100%
2026-09-04 00:59:03 - mkk_pika - database.py:238 - INFO - 数据库更新已下载章节
2026-09-04 00:59:03 - mkk_pika - database.py:244 - INFO - 该漫画已下载章节如下
2026-09-04 00:59:03 - mkk_pika - database.py:245 - INFO - ['第1集']
2026-09-04 00:59:05 - mkk_pika - main.py:348 - INFO - ==================== 漫画信息 ====================
                                   漫画ID：5c8fc8019798d131209bbab6
                                   标题：おとうさんといっしょ (コミック エグゼ 10)
                                   作者：翠野タヌキ
                                   是否完结：否
                                   总页数：8
                                   分类：短篇,全彩,純愛
                                   章节数：1
                                   最后更新时间：2019-03-18T16:32:01.813Z
                                   =================================================
2026-09-04 00:59:05 - mkk_pika - database.py:101 - INFO - 保存成功：おとうさんといっしょ (コミック エグゼ 10)
2026-09-04 00:59:05 - mkk_pika - main.py:35 - INFO - 开始检查(C86) 利根さんと筑摩さん (艦隊これくしょん -艦これ-)是否存在未下载章节
2026-09-04 00:59:05 - mkk_pika - main.py:45 - INFO - 正在下载:[(C86) 利根さんと筑摩さん (艦隊これくしょん -艦これ-)]-[松本ドリル研究所 (ながの～んとかかずみ義幸)]-[['短篇', '同人', '艦隊收藏']]-[total_pages:31]
2026-09-04 00:59:05 - mkk_pika - main.py:49 - INFO - [{'_id': '5c8fc814a4baaf30f1a0c330', 'title': '第1集', 'order': 1, 'updated_at': '2019-03-18T04:18:11.345Z', 'id': '5c8fc814a4baaf30f1a0c330'}]
2026-09-04 00:59:05 - mkk_pika - database.py:215 - INFO - 第一次下载该漫画，记录数据库中
2026-09-04 00:59:06 - mkk_pika - main.py:83 - INFO - 找到 31 张图片在:第1集
2026-09-04 00:59:07 - mkk_pika - main.py:112 - INFO - [episode:第1集       ] downloaded:    31, total:  31, progress:100%
2026-09-04 00:59:07 - mkk_pika - database.py:238 - INFO - 数据库更新已下载章节
2026-09-04 00:59:07 - mkk_pika - database.py:244 - INFO - 该漫画已下载章节如下
2026-09-04 00:59:07 - mkk_pika - database.py:245 - INFO - ['第1集']
2026-09-04 00:59:09 - mkk_pika - main.py:348 - INFO - ==================== 漫画信息 ====================
                                   漫画ID：5c8fc814a4baaf30f1a0c32f
                                   标题：(C86) 利根さんと筑摩さん (艦隊これくしょん -艦これ-)
                                   作者：松本ドリル研究所 (ながの～んとかかずみ義幸)
                                   是否完结：是
                                   总页数：31
                                   分类：短篇,同人,艦隊收藏
                                   章节数：1
                                   最后更新时间：2019-03-18T16:32:20.129Z
                                   =================================================
2026-09-04 00:59:09 - mkk_pika - database.py:101 - INFO - 保存成功：(C86) 利根さんと筑摩さん (艦隊これくしょん -艦これ-)
2026-09-04 00:59:09 - mkk_pika - main.py:35 - INFO - 开始检查(C83) 黒波さんにもポカポカしてもらいたい (新世紀エヴァンゲリオン)是否存在未下载章节
2026-09-04 00:59:09 - mkk_pika - main.py:45 - INFO - 正在下载:[(C83) 黒波さんにもポカポカしてもらいたい (新世紀エヴァンゲリオン)]-[松本ドリル研究所 (ながの～ん)]-[['同人', '短篇']]-[total_pages:27]
2026-09-04 00:59:09 - mkk_pika - main.py:49 - INFO - [{'_id': '5c8fc822f110862c07c837e8', 'title': '第1集', 'order': 1, 'updated_at': '2019-03-18T04:25:17.845Z', 'id': '5c8fc822f110862c07c837e8'}]
2026-09-04 00:59:09 - mkk_pika - database.py:215 - INFO - 第一次下载该漫画，记录数据库中
2026-09-04 00:59:10 - mkk_pika - main.py:83 - INFO - 找到 27 张图片在:第1集
2026-09-04 00:59:11 - mkk_pika - main.py:112 - INFO - [episode:第1集       ] downloaded:    27, total:  27, progress:100%
2026-09-04 00:59:11 - mkk_pika - database.py:238 - INFO - 数据库更新已下载章节
2026-09-04 00:59:11 - mkk_pika - database.py:244 - INFO - 该漫画已下载章节如下
2026-09-04 00:59:11 - mkk_pika - database.py:245 - INFO - ['第1集']
2026-09-04 00:59:12 - mkk_pika - main.py:348 - INFO - ==================== 漫画信息 ====================
                                   漫画ID：5c8fc822f110862c07c837e7
                                   标题：(C83) 黒波さんにもポカポカしてもらいたい (新世紀エヴァンゲリオン)
                                   作者：松本ドリル研究所 (ながの～ん)
                                   是否完结：是
                                   总页数：27
                                   分类：同人,短篇
                                   章节数：1
                                   最后更新时间：2019-03-18T16:32:34.956Z
                                   =================================================
2026-09-04 00:59:12 - mkk_pika - database.py:101 - INFO - 保存成功：(C83) 黒波さんにもポカポカしてもらいたい (新世紀エヴァンゲリオン)
2026-09-04 00:59:12 - mkk_pika - main.py:35 - INFO - 开始检查秋晴れ (COMIC 真激 2019年2月号)是否存在未下载章节
2026-09-04 00:59:13 - mkk_pika - main.py:45 - INFO - 正在下载:[秋晴れ (COMIC 真激 2019年2月号)]-[doumou]-[['短篇']]-[total_pages:55]
2026-09-04 00:59:13 - mkk_pika - main.py:49 - INFO - [{'_id': '5c8fc84c1d5682580c8b9faf', 'title': '第1集', 'order': 1, 'updated_at': '2019-03-18T06:55:38.740Z', 'id': '5c8fc84c1d5682580c8b9faf'}]
2026-09-04 00:59:13 - mkk_pika - database.py:215 - INFO - 第一次下载该漫画，记录数据库中
2026-09-04 00:59:14 - mkk_pika - main.py:83 - INFO - 找到 55 张图片在:第1集
2026-09-04 00:59:17 - mkk_pika - main.py:112 - INFO - [episode:第1集       ] downloaded:    55, total:  55, progress:100%
2026-09-04 00:59:17 - mkk_pika - database.py:238 - INFO - 数据库更新已下载章节
2026-09-04 00:59:17 - mkk_pika - database.py:244 - INFO - 该漫画已下载章节如下
2026-09-04 00:59:17 - mkk_pika - database.py:245 - INFO - ['第1集']
2026-09-04 00:59:18 - mkk_pika - main.py:348 - INFO - ==================== 漫画信息 ====================
                                   漫画ID：5c8fc84c1d5682580c8b9fae
                                   标题：秋晴れ (COMIC 真激 2019年2月号)
                                   作者：doumou
                                   是否完结：否
                                   总页数：55
                                   分类：短篇
                                   章节数：1
                                   最后更新时间：2019-03-18T16:33:16.419Z
                                   =================================================
2026-09-04 00:59:18 - mkk_pika - database.py:101 - INFO - 保存成功：秋晴れ (COMIC 真激 2019年2月号)
2026-09-04 00:59:18 - mkk_pika - main.py:35 - INFO - 开始检查(MyBestFriends11) 橘流バレンタインチョコを口移しで、ってお願いしたら… (アイドルマスター シンデレラガールズ) 是否存在未下载章节
2026-09-04 00:59:18 - mkk_pika - main.py:45 - INFO - 正在下载:[(MyBestFriends11) 橘流バレンタインチョコを口移しで、ってお願いしたら… (アイドルマスター シンデレラガールズ) ]-[ペッタン道場 (ペッタンP)]-[['同人', '短篇', '全彩']]-[total_pages:33]
2026-09-04 00:59:18 - mkk_pika - main.py:49 - INFO - [{'_id': '5c8fc895459fef312807de6b', 'title': '第1集', 'order': 1, 'updated_at': '2019-03-18T08:53:36.985Z', 'id': '5c8fc895459fef312807de6b'}]
2026-09-04 00:59:18 - mkk_pika - database.py:215 - INFO - 第一次下载该漫画，记录数据库中
2026-09-04 00:59:19 - mkk_pika - main.py:83 - INFO - 找到 33 张图片在:第1集
2026-09-04 00:59:21 - mkk_pika - main.py:112 - INFO - [episode:第1集       ] downloaded:    33, total:  33, progress:100%
2026-09-04 00:59:21 - mkk_pika - database.py:238 - INFO - 数据库更新已下载章节
2026-09-04 00:59:21 - mkk_pika - database.py:244 - INFO - 该漫画已下载章节如下
2026-09-04 00:59:21 - mkk_pika - database.py:245 - INFO - ['第1集']
2026-09-04 00:59:22 - mkk_pika - main.py:348 - INFO - ==================== 漫画信息 ====================
                                   漫画ID：5c8fc895459fef312807de6a
                                   标题：(MyBestFriends11) 橘流バレンタインチョコを口移しで、ってお願いしたら… (アイドルマスター シンデレラガールズ) 
                                   作者：ペッタン道場 (ペッタンP)
                                   是否完结：是
                                   总页数：33
                                   分类：同人,短篇,全彩
                                   章节数：1
                                   最后更新时间：2019-03-18T16:34:29.340Z
                                   =================================================
2026-09-04 00:59:22 - mkk_pika - database.py:101 - INFO - 保存成功：(MyBestFriends11) 橘流バレンタインチョコを口移しで、ってお願いしたら… (アイドルマスター シンデレラガールズ) 
2026-09-04 00:59:22 - mkk_pika - main.py:35 - INFO - 开始检查ココロは彼に、カラダは先生に。 [中国翻訳]是否存在未下载章节
2026-09-04 00:59:22 - mkk_pika - main.py:45 - INFO - 正在下载:[ココロは彼に、カラダは先生に。 [中国翻訳]]-[ぴるぽろー (廃狼)]-[['短篇']]-[total_pages:33]
2026-09-04 00:59:22 - mkk_pika - main.py:49 - INFO - [{'_id': '5c8fc92a9798d131209bbaf2', 'title': '第1集', 'order': 1, 'updated_at': '2019-03-18T10:43:35.845Z', 'id': '5c8fc92a9798d131209bbaf2'}]
2026-09-04 00:59:22 - mkk_pika - database.py:215 - INFO - 第一次下载该漫画，记录数据库中
2026-09-04 00:59:23 - mkk_pika - main.py:83 - INFO - 找到 33 张图片在:第1集
2026-09-04 00:59:25 - mkk_pika - main.py:112 - INFO - [episode:第1集       ] downloaded:    33, total:  33, progress:100%
2026-09-04 00:59:25 - mkk_pika - database.py:238 - INFO - 数据库更新已下载章节
2026-09-04 00:59:25 - mkk_pika - database.py:244 - INFO - 该漫画已下载章节如下
2026-09-04 00:59:25 - mkk_pika - database.py:245 - INFO - ['第1集']
2026-09-04 00:59:26 - mkk_pika - main.py:348 - INFO - ==================== 漫画信息 ====================
                                   漫画ID：5c8fc92a9798d131209bbaf1
                                   标题：ココロは彼に、カラダは先生に。 [中国翻訳]
                                   作者：ぴるぽろー (廃狼)
                                   是否完结：是
                                   总页数：33
                                   分类：短篇
                                   章节数：1
                                   最后更新时间：2019-03-18T16:36:58.203Z
                                   =================================================
2026-09-04 00:59:26 - mkk_pika - database.py:101 - INFO - 保存成功：ココロは彼に、カラダは先生に。 [中国翻訳]
2026-09-04 00:59:26 - mkk_pika - main.py:35 - INFO - 开始检查(C93) ラブラブFGO (Fate/Grand Order) [中国翻訳]是否存在未下载章节
2026-09-04 00:59:26 - mkk_pika - main.py:45 - INFO - 正在下载:[(C93) ラブラブFGO (Fate/Grand Order) [中国翻訳]]-[ciaociao (あらきかなお)]-[['短篇', '同人', 'Fate']]-[total_pages:35]
2026-09-04 00:59:26 - mkk_pika - main.py:49 - INFO - [{'_id': '5c8fc94bf110862c07c83832', 'title': '第1集', 'order': 1, 'updated_at': '2019-03-18T11:13:51.295Z', 'id': '5c8fc94bf110862c07c83832'}]
2026-09-04 00:59:26 - mkk_pika - database.py:215 - INFO - 第一次下载该漫画，记录数据库中
2026-09-04 00:59:27 - mkk_pika - main.py:83 - INFO - 找到 35 张图片在:第1集
2026-09-04 00:59:28 - mkk_pika - main.py:112 - INFO - [episode:第1集       ] downloaded:    35, total:  35, progress:100%
2026-09-04 00:59:28 - mkk_pika - database.py:238 - INFO - 数据库更新已下载章节
2026-09-04 00:59:28 - mkk_pika - database.py:244 - INFO - 该漫画已下载章节如下
2026-09-04 00:59:28 - mkk_pika - database.py:245 - INFO - ['第1集']
2026-09-04 00:59:30 - mkk_pika - main.py:348 - INFO - ==================== 漫画信息 ====================
                                   漫画ID：5c8fc94bf110862c07c83831
                                   标题：(C93) ラブラブFGO (Fate/Grand Order) [中国翻訳]
                                   作者：ciaociao (あらきかなお)
                                   是否完结：是
                                   总页数：35
                                   分类：短篇,同人,Fate
                                   章节数：1
                                   最后更新时间：2019-03-18T16:37:31.401Z
                                   =================================================
2026-09-04 00:59:30 - mkk_pika - database.py:101 - INFO - 保存成功：(C93) ラブラブFGO (Fate/Grand Order) [中国翻訳]
2026-09-04 00:59:30 - mkk_pika - main.py:35 - INFO - 开始检查色めき出す世界 色誘勾引的世界是否存在未下载章节
2026-09-04 00:59:30 - mkk_pika - main.py:45 - INFO - 正在下载:[色めき出す世界 色誘勾引的世界]-[美矢火]-[['長篇', '純愛', '單行本']]-[total_pages:203]
2026-09-04 00:59:30 - mkk_pika - main.py:49 - INFO - [{'_id': '5c8fc961a4baaf30f1a0c3aa', 'title': '色誘勾引用單行本', 'order': 1, 'updated_at': '2019-03-19T05:53:22.164Z', 'id': '5c8fc961a4baaf30f1a0c3aa'}]
2026-09-04 00:59:30 - mkk_pika - database.py:215 - INFO - 第一次下载该漫画，记录数据库中
2026-09-04 00:59:33 - mkk_pika - main.py:83 - INFO - 找到 203 张图片在:色誘勾引用單行本
2026-09-04 00:59:41 - mkk_pika - main.py:112 - INFO - [episode:色誘勾引用單行本  ] downloaded:   203, total: 203, progress:100%
2026-09-04 00:59:41 - mkk_pika - database.py:238 - INFO - 数据库更新已下载章节
2026-09-04 00:59:41 - mkk_pika - database.py:244 - INFO - 该漫画已下载章节如下
2026-09-04 00:59:41 - mkk_pika - database.py:245 - INFO - ['色誘勾引用單行本']
2026-09-04 00:59:43 - mkk_pika - main.py:348 - INFO - ==================== 漫画信息 ====================
                                   漫画ID：5c8fc961a4baaf30f1a0c3a9
                                   标题：色めき出す世界 色誘勾引的世界
                                   作者：美矢火
                                   是否完结：是
                                   总页数：203
                                   分类：長篇,純愛,單行本
                                   章节数：1
                                   最后更新时间：2019-03-18T16:37:53.376Z
                                   =================================================
2026-09-04 00:59:43 - mkk_pika - database.py:101 - INFO - 保存成功：色めき出す世界 色誘勾引的世界
2026-09-04 00:59:43 - mkk_pika - main.py:35 - INFO - 开始检查 侵触淫姦 (正義のヒロイン姦獄ファイル Vol.3) [中国翻訳] [DL版]是否存在未下载章节
2026-09-04 00:59:43 - mkk_pika - main.py:45 - INFO - 正在下载:[ 侵触淫姦 (正義のヒロイン姦獄ファイル Vol.3) [中国翻訳] [DL版]]-[Hirno]-[['短篇', '非人類']]-[total_pages:20]
2026-09-04 00:59:43 - mkk_pika - main.py:49 - INFO - [{'_id': '5c8fc98becfd1c582ffbb805', 'title': '第1集', 'order': 1, 'updated_at': '2019-03-18T12:35:06.891Z', 'id': '5c8fc98becfd1c582ffbb805'}]
2026-09-04 00:59:43 - mkk_pika - database.py:215 - INFO - 第一次下载该漫画，记录数据库中
2026-09-04 00:59:44 - mkk_pika - main.py:83 - INFO - 找到 20 张图片在:第1集
2026-09-04 00:59:45 - mkk_pika - main.py:112 - INFO - [episode:第1集       ] downloaded:    20, total:  20, progress:100%
2026-09-04 00:59:45 - mkk_pika - database.py:238 - INFO - 数据库更新已下载章节
2026-09-04 00:59:45 - mkk_pika - database.py:244 - INFO - 该漫画已下载章节如下
2026-09-04 00:59:45 - mkk_pika - database.py:245 - INFO - ['第1集']
2026-09-04 00:59:46 - mkk_pika - main.py:348 - INFO - ==================== 漫画信息 ====================
                                   漫画ID：5c8fc98becfd1c582ffbb804
                                   标题： 侵触淫姦 (正義のヒロイン姦獄ファイル Vol.3) [中国翻訳] [DL版]
                                   作者：Hirno
                                   是否完结：是
                                   总页数：20
                                   分类：短篇,非人類
                                   章节数：1
                                   最后更新时间：2019-03-18T16:38:35.253Z
                                   =================================================
2026-09-04 00:59:46 - mkk_pika - database.py:101 - INFO - 保存成功： 侵触淫姦 (正義のヒロイン姦獄ファイル Vol.3) [中国翻訳] [DL版]
2026-09-04 00:59:46 - mkk_pika - main.py:35 - INFO - 开始检查(C93) 爆乳タイフーン (ドラゴンクエストXI) [中国翻訳]是否存在未下载章节
2026-09-04 00:59:46 - mkk_pika - main.py:45 - INFO - 正在下载:[(C93) 爆乳タイフーン (ドラゴンクエストXI) [中国翻訳]]-[弾丸ハニィ (オノメシン)]-[['短篇', '同人', '非人類', '強暴']]-[total_pages:24]
2026-09-04 00:59:46 - mkk_pika - main.py:49 - INFO - [{'_id': '5c8fc9a385bd7b2bf312a68a', 'title': '第1集', 'order': 1, 'updated_at': '2019-03-18T13:07:44.652Z', 'id': '5c8fc9a385bd7b2bf312a68a'}]
2026-09-04 00:59:46 - mkk_pika - database.py:215 - INFO - 第一次下载该漫画，记录数据库中
2026-09-04 00:59:47 - mkk_pika - main.py:83 - INFO - 找到 24 张图片在:第1集
2026-09-04 00:59:48 - mkk_pika - main.py:112 - INFO - [episode:第1集       ] downloaded:    24, total:  24, progress:100%
2026-09-04 00:59:48 - mkk_pika - database.py:238 - INFO - 数据库更新已下载章节
2026-09-04 00:59:48 - mkk_pika - database.py:244 - INFO - 该漫画已下载章节如下
2026-09-04 00:59:48 - mkk_pika - database.py:245 - INFO - ['第1集']
2026-09-04 00:59:50 - mkk_pika - main.py:348 - INFO - ==================== 漫画信息 ====================
                                   漫画ID：5c8fc9a385bd7b2bf312a689
                                   标题：(C93) 爆乳タイフーン (ドラゴンクエストXI) [中国翻訳]
                                   作者：弾丸ハニィ (オノメシン)
                                   是否完结：是
                                   总页数：24
                                   分类：短篇,同人,非人類,強暴
                                   章节数：1
                                   最后更新时间：2019-03-18T16:38:59.546Z
                                   =================================================
2026-09-04 00:59:50 - mkk_pika - database.py:101 - INFO - 保存成功：(C93) 爆乳タイフーン (ドラゴンクエストXI) [中国翻訳]
2026-09-04 00:59:50 - mkk_pika - main.py:35 - INFO - 开始检查入門!!ぼくでん道場是否存在未下载章节
2026-09-04 00:59:50 - mkk_pika - main.py:45 - INFO - 正在下载:[入門!!ぼくでん道場]-[夢先案内回覧版 (ひろひろき)]-[['全彩', '短篇', '同人']]-[total_pages:33]
2026-09-04 00:59:50 - mkk_pika - main.py:49 - INFO - [{'_id': '5b7e965196b0861cf5085e89', 'title': '生肉', 'order': 1, 'updated_at': '2019-03-18T16:39:19.340Z', 'id': '5b7e965196b0861cf5085e89'}, {'_id': '5c8fc9b7a4baaf30f1a0c48f', 'title': '熟肉', 'order': 2, 'updated_at': '2019-03-18T13:13:17.176Z', 'id': '5c8fc9b7a4baaf30f1a0c48f'}]
2026-09-04 00:59:50 - mkk_pika - database.py:215 - INFO - 第一次下载该漫画，记录数据库中
2026-09-04 00:59:51 - mkk_pika - main.py:83 - INFO - 找到 16 张图片在:生肉
2026-09-04 00:59:52 - mkk_pika - main.py:112 - INFO - [episode:生肉        ] downloaded:    16, total:  16, progress:100%
2026-09-04 00:59:52 - mkk_pika - database.py:238 - INFO - 数据库更新已下载章节
2026-09-04 00:59:52 - mkk_pika - database.py:244 - INFO - 该漫画已下载章节如下
2026-09-04 00:59:52 - mkk_pika - database.py:245 - INFO - ['生肉']
2026-09-04 00:59:53 - mkk_pika - main.py:83 - INFO - 找到 17 张图片在:熟肉
2026-09-04 00:59:55 - mkk_pika - main.py:112 - INFO - [episode:熟肉        ] downloaded:    17, total:  17, progress:100%
2026-09-04 00:59:55 - mkk_pika - database.py:238 - INFO - 数据库更新已下载章节
2026-09-04 00:59:55 - mkk_pika - database.py:244 - INFO - 该漫画已下载章节如下
2026-09-04 00:59:55 - mkk_pika - database.py:245 - INFO - ['生肉', '熟肉']
2026-09-04 00:59:56 - mkk_pika - main.py:348 - INFO - ==================== 漫画信息 ====================
                                   漫画ID：5b7e965196b0861cf5085e88
                                   标题：入門!!ぼくでん道場
                                   作者：夢先案内回覧版 (ひろひろき)
                                   是否完结：否
                                   总页数：33
                                   分类：全彩,短篇,同人
                                   章节数：2
                                   最后更新时间：2019-03-18T16:39:19.302Z
                                   =================================================
2026-09-04 00:59:56 - mkk_pika - database.py:101 - INFO - 保存成功：入門!!ぼくでん道場
2026-09-04 00:59:56 - mkk_pika - main.py:35 - INFO - 开始检查咲き誇れ! からんちゃん是否存在未下载章节
2026-09-04 00:59:56 - mkk_pika - main.py:45 - INFO - 正在下载:[咲き誇れ! からんちゃん]-[夢先案内回覧版 (ひろひろき)]-[['同人', '全彩', '短篇']]-[total_pages:33]
2026-09-04 00:59:56 - mkk_pika - main.py:49 - INFO - [{'_id': '5b7e967496b0861cf5085e9b', 'title': '生肉', 'order': 1, 'updated_at': '2019-03-18T16:39:43.537Z', 'id': '5b7e967496b0861cf5085e9b'}, {'_id': '5c8fc9cfecfd1c582ffbb82e', 'title': '熟肉', 'order': 2, 'updated_at': '2019-03-18T13:17:47.010Z', 'id': '5c8fc9cfecfd1c582ffbb82e'}]
2026-09-04 00:59:56 - mkk_pika - database.py:215 - INFO - 第一次下载该漫画，记录数据库中
2026-09-04 00:59:57 - mkk_pika - main.py:83 - INFO - 找到 16 张图片在:生肉
2026-09-04 00:59:58 - mkk_pika - main.py:112 - INFO - [episode:生肉        ] downloaded:    16, total:  16, progress:100%
2026-09-04 00:59:58 - mkk_pika - database.py:238 - INFO - 数据库更新已下载章节
2026-09-04 00:59:58 - mkk_pika - database.py:244 - INFO - 该漫画已下载章节如下
2026-09-04 00:59:58 - mkk_pika - database.py:245 - INFO - ['生肉']
2026-09-04 00:59:59 - mkk_pika - main.py:83 - INFO - 找到 17 张图片在:熟肉
2026-09-04 01:00:00 - mkk_pika - main.py:112 - INFO - [episode:熟肉        ] downloaded:    17, total:  17, progress:100%
2026-09-04 01:00:00 - mkk_pika - database.py:238 - INFO - 数据库更新已下载章节
2026-09-04 01:00:00 - mkk_pika - database.py:244 - INFO - 该漫画已下载章节如下
2026-09-04 01:00:00 - mkk_pika - database.py:245 - INFO - ['生肉', '熟肉']
2026-09-04 01:00:02 - mkk_pika - main.py:348 - INFO - ==================== 漫画信息 ====================
                                   漫画ID：5b7e967496b0861cf5085e9a
                                   标题：咲き誇れ! からんちゃん
                                   作者：夢先案内回覧版 (ひろひろき)
                                   是否完结：否
                                   总页数：33
                                   分类：同人,全彩,短篇
                                   章节数：2
                                   最后更新时间：2019-03-18T16:39:43.512Z
                                   =================================================
2026-09-04 01:00:02 - mkk_pika - database.py:101 - INFO - 保存成功：咲き誇れ! からんちゃん
2026-09-04 01:00:02 - mkk_pika - main.py:35 - INFO - 开始检查C2lemon@M是否存在未下载章节
2026-09-04 01:00:02 - mkk_pika - main.py:45 - INFO - 正在下载:[C2lemon@M]-[ぶるーびーん (要青豆)]-[['同人', '短篇']]-[total_pages:26]
2026-09-04 01:00:02 - mkk_pika - main.py:49 - INFO - [{'_id': '5c8fca219798d131209bbb31', 'title': '第1集', 'order': 1, 'updated_at': '2019-03-18T13:36:26.116Z', 'id': '5c8fca219798d131209bbb31'}]
2026-09-04 01:00:02 - mkk_pika - database.py:215 - INFO - 第一次下载该漫画，记录数据库中
2026-09-04 01:00:03 - mkk_pika - main.py:83 - INFO - 找到 26 张图片在:第1集
2026-09-04 01:00:05 - mkk_pika - main.py:112 - INFO - [episode:第1集       ] downloaded:    26, total:  26, progress:100%
2026-09-04 01:00:05 - mkk_pika - database.py:238 - INFO - 数据库更新已下载章节
2026-09-04 01:00:05 - mkk_pika - database.py:244 - INFO - 该漫画已下载章节如下
2026-09-04 01:00:05 - mkk_pika - database.py:245 - INFO - ['第1集']
2026-09-04 01:00:06 - mkk_pika - main.py:348 - INFO - ==================== 漫画信息 ====================
                                   漫画ID：5c8fca219798d131209bbb30
                                   标题：C2lemon@M
                                   作者：ぶるーびーん (要青豆)
                                   是否完结：否
                                   总页数：26
                                   分类：同人,短篇
                                   章节数：1
                                   最后更新时间：2019-03-18T16:41:05.077Z
                                   =================================================
2026-09-04 01:00:06 - mkk_pika - database.py:101 - INFO - 保存成功：C2lemon@M
2026-09-04 01:00:06 - mkk_pika - main.py:35 - INFO - 开始检查永恆冒險官方PC版結局小說"消失，那之后"是否存在未下载章节
2026-09-04 01:00:06 - mkk_pika - main.py:45 - INFO - 正在下载:[永恆冒險官方PC版結局小說"消失，那之后"]-[KOG Games]-[['短篇']]-[total_pages:11]
2026-09-04 01:00:06 - mkk_pika - main.py:49 - INFO - [{'_id': '5c90842e9798d131209bbfe9', 'title': '第1集', 'order': 1, 'updated_at': '2019-03-18T20:00:28.757Z', 'id': '5c90842e9798d131209bbfe9'}]
2026-09-04 01:00:06 - mkk_pika - database.py:215 - INFO - 第一次下载该漫画，记录数据库中
2026-09-04 01:00:07 - mkk_pika - main.py:83 - INFO - 找到 11 张图片在:第1集
2026-09-04 01:00:08 - mkk_pika - main.py:112 - INFO - [episode:第1集       ] downloaded:    11, total:  11, progress:100%
2026-09-04 01:00:08 - mkk_pika - database.py:238 - INFO - 数据库更新已下载章节
2026-09-04 01:00:08 - mkk_pika - database.py:244 - INFO - 该漫画已下载章节如下
2026-09-04 01:00:08 - mkk_pika - database.py:245 - INFO - ['第1集']
2026-09-04 01:00:09 - mkk_pika - main.py:348 - INFO - ==================== 漫画信息 ====================
                                   漫画ID：5c90842e9798d131209bbfe8
                                   标题：永恆冒險官方PC版結局小說"消失，那之后"
                                   作者：KOG Games
                                   是否完结：是
                                   总页数：11
                                   分类：短篇
                                   章节数：1
                                   最后更新时间：2019-03-19T05:54:54.462Z
                                   =================================================
2026-09-04 01:00:09 - mkk_pika - database.py:101 - INFO - 保存成功：永恆冒險官方PC版結局小說"消失，那之后"
2026-09-04 01:00:09 - mkk_pika - main.py:35 - INFO - 开始检查C2lemon@K是否存在未下载章节
2026-09-04 01:00:09 - mkk_pika - main.py:45 - INFO - 正在下载:[C2lemon@K]-[ぶるーびーん (要青豆)]-[['同人', '短篇']]-[total_pages:22]
2026-09-04 01:00:09 - mkk_pika - main.py:49 - INFO - [{'_id': '5c9220a1311cb33d54f9f777', 'title': '第1集', 'order': 1, 'updated_at': '2019-03-18T13:47:01.066Z', 'id': '5c9220a1311cb33d54f9f777'}]
2026-09-04 01:00:09 - mkk_pika - database.py:215 - INFO - 第一次下载该漫画，记录数据库中
2026-09-04 01:00:10 - mkk_pika - main.py:83 - INFO - 找到 22 张图片在:第1集
2026-09-04 01:00:11 - mkk_pika - main.py:112 - INFO - [episode:第1集       ] downloaded:    22, total:  22, progress:100%
2026-09-04 01:00:11 - mkk_pika - database.py:238 - INFO - 数据库更新已下载章节
2026-09-04 01:00:11 - mkk_pika - database.py:244 - INFO - 该漫画已下载章节如下
2026-09-04 01:00:11 - mkk_pika - database.py:245 - INFO - ['第1集']
2026-09-04 01:00:13 - mkk_pika - main.py:348 - INFO - ==================== 漫画信息 ====================
                                   漫画ID：5c9220a1311cb33d54f9f776
                                   标题：C2lemon@K
                                   作者：ぶるーびーん (要青豆)
                                   是否完结：否
                                   总页数：22
                                   分类：同人,短篇
                                   章节数：1
                                   最后更新时间：2019-03-20T11:14:41.082Z
                                   =================================================
2026-09-04 01:00:13 - mkk_pika - database.py:101 - INFO - 保存成功：C2lemon@K
2026-09-04 01:00:13 - mkk_pika - main.py:35 - INFO - 开始检查C2lemon@S是否存在未下载章节
2026-09-04 01:00:13 - mkk_pika - main.py:45 - INFO - 正在下载:[C2lemon@S]-[ぶるーびーん (要青豆)]-[['全彩', '同人', '短篇']]-[total_pages:27]
2026-09-04 01:00:13 - mkk_pika - main.py:49 - INFO - [{'_id': '5c9220bfd8c92f3d269a141d', 'title': '第1集', 'order': 1, 'updated_at': '2019-03-18T14:04:25.287Z', 'id': '5c9220bfd8c92f3d269a141d'}]
2026-09-04 01:00:13 - mkk_pika - database.py:215 - INFO - 第一次下载该漫画，记录数据库中
2026-09-04 01:00:14 - mkk_pika - main.py:83 - INFO - 找到 27 张图片在:第1集
2026-09-04 01:00:15 - mkk_pika - main.py:112 - INFO - [episode:第1集       ] downloaded:    27, total:  27, progress:100%
2026-09-04 01:00:15 - mkk_pika - database.py:238 - INFO - 数据库更新已下载章节
2026-09-04 01:00:15 - mkk_pika - database.py:244 - INFO - 该漫画已下载章节如下
2026-09-04 01:00:15 - mkk_pika - database.py:245 - INFO - ['第1集']
2026-09-04 01:00:17 - mkk_pika - main.py:348 - INFO - ==================== 漫画信息 ====================
                                   漫画ID：5c9220bfd8c92f3d269a141c
                                   标题：C2lemon@S
                                   作者：ぶるーびーん (要青豆)
                                   是否完结：否
                                   总页数：27
                                   分类：全彩,同人,短篇
                                   章节数：1
                                   最后更新时间：2019-03-20T11:15:11.321Z
                                   =================================================
2026-09-04 01:00:17 - mkk_pika - database.py:101 - INFO - 保存成功：C2lemon@S
2026-09-04 01:00:17 - mkk_pika - main.py:35 - INFO - 开始检查魔法少女ミズキ (COMIC 阿吽 2018年11月号) [中国翻訳] [DL版]是否存在未下载章节
2026-09-04 01:00:17 - mkk_pika - main.py:45 - INFO - 正在下载:[魔法少女ミズキ (COMIC 阿吽 2018年11月号) [中国翻訳] [DL版]]-[橋村青樹]-[['短篇', '同人', '非人類']]-[total_pages:38]
2026-09-04 01:00:17 - mkk_pika - main.py:49 - INFO - [{'_id': '5c9220e87ed0b23d5a8b30b5', 'title': '第1集', 'order': 1, 'updated_at': '2019-03-18T14:23:57.458Z', 'id': '5c9220e87ed0b23d5a8b30b5'}]
2026-09-04 01:00:17 - mkk_pika - database.py:215 - INFO - 第一次下载该漫画，记录数据库中
2026-09-04 01:00:18 - mkk_pika - main.py:83 - INFO - 找到 38 张图片在:第1集
2026-09-04 01:00:20 - mkk_pika - main.py:112 - INFO - [episode:第1集       ] downloaded:    38, total:  38, progress:100%
2026-09-04 01:00:20 - mkk_pika - database.py:238 - INFO - 数据库更新已下载章节
2026-09-04 01:00:20 - mkk_pika - database.py:244 - INFO - 该漫画已下载章节如下
2026-09-04 01:00:20 - mkk_pika - database.py:245 - INFO - ['第1集']
2026-09-04 01:00:21 - mkk_pika - main.py:348 - INFO - ==================== 漫画信息 ====================
                                   漫画ID：5c9220e87ed0b23d5a8b30b4
                                   标题：魔法少女ミズキ (COMIC 阿吽 2018年11月号) [中国翻訳] [DL版]
                                   作者：橋村青樹
                                   是否完结：是
                                   总页数：38
                                   分类：短篇,同人,非人類
                                   章节数：1
                                   最后更新时间：2019-03-20T11:15:52.236Z
                                   =================================================
2026-09-04 01:00:21 - mkk_pika - database.py:101 - INFO - 保存成功：魔法少女ミズキ (COMIC 阿吽 2018年11月号) [中国翻訳] [DL版]
2026-09-04 01:00:21 - mkk_pika - main.py:35 - INFO - 开始检查レッツシェア男子！（COMIC 快楽天 2019年3月号）是否存在未下载章节
2026-09-04 01:00:21 - mkk_pika - main.py:45 - INFO - 正在下载:[レッツシェア男子！（COMIC 快楽天 2019年3月号）]-[ひし形とまる]-[['短篇', '後宮閃光']]-[total_pages:19]
2026-09-04 01:00:21 - mkk_pika - main.py:49 - INFO - [{'_id': '5c92216e59beee162e3bf612', 'title': '第1集', 'order': 1, 'updated_at': '2019-03-18T17:46:58.716Z', 'id': '5c92216e59beee162e3bf612'}]
2026-09-04 01:00:21 - mkk_pika - database.py:215 - INFO - 第一次下载该漫画，记录数据库中
2026-09-04 01:00:22 - mkk_pika - main.py:83 - INFO - 找到 19 张图片在:第1集
2026-09-04 01:00:23 - mkk_pika - main.py:112 - INFO - [episode:第1集       ] downloaded:    19, total:  19, progress:100%
2026-09-04 01:00:23 - mkk_pika - database.py:238 - INFO - 数据库更新已下载章节
2026-09-04 01:00:23 - mkk_pika - database.py:244 - INFO - 该漫画已下载章节如下
2026-09-04 01:00:23 - mkk_pika - database.py:245 - INFO - ['第1集']
2026-09-04 01:00:24 - mkk_pika - main.py:348 - INFO - ==================== 漫画信息 ====================
                                   漫画ID：5c92216e59beee162e3bf611
                                   标题：レッツシェア男子！（COMIC 快楽天 2019年3月号）
                                   作者：ひし形とまる
                                   是否完结：是
                                   总页数：19
                                   分类：短篇,後宮閃光
                                   章节数：1
                                   最后更新时间：2019-03-20T11:18:06.107Z
                                   =================================================
2026-09-04 01:00:24 - mkk_pika - database.py:101 - INFO - 保存成功：レッツシェア男子！（COMIC 快楽天 2019年3月号）
2026-09-04 01:00:24 - mkk_pika - main.py:35 - INFO - 开始检查3rd Lesson (コミックゼロス #74)[無修正]是否存在未下载章节
2026-09-04 01:00:25 - mkk_pika - main.py:45 - INFO - 正在下载:[3rd Lesson (コミックゼロス #74)[無修正]]-[Hamao]-[['短篇', '純愛']]-[total_pages:21]
2026-09-04 01:00:25 - mkk_pika - main.py:49 - INFO - [{'_id': '5c922198dcd3da163632164a', 'title': '第1集', 'order': 1, 'updated_at': '2019-03-19T01:01:46.469Z', 'id': '5c922198dcd3da163632164a'}]
2026-09-04 01:00:25 - mkk_pika - database.py:215 - INFO - 第一次下载该漫画，记录数据库中
2026-09-04 01:00:25 - mkk_pika - main.py:83 - INFO - 找到 21 张图片在:第1集
2026-09-04 01:00:27 - mkk_pika - main.py:112 - INFO - [episode:第1集       ] downloaded:    21, total:  21, progress:100%
2026-09-04 01:00:27 - mkk_pika - database.py:238 - INFO - 数据库更新已下载章节
2026-09-04 01:00:27 - mkk_pika - database.py:244 - INFO - 该漫画已下载章节如下
2026-09-04 01:00:27 - mkk_pika - database.py:245 - INFO - ['第1集']
2026-09-04 01:00:28 - mkk_pika - main.py:348 - INFO - ==================== 漫画信息 ====================
                                   漫画ID：5c922198dcd3da1636321649
                                   标题：3rd Lesson (コミックゼロス #74)[無修正]
                                   作者：Hamao
                                   是否完结：否
                                   总页数：21
                                   分类：短篇,純愛
                                   章节数：1
                                   最后更新时间：2019-03-20T11:18:48.717Z
                                   =================================================
2026-09-04 01:00:28 - mkk_pika - database.py:101 - INFO - 保存成功：3rd Lesson (コミックゼロス #74)[無修正]
2026-09-04 01:00:28 - mkk_pika - main.py:35 - INFO - 开始检查きすまいフレンズ (けものフレンズ) 是否存在未下载章节
2026-09-04 01:00:28 - mkk_pika - main.py:45 - INFO - 正在下载:[きすまいフレンズ (けものフレンズ) ]-[アナル☆クライシス (ろん)]-[['短篇', '同人', '非人類', '全彩', '百合花園']]-[total_pages:22]
2026-09-04 01:00:28 - mkk_pika - main.py:49 - INFO - [{'_id': '5c92245a101bc22ee84b2fe3', 'title': '第1集', 'order': 1, 'updated_at': '2019-03-19T03:39:13.990Z', 'id': '5c92245a101bc22ee84b2fe3'}]
2026-09-04 01:00:28 - mkk_pika - database.py:215 - INFO - 第一次下载该漫画，记录数据库中
2026-09-04 01:00:29 - mkk_pika - main.py:83 - INFO - 找到 22 张图片在:第1集
2026-09-04 01:00:30 - mkk_pika - main.py:112 - INFO - [episode:第1集       ] downloaded:    22, total:  22, progress:100%
2026-09-04 01:00:30 - mkk_pika - database.py:238 - INFO - 数据库更新已下载章节
2026-09-04 01:00:30 - mkk_pika - database.py:244 - INFO - 该漫画已下载章节如下
2026-09-04 01:00:30 - mkk_pika - database.py:245 - INFO - ['第1集']
2026-09-04 01:00:31 - mkk_pika - main.py:348 - INFO - ==================== 漫画信息 ====================
                                   漫画ID：5c92245a101bc22ee84b2fe2
                                   标题：きすまいフレンズ (けものフレンズ) 
                                   作者：アナル☆クライシス (ろん)
                                   是否完结：是
                                   总页数：22
                                   分类：短篇,同人,非人類,全彩,百合花園
                                   章节数：1
                                   最后更新时间：2019-03-20T11:30:34.019Z
                                   =================================================
2026-09-04 01:00:31 - mkk_pika - database.py:101 - INFO - 保存成功：きすまいフレンズ (けものフレンズ) 
2026-09-04 01:00:31 - mkk_pika - main.py:35 - INFO - 开始检查薔薇西洋館是否存在未下载章节
2026-09-04 01:00:32 - mkk_pika - main.py:45 - INFO - 正在下载:[薔薇西洋館]-[中村卯月]-[['長篇', 'NTR']]-[total_pages:318]
2026-09-04 01:00:32 - mkk_pika - main.py:49 - INFO - [{'_id': '5c922469b79d771628207ba7', 'title': '第1集', 'order': 1, 'updated_at': '2019-03-19T03:33:22.796Z', 'id': '5c922469b79d771628207ba7'}, {'_id': '5c922469b79d771628207ba8', 'title': '第2集', 'order': 2, 'updated_at': '2019-03-19T03:39:05.953Z', 'id': '5c922469b79d771628207ba8'}]
2026-09-04 01:00:32 - mkk_pika - database.py:215 - INFO - 第一次下载该漫画，记录数据库中
2026-09-04 01:00:34 - mkk_pika - main.py:83 - INFO - 找到 168 张图片在:第1集
2026-09-04 01:00:44 - mkk_pika - main.py:112 - INFO - [episode:第1集       ] downloaded:   168, total: 168, progress:100%
2026-09-04 01:00:44 - mkk_pika - database.py:238 - INFO - 数据库更新已下载章节
2026-09-04 01:00:44 - mkk_pika - database.py:244 - INFO - 该漫画已下载章节如下
2026-09-04 01:00:44 - mkk_pika - database.py:245 - INFO - ['第1集']
2026-09-04 01:00:47 - mkk_pika - main.py:83 - INFO - 找到 170 张图片在:第2集
2026-09-04 01:00:57 - mkk_pika - main.py:112 - INFO - [episode:第2集       ] downloaded:   170, total: 170, progress:100%
2026-09-04 01:00:57 - mkk_pika - database.py:238 - INFO - 数据库更新已下载章节
2026-09-04 01:00:57 - mkk_pika - database.py:244 - INFO - 该漫画已下载章节如下
2026-09-04 01:00:57 - mkk_pika - database.py:245 - INFO - ['第1集', '第2集']
2026-09-04 01:00:58 - mkk_pika - main.py:348 - INFO - ==================== 漫画信息 ====================
                                   漫画ID：5c922469b79d771628207ba6
                                   标题：薔薇西洋館
                                   作者：中村卯月
                                   是否完结：是
                                   总页数：318
                                   分类：長篇,NTR
                                   章节数：2
                                   最后更新时间：2019-03-20T11:30:49.668Z
                                   =================================================
2026-09-04 01:00:58 - mkk_pika - database.py:101 - INFO - 保存成功：薔薇西洋館
2026-09-04 01:00:58 - mkk_pika - main.py:35 - INFO - 开始检查(Youに夢中!#002) もっと!アカリパコパコ (ミライアカリ)是否存在未下载章节
2026-09-04 01:00:59 - mkk_pika - main.py:45 - INFO - 正在下载:[(Youに夢中!#002) もっと!アカリパコパコ (ミライアカリ)]-[DOLL PLAY (黒巣ガタリ)]-[['同人', '短篇']]-[total_pages:28]
2026-09-04 01:00:59 - mkk_pika - main.py:49 - INFO - [{'_id': '5c92249adcd3da1636321669', 'title': '第1集', 'order': 1, 'updated_at': '2019-03-19T03:52:08.809Z', 'id': '5c92249adcd3da1636321669'}]
2026-09-04 01:00:59 - mkk_pika - database.py:215 - INFO - 第一次下载该漫画，记录数据库中
2026-09-04 01:00:59 - mkk_pika - main.py:83 - INFO - 找到 28 张图片在:第1集
2026-09-04 01:01:01 - mkk_pika - main.py:112 - INFO - [episode:第1集       ] downloaded:    28, total:  28, progress:100%
2026-09-04 01:01:01 - mkk_pika - database.py:238 - INFO - 数据库更新已下载章节
2026-09-04 01:01:01 - mkk_pika - database.py:244 - INFO - 该漫画已下载章节如下
2026-09-04 01:01:01 - mkk_pika - database.py:245 - INFO - ['第1集']
2026-09-04 01:01:02 - mkk_pika - main.py:348 - INFO - ==================== 漫画信息 ====================
                                   漫画ID：5c92249adcd3da1636321668
                                   标题：(Youに夢中!#002) もっと!アカリパコパコ (ミライアカリ)
                                   作者：DOLL PLAY (黒巣ガタリ)
                                   是否完结：是
                                   总页数：28
                                   分类：同人,短篇
                                   章节数：1
                                   最后更新时间：2019-03-20T11:31:38.951Z
                                   =================================================
2026-09-04 01:01:02 - mkk_pika - database.py:101 - INFO - 保存成功：(Youに夢中!#002) もっと!アカリパコパコ (ミライアカリ)
2026-09-04 01:01:02 - mkk_pika - main.py:35 - INFO - 开始检查思い出のぶいっか!是否存在未下载章节
2026-09-04 01:01:02 - mkk_pika - main.py:45 - INFO - 正在下载:[思い出のぶいっか!]-[けもののこしかけ (東みなつ)]-[['長篇', '同人', '純愛', '非人類']]-[total_pages:304]
2026-09-04 01:01:02 - mkk_pika - main.py:49 - INFO - [{'_id': '5c9224c07ed0b23d5a8b3236', 'title': '第1集', 'order': 1, 'updated_at': '2019-03-19T04:43:48.889Z', 'id': '5c9224c07ed0b23d5a8b3236'}]
2026-09-04 01:01:02 - mkk_pika - database.py:215 - INFO - 第一次下载该漫画，记录数据库中
2026-09-04 01:01:06 - mkk_pika - main.py:83 - INFO - 找到 304 张图片在:第1集
2026-09-04 01:01:23 - mkk_pika - main.py:112 - INFO - [episode:第1集       ] downloaded:   304, total: 304, progress:100%
2026-09-04 01:01:23 - mkk_pika - database.py:238 - INFO - 数据库更新已下载章节
2026-09-04 01:01:23 - mkk_pika - database.py:244 - INFO - 该漫画已下载章节如下
2026-09-04 01:01:23 - mkk_pika - database.py:245 - INFO - ['第1集']
2026-09-04 01:01:25 - mkk_pika - main.py:348 - INFO - ==================== 漫画信息 ====================
                                   漫画ID：5c9224c07ed0b23d5a8b3235
                                   标题：思い出のぶいっか!
                                   作者：けもののこしかけ (東みなつ)
                                   是否完结：否
                                   总页数：304
                                   分类：長篇,同人,純愛,非人類
                                   章节数：1
                                   最后更新时间：2019-03-20T11:32:16.593Z
                                   =================================================
2026-09-04 01:01:25 - mkk_pika - database.py:101 - INFO - 保存成功：思い出のぶいっか!
2026-09-04 01:01:25 - mkk_pika - main.py:35 - INFO - 开始检查夜露に濡れる花 液露沾濕的小花是否存在未下载章节
2026-09-04 01:01:25 - mkk_pika - main.py:45 - INFO - 正在下载:[夜露に濡れる花 液露沾濕的小花]-[黒小枝]-[['長篇', '純愛', '單行本', '人妻', 'NTR', '強暴']]-[total_pages:184]
2026-09-04 01:01:25 - mkk_pika - main.py:49 - INFO - [{'_id': '5c9225c722470f472d5f6e6c', 'title': '夜路死苦的小花單行本', 'order': 1, 'updated_at': '2019-03-15T07:44:51.307Z', 'id': '5c9225c722470f472d5f6e6c'}]
2026-09-04 01:01:25 - mkk_pika - database.py:215 - INFO - 第一次下载该漫画，记录数据库中
2026-09-04 01:01:27 - mkk_pika - main.py:83 - INFO - 找到 184 张图片在:夜路死苦的小花單行本
2026-09-04 01:01:35 - mkk_pika - main.py:112 - INFO - [episode:夜路死苦的小花單行本] downloaded:   184, total: 184, progress:100%
2026-09-04 01:01:35 - mkk_pika - database.py:238 - INFO - 数据库更新已下载章节
2026-09-04 01:01:35 - mkk_pika - database.py:244 - INFO - 该漫画已下载章节如下
2026-09-04 01:01:35 - mkk_pika - database.py:245 - INFO - ['夜路死苦的小花單行本']
2026-09-04 01:01:37 - mkk_pika - main.py:348 - INFO - ==================== 漫画信息 ====================
                                   漫画ID：5c9225c722470f472d5f6e6b
                                   标题：夜露に濡れる花 液露沾濕的小花
                                   作者：黒小枝
                                   是否完结：是
                                   总页数：184
                                   分类：長篇,純愛,單行本,人妻,NTR,強暴
                                   章节数：1
                                   最后更新时间：2019-03-20T11:36:39.777Z
                                   =================================================
2026-09-04 01:01:37 - mkk_pika - database.py:101 - INFO - 保存成功：夜露に濡れる花 液露沾濕的小花
2026-09-04 01:01:37 - mkk_pika - main.py:35 - INFO - 开始检查先生の弱点是否存在未下载章节
2026-09-04 01:01:37 - mkk_pika - main.py:45 - INFO - 正在下载:[先生の弱点]-[とくだ (上田裕)]-[['全彩', '同人', '短篇']]-[total_pages:25]
2026-09-04 01:01:37 - mkk_pika - main.py:49 - INFO - [{'_id': '5c9225f49bb13a4763b7df0a', 'title': '第1集', 'order': 1, 'updated_at': '2019-03-19T12:19:13.850Z', 'id': '5c9225f49bb13a4763b7df0a'}]
2026-09-04 01:01:37 - mkk_pika - database.py:215 - INFO - 第一次下载该漫画，记录数据库中
2026-09-04 01:01:38 - mkk_pika - main.py:83 - INFO - 找到 25 张图片在:第1集
2026-09-04 01:01:39 - mkk_pika - main.py:112 - INFO - [episode:第1集       ] downloaded:    25, total:  25, progress:100%
2026-09-04 01:01:39 - mkk_pika - database.py:238 - INFO - 数据库更新已下载章节
2026-09-04 01:01:39 - mkk_pika - database.py:244 - INFO - 该漫画已下载章节如下
2026-09-04 01:01:39 - mkk_pika - database.py:245 - INFO - ['第1集']
2026-09-04 01:01:40 - mkk_pika - main.py:348 - INFO - ==================== 漫画信息 ====================
                                   漫画ID：5c9225f49bb13a4763b7df09
                                   标题：先生の弱点
                                   作者：とくだ (上田裕)
                                   是否完结：否
                                   总页数：25
                                   分类：全彩,同人,短篇
                                   章节数：1
                                   最后更新时间：2019-03-20T11:37:24.265Z
                                   =================================================
2026-09-04 01:01:40 - mkk_pika - database.py:101 - INFO - 保存成功：先生の弱点
2026-09-04 01:01:40 - mkk_pika - main.py:35 - INFO - 开始检查狂性恋愛 俺と姉の歪んだ関係 [中国翻訳]是否存在未下载章节
2026-09-04 01:01:41 - mkk_pika - main.py:45 - INFO - 正在下载:[狂性恋愛 俺と姉の歪んだ関係 [中国翻訳]]-[ぷぅのぷぅぷぅぷぅ]-[['全彩', '短篇']]-[total_pages:86]
2026-09-04 01:01:41 - mkk_pika - main.py:49 - INFO - [{'_id': '5c92267b8f310e2eb34f787c', 'title': '第1集', 'order': 1, 'updated_at': '2019-03-19T14:42:54.500Z', 'id': '5c92267b8f310e2eb34f787c'}]
2026-09-04 01:01:41 - mkk_pika - database.py:215 - INFO - 第一次下载该漫画，记录数据库中
2026-09-04 01:01:42 - mkk_pika - main.py:83 - INFO - 找到 86 张图片在:第1集
2026-09-04 01:01:45 - mkk_pika - main.py:112 - INFO - [episode:第1集       ] downloaded:    86, total:  86, progress:100%
2026-09-04 01:01:45 - mkk_pika - database.py:238 - INFO - 数据库更新已下载章节
2026-09-04 01:01:45 - mkk_pika - database.py:244 - INFO - 该漫画已下载章节如下
2026-09-04 01:01:45 - mkk_pika - database.py:245 - INFO - ['第1集']
2026-09-04 01:01:47 - mkk_pika - main.py:348 - INFO - ==================== 漫画信息 ====================
                                   漫画ID：5c92267b8f310e2eb34f787b
                                   标题：狂性恋愛 俺と姉の歪んだ関係 [中国翻訳]
                                   作者：ぷぅのぷぅぷぅぷぅ
                                   是否完结：是
                                   总页数：86
                                   分类：全彩,短篇
                                   章节数：1
                                   最后更新时间：2019-03-20T11:39:39.343Z
                                   =================================================
2026-09-04 01:01:47 - mkk_pika - database.py:101 - INFO - 保存成功：狂性恋愛 俺と姉の歪んだ関係 [中国翻訳]
2026-09-04 01:01:47 - mkk_pika - main.py:35 - INFO - 开始检查(C95)  祥鳳サナトリウム-pages [DL版]是否存在未下载章节
2026-09-04 01:01:47 - mkk_pika - main.py:45 - INFO - 正在下载:[(C95)  祥鳳サナトリウム-pages [DL版]]-[アズールレーン (佐々原 憂樹)]-[['短篇', '同人']]-[total_pages:25]
2026-09-04 01:01:47 - mkk_pika - main.py:49 - INFO - [{'_id': '5c9226cb8f310e2eb34f78d5', 'title': '第1集', 'order': 1, 'updated_at': '2019-03-19T15:27:42.508Z', 'id': '5c9226cb8f310e2eb34f78d5'}]
2026-09-04 01:01:47 - mkk_pika - database.py:215 - INFO - 第一次下载该漫画，记录数据库中
2026-09-04 01:01:48 - mkk_pika - main.py:83 - INFO - 找到 25 张图片在:第1集
2026-09-04 01:01:50 - mkk_pika - main.py:112 - INFO - [episode:第1集       ] downloaded:    25, total:  25, progress:100%
2026-09-04 01:01:50 - mkk_pika - database.py:238 - INFO - 数据库更新已下载章节
2026-09-04 01:01:50 - mkk_pika - database.py:244 - INFO - 该漫画已下载章节如下
2026-09-04 01:01:50 - mkk_pika - database.py:245 - INFO - ['第1集']
2026-09-04 01:01:51 - mkk_pika - main.py:348 - INFO - ==================== 漫画信息 ====================
                                   漫画ID：5c9226cb8f310e2eb34f78d4
                                   标题：(C95)  祥鳳サナトリウム-pages [DL版]
                                   作者：アズールレーン (佐々原 憂樹)
                                   是否完结：否
                                   总页数：25
                                   分类：短篇,同人
                                   章节数：1
                                   最后更新时间：2019-03-20T11:40:59.748Z
                                   =================================================
2026-09-04 01:01:51 - mkk_pika - database.py:101 - INFO - 保存成功：(C95)  祥鳳サナトリウム-pages [DL版]
2026-09-04 01:01:51 - mkk_pika - main.py:35 - INFO - 开始检查ユア・マジェスティ、マイ・マスター (コミックアンリアル 2018年10月号 Vol.75)[中国翻訳] [DL版]是否存在未下载章节
2026-09-04 01:01:51 - mkk_pika - main.py:45 - INFO - 正在下载:[ユア・マジェスティ、マイ・マスター (コミックアンリアル 2018年10月号 Vol.75)[中国翻訳] [DL版]]-[煌野一人]-[['短篇', '非人類']]-[total_pages:27]
2026-09-04 01:01:51 - mkk_pika - main.py:49 - INFO - [{'_id': '5c922718fcd796472556f3a7', 'title': '第1集', 'order': 1, 'updated_at': '2019-03-19T15:41:37.844Z', 'id': '5c922718fcd796472556f3a7'}]
2026-09-04 01:01:51 - mkk_pika - database.py:215 - INFO - 第一次下载该漫画，记录数据库中
2026-09-04 01:01:52 - mkk_pika - main.py:83 - INFO - 找到 27 张图片在:第1集
2026-09-04 01:01:53 - mkk_pika - main.py:112 - INFO - [episode:第1集       ] downloaded:    27, total:  27, progress:100%
2026-09-04 01:01:53 - mkk_pika - database.py:238 - INFO - 数据库更新已下载章节
2026-09-04 01:01:53 - mkk_pika - database.py:244 - INFO - 该漫画已下载章节如下
2026-09-04 01:01:53 - mkk_pika - database.py:245 - INFO - ['第1集']
2026-09-04 01:01:54 - mkk_pika - main.py:348 - INFO - ==================== 漫画信息 ====================
                                   漫画ID：5c922718fcd796472556f3a6
                                   标题：ユア・マジェスティ、マイ・マスター (コミックアンリアル 2018年10月号 Vol.75)[中国翻訳] [DL版]
                                   作者：煌野一人
                                   是否完结：是
                                   总页数：27
                                   分类：短篇,非人類
                                   章节数：1
                                   最后更新时间：2019-03-20T11:42:16.905Z
                                   =================================================
2026-09-04 01:01:54 - mkk_pika - database.py:101 - INFO - 保存成功：ユア・マジェスティ、マイ・マスター (コミックアンリアル 2018年10月号 Vol.75)[中国翻訳] [DL版]
2026-09-04 01:01:54 - mkk_pika - main.py:35 - INFO - 开始检查(FF33)開封有個武則天[中國語](Fate／Grand Order)是否存在未下载章节
2026-09-04 01:01:55 - mkk_pika - main.py:45 - INFO - 正在下载:[(FF33)開封有個武則天[中國語](Fate／Grand Order)]-[四季]-[['同人', 'Fate']]-[total_pages:22]
2026-09-04 01:01:55 - mkk_pika - main.py:49 - INFO - [{'_id': '5c9227dd22470f472d5f6f5a', 'title': '第1集', 'order': 1, 'updated_at': '2019-03-19T17:10:10.964Z', 'id': '5c9227dd22470f472d5f6f5a'}]
2026-09-04 01:01:55 - mkk_pika - database.py:215 - INFO - 第一次下载该漫画，记录数据库中
2026-09-04 01:01:55 - mkk_pika - main.py:83 - INFO - 找到 22 张图片在:第1集
2026-09-04 01:01:57 - mkk_pika - main.py:112 - INFO - [episode:第1集       ] downloaded:    22, total:  22, progress:100%
2026-09-04 01:01:57 - mkk_pika - database.py:238 - INFO - 数据库更新已下载章节
2026-09-04 01:01:57 - mkk_pika - database.py:244 - INFO - 该漫画已下载章节如下
2026-09-04 01:01:57 - mkk_pika - database.py:245 - INFO - ['第1集']
2026-09-04 01:01:58 - mkk_pika - main.py:348 - INFO - ==================== 漫画信息 ====================
                                   漫画ID：5c9227dd22470f472d5f6f59
                                   标题：(FF33)開封有個武則天[中國語](Fate／Grand Order)
                                   作者：四季
                                   是否完结：是
                                   总页数：22
                                   分类：同人,Fate
                                   章节数：1
                                   最后更新时间：2019-03-20T11:45:33.794Z
                                   =================================================
2026-09-04 01:01:58 - mkk_pika - database.py:101 - INFO - 保存成功：(FF33)開封有個武則天[中國語](Fate／Grand Order)
2026-09-04 01:01:58 - mkk_pika - main.py:35 - INFO - 开始检查黒き羊のディナーショー [中国翻訳]是否存在未下载章节
2026-09-04 01:01:58 - mkk_pika - main.py:45 - INFO - 正在下载:[黒き羊のディナーショー [中国翻訳]]-[木村寧都]-[['短篇', '非人類', '純愛']]-[total_pages:44]
2026-09-04 01:01:58 - mkk_pika - main.py:49 - INFO - [{'_id': '5c9227faa193db2ebabf9636', 'title': '第1集', 'order': 1, 'updated_at': '2019-03-19T17:34:43.226Z', 'id': '5c9227faa193db2ebabf9636'}]
2026-09-04 01:01:58 - mkk_pika - database.py:215 - INFO - 第一次下载该漫画，记录数据库中
2026-09-04 01:01:59 - mkk_pika - main.py:83 - INFO - 找到 44 张图片在:第1集
2026-09-04 01:02:01 - mkk_pika - main.py:112 - INFO - [episode:第1集       ] downloaded:    44, total:  44, progress:100%
2026-09-04 01:02:01 - mkk_pika - database.py:238 - INFO - 数据库更新已下载章节
2026-09-04 01:02:01 - mkk_pika - database.py:244 - INFO - 该漫画已下载章节如下
2026-09-04 01:02:01 - mkk_pika - database.py:245 - INFO - ['第1集']
2026-09-04 01:02:03 - mkk_pika - main.py:348 - INFO - ==================== 漫画信息 ====================
                                   漫画ID：5c9227faa193db2ebabf9635
                                   标题：黒き羊のディナーショー [中国翻訳]
                                   作者：木村寧都
                                   是否完结：是
                                   总页数：44
                                   分类：短篇,非人類,純愛
                                   章节数：1
                                   最后更新时间：2019-03-20T11:46:02.658Z
                                   =================================================
2026-09-04 01:02:03 - mkk_pika - database.py:101 - INFO - 保存成功：黒き羊のディナーショー [中国翻訳]
2026-09-04 01:02:03 - mkk_pika - main.py:35 - INFO - 开始检查伝説の本 Orokin翻譯是否存在未下载章节
2026-09-04 01:02:03 - mkk_pika - main.py:45 - INFO - 正在下载:[伝説の本 Orokin翻譯]-[カラスちゃん (カラスちゃん)]-[['同人', '非人類']]-[total_pages:25]
2026-09-04 01:02:03 - mkk_pika - main.py:49 - INFO - [{'_id': '5c9228159bb13a4763b7df30', 'title': '第1集', 'order': 1, 'updated_at': '2019-03-19T21:22:25.309Z', 'id': '5c9228159bb13a4763b7df30'}]
2026-09-04 01:02:03 - mkk_pika - database.py:215 - INFO - 第一次下载该漫画，记录数据库中
2026-09-04 01:02:04 - mkk_pika - main.py:83 - INFO - 找到 25 张图片在:第1集
2026-09-04 01:02:05 - mkk_pika - main.py:112 - INFO - [episode:第1集       ] downloaded:    25, total:  25, progress:100%
2026-09-04 01:02:05 - mkk_pika - database.py:238 - INFO - 数据库更新已下载章节
2026-09-04 01:02:05 - mkk_pika - database.py:244 - INFO - 该漫画已下载章节如下
2026-09-04 01:02:05 - mkk_pika - database.py:245 - INFO - ['第1集']
2026-09-04 01:02:06 - mkk_pika - main.py:348 - INFO - ==================== 漫画信息 ====================
                                   漫画ID：5c9228159bb13a4763b7df2f
                                   标题：伝説の本 Orokin翻譯
                                   作者：カラスちゃん (カラスちゃん)
                                   是否完结：否
                                   总页数：25
                                   分类：同人,非人類
                                   章节数：1
                                   最后更新时间：2019-03-20T11:46:29.129Z
                                   =================================================
2026-09-04 01:02:06 - mkk_pika - database.py:101 - INFO - 保存成功：伝説の本 Orokin翻譯
2026-09-04 01:02:06 - mkk_pika - main.py:35 - INFO - 开始检查ハイスクール・フリークIV (ハイスクール・フリート)是否存在未下载章节
2026-09-04 01:02:07 - mkk_pika - main.py:45 - INFO - 正在下载:[ハイスクール・フリークIV (ハイスクール・フリート)]-[Under Colony (みぬたち)]-[['短篇', '同人', '純愛', '扶他樂園']]-[total_pages:23]
2026-09-04 01:02:07 - mkk_pika - main.py:49 - INFO - [{'_id': '5c9228248f310e2eb34f78f5', 'title': '第1集', 'order': 1, 'updated_at': '2019-03-20T00:02:25.639Z', 'id': '5c9228248f310e2eb34f78f5'}]
2026-09-04 01:02:07 - mkk_pika - database.py:215 - INFO - 第一次下载该漫画，记录数据库中
2026-09-04 01:02:07 - mkk_pika - main.py:83 - INFO - 找到 23 张图片在:第1集
2026-09-04 01:02:09 - mkk_pika - main.py:112 - INFO - [episode:第1集       ] downloaded:    23, total:  23, progress:100%
2026-09-04 01:02:09 - mkk_pika - database.py:238 - INFO - 数据库更新已下载章节
2026-09-04 01:02:09 - mkk_pika - database.py:244 - INFO - 该漫画已下载章节如下
2026-09-04 01:02:09 - mkk_pika - database.py:245 - INFO - ['第1集']
2026-09-04 01:02:10 - mkk_pika - main.py:348 - INFO - ==================== 漫画信息 ====================
                                   漫画ID：5c9228248f310e2eb34f78f4
                                   标题：ハイスクール・フリークIV (ハイスクール・フリート)
                                   作者：Under Colony (みぬたち)
                                   是否完结：是
                                   总页数：23
                                   分类：短篇,同人,純愛,扶他樂園
                                   章节数：1
                                   最后更新时间：2019-03-20T11:46:44.978Z
                                   =================================================
2026-09-04 01:02:10 - mkk_pika - database.py:101 - INFO - 保存成功：ハイスクール・フリークIV (ハイスクール・フリート)
2026-09-04 01:02:10 - mkk_pika - main.py:35 - INFO - 开始检查Soraka will do anything to help（英雄联盟）是否存在未下载章节
2026-09-04 01:02:14 - mkk_pika - main.py:45 - INFO - 正在下载:[Soraka will do anything to help（英雄联盟）]-[chuchumi]-[['短篇', '同人', '非人類']]-[total_pages:13]
2026-09-04 01:02:14 - mkk_pika - main.py:49 - INFO - [{'_id': '5c92287c59beee162e3c034a', 'title': '第1集', 'order': 1, 'updated_at': '2019-03-20T00:21:46.658Z', 'id': '5c92287c59beee162e3c034a'}]
2026-09-04 01:02:14 - mkk_pika - database.py:215 - INFO - 第一次下载该漫画，记录数据库中
2026-09-04 01:02:15 - mkk_pika - main.py:83 - INFO - 找到 13 张图片在:第1集
2026-09-04 01:02:15 - mkk_pika - main.py:112 - INFO - [episode:第1集       ] downloaded:    13, total:  13, progress:100%
2026-09-04 01:02:15 - mkk_pika - database.py:238 - INFO - 数据库更新已下载章节
2026-09-04 01:02:15 - mkk_pika - database.py:244 - INFO - 该漫画已下载章节如下
2026-09-04 01:02:15 - mkk_pika - database.py:245 - INFO - ['第1集']
2026-09-04 01:02:17 - mkk_pika - main.py:348 - INFO - ==================== 漫画信息 ====================
                                   漫画ID：5c92287c59beee162e3c0349
                                   标题：Soraka will do anything to help（英雄联盟）
                                   作者：chuchumi
                                   是否完结：是
                                   总页数：13
                                   分类：短篇,同人,非人類
                                   章节数：1
                                   最后更新时间：2019-03-20T11:48:12.970Z
                                   =================================================
2026-09-04 01:02:17 - mkk_pika - database.py:101 - INFO - 保存成功：Soraka will do anything to help（英雄联盟）
2026-09-04 01:02:17 - mkk_pika - main.py:35 - INFO - 开始检查PINPON: DASH!! (ラブライブ!)是否存在未下载章节
2026-09-04 01:02:17 - mkk_pika - main.py:45 - INFO - 正在下载:[PINPON: DASH!! (ラブライブ!)]-[美月亭 (美月さん)]-[['短篇', '同人', 'Love Live', '百合花園']]-[total_pages:29]
2026-09-04 01:02:17 - mkk_pika - main.py:49 - INFO - [{'_id': '5c922889311cb33d54f9f7a6', 'title': '第1集', 'order': 1, 'updated_at': '2019-03-20T00:34:50.972Z', 'id': '5c922889311cb33d54f9f7a6'}]
2026-09-04 01:02:17 - mkk_pika - database.py:215 - INFO - 第一次下载该漫画，记录数据库中
2026-09-04 01:02:18 - mkk_pika - main.py:83 - INFO - 找到 29 张图片在:第1集
2026-09-04 01:02:19 - mkk_pika - main.py:112 - INFO - [episode:第1集       ] downloaded:    29, total:  29, progress:100%
2026-09-04 01:02:19 - mkk_pika - database.py:238 - INFO - 数据库更新已下载章节
2026-09-04 01:02:19 - mkk_pika - database.py:244 - INFO - 该漫画已下载章节如下
2026-09-04 01:02:19 - mkk_pika - database.py:245 - INFO - ['第1集']
2026-09-04 01:02:20 - mkk_pika - main.py:348 - INFO - ==================== 漫画信息 ====================
                                   漫画ID：5c922889311cb33d54f9f7a5
                                   标题：PINPON: DASH!! (ラブライブ!)
                                   作者：美月亭 (美月さん)
                                   是否完结：是
                                   总页数：29
                                   分类：短篇,同人,Love Live,百合花園
                                   章节数：1
                                   最后更新时间：2019-03-20T11:48:25.439Z
                                   =================================================
2026-09-04 01:02:20 - mkk_pika - database.py:101 - INFO - 保存成功：PINPON: DASH!! (ラブライブ!)
2026-09-04 01:02:20 - mkk_pika - main.py:35 - INFO - 开始检查歩音ちゃん調教日誌Vol.1-公園えっち編是否存在未下载章节
2026-09-04 01:02:21 - mkk_pika - main.py:45 - INFO - 正在下载:[歩音ちゃん調教日誌Vol.1-公園えっち編]-[しまじや (しまじ)]-[['短篇']]-[total_pages:32]
2026-09-04 01:02:21 - mkk_pika - main.py:49 - INFO - [{'_id': '5c9228ad0b85622ee1949a20', 'title': '第1集', 'order': 1, 'updated_at': '2019-03-20T00:43:53.237Z', 'id': '5c9228ad0b85622ee1949a20'}]
2026-09-04 01:02:21 - mkk_pika - database.py:215 - INFO - 第一次下载该漫画，记录数据库中
2026-09-04 01:02:21 - mkk_pika - main.py:83 - INFO - 找到 32 张图片在:第1集
2026-09-04 01:02:23 - mkk_pika - main.py:112 - INFO - [episode:第1集       ] downloaded:    32, total:  32, progress:100%
2026-09-04 01:02:23 - mkk_pika - database.py:238 - INFO - 数据库更新已下载章节
2026-09-04 01:02:23 - mkk_pika - database.py:244 - INFO - 该漫画已下载章节如下
2026-09-04 01:02:23 - mkk_pika - database.py:245 - INFO - ['第1集']
2026-09-04 01:02:24 - mkk_pika - main.py:348 - INFO - ==================== 漫画信息 ====================
                                   漫画ID：5c9228ad0b85622ee1949a1f
                                   标题：歩音ちゃん調教日誌Vol.1-公園えっち編
                                   作者：しまじや (しまじ)
                                   是否完结：是
                                   总页数：32
                                   分类：短篇
                                   章节数：1
                                   最后更新时间：2019-03-20T11:49:01.135Z
                                   =================================================
2026-09-04 01:02:24 - mkk_pika - database.py:101 - INFO - 保存成功：歩音ちゃん調教日誌Vol.1-公園えっち編
2026-09-04 01:02:24 - mkk_pika - main.py:35 - INFO - 开始检查ある暑い夏の二人 (ねぇ、…しよ♥) [Chinese]是否存在未下载章节
2026-09-04 01:02:25 - mkk_pika - main.py:45 - INFO - 正在下载:[ある暑い夏の二人 (ねぇ、…しよ♥) [Chinese]]-[ピジャ]-[['短篇']]-[total_pages:24]
2026-09-04 01:02:25 - mkk_pika - main.py:49 - INFO - [{'_id': '5c9228cda50905163c019c27', 'title': '第1集', 'order': 1, 'updated_at': '2019-03-20T00:46:15.938Z', 'id': '5c9228cda50905163c019c27'}]
2026-09-04 01:02:25 - mkk_pika - database.py:215 - INFO - 第一次下载该漫画，记录数据库中
2026-09-04 01:02:25 - mkk_pika - main.py:83 - INFO - 找到 24 张图片在:第1集
2026-09-04 01:02:27 - mkk_pika - main.py:112 - INFO - [episode:第1集       ] downloaded:    24, total:  24, progress:100%
2026-09-04 01:02:27 - mkk_pika - database.py:238 - INFO - 数据库更新已下载章节
2026-09-04 01:02:27 - mkk_pika - database.py:244 - INFO - 该漫画已下载章节如下
2026-09-04 01:02:27 - mkk_pika - database.py:245 - INFO - ['第1集']
2026-09-04 01:02:28 - mkk_pika - main.py:348 - INFO - ==================== 漫画信息 ====================
                                   漫画ID：5c9228cda50905163c019c26
                                   标题：ある暑い夏の二人 (ねぇ、…しよ♥) [Chinese]
                                   作者：ピジャ
                                   是否完结：是
                                   总页数：24
                                   分类：短篇
                                   章节数：1
                                   最后更新时间：2019-03-20T11:49:33.738Z
                                   =================================================
2026-09-04 01:02:28 - mkk_pika - database.py:101 - INFO - 保存成功：ある暑い夏の二人 (ねぇ、…しよ♥) [Chinese]
2026-09-04 01:02:28 - mkk_pika - main.py:35 - INFO - 开始检查(C95)のわーるちゃんの開運祈願是否存在未下载章节
2026-09-04 01:02:29 - mkk_pika - main.py:45 - INFO - 正在下载:[(C95)のわーるちゃんの開運祈願]-[あめ のち ゆき (あめとゆき)]-[['短篇', '純愛', '全彩']]-[total_pages:19]
2026-09-04 01:02:29 - mkk_pika - main.py:49 - INFO - [{'_id': '5c93862eee19be57f383fbc3', 'title': '第1集', 'order': 1, 'updated_at': '2019-03-20T01:06:01.114Z', 'id': '5c93862eee19be57f383fbc3'}]
2026-09-04 01:02:29 - mkk_pika - database.py:215 - INFO - 第一次下载该漫画，记录数据库中
2026-09-04 01:02:29 - mkk_pika - main.py:83 - INFO - 找到 19 张图片在:第1集
2026-09-04 01:02:31 - mkk_pika - main.py:112 - INFO - [episode:第1集       ] downloaded:    19, total:  19, progress:100%
2026-09-04 01:02:31 - mkk_pika - database.py:238 - INFO - 数据库更新已下载章节
2026-09-04 01:02:31 - mkk_pika - database.py:244 - INFO - 该漫画已下载章节如下
2026-09-04 01:02:31 - mkk_pika - database.py:245 - INFO - ['第1集']
2026-09-04 01:02:32 - mkk_pika - main.py:348 - INFO - ==================== 漫画信息 ====================
                                   漫画ID：5c93862eee19be57f383fbc2
                                   标题：(C95)のわーるちゃんの開運祈願
                                   作者：あめ のち ゆき (あめとゆき)
                                   是否完结：是
                                   总页数：19
                                   分类：短篇,純愛,全彩
                                   章节数：1
                                   最后更新时间：2019-03-21T12:40:14.738Z
                                   =================================================
2026-09-04 01:02:32 - mkk_pika - database.py:101 - INFO - 保存成功：(C95)のわーるちゃんの開運祈願
2026-09-04 01:02:32 - mkk_pika - main.py:35 - INFO - 开始检查淫乳主婦の不貞願望 奥さんと彼女と❤2是否存在未下载章节
2026-09-04 01:02:32 - mkk_pika - main.py:45 - INFO - 正在下载:[淫乳主婦の不貞願望 奥さんと彼女と❤2]-[かわもりみさき]-[['長篇', '單行本', '人妻']]-[total_pages:184]
2026-09-04 01:02:32 - mkk_pika - main.py:49 - INFO - [{'_id': '5c93866296e16d582524e691', 'title': '第1集', 'order': 1, 'updated_at': '2019-03-20T01:59:01.255Z', 'id': '5c93866296e16d582524e691'}]
2026-09-04 01:02:32 - mkk_pika - database.py:215 - INFO - 第一次下载该漫画，记录数据库中
2026-09-04 01:02:34 - mkk_pika - main.py:83 - INFO - 找到 184 张图片在:第1集
2026-09-04 01:02:44 - mkk_pika - main.py:112 - INFO - [episode:第1集       ] downloaded:   184, total: 184, progress:100%
2026-09-04 01:02:44 - mkk_pika - database.py:238 - INFO - 数据库更新已下载章节
2026-09-04 01:02:44 - mkk_pika - database.py:244 - INFO - 该漫画已下载章节如下
2026-09-04 01:02:44 - mkk_pika - database.py:245 - INFO - ['第1集']
2026-09-04 01:02:45 - mkk_pika - main.py:348 - INFO - ==================== 漫画信息 ====================
                                   漫画ID：5c93866296e16d582524e690
                                   标题：淫乳主婦の不貞願望 奥さんと彼女と❤2
                                   作者：かわもりみさき
                                   是否完结：是
                                   总页数：184
                                   分类：長篇,單行本,人妻
                                   章节数：1
                                   最后更新时间：2019-03-21T12:41:06.386Z
                                   =================================================
2026-09-04 01:02:45 - mkk_pika - database.py:101 - INFO - 保存成功：淫乳主婦の不貞願望 奥さんと彼女と❤2
2026-09-04 01:02:45 - mkk_pika - main.py:380 - INFO - 本次任务下载完毕
2026-09-04 01:02:45 - mkk_pika - database.py:173 - INFO - 数据库连接已关闭
