2026-09-30 02:01:29 - mkk_pika - main.py:193 - INFO - =======================================================================
2026-09-30 02:01:29 - mkk_pika - database.py:61 - INFO - 表和索引初始化成功
2026-09-30 02:01:29 - mkk_pika - main.py:197 - INFO - 已经累计下载21947本漫画
2026-09-30 02:01:29 - mkk_pika - api.py:87 - INFO - 登录成功
2026-09-30 02:01:29 - mkk_pika - main.py:203 - INFO - 收藏夹共计0本漫画
2026-09-30 02:01:29 - mkk_pika - main.py:206 - INFO - 开始下载收藏夹内未下载内容
2026-09-30 02:01:29 - mkk_pika - main.py:266 - INFO - 收藏夹内容下载完毕
2026-09-30 02:01:29 - mkk_pika - main.py:268 - INFO - 开始下载订阅内容
2026-09-30 02:01:29 - mkk_pika - database.py:258 - INFO - 根据ID查询到标题：萝莉 -> 八朔 [DL版]
2026-09-30 02:01:30 - mkk_pika - database.py:101 - INFO - 保存成功：八朔 [DL版]
2026-09-30 02:01:30 - mkk_pika - main.py:273 - INFO - 关键词萝莉找到1本漫画
2026-09-30 02:01:30 - mkk_pika - database.py:258 - INFO - 根据ID查询到标题：蘿莉 -> 異世界セイカンセラピスト
2026-09-30 02:01:31 - mkk_pika - database.py:101 - INFO - 保存成功：[Pixiv] - ショウ (39377390)（AI）
2026-09-30 02:01:31 - mkk_pika - main.py:273 - INFO - 关键词蘿莉找到1本漫画
2026-09-30 02:01:31 - mkk_pika - main.py:275 - INFO - 订阅内容共计2本漫画
2026-09-30 02:01:31 - mkk_pika - main.py:35 - INFO - 开始检查おじさんとのエッチにハマっちゃった女の子| 沉迷于和大叔做爱的女孩 [中国翻訳]是否存在未下载章节
2026-09-30 02:01:31 - mkk_pika - database.py:203 - INFO - 查询数据库中是否已存在熟肉
2026-09-30 02:01:31 - mkk_pika - main.py:51 - INFO - おじさんとのエッチにハマっちゃった女の子| 沉迷于和大叔做爱的女孩 [中国翻訳]中没有可下载章节
2026-09-30 02:01:31 - mkk_pika - main.py:292 - INFO - ==================== 漫画信息 ====================
                                漫画ID：6ab29da0b060df0a51c37655
                                标题：おじさんとのエッチにハマっちゃった女の子| 沉迷于和大叔做爱的女孩 [中国翻訳]
                                作者：木小屋Me (きごみー)
                                是否完结：是
                                总页数：33
                                分类：短篇
                                章节数：1
                                最后更新时间：2026-09-22T15:24:16.617Z
                                =================================================
2026-09-30 02:01:31 - mkk_pika - database.py:101 - INFO - 保存成功：おじさんとのエッチにハマっちゃった女の子| 沉迷于和大叔做爱的女孩 [中国翻訳]
2026-09-30 02:01:31 - mkk_pika - main.py:35 - INFO - 开始检查イブキちゃんと楽しい秘密授業 (ブルーアーカイブ)是否存在未下载章节
2026-09-30 02:01:32 - mkk_pika - database.py:203 - INFO - 查询数据库中是否已存在第1話
2026-09-30 02:01:32 - mkk_pika - main.py:51 - INFO - イブキちゃんと楽しい秘密授業 (ブルーアーカイブ)中没有可下载章节
2026-09-30 02:01:32 - mkk_pika - main.py:292 - INFO - ==================== 漫画信息 ====================
                                漫画ID：6aba98a422f5d73a55fa8885
                                标题：イブキちゃんと楽しい秘密授業 (ブルーアーカイブ)
                                作者：アルネム
                                是否完结：是
                                总页数：15
                                分类：同人,短篇
                                章节数：1
                                最后更新时间：2026-09-28T16:41:08.595Z
                                =================================================
2026-09-30 02:01:32 - mkk_pika - database.py:101 - INFO - 保存成功：イブキちゃんと楽しい秘密授業 (ブルーアーカイブ)
2026-09-30 02:01:32 - mkk_pika - main.py:323 - INFO - 订阅内容内容下载完毕
2026-09-30 02:01:32 - mkk_pika - main.py:324 - INFO - 开始分批下载全部章节
2026-09-30 02:01:32 - mkk_pika - database.py:280 - INFO - 表和索引初始化成功
2026-09-30 02:01:32 - mkk_pika - main.py:177 - INFO - 已经下载了1716页，一共7179页，现在开始添加第1717页
2026-09-30 02:01:33 - mkk_pika - database.py:318 - INFO - 保存成功
2026-09-30 02:01:33 - mkk_pika - main.py:177 - INFO - 已经下载了1717页，一共7179页，现在开始添加第1718页
2026-09-30 02:01:34 - mkk_pika - database.py:318 - INFO - 保存成功
2026-09-30 02:01:34 - mkk_pika - main.py:177 - INFO - 已经下载了1718页，一共7179页，现在开始添加第1719页
2026-09-30 02:01:34 - mkk_pika - database.py:318 - INFO - 保存成功
2026-09-30 02:01:35 - mkk_pika - main.py:177 - INFO - 已经下载了1719页，一共7179页，现在开始添加第1720页
2026-09-30 02:01:35 - mkk_pika - database.py:318 - INFO - 保存成功
2026-09-30 02:01:36 - mkk_pika - main.py:177 - INFO - 已经下载了1720页，一共7179页，现在开始添加第1721页
2026-09-30 02:01:36 - mkk_pika - database.py:318 - INFO - 保存成功
2026-09-30 02:01:36 - mkk_pika - main.py:177 - INFO - 已经下载了1721页，一共7179页，现在开始添加第1722页
2026-09-30 02:01:37 - mkk_pika - database.py:318 - INFO - 保存成功
2026-09-30 02:01:37 - mkk_pika - main.py:177 - INFO - 已经下载了1722页，一共7179页，现在开始添加第1723页
2026-09-30 02:01:38 - mkk_pika - database.py:318 - INFO - 保存成功
2026-09-30 02:01:38 - mkk_pika - main.py:331 - INFO - 分批下载共计58本漫画
2026-09-30 02:01:38 - mkk_pika - main.py:35 - INFO - 开始检查(C95) 修羅場の周回かた (Fate/Grand Order)是否存在未下载章节
2026-09-30 02:01:38 - mkk_pika - main.py:45 - INFO - 正在下载:[(C95) 修羅場の周回かた (Fate/Grand Order)]-[Brio (ぷよちゃ)]-[['短篇', '同人', 'Fate']]-[total_pages:57]
2026-09-30 02:01:38 - mkk_pika - main.py:49 - INFO - [{'_id': '5c40259d9be31e0f9990d444', 'title': '第1集', 'order': 1, 'updated_at': '2019-01-16T00:01:56.277Z', 'id': '5c40259d9be31e0f9990d444'}, {'_id': '5d0bc1ac671f9d4c7a7ed3ec', 'title': '汉化', 'order': 2, 'updated_at': '2019-06-20T16:33:43.195Z', 'id': '5d0bc1ac671f9d4c7a7ed3ec'}]
2026-09-30 02:01:38 - mkk_pika - database.py:215 - INFO - 第一次下载该漫画，记录数据库中
2026-09-30 02:01:39 - mkk_pika - main.py:83 - INFO - 找到 26 张图片在:第1集
2026-09-30 02:01:40 - mkk_pika - main.py:112 - INFO - [episode:第1集       ] downloaded:    26, total:  26, progress:100%
2026-09-30 02:01:40 - mkk_pika - database.py:238 - INFO - 数据库更新已下载章节
2026-09-30 02:01:40 - mkk_pika - database.py:244 - INFO - 该漫画已下载章节如下
2026-09-30 02:01:40 - mkk_pika - database.py:245 - INFO - ['第1集']
2026-09-30 02:01:42 - mkk_pika - main.py:83 - INFO - 找到 31 张图片在:汉化
2026-09-30 02:01:44 - mkk_pika - main.py:112 - INFO - [episode:汉化        ] downloaded:    31, total:  31, progress:100%
2026-09-30 02:01:44 - mkk_pika - database.py:238 - INFO - 数据库更新已下载章节
2026-09-30 02:01:44 - mkk_pika - database.py:244 - INFO - 该漫画已下载章节如下
2026-09-30 02:01:44 - mkk_pika - database.py:245 - INFO - ['第1集', '汉化']
2026-09-30 02:01:45 - mkk_pika - main.py:348 - INFO - ==================== 漫画信息 ====================
                                   漫画ID：5c40259d9be31e0f9990d443
                                   标题：(C95) 修羅場の周回かた (Fate/Grand Order)
                                   作者：Brio (ぷよちゃ)
                                   是否完结：是
                                   总页数：57
                                   分类：短篇,同人,Fate
                                   章节数：2
                                   最后更新时间：2019-06-20T17:26:04.827Z
                                   =================================================
2026-09-30 02:01:45 - mkk_pika - database.py:101 - INFO - 保存成功：(C95) 修羅場の周回かた (Fate/Grand Order)
2026-09-30 02:01:45 - mkk_pika - main.py:35 - INFO - 开始检查(C95) パパとHな酔いどれ山風 (艦隊これくしょん -艦これ-) [中国翻訳]是否存在未下载章节
2026-09-30 02:01:46 - mkk_pika - main.py:45 - INFO - 正在下载:[(C95) パパとHな酔いどれ山風 (艦隊これくしょん -艦これ-) [中国翻訳]]-[学食亭 (わたのん)]-[['短篇', '同人', '艦隊收藏']]-[total_pages:26]
2026-09-30 02:01:46 - mkk_pika - main.py:49 - INFO - [{'_id': '5d0bc1cd0f3ddc4c68c577bb', 'title': '第1集', 'order': 1, 'updated_at': '2019-06-20T16:38:43.489Z', 'id': '5d0bc1cd0f3ddc4c68c577bb'}]
2026-09-30 02:01:46 - mkk_pika - database.py:215 - INFO - 第一次下载该漫画，记录数据库中
2026-09-30 02:01:46 - mkk_pika - main.py:83 - INFO - 找到 26 张图片在:第1集
2026-09-30 02:01:48 - mkk_pika - main.py:112 - INFO - [episode:第1集       ] downloaded:    26, total:  26, progress:100%
2026-09-30 02:01:48 - mkk_pika - database.py:238 - INFO - 数据库更新已下载章节
2026-09-30 02:01:48 - mkk_pika - database.py:244 - INFO - 该漫画已下载章节如下
2026-09-30 02:01:48 - mkk_pika - database.py:245 - INFO - ['第1集']
2026-09-30 02:01:49 - mkk_pika - main.py:348 - INFO - ==================== 漫画信息 ====================
                                   漫画ID：5d0bc1cd0f3ddc4c68c577ba
                                   标题：(C95) パパとHな酔いどれ山風 (艦隊これくしょん -艦これ-) [中国翻訳]
                                   作者：学食亭 (わたのん)
                                   是否完结：是
                                   总页数：26
                                   分类：短篇,同人,艦隊收藏
                                   章节数：1
                                   最后更新时间：2019-06-20T17:26:37.442Z
                                   =================================================
2026-09-30 02:01:49 - mkk_pika - database.py:101 - INFO - 保存成功：(C95) パパとHな酔いどれ山風 (艦隊これくしょん -艦これ-) [中国翻訳]
2026-09-30 02:01:49 - mkk_pika - main.py:35 - INFO - 开始检查あん・あん あんはっぴぃ (コミック Mate legend Vol.7 2016年2月号) [中国翻訳]是否存在未下载章节
2026-09-30 02:01:50 - mkk_pika - main.py:45 - INFO - 正在下载:[あん・あん あんはっぴぃ (コミック Mate legend Vol.7 2016年2月号) [中国翻訳]]-[知るかバカうどん]-[['短篇', '強暴']]-[total_pages:29]
2026-09-30 02:01:50 - mkk_pika - main.py:49 - INFO - [{'_id': '5d0bc1e62731cf4c8411c51a', 'title': '第1集', 'order': 1, 'updated_at': '2019-06-20T17:09:13.953Z', 'id': '5d0bc1e62731cf4c8411c51a'}]
2026-09-30 02:01:50 - mkk_pika - database.py:215 - INFO - 第一次下载该漫画，记录数据库中
2026-09-30 02:01:50 - mkk_pika - main.py:83 - INFO - 找到 29 张图片在:第1集
2026-09-30 02:01:53 - mkk_pika - main.py:112 - INFO - [episode:第1集       ] downloaded:    29, total:  29, progress:100%
2026-09-30 02:01:53 - mkk_pika - database.py:238 - INFO - 数据库更新已下载章节
2026-09-30 02:01:53 - mkk_pika - database.py:244 - INFO - 该漫画已下载章节如下
2026-09-30 02:01:53 - mkk_pika - database.py:245 - INFO - ['第1集']
2026-09-30 02:01:54 - mkk_pika - main.py:348 - INFO - ==================== 漫画信息 ====================
                                   漫画ID：5d0bc1e62731cf4c8411c519
                                   标题：あん・あん あんはっぴぃ (コミック Mate legend Vol.7 2016年2月号) [中国翻訳]
                                   作者：知るかバカうどん
                                   是否完结：是
                                   总页数：29
                                   分类：短篇,強暴
                                   章节数：1
                                   最后更新时间：2019-06-20T17:27:02.404Z
                                   =================================================
2026-09-30 02:01:54 - mkk_pika - database.py:101 - INFO - 保存成功：あん・あん あんはっぴぃ (コミック Mate legend Vol.7 2016年2月号) [中国翻訳]
2026-09-30 02:01:54 - mkk_pika - main.py:35 - INFO - 开始检查(C91)  くっつきぼし -あいのすづくり- (くっつきぼし) [中国翻訳]是否存在未下载章节
2026-09-30 02:01:54 - mkk_pika - main.py:45 - INFO - 正在下载:[(C91)  くっつきぼし -あいのすづくり- (くっつきぼし) [中国翻訳]]-[石川プロ (石川直哉)]-[['短篇', '同人', '百合花園']]-[total_pages:25]
2026-09-30 02:01:54 - mkk_pika - main.py:49 - INFO - [{'_id': '5d0bc203671f9d4c7a7ed40e', 'title': '第1集', 'order': 1, 'updated_at': '2019-06-20T17:25:33.582Z', 'id': '5d0bc203671f9d4c7a7ed40e'}]
2026-09-30 02:01:54 - mkk_pika - database.py:215 - INFO - 第一次下载该漫画，记录数据库中
2026-09-30 02:01:55 - mkk_pika - main.py:83 - INFO - 找到 25 张图片在:第1集
2026-09-30 02:01:57 - mkk_pika - main.py:112 - INFO - [episode:第1集       ] downloaded:    25, total:  25, progress:100%
2026-09-30 02:01:57 - mkk_pika - database.py:238 - INFO - 数据库更新已下载章节
2026-09-30 02:01:57 - mkk_pika - database.py:244 - INFO - 该漫画已下载章节如下
2026-09-30 02:01:57 - mkk_pika - database.py:245 - INFO - ['第1集']
2026-09-30 02:01:58 - mkk_pika - main.py:348 - INFO - ==================== 漫画信息 ====================
                                   漫画ID：5d0bc203671f9d4c7a7ed40d
                                   标题：(C91)  くっつきぼし -あいのすづくり- (くっつきぼし) [中国翻訳]
                                   作者：石川プロ (石川直哉)
                                   是否完结：是
                                   总页数：25
                                   分类：短篇,同人,百合花園
                                   章节数：1
                                   最后更新时间：2019-06-20T17:27:31.079Z
                                   =================================================
2026-09-30 02:01:58 - mkk_pika - database.py:101 - INFO - 保存成功：(C91)  くっつきぼし -あいのすづくり- (くっつきぼし) [中国翻訳]
2026-09-30 02:01:58 - mkk_pika - main.py:35 - INFO - 开始检查懷孕吧！席爾瓦（中文/日文/韓文）是否存在未下载章节
2026-09-30 02:01:59 - mkk_pika - main.py:45 - INFO - 正在下载:[懷孕吧！席爾瓦（中文/日文/韓文）]-[ERAL]-[['同人', '碧藍幻想']]-[total_pages:8]
2026-09-30 02:01:59 - mkk_pika - main.py:49 - INFO - [{'_id': '5d0bc758dde5984c6d1f3a60', 'title': '第1集', 'order': 1, 'updated_at': '2019-06-20T17:35:30.116Z', 'id': '5d0bc758dde5984c6d1f3a60'}]
2026-09-30 02:01:59 - mkk_pika - database.py:215 - INFO - 第一次下载该漫画，记录数据库中
2026-09-30 02:01:59 - mkk_pika - main.py:83 - INFO - 找到 8 张图片在:第1集
2026-09-30 02:02:00 - mkk_pika - main.py:112 - INFO - [episode:第1集       ] downloaded:     8, total:   8, progress:100%
2026-09-30 02:02:00 - mkk_pika - database.py:238 - INFO - 数据库更新已下载章节
2026-09-30 02:02:00 - mkk_pika - database.py:244 - INFO - 该漫画已下载章节如下
2026-09-30 02:02:00 - mkk_pika - database.py:245 - INFO - ['第1集']
2026-09-30 02:02:01 - mkk_pika - main.py:348 - INFO - ==================== 漫画信息 ====================
                                   漫画ID：5d0bc758dde5984c6d1f3a5f
                                   标题：懷孕吧！席爾瓦（中文/日文/韓文）
                                   作者：ERAL
                                   是否完结：否
                                   总页数：8
                                   分类：同人,碧藍幻想
                                   章节数：1
                                   最后更新时间：2019-06-20T17:50:16.332Z
                                   =================================================
2026-09-30 02:02:01 - mkk_pika - database.py:101 - INFO - 保存成功：懷孕吧！席爾瓦（中文/日文/韓文）
2026-09-30 02:02:01 - mkk_pika - main.py:35 - INFO - 开始检查ミリィちゃんはわがまま娘っ！是否存在未下载章节
2026-09-30 02:02:01 - mkk_pika - main.py:45 - INFO - 正在下载:[ミリィちゃんはわがまま娘っ！]-[はるぐも。 (ねご屋)]-[['全彩', '短篇', '純愛', '非人類']]-[total_pages:30]
2026-09-30 02:02:01 - mkk_pika - main.py:49 - INFO - [{'_id': '5d0cfaa429783f1dbe0c7852', 'title': '第1集', 'order': 1, 'updated_at': '2019-06-20T20:33:40.422Z', 'id': '5d0cfaa429783f1dbe0c7852'}]
2026-09-30 02:02:01 - mkk_pika - database.py:215 - INFO - 第一次下载该漫画，记录数据库中
2026-09-30 02:02:02 - mkk_pika - main.py:83 - INFO - 找到 30 张图片在:第1集
2026-09-30 02:02:04 - mkk_pika - main.py:112 - INFO - [episode:第1集       ] downloaded:    30, total:  30, progress:100%
2026-09-30 02:02:04 - mkk_pika - database.py:238 - INFO - 数据库更新已下载章节
2026-09-30 02:02:04 - mkk_pika - database.py:244 - INFO - 该漫画已下载章节如下
2026-09-30 02:02:04 - mkk_pika - database.py:245 - INFO - ['第1集']
2026-09-30 02:02:05 - mkk_pika - main.py:348 - INFO - ==================== 漫画信息 ====================
                                   漫画ID：5d0cfaa429783f1dbe0c7851
                                   标题：ミリィちゃんはわがまま娘っ！
                                   作者：はるぐも。 (ねご屋)
                                   是否完结：否
                                   总页数：30
                                   分类：全彩,短篇,純愛,非人類
                                   章节数：1
                                   最后更新时间：2019-06-21T15:41:24.113Z
                                   =================================================
2026-09-30 02:02:05 - mkk_pika - database.py:101 - INFO - 保存成功：ミリィちゃんはわがまま娘っ！
2026-09-30 02:02:05 - mkk_pika - main.py:35 - INFO - 开始检查ねこかぶり 裝乖巧女孩是否存在未下载章节
2026-09-30 02:02:05 - mkk_pika - main.py:45 - INFO - 正在下载:[ねこかぶり 裝乖巧女孩]-[おから]-[['長篇', '短篇', '純愛', '單行本', '姐姐系', '妹妹系']]-[total_pages:187]
2026-09-30 02:02:05 - mkk_pika - main.py:49 - INFO - [{'_id': '5d0cfaad07a20d1dc41ba53b', 'title': '社保裝乖巧女孩的單行本', 'order': 1, 'updated_at': '2019-06-20T03:14:44.886Z', 'id': '5d0cfaad07a20d1dc41ba53b'}]
2026-09-30 02:02:05 - mkk_pika - database.py:215 - INFO - 第一次下载该漫画，记录数据库中
2026-09-30 02:02:07 - mkk_pika - main.py:83 - INFO - 找到 187 张图片在:社保裝乖巧女孩的單行本
2026-09-30 02:02:18 - mkk_pika - main.py:112 - INFO - [episode:社保裝乖巧女孩的單行本] downloaded:   187, total: 187, progress:100%
2026-09-30 02:02:18 - mkk_pika - database.py:238 - INFO - 数据库更新已下载章节
2026-09-30 02:02:18 - mkk_pika - database.py:244 - INFO - 该漫画已下载章节如下
2026-09-30 02:02:18 - mkk_pika - database.py:245 - INFO - ['社保裝乖巧女孩的單行本']
2026-09-30 02:02:19 - mkk_pika - main.py:348 - INFO - ==================== 漫画信息 ====================
                                   漫画ID：5d0cfaad07a20d1dc41ba53a
                                   标题：ねこかぶり 裝乖巧女孩
                                   作者：おから
                                   是否完结：是
                                   总页数：187
                                   分类：長篇,短篇,純愛,單行本,姐姐系,妹妹系
                                   章节数：1
                                   最后更新时间：2019-06-21T15:41:33.407Z
                                   =================================================
2026-09-30 02:02:19 - mkk_pika - database.py:101 - INFO - 保存成功：ねこかぶり 裝乖巧女孩
2026-09-30 02:02:19 - mkk_pika - main.py:35 - INFO - 开始检查これが私の勇者様是否存在未下载章节
2026-09-30 02:02:19 - mkk_pika - main.py:45 - INFO - 正在下载:[これが私の勇者様]-[moffle (マボ)]-[['短篇', '純愛', '非人類']]-[total_pages:35]
2026-09-30 02:02:19 - mkk_pika - main.py:49 - INFO - [{'_id': '5e13f516632b4a7769c872b0', 'title': '第1話', 'order': 1, 'updated_at': '2020-01-05T17:50:23.051Z', 'id': '5e13f516632b4a7769c872b0'}]
2026-09-30 02:02:19 - mkk_pika - database.py:215 - INFO - 第一次下载该漫画，记录数据库中
2026-09-30 02:02:20 - mkk_pika - main.py:83 - INFO - 找到 35 张图片在:第1話
2026-09-30 02:02:22 - mkk_pika - main.py:112 - INFO - [episode:第1話       ] downloaded:    35, total:  35, progress:100%
2026-09-30 02:02:22 - mkk_pika - database.py:238 - INFO - 数据库更新已下载章节
2026-09-30 02:02:22 - mkk_pika - database.py:244 - INFO - 该漫画已下载章节如下
2026-09-30 02:02:22 - mkk_pika - database.py:245 - INFO - ['第1話']
2026-09-30 02:02:24 - mkk_pika - main.py:348 - INFO - ==================== 漫画信息 ====================
                                   漫画ID：5d0cfb5050609e1dd65868e3
                                   标题：これが私の勇者様
                                   作者：moffle (マボ)
                                   是否完结：否
                                   总页数：35
                                   分类：短篇,純愛,非人類
                                   章节数：1
                                   最后更新时间：2019-06-21T15:44:16.880Z
                                   =================================================
2026-09-30 02:02:24 - mkk_pika - database.py:101 - INFO - 保存成功：これが私の勇者様
2026-09-30 02:02:24 - mkk_pika - main.py:35 - INFO - 开始检查電車にて是否存在未下载章节
2026-09-30 02:02:24 - mkk_pika - main.py:45 - INFO - 正在下载:[電車にて]-[ZOAL (LEN[A-7])]-[['同人', '短篇', '非人類']]-[total_pages:27]
2026-09-30 02:02:24 - mkk_pika - main.py:49 - INFO - [{'_id': '5d0cfc4207a20d1dc41ba5f8', 'title': '第1集', 'order': 1, 'updated_at': '2019-06-21T06:22:43.729Z', 'id': '5d0cfc4207a20d1dc41ba5f8'}]
2026-09-30 02:02:24 - mkk_pika - database.py:215 - INFO - 第一次下载该漫画，记录数据库中
2026-09-30 02:02:25 - mkk_pika - main.py:83 - INFO - 找到 28 张图片在:第1集
2026-09-30 02:02:26 - mkk_pika - main.py:112 - INFO - [episode:第1集       ] downloaded:    28, total:  28, progress:100%
2026-09-30 02:02:26 - mkk_pika - database.py:238 - INFO - 数据库更新已下载章节
2026-09-30 02:02:26 - mkk_pika - database.py:244 - INFO - 该漫画已下载章节如下
2026-09-30 02:02:26 - mkk_pika - database.py:245 - INFO - ['第1集']
2026-09-30 02:02:28 - mkk_pika - main.py:348 - INFO - ==================== 漫画信息 ====================
                                   漫画ID：5d0cfc4207a20d1dc41ba5f7
                                   标题：電車にて
                                   作者：ZOAL (LEN[A-7])
                                   是否完结：否
                                   总页数：27
                                   分类：同人,短篇,非人類
                                   章节数：1
                                   最后更新时间：2019-06-21T15:48:18.235Z
                                   =================================================
2026-09-30 02:02:28 - mkk_pika - database.py:101 - INFO - 保存成功：電車にて
2026-09-30 02:02:28 - mkk_pika - main.py:35 - INFO - 开始检查(COMIC1☆15)  鈴谷のここ、空いてますよ? (アズールレーン) [中国翻訳]是否存在未下载章节
2026-09-30 02:02:28 - mkk_pika - main.py:45 - INFO - 正在下载:[(COMIC1☆15)  鈴谷のここ、空いてますよ? (アズールレーン) [中国翻訳]]-[C.R's NEST (しーあーる)]-[['短篇', '同人', '純愛', '非人類']]-[total_pages:23]
2026-09-30 02:02:28 - mkk_pika - main.py:49 - INFO - [{'_id': '5d0cfcdf29783f1dbe0c79ba', 'title': '第1集', 'order': 1, 'updated_at': '2019-06-21T12:23:22.521Z', 'id': '5d0cfcdf29783f1dbe0c79ba'}]
2026-09-30 02:02:28 - mkk_pika - database.py:215 - INFO - 第一次下载该漫画，记录数据库中
2026-09-30 02:02:29 - mkk_pika - main.py:83 - INFO - 找到 23 张图片在:第1集
2026-09-30 02:02:30 - mkk_pika - main.py:112 - INFO - [episode:第1集       ] downloaded:    23, total:  23, progress:100%
2026-09-30 02:02:30 - mkk_pika - database.py:238 - INFO - 数据库更新已下载章节
2026-09-30 02:02:30 - mkk_pika - database.py:244 - INFO - 该漫画已下载章节如下
2026-09-30 02:02:30 - mkk_pika - database.py:245 - INFO - ['第1集']
2026-09-30 02:02:32 - mkk_pika - main.py:348 - INFO - ==================== 漫画信息 ====================
                                   漫画ID：5d0cfcdf29783f1dbe0c79b9
                                   标题：(COMIC1☆15)  鈴谷のここ、空いてますよ? (アズールレーン) [中国翻訳]
                                   作者：C.R's NEST (しーあーる)
                                   是否完结：是
                                   总页数：23
                                   分类：短篇,同人,純愛,非人類
                                   章节数：1
                                   最后更新时间：2019-06-21T15:50:55.782Z
                                   =================================================
2026-09-30 02:02:32 - mkk_pika - database.py:101 - INFO - 保存成功：(COMIC1☆15)  鈴谷のここ、空いてますよ? (アズールレーン) [中国翻訳]
2026-09-30 02:02:32 - mkk_pika - main.py:35 - INFO - 开始检查ナイフをひろった日。 [中国翻訳]是否存在未下载章节
2026-09-30 02:02:32 - mkk_pika - main.py:45 - INFO - 正在下载:[ナイフをひろった日。 [中国翻訳]]-[Okina Flying Factory (OKINA)]-[['短篇', 'SM', '強暴']]-[total_pages:26]
2026-09-30 02:02:32 - mkk_pika - main.py:49 - INFO - [{'_id': '5d0cfd4029783f1dbe0c7a26', 'title': '第1集', 'order': 1, 'updated_at': '2019-06-21T13:39:54.951Z', 'id': '5d0cfd4029783f1dbe0c7a26'}]
2026-09-30 02:02:32 - mkk_pika - database.py:215 - INFO - 第一次下载该漫画，记录数据库中
2026-09-30 02:02:32 - mkk_pika - main.py:83 - INFO - 找到 26 张图片在:第1集
2026-09-30 02:02:34 - mkk_pika - main.py:112 - INFO - [episode:第1集       ] downloaded:    26, total:  26, progress:100%
2026-09-30 02:02:34 - mkk_pika - database.py:238 - INFO - 数据库更新已下载章节
2026-09-30 02:02:34 - mkk_pika - database.py:244 - INFO - 该漫画已下载章节如下
2026-09-30 02:02:34 - mkk_pika - database.py:245 - INFO - ['第1集']
2026-09-30 02:02:36 - mkk_pika - main.py:348 - INFO - ==================== 漫画信息 ====================
                                   漫画ID：5d0cfd4029783f1dbe0c7a25
                                   标题：ナイフをひろった日。 [中国翻訳]
                                   作者：Okina Flying Factory (OKINA)
                                   是否完结：否
                                   总页数：26
                                   分类：短篇,SM,強暴
                                   章节数：1
                                   最后更新时间：2019-06-21T15:52:32.325Z
                                   =================================================
2026-09-30 02:02:36 - mkk_pika - database.py:101 - INFO - 保存成功：ナイフをひろった日。 [中国翻訳]
2026-09-30 02:02:36 - mkk_pika - main.py:35 - INFO - 开始检查(SPARK12) 初めてのエッチ失敗しちゃいましたっ (Fate/Grand Order) [中国翻訳]是否存在未下载章节
2026-09-30 02:02:36 - mkk_pika - main.py:45 - INFO - 正在下载:[(SPARK12) 初めてのエッチ失敗しちゃいましたっ (Fate/Grand Order) [中国翻訳]]-[もっちりきなこ (西野)]-[['短篇', '同人', 'Fate']]-[total_pages:39]
2026-09-30 02:02:36 - mkk_pika - main.py:49 - INFO - [{'_id': '5d0e3f7607a20d1dc41babd0', 'title': '第1集', 'order': 1, 'updated_at': '2019-06-21T16:30:14.053Z', 'id': '5d0e3f7607a20d1dc41babd0'}]
2026-09-30 02:02:36 - mkk_pika - database.py:215 - INFO - 第一次下载该漫画，记录数据库中
2026-09-30 02:02:37 - mkk_pika - main.py:83 - INFO - 找到 39 张图片在:第1集
2026-09-30 02:02:40 - mkk_pika - main.py:112 - INFO - [episode:第1集       ] downloaded:    39, total:  39, progress:100%
2026-09-30 02:02:40 - mkk_pika - database.py:238 - INFO - 数据库更新已下载章节
2026-09-30 02:02:40 - mkk_pika - database.py:244 - INFO - 该漫画已下载章节如下
2026-09-30 02:02:40 - mkk_pika - database.py:245 - INFO - ['第1集']
2026-09-30 02:02:41 - mkk_pika - main.py:348 - INFO - ==================== 漫画信息 ====================
                                   漫画ID：5d0e3f7607a20d1dc41babcf
                                   标题：(SPARK12) 初めてのエッチ失敗しちゃいましたっ (Fate/Grand Order) [中国翻訳]
                                   作者：もっちりきなこ (西野)
                                   是否完结：是
                                   总页数：39
                                   分类：短篇,同人,Fate
                                   章节数：1
                                   最后更新时间：2019-06-22T14:47:18.034Z
                                   =================================================
2026-09-30 02:02:41 - mkk_pika - database.py:101 - INFO - 保存成功：(SPARK12) 初めてのエッチ失敗しちゃいましたっ (Fate/Grand Order) [中国翻訳]
2026-09-30 02:02:41 - mkk_pika - main.py:35 - INFO - 开始检查 私は受験生の甥と関係を持ってしまいました [中国翻訳]是否存在未下载章节
2026-09-30 02:02:41 - mkk_pika - main.py:45 - INFO - 正在下载:[ 私は受験生の甥と関係を持ってしまいました [中国翻訳]]-[スタジオぱじゃ (PAJA)]-[['全彩', '短篇', '人妻']]-[total_pages:42]
2026-09-30 02:02:41 - mkk_pika - main.py:49 - INFO - [{'_id': '5d0e40d929783f1dbe0c7ff1', 'title': '第1集', 'order': 1, 'updated_at': '2019-06-21T17:13:48.648Z', 'id': '5d0e40d929783f1dbe0c7ff1'}]
2026-09-30 02:02:41 - mkk_pika - database.py:215 - INFO - 第一次下载该漫画，记录数据库中
2026-09-30 02:02:42 - mkk_pika - main.py:83 - INFO - 找到 42 张图片在:第1集
2026-09-30 02:02:45 - mkk_pika - main.py:112 - INFO - [episode:第1集       ] downloaded:    42, total:  42, progress:100%
2026-09-30 02:02:45 - mkk_pika - database.py:238 - INFO - 数据库更新已下载章节
2026-09-30 02:02:45 - mkk_pika - database.py:244 - INFO - 该漫画已下载章节如下
2026-09-30 02:02:45 - mkk_pika - database.py:245 - INFO - ['第1集']
2026-09-30 02:02:46 - mkk_pika - main.py:348 - INFO - ==================== 漫画信息 ====================
                                   漫画ID：5d0e40d929783f1dbe0c7ff0
                                   标题： 私は受験生の甥と関係を持ってしまいました [中国翻訳]
                                   作者：スタジオぱじゃ (PAJA)
                                   是否完结：是
                                   总页数：42
                                   分类：全彩,短篇,人妻
                                   章节数：1
                                   最后更新时间：2019-06-22T14:53:13.359Z
                                   =================================================
2026-09-30 02:02:46 - mkk_pika - database.py:101 - INFO - 保存成功： 私は受験生の甥と関係を持ってしまいました [中国翻訳]
2026-09-30 02:02:46 - mkk_pika - main.py:35 - INFO - 开始检查(C91) ウサギは今夜も発情期 (東方Project)是否存在未下载章节
2026-09-30 02:02:46 - mkk_pika - main.py:45 - INFO - 正在下载:[(C91) ウサギは今夜も発情期 (東方Project)]-[Reverse Noise (やむっ)]-[['短篇', '同人', '東方']]-[total_pages:28]
2026-09-30 02:02:46 - mkk_pika - main.py:49 - INFO - [{'_id': '5d0e40ef50609e1dd6586d5c', 'title': '第1集', 'order': 1, 'updated_at': '2019-06-21T23:49:58.179Z', 'id': '5d0e40ef50609e1dd6586d5c'}]
2026-09-30 02:02:46 - mkk_pika - database.py:215 - INFO - 第一次下载该漫画，记录数据库中
2026-09-30 02:02:47 - mkk_pika - main.py:83 - INFO - 找到 28 张图片在:第1集
2026-09-30 02:02:49 - mkk_pika - main.py:112 - INFO - [episode:第1集       ] downloaded:    28, total:  28, progress:100%
2026-09-30 02:02:49 - mkk_pika - database.py:238 - INFO - 数据库更新已下载章节
2026-09-30 02:02:49 - mkk_pika - database.py:244 - INFO - 该漫画已下载章节如下
2026-09-30 02:02:49 - mkk_pika - database.py:245 - INFO - ['第1集']
2026-09-30 02:02:50 - mkk_pika - main.py:348 - INFO - ==================== 漫画信息 ====================
                                   漫画ID：5d0e40ef50609e1dd6586d5b
                                   标题：(C91) ウサギは今夜も発情期 (東方Project)
                                   作者：Reverse Noise (やむっ)
                                   是否完结：是
                                   总页数：28
                                   分类：短篇,同人,東方
                                   章节数：1
                                   最后更新时间：2019-06-22T14:53:35.250Z
                                   =================================================
2026-09-30 02:02:50 - mkk_pika - database.py:101 - INFO - 保存成功：(C91) ウサギは今夜も発情期 (東方Project)
2026-09-30 02:02:50 - mkk_pika - main.py:35 - INFO - 开始检查(C92) 秘書艦の夕雲さん (艦隊これくしょん -艦これ-)是否存在未下载章节
2026-09-30 02:02:50 - mkk_pika - main.py:45 - INFO - 正在下载:[(C92) 秘書艦の夕雲さん (艦隊これくしょん -艦これ-)]-[Moon Wort (草月野々乃)]-[['同人', '短篇', '姐姐系', '艦隊收藏']]-[total_pages:22]
2026-09-30 02:02:50 - mkk_pika - main.py:49 - INFO - [{'_id': '5d0f795607a20d1dc41bb82c', 'title': '第1集', 'order': 1, 'updated_at': '2019-06-22T00:30:34.620Z', 'id': '5d0f795607a20d1dc41bb82c'}]
2026-09-30 02:02:50 - mkk_pika - database.py:215 - INFO - 第一次下载该漫画，记录数据库中
2026-09-30 02:02:51 - mkk_pika - main.py:83 - INFO - 找到 22 张图片在:第1集
2026-09-30 02:02:52 - mkk_pika - main.py:112 - INFO - [episode:第1集       ] downloaded:    22, total:  22, progress:100%
2026-09-30 02:02:52 - mkk_pika - database.py:238 - INFO - 数据库更新已下载章节
2026-09-30 02:02:52 - mkk_pika - database.py:244 - INFO - 该漫画已下载章节如下
2026-09-30 02:02:52 - mkk_pika - database.py:245 - INFO - ['第1集']
2026-09-30 02:02:54 - mkk_pika - main.py:348 - INFO - ==================== 漫画信息 ====================
                                   漫画ID：5d0f795607a20d1dc41bb82b
                                   标题：(C92) 秘書艦の夕雲さん (艦隊これくしょん -艦これ-)
                                   作者：Moon Wort (草月野々乃)
                                   是否完结：否
                                   总页数：22
                                   分类：同人,短篇,姐姐系,艦隊收藏
                                   章节数：1
                                   最后更新时间：2019-06-23T13:06:30.140Z
                                   =================================================
2026-09-30 02:02:54 - mkk_pika - database.py:101 - INFO - 保存成功：(C92) 秘書艦の夕雲さん (艦隊これくしょん -艦これ-)
2026-09-30 02:02:54 - mkk_pika - main.py:35 - INFO - 开始检查表紙にいっぱいコンドームを描いているけど中身にはコンドームがないアビゲイルの薄い本 (Fate/Grand Order) [中国翻訳]是否存在未下载章节
2026-09-30 02:02:54 - mkk_pika - main.py:45 - INFO - 正在下载:[表紙にいっぱいコンドームを描いているけど中身にはコンドームがないアビゲイルの薄い本 (Fate/Grand Order) [中国翻訳]]-[四季注意 (四季)]-[['同人', '短篇', 'Fate']]-[total_pages:28]
2026-09-30 02:02:54 - mkk_pika - main.py:49 - INFO - [{'_id': '5d0f79c550609e1dd65873a9', 'title': '第1集', 'order': 1, 'updated_at': '2019-06-22T02:55:15.148Z', 'id': '5d0f79c550609e1dd65873a9'}]
2026-09-30 02:02:54 - mkk_pika - database.py:215 - INFO - 第一次下载该漫画，记录数据库中
2026-09-30 02:02:55 - mkk_pika - main.py:83 - INFO - 找到 28 张图片在:第1集
2026-09-30 02:02:56 - mkk_pika - main.py:112 - INFO - [episode:第1集       ] downloaded:    28, total:  28, progress:100%
2026-09-30 02:02:56 - mkk_pika - database.py:238 - INFO - 数据库更新已下载章节
2026-09-30 02:02:56 - mkk_pika - database.py:244 - INFO - 该漫画已下载章节如下
2026-09-30 02:02:56 - mkk_pika - database.py:245 - INFO - ['第1集']
2026-09-30 02:02:58 - mkk_pika - main.py:348 - INFO - ==================== 漫画信息 ====================
                                   漫画ID：5d0f79c550609e1dd65873a8
                                   标题：表紙にいっぱいコンドームを描いているけど中身にはコンドームがないアビゲイルの薄い本 (Fate/Grand Order) [中国翻訳]
                                   作者：四季注意 (四季)
                                   是否完结：是
                                   总页数：28
                                   分类：同人,短篇,Fate
                                   章节数：1
                                   最后更新时间：2019-06-23T13:08:21.989Z
                                   =================================================
2026-09-30 02:02:58 - mkk_pika - database.py:101 - INFO - 保存成功：表紙にいっぱいコンドームを描いているけど中身にはコンドームがないアビゲイルの薄い本 (Fate/Grand Order) [中国翻訳]
2026-09-30 02:02:58 - mkk_pika - main.py:35 - INFO - 开始检查(C94)  ショタと同棲してたら発情期に入っちゃいました (東方Project) [中国翻訳]是否存在未下载章节
2026-09-30 02:02:58 - mkk_pika - main.py:45 - INFO - 正在下载:[(C94)  ショタと同棲してたら発情期に入っちゃいました (東方Project) [中国翻訳]]-[こまめすがた (吾暮えくと)]-[['短篇', '同人', '東方', '純愛']]-[total_pages:28]
2026-09-30 02:02:58 - mkk_pika - main.py:49 - INFO - [{'_id': '5d0f79ea29783f1dbe0c8b0f', 'title': '第1集', 'order': 1, 'updated_at': '2019-06-22T04:12:23.884Z', 'id': '5d0f79ea29783f1dbe0c8b0f'}]
2026-09-30 02:02:58 - mkk_pika - database.py:215 - INFO - 第一次下载该漫画，记录数据库中
2026-09-30 02:02:59 - mkk_pika - main.py:83 - INFO - 找到 28 张图片在:第1集
2026-09-30 02:03:01 - mkk_pika - main.py:112 - INFO - [episode:第1集       ] downloaded:    28, total:  28, progress:100%
2026-09-30 02:03:01 - mkk_pika - database.py:238 - INFO - 数据库更新已下载章节
2026-09-30 02:03:01 - mkk_pika - database.py:244 - INFO - 该漫画已下载章节如下
2026-09-30 02:03:01 - mkk_pika - database.py:245 - INFO - ['第1集']
2026-09-30 02:03:02 - mkk_pika - main.py:348 - INFO - ==================== 漫画信息 ====================
                                   漫画ID：5d0f79ea29783f1dbe0c8b0e
                                   标题：(C94)  ショタと同棲してたら発情期に入っちゃいました (東方Project) [中国翻訳]
                                   作者：こまめすがた (吾暮えくと)
                                   是否完结：是
                                   总页数：28
                                   分类：短篇,同人,東方,純愛
                                   章节数：1
                                   最后更新时间：2019-06-23T13:08:58.512Z
                                   =================================================
2026-09-30 02:03:02 - mkk_pika - database.py:101 - INFO - 保存成功：(C94)  ショタと同棲してたら発情期に入っちゃいました (東方Project) [中国翻訳]
2026-09-30 02:03:02 - mkk_pika - main.py:35 - INFO - 开始检查 天使学園の寮姦性活 sidestory -リリス姉妹の休日- (コミック エグゼ 19) [中国翻訳] [DL版]是否存在未下载章节
2026-09-30 02:03:02 - mkk_pika - main.py:45 - INFO - 正在下载:[ 天使学園の寮姦性活 sidestory -リリス姉妹の休日- (コミック エグゼ 19) [中国翻訳] [DL版]]-[桂井よしあき]-[['短篇', '後宮閃光']]-[total_pages:12]
2026-09-30 02:03:02 - mkk_pika - main.py:49 - INFO - [{'_id': '5d0f7a0129783f1dbe0c8b2d', 'title': '第1集', 'order': 1, 'updated_at': '2019-06-22T04:15:56.798Z', 'id': '5d0f7a0129783f1dbe0c8b2d'}]
2026-09-30 02:03:02 - mkk_pika - database.py:215 - INFO - 第一次下载该漫画，记录数据库中
2026-09-30 02:03:03 - mkk_pika - main.py:83 - INFO - 找到 12 张图片在:第1集
2026-09-30 02:03:04 - mkk_pika - main.py:112 - INFO - [episode:第1集       ] downloaded:    12, total:  12, progress:100%
2026-09-30 02:03:04 - mkk_pika - database.py:238 - INFO - 数据库更新已下载章节
2026-09-30 02:03:04 - mkk_pika - database.py:244 - INFO - 该漫画已下载章节如下
2026-09-30 02:03:04 - mkk_pika - database.py:245 - INFO - ['第1集']
2026-09-30 02:03:05 - mkk_pika - main.py:348 - INFO - ==================== 漫画信息 ====================
                                   漫画ID：5d0f7a0129783f1dbe0c8b2c
                                   标题： 天使学園の寮姦性活 sidestory -リリス姉妹の休日- (コミック エグゼ 19) [中国翻訳] [DL版]
                                   作者：桂井よしあき
                                   是否完结：是
                                   总页数：12
                                   分类：短篇,後宮閃光
                                   章节数：1
                                   最后更新时间：2019-06-23T13:09:21.057Z
                                   =================================================
2026-09-30 02:03:05 - mkk_pika - database.py:101 - INFO - 保存成功： 天使学園の寮姦性活 sidestory -リリス姉妹の休日- (コミック エグゼ 19) [中国翻訳] [DL版]
2026-09-30 02:03:05 - mkk_pika - main.py:35 - INFO - 开始检查 電車のナカで (コミック エグゼ 18) 是否存在未下载章节
2026-09-30 02:03:06 - mkk_pika - main.py:45 - INFO - 正在下载:[ 電車のナカで (コミック エグゼ 18) ]-[なしぱすた]-[['短篇']]-[total_pages:27]
2026-09-30 02:03:06 - mkk_pika - main.py:49 - INFO - [{'_id': '5d0f7ad750609e1dd65873cf', 'title': '第1集', 'order': 1, 'updated_at': '2019-06-22T06:11:49.590Z', 'id': '5d0f7ad750609e1dd65873cf'}]
2026-09-30 02:03:06 - mkk_pika - database.py:215 - INFO - 第一次下载该漫画，记录数据库中
2026-09-30 02:03:06 - mkk_pika - main.py:83 - INFO - 找到 27 张图片在:第1集
2026-09-30 02:03:08 - mkk_pika - main.py:112 - INFO - [episode:第1集       ] downloaded:    27, total:  27, progress:100%
2026-09-30 02:03:08 - mkk_pika - database.py:238 - INFO - 数据库更新已下载章节
2026-09-30 02:03:08 - mkk_pika - database.py:244 - INFO - 该漫画已下载章节如下
2026-09-30 02:03:08 - mkk_pika - database.py:245 - INFO - ['第1集']
2026-09-30 02:03:09 - mkk_pika - main.py:348 - INFO - ==================== 漫画信息 ====================
                                   漫画ID：5d0f7ad750609e1dd65873ce
                                   标题： 電車のナカで (コミック エグゼ 18) 
                                   作者：なしぱすた
                                   是否完结：是
                                   总页数：27
                                   分类：短篇
                                   章节数：1
                                   最后更新时间：2019-06-23T13:12:55.212Z
                                   =================================================
2026-09-30 02:03:09 - mkk_pika - database.py:101 - INFO - 保存成功： 電車のナカで (コミック エグゼ 18) 
2026-09-30 02:03:09 - mkk_pika - main.py:35 - INFO - 开始检查猫の怨返し (永遠娘6)是否存在未下载章节
2026-09-30 02:03:10 - mkk_pika - main.py:45 - INFO - 正在下载:[猫の怨返し (永遠娘6)]-[びんせん]-[['短篇', '非人類']]-[total_pages:24]
2026-09-30 02:03:10 - mkk_pika - main.py:49 - INFO - [{'_id': '5d0f7ae686c4a11dd0b96833', 'title': '第1集', 'order': 1, 'updated_at': '2019-06-21T14:12:08.291Z', 'id': '5d0f7ae686c4a11dd0b96833'}]
2026-09-30 02:03:10 - mkk_pika - database.py:215 - INFO - 第一次下载该漫画，记录数据库中
2026-09-30 02:03:11 - mkk_pika - main.py:83 - INFO - 找到 24 张图片在:第1集
2026-09-30 02:03:12 - mkk_pika - main.py:112 - INFO - [episode:第1集       ] downloaded:    24, total:  24, progress:100%
2026-09-30 02:03:12 - mkk_pika - database.py:238 - INFO - 数据库更新已下载章节
2026-09-30 02:03:12 - mkk_pika - database.py:244 - INFO - 该漫画已下载章节如下
2026-09-30 02:03:12 - mkk_pika - database.py:245 - INFO - ['第1集']
2026-09-30 02:03:14 - mkk_pika - main.py:348 - INFO - ==================== 漫画信息 ====================
                                   漫画ID：5d0f7ae686c4a11dd0b96832
                                   标题：猫の怨返し (永遠娘6)
                                   作者：びんせん
                                   是否完结：否
                                   总页数：24
                                   分类：短篇,非人類
                                   章节数：1
                                   最后更新时间：2019-06-23T13:13:10.447Z
                                   =================================================
2026-09-30 02:03:14 - mkk_pika - database.py:101 - INFO - 保存成功：猫の怨返し (永遠娘6)
2026-09-30 02:03:14 - mkk_pika - main.py:35 - INFO - 开始检查 さすおに!〆 (魔法科高校の劣等生) [中国翻訳] [DL版]是否存在未下载章节
2026-09-30 02:03:14 - mkk_pika - main.py:45 - INFO - 正在下载:[ さすおに!〆 (魔法科高校の劣等生) [中国翻訳] [DL版]]-[赤兎 (復八磨直兎)]-[['短篇', '同人', '純愛', '後宮閃光']]-[total_pages:134]
2026-09-30 02:03:14 - mkk_pika - main.py:49 - INFO - [{'_id': '5d0f7b0e50609e1dd65873ec', 'title': '〆', 'order': 1, 'updated_at': '2019-06-22T08:30:09.698Z', 'id': '5d0f7b0e50609e1dd65873ec'}, {'_id': '5d0f7b0e50609e1dd65873ed', 'title': '第3集', 'order': 2, 'updated_at': '2019-06-22T08:38:40.104Z', 'id': '5d0f7b0e50609e1dd65873ed'}, {'_id': '5d0f7b0e50609e1dd65873ee', 'title': '第4集', 'order': 3, 'updated_at': '2019-06-22T08:45:18.595Z', 'id': '5d0f7b0e50609e1dd65873ee'}]
2026-09-30 02:03:14 - mkk_pika - database.py:215 - INFO - 第一次下载该漫画，记录数据库中
2026-09-30 02:03:15 - mkk_pika - main.py:83 - INFO - 找到 53 张图片在:〆
2026-09-30 02:03:18 - mkk_pika - main.py:112 - INFO - [episode:〆         ] downloaded:    53, total:  53, progress:100%
2026-09-30 02:03:18 - mkk_pika - database.py:238 - INFO - 数据库更新已下载章节
2026-09-30 02:03:18 - mkk_pika - database.py:244 - INFO - 该漫画已下载章节如下
2026-09-30 02:03:18 - mkk_pika - database.py:245 - INFO - ['〆']
2026-09-30 02:03:20 - mkk_pika - main.py:83 - INFO - 找到 43 张图片在:第3集
2026-09-30 02:03:23 - mkk_pika - main.py:112 - INFO - [episode:第3集       ] downloaded:    43, total:  43, progress:100%
2026-09-30 02:03:23 - mkk_pika - database.py:238 - INFO - 数据库更新已下载章节
2026-09-30 02:03:23 - mkk_pika - database.py:244 - INFO - 该漫画已下载章节如下
2026-09-30 02:03:23 - mkk_pika - database.py:245 - INFO - ['〆', '第3集']
2026-09-30 02:03:24 - mkk_pika - main.py:83 - INFO - 找到 38 张图片在:第4集
2026-09-30 02:03:27 - mkk_pika - main.py:112 - INFO - [episode:第4集       ] downloaded:    38, total:  38, progress:100%
2026-09-30 02:03:27 - mkk_pika - database.py:238 - INFO - 数据库更新已下载章节
2026-09-30 02:03:27 - mkk_pika - database.py:244 - INFO - 该漫画已下载章节如下
2026-09-30 02:03:27 - mkk_pika - database.py:245 - INFO - ['〆', '第3集', '第4集']
2026-09-30 02:03:28 - mkk_pika - main.py:348 - INFO - ==================== 漫画信息 ====================
                                   漫画ID：5d0f7b0e50609e1dd65873eb
                                   标题： さすおに!〆 (魔法科高校の劣等生) [中国翻訳] [DL版]
                                   作者：赤兎 (復八磨直兎)
                                   是否完结：是
                                   总页数：134
                                   分类：短篇,同人,純愛,後宮閃光
                                   章节数：3
                                   最后更新时间：2019-06-23T13:13:50.513Z
                                   =================================================
2026-09-30 02:03:28 - mkk_pika - database.py:101 - INFO - 保存成功： さすおに!〆 (魔法科高校の劣等生) [中国翻訳] [DL版]
2026-09-30 02:03:28 - mkk_pika - main.py:35 - INFO - 开始检查(C92)  Lovey Dovey (新世紀エヴァンゲリオン) [中国翻訳]是否存在未下载章节
2026-09-30 02:03:28 - mkk_pika - main.py:45 - INFO - 正在下载:[(C92)  Lovey Dovey (新世紀エヴァンゲリオン) [中国翻訳]]-[瓦屋本舗 (瓦屋A太)]-[['短篇', '同人', '扶他樂園']]-[total_pages:37]
2026-09-30 02:03:28 - mkk_pika - main.py:49 - INFO - [{'_id': '5d0f7bc329783f1dbe0c8b3c', 'title': '第1集', 'order': 1, 'updated_at': '2019-06-22T09:32:36.758Z', 'id': '5d0f7bc329783f1dbe0c8b3c'}]
2026-09-30 02:03:28 - mkk_pika - database.py:215 - INFO - 第一次下载该漫画，记录数据库中
2026-09-30 02:03:29 - mkk_pika - main.py:83 - INFO - 找到 37 张图片在:第1集
2026-09-30 02:03:32 - mkk_pika - main.py:112 - INFO - [episode:第1集       ] downloaded:    37, total:  37, progress:100%
2026-09-30 02:03:32 - mkk_pika - database.py:238 - INFO - 数据库更新已下载章节
2026-09-30 02:03:32 - mkk_pika - database.py:244 - INFO - 该漫画已下载章节如下
2026-09-30 02:03:32 - mkk_pika - database.py:245 - INFO - ['第1集']
2026-09-30 02:03:33 - mkk_pika - main.py:348 - INFO - ==================== 漫画信息 ====================
                                   漫画ID：5d0f7bc329783f1dbe0c8b3b
                                   标题：(C92)  Lovey Dovey (新世紀エヴァンゲリオン) [中国翻訳]
                                   作者：瓦屋本舗 (瓦屋A太)
                                   是否完结：是
                                   总页数：37
                                   分类：短篇,同人,扶他樂園
                                   章节数：1
                                   最后更新时间：2019-06-23T13:16:51.579Z
                                   =================================================
2026-09-30 02:03:33 - mkk_pika - database.py:101 - INFO - 保存成功：(C92)  Lovey Dovey (新世紀エヴァンゲリオン) [中国翻訳]
2026-09-30 02:03:33 - mkk_pika - main.py:35 - INFO - 开始检查毒ある花の甘い蜜 毒淫花的甘甜蜜是否存在未下载章节
2026-09-30 02:03:33 - mkk_pika - main.py:45 - INFO - 正在下载:[毒ある花の甘い蜜 毒淫花的甘甜蜜]-[東雲龍]-[['長篇', '純愛', '單行本', '短篇', '姐姐系', 'SM', '人妻', 'NTR', '強暴']]-[total_pages:194]
2026-09-30 02:03:33 - mkk_pika - main.py:49 - INFO - [{'_id': '5d0f7bc907a20d1dc41bb8a7', 'title': '毒淫花的甘甜蜜單行本', 'order': 1, 'updated_at': '2019-06-20T03:53:41.773Z', 'id': '5d0f7bc907a20d1dc41bb8a7'}]
2026-09-30 02:03:33 - mkk_pika - database.py:215 - INFO - 第一次下载该漫画，记录数据库中
2026-09-30 02:03:35 - mkk_pika - main.py:83 - INFO - 找到 194 张图片在:毒淫花的甘甜蜜單行本
2026-09-30 02:03:46 - mkk_pika - main.py:112 - INFO - [episode:毒淫花的甘甜蜜單行本] downloaded:   194, total: 194, progress:100%
2026-09-30 02:03:46 - mkk_pika - database.py:238 - INFO - 数据库更新已下载章节
2026-09-30 02:03:46 - mkk_pika - database.py:244 - INFO - 该漫画已下载章节如下
2026-09-30 02:03:46 - mkk_pika - database.py:245 - INFO - ['毒淫花的甘甜蜜單行本']
2026-09-30 02:03:47 - mkk_pika - main.py:348 - INFO - ==================== 漫画信息 ====================
                                   漫画ID：5d0f7bc907a20d1dc41bb8a6
                                   标题：毒ある花の甘い蜜 毒淫花的甘甜蜜
                                   作者：東雲龍
                                   是否完结：是
                                   总页数：194
                                   分类：長篇,純愛,單行本,短篇,姐姐系,SM,人妻,NTR,強暴
                                   章节数：1
                                   最后更新时间：2019-06-23T13:16:57.263Z
                                   =================================================
2026-09-30 02:03:47 - mkk_pika - database.py:101 - INFO - 保存成功：毒ある花の甘い蜜 毒淫花的甘甜蜜
2026-09-30 02:03:47 - mkk_pika - main.py:35 - INFO - 开始检查花びら乙女 花唇瓣乙女是否存在未下载章节
2026-09-30 02:03:47 - mkk_pika - main.py:45 - INFO - 正在下载:[花びら乙女 花唇瓣乙女]-[夏桜]-[['長篇', '純愛', '姐姐系', '妹妹系', 'SM', '單行本', '短篇', '足の恋']]-[total_pages:201]
2026-09-30 02:03:47 - mkk_pika - main.py:49 - INFO - [{'_id': '5d0f7bf107a20d1dc41bb96c', 'title': '花樣美少女的單行本', 'order': 1, 'updated_at': '2019-06-20T04:00:51.510Z', 'id': '5d0f7bf107a20d1dc41bb96c'}]
2026-09-30 02:03:47 - mkk_pika - database.py:215 - INFO - 第一次下载该漫画，记录数据库中
2026-09-30 02:03:49 - mkk_pika - main.py:83 - INFO - 找到 201 张图片在:花樣美少女的單行本
2026-09-30 02:04:00 - mkk_pika - main.py:112 - INFO - [episode:花樣美少女的單行本 ] downloaded:   201, total: 201, progress:100%
2026-09-30 02:04:00 - mkk_pika - database.py:238 - INFO - 数据库更新已下载章节
2026-09-30 02:04:00 - mkk_pika - database.py:244 - INFO - 该漫画已下载章节如下
2026-09-30 02:04:00 - mkk_pika - database.py:245 - INFO - ['花樣美少女的單行本']
2026-09-30 02:04:02 - mkk_pika - main.py:348 - INFO - ==================== 漫画信息 ====================
                                   漫画ID：5d0f7bf107a20d1dc41bb96b
                                   标题：花びら乙女 花唇瓣乙女
                                   作者：夏桜
                                   是否完结：是
                                   总页数：201
                                   分类：長篇,純愛,姐姐系,妹妹系,SM,單行本,短篇,足の恋
                                   章节数：1
                                   最后更新时间：2019-06-23T13:17:37.090Z
                                   =================================================
2026-09-30 02:04:02 - mkk_pika - database.py:101 - INFO - 保存成功：花びら乙女 花唇瓣乙女
2026-09-30 02:04:02 - mkk_pika - main.py:35 - INFO - 开始检查(サンクリ2019 Summer) お願い提督っ! (艦隊これくしょん -艦これ-) [中国翻訳]是否存在未下载章节
2026-09-30 02:04:02 - mkk_pika - main.py:45 - INFO - 正在下载:[(サンクリ2019 Summer) お願い提督っ! (艦隊これくしょん -艦これ-) [中国翻訳]]-[HMA (日吉ハナ)]-[['短篇', '同人', '艦隊收藏', '純愛']]-[total_pages:16]
2026-09-30 02:04:02 - mkk_pika - main.py:49 - INFO - [{'_id': '5d0f7cdf86c4a11dd0b9687c', 'title': '第1集', 'order': 1, 'updated_at': '2019-06-22T15:47:55.554Z', 'id': '5d0f7cdf86c4a11dd0b9687c'}]
2026-09-30 02:04:02 - mkk_pika - database.py:215 - INFO - 第一次下载该漫画，记录数据库中
2026-09-30 02:04:02 - mkk_pika - main.py:83 - INFO - 找到 16 张图片在:第1集
2026-09-30 02:04:04 - mkk_pika - main.py:112 - INFO - [episode:第1集       ] downloaded:    16, total:  16, progress:100%
2026-09-30 02:04:04 - mkk_pika - database.py:238 - INFO - 数据库更新已下载章节
2026-09-30 02:04:04 - mkk_pika - database.py:244 - INFO - 该漫画已下载章节如下
2026-09-30 02:04:04 - mkk_pika - database.py:245 - INFO - ['第1集']
2026-09-30 02:04:05 - mkk_pika - main.py:348 - INFO - ==================== 漫画信息 ====================
                                   漫画ID：5d0f7cdf86c4a11dd0b9687b
                                   标题：(サンクリ2019 Summer) お願い提督っ! (艦隊これくしょん -艦これ-) [中国翻訳]
                                   作者：HMA (日吉ハナ)
                                   是否完结：是
                                   总页数：16
                                   分类：短篇,同人,艦隊收藏,純愛
                                   章节数：1
                                   最后更新时间：2019-06-23T13:21:35.194Z
                                   =================================================
2026-09-30 02:04:05 - mkk_pika - database.py:101 - INFO - 保存成功：(サンクリ2019 Summer) お願い提督っ! (艦隊これくしょん -艦これ-) [中国翻訳]
2026-09-30 02:04:05 - mkk_pika - main.py:35 - INFO - 开始检查(C94)  キュアップ・ラパパでネコになぁれ! (魔法つかいプリキュア!)[中国翻訳]是否存在未下载章节
2026-09-30 02:04:05 - mkk_pika - main.py:45 - INFO - 正在下载:[(C94)  キュアップ・ラパパでネコになぁれ! (魔法つかいプリキュア!)[中国翻訳]]-[ぱりぱりきゃんでぃー (ここり)]-[['短篇', '同人', '百合花園']]-[total_pages:18]
2026-09-30 02:04:05 - mkk_pika - main.py:49 - INFO - [{'_id': '5d0f7cf950609e1dd6587479', 'title': '第1集', 'order': 1, 'updated_at': '2019-06-22T16:45:34.155Z', 'id': '5d0f7cf950609e1dd6587479'}]
2026-09-30 02:04:05 - mkk_pika - database.py:215 - INFO - 第一次下载该漫画，记录数据库中
2026-09-30 02:04:06 - mkk_pika - main.py:83 - INFO - 找到 18 张图片在:第1集
2026-09-30 02:04:07 - mkk_pika - main.py:112 - INFO - [episode:第1集       ] downloaded:    18, total:  18, progress:100%
2026-09-30 02:04:07 - mkk_pika - database.py:238 - INFO - 数据库更新已下载章节
2026-09-30 02:04:07 - mkk_pika - database.py:244 - INFO - 该漫画已下载章节如下
2026-09-30 02:04:07 - mkk_pika - database.py:245 - INFO - ['第1集']
2026-09-30 02:04:08 - mkk_pika - main.py:348 - INFO - ==================== 漫画信息 ====================
                                   漫画ID：5d0f7cf950609e1dd6587478
                                   标题：(C94)  キュアップ・ラパパでネコになぁれ! (魔法つかいプリキュア!)[中国翻訳]
                                   作者：ぱりぱりきゃんでぃー (ここり)
                                   是否完结：是
                                   总页数：18
                                   分类：短篇,同人,百合花園
                                   章节数：1
                                   最后更新时间：2019-06-23T13:22:01.362Z
                                   =================================================
2026-09-30 02:04:08 - mkk_pika - database.py:101 - INFO - 保存成功：(C94)  キュアップ・ラパパでネコになぁれ! (魔法つかいプリキュア!)[中国翻訳]
2026-09-30 02:04:08 - mkk_pika - main.py:35 - INFO - 开始检查(C95)  STRAY GIRLS (ゲゲゲの鬼太郎) [中国翻訳]是否存在未下载章节
2026-09-30 02:04:09 - mkk_pika - main.py:45 - INFO - 正在下载:[(C95)  STRAY GIRLS (ゲゲゲの鬼太郎) [中国翻訳]]-[超時空要塞カチューシャ (電気将軍)]-[['短篇', '強暴', '同人']]-[total_pages:19]
2026-09-30 02:04:09 - mkk_pika - main.py:49 - INFO - [{'_id': '5d0f7da529783f1dbe0c8b67', 'title': '第1集', 'order': 1, 'updated_at': '2019-06-22T17:35:14.076Z', 'id': '5d0f7da529783f1dbe0c8b67'}]
2026-09-30 02:04:09 - mkk_pika - database.py:215 - INFO - 第一次下载该漫画，记录数据库中
2026-09-30 02:04:09 - mkk_pika - main.py:83 - INFO - 找到 19 张图片在:第1集
2026-09-30 02:04:11 - mkk_pika - main.py:112 - INFO - [episode:第1集       ] downloaded:    19, total:  19, progress:100%
2026-09-30 02:04:11 - mkk_pika - database.py:238 - INFO - 数据库更新已下载章节
2026-09-30 02:04:11 - mkk_pika - database.py:244 - INFO - 该漫画已下载章节如下
2026-09-30 02:04:11 - mkk_pika - database.py:245 - INFO - ['第1集']
2026-09-30 02:04:12 - mkk_pika - main.py:348 - INFO - ==================== 漫画信息 ====================
                                   漫画ID：5d0f7da529783f1dbe0c8b66
                                   标题：(C95)  STRAY GIRLS (ゲゲゲの鬼太郎) [中国翻訳]
                                   作者：超時空要塞カチューシャ (電気将軍)
                                   是否完结：是
                                   总页数：19
                                   分类：短篇,強暴,同人
                                   章节数：1
                                   最后更新时间：2019-06-23T13:24:53.312Z
                                   =================================================
2026-09-30 02:04:12 - mkk_pika - database.py:101 - INFO - 保存成功：(C95)  STRAY GIRLS (ゲゲゲの鬼太郎) [中国翻訳]
2026-09-30 02:04:12 - mkk_pika - main.py:35 - INFO - 开始检查(COMIC1☆13)  となりの乳王さま 二幕 (Fate/Grand Order) [中国翻訳]是否存在未下载章节
2026-09-30 02:04:13 - mkk_pika - main.py:45 - INFO - 正在下载:[(COMIC1☆13)  となりの乳王さま 二幕 (Fate/Grand Order) [中国翻訳]]-[妖滅堂 (ヤサカニ・アン)]-[['短篇', '純愛', '同人', 'Fate']]-[total_pages:30]
2026-09-30 02:04:13 - mkk_pika - main.py:49 - INFO - [{'_id': '5d0f7ea829783f1dbe0c8bd2', 'title': '第1集', 'order': 1, 'updated_at': '2019-06-22T20:36:52.931Z', 'id': '5d0f7ea829783f1dbe0c8bd2'}]
2026-09-30 02:04:13 - mkk_pika - database.py:215 - INFO - 第一次下载该漫画，记录数据库中
2026-09-30 02:04:13 - mkk_pika - main.py:83 - INFO - 找到 30 张图片在:第1集
2026-09-30 02:04:15 - mkk_pika - main.py:112 - INFO - [episode:第1集       ] downloaded:    30, total:  30, progress:100%
2026-09-30 02:04:15 - mkk_pika - database.py:238 - INFO - 数据库更新已下载章节
2026-09-30 02:04:15 - mkk_pika - database.py:244 - INFO - 该漫画已下载章节如下
2026-09-30 02:04:15 - mkk_pika - database.py:245 - INFO - ['第1集']
2026-09-30 02:04:17 - mkk_pika - main.py:348 - INFO - ==================== 漫画信息 ====================
                                   漫画ID：5d0f7ea829783f1dbe0c8bd1
                                   标题：(COMIC1☆13)  となりの乳王さま 二幕 (Fate/Grand Order) [中国翻訳]
                                   作者：妖滅堂 (ヤサカニ・アン)
                                   是否完结：是
                                   总页数：30
                                   分类：短篇,純愛,同人,Fate
                                   章节数：1
                                   最后更新时间：2019-06-23T13:29:12.739Z
                                   =================================================
2026-09-30 02:04:17 - mkk_pika - database.py:101 - INFO - 保存成功：(COMIC1☆13)  となりの乳王さま 二幕 (Fate/Grand Order) [中国翻訳]
2026-09-30 02:04:17 - mkk_pika - main.py:35 - INFO - 开始检查(COMIC1☆11) 暴君の秘密のスキマ (Fate/Grand Order) [中国翻訳]是否存在未下载章节
2026-09-30 02:04:17 - mkk_pika - main.py:45 - INFO - 正在下载:[(COMIC1☆11) 暴君の秘密のスキマ (Fate/Grand Order) [中国翻訳]]-[妖滅堂 (ヤサカニ・アン)]-[['短篇', '同人', '純愛', 'Fate']]-[total_pages:25]
2026-09-30 02:04:17 - mkk_pika - main.py:49 - INFO - [{'_id': '5d0f7eba07a20d1dc41bba39', 'title': '第1集', 'order': 1, 'updated_at': '2019-06-22T21:18:35.971Z', 'id': '5d0f7eba07a20d1dc41bba39'}]
2026-09-30 02:04:17 - mkk_pika - database.py:215 - INFO - 第一次下载该漫画，记录数据库中
2026-09-30 02:04:18 - mkk_pika - main.py:83 - INFO - 找到 25 张图片在:第1集
2026-09-30 02:04:19 - mkk_pika - main.py:112 - INFO - [episode:第1集       ] downloaded:    25, total:  25, progress:100%
2026-09-30 02:04:19 - mkk_pika - database.py:238 - INFO - 数据库更新已下载章节
2026-09-30 02:04:19 - mkk_pika - database.py:244 - INFO - 该漫画已下载章节如下
2026-09-30 02:04:19 - mkk_pika - database.py:245 - INFO - ['第1集']
2026-09-30 02:04:21 - mkk_pika - main.py:348 - INFO - ==================== 漫画信息 ====================
                                   漫画ID：5d0f7eba07a20d1dc41bba38
                                   标题：(COMIC1☆11) 暴君の秘密のスキマ (Fate/Grand Order) [中国翻訳]
                                   作者：妖滅堂 (ヤサカニ・アン)
                                   是否完结：是
                                   总页数：25
                                   分类：短篇,同人,純愛,Fate
                                   章节数：1
                                   最后更新时间：2019-06-23T13:29:30.985Z
                                   =================================================
2026-09-30 02:04:21 - mkk_pika - database.py:101 - INFO - 保存成功：(COMIC1☆11) 暴君の秘密のスキマ (Fate/Grand Order) [中国翻訳]
2026-09-30 02:04:21 - mkk_pika - main.py:35 - INFO - 开始检查2011年異種姦の旅 -オオトカゲ編- デジタル版是否存在未下载章节
2026-09-30 02:04:21 - mkk_pika - main.py:45 - INFO - 正在下载:[2011年異種姦の旅 -オオトカゲ編- デジタル版]-[余はおかずを所望しておる (しあん)]-[['短篇', '非人類']]-[total_pages:17]
2026-09-30 02:04:21 - mkk_pika - main.py:49 - INFO - [{'_id': '5d0f80df07a20d1dc41bbb41', 'title': '第1集', 'order': 1, 'updated_at': '2019-06-23T06:27:19.874Z', 'id': '5d0f80df07a20d1dc41bbb41'}]
2026-09-30 02:04:21 - mkk_pika - database.py:215 - INFO - 第一次下载该漫画，记录数据库中
2026-09-30 02:04:22 - mkk_pika - main.py:83 - INFO - 找到 17 张图片在:第1集
2026-09-30 02:04:23 - mkk_pika - main.py:112 - INFO - [episode:第1集       ] downloaded:    17, total:  17, progress:100%
2026-09-30 02:04:23 - mkk_pika - database.py:238 - INFO - 数据库更新已下载章节
2026-09-30 02:04:23 - mkk_pika - database.py:244 - INFO - 该漫画已下载章节如下
2026-09-30 02:04:23 - mkk_pika - database.py:245 - INFO - ['第1集']
2026-09-30 02:04:24 - mkk_pika - main.py:348 - INFO - ==================== 漫画信息 ====================
                                   漫画ID：5d0f80df07a20d1dc41bbb40
                                   标题：2011年異種姦の旅 -オオトカゲ編- デジタル版
                                   作者：余はおかずを所望しておる (しあん)
                                   是否完结：是
                                   总页数：17
                                   分类：短篇,非人類
                                   章节数：1
                                   最后更新时间：2019-06-23T13:38:39.370Z
                                   =================================================
2026-09-30 02:04:24 - mkk_pika - database.py:101 - INFO - 保存成功：2011年異種姦の旅 -オオトカゲ編- デジタル版
2026-09-30 02:04:24 - mkk_pika - main.py:35 - INFO - 开始检查(C95)犯され系少女メイナ -被験体八一七篇是否存在未下载章节
2026-09-30 02:04:24 - mkk_pika - main.py:45 - INFO - 正在下载:[(C95)犯され系少女メイナ -被験体八一七篇]-[プリン海ヨーグルト (ちり)]-[['短篇', '非人類', '全彩', '強暴']]-[total_pages:17]
2026-09-30 02:04:24 - mkk_pika - main.py:49 - INFO - [{'_id': '5d0f818329783f1dbe0c93ee', 'title': '第1集', 'order': 1, 'updated_at': '2019-06-23T07:25:42.890Z', 'id': '5d0f818329783f1dbe0c93ee'}]
2026-09-30 02:04:24 - mkk_pika - database.py:215 - INFO - 第一次下载该漫画，记录数据库中
2026-09-30 02:04:25 - mkk_pika - main.py:83 - INFO - 找到 17 张图片在:第1集
2026-09-30 02:04:26 - mkk_pika - main.py:112 - INFO - [episode:第1集       ] downloaded:    17, total:  17, progress:100%
2026-09-30 02:04:26 - mkk_pika - database.py:238 - INFO - 数据库更新已下载章节
2026-09-30 02:04:26 - mkk_pika - database.py:244 - INFO - 该漫画已下载章节如下
2026-09-30 02:04:26 - mkk_pika - database.py:245 - INFO - ['第1集']
2026-09-30 02:04:28 - mkk_pika - main.py:348 - INFO - ==================== 漫画信息 ====================
                                   漫画ID：5d0f818329783f1dbe0c93ed
                                   标题：(C95)犯され系少女メイナ -被験体八一七篇
                                   作者：プリン海ヨーグルト (ちり)
                                   是否完结：是
                                   总页数：17
                                   分类：短篇,非人類,全彩,強暴
                                   章节数：1
                                   最后更新时间：2019-06-23T13:41:23.823Z
                                   =================================================
2026-09-30 02:04:28 - mkk_pika - database.py:101 - INFO - 保存成功：(C95)犯され系少女メイナ -被験体八一七篇
2026-09-30 02:04:28 - mkk_pika - main.py:35 - INFO - 开始检查(C95)  夫の寝てる間に蕩かされて堕ちた人妻 [中国翻訳]是否存在未下载章节
2026-09-30 02:04:28 - mkk_pika - main.py:45 - INFO - 正在下载:[(C95)  夫の寝てる間に蕩かされて堕ちた人妻 [中国翻訳]]-[むうんるうらあ (月野定規)]-[['短篇', '人妻', 'NTR']]-[total_pages:36]
2026-09-30 02:04:28 - mkk_pika - main.py:49 - INFO - [{'_id': '5d0f81b329783f1dbe0c9402', 'title': '第1集', 'order': 1, 'updated_at': '2019-06-23T08:48:38.376Z', 'id': '5d0f81b329783f1dbe0c9402'}]
2026-09-30 02:04:28 - mkk_pika - database.py:215 - INFO - 第一次下载该漫画，记录数据库中
2026-09-30 02:04:29 - mkk_pika - main.py:83 - INFO - 找到 36 张图片在:第1集
2026-09-30 02:04:32 - mkk_pika - main.py:112 - INFO - [episode:第1集       ] downloaded:    36, total:  36, progress:100%
2026-09-30 02:04:32 - mkk_pika - database.py:238 - INFO - 数据库更新已下载章节
2026-09-30 02:04:32 - mkk_pika - database.py:244 - INFO - 该漫画已下载章节如下
2026-09-30 02:04:32 - mkk_pika - database.py:245 - INFO - ['第1集']
2026-09-30 02:04:33 - mkk_pika - main.py:348 - INFO - ==================== 漫画信息 ====================
                                   漫画ID：5d0f81b329783f1dbe0c9401
                                   标题：(C95)  夫の寝てる間に蕩かされて堕ちた人妻 [中国翻訳]
                                   作者：むうんるうらあ (月野定規)
                                   是否完结：是
                                   总页数：36
                                   分类：短篇,人妻,NTR
                                   章节数：1
                                   最后更新时间：2019-06-23T13:42:11.412Z
                                   =================================================
2026-09-30 02:04:33 - mkk_pika - database.py:101 - INFO - 保存成功：(C95)  夫の寝てる間に蕩かされて堕ちた人妻 [中国翻訳]
2026-09-30 02:04:33 - mkk_pika - main.py:35 - INFO - 开始检查(COMIC1☆04)  三獄○恥隷奴2 (真・三國無双) [中国翻訳]是否存在未下载章节
2026-09-30 02:04:33 - mkk_pika - main.py:45 - INFO - 正在下载:[(COMIC1☆04)  三獄○恥隷奴2 (真・三國無双) [中国翻訳]]-[拠点兵長 (祝たけし)]-[['短篇', '同人', '強暴']]-[total_pages:27]
2026-09-30 02:04:33 - mkk_pika - main.py:49 - INFO - [{'_id': '5d0f836029783f1dbe0c942a', 'title': '第1集', 'order': 1, 'updated_at': '2019-06-23T09:37:47.855Z', 'id': '5d0f836029783f1dbe0c942a'}]
2026-09-30 02:04:33 - mkk_pika - database.py:215 - INFO - 第一次下载该漫画，记录数据库中
2026-09-30 02:04:34 - mkk_pika - main.py:83 - INFO - 找到 27 张图片在:第1集
2026-09-30 02:04:36 - mkk_pika - main.py:112 - INFO - [episode:第1集       ] downloaded:    27, total:  27, progress:100%
2026-09-30 02:04:36 - mkk_pika - database.py:238 - INFO - 数据库更新已下载章节
2026-09-30 02:04:36 - mkk_pika - database.py:244 - INFO - 该漫画已下载章节如下
2026-09-30 02:04:36 - mkk_pika - database.py:245 - INFO - ['第1集']
2026-09-30 02:04:37 - mkk_pika - main.py:348 - INFO - ==================== 漫画信息 ====================
                                   漫画ID：5d0f836029783f1dbe0c9429
                                   标题：(COMIC1☆04)  三獄○恥隷奴2 (真・三國無双) [中国翻訳]
                                   作者：拠点兵長 (祝たけし)
                                   是否完结：是
                                   总页数：27
                                   分类：短篇,同人,強暴
                                   章节数：1
                                   最后更新时间：2019-06-23T13:49:20.505Z
                                   =================================================
2026-09-30 02:04:37 - mkk_pika - database.py:101 - INFO - 保存成功：(COMIC1☆04)  三獄○恥隷奴2 (真・三國無双) [中国翻訳]
2026-09-30 02:04:37 - mkk_pika - main.py:35 - INFO - 开始检查ソメラレハラスメント (COMIC失楽天 2018年6月号)[無修正]是否存在未下载章节
2026-09-30 02:04:37 - mkk_pika - main.py:45 - INFO - 正在下载:[ソメラレハラスメント (COMIC失楽天 2018年6月号)[無修正]]-[メメ50]-[['短篇']]-[total_pages:22]
2026-09-30 02:04:37 - mkk_pika - main.py:49 - INFO - [{'_id': '5d0f837e86c4a11dd0b96a21', 'title': '第1集', 'order': 1, 'updated_at': '2019-06-23T10:00:01.902Z', 'id': '5d0f837e86c4a11dd0b96a21'}]
2026-09-30 02:04:37 - mkk_pika - database.py:215 - INFO - 第一次下载该漫画，记录数据库中
2026-09-30 02:04:38 - mkk_pika - main.py:83 - INFO - 找到 22 张图片在:第1集
2026-09-30 02:04:40 - mkk_pika - main.py:112 - INFO - [episode:第1集       ] downloaded:    22, total:  22, progress:100%
2026-09-30 02:04:40 - mkk_pika - database.py:238 - INFO - 数据库更新已下载章节
2026-09-30 02:04:40 - mkk_pika - database.py:244 - INFO - 该漫画已下载章节如下
2026-09-30 02:04:40 - mkk_pika - database.py:245 - INFO - ['第1集']
2026-09-30 02:04:41 - mkk_pika - main.py:348 - INFO - ==================== 漫画信息 ====================
                                   漫画ID：5d0f837e86c4a11dd0b96a20
                                   标题：ソメラレハラスメント (COMIC失楽天 2018年6月号)[無修正]
                                   作者：メメ50
                                   是否完结：否
                                   总页数：22
                                   分类：短篇
                                   章节数：1
                                   最后更新时间：2019-06-23T13:49:50.045Z
                                   =================================================
2026-09-30 02:04:41 - mkk_pika - database.py:101 - INFO - 保存成功：ソメラレハラスメント (COMIC失楽天 2018年6月号)[無修正]
2026-09-30 02:04:41 - mkk_pika - main.py:35 - INFO - 开始检查あそびざかり (COMIC失楽天 2018年8月号)[無修正]是否存在未下载章节
2026-09-30 02:04:41 - mkk_pika - main.py:45 - INFO - 正在下载:[あそびざかり (COMIC失楽天 2018年8月号)[無修正]]-[メメ50]-[['短篇']]-[total_pages:20]
2026-09-30 02:04:41 - mkk_pika - main.py:49 - INFO - [{'_id': '5d0f838d50609e1dd6587516', 'title': '第1集', 'order': 1, 'updated_at': '2019-06-23T10:03:08.395Z', 'id': '5d0f838d50609e1dd6587516'}]
2026-09-30 02:04:41 - mkk_pika - database.py:215 - INFO - 第一次下载该漫画，记录数据库中
2026-09-30 02:04:42 - mkk_pika - main.py:83 - INFO - 找到 20 张图片在:第1集
2026-09-30 02:04:43 - mkk_pika - main.py:112 - INFO - [episode:第1集       ] downloaded:    20, total:  20, progress:100%
2026-09-30 02:04:43 - mkk_pika - database.py:238 - INFO - 数据库更新已下载章节
2026-09-30 02:04:43 - mkk_pika - database.py:244 - INFO - 该漫画已下载章节如下
2026-09-30 02:04:43 - mkk_pika - database.py:245 - INFO - ['第1集']
2026-09-30 02:04:45 - mkk_pika - main.py:348 - INFO - ==================== 漫画信息 ====================
                                   漫画ID：5d0f838d50609e1dd6587515
                                   标题：あそびざかり (COMIC失楽天 2018年8月号)[無修正]
                                   作者：メメ50
                                   是否完结：否
                                   总页数：20
                                   分类：短篇
                                   章节数：1
                                   最后更新时间：2019-06-23T13:50:05.174Z
                                   =================================================
2026-09-30 02:04:45 - mkk_pika - database.py:101 - INFO - 保存成功：あそびざかり (COMIC失楽天 2018年8月号)[無修正]
2026-09-30 02:04:45 - mkk_pika - main.py:35 - INFO - 开始检查 ノブレスオブリージュ (コミック エグゼ 14) [DL版]是否存在未下载章节
2026-09-30 02:04:45 - mkk_pika - main.py:45 - INFO - 正在下载:[ ノブレスオブリージュ (コミック エグゼ 14) [DL版]]-[はたけのお肉 (みな本)]-[['全彩', '短篇']]-[total_pages:8]
2026-09-30 02:04:45 - mkk_pika - main.py:49 - INFO - [{'_id': '5d0f83ad29783f1dbe0c9448', 'title': '第1集', 'order': 1, 'updated_at': '2019-06-22T12:11:44.727Z', 'id': '5d0f83ad29783f1dbe0c9448'}]
2026-09-30 02:04:45 - mkk_pika - database.py:215 - INFO - 第一次下载该漫画，记录数据库中
2026-09-30 02:04:46 - mkk_pika - main.py:83 - INFO - 找到 8 张图片在:第1集
2026-09-30 02:04:46 - mkk_pika - main.py:112 - INFO - [episode:第1集       ] downloaded:     8, total:   8, progress:100%
2026-09-30 02:04:46 - mkk_pika - database.py:238 - INFO - 数据库更新已下载章节
2026-09-30 02:04:46 - mkk_pika - database.py:244 - INFO - 该漫画已下载章节如下
2026-09-30 02:04:46 - mkk_pika - database.py:245 - INFO - ['第1集']
2026-09-30 02:04:47 - mkk_pika - main.py:348 - INFO - ==================== 漫画信息 ====================
                                   漫画ID：5d0f83ad29783f1dbe0c9447
                                   标题： ノブレスオブリージュ (コミック エグゼ 14) [DL版]
                                   作者：はたけのお肉 (みな本)
                                   是否完结：否
                                   总页数：8
                                   分类：全彩,短篇
                                   章节数：1
                                   最后更新时间：2019-06-23T13:50:37.078Z
                                   =================================================
2026-09-30 02:04:47 - mkk_pika - database.py:101 - INFO - 保存成功： ノブレスオブリージュ (コミック エグゼ 14) [DL版]
2026-09-30 02:04:47 - mkk_pika - main.py:35 - INFO - 开始检查アビゲイル・ウィリアムズの名状しがたき可愛さ (FateGrand Order) [中国翻訳]是否存在未下载章节
2026-09-30 02:04:48 - mkk_pika - main.py:45 - INFO - 正在下载:[アビゲイル・ウィリアムズの名状しがたき可愛さ (FateGrand Order) [中国翻訳]]-[ACID EATERS (和馬村政)]-[['同人', '短篇', '純愛', 'Fate', '非人類']]-[total_pages:27]
2026-09-30 02:04:48 - mkk_pika - main.py:49 - INFO - [{'_id': '5d0f83bf29783f1dbe0c9452', 'title': '第1集', 'order': 1, 'updated_at': '2019-06-23T13:49:28.444Z', 'id': '5d0f83bf29783f1dbe0c9452'}]
2026-09-30 02:04:48 - mkk_pika - database.py:215 - INFO - 第一次下载该漫画，记录数据库中
2026-09-30 02:04:48 - mkk_pika - main.py:83 - INFO - 找到 27 张图片在:第1集
2026-09-30 02:04:50 - mkk_pika - main.py:112 - INFO - [episode:第1集       ] downloaded:    27, total:  27, progress:100%
2026-09-30 02:04:50 - mkk_pika - database.py:238 - INFO - 数据库更新已下载章节
2026-09-30 02:04:50 - mkk_pika - database.py:244 - INFO - 该漫画已下载章节如下
2026-09-30 02:04:50 - mkk_pika - database.py:245 - INFO - ['第1集']
2026-09-30 02:04:51 - mkk_pika - main.py:348 - INFO - ==================== 漫画信息 ====================
                                   漫画ID：5d0f83bf29783f1dbe0c9451
                                   标题：アビゲイル・ウィリアムズの名状しがたき可愛さ (FateGrand Order) [中国翻訳]
                                   作者：ACID EATERS (和馬村政)
                                   是否完结：否
                                   总页数：27
                                   分类：同人,短篇,純愛,Fate,非人類
                                   章节数：1
                                   最后更新时间：2019-06-23T13:50:55.715Z
                                   =================================================
2026-09-30 02:04:51 - mkk_pika - database.py:101 - INFO - 保存成功：アビゲイル・ウィリアムズの名状しがたき可愛さ (FateGrand Order) [中国翻訳]
2026-09-30 02:04:51 - mkk_pika - main.py:35 - INFO - 开始检查私、占い師のおじさんと催眠交尾しちゃいます (ドラゴンクエストVIII)是否存在未下载章节
2026-09-30 02:04:52 - mkk_pika - main.py:45 - INFO - 正在下载:[私、占い師のおじさんと催眠交尾しちゃいます (ドラゴンクエストVIII)]-[爆乳フルネルソン (黒龍眼)]-[['短篇', '姐姐系', '足の恋', 'NTR']]-[total_pages:52]
2026-09-30 02:04:52 - mkk_pika - main.py:49 - INFO - [{'_id': '5c46be7085d5962fb3954c54', 'title': '第1集', 'order': 1, 'updated_at': '2019-01-20T09:29:09.088Z', 'id': '5c46be7085d5962fb3954c54'}, {'_id': '5d0faa3c50609e1dd658763a', 'title': '汉化', 'order': 2, 'updated_at': '2019-06-22T12:21:28.851Z', 'id': '5d0faa3c50609e1dd658763a'}]
2026-09-30 02:04:52 - mkk_pika - database.py:215 - INFO - 第一次下载该漫画，记录数据库中
2026-09-30 02:04:52 - mkk_pika - main.py:83 - INFO - 找到 26 张图片在:第1集
2026-09-30 02:04:54 - mkk_pika - main.py:112 - INFO - [episode:第1集       ] downloaded:    26, total:  26, progress:100%
2026-09-30 02:04:54 - mkk_pika - database.py:238 - INFO - 数据库更新已下载章节
2026-09-30 02:04:54 - mkk_pika - database.py:244 - INFO - 该漫画已下载章节如下
2026-09-30 02:04:54 - mkk_pika - database.py:245 - INFO - ['第1集']
2026-09-30 02:04:56 - mkk_pika - main.py:83 - INFO - 找到 26 张图片在:汉化
2026-09-30 02:04:58 - mkk_pika - main.py:112 - INFO - [episode:汉化        ] downloaded:    26, total:  26, progress:100%
2026-09-30 02:04:58 - mkk_pika - database.py:238 - INFO - 数据库更新已下载章节
2026-09-30 02:04:58 - mkk_pika - database.py:244 - INFO - 该漫画已下载章节如下
2026-09-30 02:04:58 - mkk_pika - database.py:245 - INFO - ['第1集', '汉化']
2026-09-30 02:04:59 - mkk_pika - main.py:348 - INFO - ==================== 漫画信息 ====================
                                   漫画ID：5c46be6f85d5962fb3954c53
                                   标题：私、占い師のおじさんと催眠交尾しちゃいます (ドラゴンクエストVIII)
                                   作者：爆乳フルネルソン (黒龍眼)
                                   是否完结：否
                                   总页数：52
                                   分类：短篇,姐姐系,足の恋,NTR
                                   章节数：2
                                   最后更新时间：2019-06-23T16:35:08.910Z
                                   =================================================
2026-09-30 02:04:59 - mkk_pika - database.py:101 - INFO - 保存成功：私、占い師のおじさんと催眠交尾しちゃいます (ドラゴンクエストVIII)
2026-09-30 02:04:59 - mkk_pika - main.py:35 - INFO - 开始检查（合集）おいでませ!!自由風俗幻想郷 2泊3日の旅(東方Project)是否存在未下载章节
2026-09-30 02:05:00 - mkk_pika - main.py:45 - INFO - 正在下载:[（合集）おいでませ!!自由風俗幻想郷 2泊3日の旅(東方Project)]-[にゅう工房 (にゅう)]-[['同人', '後宮閃光', '強暴', '東方', '純愛', '長篇']]-[total_pages:356]
2026-09-30 02:05:00 - mkk_pika - main.py:49 - INFO - [{'_id': '5c8df9315ce22c305f0fdebe', 'title': '1.無印', 'order': 1, 'updated_at': '2019-03-16T14:25:35.891Z', 'id': '5c8df9315ce22c305f0fdebe'}, {'_id': '5c0bcd982ef2323dce8498b9', 'title': '2.紅', 'order': 2, 'updated_at': '2018-12-08T06:53:38.683Z', 'id': '5c0bcd982ef2323dce8498b9'}, {'_id': '5c0bcd982ef2323dce8498ba', 'title': '3.如月', 'order': 3, 'updated_at': '2018-12-08T07:53:53.937Z', 'id': '5c0bcd982ef2323dce8498ba'}, {'_id': '5c0bcd982ef2323dce8498bb', 'title': '4.星蓮', 'order': 4, 'updated_at': '2018-12-08T09:20:23.653Z', 'id': '5c0bcd982ef2323dce8498bb'}, {'_id': '5c0bcd982ef2323dce8498bc', 'title': '5.弥生', 'order': 5, 'updated_at': '2018-12-08T09:46:33.645Z', 'id': '5c0bcd982ef2323dce8498bc'}, {'_id': '5c0bcd982ef2323dce8498bd', 'title': '6.卯月', 'order': 6, 'updated_at': '2018-12-08T10:16:19.283Z', 'id': '5c0bcd982ef2323dce8498bd'}, {'_id': '5c0bcd982ef2323dce8498be', 'title': '7.皐月', 'order': 7, 'updated_at': '2018-12-08T10:26:32.928Z', 'id': '5c0bcd982ef2323dce8498be'}, {'_id': '5c0bcd982ef2323dce8498bf', 'title': '8.水無月', 'order': 8, 'updated_at': '2018-12-08T10:44:49.339Z', 'id': '5c0bcd982ef2323dce8498bf'}, {'_id': '5c0d22afc7316366e2ccc355', 'title': '9.守矢神社&天狗篇', 'order': 9, 'updated_at': '2018-12-09T11:18:58.353Z', 'id': '5c0d22afc7316366e2ccc355'}, {'_id': '5c8df9315ce22c305f0fdebf', 'title': '10.葉月 ', 'order': 10, 'updated_at': '2019-03-16T13:17:06.591Z', 'id': '5c8df9315ce22c305f0fdebf'}, {'_id': '5d0faa7850609e1dd6587661', 'title': '11.完结', 'order': 11, 'updated_at': '2019-06-23T14:25:42.462Z', 'id': '5d0faa7850609e1dd6587661'}]
2026-09-30 02:05:00 - mkk_pika - database.py:215 - INFO - 第一次下载该漫画，记录数据库中
2026-09-30 02:05:00 - mkk_pika - main.py:83 - INFO - 找到 31 张图片在:1.無印
2026-09-30 02:05:02 - mkk_pika - main.py:112 - INFO - [episode:1.無印      ] downloaded:    31, total:  31, progress:100%
2026-09-30 02:05:02 - mkk_pika - database.py:238 - INFO - 数据库更新已下载章节
2026-09-30 02:05:02 - mkk_pika - database.py:244 - INFO - 该漫画已下载章节如下
2026-09-30 02:05:02 - mkk_pika - database.py:245 - INFO - ['1.無印']
2026-09-30 02:05:04 - mkk_pika - main.py:83 - INFO - 找到 31 张图片在:2.紅
2026-09-30 02:05:07 - mkk_pika - main.py:112 - INFO - [episode:2.紅       ] downloaded:    31, total:  31, progress:100%
2026-09-30 02:05:07 - mkk_pika - database.py:238 - INFO - 数据库更新已下载章节
2026-09-30 02:05:07 - mkk_pika - database.py:244 - INFO - 该漫画已下载章节如下
2026-09-30 02:05:07 - mkk_pika - database.py:245 - INFO - ['1.無印', '2.紅']
2026-09-30 02:05:08 - mkk_pika - main.py:83 - INFO - 找到 33 张图片在:3.如月
2026-09-30 02:05:10 - mkk_pika - main.py:112 - INFO - [episode:3.如月      ] downloaded:    33, total:  33, progress:100%
2026-09-30 02:05:10 - mkk_pika - database.py:238 - INFO - 数据库更新已下载章节
2026-09-30 02:05:10 - mkk_pika - database.py:244 - INFO - 该漫画已下载章节如下
2026-09-30 02:05:10 - mkk_pika - database.py:245 - INFO - ['1.無印', '2.紅', '3.如月']
2026-09-30 02:05:12 - mkk_pika - main.py:83 - INFO - 找到 31 张图片在:4.星蓮
2026-09-30 02:05:15 - mkk_pika - main.py:112 - INFO - [episode:4.星蓮      ] downloaded:    31, total:  31, progress:100%
2026-09-30 02:05:15 - mkk_pika - database.py:238 - INFO - 数据库更新已下载章节
2026-09-30 02:05:15 - mkk_pika - database.py:244 - INFO - 该漫画已下载章节如下
2026-09-30 02:05:15 - mkk_pika - database.py:245 - INFO - ['1.無印', '2.紅', '3.如月', '4.星蓮']
2026-09-30 02:05:16 - mkk_pika - main.py:83 - INFO - 找到 37 张图片在:5.弥生
2026-09-30 02:05:19 - mkk_pika - main.py:112 - INFO - [episode:5.弥生      ] downloaded:    37, total:  37, progress:100%
2026-09-30 02:05:19 - mkk_pika - database.py:238 - INFO - 数据库更新已下载章节
2026-09-30 02:05:19 - mkk_pika - database.py:244 - INFO - 该漫画已下载章节如下
2026-09-30 02:05:19 - mkk_pika - database.py:245 - INFO - ['1.無印', '2.紅', '3.如月', '4.星蓮', '5.弥生']
2026-09-30 02:05:21 - mkk_pika - main.py:83 - INFO - 找到 28 张图片在:6.卯月
2026-09-30 02:05:23 - mkk_pika - main.py:112 - INFO - [episode:6.卯月      ] downloaded:    28, total:  28, progress:100%
2026-09-30 02:05:23 - mkk_pika - database.py:238 - INFO - 数据库更新已下载章节
2026-09-30 02:05:23 - mkk_pika - database.py:244 - INFO - 该漫画已下载章节如下
2026-09-30 02:05:23 - mkk_pika - database.py:245 - INFO - ['1.無印', '2.紅', '3.如月', '4.星蓮', '5.弥生', '6.卯月']
2026-09-30 02:05:25 - mkk_pika - main.py:83 - INFO - 找到 31 张图片在:7.皐月
2026-09-30 02:05:27 - mkk_pika - main.py:112 - INFO - [episode:7.皐月      ] downloaded:    31, total:  31, progress:100%
2026-09-30 02:05:27 - mkk_pika - database.py:238 - INFO - 数据库更新已下载章节
2026-09-30 02:05:27 - mkk_pika - database.py:244 - INFO - 该漫画已下载章节如下
2026-09-30 02:05:27 - mkk_pika - database.py:245 - INFO - ['1.無印', '2.紅', '3.如月', '4.星蓮', '5.弥生', '6.卯月', '7.皐月']
2026-09-30 02:05:29 - mkk_pika - main.py:83 - INFO - 找到 31 张图片在:8.水無月
2026-09-30 02:05:31 - mkk_pika - main.py:112 - INFO - [episode:8.水無月     ] downloaded:    31, total:  31, progress:100%
2026-09-30 02:05:31 - mkk_pika - database.py:238 - INFO - 数据库更新已下载章节
2026-09-30 02:05:31 - mkk_pika - database.py:244 - INFO - 该漫画已下载章节如下
2026-09-30 02:05:31 - mkk_pika - database.py:245 - INFO - ['1.無印', '2.紅', '3.如月', '4.星蓮', '5.弥生', '6.卯月', '7.皐月', '8.水無月']
2026-09-30 02:05:33 - mkk_pika - main.py:83 - INFO - 找到 34 张图片在:9.守矢神社&天狗篇
2026-09-30 02:05:36 - mkk_pika - main.py:112 - INFO - [episode:9.守矢神社&天狗篇] downloaded:    34, total:  34, progress:100%
2026-09-30 02:05:36 - mkk_pika - database.py:238 - INFO - 数据库更新已下载章节
2026-09-30 02:05:36 - mkk_pika - database.py:244 - INFO - 该漫画已下载章节如下
2026-09-30 02:05:36 - mkk_pika - database.py:245 - INFO - ['1.無印', '2.紅', '3.如月', '4.星蓮', '5.弥生', '6.卯月', '7.皐月', '8.水無月', '9.守矢神社&天狗篇']
2026-09-30 02:05:38 - mkk_pika - main.py:83 - INFO - 找到 32 张图片在:10.葉月
2026-09-30 02:05:40 - mkk_pika - main.py:112 - INFO - [episode:10.葉月     ] downloaded:    32, total:  32, progress:100%
2026-09-30 02:05:40 - mkk_pika - database.py:238 - INFO - 数据库更新已下载章节
2026-09-30 02:05:40 - mkk_pika - database.py:244 - INFO - 该漫画已下载章节如下
2026-09-30 02:05:40 - mkk_pika - database.py:245 - INFO - ['1.無印', '2.紅', '3.如月', '4.星蓮', '5.弥生', '6.卯月', '7.皐月', '8.水無月', '9.守矢神社&天狗篇', '10.葉月 ']
2026-09-30 02:05:42 - mkk_pika - main.py:83 - INFO - 找到 46 张图片在:11.完结
2026-09-30 02:05:45 - mkk_pika - main.py:112 - INFO - [episode:11.完结     ] downloaded:    46, total:  46, progress:100%
2026-09-30 02:05:45 - mkk_pika - database.py:238 - INFO - 数据库更新已下载章节
2026-09-30 02:05:45 - mkk_pika - database.py:244 - INFO - 该漫画已下载章节如下
2026-09-30 02:05:45 - mkk_pika - database.py:245 - INFO - ['1.無印', '2.紅', '3.如月', '4.星蓮', '5.弥生', '6.卯月', '7.皐月', '8.水無月', '9.守矢神社&天狗篇', '10.葉月 ', '11.完结']
2026-09-30 02:05:46 - mkk_pika - main.py:348 - INFO - ==================== 漫画信息 ====================
                                   漫画ID：5c0bcd982ef2323dce8498b7
                                   标题：（合集）おいでませ!!自由風俗幻想郷 2泊3日の旅(東方Project)
                                   作者：にゅう工房 (にゅう)
                                   是否完结：否
                                   总页数：356
                                   分类：同人,後宮閃光,強暴,東方,純愛,長篇
                                   章节数：11
                                   最后更新时间：2019-06-23T16:36:08.683Z
                                   =================================================
2026-09-30 02:05:46 - mkk_pika - database.py:101 - INFO - 保存成功：（合集）おいでませ!!自由風俗幻想郷 2泊3日の旅(東方Project)
2026-09-30 02:05:46 - mkk_pika - main.py:35 - INFO - 开始检查(C94)  丑御前ママの調教日記 (FateGrand Order)是否存在未下载章节
2026-09-30 02:05:47 - mkk_pika - main.py:45 - INFO - 正在下载:[(C94)  丑御前ママの調教日記 (FateGrand Order)]-[試行屋]-[['短篇', '同人', 'Fate']]-[total_pages:46]
2026-09-30 02:05:47 - mkk_pika - main.py:49 - INFO - [{'_id': '5d0f778750609e1dd65872e9', 'title': '第1集', 'order': 1, 'updated_at': '2019-06-20T12:39:36.872Z', 'id': '5d0f778750609e1dd65872e9'}, {'_id': '5d0faa8b29783f1dbe0c954b', 'title': '汉化', 'order': 2, 'updated_at': '2019-06-23T14:40:38.871Z', 'id': '5d0faa8b29783f1dbe0c954b'}]
2026-09-30 02:05:47 - mkk_pika - database.py:215 - INFO - 第一次下载该漫画，记录数据库中
2026-09-30 02:05:47 - mkk_pika - main.py:83 - INFO - 找到 23 张图片在:第1集
2026-09-30 02:05:49 - mkk_pika - main.py:112 - INFO - [episode:第1集       ] downloaded:    23, total:  23, progress:100%
2026-09-30 02:05:49 - mkk_pika - database.py:238 - INFO - 数据库更新已下载章节
2026-09-30 02:05:49 - mkk_pika - database.py:244 - INFO - 该漫画已下载章节如下
2026-09-30 02:05:49 - mkk_pika - database.py:245 - INFO - ['第1集']
2026-09-30 02:05:50 - mkk_pika - main.py:83 - INFO - 找到 23 张图片在:汉化
2026-09-30 02:05:52 - mkk_pika - main.py:112 - INFO - [episode:汉化        ] downloaded:    23, total:  23, progress:100%
2026-09-30 02:05:52 - mkk_pika - database.py:238 - INFO - 数据库更新已下载章节
2026-09-30 02:05:52 - mkk_pika - database.py:244 - INFO - 该漫画已下载章节如下
2026-09-30 02:05:52 - mkk_pika - database.py:245 - INFO - ['第1集', '汉化']
2026-09-30 02:05:53 - mkk_pika - main.py:348 - INFO - ==================== 漫画信息 ====================
                                   漫画ID：5d0f778750609e1dd65872e8
                                   标题：(C94)  丑御前ママの調教日記 (FateGrand Order)
                                   作者：試行屋
                                   是否完结：是
                                   总页数：46
                                   分类：短篇,同人,Fate
                                   章节数：2
                                   最后更新时间：2019-06-23T16:36:27.293Z
                                   =================================================
2026-09-30 02:05:53 - mkk_pika - database.py:101 - INFO - 保存成功：(C94)  丑御前ママの調教日記 (FateGrand Order)
2026-09-30 02:05:53 - mkk_pika - main.py:35 - INFO - 开始检查スカサハ・オルタナティヴ (Fate Grand Order)是否存在未下载章节
2026-09-30 02:05:54 - mkk_pika - main.py:45 - INFO - 正在下载:[スカサハ・オルタナティヴ (Fate Grand Order)]-[ami-だぶつ(阿見)]-[['短篇', '同人', '純愛', 'Fate']]-[total_pages:45]
2026-09-30 02:05:54 - mkk_pika - main.py:49 - INFO - [{'_id': '5d0f77bb07a20d1dc41bb708', 'title': '第1集', 'order': 1, 'updated_at': '2019-06-20T13:00:52.844Z', 'id': '5d0f77bb07a20d1dc41bb708'}, {'_id': '5d0faa9e29783f1dbe0c9563', 'title': '汉化', 'order': 2, 'updated_at': '2019-06-23T14:49:56.582Z', 'id': '5d0faa9e29783f1dbe0c9563'}]
2026-09-30 02:05:54 - mkk_pika - database.py:215 - INFO - 第一次下载该漫画，记录数据库中
2026-09-30 02:05:54 - mkk_pika - main.py:83 - INFO - 找到 22 张图片在:第1集
2026-09-30 02:05:56 - mkk_pika - main.py:112 - INFO - [episode:第1集       ] downloaded:    22, total:  22, progress:100%
2026-09-30 02:05:56 - mkk_pika - database.py:238 - INFO - 数据库更新已下载章节
2026-09-30 02:05:56 - mkk_pika - database.py:244 - INFO - 该漫画已下载章节如下
2026-09-30 02:05:56 - mkk_pika - database.py:245 - INFO - ['第1集']
2026-09-30 02:05:57 - mkk_pika - main.py:83 - INFO - 找到 23 张图片在:汉化
2026-09-30 02:05:59 - mkk_pika - main.py:112 - INFO - [episode:汉化        ] downloaded:    23, total:  23, progress:100%
2026-09-30 02:05:59 - mkk_pika - database.py:238 - INFO - 数据库更新已下载章节
2026-09-30 02:05:59 - mkk_pika - database.py:244 - INFO - 该漫画已下载章节如下
2026-09-30 02:05:59 - mkk_pika - database.py:245 - INFO - ['第1集', '汉化']
2026-09-30 02:06:00 - mkk_pika - main.py:348 - INFO - ==================== 漫画信息 ====================
                                   漫画ID：5d0f77bb07a20d1dc41bb707
                                   标题：スカサハ・オルタナティヴ (Fate Grand Order)
                                   作者：ami-だぶつ(阿見)
                                   是否完结：是
                                   总页数：45
                                   分类：短篇,同人,純愛,Fate
                                   章节数：2
                                   最后更新时间：2019-06-23T16:36:46.940Z
                                   =================================================
2026-09-30 02:06:00 - mkk_pika - database.py:101 - INFO - 保存成功：スカサハ・オルタナティヴ (Fate Grand Order)
2026-09-30 02:06:00 - mkk_pika - main.py:35 - INFO - 开始检查(第8次ROOT4to5) 頼光さんのいる性活 (Fate/Grand Order)[中国翻訳]是否存在未下载章节
2026-09-30 02:06:00 - mkk_pika - main.py:45 - INFO - 正在下载:[(第8次ROOT4to5) 頼光さんのいる性活 (Fate/Grand Order)[中国翻訳]]-[湯けむりインフェルノ (おぽん)]-[['短篇', '純愛', '同人', 'Fate']]-[total_pages:53]
2026-09-30 02:06:00 - mkk_pika - main.py:49 - INFO - [{'_id': '5d10c9ca02382f230ab503e4', 'title': '第1集', 'order': 1, 'updated_at': '2019-06-23T19:58:51.767Z', 'id': '5d10c9ca02382f230ab503e4'}, {'_id': '5d10c9ca02382f230ab503e5', 'title': '生肉', 'order': 2, 'updated_at': '2019-06-23T20:02:32.226Z', 'id': '5d10c9ca02382f230ab503e5'}]
2026-09-30 02:06:00 - mkk_pika - database.py:215 - INFO - 第一次下载该漫画，记录数据库中
2026-09-30 02:06:01 - mkk_pika - main.py:83 - INFO - 找到 27 张图片在:第1集
2026-09-30 02:06:03 - mkk_pika - main.py:112 - INFO - [episode:第1集       ] downloaded:    27, total:  27, progress:100%
2026-09-30 02:06:03 - mkk_pika - database.py:238 - INFO - 数据库更新已下载章节
2026-09-30 02:06:03 - mkk_pika - database.py:244 - INFO - 该漫画已下载章节如下
2026-09-30 02:06:03 - mkk_pika - database.py:245 - INFO - ['第1集']
2026-09-30 02:06:05 - mkk_pika - main.py:83 - INFO - 找到 26 张图片在:生肉
2026-09-30 02:06:06 - mkk_pika - main.py:112 - INFO - [episode:生肉        ] downloaded:    26, total:  26, progress:100%
2026-09-30 02:06:06 - mkk_pika - database.py:238 - INFO - 数据库更新已下载章节
2026-09-30 02:06:06 - mkk_pika - database.py:244 - INFO - 该漫画已下载章节如下
2026-09-30 02:06:06 - mkk_pika - database.py:245 - INFO - ['第1集', '生肉']
2026-09-30 02:06:08 - mkk_pika - main.py:348 - INFO - ==================== 漫画信息 ====================
                                   漫画ID：5d10c9ca02382f230ab503e3
                                   标题：(第8次ROOT4to5) 頼光さんのいる性活 (Fate/Grand Order)[中国翻訳]
                                   作者：湯けむりインフェルノ (おぽん)
                                   是否完结：是
                                   总页数：53
                                   分类：短篇,純愛,同人,Fate
                                   章节数：2
                                   最后更新时间：2019-06-24T13:02:02.390Z
                                   =================================================
2026-09-30 02:06:08 - mkk_pika - database.py:101 - INFO - 保存成功：(第8次ROOT4to5) 頼光さんのいる性活 (Fate/Grand Order)[中国翻訳]
2026-09-30 02:06:08 - mkk_pika - main.py:35 - INFO - 开始检查真夜中のプロローグ (COMIC 快楽天 2019年2月号)[無修正]是否存在未下载章节
2026-09-30 02:06:08 - mkk_pika - main.py:45 - INFO - 正在下载:[真夜中のプロローグ (COMIC 快楽天 2019年2月号)[無修正]]-[さめまんま]-[['短篇', '純愛']]-[total_pages:24]
2026-09-30 02:06:08 - mkk_pika - main.py:49 - INFO - [{'_id': '5d10cc0d7c44c7232a0e5cd3', 'title': '第1集', 'order': 1, 'updated_at': '2019-06-24T02:24:03.294Z', 'id': '5d10cc0d7c44c7232a0e5cd3'}]
2026-09-30 02:06:08 - mkk_pika - database.py:215 - INFO - 第一次下载该漫画，记录数据库中
2026-09-30 02:06:09 - mkk_pika - main.py:83 - INFO - 找到 24 张图片在:第1集
2026-09-30 02:06:11 - mkk_pika - main.py:112 - INFO - [episode:第1集       ] downloaded:    24, total:  24, progress:100%
2026-09-30 02:06:11 - mkk_pika - database.py:238 - INFO - 数据库更新已下载章节
2026-09-30 02:06:11 - mkk_pika - database.py:244 - INFO - 该漫画已下载章节如下
2026-09-30 02:06:11 - mkk_pika - database.py:245 - INFO - ['第1集']
2026-09-30 02:06:12 - mkk_pika - main.py:348 - INFO - ==================== 漫画信息 ====================
                                   漫画ID：5d10cc0d7c44c7232a0e5cd2
                                   标题：真夜中のプロローグ (COMIC 快楽天 2019年2月号)[無修正]
                                   作者：さめまんま
                                   是否完结：否
                                   总页数：24
                                   分类：短篇,純愛
                                   章节数：1
                                   最后更新时间：2019-06-24T13:11:41.223Z
                                   =================================================
2026-09-30 02:06:12 - mkk_pika - database.py:101 - INFO - 保存成功：真夜中のプロローグ (COMIC 快楽天 2019年2月号)[無修正]
2026-09-30 02:06:12 - mkk_pika - main.py:35 - INFO - 开始检查JC'TRIP是否存在未下载章节
2026-09-30 02:06:12 - mkk_pika - main.py:45 - INFO - 正在下载:[JC'TRIP]-[铃木狂太郎]-[['長篇']]-[total_pages:208]
2026-09-30 02:06:12 - mkk_pika - main.py:49 - INFO - [{'_id': '5d10ccdd2c91ca230fc082d3', 'title': '1本', 'order': 1, 'updated_at': '2019-06-24T08:21:21.864Z', 'id': '5d10ccdd2c91ca230fc082d3'}]
2026-09-30 02:06:12 - mkk_pika - database.py:215 - INFO - 第一次下载该漫画，记录数据库中
2026-09-30 02:06:14 - mkk_pika - main.py:83 - INFO - 找到 208 张图片在:1本
2026-09-30 02:06:24 - mkk_pika - main.py:112 - INFO - [episode:1本        ] downloaded:   208, total: 208, progress:100%
2026-09-30 02:06:24 - mkk_pika - database.py:238 - INFO - 数据库更新已下载章节
2026-09-30 02:06:24 - mkk_pika - database.py:244 - INFO - 该漫画已下载章节如下
2026-09-30 02:06:24 - mkk_pika - database.py:245 - INFO - ['1本']
2026-09-30 02:06:26 - mkk_pika - main.py:348 - INFO - ==================== 漫画信息 ====================
                                   漫画ID：5d10ccdd2c91ca230fc082d2
                                   标题：JC'TRIP
                                   作者：铃木狂太郎
                                   是否完结：否
                                   总页数：208
                                   分类：長篇
                                   章节数：1
                                   最后更新时间：2019-06-24T13:15:09.164Z
                                   =================================================
2026-09-30 02:06:26 - mkk_pika - database.py:101 - INFO - 保存成功：JC'TRIP
2026-09-30 02:06:26 - mkk_pika - main.py:35 - INFO - 开始检查夢魔竜のお手伝い・増量版（梦魇龙的帮手・増量版）是否存在未下载章节
2026-09-30 02:06:26 - mkk_pika - main.py:45 - INFO - 正在下载:[夢魔竜のお手伝い・増量版（梦魇龙的帮手・増量版）]-[ほしふたつ。 (よーな)]-[['短篇', '純愛', '非人類']]-[total_pages:22]
2026-09-30 02:06:26 - mkk_pika - main.py:49 - INFO - [{'_id': '5d10cd1c7c44c7232a0e5cf8', 'title': '第1集', 'order': 1, 'updated_at': '2019-06-24T10:14:27.530Z', 'id': '5d10cd1c7c44c7232a0e5cf8'}]
2026-09-30 02:06:26 - mkk_pika - database.py:215 - INFO - 第一次下载该漫画，记录数据库中
2026-09-30 02:06:26 - mkk_pika - main.py:83 - INFO - 找到 22 张图片在:第1集
2026-09-30 02:06:28 - mkk_pika - main.py:112 - INFO - [episode:第1集       ] downloaded:    22, total:  22, progress:100%
2026-09-30 02:06:28 - mkk_pika - database.py:238 - INFO - 数据库更新已下载章节
2026-09-30 02:06:28 - mkk_pika - database.py:244 - INFO - 该漫画已下载章节如下
2026-09-30 02:06:28 - mkk_pika - database.py:245 - INFO - ['第1集']
2026-09-30 02:06:29 - mkk_pika - main.py:348 - INFO - ==================== 漫画信息 ====================
                                   漫画ID：5d10cd1c7c44c7232a0e5cf7
                                   标题：夢魔竜のお手伝い・増量版（梦魇龙的帮手・増量版）
                                   作者：ほしふたつ。 (よーな)
                                   是否完结：否
                                   总页数：22
                                   分类：短篇,純愛,非人類
                                   章节数：1
                                   最后更新时间：2019-06-24T13:16:12.741Z
                                   =================================================
2026-09-30 02:06:29 - mkk_pika - database.py:101 - INFO - 保存成功：夢魔竜のお手伝い・増量版（梦魇龙的帮手・増量版）
2026-09-30 02:06:29 - mkk_pika - main.py:35 - INFO - 开始检查ふわとろ♥エッチらんど 柔嫩濕黏的愛愛樂園是否存在未下载章节
2026-09-30 02:06:30 - mkk_pika - main.py:45 - INFO - 正在下载:[ふわとろ♥エッチらんど 柔嫩濕黏的愛愛樂園]-[一ノ瀬ランド]-[['長篇', '短篇', '純愛', '單行本', '姐姐系', '妹妹系', 'SM']]-[total_pages:177]
2026-09-30 02:06:30 - mkk_pika - main.py:49 - INFO - [{'_id': '5d10cd8e7c44c7232a0e5d38', 'title': '濃密sex的單行本', 'order': 1, 'updated_at': '2019-06-20T03:22:01.210Z', 'id': '5d10cd8e7c44c7232a0e5d38'}]
2026-09-30 02:06:30 - mkk_pika - database.py:215 - INFO - 第一次下载该漫画，记录数据库中
2026-09-30 02:06:31 - mkk_pika - main.py:83 - INFO - 找到 177 张图片在:濃密sex的單行本
2026-09-30 02:06:40 - mkk_pika - main.py:112 - INFO - [episode:濃密sex的單行本 ] downloaded:   177, total: 177, progress:100%
2026-09-30 02:06:40 - mkk_pika - database.py:238 - INFO - 数据库更新已下载章节
2026-09-30 02:06:40 - mkk_pika - database.py:244 - INFO - 该漫画已下载章节如下
2026-09-30 02:06:40 - mkk_pika - database.py:245 - INFO - ['濃密sex的單行本']
2026-09-30 02:06:41 - mkk_pika - main.py:348 - INFO - ==================== 漫画信息 ====================
                                   漫画ID：5d10cd8e7c44c7232a0e5d37
                                   标题：ふわとろ♥エッチらんど 柔嫩濕黏的愛愛樂園
                                   作者：一ノ瀬ランド
                                   是否完结：是
                                   总页数：177
                                   分类：長篇,短篇,純愛,單行本,姐姐系,妹妹系,SM
                                   章节数：1
                                   最后更新时间：2019-06-24T13:18:06.378Z
                                   =================================================
2026-09-30 02:06:41 - mkk_pika - database.py:101 - INFO - 保存成功：ふわとろ♥エッチらんど 柔嫩濕黏的愛愛樂園
2026-09-30 02:06:41 - mkk_pika - main.py:35 - INFO - 开始检查(C88)  R.O.D 9 -Rider or Die- (Fate/hollow ataraxia) [中国翻訳]是否存在未下载章节
2026-09-30 02:06:42 - mkk_pika - main.py:45 - INFO - 正在下载:[(C88)  R.O.D 9 -Rider or Die- (Fate/hollow ataraxia) [中国翻訳]]-[怪奇日蝕 (綾野なおと)]-[['短篇', '同人', 'Fate']]-[total_pages:51]
2026-09-30 02:06:42 - mkk_pika - main.py:49 - INFO - [{'_id': '5d10cda37c44c7232a0e5deb', 'title': '第1集', 'order': 1, 'updated_at': '2019-06-24T12:45:03.884Z', 'id': '5d10cda37c44c7232a0e5deb'}]
2026-09-30 02:06:42 - mkk_pika - database.py:215 - INFO - 第一次下载该漫画，记录数据库中
2026-09-30 02:06:43 - mkk_pika - main.py:83 - INFO - 找到 51 张图片在:第1集
2026-09-30 02:06:46 - mkk_pika - main.py:112 - INFO - [episode:第1集       ] downloaded:    51, total:  51, progress:100%
2026-09-30 02:06:46 - mkk_pika - database.py:238 - INFO - 数据库更新已下载章节
2026-09-30 02:06:46 - mkk_pika - database.py:244 - INFO - 该漫画已下载章节如下
2026-09-30 02:06:46 - mkk_pika - database.py:245 - INFO - ['第1集']
2026-09-30 02:06:47 - mkk_pika - main.py:348 - INFO - ==================== 漫画信息 ====================
                                   漫画ID：5d10cda37c44c7232a0e5dea
                                   标题：(C88)  R.O.D 9 -Rider or Die- (Fate/hollow ataraxia) [中国翻訳]
                                   作者：怪奇日蝕 (綾野なおと)
                                   是否完结：是
                                   总页数：51
                                   分类：短篇,同人,Fate
                                   章节数：1
                                   最后更新时间：2019-06-24T13:18:27.361Z
                                   =================================================
2026-09-30 02:06:47 - mkk_pika - database.py:101 - INFO - 保存成功：(C88)  R.O.D 9 -Rider or Die- (Fate/hollow ataraxia) [中国翻訳]
2026-09-30 02:06:47 - mkk_pika - main.py:35 - INFO - 开始检查甘やかさないでっ雷ちゃん！是否存在未下载章节
2026-09-30 02:06:48 - mkk_pika - main.py:45 - INFO - 正在下载:[甘やかさないでっ雷ちゃん！]-[AssistReplayTime (あんじぇりあ)]-[['同人', '短篇', '足の恋', '艦隊收藏']]-[total_pages:19]
2026-09-30 02:06:48 - mkk_pika - main.py:49 - INFO - [{'_id': '5d121b74234f78581b923969', 'title': '第1集', 'order': 1, 'updated_at': '2019-06-24T13:13:24.307Z', 'id': '5d121b74234f78581b923969'}]
2026-09-30 02:06:48 - mkk_pika - database.py:215 - INFO - 第一次下载该漫画，记录数据库中
2026-09-30 02:06:48 - mkk_pika - main.py:83 - INFO - 找到 19 张图片在:第1集
2026-09-30 02:06:50 - mkk_pika - main.py:112 - INFO - [episode:第1集       ] downloaded:    19, total:  19, progress:100%
2026-09-30 02:06:50 - mkk_pika - database.py:238 - INFO - 数据库更新已下载章节
2026-09-30 02:06:50 - mkk_pika - database.py:244 - INFO - 该漫画已下载章节如下
2026-09-30 02:06:50 - mkk_pika - database.py:245 - INFO - ['第1集']
2026-09-30 02:06:51 - mkk_pika - main.py:348 - INFO - ==================== 漫画信息 ====================
                                   漫画ID：5d121b74234f78581b923968
                                   标题：甘やかさないでっ雷ちゃん！
                                   作者：AssistReplayTime (あんじぇりあ)
                                   是否完结：否
                                   总页数：19
                                   分类：同人,短篇,足の恋,艦隊收藏
                                   章节数：1
                                   最后更新时间：2019-06-25T13:02:44.603Z
                                   =================================================
2026-09-30 02:06:51 - mkk_pika - database.py:101 - INFO - 保存成功：甘やかさないでっ雷ちゃん！
2026-09-30 02:06:51 - mkk_pika - main.py:35 - INFO - 开始检查エロングセミナー (COMIC 快楽天ビースト 2019年7月号) [中国翻訳] [DL版]是否存在未下载章节
2026-09-30 02:06:51 - mkk_pika - main.py:45 - INFO - 正在下载:[エロングセミナー (COMIC 快楽天ビースト 2019年7月号) [中国翻訳] [DL版]]-[山石18]-[['短篇']]-[total_pages:22]
2026-09-30 02:06:51 - mkk_pika - main.py:49 - INFO - [{'_id': '5d121b8e8197355816749e89', 'title': '第1集', 'order': 1, 'updated_at': '2019-06-24T13:44:33.443Z', 'id': '5d121b8e8197355816749e89'}]
2026-09-30 02:06:51 - mkk_pika - database.py:215 - INFO - 第一次下载该漫画，记录数据库中
2026-09-30 02:06:52 - mkk_pika - main.py:83 - INFO - 找到 22 张图片在:第1集
2026-09-30 02:06:54 - mkk_pika - main.py:112 - INFO - [episode:第1集       ] downloaded:    22, total:  22, progress:100%
2026-09-30 02:06:54 - mkk_pika - database.py:238 - INFO - 数据库更新已下载章节
2026-09-30 02:06:54 - mkk_pika - database.py:244 - INFO - 该漫画已下载章节如下
2026-09-30 02:06:54 - mkk_pika - database.py:245 - INFO - ['第1集']
2026-09-30 02:06:55 - mkk_pika - main.py:348 - INFO - ==================== 漫画信息 ====================
                                   漫画ID：5d121b8e8197355816749e88
                                   标题：エロングセミナー (COMIC 快楽天ビースト 2019年7月号) [中国翻訳] [DL版]
                                   作者：山石18
                                   是否完结：是
                                   总页数：22
                                   分类：短篇
                                   章节数：1
                                   最后更新时间：2019-06-25T13:03:10.215Z
                                   =================================================
2026-09-30 02:06:55 - mkk_pika - database.py:101 - INFO - 保存成功：エロングセミナー (COMIC 快楽天ビースト 2019年7月号) [中国翻訳] [DL版]
2026-09-30 02:06:55 - mkk_pika - main.py:35 - INFO - 开始检查Happy Together 01是否存在未下载章节
2026-09-30 02:06:55 - mkk_pika - main.py:45 - INFO - 正在下载:[Happy Together 01]-[星夢亭 (鈴田ゆめ)]-[['全彩', '同人', '短篇', '妹妹系']]-[total_pages:19]
2026-09-30 02:06:55 - mkk_pika - main.py:49 - INFO - [{'_id': '5d121bec234f78581b92397e', 'title': '第1集', 'order': 1, 'updated_at': '2019-06-24T13:50:32.536Z', 'id': '5d121bec234f78581b92397e'}]
2026-09-30 02:06:55 - mkk_pika - database.py:215 - INFO - 第一次下载该漫画，记录数据库中
2026-09-30 02:06:56 - mkk_pika - main.py:83 - INFO - 找到 19 张图片在:第1集
2026-09-30 02:06:57 - mkk_pika - main.py:112 - INFO - [episode:第1集       ] downloaded:    19, total:  19, progress:100%
2026-09-30 02:06:57 - mkk_pika - database.py:238 - INFO - 数据库更新已下载章节
2026-09-30 02:06:57 - mkk_pika - database.py:244 - INFO - 该漫画已下载章节如下
2026-09-30 02:06:57 - mkk_pika - database.py:245 - INFO - ['第1集']
2026-09-30 02:06:58 - mkk_pika - main.py:348 - INFO - ==================== 漫画信息 ====================
                                   漫画ID：5d121bec234f78581b92397d
                                   标题：Happy Together 01
                                   作者：星夢亭 (鈴田ゆめ)
                                   是否完结：否
                                   总页数：19
                                   分类：全彩,同人,短篇,妹妹系
                                   章节数：1
                                   最后更新时间：2019-06-25T13:04:44.516Z
                                   =================================================
2026-09-30 02:06:58 - mkk_pika - database.py:101 - INFO - 保存成功：Happy Together 01
2026-09-30 02:06:58 - mkk_pika - main.py:35 - INFO - 开始检查フェイトちゃんと一緒に是否存在未下载章节
2026-09-30 02:06:59 - mkk_pika - main.py:45 - INFO - 正在下载:[フェイトちゃんと一緒に]-[星夢亭 (鈴田ゆめ)]-[['全彩', '同人', '短篇']]-[total_pages:18]
2026-09-30 02:06:59 - mkk_pika - main.py:49 - INFO - [{'_id': '5d121c20d315f35807a8ee3b', 'title': '第1集', 'order': 1, 'updated_at': '2019-06-24T14:04:10.101Z', 'id': '5d121c20d315f35807a8ee3b'}]
2026-09-30 02:06:59 - mkk_pika - database.py:215 - INFO - 第一次下载该漫画，记录数据库中
2026-09-30 02:06:59 - mkk_pika - main.py:83 - INFO - 找到 18 张图片在:第1集
2026-09-30 02:07:01 - mkk_pika - main.py:112 - INFO - [episode:第1集       ] downloaded:    18, total:  18, progress:100%
2026-09-30 02:07:01 - mkk_pika - database.py:238 - INFO - 数据库更新已下载章节
2026-09-30 02:07:01 - mkk_pika - database.py:244 - INFO - 该漫画已下载章节如下
2026-09-30 02:07:01 - mkk_pika - database.py:245 - INFO - ['第1集']
2026-09-30 02:07:02 - mkk_pika - main.py:348 - INFO - ==================== 漫画信息 ====================
                                   漫画ID：5d121c20d315f35807a8ee3a
                                   标题：フェイトちゃんと一緒に
                                   作者：星夢亭 (鈴田ゆめ)
                                   是否完结：否
                                   总页数：18
                                   分类：全彩,同人,短篇
                                   章节数：1
                                   最后更新时间：2019-06-25T13:05:36.613Z
                                   =================================================
2026-09-30 02:07:02 - mkk_pika - database.py:101 - INFO - 保存成功：フェイトちゃんと一緒に
2026-09-30 02:07:02 - mkk_pika - main.py:35 - INFO - 开始检查(C95)  めちゃシコチノちゃん3 (ご注文はうさぎですか?) [中国翻訳]是否存在未下载章节
2026-09-30 02:07:02 - mkk_pika - main.py:45 - INFO - 正在下载:[(C95)  めちゃシコチノちゃん3 (ご注文はうさぎですか?) [中国翻訳]]-[47sp. (高階@聖人)]-[['短篇', '全彩', '同人']]-[total_pages:14]
2026-09-30 02:07:02 - mkk_pika - main.py:49 - INFO - [{'_id': '5d121c35d315f35807a8ee4f', 'title': '第1集', 'order': 1, 'updated_at': '2019-06-24T14:05:24.188Z', 'id': '5d121c35d315f35807a8ee4f'}]
2026-09-30 02:07:02 - mkk_pika - database.py:215 - INFO - 第一次下载该漫画，记录数据库中
2026-09-30 02:07:03 - mkk_pika - main.py:83 - INFO - 找到 14 张图片在:第1集
2026-09-30 02:07:04 - mkk_pika - main.py:112 - INFO - [episode:第1集       ] downloaded:    14, total:  14, progress:100%
2026-09-30 02:07:04 - mkk_pika - database.py:238 - INFO - 数据库更新已下载章节
2026-09-30 02:07:04 - mkk_pika - database.py:244 - INFO - 该漫画已下载章节如下
2026-09-30 02:07:04 - mkk_pika - database.py:245 - INFO - ['第1集']
2026-09-30 02:07:05 - mkk_pika - main.py:348 - INFO - ==================== 漫画信息 ====================
                                   漫画ID：5d121c35d315f35807a8ee4e
                                   标题：(C95)  めちゃシコチノちゃん3 (ご注文はうさぎですか?) [中国翻訳]
                                   作者：47sp. (高階@聖人)
                                   是否完结：是
                                   总页数：14
                                   分类：短篇,全彩,同人
                                   章节数：1
                                   最后更新时间：2019-06-25T13:05:57.537Z
                                   =================================================
2026-09-30 02:07:05 - mkk_pika - database.py:101 - INFO - 保存成功：(C95)  めちゃシコチノちゃん3 (ご注文はうさぎですか?) [中国翻訳]
2026-09-30 02:07:05 - mkk_pika - main.py:35 - INFO - 开始检查(C95)  はぐれサーヴァントアビーちゃんはわるい子 (Fate/Grand Order) [中国翻訳]是否存在未下载章节
2026-09-30 02:07:05 - mkk_pika - main.py:45 - INFO - 正在下载:[(C95)  はぐれサーヴァントアビーちゃんはわるい子 (Fate/Grand Order) [中国翻訳]]-[ぐりいん野はうす (温野りょく)]-[['短篇', '同人', 'Fate']]-[total_pages:24]
2026-09-30 02:07:05 - mkk_pika - main.py:49 - INFO - [{'_id': '5d121ed18197355816749eba', 'title': '第1集', 'order': 1, 'updated_at': '2019-06-24T14:37:35.378Z', 'id': '5d121ed18197355816749eba'}]
2026-09-30 02:07:05 - mkk_pika - database.py:215 - INFO - 第一次下载该漫画，记录数据库中
2026-09-30 02:07:06 - mkk_pika - main.py:83 - INFO - 找到 24 张图片在:第1集
2026-09-30 02:07:07 - mkk_pika - main.py:112 - INFO - [episode:第1集       ] downloaded:    24, total:  24, progress:100%
2026-09-30 02:07:07 - mkk_pika - database.py:238 - INFO - 数据库更新已下载章节
2026-09-30 02:07:07 - mkk_pika - database.py:244 - INFO - 该漫画已下载章节如下
2026-09-30 02:07:07 - mkk_pika - database.py:245 - INFO - ['第1集']
2026-09-30 02:07:09 - mkk_pika - main.py:348 - INFO - ==================== 漫画信息 ====================
                                   漫画ID：5d121ed18197355816749eb9
                                   标题：(C95)  はぐれサーヴァントアビーちゃんはわるい子 (Fate/Grand Order) [中国翻訳]
                                   作者：ぐりいん野はうす (温野りょく)
                                   是否完结：是
                                   总页数：24
                                   分类：短篇,同人,Fate
                                   章节数：1
                                   最后更新时间：2019-06-25T13:17:05.159Z
                                   =================================================
2026-09-30 02:07:09 - mkk_pika - database.py:101 - INFO - 保存成功：(C95)  はぐれサーヴァントアビーちゃんはわるい子 (Fate/Grand Order) [中国翻訳]
2026-09-30 02:07:09 - mkk_pika - main.py:35 - INFO - 开始检查(COMIC1☆15)とぉ～ってもかわいイリヤ 2wei (Fate/Grand Order)[中国翻訳]是否存在未下载章节
2026-09-30 02:07:09 - mkk_pika - main.py:45 - INFO - 正在下载:[(COMIC1☆15)とぉ～ってもかわいイリヤ 2wei (Fate/Grand Order)[中国翻訳]]-[HappyBirthday (丸ちゃん。)]-[['同人', '短篇', '後宮閃光', 'Fate']]-[total_pages:19]
2026-09-30 02:07:09 - mkk_pika - main.py:49 - INFO - [{'_id': '5d121f4d8197355816749ed4', 'title': '第1集', 'order': 1, 'updated_at': '2019-06-24T15:27:38.802Z', 'id': '5d121f4d8197355816749ed4'}]
2026-09-30 02:07:09 - mkk_pika - database.py:215 - INFO - 第一次下载该漫画，记录数据库中
2026-09-30 02:07:10 - mkk_pika - main.py:83 - INFO - 找到 19 张图片在:第1集
2026-09-30 02:07:11 - mkk_pika - main.py:112 - INFO - [episode:第1集       ] downloaded:    19, total:  19, progress:100%
2026-09-30 02:07:11 - mkk_pika - database.py:238 - INFO - 数据库更新已下载章节
2026-09-30 02:07:11 - mkk_pika - database.py:244 - INFO - 该漫画已下载章节如下
2026-09-30 02:07:11 - mkk_pika - database.py:245 - INFO - ['第1集']
2026-09-30 02:07:12 - mkk_pika - main.py:348 - INFO - ==================== 漫画信息 ====================
                                   漫画ID：5d121f4d8197355816749ed3
                                   标题：(COMIC1☆15)とぉ～ってもかわいイリヤ 2wei (Fate/Grand Order)[中国翻訳]
                                   作者：HappyBirthday (丸ちゃん。)
                                   是否完结：是
                                   总页数：19
                                   分类：同人,短篇,後宮閃光,Fate
                                   章节数：1
                                   最后更新时间：2019-06-25T13:19:09.389Z
                                   =================================================
2026-09-30 02:07:12 - mkk_pika - database.py:101 - INFO - 保存成功：(COMIC1☆15)とぉ～ってもかわいイリヤ 2wei (Fate/Grand Order)[中国翻訳]
2026-09-30 02:07:12 - mkk_pika - main.py:35 - INFO - 开始检查(サンクリ2019 Summer) カーマに一方的に愛されたい (Fate/Grand Order)是否存在未下载章节
2026-09-30 02:07:12 - mkk_pika - main.py:45 - INFO - 正在下载:[(サンクリ2019 Summer) カーマに一方的に愛されたい (Fate/Grand Order)]-[SeaFox (霧咲白狐)]-[['短篇', '同人', '扶他樂園', 'Fate']]-[total_pages:33]
2026-09-30 02:07:12 - mkk_pika - main.py:49 - INFO - [{'_id': '5d0ee8c786c4a11dd0b95f9d', 'title': '第1集', 'order': 1, 'updated_at': '2019-06-19T14:56:24.747Z', 'id': '5d0ee8c786c4a11dd0b95f9d'}, {'_id': '5d121fe98197355816749ee9', 'title': '汉化', 'order': 2, 'updated_at': '2019-06-24T18:01:56.969Z', 'id': '5d121fe98197355816749ee9'}]
2026-09-30 02:07:12 - mkk_pika - database.py:215 - INFO - 第一次下载该漫画，记录数据库中
2026-09-30 02:07:13 - mkk_pika - main.py:83 - INFO - 找到 16 张图片在:第1集
2026-09-30 02:07:14 - mkk_pika - main.py:112 - INFO - [episode:第1集       ] downloaded:    16, total:  16, progress:100%
2026-09-30 02:07:14 - mkk_pika - database.py:238 - INFO - 数据库更新已下载章节
2026-09-30 02:07:14 - mkk_pika - database.py:244 - INFO - 该漫画已下载章节如下
2026-09-30 02:07:14 - mkk_pika - database.py:245 - INFO - ['第1集']
2026-09-30 02:07:16 - mkk_pika - main.py:83 - INFO - 找到 17 张图片在:汉化
2026-09-30 02:07:17 - mkk_pika - main.py:112 - INFO - [episode:汉化        ] downloaded:    17, total:  17, progress:100%
2026-09-30 02:07:17 - mkk_pika - database.py:238 - INFO - 数据库更新已下载章节
2026-09-30 02:07:17 - mkk_pika - database.py:244 - INFO - 该漫画已下载章节如下
2026-09-30 02:07:17 - mkk_pika - database.py:245 - INFO - ['第1集', '汉化']
2026-09-30 02:07:18 - mkk_pika - main.py:348 - INFO - ==================== 漫画信息 ====================
                                   漫画ID：5d0ee8c786c4a11dd0b95f9c
                                   标题：(サンクリ2019 Summer) カーマに一方的に愛されたい (Fate/Grand Order)
                                   作者：SeaFox (霧咲白狐)
                                   是否完结：是
                                   总页数：33
                                   分类：短篇,同人,扶他樂園,Fate
                                   章节数：2
                                   最后更新时间：2019-06-25T13:21:45.917Z
                                   =================================================
2026-09-30 02:07:18 - mkk_pika - database.py:101 - INFO - 保存成功：(サンクリ2019 Summer) カーマに一方的に愛されたい (Fate/Grand Order)
2026-09-30 02:07:18 - mkk_pika - main.py:35 - INFO - 开始检查AV嬢カヤ野ねえ子 (コミック刺激的SQUIRT！！ Vol.04) [中国翻訳] [DL版]是否存在未下载章节
2026-09-30 02:07:18 - mkk_pika - main.py:45 - INFO - 正在下载:[AV嬢カヤ野ねえ子 (コミック刺激的SQUIRT！！ Vol.04) [中国翻訳] [DL版]]-[蒟吉人]-[['短篇', '人妻']]-[total_pages:21]
2026-09-30 02:07:18 - mkk_pika - main.py:49 - INFO - [{'_id': '5d12204d234f78581b9239fa', 'title': '第1集', 'order': 1, 'updated_at': '2019-06-24T18:27:30.071Z', 'id': '5d12204d234f78581b9239fa'}]
2026-09-30 02:07:18 - mkk_pika - database.py:215 - INFO - 第一次下载该漫画，记录数据库中
2026-09-30 02:07:19 - mkk_pika - main.py:83 - INFO - 找到 21 张图片在:第1集
2026-09-30 02:07:20 - mkk_pika - main.py:112 - INFO - [episode:第1集       ] downloaded:    21, total:  21, progress:100%
2026-09-30 02:07:20 - mkk_pika - database.py:238 - INFO - 数据库更新已下载章节
2026-09-30 02:07:20 - mkk_pika - database.py:244 - INFO - 该漫画已下载章节如下
2026-09-30 02:07:20 - mkk_pika - database.py:245 - INFO - ['第1集']
2026-09-30 02:07:22 - mkk_pika - main.py:348 - INFO - ==================== 漫画信息 ====================
                                   漫画ID：5d12204d234f78581b9239f9
                                   标题：AV嬢カヤ野ねえ子 (コミック刺激的SQUIRT！！ Vol.04) [中国翻訳] [DL版]
                                   作者：蒟吉人
                                   是否完结：是
                                   总页数：21
                                   分类：短篇,人妻
                                   章节数：1
                                   最后更新时间：2019-06-25T13:23:25.806Z
                                   =================================================
2026-09-30 02:07:22 - mkk_pika - database.py:101 - INFO - 保存成功：AV嬢カヤ野ねえ子 (コミック刺激的SQUIRT！！ Vol.04) [中国翻訳] [DL版]
2026-09-30 02:07:22 - mkk_pika - main.py:35 - INFO - 开始检查 妻の母親とのセックスがマンネリ気味なのである女を呼び出して3Pセックスしてみた[中国翻訳]是否存在未下载章节
2026-09-30 02:07:22 - mkk_pika - main.py:45 - INFO - 正在下载:[ 妻の母親とのセックスがマンネリ気味なのである女を呼び出して3Pセックスしてみた[中国翻訳]]-[黒野タイツ]-[['全彩', '短篇', '人妻']]-[total_pages:21]
2026-09-30 02:07:22 - mkk_pika - main.py:49 - INFO - [{'_id': '5d1220838197355816749f11', 'title': '第1集', 'order': 1, 'updated_at': '2019-06-24T20:46:23.245Z', 'id': '5d1220838197355816749f11'}]
2026-09-30 02:07:22 - mkk_pika - database.py:215 - INFO - 第一次下载该漫画，记录数据库中
2026-09-30 02:07:22 - mkk_pika - main.py:83 - INFO - 找到 21 张图片在:第1集
2026-09-30 02:07:24 - mkk_pika - main.py:112 - INFO - [episode:第1集       ] downloaded:    21, total:  21, progress:100%
2026-09-30 02:07:24 - mkk_pika - database.py:238 - INFO - 数据库更新已下载章节
2026-09-30 02:07:24 - mkk_pika - database.py:244 - INFO - 该漫画已下载章节如下
2026-09-30 02:07:24 - mkk_pika - database.py:245 - INFO - ['第1集']
2026-09-30 02:07:25 - mkk_pika - main.py:348 - INFO - ==================== 漫画信息 ====================
                                   漫画ID：5d1220838197355816749f10
                                   标题： 妻の母親とのセックスがマンネリ気味なのである女を呼び出して3Pセックスしてみた[中国翻訳]
                                   作者：黒野タイツ
                                   是否完结：是
                                   总页数：21
                                   分类：全彩,短篇,人妻
                                   章节数：1
                                   最后更新时间：2019-06-25T13:24:19.591Z
                                   =================================================
2026-09-30 02:07:25 - mkk_pika - database.py:101 - INFO - 保存成功： 妻の母親とのセックスがマンネリ気味なのである女を呼び出して3Pセックスしてみた[中国翻訳]
2026-09-30 02:07:25 - mkk_pika - main.py:35 - INFO - 开始检查C9-38 ブーディカさんが堕ちるまで (FateGrand Order) [DL版]是否存在未下载章节
2026-09-30 02:07:26 - mkk_pika - main.py:45 - INFO - 正在下载:[C9-38 ブーディカさんが堕ちるまで (FateGrand Order) [DL版]]-[Crazy9 (いちたか)]-[['短篇', '同人', 'Fate']]-[total_pages:55]
2026-09-30 02:07:26 - mkk_pika - main.py:49 - INFO - [{'_id': '5d10cd627c44c7232a0e5d1a', 'title': '第1集', 'order': 1, 'updated_at': '2019-06-22T17:43:03.299Z', 'id': '5d10cd627c44c7232a0e5d1a'}, {'_id': '5d17753052add63194b94ec0', 'title': '汉化。改', 'order': 2, 'updated_at': '2019-06-29T11:20:47.573Z', 'id': '5d17753052add63194b94ec0'}]
2026-09-30 02:07:26 - mkk_pika - database.py:215 - INFO - 第一次下载该漫画，记录数据库中
2026-09-30 02:07:26 - mkk_pika - main.py:83 - INFO - 找到 27 张图片在:第1集
2026-09-30 02:07:28 - mkk_pika - main.py:112 - INFO - [episode:第1集       ] downloaded:    27, total:  27, progress:100%
2026-09-30 02:07:28 - mkk_pika - database.py:238 - INFO - 数据库更新已下载章节
2026-09-30 02:07:28 - mkk_pika - database.py:244 - INFO - 该漫画已下载章节如下
2026-09-30 02:07:28 - mkk_pika - database.py:245 - INFO - ['第1集']
2026-09-30 02:07:29 - mkk_pika - main.py:83 - INFO - 找到 28 张图片在:汉化。改
2026-09-30 02:07:32 - mkk_pika - main.py:112 - INFO - [episode:汉化。改      ] downloaded:    28, total:  28, progress:100%
2026-09-30 02:07:32 - mkk_pika - database.py:238 - INFO - 数据库更新已下载章节
2026-09-30 02:07:32 - mkk_pika - database.py:244 - INFO - 该漫画已下载章节如下
2026-09-30 02:07:32 - mkk_pika - database.py:245 - INFO - ['第1集', '汉化。改']
2026-09-30 02:07:33 - mkk_pika - main.py:348 - INFO - ==================== 漫画信息 ====================
                                   漫画ID：5d10cd627c44c7232a0e5d19
                                   标题：C9-38 ブーディカさんが堕ちるまで (FateGrand Order) [DL版]
                                   作者：Crazy9 (いちたか)
                                   是否完结：是
                                   总页数：55
                                   分类：短篇,同人,Fate
                                   章节数：2
                                   最后更新时间：2019-06-25T13:24:41.011Z
                                   =================================================
2026-09-30 02:07:33 - mkk_pika - database.py:101 - INFO - 保存成功：C9-38 ブーディカさんが堕ちるまで (FateGrand Order) [DL版]
2026-09-30 02:07:33 - mkk_pika - main.py:380 - INFO - 本次任务下载完毕
2026-09-30 02:07:33 - mkk_pika - database.py:173 - INFO - 数据库连接已关闭
