2026-09-01 01:47:04 - mkk_pika - main.py:193 - INFO - =======================================================================
2026-09-01 01:47:04 - mkk_pika - database.py:61 - INFO - 表和索引初始化成功
2026-09-01 01:47:04 - mkk_pika - main.py:197 - INFO - 已经累计下载19733本漫画
2026-09-01 01:47:04 - mkk_pika - api.py:87 - INFO - 登录成功
2026-09-01 01:47:05 - mkk_pika - main.py:203 - INFO - 收藏夹共计0本漫画
2026-09-01 01:47:05 - mkk_pika - main.py:206 - INFO - 开始下载收藏夹内未下载内容
2026-09-01 01:47:05 - mkk_pika - main.py:266 - INFO - 收藏夹内容下载完毕
2026-09-01 01:47:05 - mkk_pika - main.py:268 - INFO - 开始下载订阅内容
2026-09-01 01:47:05 - mkk_pika - database.py:258 - INFO - 根据ID查询到标题：萝莉 -> 椿ちゃんとコスプレHする本 | 和椿酱的换装色色本
2026-09-01 01:47:05 - mkk_pika - database.py:101 - INFO - 保存成功：C102おまけ本 アリスとの後日談 | 爱丽丝酱的後日談
2026-09-01 01:47:05 - mkk_pika - main.py:273 - INFO - 关键词萝莉找到2本漫画
2026-09-01 01:47:05 - mkk_pika - database.py:258 - INFO - 根据ID查询到标题：蘿莉 -> 魔光♡催眠 (ブルーアーカイブ)
2026-09-01 01:47:06 - mkk_pika - database.py:101 - INFO - 保存成功：LIT TROPICAL VACAY
2026-09-01 01:47:06 - mkk_pika - main.py:273 - INFO - 关键词蘿莉找到3本漫画
2026-09-01 01:47:06 - mkk_pika - main.py:275 - INFO - 订阅内容共计5本漫画
2026-09-01 01:47:06 - mkk_pika - main.py:35 - INFO - 开始检查私のさーちゃん（ゆるゆり）[中国翻訳]是否存在未下载章节
2026-09-01 01:47:06 - mkk_pika - main.py:45 - INFO - 正在下载:[私のさーちゃん（ゆるゆり）[中国翻訳]]-[az]-[['短篇', '同人', '百合花園']]-[total_pages:-1]
2026-09-01 01:47:06 - mkk_pika - main.py:49 - INFO - [{'_id': '6a95c96a27dc2b3498058301', 'title': '熟肉', 'order': 1, 'updated_at': '2026-08-31T11:10:00.891Z', 'id': '6a95c96a27dc2b3498058301'}]
2026-09-01 01:47:06 - mkk_pika - database.py:215 - INFO - 第一次下载该漫画，记录数据库中
2026-09-01 01:47:07 - mkk_pika - main.py:83 - INFO - 找到 20 张图片在:熟肉
2026-09-01 01:47:08 - mkk_pika - main.py:112 - INFO - [episode:熟肉        ] downloaded:    20, total:  20, progress:100%
2026-09-01 01:47:08 - mkk_pika - database.py:238 - INFO - 数据库更新已下载章节
2026-09-01 01:47:08 - mkk_pika - database.py:244 - INFO - 该漫画已下载章节如下
2026-09-01 01:47:08 - mkk_pika - database.py:245 - INFO - ['熟肉']
2026-09-01 01:47:09 - mkk_pika - main.py:292 - INFO - ==================== 漫画信息 ====================
                                漫画ID：6a95c96a27dc2b3498058300
                                标题：私のさーちゃん（ゆるゆり）[中国翻訳]
                                作者：az
                                是否完结：是
                                总页数：20
                                分类：短篇,同人,百合花園
                                章节数：1
                                最后更新时间：2026-08-31T18:35:22.366Z
                                =================================================
2026-09-01 01:47:09 - mkk_pika - database.py:101 - INFO - 保存成功：私のさーちゃん（ゆるゆり）[中国翻訳]
2026-09-01 01:47:09 - mkk_pika - main.py:35 - INFO - 开始检查C102おまけ本 アリスとの後日談 | 爱丽丝酱的後日談是否存在未下载章节
2026-09-01 01:47:09 - mkk_pika - main.py:45 - INFO - 正在下载:[C102おまけ本 アリスとの後日談 | 爱丽丝酱的後日談]-[チサキッス (枠田ちさき)]-[['短篇', '同人']]-[total_pages:-1]
2026-09-01 01:47:09 - mkk_pika - main.py:49 - INFO - [{'_id': '6a95c7bb0bd87a343b489d8e', 'title': '第1話', 'order': 1, 'updated_at': '2026-08-30T12:34:54.793Z', 'id': '6a95c7bb0bd87a343b489d8e'}]
2026-09-01 01:47:09 - mkk_pika - database.py:215 - INFO - 第一次下载该漫画，记录数据库中
2026-09-01 01:47:10 - mkk_pika - main.py:83 - INFO - 找到 14 张图片在:第1話
2026-09-01 01:47:10 - mkk_pika - main.py:112 - INFO - [episode:第1話       ] downloaded:    14, total:  14, progress:100%
2026-09-01 01:47:10 - mkk_pika - database.py:238 - INFO - 数据库更新已下载章节
2026-09-01 01:47:10 - mkk_pika - database.py:244 - INFO - 该漫画已下载章节如下
2026-09-01 01:47:10 - mkk_pika - database.py:245 - INFO - ['第1話']
2026-09-01 01:47:12 - mkk_pika - main.py:292 - INFO - ==================== 漫画信息 ====================
                                漫画ID：6a95c7bb0bd87a343b489d8d
                                标题：C102おまけ本 アリスとの後日談 | 爱丽丝酱的後日談
                                作者：チサキッス (枠田ちさき)
                                是否完结：否
                                总页数：14
                                分类：短篇,同人
                                章节数：1
                                最后更新时间：2026-08-31T18:28:11.469Z
                                =================================================
2026-09-01 01:47:12 - mkk_pika - database.py:101 - INFO - 保存成功：C102おまけ本 アリスとの後日談 | 爱丽丝酱的後日談
2026-09-01 01:47:12 - mkk_pika - main.py:35 - INFO - 开始检查妄想天使特别邀约（绝区零）[中国语][无修正]是否存在未下载章节
2026-09-01 01:47:12 - mkk_pika - main.py:45 - INFO - 正在下载:[妄想天使特别邀约（绝区零）[中国语][无修正]]-[鹿铃]-[['全彩', '短篇', '同人', '百合花園']]-[total_pages:-1]
2026-09-01 01:47:12 - mkk_pika - main.py:49 - INFO - [{'_id': '6a95c94c27dc2b34980582da', 'title': '全彩', 'order': 1, 'updated_at': '2026-08-31T11:04:54.583Z', 'id': '6a95c94c27dc2b34980582da'}]
2026-09-01 01:47:12 - mkk_pika - database.py:215 - INFO - 第一次下载该漫画，记录数据库中
2026-09-01 01:47:12 - mkk_pika - main.py:83 - INFO - 找到 34 张图片在:全彩
2026-09-01 01:47:13 - mkk_pika - main.py:112 - INFO - [episode:全彩        ] downloaded:    34, total:  34, progress:100%
2026-09-01 01:47:13 - mkk_pika - database.py:238 - INFO - 数据库更新已下载章节
2026-09-01 01:47:13 - mkk_pika - database.py:244 - INFO - 该漫画已下载章节如下
2026-09-01 01:47:13 - mkk_pika - database.py:245 - INFO - ['全彩']
2026-09-01 01:47:15 - mkk_pika - main.py:292 - INFO - ==================== 漫画信息 ====================
                                漫画ID：6a95c94c27dc2b34980582d9
                                标题：妄想天使特别邀约（绝区零）[中国语][无修正]
                                作者：鹿铃
                                是否完结：是
                                总页数：34
                                分类：全彩,短篇,同人,百合花園
                                章节数：1
                                最后更新时间：2026-08-31T18:34:52.088Z
                                =================================================
2026-09-01 01:47:15 - mkk_pika - database.py:101 - INFO - 保存成功：妄想天使特别邀约（绝区零）[中国语][无修正]
2026-09-01 01:47:15 - mkk_pika - main.py:35 - INFO - 开始检查全部、このちゃんのせいだから！！！ | 这全都是、可乃酱的错！！！是否存在未下载章节
2026-09-01 01:47:15 - mkk_pika - main.py:45 - INFO - 正在下载:[全部、このちゃんのせいだから！！！ | 这全都是、可乃酱的错！！！]-[Usacastle (うさ城まに)]-[['短篇', '強暴']]-[total_pages:-1]
2026-09-01 01:47:15 - mkk_pika - main.py:49 - INFO - [{'_id': '6a95c86135edca345f9fe2a9', 'title': '熟肉', 'order': 1, 'updated_at': '2026-08-28T16:29:09.964Z', 'id': '6a95c86135edca345f9fe2a9'}, {'_id': '6a95c86135edca345f9fe2aa', 'title': '生肉', 'order': 2, 'updated_at': '2026-08-28T16:32:26.832Z', 'id': '6a95c86135edca345f9fe2aa'}]
2026-09-01 01:47:15 - mkk_pika - database.py:215 - INFO - 第一次下载该漫画，记录数据库中
2026-09-01 01:47:16 - mkk_pika - main.py:83 - INFO - 找到 44 张图片在:熟肉
2026-09-01 01:47:17 - mkk_pika - main.py:112 - INFO - [episode:熟肉        ] downloaded:    44, total:  44, progress:100%
2026-09-01 01:47:17 - mkk_pika - database.py:238 - INFO - 数据库更新已下载章节
2026-09-01 01:47:17 - mkk_pika - database.py:244 - INFO - 该漫画已下载章节如下
2026-09-01 01:47:17 - mkk_pika - database.py:245 - INFO - ['熟肉']
2026-09-01 01:47:19 - mkk_pika - main.py:83 - INFO - 找到 43 张图片在:生肉
2026-09-01 01:47:20 - mkk_pika - main.py:112 - INFO - [episode:生肉        ] downloaded:    43, total:  43, progress:100%
2026-09-01 01:47:20 - mkk_pika - database.py:238 - INFO - 数据库更新已下载章节
2026-09-01 01:47:20 - mkk_pika - database.py:244 - INFO - 该漫画已下载章节如下
2026-09-01 01:47:20 - mkk_pika - database.py:245 - INFO - ['熟肉', '生肉']
2026-09-01 01:47:21 - mkk_pika - main.py:292 - INFO - ==================== 漫画信息 ====================
                                漫画ID：6a95c86135edca345f9fe2a8
                                标题：全部、このちゃんのせいだから！！！ | 这全都是、可乃酱的错！！！
                                作者：Usacastle (うさ城まに)
                                是否完结：是
                                总页数：87
                                分类：短篇,強暴
                                章节数：2
                                最后更新时间：2026-08-31T18:30:57.982Z
                                =================================================
2026-09-01 01:47:21 - mkk_pika - database.py:101 - INFO - 保存成功：全部、このちゃんのせいだから！！！ | 这全都是、可乃酱的错！！！
2026-09-01 01:47:21 - mkk_pika - main.py:35 - INFO - 开始检查C102おまけ本 アリスとの後日談 | 爱丽丝酱的後日談是否存在未下载章节
2026-09-01 01:47:21 - mkk_pika - database.py:203 - INFO - 查询数据库中是否已存在第1話
2026-09-01 01:47:21 - mkk_pika - main.py:51 - INFO - C102おまけ本 アリスとの後日談 | 爱丽丝酱的後日談中没有可下载章节
2026-09-01 01:47:22 - mkk_pika - main.py:292 - INFO - ==================== 漫画信息 ====================
                                漫画ID：6a95c7bb0bd87a343b489d8d
                                标题：C102おまけ本 アリスとの後日談 | 爱丽丝酱的後日談
                                作者：チサキッス (枠田ちさき)
                                是否完结：否
                                总页数：14
                                分类：短篇,同人
                                章节数：1
                                最后更新时间：2026-08-31T18:28:11.469Z
                                =================================================
2026-09-01 01:47:22 - mkk_pika - database.py:101 - INFO - 保存成功：C102おまけ本 アリスとの後日談 | 爱丽丝酱的後日談
2026-09-01 01:47:22 - mkk_pika - main.py:323 - INFO - 订阅内容内容下载完毕
2026-09-01 01:47:22 - mkk_pika - main.py:324 - INFO - 开始分批下载全部章节
2026-09-01 01:47:22 - mkk_pika - database.py:280 - INFO - 表和索引初始化成功
2026-09-01 01:47:22 - mkk_pika - main.py:177 - INFO - 已经下载了1508页，一共7115页，现在开始添加第1509页
2026-09-01 01:47:22 - mkk_pika - database.py:318 - INFO - 保存成功
2026-09-01 01:47:23 - mkk_pika - main.py:177 - INFO - 已经下载了1509页，一共7115页，现在开始添加第1510页
2026-09-01 01:47:23 - mkk_pika - database.py:318 - INFO - 保存成功
2026-09-01 01:47:23 - mkk_pika - main.py:177 - INFO - 已经下载了1510页，一共7115页，现在开始添加第1511页
2026-09-01 01:47:24 - mkk_pika - database.py:318 - INFO - 保存成功
2026-09-01 01:47:24 - mkk_pika - main.py:177 - INFO - 已经下载了1511页，一共7115页，现在开始添加第1512页
2026-09-01 01:47:25 - mkk_pika - database.py:318 - INFO - 保存成功
2026-09-01 01:47:25 - mkk_pika - main.py:177 - INFO - 已经下载了1512页，一共7115页，现在开始添加第1513页
2026-09-01 01:47:26 - mkk_pika - database.py:318 - INFO - 保存成功
2026-09-01 01:47:26 - mkk_pika - main.py:331 - INFO - 分批下载共计57本漫画
2026-09-01 01:47:26 - mkk_pika - main.py:35 - INFO - 开始检查でれでれガールズ girlナターリア (アイドルマスター シンデレラガールズ)是否存在未下载章节
2026-09-01 01:47:26 - mkk_pika - main.py:45 - INFO - 正在下载:[でれでれガールズ girlナターリア (アイドルマスター シンデレラガールズ)]-[アトリエ丸和 (丸和太郎)]-[['全彩', '同人', '短篇', '純愛']]-[total_pages:18]
2026-09-01 01:47:26 - mkk_pika - main.py:49 - INFO - [{'_id': '5c827691a1430c5634c8397d', 'title': '第1集', 'order': 1, 'updated_at': '2019-03-08T05:08:58.784Z', 'id': '5c827691a1430c5634c8397d'}]
2026-09-01 01:47:26 - mkk_pika - database.py:215 - INFO - 第一次下载该漫画，记录数据库中
2026-09-01 01:47:27 - mkk_pika - main.py:83 - INFO - 找到 18 张图片在:第1集
2026-09-01 01:47:27 - mkk_pika - main.py:112 - INFO - [episode:第1集       ] downloaded:    18, total:  18, progress:100%
2026-09-01 01:47:27 - mkk_pika - database.py:238 - INFO - 数据库更新已下载章节
2026-09-01 01:47:27 - mkk_pika - database.py:244 - INFO - 该漫画已下载章节如下
2026-09-01 01:47:27 - mkk_pika - database.py:245 - INFO - ['第1集']
2026-09-01 01:47:28 - mkk_pika - main.py:348 - INFO - ==================== 漫画信息 ====================
                                   漫画ID：5c827691a1430c5634c8397c
                                   标题：でれでれガールズ girlナターリア (アイドルマスター シンデレラガールズ)
                                   作者：アトリエ丸和 (丸和太郎)
                                   是否完结：是
                                   总页数：18
                                   分类：全彩,同人,短篇,純愛
                                   章节数：1
                                   最后更新时间：2019-03-08T14:05:05.191Z
                                   =================================================
2026-09-01 01:47:28 - mkk_pika - database.py:101 - INFO - 保存成功：でれでれガールズ girlナターリア (アイドルマスター シンデレラガールズ)
2026-09-01 01:47:28 - mkk_pika - main.py:35 - INFO - 开始检查 奥さまはiDOL -秋月律子編-(アイドルマスター)是否存在未下载章节
2026-09-01 01:47:29 - mkk_pika - main.py:45 - INFO - 正在下载:[ 奥さまはiDOL -秋月律子編-(アイドルマスター)]-[アトリエ丸和 (丸和太郎）]-[['全彩', '同人', '短篇', '純愛']]-[total_pages:18]
2026-09-01 01:47:29 - mkk_pika - main.py:49 - INFO - [{'_id': '5c8276969a046b706fb40a79', 'title': '第1集', 'order': 1, 'updated_at': '2019-03-08T05:20:10.388Z', 'id': '5c8276969a046b706fb40a79'}]
2026-09-01 01:47:29 - mkk_pika - database.py:215 - INFO - 第一次下载该漫画，记录数据库中
2026-09-01 01:47:29 - mkk_pika - main.py:83 - INFO - 找到 18 张图片在:第1集
2026-09-01 01:47:30 - mkk_pika - main.py:112 - INFO - [episode:第1集       ] downloaded:    18, total:  18, progress:100%
2026-09-01 01:47:30 - mkk_pika - database.py:238 - INFO - 数据库更新已下载章节
2026-09-01 01:47:30 - mkk_pika - database.py:244 - INFO - 该漫画已下载章节如下
2026-09-01 01:47:30 - mkk_pika - database.py:245 - INFO - ['第1集']
2026-09-01 01:47:31 - mkk_pika - main.py:348 - INFO - ==================== 漫画信息 ====================
                                   漫画ID：5c8276969a046b706fb40a78
                                   标题： 奥さまはiDOL -秋月律子編-(アイドルマスター)
                                   作者：アトリエ丸和 (丸和太郎）
                                   是否完结：是
                                   总页数：18
                                   分类：全彩,同人,短篇,純愛
                                   章节数：1
                                   最后更新时间：2019-03-08T14:05:10.617Z
                                   =================================================
2026-09-01 01:47:31 - mkk_pika - database.py:101 - INFO - 保存成功： 奥さまはiDOL -秋月律子編-(アイドルマスター)
2026-09-01 01:47:31 - mkk_pika - main.py:35 - INFO - 开始检查 放課後自撮りガール [中国翻訳] [DL版]是否存在未下载章节
2026-09-01 01:47:31 - mkk_pika - main.py:45 - INFO - 正在下载:[ 放課後自撮りガール [中国翻訳] [DL版]]-[シリコン自重 (Condessa)]-[['短篇', '扶他樂園']]-[total_pages:22]
2026-09-01 01:47:31 - mkk_pika - main.py:49 - INFO - [{'_id': '5c82771935b667306b185ce5', 'title': '第1集', 'order': 1, 'updated_at': '2019-03-08T06:09:32.450Z', 'id': '5c82771935b667306b185ce5'}]
2026-09-01 01:47:31 - mkk_pika - database.py:215 - INFO - 第一次下载该漫画，记录数据库中
2026-09-01 01:47:32 - mkk_pika - main.py:83 - INFO - 找到 22 张图片在:第1集
2026-09-01 01:47:32 - mkk_pika - main.py:112 - INFO - [episode:第1集       ] downloaded:    22, total:  22, progress:100%
2026-09-01 01:47:32 - mkk_pika - database.py:238 - INFO - 数据库更新已下载章节
2026-09-01 01:47:32 - mkk_pika - database.py:244 - INFO - 该漫画已下载章节如下
2026-09-01 01:47:32 - mkk_pika - database.py:245 - INFO - ['第1集']
2026-09-01 01:47:34 - mkk_pika - main.py:348 - INFO - ==================== 漫画信息 ====================
                                   漫画ID：5c82771935b667306b185ce4
                                   标题： 放課後自撮りガール [中国翻訳] [DL版]
                                   作者：シリコン自重 (Condessa)
                                   是否完结：是
                                   总页数：22
                                   分类：短篇,扶他樂園
                                   章节数：1
                                   最后更新时间：2019-03-08T14:07:21.531Z
                                   =================================================
2026-09-01 01:47:34 - mkk_pika - database.py:101 - INFO - 保存成功： 放課後自撮りガール [中国翻訳] [DL版]
2026-09-01 01:47:34 - mkk_pika - main.py:35 - INFO - 开始检查セフレママ (COMICペンギンクラブ山賊版2018年5月号) [Digital]是否存在未下载章节
2026-09-01 01:47:34 - mkk_pika - main.py:45 - INFO - 正在下载:[セフレママ (COMICペンギンクラブ山賊版2018年5月号) [Digital]]-[たまごろー]-[['短篇', '姐姐系', 'NTR']]-[total_pages:19]
2026-09-01 01:47:34 - mkk_pika - main.py:49 - INFO - [{'_id': '5c8277380c639d3070fcece6', 'title': '第1集', 'order': 1, 'updated_at': '2019-03-08T06:57:48.583Z', 'id': '5c8277380c639d3070fcece6'}]
2026-09-01 01:47:34 - mkk_pika - database.py:215 - INFO - 第一次下载该漫画，记录数据库中
2026-09-01 01:47:35 - mkk_pika - main.py:83 - INFO - 找到 19 张图片在:第1集
2026-09-01 01:47:36 - mkk_pika - main.py:112 - INFO - [episode:第1集       ] downloaded:    19, total:  19, progress:100%
2026-09-01 01:47:36 - mkk_pika - database.py:238 - INFO - 数据库更新已下载章节
2026-09-01 01:47:36 - mkk_pika - database.py:244 - INFO - 该漫画已下载章节如下
2026-09-01 01:47:36 - mkk_pika - database.py:245 - INFO - ['第1集']
2026-09-01 01:47:37 - mkk_pika - main.py:348 - INFO - ==================== 漫画信息 ====================
                                   漫画ID：5c8277380c639d3070fcece5
                                   标题：セフレママ (COMICペンギンクラブ山賊版2018年5月号) [Digital]
                                   作者：たまごろー
                                   是否完结：否
                                   总页数：19
                                   分类：短篇,姐姐系,NTR
                                   章节数：1
                                   最后更新时间：2019-03-08T14:07:52.194Z
                                   =================================================
2026-09-01 01:47:37 - mkk_pika - database.py:101 - INFO - 保存成功：セフレママ (COMICペンギンクラブ山賊版2018年5月号) [Digital]
2026-09-01 01:47:37 - mkk_pika - main.py:35 - INFO - 开始检查催眠で… [漢化]是否存在未下载章节
2026-09-01 01:47:37 - mkk_pika - main.py:45 - INFO - 正在下载:[催眠で… [漢化]]-[調四季]-[['短篇', '強暴']]-[total_pages:42]
2026-09-01 01:47:37 - mkk_pika - main.py:49 - INFO - [{'_id': '5c82774db78b7e3059231d98', 'title': '第1集', 'order': 1, 'updated_at': '2019-03-08T07:01:24.688Z', 'id': '5c82774db78b7e3059231d98'}]
2026-09-01 01:47:37 - mkk_pika - database.py:215 - INFO - 第一次下载该漫画，记录数据库中
2026-09-01 01:47:38 - mkk_pika - main.py:83 - INFO - 找到 42 张图片在:第1集
2026-09-01 01:47:39 - mkk_pika - main.py:112 - INFO - [episode:第1集       ] downloaded:    42, total:  42, progress:100%
2026-09-01 01:47:39 - mkk_pika - database.py:238 - INFO - 数据库更新已下载章节
2026-09-01 01:47:39 - mkk_pika - database.py:244 - INFO - 该漫画已下载章节如下
2026-09-01 01:47:39 - mkk_pika - database.py:245 - INFO - ['第1集']
2026-09-01 01:47:40 - mkk_pika - main.py:348 - INFO - ==================== 漫画信息 ====================
                                   漫画ID：5c82774db78b7e3059231d97
                                   标题：催眠で… [漢化]
                                   作者：調四季
                                   是否完结：否
                                   总页数：42
                                   分类：短篇,強暴
                                   章节数：1
                                   最后更新时间：2019-03-08T14:08:13.642Z
                                   =================================================
2026-09-01 01:47:40 - mkk_pika - database.py:101 - INFO - 保存成功：催眠で… [漢化]
2026-09-01 01:47:40 - mkk_pika - main.py:35 - INFO - 开始检查親友 (COMIC 真激 2019年3月号)[Digital]是否存在未下载章节
2026-09-01 01:47:40 - mkk_pika - main.py:45 - INFO - 正在下载:[親友 (COMIC 真激 2019年3月号)[Digital]]-[桜湯ハル]-[['短篇', '姐姐系', 'NTR']]-[total_pages:24]
2026-09-01 01:47:40 - mkk_pika - main.py:49 - INFO - [{'_id': '5c82775f3fda36563c10f894', 'title': '第1集', 'order': 1, 'updated_at': '2019-03-08T07:04:18.571Z', 'id': '5c82775f3fda36563c10f894'}]
2026-09-01 01:47:40 - mkk_pika - database.py:215 - INFO - 第一次下载该漫画，记录数据库中
2026-09-01 01:47:41 - mkk_pika - main.py:83 - INFO - 找到 24 张图片在:第1集
2026-09-01 01:47:42 - mkk_pika - main.py:112 - INFO - [episode:第1集       ] downloaded:    24, total:  24, progress:100%
2026-09-01 01:47:42 - mkk_pika - database.py:238 - INFO - 数据库更新已下载章节
2026-09-01 01:47:42 - mkk_pika - database.py:244 - INFO - 该漫画已下载章节如下
2026-09-01 01:47:42 - mkk_pika - database.py:245 - INFO - ['第1集']
2026-09-01 01:47:43 - mkk_pika - main.py:348 - INFO - ==================== 漫画信息 ====================
                                   漫画ID：5c82775f3fda36563c10f893
                                   标题：親友 (COMIC 真激 2019年3月号)[Digital]
                                   作者：桜湯ハル
                                   是否完结：否
                                   总页数：24
                                   分类：短篇,姐姐系,NTR
                                   章节数：1
                                   最后更新时间：2019-03-08T14:08:31.943Z
                                   =================================================
2026-09-01 01:47:43 - mkk_pika - database.py:101 - INFO - 保存成功：親友 (COMIC 真激 2019年3月号)[Digital]
2026-09-01 01:47:43 - mkk_pika - main.py:35 - INFO - 开始检查タノシイコト (COMIC ペンギンクラブ山賊版 2015年12月号)是否存在未下载章节
2026-09-01 01:47:43 - mkk_pika - main.py:45 - INFO - 正在下载:[タノシイコト (COMIC ペンギンクラブ山賊版 2015年12月号)]-[たまごろー]-[['短篇', '後宮閃光', '強暴']]-[total_pages:21]
2026-09-01 01:47:43 - mkk_pika - main.py:49 - INFO - [{'_id': '5c82777135b667306b185cfe', 'title': '第1集', 'order': 1, 'updated_at': '2019-03-08T07:08:54.358Z', 'id': '5c82777135b667306b185cfe'}]
2026-09-01 01:47:43 - mkk_pika - database.py:215 - INFO - 第一次下载该漫画，记录数据库中
2026-09-01 01:47:44 - mkk_pika - main.py:83 - INFO - 找到 21 张图片在:第1集
2026-09-01 01:47:44 - mkk_pika - main.py:112 - INFO - [episode:第1集       ] downloaded:    21, total:  21, progress:100%
2026-09-01 01:47:44 - mkk_pika - database.py:238 - INFO - 数据库更新已下载章节
2026-09-01 01:47:44 - mkk_pika - database.py:244 - INFO - 该漫画已下载章节如下
2026-09-01 01:47:44 - mkk_pika - database.py:245 - INFO - ['第1集']
2026-09-01 01:47:46 - mkk_pika - main.py:348 - INFO - ==================== 漫画信息 ====================
                                   漫画ID：5c82777135b667306b185cfd
                                   标题：タノシイコト (COMIC ペンギンクラブ山賊版 2015年12月号)
                                   作者：たまごろー
                                   是否完结：否
                                   总页数：21
                                   分类：短篇,後宮閃光,強暴
                                   章节数：1
                                   最后更新时间：2019-03-08T14:08:49.094Z
                                   =================================================
2026-09-01 01:47:46 - mkk_pika - database.py:101 - INFO - 保存成功：タノシイコト (COMIC ペンギンクラブ山賊版 2015年12月号)
2026-09-01 01:47:46 - mkk_pika - main.py:35 - INFO - 开始检查(C95)鬼娘ちゃんは発情期!是否存在未下载章节
2026-09-01 01:47:46 - mkk_pika - main.py:45 - INFO - 正在下载:[(C95)鬼娘ちゃんは発情期!]-[小判堂 (さめだ小判)]-[['短篇', '非人類', '純愛']]-[total_pages:28]
2026-09-01 01:47:46 - mkk_pika - main.py:49 - INFO - [{'_id': '5c827783a1430c5634c83995', 'title': '第1集', 'order': 1, 'updated_at': '2019-03-08T07:30:42.955Z', 'id': '5c827783a1430c5634c83995'}]
2026-09-01 01:47:46 - mkk_pika - database.py:215 - INFO - 第一次下载该漫画，记录数据库中
2026-09-01 01:47:46 - mkk_pika - main.py:83 - INFO - 找到 28 张图片在:第1集
2026-09-01 01:47:47 - mkk_pika - main.py:112 - INFO - [episode:第1集       ] downloaded:    28, total:  28, progress:100%
2026-09-01 01:47:47 - mkk_pika - database.py:238 - INFO - 数据库更新已下载章节
2026-09-01 01:47:47 - mkk_pika - database.py:244 - INFO - 该漫画已下载章节如下
2026-09-01 01:47:47 - mkk_pika - database.py:245 - INFO - ['第1集']
2026-09-01 01:47:48 - mkk_pika - main.py:348 - INFO - ==================== 漫画信息 ====================
                                   漫画ID：5c827783a1430c5634c83994
                                   标题：(C95)鬼娘ちゃんは発情期!
                                   作者：小判堂 (さめだ小判)
                                   是否完结：是
                                   总页数：28
                                   分类：短篇,非人類,純愛
                                   章节数：1
                                   最后更新时间：2019-03-08T14:09:07.567Z
                                   =================================================
2026-09-01 01:47:48 - mkk_pika - database.py:101 - INFO - 保存成功：(C95)鬼娘ちゃんは発情期!
2026-09-01 01:47:48 - mkk_pika - main.py:35 - INFO - 开始检查ご近所奥さまの内緒話 1 第1話 淫城建设现场是否存在未下载章节
2026-09-01 01:47:49 - mkk_pika - main.py:45 - INFO - 正在下载:[ご近所奥さまの内緒話 1 第1話 淫城建设现场]-[八月薫]-[['短篇', '人妻']]-[total_pages:20]
2026-09-01 01:47:49 - mkk_pika - main.py:49 - INFO - [{'_id': '5c8277f814c7035660baa80c', 'title': '第1集', 'order': 1, 'updated_at': '2019-03-08T09:22:33.509Z', 'id': '5c8277f814c7035660baa80c'}]
2026-09-01 01:47:49 - mkk_pika - database.py:215 - INFO - 第一次下载该漫画，记录数据库中
2026-09-01 01:47:49 - mkk_pika - main.py:83 - INFO - 找到 20 张图片在:第1集
2026-09-01 01:47:50 - mkk_pika - main.py:112 - INFO - [episode:第1集       ] downloaded:    20, total:  20, progress:100%
2026-09-01 01:47:50 - mkk_pika - database.py:238 - INFO - 数据库更新已下载章节
2026-09-01 01:47:50 - mkk_pika - database.py:244 - INFO - 该漫画已下载章节如下
2026-09-01 01:47:50 - mkk_pika - database.py:245 - INFO - ['第1集']
2026-09-01 01:47:51 - mkk_pika - main.py:348 - INFO - ==================== 漫画信息 ====================
                                   漫画ID：5c8277f814c7035660baa80b
                                   标题：ご近所奥さまの内緒話 1 第1話 淫城建设现场
                                   作者：八月薫
                                   是否完结：是
                                   总页数：20
                                   分类：短篇,人妻
                                   章节数：1
                                   最后更新时间：2019-03-08T14:11:04.735Z
                                   =================================================
2026-09-01 01:47:51 - mkk_pika - database.py:101 - INFO - 保存成功：ご近所奥さまの内緒話 1 第1話 淫城建设现场
2026-09-01 01:47:51 - mkk_pika - main.py:35 - INFO - 开始检查(C95)新田さんのいる家 (アイドルマスター シンデレラガールズ)是否存在未下载章节
2026-09-01 01:47:51 - mkk_pika - main.py:45 - INFO - 正在下载:[(C95)新田さんのいる家 (アイドルマスター シンデレラガールズ)]-[メガボックス (メガねぃ)]-[['同人', '短篇', '姐姐系']]-[total_pages:30]
2026-09-01 01:47:51 - mkk_pika - main.py:49 - INFO - [{'_id': '5c8278213fda36563c10f8e9', 'title': '第1集', 'order': 1, 'updated_at': '2019-03-08T09:29:44.326Z', 'id': '5c8278213fda36563c10f8e9'}]
2026-09-01 01:47:51 - mkk_pika - database.py:215 - INFO - 第一次下载该漫画，记录数据库中
2026-09-01 01:47:52 - mkk_pika - main.py:83 - INFO - 找到 30 张图片在:第1集
2026-09-01 01:47:53 - mkk_pika - main.py:112 - INFO - [episode:第1集       ] downloaded:    30, total:  30, progress:100%
2026-09-01 01:47:53 - mkk_pika - database.py:238 - INFO - 数据库更新已下载章节
2026-09-01 01:47:53 - mkk_pika - database.py:244 - INFO - 该漫画已下载章节如下
2026-09-01 01:47:53 - mkk_pika - database.py:245 - INFO - ['第1集']
2026-09-01 01:47:54 - mkk_pika - main.py:348 - INFO - ==================== 漫画信息 ====================
                                   漫画ID：5c8278213fda36563c10f8e8
                                   标题：(C95)新田さんのいる家 (アイドルマスター シンデレラガールズ)
                                   作者：メガボックス (メガねぃ)
                                   是否完结：否
                                   总页数：30
                                   分类：同人,短篇,姐姐系
                                   章节数：1
                                   最后更新时间：2019-03-08T14:11:45.298Z
                                   =================================================
2026-09-01 01:47:54 - mkk_pika - database.py:101 - INFO - 保存成功：(C95)新田さんのいる家 (アイドルマスター シンデレラガールズ)
2026-09-01 01:47:54 - mkk_pika - main.py:35 - INFO - 开始检查 アン・ドゥ・トロまん (COMIC 快楽天ビースト 2019年3月号) [中国翻訳] [DL版]是否存在未下载章节
2026-09-01 01:47:54 - mkk_pika - main.py:45 - INFO - 正在下载:[ アン・ドゥ・トロまん (COMIC 快楽天ビースト 2019年3月号) [中国翻訳] [DL版]]-[桜去ほとり]-[['短篇', '純愛']]-[total_pages:18]
2026-09-01 01:47:54 - mkk_pika - main.py:49 - INFO - [{'_id': '5c8278335ce22c305f0fb972', 'title': '第1集', 'order': 1, 'updated_at': '2019-03-08T09:35:18.807Z', 'id': '5c8278335ce22c305f0fb972'}]
2026-09-01 01:47:54 - mkk_pika - database.py:215 - INFO - 第一次下载该漫画，记录数据库中
2026-09-01 01:47:55 - mkk_pika - main.py:83 - INFO - 找到 18 张图片在:第1集
2026-09-01 01:47:55 - mkk_pika - main.py:112 - INFO - [episode:第1集       ] downloaded:    18, total:  18, progress:100%
2026-09-01 01:47:55 - mkk_pika - database.py:238 - INFO - 数据库更新已下载章节
2026-09-01 01:47:55 - mkk_pika - database.py:244 - INFO - 该漫画已下载章节如下
2026-09-01 01:47:55 - mkk_pika - database.py:245 - INFO - ['第1集']
2026-09-01 01:47:57 - mkk_pika - main.py:348 - INFO - ==================== 漫画信息 ====================
                                   漫画ID：5c8278335ce22c305f0fb971
                                   标题： アン・ドゥ・トロまん (COMIC 快楽天ビースト 2019年3月号) [中国翻訳] [DL版]
                                   作者：桜去ほとり
                                   是否完结：是
                                   总页数：18
                                   分类：短篇,純愛
                                   章节数：1
                                   最后更新时间：2019-03-08T14:12:03.836Z
                                   =================================================
2026-09-01 01:47:57 - mkk_pika - database.py:101 - INFO - 保存成功： アン・ドゥ・トロまん (COMIC 快楽天ビースト 2019年3月号) [中国翻訳] [DL版]
2026-09-01 01:47:57 - mkk_pika - main.py:35 - INFO - 开始检查コントロール_ユー (COMIC快楽天 2018年1月号)[無修正]是否存在未下载章节
2026-09-01 01:47:57 - mkk_pika - main.py:45 - INFO - 正在下载:[コントロール_ユー (COMIC快楽天 2018年1月号)[無修正]]-[きづかかずき]-[['短篇', '純愛']]-[total_pages:20]
2026-09-01 01:47:57 - mkk_pika - main.py:49 - INFO - [{'_id': '5c82786a35b667306b185d18', 'title': '第1集', 'order': 1, 'updated_at': '2019-03-08T11:04:04.261Z', 'id': '5c82786a35b667306b185d18'}]
2026-09-01 01:47:57 - mkk_pika - database.py:215 - INFO - 第一次下载该漫画，记录数据库中
2026-09-01 01:47:58 - mkk_pika - main.py:83 - INFO - 找到 20 张图片在:第1集
2026-09-01 01:47:58 - mkk_pika - main.py:112 - INFO - [episode:第1集       ] downloaded:    20, total:  20, progress:100%
2026-09-01 01:47:58 - mkk_pika - database.py:238 - INFO - 数据库更新已下载章节
2026-09-01 01:47:58 - mkk_pika - database.py:244 - INFO - 该漫画已下载章节如下
2026-09-01 01:47:58 - mkk_pika - database.py:245 - INFO - ['第1集']
2026-09-01 01:47:59 - mkk_pika - main.py:348 - INFO - ==================== 漫画信息 ====================
                                   漫画ID：5c82786a35b667306b185d17
                                   标题：コントロール_ユー (COMIC快楽天 2018年1月号)[無修正]
                                   作者：きづかかずき
                                   是否完结：否
                                   总页数：20
                                   分类：短篇,純愛
                                   章节数：1
                                   最后更新时间：2019-03-08T14:12:58.588Z
                                   =================================================
2026-09-01 01:47:59 - mkk_pika - database.py:101 - INFO - 保存成功：コントロール_ユー (COMIC快楽天 2018年1月号)[無修正]
2026-09-01 01:47:59 - mkk_pika - main.py:35 - INFO - 开始检查大ブタ将軍の逆撃 〜スーパーヘロイン大戦〜 (COMIC アンスリウム 2016年9月号) [中国翻訳]是否存在未下载章节
2026-09-01 01:48:00 - mkk_pika - main.py:45 - INFO - 正在下载:[大ブタ将軍の逆撃 〜スーパーヘロイン大戦〜 (COMIC アンスリウム 2016年9月号) [中国翻訳]]-[天野雨乃]-[['短篇', '非人類', '強暴']]-[total_pages:16]
2026-09-01 01:48:00 - mkk_pika - main.py:49 - INFO - [{'_id': '5c8278b826e04a6cafdc094f', 'title': '第1集', 'order': 1, 'updated_at': '2019-03-08T11:52:56.490Z', 'id': '5c8278b826e04a6cafdc094f'}]
2026-09-01 01:48:00 - mkk_pika - database.py:215 - INFO - 第一次下载该漫画，记录数据库中
2026-09-01 01:48:00 - mkk_pika - main.py:83 - INFO - 找到 16 张图片在:第1集
2026-09-01 01:48:01 - mkk_pika - main.py:112 - INFO - [episode:第1集       ] downloaded:    16, total:  16, progress:100%
2026-09-01 01:48:01 - mkk_pika - database.py:238 - INFO - 数据库更新已下载章节
2026-09-01 01:48:01 - mkk_pika - database.py:244 - INFO - 该漫画已下载章节如下
2026-09-01 01:48:01 - mkk_pika - database.py:245 - INFO - ['第1集']
2026-09-01 01:48:02 - mkk_pika - main.py:348 - INFO - ==================== 漫画信息 ====================
                                   漫画ID：5c8278b826e04a6cafdc094e
                                   标题：大ブタ将軍の逆撃 〜スーパーヘロイン大戦〜 (COMIC アンスリウム 2016年9月号) [中国翻訳]
                                   作者：天野雨乃
                                   是否完结：是
                                   总页数：16
                                   分类：短篇,非人類,強暴
                                   章节数：1
                                   最后更新时间：2019-03-08T14:14:16.038Z
                                   =================================================
2026-09-01 01:48:02 - mkk_pika - database.py:101 - INFO - 保存成功：大ブタ将軍の逆撃 〜スーパーヘロイン大戦〜 (COMIC アンスリウム 2016年9月号) [中国翻訳]
2026-09-01 01:48:02 - mkk_pika - main.py:35 - INFO - 开始检查ミルキータイム 乳白色的时刻是否存在未下载章节
2026-09-01 01:48:02 - mkk_pika - main.py:45 - INFO - 正在下载:[ミルキータイム 乳白色的时刻]-[牡丹もちと]-[['長篇', '單行本']]-[total_pages:245]
2026-09-01 01:48:02 - mkk_pika - main.py:49 - INFO - [{'_id': '5c8278ca7137146cb7066366', 'title': '乳白色的时刻', 'order': 1, 'updated_at': '2019-03-08T12:29:20.723Z', 'id': '5c8278ca7137146cb7066366'}]
2026-09-01 01:48:02 - mkk_pika - database.py:215 - INFO - 第一次下载该漫画，记录数据库中
2026-09-01 01:48:05 - mkk_pika - main.py:83 - INFO - 找到 245 张图片在:乳白色的时刻
2026-09-01 01:48:11 - mkk_pika - main.py:112 - INFO - [episode:乳白色的时刻    ] downloaded:   245, total: 245, progress:100%
2026-09-01 01:48:11 - mkk_pika - database.py:238 - INFO - 数据库更新已下载章节
2026-09-01 01:48:11 - mkk_pika - database.py:244 - INFO - 该漫画已下载章节如下
2026-09-01 01:48:11 - mkk_pika - database.py:245 - INFO - ['乳白色的时刻']
2026-09-01 01:48:12 - mkk_pika - main.py:348 - INFO - ==================== 漫画信息 ====================
                                   漫画ID：5c8278ca7137146cb7066365
                                   标题：ミルキータイム 乳白色的时刻
                                   作者：牡丹もちと
                                   是否完结：否
                                   总页数：245
                                   分类：長篇,單行本
                                   章节数：1
                                   最后更新时间：2019-03-08T14:14:34.249Z
                                   =================================================
2026-09-01 01:48:12 - mkk_pika - database.py:101 - INFO - 保存成功：ミルキータイム 乳白色的时刻
2026-09-01 01:48:12 - mkk_pika - main.py:35 - INFO - 开始检查 Anomaly 0 (凉宫ハルヒの忧郁)是否存在未下载章节
2026-09-01 01:48:12 - mkk_pika - main.py:45 - INFO - 正在下载:[ Anomaly 0 (凉宫ハルヒの忧郁)]-[はぽい処 （冈崎武士）]-[['短篇', '純愛']]-[total_pages:16]
2026-09-01 01:48:12 - mkk_pika - main.py:49 - INFO - [{'_id': '5c8330777137146cb70666d3', 'title': '阿虚看电脑', 'order': 1, 'updated_at': '2019-03-07T04:15:08.691Z', 'id': '5c8330777137146cb70666d3'}]
2026-09-01 01:48:12 - mkk_pika - database.py:215 - INFO - 第一次下载该漫画，记录数据库中
2026-09-01 01:48:13 - mkk_pika - main.py:83 - INFO - 找到 21 张图片在:阿虚看电脑
2026-09-01 01:48:13 - mkk_pika - main.py:112 - INFO - [episode:阿虚看电脑     ] downloaded:    21, total:  21, progress:100%
2026-09-01 01:48:13 - mkk_pika - database.py:238 - INFO - 数据库更新已下载章节
2026-09-01 01:48:13 - mkk_pika - database.py:244 - INFO - 该漫画已下载章节如下
2026-09-01 01:48:13 - mkk_pika - database.py:245 - INFO - ['阿虚看电脑']
2026-09-01 01:48:14 - mkk_pika - main.py:348 - INFO - ==================== 漫画信息 ====================
                                   漫画ID：5c8330777137146cb70666d2
                                   标题： Anomaly 0 (凉宫ハルヒの忧郁)
                                   作者：はぽい処 （冈崎武士）
                                   是否完结：是
                                   总页数：16
                                   分类：短篇,純愛
                                   章节数：1
                                   最后更新时间：2019-03-09T03:18:15.879Z
                                   =================================================
2026-09-01 01:48:14 - mkk_pika - database.py:101 - INFO - 保存成功： Anomaly 0 (凉宫ハルヒの忧郁)
2026-09-01 01:48:14 - mkk_pika - main.py:35 - INFO - 开始检查 BREAK BLUE (BLAZBLUE) 是否存在未下载章节
2026-09-01 01:48:15 - mkk_pika - main.py:45 - INFO - 正在下载:[ BREAK BLUE (BLAZBLUE) ]-[STUDIO TIAMAT (TANABE)]-[['同人', '短篇', '純愛', '妹妹系']]-[total_pages:31]
2026-09-01 01:48:15 - mkk_pika - main.py:49 - INFO - [{'_id': '5c833092b78b7e3059232744', 'title': '第1集', 'order': 1, 'updated_at': '2019-03-08T15:20:49.599Z', 'id': '5c833092b78b7e3059232744'}]
2026-09-01 01:48:15 - mkk_pika - database.py:215 - INFO - 第一次下载该漫画，记录数据库中
2026-09-01 01:48:15 - mkk_pika - main.py:83 - INFO - 找到 31 张图片在:第1集
2026-09-01 01:48:16 - mkk_pika - main.py:112 - INFO - [episode:第1集       ] downloaded:    31, total:  31, progress:100%
2026-09-01 01:48:16 - mkk_pika - database.py:238 - INFO - 数据库更新已下载章节
2026-09-01 01:48:16 - mkk_pika - database.py:244 - INFO - 该漫画已下载章节如下
2026-09-01 01:48:16 - mkk_pika - database.py:245 - INFO - ['第1集']
2026-09-01 01:48:17 - mkk_pika - main.py:348 - INFO - ==================== 漫画信息 ====================
                                   漫画ID：5c833092b78b7e3059232743
                                   标题： BREAK BLUE (BLAZBLUE) 
                                   作者：STUDIO TIAMAT (TANABE)
                                   是否完结：是
                                   总页数：31
                                   分类：同人,短篇,純愛,妹妹系
                                   章节数：1
                                   最后更新时间：2019-03-09T03:18:42.106Z
                                   =================================================
2026-09-01 01:48:17 - mkk_pika - database.py:101 - INFO - 保存成功： BREAK BLUE (BLAZBLUE) 
2026-09-01 01:48:17 - mkk_pika - main.py:35 - INFO - 开始检查 BREAK BLUE CON-DOM SHIFT (BLAZBLUE)是否存在未下载章节
2026-09-01 01:48:18 - mkk_pika - main.py:45 - INFO - 正在下载:[ BREAK BLUE CON-DOM SHIFT (BLAZBLUE)]-[STUDIO TIAMAT (TANABE)]-[['短篇', '同人', '純愛']]-[total_pages:39]
2026-09-01 01:48:18 - mkk_pika - main.py:49 - INFO - [{'_id': '5c8330bdb78b7e3059232766', 'title': '第1集', 'order': 1, 'updated_at': '2019-03-08T15:25:52.962Z', 'id': '5c8330bdb78b7e3059232766'}]
2026-09-01 01:48:18 - mkk_pika - database.py:215 - INFO - 第一次下载该漫画，记录数据库中
2026-09-01 01:48:18 - mkk_pika - main.py:83 - INFO - 找到 39 张图片在:第1集
2026-09-01 01:48:19 - mkk_pika - main.py:112 - INFO - [episode:第1集       ] downloaded:    39, total:  39, progress:100%
2026-09-01 01:48:19 - mkk_pika - database.py:238 - INFO - 数据库更新已下载章节
2026-09-01 01:48:19 - mkk_pika - database.py:244 - INFO - 该漫画已下载章节如下
2026-09-01 01:48:19 - mkk_pika - database.py:245 - INFO - ['第1集']
2026-09-01 01:48:20 - mkk_pika - main.py:348 - INFO - ==================== 漫画信息 ====================
                                   漫画ID：5c8330bdb78b7e3059232765
                                   标题： BREAK BLUE CON-DOM SHIFT (BLAZBLUE)
                                   作者：STUDIO TIAMAT (TANABE)
                                   是否完结：是
                                   总页数：39
                                   分类：短篇,同人,純愛
                                   章节数：1
                                   最后更新时间：2019-03-09T03:19:25.868Z
                                   =================================================
2026-09-01 01:48:20 - mkk_pika - database.py:101 - INFO - 保存成功： BREAK BLUE CON-DOM SHIFT (BLAZBLUE)
2026-09-01 01:48:20 - mkk_pika - main.py:35 - INFO - 开始检查BREAK BLUE DOUBLE ENGINE (BLAZBLUE)是否存在未下载章节
2026-09-01 01:48:21 - mkk_pika - main.py:45 - INFO - 正在下载:[BREAK BLUE DOUBLE ENGINE (BLAZBLUE)]-[STUDIO TIAMAT (TANABE)]-[['短篇', '同人', '純愛']]-[total_pages:19]
2026-09-01 01:48:21 - mkk_pika - main.py:49 - INFO - [{'_id': '5c85209b0c639d3070fcf555', 'title': '第1集', 'order': 1, 'updated_at': '2019-03-10T04:11:17.460Z', 'id': '5c85209b0c639d3070fcf555'}]
2026-09-01 01:48:21 - mkk_pika - database.py:215 - INFO - 第一次下载该漫画，记录数据库中
2026-09-01 01:48:21 - mkk_pika - main.py:83 - INFO - 找到 38 张图片在:第1集
2026-09-01 01:48:22 - mkk_pika - main.py:112 - INFO - [episode:第1集       ] downloaded:    38, total:  38, progress:100%
2026-09-01 01:48:22 - mkk_pika - database.py:238 - INFO - 数据库更新已下载章节
2026-09-01 01:48:22 - mkk_pika - database.py:244 - INFO - 该漫画已下载章节如下
2026-09-01 01:48:22 - mkk_pika - database.py:245 - INFO - ['第1集']
2026-09-01 01:48:23 - mkk_pika - main.py:348 - INFO - ==================== 漫画信息 ====================
                                   漫画ID：5c8330f114c7035660baae3f
                                   标题：BREAK BLUE DOUBLE ENGINE (BLAZBLUE)
                                   作者：STUDIO TIAMAT (TANABE)
                                   是否完结：是
                                   总页数：19
                                   分类：短篇,同人,純愛
                                   章节数：1
                                   最后更新时间：2019-03-09T03:20:17.625Z
                                   =================================================
2026-09-01 01:48:23 - mkk_pika - database.py:101 - INFO - 保存成功：BREAK BLUE DOUBLE ENGINE (BLAZBLUE)
2026-09-01 01:48:23 - mkk_pika - main.py:35 - INFO - 开始检查BREAK BLUE MERCURY RISING (BLAZBLUE) 是否存在未下载章节
2026-09-01 01:48:24 - mkk_pika - main.py:45 - INFO - 正在下载:[BREAK BLUE MERCURY RISING (BLAZBLUE) ]-[ STUDIO TIAMAT (TANABE)]-[['短篇', '同人', '純愛']]-[total_pages:9]
2026-09-01 01:48:24 - mkk_pika - main.py:49 - INFO - [{'_id': '5c8330f91bb96f70997fdb08', 'title': '第1集', 'order': 1, 'updated_at': '2019-03-10T14:37:00.237Z', 'id': '5c8330f91bb96f70997fdb08'}]
2026-09-01 01:48:24 - mkk_pika - database.py:215 - INFO - 第一次下载该漫画，记录数据库中
2026-09-01 01:48:24 - mkk_pika - main.py:83 - INFO - 找到 29 张图片在:第1集
2026-09-01 01:48:25 - mkk_pika - main.py:112 - INFO - [episode:第1集       ] downloaded:    29, total:  29, progress:100%
2026-09-01 01:48:25 - mkk_pika - database.py:238 - INFO - 数据库更新已下载章节
2026-09-01 01:48:25 - mkk_pika - database.py:244 - INFO - 该漫画已下载章节如下
2026-09-01 01:48:25 - mkk_pika - database.py:245 - INFO - ['第1集']
2026-09-01 01:48:26 - mkk_pika - main.py:348 - INFO - ==================== 漫画信息 ====================
                                   漫画ID：5c8330f91bb96f70997fdb07
                                   标题：BREAK BLUE MERCURY RISING (BLAZBLUE) 
                                   作者： STUDIO TIAMAT (TANABE)
                                   是否完结：是
                                   总页数：9
                                   分类：短篇,同人,純愛
                                   章节数：1
                                   最后更新时间：2019-03-09T03:20:25.071Z
                                   =================================================
2026-09-01 01:48:26 - mkk_pika - database.py:101 - INFO - 保存成功：BREAK BLUE MERCURY RISING (BLAZBLUE) 
2026-09-01 01:48:26 - mkk_pika - main.py:35 - INFO - 开始检查BOSS×HUNNY (コミック エグゼ 15) [中国翻訳] [DL版]是否存在未下载章节
2026-09-01 01:48:27 - mkk_pika - main.py:45 - INFO - 正在下载:[BOSS×HUNNY (コミック エグゼ 15) [中国翻訳] [DL版]]-[柾見ちえ]-[['短篇', '全彩', '純愛']]-[total_pages:0]
2026-09-01 01:48:27 - mkk_pika - main.py:49 - INFO - [{'_id': '5c833109633a456cdee6f0b9', 'title': '第1集', 'order': 1, 'updated_at': '2019-03-08T16:53:58.394Z', 'id': '5c833109633a456cdee6f0b9'}]
2026-09-01 01:48:27 - mkk_pika - database.py:215 - INFO - 第一次下载该漫画，记录数据库中
2026-09-01 01:48:27 - mkk_pika - main.py:83 - INFO - 找到 7 张图片在:第1集
2026-09-01 01:48:27 - mkk_pika - main.py:112 - INFO - [episode:第1集       ] downloaded:     7, total:   7, progress:100%
2026-09-01 01:48:27 - mkk_pika - database.py:238 - INFO - 数据库更新已下载章节
2026-09-01 01:48:27 - mkk_pika - database.py:244 - INFO - 该漫画已下载章节如下
2026-09-01 01:48:27 - mkk_pika - database.py:245 - INFO - ['第1集']
2026-09-01 01:48:29 - mkk_pika - main.py:348 - INFO - ==================== 漫画信息 ====================
                                   漫画ID：5c833109633a456cdee6f0b8
                                   标题：BOSS×HUNNY (コミック エグゼ 15) [中国翻訳] [DL版]
                                   作者：柾見ちえ
                                   是否完结：是
                                   总页数：0
                                   分类：短篇,全彩,純愛
                                   章节数：1
                                   最后更新时间：2019-03-09T03:20:41.346Z
                                   =================================================
2026-09-01 01:48:29 - mkk_pika - database.py:101 - INFO - 保存成功：BOSS×HUNNY (コミック エグゼ 15) [中国翻訳] [DL版]
2026-09-01 01:48:29 - mkk_pika - main.py:35 - INFO - 开始检查春之神風是否存在未下载章节
2026-09-01 01:48:29 - mkk_pika - main.py:45 - INFO - 正在下载:[春之神風]-[イチノミ]-[['百合花園']]-[total_pages:96]
2026-09-01 01:48:29 - mkk_pika - main.py:49 - INFO - [{'_id': '5c5aa6a11fa3577860fc1067', 'title': '第1集', 'order': 1, 'updated_at': '2019-02-06T05:15:45.173Z', 'id': '5c5aa6a11fa3577860fc1067'}, {'_id': '5c83311426e04a6cafdc0b9e', 'title': '第2集', 'order': 2, 'updated_at': '2019-03-08T17:56:34.038Z', 'id': '5c83311426e04a6cafdc0b9e'}]
2026-09-01 01:48:29 - mkk_pika - database.py:215 - INFO - 第一次下载该漫画，记录数据库中
2026-09-01 01:48:30 - mkk_pika - main.py:83 - INFO - 找到 16 张图片在:第1集
2026-09-01 01:48:30 - mkk_pika - main.py:112 - INFO - [episode:第1集       ] downloaded:    16, total:  16, progress:100%
2026-09-01 01:48:30 - mkk_pika - database.py:238 - INFO - 数据库更新已下载章节
2026-09-01 01:48:30 - mkk_pika - database.py:244 - INFO - 该漫画已下载章节如下
2026-09-01 01:48:30 - mkk_pika - database.py:245 - INFO - ['第1集']
2026-09-01 01:48:32 - mkk_pika - main.py:83 - INFO - 找到 48 张图片在:第2集
2026-09-01 01:48:33 - mkk_pika - main.py:112 - INFO - [episode:第2集       ] downloaded:    48, total:  48, progress:100%
2026-09-01 01:48:33 - mkk_pika - database.py:238 - INFO - 数据库更新已下载章节
2026-09-01 01:48:33 - mkk_pika - database.py:244 - INFO - 该漫画已下载章节如下
2026-09-01 01:48:33 - mkk_pika - database.py:245 - INFO - ['第1集', '第2集']
2026-09-01 01:48:34 - mkk_pika - main.py:348 - INFO - ==================== 漫画信息 ====================
                                   漫画ID：5c5aa6a11fa3577860fc1066
                                   标题：春之神風
                                   作者：イチノミ
                                   是否完结：否
                                   总页数：96
                                   分类：百合花園
                                   章节数：2
                                   最后更新时间：2019-03-09T03:20:52.480Z
                                   =================================================
2026-09-01 01:48:34 - mkk_pika - database.py:101 - INFO - 保存成功：春之神風
2026-09-01 01:48:34 - mkk_pika - main.py:35 - INFO - 开始检查愛聖天使ラブメアリー ~悪性受胎~ 愛聖天使Love Mary 惡性受胎是否存在未下载章节
2026-09-01 01:48:35 - mkk_pika - main.py:45 - INFO - 正在下载:[愛聖天使ラブメアリー ~悪性受胎~ 愛聖天使Love Mary 惡性受胎]-[左藤空気]-[['長篇', '單行本', '後宮閃光', '姐姐系', 'SM', '性轉換', '人妻', 'NTR', '強暴', '非人類']]-[total_pages:195]
2026-09-01 01:48:35 - mkk_pika - main.py:49 - INFO - [{'_id': '5c83e1c726e04a6cafdc0e7f', 'title': '惡性受胎的單行本', 'order': 1, 'updated_at': '2019-03-08T15:03:32.089Z', 'id': '5c83e1c726e04a6cafdc0e7f'}]
2026-09-01 01:48:35 - mkk_pika - database.py:215 - INFO - 第一次下载该漫画，记录数据库中
2026-09-01 01:48:37 - mkk_pika - main.py:83 - INFO - 找到 195 张图片在:惡性受胎的單行本
2026-09-01 01:48:40 - mkk_pika - main.py:112 - INFO - [episode:惡性受胎的單行本  ] downloaded:   195, total: 195, progress:100%
2026-09-01 01:48:40 - mkk_pika - database.py:238 - INFO - 数据库更新已下载章节
2026-09-01 01:48:40 - mkk_pika - database.py:244 - INFO - 该漫画已下载章节如下
2026-09-01 01:48:40 - mkk_pika - database.py:245 - INFO - ['惡性受胎的單行本']
2026-09-01 01:48:41 - mkk_pika - main.py:348 - INFO - ==================== 漫画信息 ====================
                                   漫画ID：5c83e1c726e04a6cafdc0e7e
                                   标题：愛聖天使ラブメアリー ~悪性受胎~ 愛聖天使Love Mary 惡性受胎
                                   作者：左藤空気
                                   是否完结：是
                                   总页数：195
                                   分类：長篇,單行本,後宮閃光,姐姐系,SM,性轉換,人妻,NTR,強暴,非人類
                                   章节数：1
                                   最后更新时间：2019-03-09T15:54:47.134Z
                                   =================================================
2026-09-01 01:48:41 - mkk_pika - database.py:101 - INFO - 保存成功：愛聖天使ラブメアリー ~悪性受胎~ 愛聖天使Love Mary 惡性受胎
2026-09-01 01:48:41 - mkk_pika - main.py:35 - INFO - 开始检查犬子が機械触手にﾁｷﾁｷされる本是否存在未下载章节
2026-09-01 01:48:42 - mkk_pika - main.py:45 - INFO - 正在下载:[犬子が機械触手にﾁｷﾁｷされる本]-[とりのおいしいところ (鳥三)]-[['短篇', 'SM']]-[total_pages:35]
2026-09-01 01:48:42 - mkk_pika - main.py:49 - INFO - [{'_id': '5c83e1f8633a456cdee6f386', 'title': '第1集', 'order': 1, 'updated_at': '2019-03-09T03:34:51.148Z', 'id': '5c83e1f8633a456cdee6f386'}]
2026-09-01 01:48:42 - mkk_pika - database.py:215 - INFO - 第一次下载该漫画，记录数据库中
2026-09-01 01:48:42 - mkk_pika - main.py:83 - INFO - 找到 35 张图片在:第1集
2026-09-01 01:48:43 - mkk_pika - main.py:112 - INFO - [episode:第1集       ] downloaded:    35, total:  35, progress:100%
2026-09-01 01:48:43 - mkk_pika - database.py:238 - INFO - 数据库更新已下载章节
2026-09-01 01:48:43 - mkk_pika - database.py:244 - INFO - 该漫画已下载章节如下
2026-09-01 01:48:43 - mkk_pika - database.py:245 - INFO - ['第1集']
2026-09-01 01:48:44 - mkk_pika - main.py:348 - INFO - ==================== 漫画信息 ====================
                                   漫画ID：5c83e1f8633a456cdee6f385
                                   标题：犬子が機械触手にﾁｷﾁｷされる本
                                   作者：とりのおいしいところ (鳥三)
                                   是否完结：是
                                   总页数：35
                                   分类：短篇,SM
                                   章节数：1
                                   最后更新时间：2019-03-09T15:55:36.888Z
                                   =================================================
2026-09-01 01:48:44 - mkk_pika - database.py:101 - INFO - 保存成功：犬子が機械触手にﾁｷﾁｷされる本
2026-09-01 01:48:44 - mkk_pika - main.py:35 - INFO - 开始检查ギャル姉はよしよししたい (コミックゼロス #65) [無修正]是否存在未下载章节
2026-09-01 01:48:44 - mkk_pika - main.py:45 - INFO - 正在下载:[ギャル姉はよしよししたい (コミックゼロス #65) [無修正]]-[カヅチ]-[['短篇', '純愛', '姐姐系']]-[total_pages:26]
2026-09-01 01:48:44 - mkk_pika - main.py:49 - INFO - [{'_id': '5c83e2675ce22c305f0fbeaf', 'title': '第1集', 'order': 1, 'updated_at': '2019-03-09T03:59:20.579Z', 'id': '5c83e2675ce22c305f0fbeaf'}]
2026-09-01 01:48:44 - mkk_pika - database.py:215 - INFO - 第一次下载该漫画，记录数据库中
2026-09-01 01:48:45 - mkk_pika - main.py:83 - INFO - 找到 26 张图片在:第1集
2026-09-01 01:48:46 - mkk_pika - main.py:112 - INFO - [episode:第1集       ] downloaded:    26, total:  26, progress:100%
2026-09-01 01:48:46 - mkk_pika - database.py:238 - INFO - 数据库更新已下载章节
2026-09-01 01:48:46 - mkk_pika - database.py:244 - INFO - 该漫画已下载章节如下
2026-09-01 01:48:46 - mkk_pika - database.py:245 - INFO - ['第1集']
2026-09-01 01:48:47 - mkk_pika - main.py:348 - INFO - ==================== 漫画信息 ====================
                                   漫画ID：5c83e2675ce22c305f0fbeae
                                   标题：ギャル姉はよしよししたい (コミックゼロス #65) [無修正]
                                   作者：カヅチ
                                   是否完结：否
                                   总页数：26
                                   分类：短篇,純愛,姐姐系
                                   章节数：1
                                   最后更新时间：2019-03-09T15:57:27.960Z
                                   =================================================
2026-09-01 01:48:47 - mkk_pika - database.py:101 - INFO - 保存成功：ギャル姉はよしよししたい (コミックゼロス #65) [無修正]
2026-09-01 01:48:47 - mkk_pika - main.py:35 - INFO - 开始检查(C95)ひなこ育成日誌 ひなこが乳牛になるまで是否存在未下载章节
2026-09-01 01:48:47 - mkk_pika - main.py:45 - INFO - 正在下载:[(C95)ひなこ育成日誌 ひなこが乳牛になるまで]-[エンテレケイア (ちるまくろ)]-[['短篇']]-[total_pages:30]
2026-09-01 01:48:47 - mkk_pika - main.py:49 - INFO - [{'_id': '5c83e36c3fda36563c11034b', 'title': '第1集', 'order': 1, 'updated_at': '2019-03-09T08:41:39.759Z', 'id': '5c83e36c3fda36563c11034b'}]
2026-09-01 01:48:47 - mkk_pika - database.py:215 - INFO - 第一次下载该漫画，记录数据库中
2026-09-01 01:48:48 - mkk_pika - main.py:83 - INFO - 找到 30 张图片在:第1集
2026-09-01 01:48:49 - mkk_pika - main.py:112 - INFO - [episode:第1集       ] downloaded:    30, total:  30, progress:100%
2026-09-01 01:48:49 - mkk_pika - database.py:238 - INFO - 数据库更新已下载章节
2026-09-01 01:48:49 - mkk_pika - database.py:244 - INFO - 该漫画已下载章节如下
2026-09-01 01:48:49 - mkk_pika - database.py:245 - INFO - ['第1集']
2026-09-01 01:48:50 - mkk_pika - main.py:348 - INFO - ==================== 漫画信息 ====================
                                   漫画ID：5c83e36c3fda36563c11034a
                                   标题：(C95)ひなこ育成日誌 ひなこが乳牛になるまで
                                   作者：エンテレケイア (ちるまくろ)
                                   是否完结：是
                                   总页数：30
                                   分类：短篇
                                   章节数：1
                                   最后更新时间：2019-03-09T16:01:48.442Z
                                   =================================================
2026-09-01 01:48:50 - mkk_pika - database.py:101 - INFO - 保存成功：(C95)ひなこ育成日誌 ひなこが乳牛になるまで
2026-09-01 01:48:50 - mkk_pika - main.py:35 - INFO - 开始检查(C94) 幻想郷の調停者 (東方Project) [中国翻訳]是否存在未下载章节
2026-09-01 01:48:50 - mkk_pika - main.py:45 - INFO - 正在下载:[(C94) 幻想郷の調停者 (東方Project) [中国翻訳]]-[チーズカンパニー (ペソ)]-[['短篇', '同人', '東方']]-[total_pages:18]
2026-09-01 01:48:50 - mkk_pika - main.py:49 - INFO - [{'_id': '5c85004cb78b7e3059232cca', 'title': '第1集', 'order': 1, 'updated_at': '2019-03-09T12:32:24.944Z', 'id': '5c85004cb78b7e3059232cca'}]
2026-09-01 01:48:50 - mkk_pika - database.py:215 - INFO - 第一次下载该漫画，记录数据库中
2026-09-01 01:48:51 - mkk_pika - main.py:83 - INFO - 找到 18 张图片在:第1集
2026-09-01 01:48:51 - mkk_pika - main.py:112 - INFO - [episode:第1集       ] downloaded:    18, total:  18, progress:100%
2026-09-01 01:48:51 - mkk_pika - database.py:238 - INFO - 数据库更新已下载章节
2026-09-01 01:48:51 - mkk_pika - database.py:244 - INFO - 该漫画已下载章节如下
2026-09-01 01:48:51 - mkk_pika - database.py:245 - INFO - ['第1集']
2026-09-01 01:48:53 - mkk_pika - main.py:348 - INFO - ==================== 漫画信息 ====================
                                   漫画ID：5c85004cb78b7e3059232cc9
                                   标题：(C94) 幻想郷の調停者 (東方Project) [中国翻訳]
                                   作者：チーズカンパニー (ペソ)
                                   是否完结：是
                                   总页数：18
                                   分类：短篇,同人,東方
                                   章节数：1
                                   最后更新时间：2019-03-10T12:17:16.634Z
                                   =================================================
2026-09-01 01:48:53 - mkk_pika - database.py:101 - INFO - 保存成功：(C94) 幻想郷の調停者 (東方Project) [中国翻訳]
2026-09-01 01:48:53 - mkk_pika - main.py:35 - INFO - 开始检查イヤだと言えない地味系少女と自称テレビ局の男たち是否存在未下载章节
2026-09-01 01:48:53 - mkk_pika - main.py:45 - INFO - 正在下载:[イヤだと言えない地味系少女と自称テレビ局の男たち]-[F宅 (安間)]-[['短篇']]-[total_pages:38]
2026-09-01 01:48:53 - mkk_pika - main.py:49 - INFO - [{'_id': '5c85009735b667306b18662d', 'title': '第1集', 'order': 1, 'updated_at': '2019-03-09T12:44:40.110Z', 'id': '5c85009735b667306b18662d'}]
2026-09-01 01:48:53 - mkk_pika - database.py:215 - INFO - 第一次下载该漫画，记录数据库中
2026-09-01 01:48:53 - mkk_pika - main.py:83 - INFO - 找到 38 张图片在:第1集
2026-09-01 01:48:54 - mkk_pika - main.py:112 - INFO - [episode:第1集       ] downloaded:    38, total:  38, progress:100%
2026-09-01 01:48:54 - mkk_pika - database.py:238 - INFO - 数据库更新已下载章节
2026-09-01 01:48:54 - mkk_pika - database.py:244 - INFO - 该漫画已下载章节如下
2026-09-01 01:48:54 - mkk_pika - database.py:245 - INFO - ['第1集']
2026-09-01 01:48:56 - mkk_pika - main.py:348 - INFO - ==================== 漫画信息 ====================
                                   漫画ID：5c85009735b667306b18662c
                                   标题：イヤだと言えない地味系少女と自称テレビ局の男たち
                                   作者：F宅 (安間)
                                   是否完结：是
                                   总页数：38
                                   分类：短篇
                                   章节数：1
                                   最后更新时间：2019-03-10T12:18:31.677Z
                                   =================================================
2026-09-01 01:48:56 - mkk_pika - database.py:101 - INFO - 保存成功：イヤだと言えない地味系少女と自称テレビ局の男たち
2026-09-01 01:48:56 - mkk_pika - main.py:35 - INFO - 开始检查ときつときつと (艦隊これくしょん -艦これ-) [DL版]是否存在未下载章节
2026-09-01 01:48:56 - mkk_pika - main.py:45 - INFO - 正在下载:[ときつときつと (艦隊これくしょん -艦これ-) [DL版]]-[しろたると (瑚樽)]-[['短篇', '同人', '艦隊收藏']]-[total_pages:25]
2026-09-01 01:48:56 - mkk_pika - main.py:49 - INFO - [{'_id': '5c8500b4d73e616ce956193f', 'title': '第1集', 'order': 1, 'updated_at': '2019-03-09T12:56:41.827Z', 'id': '5c8500b4d73e616ce956193f'}]
2026-09-01 01:48:56 - mkk_pika - database.py:215 - INFO - 第一次下载该漫画，记录数据库中
2026-09-01 01:48:57 - mkk_pika - main.py:83 - INFO - 找到 25 张图片在:第1集
2026-09-01 01:48:57 - mkk_pika - main.py:112 - INFO - [episode:第1集       ] downloaded:    25, total:  25, progress:100%
2026-09-01 01:48:57 - mkk_pika - database.py:238 - INFO - 数据库更新已下载章节
2026-09-01 01:48:57 - mkk_pika - database.py:244 - INFO - 该漫画已下载章节如下
2026-09-01 01:48:57 - mkk_pika - database.py:245 - INFO - ['第1集']
2026-09-01 01:48:59 - mkk_pika - main.py:348 - INFO - ==================== 漫画信息 ====================
                                   漫画ID：5c8500b4d73e616ce956193e
                                   标题：ときつときつと (艦隊これくしょん -艦これ-) [DL版]
                                   作者：しろたると (瑚樽)
                                   是否完结：否
                                   总页数：25
                                   分类：短篇,同人,艦隊收藏
                                   章节数：1
                                   最后更新时间：2019-03-10T12:19:00.112Z
                                   =================================================
2026-09-01 01:48:59 - mkk_pika - database.py:101 - INFO - 保存成功：ときつときつと (艦隊これくしょん -艦これ-) [DL版]
2026-09-01 01:48:59 - mkk_pika - main.py:35 - INFO - 开始检查ぼくの女神サマ&C.C.Collection 2017summer是否存在未下载章节
2026-09-01 01:48:59 - mkk_pika - main.py:45 - INFO - 正在下载:[ぼくの女神サマ&C.C.Collection 2017summer]-[Centaurea cyanus (Tooco)]-[['同人', '短篇', 'Fate']]-[total_pages:23]
2026-09-01 01:48:59 - mkk_pika - main.py:49 - INFO - [{'_id': '5c8500cda1430c5634c84b40', 'title': '第1集', 'order': 1, 'updated_at': '2019-03-09T13:07:26.642Z', 'id': '5c8500cda1430c5634c84b40'}]
2026-09-01 01:48:59 - mkk_pika - database.py:215 - INFO - 第一次下载该漫画，记录数据库中
2026-09-01 01:49:00 - mkk_pika - main.py:83 - INFO - 找到 23 张图片在:第1集
2026-09-01 01:49:00 - mkk_pika - main.py:112 - INFO - [episode:第1集       ] downloaded:    23, total:  23, progress:100%
2026-09-01 01:49:00 - mkk_pika - database.py:238 - INFO - 数据库更新已下载章节
2026-09-01 01:49:00 - mkk_pika - database.py:244 - INFO - 该漫画已下载章节如下
2026-09-01 01:49:00 - mkk_pika - database.py:245 - INFO - ['第1集']
2026-09-01 01:49:01 - mkk_pika - main.py:348 - INFO - ==================== 漫画信息 ====================
                                   漫画ID：5c8500cda1430c5634c84b3f
                                   标题：ぼくの女神サマ&C.C.Collection 2017summer
                                   作者：Centaurea cyanus (Tooco)
                                   是否完结：否
                                   总页数：23
                                   分类：同人,短篇,Fate
                                   章节数：1
                                   最后更新时间：2019-03-10T12:19:25.742Z
                                   =================================================
2026-09-01 01:49:01 - mkk_pika - database.py:101 - INFO - 保存成功：ぼくの女神サマ&C.C.Collection 2017summer
2026-09-01 01:49:01 - mkk_pika - main.py:35 - INFO - 开始检查だぶるライコウ狂槍曲 (Fate Grand Order)是否存在未下载章节
2026-09-01 01:49:02 - mkk_pika - main.py:45 - INFO - 正在下载:[だぶるライコウ狂槍曲 (Fate Grand Order)]-[醤油の里 (霧島鮎)]-[['短篇', '同人', 'Fate', '後宮閃光']]-[total_pages:29]
2026-09-01 01:49:02 - mkk_pika - main.py:49 - INFO - [{'_id': '5c8500fab78b7e3059232cde', 'title': '第1集', 'order': 1, 'updated_at': '2019-03-09T13:20:27.209Z', 'id': '5c8500fab78b7e3059232cde'}]
2026-09-01 01:49:02 - mkk_pika - database.py:215 - INFO - 第一次下载该漫画，记录数据库中
2026-09-01 01:49:02 - mkk_pika - main.py:83 - INFO - 找到 29 张图片在:第1集
2026-09-01 01:49:03 - mkk_pika - main.py:112 - INFO - [episode:第1集       ] downloaded:    29, total:  29, progress:100%
2026-09-01 01:49:03 - mkk_pika - database.py:238 - INFO - 数据库更新已下载章节
2026-09-01 01:49:03 - mkk_pika - database.py:244 - INFO - 该漫画已下载章节如下
2026-09-01 01:49:03 - mkk_pika - database.py:245 - INFO - ['第1集']
2026-09-01 01:49:04 - mkk_pika - main.py:348 - INFO - ==================== 漫画信息 ====================
                                   漫画ID：5c8500fab78b7e3059232cdd
                                   标题：だぶるライコウ狂槍曲 (Fate Grand Order)
                                   作者：醤油の里 (霧島鮎)
                                   是否完结：是
                                   总页数：29
                                   分类：短篇,同人,Fate,後宮閃光
                                   章节数：1
                                   最后更新时间：2019-03-10T12:20:10.178Z
                                   =================================================
2026-09-01 01:49:04 - mkk_pika - database.py:101 - INFO - 保存成功：だぶるライコウ狂槍曲 (Fate Grand Order)
2026-09-01 01:49:04 - mkk_pika - main.py:35 - INFO - 开始检查 (C95) 山風だってかまってほしい (艦隊これくしょん -艦これ-)是否存在未下载章节
2026-09-01 01:49:04 - mkk_pika - main.py:45 - INFO - 正在下载:[ (C95) 山風だってかまってほしい (艦隊これくしょん -艦これ-)]-[七色のねりぶくろ (七色風香)]-[['短篇', '同人', '艦隊收藏']]-[total_pages:23]
2026-09-01 01:49:04 - mkk_pika - main.py:49 - INFO - [{'_id': '5c85015f26e04a6cafdc12ca', 'title': '第1集', 'order': 1, 'updated_at': '2019-03-09T13:16:03.449Z', 'id': '5c85015f26e04a6cafdc12ca'}]
2026-09-01 01:49:04 - mkk_pika - database.py:215 - INFO - 第一次下载该漫画，记录数据库中
2026-09-01 01:49:05 - mkk_pika - main.py:83 - INFO - 找到 23 张图片在:第1集
2026-09-01 01:49:06 - mkk_pika - main.py:112 - INFO - [episode:第1集       ] downloaded:    23, total:  23, progress:100%
2026-09-01 01:49:06 - mkk_pika - database.py:238 - INFO - 数据库更新已下载章节
2026-09-01 01:49:06 - mkk_pika - database.py:244 - INFO - 该漫画已下载章节如下
2026-09-01 01:49:06 - mkk_pika - database.py:245 - INFO - ['第1集']
2026-09-01 01:49:07 - mkk_pika - main.py:348 - INFO - ==================== 漫画信息 ====================
                                   漫画ID：5c85015f26e04a6cafdc12c9
                                   标题： (C95) 山風だってかまってほしい (艦隊これくしょん -艦これ-)
                                   作者：七色のねりぶくろ (七色風香)
                                   是否完结：否
                                   总页数：23
                                   分类：短篇,同人,艦隊收藏
                                   章节数：1
                                   最后更新时间：2019-03-10T12:21:51.264Z
                                   =================================================
2026-09-01 01:49:07 - mkk_pika - database.py:101 - INFO - 保存成功： (C95) 山風だってかまってほしい (艦隊これくしょん -艦これ-)
2026-09-01 01:49:07 - mkk_pika - main.py:35 - INFO - 开始检查(C95)Lust Order ～ビースト系マシュマロ後輩～ (Fate/Grand Order)是否存在未下载章节
2026-09-01 01:49:07 - mkk_pika - main.py:45 - INFO - 正在下载:[(C95)Lust Order ～ビースト系マシュマロ後輩～ (Fate/Grand Order)]-[ネコかブリ (黒ノ樹)]-[['短篇', '同人', 'Fate']]-[total_pages:39]
2026-09-01 01:49:07 - mkk_pika - main.py:49 - INFO - [{'_id': '5c85017b9a046b706fb41321', 'title': '第1集', 'order': 1, 'updated_at': '2019-03-09T13:34:02.434Z', 'id': '5c85017b9a046b706fb41321'}]
2026-09-01 01:49:07 - mkk_pika - database.py:215 - INFO - 第一次下载该漫画，记录数据库中
2026-09-01 01:49:08 - mkk_pika - main.py:83 - INFO - 找到 39 张图片在:第1集
2026-09-01 01:49:09 - mkk_pika - main.py:112 - INFO - [episode:第1集       ] downloaded:    39, total:  39, progress:100%
2026-09-01 01:49:09 - mkk_pika - database.py:238 - INFO - 数据库更新已下载章节
2026-09-01 01:49:09 - mkk_pika - database.py:244 - INFO - 该漫画已下载章节如下
2026-09-01 01:49:09 - mkk_pika - database.py:245 - INFO - ['第1集']
2026-09-01 01:49:10 - mkk_pika - main.py:348 - INFO - ==================== 漫画信息 ====================
                                   漫画ID：5c85017b9a046b706fb41320
                                   标题：(C95)Lust Order ～ビースト系マシュマロ後輩～ (Fate/Grand Order)
                                   作者：ネコかブリ (黒ノ樹)
                                   是否完结：是
                                   总页数：39
                                   分类：短篇,同人,Fate
                                   章节数：1
                                   最后更新时间：2019-03-10T12:22:19.480Z
                                   =================================================
2026-09-01 01:49:10 - mkk_pika - database.py:101 - INFO - 保存成功：(C95)Lust Order ～ビースト系マシュマロ後輩～ (Fate/Grand Order)
2026-09-01 01:49:10 - mkk_pika - main.py:35 - INFO - 开始检查import emotion!是否存在未下载章节
2026-09-01 01:49:10 - mkk_pika - main.py:45 - INFO - 正在下载:[import emotion!]-[Dr.VERMILION (ペテン師)]-[['同人', '短篇', '後宮閃光']]-[total_pages:46]
2026-09-01 01:49:10 - mkk_pika - main.py:49 - INFO - [{'_id': '5b63f36c1b3c8011bd0e33ed', 'title': '生肉', 'order': 1, 'updated_at': '2019-03-10T12:22:59.066Z', 'id': '5b63f36c1b3c8011bd0e33ed'}, {'_id': '5c8501a3d73e616ce9561959', 'title': '熟肉', 'order': 2, 'updated_at': '2019-03-09T13:41:58.622Z', 'id': '5c8501a3d73e616ce9561959'}]
2026-09-01 01:49:10 - mkk_pika - database.py:215 - INFO - 第一次下载该漫画，记录数据库中
2026-09-01 01:49:11 - mkk_pika - main.py:83 - INFO - 找到 22 张图片在:生肉
2026-09-01 01:49:11 - mkk_pika - main.py:112 - INFO - [episode:生肉        ] downloaded:    22, total:  22, progress:100%
2026-09-01 01:49:11 - mkk_pika - database.py:238 - INFO - 数据库更新已下载章节
2026-09-01 01:49:11 - mkk_pika - database.py:244 - INFO - 该漫画已下载章节如下
2026-09-01 01:49:11 - mkk_pika - database.py:245 - INFO - ['生肉']
2026-09-01 01:49:13 - mkk_pika - main.py:83 - INFO - 找到 24 张图片在:熟肉
2026-09-01 01:49:14 - mkk_pika - main.py:112 - INFO - [episode:熟肉        ] downloaded:    24, total:  24, progress:100%
2026-09-01 01:49:14 - mkk_pika - database.py:238 - INFO - 数据库更新已下载章节
2026-09-01 01:49:14 - mkk_pika - database.py:244 - INFO - 该漫画已下载章节如下
2026-09-01 01:49:14 - mkk_pika - database.py:245 - INFO - ['生肉', '熟肉']
2026-09-01 01:49:15 - mkk_pika - main.py:348 - INFO - ==================== 漫画信息 ====================
                                   漫画ID：5b63f36c1b3c8011bd0e33ec
                                   标题：import emotion!
                                   作者：Dr.VERMILION (ペテン師)
                                   是否完结：否
                                   总页数：46
                                   分类：同人,短篇,後宮閃光
                                   章节数：2
                                   最后更新时间：2019-03-10T12:22:59.053Z
                                   =================================================
2026-09-01 01:49:15 - mkk_pika - database.py:101 - INFO - 保存成功：import emotion!
2026-09-01 01:49:15 - mkk_pika - main.py:35 - INFO - 开始检查 ご奉仕日記 (未来日記)是否存在未下载章节
2026-09-01 01:49:15 - mkk_pika - main.py:45 - INFO - 正在下载:[ ご奉仕日記 (未来日記)]-[みいる]-[['短篇', '同人', '純愛']]-[total_pages:11]
2026-09-01 01:49:15 - mkk_pika - main.py:49 - INFO - [{'_id': '5c8dfd86d73e616ce95638c1', 'title': '第1话', 'order': 1, 'updated_at': '2024-05-02T15:24:53.102Z', 'id': '5c8dfd86d73e616ce95638c1'}]
2026-09-01 01:49:15 - mkk_pika - database.py:215 - INFO - 第一次下载该漫画，记录数据库中
2026-09-01 01:49:16 - mkk_pika - main.py:83 - INFO - 找到 21 张图片在:第1话
2026-09-01 01:49:16 - mkk_pika - main.py:112 - INFO - [episode:第1话       ] downloaded:    21, total:  21, progress:100%
2026-09-01 01:49:16 - mkk_pika - database.py:238 - INFO - 数据库更新已下载章节
2026-09-01 01:49:16 - mkk_pika - database.py:244 - INFO - 该漫画已下载章节如下
2026-09-01 01:49:16 - mkk_pika - database.py:245 - INFO - ['第1话']
2026-09-01 01:49:18 - mkk_pika - main.py:348 - INFO - ==================== 漫画信息 ====================
                                   漫画ID：5c8501cba1430c5634c84b5c
                                   标题： ご奉仕日記 (未来日記)
                                   作者：みいる
                                   是否完结：是
                                   总页数：11
                                   分类：短篇,同人,純愛
                                   章节数：1
                                   最后更新时间：2019-03-10T12:23:39.219Z
                                   =================================================
2026-09-01 01:49:18 - mkk_pika - database.py:101 - INFO - 保存成功： ご奉仕日記 (未来日記)
2026-09-01 01:49:18 - mkk_pika - main.py:35 - INFO - 开始检查 ストーカーから始まる愛もあるんだよ (未来日記)是否存在未下载章节
2026-09-01 01:49:18 - mkk_pika - main.py:45 - INFO - 正在下载:[ ストーカーから始まる愛もあるんだよ (未来日記)]-[愛鉛奇縁 (あいとまとこ)]-[['純愛', '短篇', '同人']]-[total_pages:29]
2026-09-01 01:49:18 - mkk_pika - main.py:49 - INFO - [{'_id': '5c8509d83fda36563c110932', 'title': '第1集', 'order': 1, 'updated_at': '2019-03-09T14:30:58.742Z', 'id': '5c8509d83fda36563c110932'}]
2026-09-01 01:49:18 - mkk_pika - database.py:215 - INFO - 第一次下载该漫画，记录数据库中
2026-09-01 01:49:19 - mkk_pika - main.py:83 - INFO - 找到 31 张图片在:第1集
2026-09-01 01:49:19 - mkk_pika - main.py:112 - INFO - [episode:第1集       ] downloaded:    31, total:  31, progress:100%
2026-09-01 01:49:19 - mkk_pika - database.py:238 - INFO - 数据库更新已下载章节
2026-09-01 01:49:19 - mkk_pika - database.py:244 - INFO - 该漫画已下载章节如下
2026-09-01 01:49:19 - mkk_pika - database.py:245 - INFO - ['第1集']
2026-09-01 01:49:20 - mkk_pika - main.py:348 - INFO - ==================== 漫画信息 ====================
                                   漫画ID：5c8509d73fda36563c110931
                                   标题： ストーカーから始まる愛もあるんだよ (未来日記)
                                   作者：愛鉛奇縁 (あいとまとこ)
                                   是否完结：是
                                   总页数：29
                                   分类：純愛,短篇,同人
                                   章节数：1
                                   最后更新时间：2019-03-10T12:57:59.992Z
                                   =================================================
2026-09-01 01:49:20 - mkk_pika - database.py:101 - INFO - 保存成功： ストーカーから始まる愛もあるんだよ (未来日記)
2026-09-01 01:49:20 - mkk_pika - main.py:35 - INFO - 开始检查(コミティア126) あの子はお人形是否存在未下载章节
2026-09-01 01:49:21 - mkk_pika - main.py:45 - INFO - 正在下载:[(コミティア126) あの子はお人形]-[squeezecandyheaven (いちはや)]-[['短篇', '同人']]-[total_pages:31]
2026-09-01 01:49:21 - mkk_pika - main.py:49 - INFO - [{'_id': '5c8509f43fda36563c110956', 'title': '第1集', 'order': 1, 'updated_at': '2019-03-09T14:10:26.057Z', 'id': '5c8509f43fda36563c110956'}]
2026-09-01 01:49:21 - mkk_pika - database.py:215 - INFO - 第一次下载该漫画，记录数据库中
2026-09-01 01:49:21 - mkk_pika - main.py:83 - INFO - 找到 31 张图片在:第1集
2026-09-01 01:49:22 - mkk_pika - main.py:112 - INFO - [episode:第1集       ] downloaded:    31, total:  31, progress:100%
2026-09-01 01:49:22 - mkk_pika - database.py:238 - INFO - 数据库更新已下载章节
2026-09-01 01:49:22 - mkk_pika - database.py:244 - INFO - 该漫画已下载章节如下
2026-09-01 01:49:22 - mkk_pika - database.py:245 - INFO - ['第1集']
2026-09-01 01:49:23 - mkk_pika - main.py:348 - INFO - ==================== 漫画信息 ====================
                                   漫画ID：5c8509f43fda36563c110955
                                   标题：(コミティア126) あの子はお人形
                                   作者：squeezecandyheaven (いちはや)
                                   是否完结：否
                                   总页数：31
                                   分类：短篇,同人
                                   章节数：1
                                   最后更新时间：2019-03-10T12:58:28.201Z
                                   =================================================
2026-09-01 01:49:23 - mkk_pika - database.py:101 - INFO - 保存成功：(コミティア126) あの子はお人形
2026-09-01 01:49:23 - mkk_pika - main.py:35 - INFO - 开始检查 素直になりたいお姫様 (BLAZBLUE）是否存在未下载章节
2026-09-01 01:49:24 - mkk_pika - main.py:45 - INFO - 正在下载:[ 素直になりたいお姫様 (BLAZBLUE）]-[(REBEL ONE) ちょこざくら (れーそ)]-[['短篇', '同人', '純愛']]-[total_pages:10]
2026-09-01 01:49:24 - mkk_pika - main.py:49 - INFO - [{'_id': '5c850a3b3fda36563c110a28', 'title': '第1集', 'order': 1, 'updated_at': '2019-03-09T14:39:32.640Z', 'id': '5c850a3b3fda36563c110a28'}]
2026-09-01 01:49:24 - mkk_pika - database.py:215 - INFO - 第一次下载该漫画，记录数据库中
2026-09-01 01:49:24 - mkk_pika - main.py:83 - INFO - 找到 23 张图片在:第1集
2026-09-01 01:49:25 - mkk_pika - main.py:112 - INFO - [episode:第1集       ] downloaded:    23, total:  23, progress:100%
2026-09-01 01:49:25 - mkk_pika - database.py:238 - INFO - 数据库更新已下载章节
2026-09-01 01:49:25 - mkk_pika - database.py:244 - INFO - 该漫画已下载章节如下
2026-09-01 01:49:25 - mkk_pika - database.py:245 - INFO - ['第1集']
2026-09-01 01:49:26 - mkk_pika - main.py:348 - INFO - ==================== 漫画信息 ====================
                                   漫画ID：5c850a3b3fda36563c110a27
                                   标题： 素直になりたいお姫様 (BLAZBLUE）
                                   作者：(REBEL ONE) ちょこざくら (れーそ)
                                   是否完结：是
                                   总页数：10
                                   分类：短篇,同人,純愛
                                   章节数：1
                                   最后更新时间：2019-03-10T12:59:39.333Z
                                   =================================================
2026-09-01 01:49:26 - mkk_pika - database.py:101 - INFO - 保存成功： 素直になりたいお姫様 (BLAZBLUE）
2026-09-01 01:49:26 - mkk_pika - main.py:35 - INFO - 开始检查DreamyDesserts改ニ乙 (艦隊これくしょん -艦これ-)是否存在未下载章节
2026-09-01 01:49:26 - mkk_pika - main.py:45 - INFO - 正在下载:[DreamyDesserts改ニ乙 (艦隊これくしょん -艦これ-)]-[Staccato・Squirrel (いまち)]-[['短篇', '全彩', '同人', '艦隊收藏', '後宮閃光']]-[total_pages:17]
2026-09-01 01:49:26 - mkk_pika - main.py:49 - INFO - [{'_id': '5c851f1835b667306b1866cd', 'title': '第1集', 'order': 1, 'updated_at': '2019-03-09T14:39:10.028Z', 'id': '5c851f1835b667306b1866cd'}]
2026-09-01 01:49:26 - mkk_pika - database.py:215 - INFO - 第一次下载该漫画，记录数据库中
2026-09-01 01:49:27 - mkk_pika - main.py:83 - INFO - 找到 17 张图片在:第1集
2026-09-01 01:49:27 - mkk_pika - main.py:112 - INFO - [episode:第1集       ] downloaded:    17, total:  17, progress:100%
2026-09-01 01:49:27 - mkk_pika - database.py:238 - INFO - 数据库更新已下载章节
2026-09-01 01:49:27 - mkk_pika - database.py:244 - INFO - 该漫画已下载章节如下
2026-09-01 01:49:27 - mkk_pika - database.py:245 - INFO - ['第1集']
2026-09-01 01:49:29 - mkk_pika - main.py:348 - INFO - ==================== 漫画信息 ====================
                                   漫画ID：5c851f1835b667306b1866cc
                                   标题：DreamyDesserts改ニ乙 (艦隊これくしょん -艦これ-)
                                   作者：Staccato・Squirrel (いまち)
                                   是否完结：是
                                   总页数：17
                                   分类：短篇,全彩,同人,艦隊收藏,後宮閃光
                                   章节数：1
                                   最后更新时间：2019-03-10T14:28:40.165Z
                                   =================================================
2026-09-01 01:49:29 - mkk_pika - database.py:101 - INFO - 保存成功：DreamyDesserts改ニ乙 (艦隊これくしょん -艦これ-)
2026-09-01 01:49:29 - mkk_pika - main.py:35 - INFO - 开始检查お栄フリーウェイ (FateGrand Order)是否存在未下载章节
2026-09-01 01:49:29 - mkk_pika - main.py:45 - INFO - 正在下载:[お栄フリーウェイ (FateGrand Order)]-[無口遮欄 (ちやみ)]-[['短篇', '同人', 'Fate', '非人類']]-[total_pages:24]
2026-09-01 01:49:29 - mkk_pika - main.py:49 - INFO - [{'_id': '5c851f767137146cb7066ddf', 'title': '第1集', 'order': 1, 'updated_at': '2019-03-09T14:48:09.901Z', 'id': '5c851f767137146cb7066ddf'}]
2026-09-01 01:49:29 - mkk_pika - database.py:215 - INFO - 第一次下载该漫画，记录数据库中
2026-09-01 01:49:30 - mkk_pika - main.py:83 - INFO - 找到 24 张图片在:第1集
2026-09-01 01:49:30 - mkk_pika - main.py:112 - INFO - [episode:第1集       ] downloaded:    24, total:  24, progress:100%
2026-09-01 01:49:30 - mkk_pika - database.py:238 - INFO - 数据库更新已下载章节
2026-09-01 01:49:30 - mkk_pika - database.py:244 - INFO - 该漫画已下载章节如下
2026-09-01 01:49:30 - mkk_pika - database.py:245 - INFO - ['第1集']
2026-09-01 01:49:31 - mkk_pika - main.py:348 - INFO - ==================== 漫画信息 ====================
                                   漫画ID：5c851f767137146cb7066dde
                                   标题：お栄フリーウェイ (FateGrand Order)
                                   作者：無口遮欄 (ちやみ)
                                   是否完结：是
                                   总页数：24
                                   分类：短篇,同人,Fate,非人類
                                   章节数：1
                                   最后更新时间：2019-03-10T14:30:14.038Z
                                   =================================================
2026-09-01 01:49:31 - mkk_pika - database.py:101 - INFO - 保存成功：お栄フリーウェイ (FateGrand Order)
2026-09-01 01:49:31 - mkk_pika - main.py:35 - INFO - 开始检查フェチシチュしぶりん (アイドルマスター シンデレラガールズ)是否存在未下载章节
2026-09-01 01:49:32 - mkk_pika - main.py:45 - INFO - 正在下载:[フェチシチュしぶりん (アイドルマスター シンデレラガールズ)]-[白銀木犀 (ぽし)]-[['短篇', '同人']]-[total_pages:25]
2026-09-01 01:49:32 - mkk_pika - main.py:49 - INFO - [{'_id': '5c851f8c14c7035660babb8a', 'title': '第1集', 'order': 1, 'updated_at': '2019-03-09T14:55:29.369Z', 'id': '5c851f8c14c7035660babb8a'}]
2026-09-01 01:49:32 - mkk_pika - database.py:215 - INFO - 第一次下载该漫画，记录数据库中
2026-09-01 01:49:32 - mkk_pika - main.py:83 - INFO - 找到 25 张图片在:第1集
2026-09-01 01:49:33 - mkk_pika - main.py:112 - INFO - [episode:第1集       ] downloaded:    25, total:  25, progress:100%
2026-09-01 01:49:33 - mkk_pika - database.py:238 - INFO - 数据库更新已下载章节
2026-09-01 01:49:33 - mkk_pika - database.py:244 - INFO - 该漫画已下载章节如下
2026-09-01 01:49:33 - mkk_pika - database.py:245 - INFO - ['第1集']
2026-09-01 01:49:34 - mkk_pika - main.py:348 - INFO - ==================== 漫画信息 ====================
                                   漫画ID：5c851f8c14c7035660babb89
                                   标题：フェチシチュしぶりん (アイドルマスター シンデレラガールズ)
                                   作者：白銀木犀 (ぽし)
                                   是否完结：是
                                   总页数：25
                                   分类：短篇,同人
                                   章节数：1
                                   最后更新时间：2019-03-10T14:30:36.296Z
                                   =================================================
2026-09-01 01:49:34 - mkk_pika - database.py:101 - INFO - 保存成功：フェチシチュしぶりん (アイドルマスター シンデレラガールズ)
2026-09-01 01:49:34 - mkk_pika - main.py:35 - INFO - 开始检查(C87)艦隊奴隷 高雄 (艦隊これくしょん -艦これ-) [中国翻訳]是否存在未下载章节
2026-09-01 01:49:35 - mkk_pika - main.py:45 - INFO - 正在下载:[(C87)艦隊奴隷 高雄 (艦隊これくしょん -艦これ-) [中国翻訳]]-[みりおんらぶ (夜与)]-[['短篇', '同人', 'SM', '強暴', '艦隊收藏']]-[total_pages:36]
2026-09-01 01:49:35 - mkk_pika - main.py:49 - INFO - [{'_id': '5c852003d73e616ce9561a04', 'title': '第1集', 'order': 1, 'updated_at': '2019-03-10T03:17:35.979Z', 'id': '5c852003d73e616ce9561a04'}]
2026-09-01 01:49:35 - mkk_pika - database.py:215 - INFO - 第一次下载该漫画，记录数据库中
2026-09-01 01:49:35 - mkk_pika - main.py:83 - INFO - 找到 36 张图片在:第1集
2026-09-01 01:49:36 - mkk_pika - main.py:112 - INFO - [episode:第1集       ] downloaded:    36, total:  36, progress:100%
2026-09-01 01:49:36 - mkk_pika - database.py:238 - INFO - 数据库更新已下载章节
2026-09-01 01:49:36 - mkk_pika - database.py:244 - INFO - 该漫画已下载章节如下
2026-09-01 01:49:36 - mkk_pika - database.py:245 - INFO - ['第1集']
2026-09-01 01:49:37 - mkk_pika - main.py:348 - INFO - ==================== 漫画信息 ====================
                                   漫画ID：5c852003d73e616ce9561a03
                                   标题：(C87)艦隊奴隷 高雄 (艦隊これくしょん -艦これ-) [中国翻訳]
                                   作者：みりおんらぶ (夜与)
                                   是否完结：是
                                   总页数：36
                                   分类：短篇,同人,SM,強暴,艦隊收藏
                                   章节数：1
                                   最后更新时间：2019-03-10T14:32:35.287Z
                                   =================================================
2026-09-01 01:49:37 - mkk_pika - database.py:101 - INFO - 保存成功：(C87)艦隊奴隷 高雄 (艦隊これくしょん -艦これ-) [中国翻訳]
2026-09-01 01:49:37 - mkk_pika - main.py:35 - INFO - 开始检查(モテないし即売会する2) 九重葛3 (私がモテないのはどう考えてもお前らが悪い!)是否存在未下载章节
2026-09-01 01:49:37 - mkk_pika - main.py:45 - INFO - 正在下载:[(モテないし即売会する2) 九重葛3 (私がモテないのはどう考えてもお前らが悪い!)]-[Surface Tension (折口ヒラタ)]-[['同人', '短篇', '百合花園', '純愛']]-[total_pages:45]
2026-09-01 01:49:37 - mkk_pika - main.py:49 - INFO - [{'_id': '5c85201c036aa556613c4c15', 'title': '第1集', 'order': 1, 'updated_at': '2019-03-10T03:20:32.279Z', 'id': '5c85201c036aa556613c4c15'}]
2026-09-01 01:49:37 - mkk_pika - database.py:215 - INFO - 第一次下载该漫画，记录数据库中
2026-09-01 01:49:38 - mkk_pika - main.py:83 - INFO - 找到 45 张图片在:第1集
2026-09-01 01:49:39 - mkk_pika - main.py:112 - INFO - [episode:第1集       ] downloaded:    45, total:  45, progress:100%
2026-09-01 01:49:39 - mkk_pika - database.py:238 - INFO - 数据库更新已下载章节
2026-09-01 01:49:39 - mkk_pika - database.py:244 - INFO - 该漫画已下载章节如下
2026-09-01 01:49:39 - mkk_pika - database.py:245 - INFO - ['第1集']
2026-09-01 01:49:41 - mkk_pika - main.py:348 - INFO - ==================== 漫画信息 ====================
                                   漫画ID：5c85201c036aa556613c4c14
                                   标题：(モテないし即売会する2) 九重葛3 (私がモテないのはどう考えてもお前らが悪い!)
                                   作者：Surface Tension (折口ヒラタ)
                                   是否完结：是
                                   总页数：45
                                   分类：同人,短篇,百合花園,純愛
                                   章节数：1
                                   最后更新时间：2019-03-10T14:33:00.230Z
                                   =================================================
2026-09-01 01:49:41 - mkk_pika - database.py:101 - INFO - 保存成功：(モテないし即売会する2) 九重葛3 (私がモテないのはどう考えてもお前らが悪い!)
2026-09-01 01:49:41 - mkk_pika - main.py:35 - INFO - 开始检查(C89) 紗夜子の檻 -山影抄 紗夜子2- [中国翻訳]是否存在未下载章节
2026-09-01 01:49:41 - mkk_pika - main.py:45 - INFO - 正在下载:[(C89) 紗夜子の檻 -山影抄 紗夜子2- [中国翻訳]]-[さんかくエプロン (山文京伝、有無らひ)]-[['短篇', 'SM', '人妻']]-[total_pages:39]
2026-09-01 01:49:41 - mkk_pika - main.py:49 - INFO - [{'_id': '5c85209014c7035660babbad', 'title': '第1集', 'order': 1, 'updated_at': '2019-03-10T03:39:33.001Z', 'id': '5c85209014c7035660babbad'}]
2026-09-01 01:49:41 - mkk_pika - database.py:215 - INFO - 第一次下载该漫画，记录数据库中
2026-09-01 01:49:42 - mkk_pika - main.py:83 - INFO - 找到 39 张图片在:第1集
2026-09-01 01:49:42 - mkk_pika - main.py:112 - INFO - [episode:第1集       ] downloaded:    39, total:  39, progress:100%
2026-09-01 01:49:42 - mkk_pika - database.py:238 - INFO - 数据库更新已下载章节
2026-09-01 01:49:42 - mkk_pika - database.py:244 - INFO - 该漫画已下载章节如下
2026-09-01 01:49:42 - mkk_pika - database.py:245 - INFO - ['第1集']
2026-09-01 01:49:44 - mkk_pika - main.py:348 - INFO - ==================== 漫画信息 ====================
                                   漫画ID：5c85209014c7035660babbac
                                   标题：(C89) 紗夜子の檻 -山影抄 紗夜子2- [中国翻訳]
                                   作者：さんかくエプロン (山文京伝、有無らひ)
                                   是否完结：是
                                   总页数：39
                                   分类：短篇,SM,人妻
                                   章节数：1
                                   最后更新时间：2019-03-10T14:34:56.477Z
                                   =================================================
2026-09-01 01:49:44 - mkk_pika - database.py:101 - INFO - 保存成功：(C89) 紗夜子の檻 -山影抄 紗夜子2- [中国翻訳]
2026-09-01 01:49:44 - mkk_pika - main.py:35 - INFO - 开始检查NPC姦MOD是否存在未下载章节
2026-09-01 01:49:44 - mkk_pika - main.py:45 - INFO - 正在下载:[NPC姦MOD]-[あぶぶ]-[['長篇', '同人']]-[total_pages:84]
2026-09-01 01:49:44 - mkk_pika - main.py:49 - INFO - [{'_id': '5c760a8e1bea87122025afcf', 'title': '全1集', 'order': 1, 'updated_at': '2019-03-10T16:04:17.846Z', 'id': '5c760a8e1bea87122025afcf'}, {'_id': '5c85358126e04a6cafdc13bd', 'title': '作者未使用在本篇的Bonus', 'order': 2, 'updated_at': '2019-03-08T13:01:06.229Z', 'id': '5c85358126e04a6cafdc13bd'}]
2026-09-01 01:49:44 - mkk_pika - database.py:215 - INFO - 第一次下载该漫画，记录数据库中
2026-09-01 01:49:45 - mkk_pika - main.py:83 - INFO - 找到 77 张图片在:全1集
2026-09-01 01:49:46 - mkk_pika - main.py:112 - INFO - [episode:全1集       ] downloaded:    77, total:  77, progress:100%
2026-09-01 01:49:46 - mkk_pika - database.py:238 - INFO - 数据库更新已下载章节
2026-09-01 01:49:46 - mkk_pika - database.py:244 - INFO - 该漫画已下载章节如下
2026-09-01 01:49:46 - mkk_pika - database.py:245 - INFO - ['全1集']
2026-09-01 01:49:48 - mkk_pika - main.py:83 - INFO - 找到 7 张图片在:作者未使用在本篇的Bonus
2026-09-01 01:49:48 - mkk_pika - main.py:112 - INFO - [episode:作者未使用在本篇的Bonus] downloaded:     7, total:   7, progress:100%
2026-09-01 01:49:48 - mkk_pika - database.py:238 - INFO - 数据库更新已下载章节
2026-09-01 01:49:48 - mkk_pika - database.py:244 - INFO - 该漫画已下载章节如下
2026-09-01 01:49:48 - mkk_pika - database.py:245 - INFO - ['全1集', '作者未使用在本篇的Bonus']
2026-09-01 01:49:50 - mkk_pika - main.py:348 - INFO - ==================== 漫画信息 ====================
                                   漫画ID：5c760a8e1bea87122025afce
                                   标题：NPC姦MOD
                                   作者：あぶぶ
                                   是否完结：是
                                   总页数：84
                                   分类：長篇,同人
                                   章节数：2
                                   最后更新时间：2019-03-10T16:04:17.828Z
                                   =================================================
2026-09-01 01:49:50 - mkk_pika - database.py:101 - INFO - 保存成功：NPC姦MOD
2026-09-01 01:49:50 - mkk_pika - main.py:35 - INFO - 开始检查(C95) 吸精魔力中毒6是否存在未下载章节
2026-09-01 01:49:50 - mkk_pika - main.py:45 - INFO - 正在下载:[(C95) 吸精魔力中毒6]-[LemonMaiden (蒼海)]-[['嗶咔漢化', '短篇', '同人', 'Fate']]-[total_pages:28]
2026-09-01 01:49:50 - mkk_pika - main.py:49 - INFO - [{'_id': '5c8535eaa1430c5634c84de9', 'title': '第1集', 'order': 1, 'updated_at': '2019-03-10T06:25:21.175Z', 'id': '5c8535eaa1430c5634c84de9'}]
2026-09-01 01:49:50 - mkk_pika - database.py:215 - INFO - 第一次下载该漫画，记录数据库中
2026-09-01 01:49:50 - mkk_pika - main.py:83 - INFO - 找到 28 张图片在:第1集
2026-09-01 01:49:51 - mkk_pika - main.py:112 - INFO - [episode:第1集       ] downloaded:    28, total:  28, progress:100%
2026-09-01 01:49:51 - mkk_pika - database.py:238 - INFO - 数据库更新已下载章节
2026-09-01 01:49:51 - mkk_pika - database.py:244 - INFO - 该漫画已下载章节如下
2026-09-01 01:49:51 - mkk_pika - database.py:245 - INFO - ['第1集']
2026-09-01 01:49:52 - mkk_pika - main.py:348 - INFO - ==================== 漫画信息 ====================
                                   漫画ID：5c8535eaa1430c5634c84de8
                                   标题：(C95) 吸精魔力中毒6
                                   作者：LemonMaiden (蒼海)
                                   是否完结：否
                                   总页数：28
                                   分类：嗶咔漢化,短篇,同人,Fate
                                   章节数：1
                                   最后更新时间：2019-03-10T16:06:02.309Z
                                   =================================================
2026-09-01 01:49:52 - mkk_pika - database.py:101 - INFO - 保存成功：(C95) 吸精魔力中毒6
2026-09-01 01:49:52 - mkk_pika - main.py:35 - INFO - 开始检查(C94)  SHIKIKAN DAISUKI ❤ (アズールレーン) [中国翻訳]是否存在未下载章节
2026-09-01 01:49:53 - mkk_pika - main.py:45 - INFO - 正在下载:[(C94)  SHIKIKAN DAISUKI ❤ (アズールレーン) [中国翻訳]]-[AHO-CROSS (神岡ちろる)]-[['短篇', '同人', '全彩']]-[total_pages:16]
2026-09-01 01:49:53 - mkk_pika - main.py:49 - INFO - [{'_id': '5c8536bc1bb96f70997fe1f4', 'title': '第1集', 'order': 1, 'updated_at': '2019-03-10T10:23:42.280Z', 'id': '5c8536bc1bb96f70997fe1f4'}]
2026-09-01 01:49:53 - mkk_pika - database.py:215 - INFO - 第一次下载该漫画，记录数据库中
2026-09-01 01:49:53 - mkk_pika - main.py:83 - INFO - 找到 16 张图片在:第1集
2026-09-01 01:49:54 - mkk_pika - main.py:112 - INFO - [episode:第1集       ] downloaded:    16, total:  16, progress:100%
2026-09-01 01:49:54 - mkk_pika - database.py:238 - INFO - 数据库更新已下载章节
2026-09-01 01:49:54 - mkk_pika - database.py:244 - INFO - 该漫画已下载章节如下
2026-09-01 01:49:54 - mkk_pika - database.py:245 - INFO - ['第1集']
2026-09-01 01:49:55 - mkk_pika - main.py:348 - INFO - ==================== 漫画信息 ====================
                                   漫画ID：5c8536bc1bb96f70997fe1f3
                                   标题：(C94)  SHIKIKAN DAISUKI ❤ (アズールレーン) [中国翻訳]
                                   作者：AHO-CROSS (神岡ちろる)
                                   是否完结：是
                                   总页数：16
                                   分类：短篇,同人,全彩
                                   章节数：1
                                   最后更新时间：2019-03-10T16:09:32.307Z
                                   =================================================
2026-09-01 01:49:55 - mkk_pika - database.py:101 - INFO - 保存成功：(C94)  SHIKIKAN DAISUKI ❤ (アズールレーン) [中国翻訳]
2026-09-01 01:49:55 - mkk_pika - main.py:35 - INFO - 开始检查ジャンヌオルタにおねがいしたい？+おまけ色紙 (FateGrand Order)[無修正]是否存在未下载章节
2026-09-01 01:49:55 - mkk_pika - main.py:45 - INFO - 正在下载:[ジャンヌオルタにおねがいしたい？+おまけ色紙 (FateGrand Order)[無修正]]-[関西漁業協同組合 (丸新)]-[['短篇', '全彩', '同人', 'Fate']]-[total_pages:21]
2026-09-01 01:49:55 - mkk_pika - main.py:49 - INFO - [{'_id': '5c8537055ce22c305f0fc27b', 'title': '第1集', 'order': 1, 'updated_at': '2019-03-09T13:23:23.702Z', 'id': '5c8537055ce22c305f0fc27b'}]
2026-09-01 01:49:55 - mkk_pika - database.py:215 - INFO - 第一次下载该漫画，记录数据库中
2026-09-01 01:49:56 - mkk_pika - main.py:83 - INFO - 找到 21 张图片在:第1集
2026-09-01 01:49:56 - mkk_pika - main.py:112 - INFO - [episode:第1集       ] downloaded:    21, total:  21, progress:100%
2026-09-01 01:49:56 - mkk_pika - database.py:238 - INFO - 数据库更新已下载章节
2026-09-01 01:49:56 - mkk_pika - database.py:244 - INFO - 该漫画已下载章节如下
2026-09-01 01:49:56 - mkk_pika - database.py:245 - INFO - ['第1集']
2026-09-01 01:49:58 - mkk_pika - main.py:348 - INFO - ==================== 漫画信息 ====================
                                   漫画ID：5c8537055ce22c305f0fc27a
                                   标题：ジャンヌオルタにおねがいしたい？+おまけ色紙 (FateGrand Order)[無修正]
                                   作者：関西漁業協同組合 (丸新)
                                   是否完结：是
                                   总页数：21
                                   分类：短篇,全彩,同人,Fate
                                   章节数：1
                                   最后更新时间：2019-03-10T16:10:45.424Z
                                   =================================================
2026-09-01 01:49:58 - mkk_pika - database.py:101 - INFO - 保存成功：ジャンヌオルタにおねがいしたい？+おまけ色紙 (FateGrand Order)[無修正]
2026-09-01 01:49:58 - mkk_pika - main.py:35 - INFO - 开始检查妖精あそび是否存在未下载章节
2026-09-01 01:49:58 - mkk_pika - main.py:45 - INFO - 正在下载:[妖精あそび]-[YuKi-IRo (ゆきうさぎ。)]-[['同人', '短篇', '東方']]-[total_pages:38]
2026-09-01 01:49:58 - mkk_pika - main.py:49 - INFO - [{'_id': '5b66fa4a1716c62dbb7775cb', 'title': '生肉', 'order': 1, 'updated_at': '2019-03-10T16:13:11.091Z', 'id': '5b66fa4a1716c62dbb7775cb'}, {'_id': '5c853797036aa556613c4d08', 'title': '熟肉', 'order': 2, 'updated_at': '2019-03-10T13:43:55.676Z', 'id': '5c853797036aa556613c4d08'}]
2026-09-01 01:49:58 - mkk_pika - database.py:215 - INFO - 第一次下载该漫画，记录数据库中
2026-09-01 01:49:59 - mkk_pika - main.py:83 - INFO - 找到 18 张图片在:生肉
2026-09-01 01:49:59 - mkk_pika - main.py:112 - INFO - [episode:生肉        ] downloaded:    18, total:  18, progress:100%
2026-09-01 01:49:59 - mkk_pika - database.py:238 - INFO - 数据库更新已下载章节
2026-09-01 01:49:59 - mkk_pika - database.py:244 - INFO - 该漫画已下载章节如下
2026-09-01 01:49:59 - mkk_pika - database.py:245 - INFO - ['生肉']
2026-09-01 01:50:01 - mkk_pika - main.py:83 - INFO - 找到 20 张图片在:熟肉
2026-09-01 01:50:01 - mkk_pika - main.py:112 - INFO - [episode:熟肉        ] downloaded:    20, total:  20, progress:100%
2026-09-01 01:50:01 - mkk_pika - database.py:238 - INFO - 数据库更新已下载章节
2026-09-01 01:50:01 - mkk_pika - database.py:244 - INFO - 该漫画已下载章节如下
2026-09-01 01:50:01 - mkk_pika - database.py:245 - INFO - ['生肉', '熟肉']
2026-09-01 01:50:02 - mkk_pika - main.py:348 - INFO - ==================== 漫画信息 ====================
                                   漫画ID：5b66fa4a1716c62dbb7775ca
                                   标题：妖精あそび
                                   作者：YuKi-IRo (ゆきうさぎ。)
                                   是否完结：否
                                   总页数：38
                                   分类：同人,短篇,東方
                                   章节数：2
                                   最后更新时间：2019-03-10T16:13:11.059Z
                                   =================================================
2026-09-01 01:50:02 - mkk_pika - database.py:101 - INFO - 保存成功：妖精あそび
2026-09-01 01:50:02 - mkk_pika - main.py:35 - INFO - 开始检查とある少女に貫通砲是否存在未下载章节
2026-09-01 01:50:03 - mkk_pika - main.py:45 - INFO - 正在下载:[とある少女に貫通砲]-[Special☆Week (藤城成騎)]-[['同人', '短篇']]-[total_pages:64]
2026-09-01 01:50:03 - mkk_pika - main.py:49 - INFO - [{'_id': '5b66fae74e98c42d881abe52', 'title': '生肉', 'order': 1, 'updated_at': '2019-03-10T16:13:27.482Z', 'id': '5b66fae74e98c42d881abe52'}, {'_id': '5c8537a7b78b7e3059232e24', 'title': '熟肉', 'order': 2, 'updated_at': '2019-03-10T13:50:59.279Z', 'id': '5c8537a7b78b7e3059232e24'}]
2026-09-01 01:50:03 - mkk_pika - database.py:215 - INFO - 第一次下载该漫画，记录数据库中
2026-09-01 01:50:03 - mkk_pika - main.py:83 - INFO - 找到 32 张图片在:生肉
2026-09-01 01:50:04 - mkk_pika - main.py:112 - INFO - [episode:生肉        ] downloaded:    32, total:  32, progress:100%
2026-09-01 01:50:04 - mkk_pika - database.py:238 - INFO - 数据库更新已下载章节
2026-09-01 01:50:04 - mkk_pika - database.py:244 - INFO - 该漫画已下载章节如下
2026-09-01 01:50:04 - mkk_pika - database.py:245 - INFO - ['生肉']
2026-09-01 01:50:06 - mkk_pika - main.py:83 - INFO - 找到 32 张图片在:熟肉
2026-09-01 01:50:06 - mkk_pika - main.py:112 - INFO - [episode:熟肉        ] downloaded:    32, total:  32, progress:100%
2026-09-01 01:50:06 - mkk_pika - database.py:238 - INFO - 数据库更新已下载章节
2026-09-01 01:50:06 - mkk_pika - database.py:244 - INFO - 该漫画已下载章节如下
2026-09-01 01:50:06 - mkk_pika - database.py:245 - INFO - ['生肉', '熟肉']
2026-09-01 01:50:08 - mkk_pika - main.py:348 - INFO - ==================== 漫画信息 ====================
                                   漫画ID：5b66fae74e98c42d881abe51
                                   标题：とある少女に貫通砲
                                   作者：Special☆Week (藤城成騎)
                                   是否完结：否
                                   总页数：64
                                   分类：同人,短篇
                                   章节数：2
                                   最后更新时间：2019-03-10T16:13:27.458Z
                                   =================================================
2026-09-01 01:50:08 - mkk_pika - database.py:101 - INFO - 保存成功：とある少女に貫通砲
2026-09-01 01:50:08 - mkk_pika - main.py:35 - INFO - 开始检查とあるオメコに超電磁砲4是否存在未下载章节
2026-09-01 01:50:08 - mkk_pika - main.py:45 - INFO - 正在下载:[とあるオメコに超電磁砲4]-[トラ屋 (ITOYOKO)]-[['同人', '短篇']]-[total_pages:80]
2026-09-01 01:50:08 - mkk_pika - main.py:49 - INFO - [{'_id': '5bf2992be8618624f553a1b3', 'title': '生肉', 'order': 1, 'updated_at': '2019-03-10T16:14:01.865Z', 'id': '5bf2992be8618624f553a1b3'}, {'_id': '5c8537c95ce22c305f0fc294', 'title': '熟肉', 'order': 2, 'updated_at': '2019-03-10T14:08:40.684Z', 'id': '5c8537c95ce22c305f0fc294'}]
2026-09-01 01:50:08 - mkk_pika - database.py:215 - INFO - 第一次下载该漫画，记录数据库中
2026-09-01 01:50:09 - mkk_pika - main.py:83 - INFO - 找到 40 张图片在:生肉
2026-09-01 01:50:09 - mkk_pika - main.py:112 - INFO - [episode:生肉        ] downloaded:    40, total:  40, progress:100%
2026-09-01 01:50:09 - mkk_pika - database.py:238 - INFO - 数据库更新已下载章节
2026-09-01 01:50:09 - mkk_pika - database.py:244 - INFO - 该漫画已下载章节如下
2026-09-01 01:50:09 - mkk_pika - database.py:245 - INFO - ['生肉']
2026-09-01 01:50:11 - mkk_pika - main.py:83 - INFO - 找到 40 张图片在:熟肉
2026-09-01 01:50:12 - mkk_pika - main.py:112 - INFO - [episode:熟肉        ] downloaded:    40, total:  40, progress:100%
2026-09-01 01:50:12 - mkk_pika - database.py:238 - INFO - 数据库更新已下载章节
2026-09-01 01:50:12 - mkk_pika - database.py:244 - INFO - 该漫画已下载章节如下
2026-09-01 01:50:12 - mkk_pika - database.py:245 - INFO - ['生肉', '熟肉']
2026-09-01 01:50:14 - mkk_pika - main.py:348 - INFO - ==================== 漫画信息 ====================
                                   漫画ID：5bf2992be8618624f553a1b2
                                   标题：とあるオメコに超電磁砲4
                                   作者：トラ屋 (ITOYOKO)
                                   是否完结：否
                                   总页数：80
                                   分类：同人,短篇
                                   章节数：2
                                   最后更新时间：2019-03-10T16:14:01.829Z
                                   =================================================
2026-09-01 01:50:14 - mkk_pika - database.py:101 - INFO - 保存成功：とあるオメコに超電磁砲4
2026-09-01 01:50:14 - mkk_pika - main.py:35 - INFO - 开始检查Lust Geass是否存在未下载章节
2026-09-01 01:50:14 - mkk_pika - main.py:45 - INFO - 正在下载:[Lust Geass]-[高橋脩]-[['同人', '長篇']]-[total_pages:223]
2026-09-01 01:50:14 - mkk_pika - main.py:49 - INFO - [{'_id': '5c8538102f2937708d283856', 'title': '第1—5集', 'order': 1, 'updated_at': '2019-03-10T14:01:36.567Z', 'id': '5c8538102f2937708d283856'}, {'_id': '5c8538102f2937708d283857', 'title': '第10集', 'order': 2, 'updated_at': '2019-03-10T14:07:24.865Z', 'id': '5c8538102f2937708d283857'}]
2026-09-01 01:50:14 - mkk_pika - database.py:215 - INFO - 第一次下载该漫画，记录数据库中
2026-09-01 01:50:16 - mkk_pika - main.py:83 - INFO - 找到 191 张图片在:第1—5集
2026-09-01 01:50:20 - mkk_pika - main.py:112 - INFO - [episode:第1—5集     ] downloaded:   191, total: 191, progress:100%
2026-09-01 01:50:20 - mkk_pika - database.py:238 - INFO - 数据库更新已下载章节
2026-09-01 01:50:20 - mkk_pika - database.py:244 - INFO - 该漫画已下载章节如下
2026-09-01 01:50:20 - mkk_pika - database.py:245 - INFO - ['第1—5集']
2026-09-01 01:50:21 - mkk_pika - main.py:83 - INFO - 找到 32 张图片在:第10集
2026-09-01 01:50:22 - mkk_pika - main.py:112 - INFO - [episode:第10集      ] downloaded:    32, total:  32, progress:100%
2026-09-01 01:50:22 - mkk_pika - database.py:238 - INFO - 数据库更新已下载章节
2026-09-01 01:50:22 - mkk_pika - database.py:244 - INFO - 该漫画已下载章节如下
2026-09-01 01:50:22 - mkk_pika - database.py:245 - INFO - ['第1—5集', '第10集']
2026-09-01 01:50:23 - mkk_pika - main.py:348 - INFO - ==================== 漫画信息 ====================
                                   漫画ID：5c8538102f2937708d283855
                                   标题：Lust Geass
                                   作者：高橋脩
                                   是否完结：否
                                   总页数：223
                                   分类：同人,長篇
                                   章节数：2
                                   最后更新时间：2019-03-10T16:15:12.068Z
                                   =================================================
2026-09-01 01:50:23 - mkk_pika - database.py:101 - INFO - 保存成功：Lust Geass
2026-09-01 01:50:23 - mkk_pika - main.py:35 - INFO - 开始检查(C87) +2ドリンク (アイドルマスター シンデレラガールズ) [中国翻訳]是否存在未下载章节
2026-09-01 01:50:24 - mkk_pika - main.py:45 - INFO - 正在下载:[(C87) +2ドリンク (アイドルマスター シンデレラガールズ) [中国翻訳]]-[蜜柑電車 (ダン)]-[['短篇', '同人', '純愛']]-[total_pages:27]
2026-09-01 01:50:24 - mkk_pika - main.py:49 - INFO - [{'_id': '5c85382bb78b7e3059232e49', 'title': '第1集', 'order': 1, 'updated_at': '2019-03-10T15:46:45.274Z', 'id': '5c85382bb78b7e3059232e49'}]
2026-09-01 01:50:24 - mkk_pika - database.py:215 - INFO - 第一次下载该漫画，记录数据库中
2026-09-01 01:50:24 - mkk_pika - main.py:83 - INFO - 找到 27 张图片在:第1集
2026-09-01 01:50:25 - mkk_pika - main.py:112 - INFO - [episode:第1集       ] downloaded:    27, total:  27, progress:100%
2026-09-01 01:50:25 - mkk_pika - database.py:238 - INFO - 数据库更新已下载章节
2026-09-01 01:50:25 - mkk_pika - database.py:244 - INFO - 该漫画已下载章节如下
2026-09-01 01:50:25 - mkk_pika - database.py:245 - INFO - ['第1集']
2026-09-01 01:50:26 - mkk_pika - main.py:348 - INFO - ==================== 漫画信息 ====================
                                   漫画ID：5c85382bb78b7e3059232e48
                                   标题：(C87) +2ドリンク (アイドルマスター シンデレラガールズ) [中国翻訳]
                                   作者：蜜柑電車 (ダン)
                                   是否完结：是
                                   总页数：27
                                   分类：短篇,同人,純愛
                                   章节数：1
                                   最后更新时间：2019-03-10T16:15:39.421Z
                                   =================================================
2026-09-01 01:50:26 - mkk_pika - database.py:101 - INFO - 保存成功：(C87) +2ドリンク (アイドルマスター シンデレラガールズ) [中国翻訳]
2026-09-01 01:50:26 - mkk_pika - main.py:35 - INFO - 开始检查 催眠で…2 [中国翻訳]是否存在未下载章节
2026-09-01 01:50:27 - mkk_pika - main.py:45 - INFO - 正在下载:[ 催眠で…2 [中国翻訳]]-[調四季]-[['短篇', '同人']]-[total_pages:42]
2026-09-01 01:50:27 - mkk_pika - main.py:49 - INFO - [{'_id': '5c8601e0d73e616ce9561b9b', 'title': '第1集', 'order': 1, 'updated_at': '2019-03-10T16:16:45.773Z', 'id': '5c8601e0d73e616ce9561b9b'}]
2026-09-01 01:50:27 - mkk_pika - database.py:215 - INFO - 第一次下载该漫画，记录数据库中
2026-09-01 01:50:28 - mkk_pika - main.py:83 - INFO - 找到 42 张图片在:第1集
2026-09-01 01:50:28 - mkk_pika - main.py:112 - INFO - [episode:第1集       ] downloaded:    42, total:  42, progress:100%
2026-09-01 01:50:28 - mkk_pika - database.py:238 - INFO - 数据库更新已下载章节
2026-09-01 01:50:28 - mkk_pika - database.py:244 - INFO - 该漫画已下载章节如下
2026-09-01 01:50:28 - mkk_pika - database.py:245 - INFO - ['第1集']
2026-09-01 01:50:30 - mkk_pika - main.py:348 - INFO - ==================== 漫画信息 ====================
                                   漫画ID：5c8601e0d73e616ce9561b9a
                                   标题： 催眠で…2 [中国翻訳]
                                   作者：調四季
                                   是否完结：是
                                   总页数：42
                                   分类：短篇,同人
                                   章节数：1
                                   最后更新时间：2019-03-11T06:36:16.964Z
                                   =================================================
2026-09-01 01:50:30 - mkk_pika - database.py:101 - INFO - 保存成功： 催眠で…2 [中国翻訳]
2026-09-01 01:50:30 - mkk_pika - main.py:35 - INFO - 开始检查カバンの中で溶けてった是否存在未下载章节
2026-09-01 01:50:30 - mkk_pika - main.py:45 - INFO - 正在下载:[カバンの中で溶けてった]-[山田あこ]-[['同人', '短篇', '百合花園', '純愛', '圓神領域']]-[total_pages:30]
2026-09-01 01:50:30 - mkk_pika - main.py:49 - INFO - [{'_id': '5c86023fd73e616ce9561bc9', 'title': '第1集', 'order': 1, 'updated_at': '2019-03-10T16:34:03.682Z', 'id': '5c86023fd73e616ce9561bc9'}]
2026-09-01 01:50:30 - mkk_pika - database.py:215 - INFO - 第一次下载该漫画，记录数据库中
2026-09-01 01:50:31 - mkk_pika - main.py:83 - INFO - 找到 30 张图片在:第1集
2026-09-01 01:50:31 - mkk_pika - main.py:112 - INFO - [episode:第1集       ] downloaded:    30, total:  30, progress:100%
2026-09-01 01:50:31 - mkk_pika - database.py:238 - INFO - 数据库更新已下载章节
2026-09-01 01:50:31 - mkk_pika - database.py:244 - INFO - 该漫画已下载章节如下
2026-09-01 01:50:31 - mkk_pika - database.py:245 - INFO - ['第1集']
2026-09-01 01:50:33 - mkk_pika - main.py:348 - INFO - ==================== 漫画信息 ====================
                                   漫画ID：5c86023fd73e616ce9561bc8
                                   标题：カバンの中で溶けてった
                                   作者：山田あこ
                                   是否完结：是
                                   总页数：30
                                   分类：同人,短篇,百合花園,純愛,圓神領域
                                   章节数：1
                                   最后更新时间：2019-03-11T06:37:51.728Z
                                   =================================================
2026-09-01 01:50:33 - mkk_pika - database.py:101 - INFO - 保存成功：カバンの中で溶けてった
2026-09-01 01:50:33 - mkk_pika - main.py:35 - INFO - 开始检查ザーメンは飲み薬です是否存在未下载章节
2026-09-01 01:50:33 - mkk_pika - main.py:45 - INFO - 正在下载:[ザーメンは飲み薬です]-[カルピス工房]-[['短篇']]-[total_pages:23]
2026-09-01 01:50:33 - mkk_pika - main.py:49 - INFO - [{'_id': '5c8603ac14c7035660bac34d', 'title': '第1集', 'order': 1, 'updated_at': '2019-03-10T20:12:05.140Z', 'id': '5c8603ac14c7035660bac34d'}]
2026-09-01 01:50:33 - mkk_pika - database.py:215 - INFO - 第一次下载该漫画，记录数据库中
2026-09-01 01:50:34 - mkk_pika - main.py:83 - INFO - 找到 23 张图片在:第1集
2026-09-01 01:50:34 - mkk_pika - main.py:112 - INFO - [episode:第1集       ] downloaded:    23, total:  23, progress:100%
2026-09-01 01:50:34 - mkk_pika - database.py:238 - INFO - 数据库更新已下载章节
2026-09-01 01:50:34 - mkk_pika - database.py:244 - INFO - 该漫画已下载章节如下
2026-09-01 01:50:34 - mkk_pika - database.py:245 - INFO - ['第1集']
2026-09-01 01:50:35 - mkk_pika - main.py:348 - INFO - ==================== 漫画信息 ====================
                                   漫画ID：5c8603ac14c7035660bac34c
                                   标题：ザーメンは飲み薬です
                                   作者：カルピス工房
                                   是否完结：是
                                   总页数：23
                                   分类：短篇
                                   章节数：1
                                   最后更新时间：2019-03-11T06:43:56.940Z
                                   =================================================
2026-09-01 01:50:35 - mkk_pika - database.py:101 - INFO - 保存成功：ザーメンは飲み薬です
2026-09-01 01:50:35 - mkk_pika - main.py:35 - INFO - 开始检查(Junction Box16) PRISM LIGHT (ひなビタ♪)是否存在未下载章节
2026-09-01 01:50:36 - mkk_pika - main.py:45 - INFO - 正在下载:[(Junction Box16) PRISM LIGHT (ひなビタ♪)]-[Chocolate Synapse (椎架ゆの)]-[['同人', '短篇']]-[total_pages:25]
2026-09-01 01:50:36 - mkk_pika - main.py:49 - INFO - [{'_id': '5c8603c25ce22c305f0fc4b9', 'title': '第1集', 'order': 1, 'updated_at': '2019-03-10T20:47:54.538Z', 'id': '5c8603c25ce22c305f0fc4b9'}]
2026-09-01 01:50:36 - mkk_pika - database.py:215 - INFO - 第一次下载该漫画，记录数据库中
2026-09-01 01:50:36 - mkk_pika - main.py:83 - INFO - 找到 25 张图片在:第1集
2026-09-01 01:50:37 - mkk_pika - main.py:112 - INFO - [episode:第1集       ] downloaded:    25, total:  25, progress:100%
2026-09-01 01:50:37 - mkk_pika - database.py:238 - INFO - 数据库更新已下载章节
2026-09-01 01:50:37 - mkk_pika - database.py:244 - INFO - 该漫画已下载章节如下
2026-09-01 01:50:37 - mkk_pika - database.py:245 - INFO - ['第1集']
2026-09-01 01:50:38 - mkk_pika - main.py:348 - INFO - ==================== 漫画信息 ====================
                                   漫画ID：5c8603c25ce22c305f0fc4b8
                                   标题：(Junction Box16) PRISM LIGHT (ひなビタ♪)
                                   作者：Chocolate Synapse (椎架ゆの)
                                   是否完结：是
                                   总页数：25
                                   分类：同人,短篇
                                   章节数：1
                                   最后更新时间：2019-03-11T06:44:18.379Z
                                   =================================================
2026-09-01 01:50:38 - mkk_pika - database.py:101 - INFO - 保存成功：(Junction Box16) PRISM LIGHT (ひなビタ♪)
2026-09-01 01:50:38 - mkk_pika - main.py:35 - INFO - 开始检查(例大祭15) 結婚します! (東方Project) [中国翻訳]是否存在未下载章节
2026-09-01 01:50:38 - mkk_pika - main.py:45 - INFO - 正在下载:[(例大祭15) 結婚します! (東方Project) [中国翻訳]]-[りーりおがーと (かえぬこ)]-[['短篇', '同人', '東方', '非人類']]-[total_pages:28]
2026-09-01 01:50:38 - mkk_pika - main.py:49 - INFO - [{'_id': '5c8603d626e04a6cafdc1509', 'title': '第1集', 'order': 1, 'updated_at': '2019-03-11T01:07:38.430Z', 'id': '5c8603d626e04a6cafdc1509'}]
2026-09-01 01:50:38 - mkk_pika - database.py:215 - INFO - 第一次下载该漫画，记录数据库中
2026-09-01 01:50:39 - mkk_pika - main.py:83 - INFO - 找到 28 张图片在:第1集
2026-09-01 01:50:40 - mkk_pika - main.py:112 - INFO - [episode:第1集       ] downloaded:    28, total:  28, progress:100%
2026-09-01 01:50:40 - mkk_pika - database.py:238 - INFO - 数据库更新已下载章节
2026-09-01 01:50:40 - mkk_pika - database.py:244 - INFO - 该漫画已下载章节如下
2026-09-01 01:50:40 - mkk_pika - database.py:245 - INFO - ['第1集']
2026-09-01 01:50:41 - mkk_pika - main.py:348 - INFO - ==================== 漫画信息 ====================
                                   漫画ID：5c8603d626e04a6cafdc1508
                                   标题：(例大祭15) 結婚します! (東方Project) [中国翻訳]
                                   作者：りーりおがーと (かえぬこ)
                                   是否完结：是
                                   总页数：28
                                   分类：短篇,同人,東方,非人類
                                   章节数：1
                                   最后更新时间：2019-03-11T06:44:38.241Z
                                   =================================================
2026-09-01 01:50:41 - mkk_pika - database.py:101 - INFO - 保存成功：(例大祭15) 結婚します! (東方Project) [中国翻訳]
2026-09-01 01:50:41 - mkk_pika - main.py:380 - INFO - 本次任务下载完毕
2026-09-01 01:50:41 - mkk_pika - database.py:173 - INFO - 数据库连接已关闭
