2026-10-11 01:48:10 - mkk_pika - main.py:193 - INFO - =======================================================================
2026-10-11 01:48:10 - mkk_pika - database.py:61 - INFO - 表和索引初始化成功
2026-10-11 01:48:10 - mkk_pika - main.py:197 - INFO - 已经累计下载22801本漫画
2026-10-11 01:48:10 - mkk_pika - api.py:87 - INFO - 登录成功
2026-10-11 01:48:11 - mkk_pika - main.py:203 - INFO - 收藏夹共计0本漫画
2026-10-11 01:48:11 - mkk_pika - main.py:206 - INFO - 开始下载收藏夹内未下载内容
2026-10-11 01:48:11 - mkk_pika - main.py:266 - INFO - 收藏夹内容下载完毕
2026-10-11 01:48:11 - mkk_pika - main.py:268 - INFO - 开始下载订阅内容
2026-10-11 01:48:11 - mkk_pika - database.py:258 - INFO - 根据ID查询到标题：萝莉 -> おじさんとのエッチにハマっちゃった女の子| 沉迷于和大叔做爱的女孩 [中国翻訳]
2026-10-11 01:48:11 - mkk_pika - database.py:101 - INFO - 保存成功：おじさんとのエッチにハマっちゃった女の子| 沉迷于和大叔做爱的女孩 [中国翻訳]
2026-10-11 01:48:11 - mkk_pika - main.py:273 - INFO - 关键词萝莉找到1本漫画
2026-10-11 01:48:11 - mkk_pika - database.py:258 - INFO - 根据ID查询到标题：蘿莉 -> 妹といちゃいちゃ生活
2026-10-11 01:48:12 - mkk_pika - database.py:101 - INFO - 保存成功：よわよわJ〇目隠しHで無くした記憶を取り戻す
2026-10-11 01:48:12 - mkk_pika - main.py:273 - INFO - 关键词蘿莉找到7本漫画
2026-10-11 01:48:12 - mkk_pika - main.py:275 - INFO - 订阅内容共计8本漫画
2026-10-11 01:48:12 - mkk_pika - main.py:35 - INFO - 开始检查エジプト褐色ロリ合同是否存在未下载章节
2026-10-11 01:48:12 - mkk_pika - database.py:203 - INFO - 查询数据库中是否已存在第1話
2026-10-11 01:48:12 - mkk_pika - main.py:51 - INFO - エジプト褐色ロリ合同中没有可下载章节
2026-10-11 01:48:13 - mkk_pika - main.py:292 - INFO - ==================== 漫画信息 ====================
                                漫画ID：6abe9df42175923c6a5935d6
                                标题：エジプト褐色ロリ合同
                                作者：リビョウブ (よろず)
                                是否完结：是
                                总页数：303
                                分类：單行本
                                章节数：1
                                最后更新时间：2026-10-01T17:52:52.754Z
                                =================================================
2026-10-11 01:48:13 - mkk_pika - database.py:101 - INFO - 保存成功：エジプト褐色ロリ合同
2026-10-11 01:48:13 - mkk_pika - main.py:35 - INFO - 开始检查よわよわJ〇目隠しHで無くした記憶を取り戻す是否存在未下载章节
2026-10-11 01:48:13 - mkk_pika - main.py:45 - INFO - 正在下载:[よわよわJ〇目隠しHで無くした記憶を取り戻す]-[常夏山椒魚 (ぺぎな)]-[['短篇']]-[total_pages:-1]
2026-10-11 01:48:13 - mkk_pika - main.py:49 - INFO - [{'_id': '6aca5c131be74c7f3a84e4ef', 'title': '第1話', 'order': 1, 'updated_at': '2026-10-10T11:40:10.797Z', 'id': '6aca5c131be74c7f3a84e4ef'}]
2026-10-11 01:48:13 - mkk_pika - database.py:215 - INFO - 第一次下载该漫画，记录数据库中
2026-10-11 01:48:14 - mkk_pika - main.py:83 - INFO - 找到 60 张图片在:第1話
2026-10-11 01:48:18 - mkk_pika - main.py:112 - INFO - [episode:第1話       ] downloaded:    60, total:  60, progress:100%
2026-10-11 01:48:18 - mkk_pika - database.py:238 - INFO - 数据库更新已下载章节
2026-10-11 01:48:18 - mkk_pika - database.py:244 - INFO - 该漫画已下载章节如下
2026-10-11 01:48:18 - mkk_pika - database.py:245 - INFO - ['第1話']
2026-10-11 01:48:19 - mkk_pika - main.py:292 - INFO - ==================== 漫画信息 ====================
                                漫画ID：6aca5c131be74c7f3a84e4ee
                                标题：よわよわJ〇目隠しHで無くした記憶を取り戻す
                                作者：常夏山椒魚 (ぺぎな)
                                是否完结：是
                                总页数：60
                                分类：短篇
                                章节数：1
                                最后更新时间：2026-10-10T15:38:59.166Z
                                =================================================
2026-10-11 01:48:19 - mkk_pika - database.py:101 - INFO - 保存成功：よわよわJ〇目隠しHで無くした記憶を取り戻す
2026-10-11 01:48:19 - mkk_pika - main.py:35 - INFO - 开始检查幼馴染のエロ動画(生ハメ中出し)はくっそシコれる。是否存在未下载章节
2026-10-11 01:48:20 - mkk_pika - main.py:45 - INFO - 正在下载:[幼馴染のエロ動画(生ハメ中出し)はくっそシコれる。]-[飯食って寝る。 (あたげ)]-[['長篇']]-[total_pages:-1]
2026-10-11 01:48:20 - mkk_pika - main.py:49 - INFO - [{'_id': '6aca5bee9e0ed87ed39ada92', 'title': '第1話', 'order': 1, 'updated_at': '2026-10-10T11:31:01.262Z', 'id': '6aca5bee9e0ed87ed39ada92'}]
2026-10-11 01:48:20 - mkk_pika - database.py:215 - INFO - 第一次下载该漫画，记录数据库中
2026-10-11 01:48:21 - mkk_pika - main.py:83 - INFO - 找到 65 张图片在:第1話
2026-10-11 01:48:24 - mkk_pika - main.py:112 - INFO - [episode:第1話       ] downloaded:    65, total:  65, progress:100%
2026-10-11 01:48:24 - mkk_pika - database.py:238 - INFO - 数据库更新已下载章节
2026-10-11 01:48:24 - mkk_pika - database.py:244 - INFO - 该漫画已下载章节如下
2026-10-11 01:48:24 - mkk_pika - database.py:245 - INFO - ['第1話']
2026-10-11 01:48:26 - mkk_pika - main.py:292 - INFO - ==================== 漫画信息 ====================
                                漫画ID：6aca5bee9e0ed87ed39ada91
                                标题：幼馴染のエロ動画(生ハメ中出し)はくっそシコれる。
                                作者：飯食って寝る。 (あたげ)
                                是否完结：是
                                总页数：65
                                分类：長篇
                                章节数：1
                                最后更新时间：2026-10-10T15:38:22.197Z
                                =================================================
2026-10-11 01:48:26 - mkk_pika - database.py:101 - INFO - 保存成功：幼馴染のエロ動画(生ハメ中出し)はくっそシコれる。
2026-10-11 01:48:26 - mkk_pika - main.py:35 - INFO - 开始检查変態王子と笑わない花嫁。 (変態王子と笑わない猫。) [DL版] 是否存在未下载章节
2026-10-11 01:48:26 - mkk_pika - main.py:45 - INFO - 正在下载:[変態王子と笑わない花嫁。 (変態王子と笑わない猫。) [DL版] ]-[ソウネコノカイ (犬尾沢、安い衝撃)]-[['同人', '短篇', '純愛']]-[total_pages:-1]
2026-10-11 01:48:26 - mkk_pika - main.py:49 - INFO - [{'_id': '6aca5bd71be74c7f3a84e47a', 'title': '第1話', 'order': 1, 'updated_at': '2026-10-10T10:16:10.870Z', 'id': '6aca5bd71be74c7f3a84e47a'}]
2026-10-11 01:48:26 - mkk_pika - database.py:215 - INFO - 第一次下载该漫画，记录数据库中
2026-10-11 01:48:27 - mkk_pika - main.py:83 - INFO - 找到 16 张图片在:第1話
2026-10-11 01:48:28 - mkk_pika - main.py:112 - INFO - [episode:第1話       ] downloaded:    16, total:  16, progress:100%
2026-10-11 01:48:28 - mkk_pika - database.py:238 - INFO - 数据库更新已下载章节
2026-10-11 01:48:28 - mkk_pika - database.py:244 - INFO - 该漫画已下载章节如下
2026-10-11 01:48:28 - mkk_pika - database.py:245 - INFO - ['第1話']
2026-10-11 01:48:29 - mkk_pika - main.py:292 - INFO - ==================== 漫画信息 ====================
                                漫画ID：6aca5bd71be74c7f3a84e479
                                标题：変態王子と笑わない花嫁。 (変態王子と笑わない猫。) [DL版] 
                                作者：ソウネコノカイ (犬尾沢、安い衝撃)
                                是否完结：是
                                总页数：16
                                分类：同人,短篇,純愛
                                章节数：1
                                最后更新时间：2026-10-10T15:37:59.397Z
                                =================================================
2026-10-11 01:48:29 - mkk_pika - database.py:101 - INFO - 保存成功：変態王子と笑わない花嫁。 (変態王子と笑わない猫。) [DL版] 
2026-10-11 01:48:29 - mkk_pika - main.py:35 - INFO - 开始检查武の国の姫はNTRれる 上  | 武之国的公主被NTR是否存在未下载章节
2026-10-11 01:48:30 - mkk_pika - main.py:45 - INFO - 正在下载:[武の国の姫はNTRれる 上  | 武之国的公主被NTR]-[CRD (赤野とびら)]-[['短篇', '同人', '強暴', 'NTR']]-[total_pages:-1]
2026-10-11 01:48:30 - mkk_pika - main.py:49 - INFO - [{'_id': '6aca5bc27eaff17f07da1149', 'title': '第1話', 'order': 1, 'updated_at': '2026-10-10T10:11:10.817Z', 'id': '6aca5bc27eaff17f07da1149'}]
2026-10-11 01:48:30 - mkk_pika - database.py:215 - INFO - 第一次下载该漫画，记录数据库中
2026-10-11 01:48:31 - mkk_pika - main.py:83 - INFO - 找到 50 张图片在:第1話
2026-10-11 01:48:34 - mkk_pika - main.py:112 - INFO - [episode:第1話       ] downloaded:    50, total:  50, progress:100%
2026-10-11 01:48:34 - mkk_pika - database.py:238 - INFO - 数据库更新已下载章节
2026-10-11 01:48:34 - mkk_pika - database.py:244 - INFO - 该漫画已下载章节如下
2026-10-11 01:48:34 - mkk_pika - database.py:245 - INFO - ['第1話']
2026-10-11 01:48:36 - mkk_pika - main.py:292 - INFO - ==================== 漫画信息 ====================
                                漫画ID：6aca5bc27eaff17f07da1148
                                标题：武の国の姫はNTRれる 上  | 武之国的公主被NTR
                                作者：CRD (赤野とびら)
                                是否完结：是
                                总页数：50
                                分类：短篇,同人,強暴,NTR
                                章节数：1
                                最后更新时间：2026-10-10T15:37:38.414Z
                                =================================================
2026-10-11 01:48:36 - mkk_pika - database.py:101 - INFO - 保存成功：武の国の姫はNTRれる 上  | 武之国的公主被NTR
2026-10-11 01:48:36 - mkk_pika - main.py:35 - INFO - 开始检查南国ネコ耳少女とえっちできる島 | 能和南国猫耳少女一起做爱的小岛 是否存在未下载章节
2026-10-11 01:48:36 - mkk_pika - main.py:45 - INFO - 正在下载:[南国ネコ耳少女とえっちできる島 | 能和南国猫耳少女一起做爱的小岛 ]-[おおまがの森 (すけぞう)]-[['短篇']]-[total_pages:-1]
2026-10-11 01:48:36 - mkk_pika - main.py:49 - INFO - [{'_id': '6aca5bb59e0ed87ed39ada38', 'title': '第1話', 'order': 1, 'updated_at': '2026-10-10T02:57:04.553Z', 'id': '6aca5bb59e0ed87ed39ada38'}]
2026-10-11 01:48:36 - mkk_pika - database.py:215 - INFO - 第一次下载该漫画，记录数据库中
2026-10-11 01:48:38 - mkk_pika - main.py:83 - INFO - 找到 50 张图片在:第1話
2026-10-11 01:48:41 - mkk_pika - main.py:112 - INFO - [episode:第1話       ] downloaded:    50, total:  50, progress:100%
2026-10-11 01:48:41 - mkk_pika - database.py:238 - INFO - 数据库更新已下载章节
2026-10-11 01:48:41 - mkk_pika - database.py:244 - INFO - 该漫画已下载章节如下
2026-10-11 01:48:41 - mkk_pika - database.py:245 - INFO - ['第1話']
2026-10-11 01:48:43 - mkk_pika - main.py:292 - INFO - ==================== 漫画信息 ====================
                                漫画ID：6aca5bb59e0ed87ed39ada37
                                标题：南国ネコ耳少女とえっちできる島 | 能和南国猫耳少女一起做爱的小岛 
                                作者：おおまがの森 (すけぞう)
                                是否完结：是
                                总页数：50
                                分类：短篇
                                章节数：1
                                最后更新时间：2026-10-10T15:37:25.508Z
                                =================================================
2026-10-11 01:48:43 - mkk_pika - database.py:101 - INFO - 保存成功：南国ネコ耳少女とえっちできる島 | 能和南国猫耳少女一起做爱的小岛 
2026-10-11 01:48:43 - mkk_pika - main.py:35 - INFO - 开始检查ケイちゃんは先生の事がキライらしい | 凯伊酱似乎不是很喜欢老师这件事是否存在未下载章节
2026-10-11 01:48:43 - mkk_pika - main.py:45 - INFO - 正在下载:[ケイちゃんは先生の事がキライらしい | 凯伊酱似乎不是很喜欢老师这件事]-[エナガ島 (ぜれふ)]-[['短篇', '同人']]-[total_pages:-1]
2026-10-11 01:48:43 - mkk_pika - main.py:49 - INFO - [{'_id': '6aca5ba5bc41db7f2824dac5', 'title': '第1話', 'order': 1, 'updated_at': '2026-10-09T08:24:51.108Z', 'id': '6aca5ba5bc41db7f2824dac5'}]
2026-10-11 01:48:43 - mkk_pika - database.py:215 - INFO - 第一次下载该漫画，记录数据库中
2026-10-11 01:48:44 - mkk_pika - main.py:83 - INFO - 找到 24 张图片在:第1話
2026-10-11 01:48:45 - mkk_pika - main.py:112 - INFO - [episode:第1話       ] downloaded:    24, total:  24, progress:100%
2026-10-11 01:48:45 - mkk_pika - database.py:238 - INFO - 数据库更新已下载章节
2026-10-11 01:48:45 - mkk_pika - database.py:244 - INFO - 该漫画已下载章节如下
2026-10-11 01:48:45 - mkk_pika - database.py:245 - INFO - ['第1話']
2026-10-11 01:48:47 - mkk_pika - main.py:292 - INFO - ==================== 漫画信息 ====================
                                漫画ID：6aca5ba5bc41db7f2824dac4
                                标题：ケイちゃんは先生の事がキライらしい | 凯伊酱似乎不是很喜欢老师这件事
                                作者：エナガ島 (ぜれふ)
                                是否完结：是
                                总页数：24
                                分类：短篇,同人
                                章节数：1
                                最后更新时间：2026-10-10T15:37:09.276Z
                                =================================================
2026-10-11 01:48:47 - mkk_pika - database.py:101 - INFO - 保存成功：ケイちゃんは先生の事がキライらしい | 凯伊酱似乎不是很喜欢老师这件事
2026-10-11 01:48:47 - mkk_pika - main.py:35 - INFO - 开始检查情報改変ロリコンおじさん2 [中国翻訳] [DL版]是否存在未下载章节
2026-10-11 01:48:47 - mkk_pika - main.py:45 - INFO - 正在下载:[情報改変ロリコンおじさん2 [中国翻訳] [DL版]]-[ふたなるん (紅ゆーじ)]-[['短篇']]-[total_pages:-1]
2026-10-11 01:48:47 - mkk_pika - main.py:49 - INFO - [{'_id': '6aca5b2f7eaff17f07da0fcf', 'title': '第1話', 'order': 1, 'updated_at': '2026-10-10T04:03:54.023Z', 'id': '6aca5b2f7eaff17f07da0fcf'}]
2026-10-11 01:48:47 - mkk_pika - database.py:215 - INFO - 第一次下载该漫画，记录数据库中
2026-10-11 01:48:48 - mkk_pika - main.py:83 - INFO - 找到 41 张图片在:第1話
2026-10-11 01:48:52 - mkk_pika - main.py:112 - INFO - [episode:第1話       ] downloaded:    41, total:  41, progress:100%
2026-10-11 01:48:52 - mkk_pika - database.py:238 - INFO - 数据库更新已下载章节
2026-10-11 01:48:52 - mkk_pika - database.py:244 - INFO - 该漫画已下载章节如下
2026-10-11 01:48:52 - mkk_pika - database.py:245 - INFO - ['第1話']
2026-10-11 01:48:54 - mkk_pika - main.py:292 - INFO - ==================== 漫画信息 ====================
                                漫画ID：6aca5b2f7eaff17f07da0fce
                                标题：情報改変ロリコンおじさん2 [中国翻訳] [DL版]
                                作者：ふたなるん (紅ゆーじ)
                                是否完结：是
                                总页数：41
                                分类：短篇
                                章节数：1
                                最后更新时间：2026-10-10T15:35:11.508Z
                                =================================================
2026-10-11 01:48:54 - mkk_pika - database.py:101 - INFO - 保存成功：情報改変ロリコンおじさん2 [中国翻訳] [DL版]
2026-10-11 01:48:54 - mkk_pika - main.py:323 - INFO - 订阅内容内容下载完毕
2026-10-11 01:48:54 - mkk_pika - main.py:324 - INFO - 开始分批下载全部章节
2026-10-11 01:48:54 - mkk_pika - database.py:280 - INFO - 表和索引初始化成功
2026-10-11 01:48:54 - mkk_pika - main.py:177 - INFO - 已经下载了1800页，一共7200页，现在开始添加第1801页
2026-10-11 01:48:55 - mkk_pika - database.py:318 - INFO - 保存成功
2026-10-11 01:48:55 - mkk_pika - main.py:177 - INFO - 已经下载了1801页，一共7200页，现在开始添加第1802页
2026-10-11 01:48:56 - mkk_pika - database.py:318 - INFO - 保存成功
2026-10-11 01:48:56 - mkk_pika - main.py:177 - INFO - 已经下载了1802页，一共7200页，现在开始添加第1803页
2026-10-11 01:48:57 - mkk_pika - database.py:318 - INFO - 保存成功
2026-10-11 01:48:57 - mkk_pika - main.py:177 - INFO - 已经下载了1803页，一共7200页，现在开始添加第1804页
2026-10-11 01:48:58 - mkk_pika - database.py:318 - INFO - 保存成功
2026-10-11 01:48:58 - mkk_pika - main.py:177 - INFO - 已经下载了1804页，一共7200页，现在开始添加第1805页
2026-10-11 01:48:58 - mkk_pika - database.py:318 - INFO - 保存成功
2026-10-11 01:48:59 - mkk_pika - main.py:177 - INFO - 已经下载了1805页，一共7200页，现在开始添加第1806页
2026-10-11 01:48:59 - mkk_pika - database.py:318 - INFO - 保存成功
2026-10-11 01:49:00 - mkk_pika - main.py:177 - INFO - 已经下载了1806页，一共7200页，现在开始添加第1807页
2026-10-11 01:49:00 - mkk_pika - database.py:318 - INFO - 保存成功
2026-10-11 01:49:00 - mkk_pika - main.py:331 - INFO - 分批下载共计58本漫画
2026-10-11 01:49:00 - mkk_pika - main.py:35 - INFO - 开始检查(コミティア122) 人妻不貞交尾図録 是否存在未下载章节
2026-10-11 01:49:01 - mkk_pika - main.py:45 - INFO - 正在下载:[(コミティア122) 人妻不貞交尾図録 ]-[アイソカーブ (アレグロ)]-[['短篇', '人妻', 'NTR']]-[total_pages:21]
2026-10-11 01:49:01 - mkk_pika - main.py:49 - INFO - [{'_id': '5d41c768c4e41206b3d9ccdd', 'title': '第1話', 'order': 1, 'updated_at': '2019-07-31T02:46:45.611Z', 'id': '5d41c768c4e41206b3d9ccdd'}]
2026-10-11 01:49:01 - mkk_pika - database.py:215 - INFO - 第一次下载该漫画，记录数据库中
2026-10-11 01:49:01 - mkk_pika - main.py:83 - INFO - 找到 21 张图片在:第1話
2026-10-11 01:49:02 - mkk_pika - main.py:112 - INFO - [episode:第1話       ] downloaded:    21, total:  21, progress:100%
2026-10-11 01:49:02 - mkk_pika - database.py:238 - INFO - 数据库更新已下载章节
2026-10-11 01:49:02 - mkk_pika - database.py:244 - INFO - 该漫画已下载章节如下
2026-10-11 01:49:02 - mkk_pika - database.py:245 - INFO - ['第1話']
2026-10-11 01:49:04 - mkk_pika - main.py:348 - INFO - ==================== 漫画信息 ====================
                                   漫画ID：5d41c768c4e41206b3d9ccdc
                                   标题：(コミティア122) 人妻不貞交尾図録 
                                   作者：アイソカーブ (アレグロ)
                                   是否完结：是
                                   总页数：21
                                   分类：短篇,人妻,NTR
                                   章节数：1
                                   最后更新时间：2019-07-31T16:52:56.186Z
                                   =================================================
2026-10-11 01:49:04 - mkk_pika - database.py:101 - INFO - 保存成功：(コミティア122) 人妻不貞交尾図録 
2026-10-11 01:49:04 - mkk_pika - main.py:35 - INFO - 开始检查(C83)Foamy Love For you. (日常nichijou)是否存在未下载章节
2026-10-11 01:49:04 - mkk_pika - main.py:45 - INFO - 正在下载:[(C83)Foamy Love For you. (日常nichijou)]-[masha(天原)]-[['短篇', '同人', '純愛']]-[total_pages:22]
2026-10-11 01:49:04 - mkk_pika - main.py:49 - INFO - [{'_id': '5d41c7ef37e92406a65a02d6', 'title': 'nichijou', 'order': 1, 'updated_at': '2019-07-29T08:26:44.583Z', 'id': '5d41c7ef37e92406a65a02d6'}]
2026-10-11 01:49:04 - mkk_pika - database.py:215 - INFO - 第一次下载该漫画，记录数据库中
2026-10-11 01:49:05 - mkk_pika - main.py:83 - INFO - 找到 22 张图片在:nichijou
2026-10-11 01:49:06 - mkk_pika - main.py:112 - INFO - [episode:nichijou  ] downloaded:    22, total:  22, progress:100%
2026-10-11 01:49:06 - mkk_pika - database.py:238 - INFO - 数据库更新已下载章节
2026-10-11 01:49:06 - mkk_pika - database.py:244 - INFO - 该漫画已下载章节如下
2026-10-11 01:49:06 - mkk_pika - database.py:245 - INFO - ['nichijou']
2026-10-11 01:49:07 - mkk_pika - main.py:348 - INFO - ==================== 漫画信息 ====================
                                   漫画ID：5d41c7ef37e92406a65a02d5
                                   标题：(C83)Foamy Love For you. (日常nichijou)
                                   作者：masha(天原)
                                   是否完结：是
                                   总页数：22
                                   分类：短篇,同人,純愛
                                   章节数：1
                                   最后更新时间：2019-07-31T16:55:11.384Z
                                   =================================================
2026-10-11 01:49:07 - mkk_pika - database.py:101 - INFO - 保存成功：(C83)Foamy Love For you. (日常nichijou)
2026-10-11 01:49:07 - mkk_pika - main.py:35 - INFO - 开始检查ぼくのママ (COMIC LO 2018年1月号) [DL版]是否存在未下载章节
2026-10-11 01:49:08 - mkk_pika - main.py:45 - INFO - 正在下载:[ぼくのママ (COMIC LO 2018年1月号) [DL版]]-[砂漠]-[['短篇']]-[total_pages:22]
2026-10-11 01:49:08 - mkk_pika - main.py:49 - INFO - [{'_id': '5d41c7ff61909b06b11bf431', 'title': '第1話', 'order': 1, 'updated_at': '2019-07-31T05:35:40.333Z', 'id': '5d41c7ff61909b06b11bf431'}]
2026-10-11 01:49:08 - mkk_pika - database.py:215 - INFO - 第一次下载该漫画，记录数据库中
2026-10-11 01:49:08 - mkk_pika - main.py:83 - INFO - 找到 22 张图片在:第1話
2026-10-11 01:49:09 - mkk_pika - main.py:112 - INFO - [episode:第1話       ] downloaded:    22, total:  22, progress:100%
2026-10-11 01:49:09 - mkk_pika - database.py:238 - INFO - 数据库更新已下载章节
2026-10-11 01:49:09 - mkk_pika - database.py:244 - INFO - 该漫画已下载章节如下
2026-10-11 01:49:09 - mkk_pika - database.py:245 - INFO - ['第1話']
2026-10-11 01:49:11 - mkk_pika - main.py:348 - INFO - ==================== 漫画信息 ====================
                                   漫画ID：5d41c7ff61909b06b11bf430
                                   标题：ぼくのママ (COMIC LO 2018年1月号) [DL版]
                                   作者：砂漠
                                   是否完结：是
                                   总页数：22
                                   分类：短篇
                                   章节数：1
                                   最后更新时间：2019-07-31T16:55:27.282Z
                                   =================================================
2026-10-11 01:49:11 - mkk_pika - database.py:101 - INFO - 保存成功：ぼくのママ (COMIC LO 2018年1月号) [DL版]
2026-10-11 01:49:11 - mkk_pika - main.py:35 - INFO - 开始检查-The Lastingness-是否存在未下载章节
2026-10-11 01:49:11 - mkk_pika - main.py:45 - INFO - 正在下载:[-The Lastingness-]-[マンガ]-[['短篇', '同人', '純愛', '非人類']]-[total_pages:32]
2026-10-11 01:49:11 - mkk_pika - main.py:49 - INFO - [{'_id': '5d41c84037e92406a65a030c', 'title': '第1話', 'order': 1, 'updated_at': '2019-07-31T07:40:53.237Z', 'id': '5d41c84037e92406a65a030c'}]
2026-10-11 01:49:11 - mkk_pika - database.py:215 - INFO - 第一次下载该漫画，记录数据库中
2026-10-11 01:49:12 - mkk_pika - main.py:83 - INFO - 找到 32 张图片在:第1話
2026-10-11 01:49:14 - mkk_pika - main.py:112 - INFO - [episode:第1話       ] downloaded:    32, total:  32, progress:100%
2026-10-11 01:49:14 - mkk_pika - database.py:238 - INFO - 数据库更新已下载章节
2026-10-11 01:49:14 - mkk_pika - database.py:244 - INFO - 该漫画已下载章节如下
2026-10-11 01:49:14 - mkk_pika - database.py:245 - INFO - ['第1話']
2026-10-11 01:49:15 - mkk_pika - main.py:348 - INFO - ==================== 漫画信息 ====================
                                   漫画ID：5d41c84037e92406a65a030b
                                   标题：-The Lastingness-
                                   作者：マンガ
                                   是否完结：否
                                   总页数：32
                                   分类：短篇,同人,純愛,非人類
                                   章节数：1
                                   最后更新时间：2019-07-31T16:56:32.167Z
                                   =================================================
2026-10-11 01:49:15 - mkk_pika - database.py:101 - INFO - 保存成功：-The Lastingness-
2026-10-11 01:49:15 - mkk_pika - main.py:35 - INFO - 开始检查(C95)  うちの清姫はママ (Fate/Grand Order)是否存在未下载章节
2026-10-11 01:49:15 - mkk_pika - main.py:45 - INFO - 正在下载:[(C95)  うちの清姫はママ (Fate/Grand Order)]-[豆大福屋 (まめこ)]-[['短篇', '同人', '純愛', 'Fate']]-[total_pages:54]
2026-10-11 01:49:15 - mkk_pika - main.py:49 - INFO - [{'_id': '5d09f8bc488ccf2f3690b706', 'title': '第1集', 'order': 1, 'updated_at': '2019-06-14T16:33:50.348Z', 'id': '5d09f8bc488ccf2f3690b706'}, {'_id': '5d41c85ad297a206acc9ec8f', 'title': '汉化', 'order': 2, 'updated_at': '2019-07-31T08:19:33.862Z', 'id': '5d41c85ad297a206acc9ec8f'}]
2026-10-11 01:49:15 - mkk_pika - database.py:215 - INFO - 第一次下载该漫画，记录数据库中
2026-10-11 01:49:16 - mkk_pika - main.py:83 - INFO - 找到 26 张图片在:第1集
2026-10-11 01:49:17 - mkk_pika - main.py:112 - INFO - [episode:第1集       ] downloaded:    26, total:  26, progress:100%
2026-10-11 01:49:17 - mkk_pika - database.py:238 - INFO - 数据库更新已下载章节
2026-10-11 01:49:17 - mkk_pika - database.py:244 - INFO - 该漫画已下载章节如下
2026-10-11 01:49:17 - mkk_pika - database.py:245 - INFO - ['第1集']
2026-10-11 01:49:19 - mkk_pika - main.py:83 - INFO - 找到 28 张图片在:汉化
2026-10-11 01:49:21 - mkk_pika - main.py:112 - INFO - [episode:汉化        ] downloaded:    28, total:  28, progress:100%
2026-10-11 01:49:21 - mkk_pika - database.py:238 - INFO - 数据库更新已下载章节
2026-10-11 01:49:21 - mkk_pika - database.py:244 - INFO - 该漫画已下载章节如下
2026-10-11 01:49:21 - mkk_pika - database.py:245 - INFO - ['第1集', '汉化']
2026-10-11 01:49:22 - mkk_pika - main.py:348 - INFO - ==================== 漫画信息 ====================
                                   漫画ID：5d09f8bc488ccf2f3690b705
                                   标题：(C95)  うちの清姫はママ (Fate/Grand Order)
                                   作者：豆大福屋 (まめこ)
                                   是否完结：是
                                   总页数：54
                                   分类：短篇,同人,純愛,Fate
                                   章节数：2
                                   最后更新时间：2019-07-31T16:56:58.746Z
                                   =================================================
2026-10-11 01:49:22 - mkk_pika - database.py:101 - INFO - 保存成功：(C95)  うちの清姫はママ (Fate/Grand Order)
2026-10-11 01:49:22 - mkk_pika - main.py:35 - INFO - 开始检查シビりあん・コントロール是否存在未下载章节
2026-10-11 01:49:23 - mkk_pika - main.py:45 - INFO - 正在下载:[シビりあん・コントロール]-[けものの★]-[['短篇', '同人', 'SM', '非人類', '強暴']]-[total_pages:26]
2026-10-11 01:49:23 - mkk_pika - main.py:49 - INFO - [{'_id': '5d41c86cc4e41206b3d9ce9c', 'title': '第1話', 'order': 1, 'updated_at': '2019-07-31T08:41:31.169Z', 'id': '5d41c86cc4e41206b3d9ce9c'}]
2026-10-11 01:49:23 - mkk_pika - database.py:215 - INFO - 第一次下载该漫画，记录数据库中
2026-10-11 01:49:23 - mkk_pika - main.py:83 - INFO - 找到 26 张图片在:第1話
2026-10-11 01:49:25 - mkk_pika - main.py:112 - INFO - [episode:第1話       ] downloaded:    26, total:  26, progress:100%
2026-10-11 01:49:25 - mkk_pika - database.py:238 - INFO - 数据库更新已下载章节
2026-10-11 01:49:25 - mkk_pika - database.py:244 - INFO - 该漫画已下载章节如下
2026-10-11 01:49:25 - mkk_pika - database.py:245 - INFO - ['第1話']
2026-10-11 01:49:26 - mkk_pika - main.py:348 - INFO - ==================== 漫画信息 ====================
                                   漫画ID：5d41c86cc4e41206b3d9ce9b
                                   标题：シビりあん・コントロール
                                   作者：けものの★
                                   是否完结：否
                                   总页数：26
                                   分类：短篇,同人,SM,非人類,強暴
                                   章节数：1
                                   最后更新时间：2019-07-31T16:57:16.202Z
                                   =================================================
2026-10-11 01:49:26 - mkk_pika - database.py:101 - INFO - 保存成功：シビりあん・コントロール
2026-10-11 01:49:26 - mkk_pika - main.py:35 - INFO - 开始检查(COMIC1☆12) 所縁是否存在未下载章节
2026-10-11 01:49:27 - mkk_pika - main.py:45 - INFO - 正在下载:[(COMIC1☆12) 所縁]-[smooth (中村葛湯)]-[['短篇']]-[total_pages:50]
2026-10-11 01:49:27 - mkk_pika - main.py:49 - INFO - [{'_id': '5d41c88dc4e41206b3d9ceb9', 'title': '第1話', 'order': 1, 'updated_at': '2019-07-31T09:04:52.033Z', 'id': '5d41c88dc4e41206b3d9ceb9'}]
2026-10-11 01:49:27 - mkk_pika - database.py:215 - INFO - 第一次下载该漫画，记录数据库中
2026-10-11 01:49:28 - mkk_pika - main.py:83 - INFO - 找到 50 张图片在:第1話
2026-10-11 01:49:30 - mkk_pika - main.py:112 - INFO - [episode:第1話       ] downloaded:    50, total:  50, progress:100%
2026-10-11 01:49:30 - mkk_pika - database.py:238 - INFO - 数据库更新已下载章节
2026-10-11 01:49:30 - mkk_pika - database.py:244 - INFO - 该漫画已下载章节如下
2026-10-11 01:49:30 - mkk_pika - database.py:245 - INFO - ['第1話']
2026-10-11 01:49:32 - mkk_pika - main.py:348 - INFO - ==================== 漫画信息 ====================
                                   漫画ID：5d41c88dc4e41206b3d9ceb8
                                   标题：(COMIC1☆12) 所縁
                                   作者：smooth (中村葛湯)
                                   是否完结：是
                                   总页数：50
                                   分类：短篇
                                   章节数：1
                                   最后更新时间：2019-07-31T16:57:49.214Z
                                   =================================================
2026-10-11 01:49:32 - mkk_pika - database.py:101 - INFO - 保存成功：(COMIC1☆12) 所縁
2026-10-11 01:49:32 - mkk_pika - main.py:35 - INFO - 开始检查 ロリコンバスターズVSダンジョンマスター [中国翻訳]是否存在未下载章节
2026-10-11 01:49:32 - mkk_pika - main.py:45 - INFO - 正在下载:[ ロリコンバスターズVSダンジョンマスター [中国翻訳]]-[ワラビモチー]-[['全彩', '短篇', '非人類']]-[total_pages:36]
2026-10-11 01:49:32 - mkk_pika - main.py:49 - INFO - [{'_id': '5d41c89b37e92406a65a0349', 'title': '第1話', 'order': 1, 'updated_at': '2019-07-31T09:35:20.685Z', 'id': '5d41c89b37e92406a65a0349'}]
2026-10-11 01:49:32 - mkk_pika - database.py:215 - INFO - 第一次下载该漫画，记录数据库中
2026-10-11 01:49:33 - mkk_pika - main.py:83 - INFO - 找到 36 张图片在:第1話
2026-10-11 01:49:35 - mkk_pika - main.py:112 - INFO - [episode:第1話       ] downloaded:    36, total:  36, progress:100%
2026-10-11 01:49:35 - mkk_pika - database.py:238 - INFO - 数据库更新已下载章节
2026-10-11 01:49:35 - mkk_pika - database.py:244 - INFO - 该漫画已下载章节如下
2026-10-11 01:49:35 - mkk_pika - database.py:245 - INFO - ['第1話']
2026-10-11 01:49:36 - mkk_pika - main.py:348 - INFO - ==================== 漫画信息 ====================
                                   漫画ID：5d41c89b37e92406a65a0348
                                   标题： ロリコンバスターズVSダンジョンマスター [中国翻訳]
                                   作者：ワラビモチー
                                   是否完结：是
                                   总页数：36
                                   分类：全彩,短篇,非人類
                                   章节数：1
                                   最后更新时间：2019-07-31T16:58:03.179Z
                                   =================================================
2026-10-11 01:49:36 - mkk_pika - database.py:101 - INFO - 保存成功： ロリコンバスターズVSダンジョンマスター [中国翻訳]
2026-10-11 01:49:36 - mkk_pika - main.py:35 - INFO - 开始检查きゅん❤きゅん❤クォーン是否存在未下载章节
2026-10-11 01:49:36 - mkk_pika - main.py:45 - INFO - 正在下载:[きゅん❤きゅん❤クォーン]-[けものの★]-[['短篇', '同人', '純愛', '非人類']]-[total_pages:27]
2026-10-11 01:49:36 - mkk_pika - main.py:49 - INFO - [{'_id': '5d41c8a3d297a206acc9ecc9', 'title': '第1話', 'order': 1, 'updated_at': '2019-07-31T09:53:27.435Z', 'id': '5d41c8a3d297a206acc9ecc9'}]
2026-10-11 01:49:36 - mkk_pika - database.py:215 - INFO - 第一次下载该漫画，记录数据库中
2026-10-11 01:49:37 - mkk_pika - main.py:83 - INFO - 找到 27 张图片在:第1話
2026-10-11 01:49:38 - mkk_pika - main.py:112 - INFO - [episode:第1話       ] downloaded:    27, total:  27, progress:100%
2026-10-11 01:49:38 - mkk_pika - database.py:238 - INFO - 数据库更新已下载章节
2026-10-11 01:49:38 - mkk_pika - database.py:244 - INFO - 该漫画已下载章节如下
2026-10-11 01:49:38 - mkk_pika - database.py:245 - INFO - ['第1話']
2026-10-11 01:49:40 - mkk_pika - main.py:348 - INFO - ==================== 漫画信息 ====================
                                   漫画ID：5d41c8a3d297a206acc9ecc8
                                   标题：きゅん❤きゅん❤クォーン
                                   作者：けものの★
                                   是否完结：否
                                   总页数：27
                                   分类：短篇,同人,純愛,非人類
                                   章节数：1
                                   最后更新时间：2019-07-31T16:58:11.782Z
                                   =================================================
2026-10-11 01:49:40 - mkk_pika - database.py:101 - INFO - 保存成功：きゅん❤きゅん❤クォーン
2026-10-11 01:49:40 - mkk_pika - main.py:35 - INFO - 开始检查朝チュン是否存在未下载章节
2026-10-11 01:49:40 - mkk_pika - main.py:45 - INFO - 正在下载:[朝チュン]-[ぷき]-[['短篇', '同人', '純愛', '非人類']]-[total_pages:7]
2026-10-11 01:49:40 - mkk_pika - main.py:49 - INFO - [{'_id': '5d41c8aed297a206acc9ece7', 'title': '第1話', 'order': 1, 'updated_at': '2019-07-31T09:56:55.770Z', 'id': '5d41c8aed297a206acc9ece7'}]
2026-10-11 01:49:40 - mkk_pika - database.py:215 - INFO - 第一次下载该漫画，记录数据库中
2026-10-11 01:49:41 - mkk_pika - main.py:83 - INFO - 找到 7 张图片在:第1話
2026-10-11 01:49:41 - mkk_pika - main.py:112 - INFO - [episode:第1話       ] downloaded:     7, total:   7, progress:100%
2026-10-11 01:49:41 - mkk_pika - database.py:238 - INFO - 数据库更新已下载章节
2026-10-11 01:49:41 - mkk_pika - database.py:244 - INFO - 该漫画已下载章节如下
2026-10-11 01:49:41 - mkk_pika - database.py:245 - INFO - ['第1話']
2026-10-11 01:49:42 - mkk_pika - main.py:348 - INFO - ==================== 漫画信息 ====================
                                   漫画ID：5d41c8aed297a206acc9ece6
                                   标题：朝チュン
                                   作者：ぷき
                                   是否完结：否
                                   总页数：7
                                   分类：短篇,同人,純愛,非人類
                                   章节数：1
                                   最后更新时间：2019-07-31T16:58:22.040Z
                                   =================================================
2026-10-11 01:49:42 - mkk_pika - database.py:101 - INFO - 保存成功：朝チュン
2026-10-11 01:49:42 - mkk_pika - main.py:35 - INFO - 开始检查特別外送是否存在未下载章节
2026-10-11 01:49:43 - mkk_pika - main.py:45 - INFO - 正在下载:[特別外送]-[魔術]-[['短篇', '非人類']]-[total_pages:13]
2026-10-11 01:49:43 - mkk_pika - main.py:49 - INFO - [{'_id': '5d41c8b6d297a206acc9ecf1', 'title': '第1話', 'order': 1, 'updated_at': '2019-07-31T10:07:31.388Z', 'id': '5d41c8b6d297a206acc9ecf1'}]
2026-10-11 01:49:43 - mkk_pika - database.py:215 - INFO - 第一次下载该漫画，记录数据库中
2026-10-11 01:49:43 - mkk_pika - main.py:83 - INFO - 找到 13 张图片在:第1話
2026-10-11 01:49:44 - mkk_pika - main.py:112 - INFO - [episode:第1話       ] downloaded:    13, total:  13, progress:100%
2026-10-11 01:49:44 - mkk_pika - database.py:238 - INFO - 数据库更新已下载章节
2026-10-11 01:49:44 - mkk_pika - database.py:244 - INFO - 该漫画已下载章节如下
2026-10-11 01:49:44 - mkk_pika - database.py:245 - INFO - ['第1話']
2026-10-11 01:49:46 - mkk_pika - main.py:348 - INFO - ==================== 漫画信息 ====================
                                   漫画ID：5d41c8b6d297a206acc9ecf0
                                   标题：特別外送
                                   作者：魔術
                                   是否完结：否
                                   总页数：13
                                   分类：短篇,非人類
                                   章节数：1
                                   最后更新时间：2019-07-31T16:58:30.960Z
                                   =================================================
2026-10-11 01:49:46 - mkk_pika - database.py:101 - INFO - 保存成功：特別外送
2026-10-11 01:49:46 - mkk_pika - main.py:35 - INFO - 开始检查うちのおよめさん是否存在未下载章节
2026-10-11 01:49:46 - mkk_pika - main.py:45 - INFO - 正在下载:[うちのおよめさん]-[TOVIC (叙火)]-[['短篇', '同人', '純愛', '非人類']]-[total_pages:7]
2026-10-11 01:49:46 - mkk_pika - main.py:49 - INFO - [{'_id': '5d41c92737e92406a65a03be', 'title': '第1話', 'order': 1, 'updated_at': '2019-07-31T10:54:39.332Z', 'id': '5d41c92737e92406a65a03be'}]
2026-10-11 01:49:46 - mkk_pika - database.py:215 - INFO - 第一次下载该漫画，记录数据库中
2026-10-11 01:49:47 - mkk_pika - main.py:83 - INFO - 找到 7 张图片在:第1話
2026-10-11 01:49:47 - mkk_pika - main.py:112 - INFO - [episode:第1話       ] downloaded:     7, total:   7, progress:100%
2026-10-11 01:49:47 - mkk_pika - database.py:238 - INFO - 数据库更新已下载章节
2026-10-11 01:49:47 - mkk_pika - database.py:244 - INFO - 该漫画已下载章节如下
2026-10-11 01:49:47 - mkk_pika - database.py:245 - INFO - ['第1話']
2026-10-11 01:49:49 - mkk_pika - main.py:348 - INFO - ==================== 漫画信息 ====================
                                   漫画ID：5d41c92737e92406a65a03bd
                                   标题：うちのおよめさん
                                   作者：TOVIC (叙火)
                                   是否完结：否
                                   总页数：7
                                   分类：短篇,同人,純愛,非人類
                                   章节数：1
                                   最后更新时间：2019-07-31T17:00:23.045Z
                                   =================================================
2026-10-11 01:49:49 - mkk_pika - database.py:101 - INFO - 保存成功：うちのおよめさん
2026-10-11 01:49:49 - mkk_pika - main.py:35 - INFO - 开始检查JC催眠メス犬化計画是否存在未下载章节
2026-10-11 01:49:49 - mkk_pika - main.py:45 - INFO - 正在下载:[JC催眠メス犬化計画]-[milkberry、たまかけ屋 (如月みゆ、たまかけ)]-[['全彩', '短篇', 'SM']]-[total_pages:45]
2026-10-11 01:49:49 - mkk_pika - main.py:49 - INFO - [{'_id': '5cff52f547124a60a078dc5c', 'title': '生肉', 'order': 1, 'updated_at': '2019-07-31T17:01:33.303Z', 'id': '5cff52f547124a60a078dc5c'}, {'_id': '5d41c96d61909b06b11bf4a0', 'title': '熟肉', 'order': 2, 'updated_at': '2019-07-31T11:29:29.707Z', 'id': '5d41c96d61909b06b11bf4a0'}]
2026-10-11 01:49:49 - mkk_pika - database.py:215 - INFO - 第一次下载该漫画，记录数据库中
2026-10-11 01:49:50 - mkk_pika - main.py:83 - INFO - 找到 22 张图片在:生肉
2026-10-11 01:49:51 - mkk_pika - main.py:112 - INFO - [episode:生肉        ] downloaded:    22, total:  22, progress:100%
2026-10-11 01:49:51 - mkk_pika - database.py:238 - INFO - 数据库更新已下载章节
2026-10-11 01:49:51 - mkk_pika - database.py:244 - INFO - 该漫画已下载章节如下
2026-10-11 01:49:51 - mkk_pika - database.py:245 - INFO - ['生肉']
2026-10-11 01:49:52 - mkk_pika - main.py:83 - INFO - 找到 23 张图片在:熟肉
2026-10-11 01:49:53 - mkk_pika - main.py:112 - INFO - [episode:熟肉        ] downloaded:    23, total:  23, progress:100%
2026-10-11 01:49:53 - mkk_pika - database.py:238 - INFO - 数据库更新已下载章节
2026-10-11 01:49:53 - mkk_pika - database.py:244 - INFO - 该漫画已下载章节如下
2026-10-11 01:49:53 - mkk_pika - database.py:245 - INFO - ['生肉', '熟肉']
2026-10-11 01:49:55 - mkk_pika - main.py:348 - INFO - ==================== 漫画信息 ====================
                                   漫画ID：5cff52f547124a60a078dc5b
                                   标题：JC催眠メス犬化計画
                                   作者：milkberry、たまかけ屋 (如月みゆ、たまかけ)
                                   是否完结：否
                                   总页数：45
                                   分类：全彩,短篇,SM
                                   章节数：2
                                   最后更新时间：2019-07-31T17:01:33.292Z
                                   =================================================
2026-10-11 01:49:55 - mkk_pika - database.py:101 - INFO - 保存成功：JC催眠メス犬化計画
2026-10-11 01:49:55 - mkk_pika - main.py:35 - INFO - 开始检查猫博士的小黄书是否存在未下载章节
2026-10-11 01:49:55 - mkk_pika - main.py:45 - INFO - 正在下载:[猫博士的小黄书]-[]-[['短篇', '同人', '非人類']]-[total_pages:23]
2026-10-11 01:49:55 - mkk_pika - main.py:49 - INFO - [{'_id': '5d41c974c4e41206b3d9cf31', 'title': '第1話', 'order': 1, 'updated_at': '2019-07-31T11:31:03.144Z', 'id': '5d41c974c4e41206b3d9cf31'}]
2026-10-11 01:49:55 - mkk_pika - database.py:215 - INFO - 第一次下载该漫画，记录数据库中
2026-10-11 01:49:56 - mkk_pika - main.py:83 - INFO - 找到 23 张图片在:第1話
2026-10-11 01:49:57 - mkk_pika - main.py:112 - INFO - [episode:第1話       ] downloaded:    23, total:  23, progress:100%
2026-10-11 01:49:57 - mkk_pika - database.py:238 - INFO - 数据库更新已下载章节
2026-10-11 01:49:57 - mkk_pika - database.py:244 - INFO - 该漫画已下载章节如下
2026-10-11 01:49:57 - mkk_pika - database.py:245 - INFO - ['第1話']
2026-10-11 01:49:58 - mkk_pika - main.py:348 - INFO - ==================== 漫画信息 ====================
                                   漫画ID：5d41c974c4e41206b3d9cf30
                                   标题：猫博士的小黄书
                                   作者：
                                   是否完结：是
                                   总页数：23
                                   分类：短篇,同人,非人類
                                   章节数：1
                                   最后更新时间：2019-07-31T17:01:40.814Z
                                   =================================================
2026-10-11 01:49:58 - mkk_pika - database.py:101 - INFO - 保存成功：猫博士的小黄书
2026-10-11 01:49:58 - mkk_pika - main.py:35 - INFO - 开始检查黒縁メガネの家庭教師是否存在未下载章节
2026-10-11 01:49:59 - mkk_pika - main.py:45 - INFO - 正在下载:[黒縁メガネの家庭教師]-[Studio The DEVIL (双龍)]-[['短篇']]-[total_pages:57]
2026-10-11 01:49:59 - mkk_pika - main.py:49 - INFO - [{'_id': '5d41c98cc4e41206b3d9cf4c', 'title': '第1話', 'order': 1, 'updated_at': '2019-07-31T11:35:33.568Z', 'id': '5d41c98cc4e41206b3d9cf4c'}]
2026-10-11 01:49:59 - mkk_pika - database.py:215 - INFO - 第一次下载该漫画，记录数据库中
2026-10-11 01:50:00 - mkk_pika - main.py:83 - INFO - 找到 57 张图片在:第1話
2026-10-11 01:50:03 - mkk_pika - main.py:112 - INFO - [episode:第1話       ] downloaded:    57, total:  57, progress:100%
2026-10-11 01:50:03 - mkk_pika - database.py:238 - INFO - 数据库更新已下载章节
2026-10-11 01:50:03 - mkk_pika - database.py:244 - INFO - 该漫画已下载章节如下
2026-10-11 01:50:03 - mkk_pika - database.py:245 - INFO - ['第1話']
2026-10-11 01:50:04 - mkk_pika - main.py:348 - INFO - ==================== 漫画信息 ====================
                                   漫画ID：5d41c98cc4e41206b3d9cf4b
                                   标题：黒縁メガネの家庭教師
                                   作者：Studio The DEVIL (双龍)
                                   是否完结：是
                                   总页数：57
                                   分类：短篇
                                   章节数：1
                                   最后更新时间：2019-07-31T17:02:04.801Z
                                   =================================================
2026-10-11 01:50:04 - mkk_pika - database.py:101 - INFO - 保存成功：黒縁メガネの家庭教師
2026-10-11 01:50:04 - mkk_pika - main.py:35 - INFO - 开始检查ニートの奇妙な冒険 1是否存在未下载章节
2026-10-11 01:50:04 - mkk_pika - main.py:45 - INFO - 正在下载:[ニートの奇妙な冒険 1]-[さいピン (さいピン, こやき, ABBEY)]-[['短篇', '同人', '東方']]-[total_pages:24]
2026-10-11 01:50:04 - mkk_pika - main.py:49 - INFO - [{'_id': '5d41c99ac4e41206b3d9cf88', 'title': '第1話', 'order': 1, 'updated_at': '2019-07-31T11:45:34.273Z', 'id': '5d41c99ac4e41206b3d9cf88'}]
2026-10-11 01:50:04 - mkk_pika - database.py:215 - INFO - 第一次下载该漫画，记录数据库中
2026-10-11 01:50:05 - mkk_pika - main.py:83 - INFO - 找到 24 张图片在:第1話
2026-10-11 01:50:06 - mkk_pika - main.py:112 - INFO - [episode:第1話       ] downloaded:    24, total:  24, progress:100%
2026-10-11 01:50:06 - mkk_pika - database.py:238 - INFO - 数据库更新已下载章节
2026-10-11 01:50:06 - mkk_pika - database.py:244 - INFO - 该漫画已下载章节如下
2026-10-11 01:50:06 - mkk_pika - database.py:245 - INFO - ['第1話']
2026-10-11 01:50:08 - mkk_pika - main.py:348 - INFO - ==================== 漫画信息 ====================
                                   漫画ID：5d41c99ac4e41206b3d9cf87
                                   标题：ニートの奇妙な冒険 1
                                   作者：さいピン (さいピン, こやき, ABBEY)
                                   是否完结：否
                                   总页数：24
                                   分类：短篇,同人,東方
                                   章节数：1
                                   最后更新时间：2019-07-31T17:02:18.832Z
                                   =================================================
2026-10-11 01:50:08 - mkk_pika - database.py:101 - INFO - 保存成功：ニートの奇妙な冒険 1
2026-10-11 01:50:08 - mkk_pika - main.py:35 - INFO - 开始检查はんじゅくチェリー 半生半熟的櫻桃是否存在未下载章节
2026-10-11 01:50:08 - mkk_pika - main.py:45 - INFO - 正在下载:[はんじゅくチェリー 半生半熟的櫻桃]-[utu]-[['長篇', '短篇', '純愛', '單行本', '姐姐系', '妹妹系', '足の恋', '人妻', 'NTR']]-[total_pages:184]
2026-10-11 01:50:08 - mkk_pika - main.py:49 - INFO - [{'_id': '5d41c9e9d297a206acc9ed49', 'title': '嬌嫩櫻桃的單行本', 'order': 1, 'updated_at': '2019-07-31T11:47:52.509Z', 'id': '5d41c9e9d297a206acc9ed49'}]
2026-10-11 01:50:08 - mkk_pika - database.py:215 - INFO - 第一次下载该漫画，记录数据库中
2026-10-11 01:50:10 - mkk_pika - main.py:83 - INFO - 找到 184 张图片在:嬌嫩櫻桃的單行本
2026-10-11 01:50:19 - mkk_pika - main.py:112 - INFO - [episode:嬌嫩櫻桃的單行本  ] downloaded:   184, total: 184, progress:100%
2026-10-11 01:50:19 - mkk_pika - database.py:238 - INFO - 数据库更新已下载章节
2026-10-11 01:50:19 - mkk_pika - database.py:244 - INFO - 该漫画已下载章节如下
2026-10-11 01:50:19 - mkk_pika - database.py:245 - INFO - ['嬌嫩櫻桃的單行本']
2026-10-11 01:50:21 - mkk_pika - main.py:348 - INFO - ==================== 漫画信息 ====================
                                   漫画ID：5d41c9e9d297a206acc9ed48
                                   标题：はんじゅくチェリー 半生半熟的櫻桃
                                   作者：utu
                                   是否完结：是
                                   总页数：184
                                   分类：長篇,短篇,純愛,單行本,姐姐系,妹妹系,足の恋,人妻,NTR
                                   章节数：1
                                   最后更新时间：2019-07-31T17:03:37.444Z
                                   =================================================
2026-10-11 01:50:21 - mkk_pika - database.py:101 - INFO - 保存成功：はんじゅくチェリー 半生半熟的櫻桃
2026-10-11 01:50:21 - mkk_pika - main.py:35 - INFO - 开始检查(C95) 天才たるもの (Fate/Grand Order)是否存在未下载章节
2026-10-11 01:50:21 - mkk_pika - main.py:45 - INFO - 正在下载:[(C95) 天才たるもの (Fate/Grand Order)]-[ウサギボス (半里バード9)]-[['短篇', '同人', 'Fate']]-[total_pages:46]
2026-10-11 01:50:21 - mkk_pika - main.py:49 - INFO - [{'_id': '5c4830edbb67890da9f41ae9', 'title': '第1集', 'order': 1, 'updated_at': '2019-01-21T17:35:52.758Z', 'id': '5c4830edbb67890da9f41ae9'}, {'_id': '5d41ca13c4e41206b3d9cff3', 'title': '汉化', 'order': 2, 'updated_at': '2019-07-31T14:24:08.983Z', 'id': '5d41ca13c4e41206b3d9cff3'}]
2026-10-11 01:50:21 - mkk_pika - database.py:215 - INFO - 第一次下载该漫画，记录数据库中
2026-10-11 01:50:22 - mkk_pika - main.py:83 - INFO - 找到 22 张图片在:第1集
2026-10-11 01:50:23 - mkk_pika - main.py:112 - INFO - [episode:第1集       ] downloaded:    22, total:  22, progress:100%
2026-10-11 01:50:23 - mkk_pika - database.py:238 - INFO - 数据库更新已下载章节
2026-10-11 01:50:23 - mkk_pika - database.py:244 - INFO - 该漫画已下载章节如下
2026-10-11 01:50:23 - mkk_pika - database.py:245 - INFO - ['第1集']
2026-10-11 01:50:25 - mkk_pika - main.py:83 - INFO - 找到 24 张图片在:汉化
2026-10-11 01:50:26 - mkk_pika - main.py:112 - INFO - [episode:汉化        ] downloaded:    24, total:  24, progress:100%
2026-10-11 01:50:26 - mkk_pika - database.py:238 - INFO - 数据库更新已下载章节
2026-10-11 01:50:26 - mkk_pika - database.py:244 - INFO - 该漫画已下载章节如下
2026-10-11 01:50:26 - mkk_pika - database.py:245 - INFO - ['第1集', '汉化']
2026-10-11 01:50:27 - mkk_pika - main.py:348 - INFO - ==================== 漫画信息 ====================
                                   漫画ID：5c4830edbb67890da9f41ae8
                                   标题：(C95) 天才たるもの (Fate/Grand Order)
                                   作者：ウサギボス (半里バード9)
                                   是否完结：是
                                   总页数：46
                                   分类：短篇,同人,Fate
                                   章节数：2
                                   最后更新时间：2019-07-31T17:04:19.556Z
                                   =================================================
2026-10-11 01:50:27 - mkk_pika - database.py:101 - INFO - 保存成功：(C95) 天才たるもの (Fate/Grand Order)
2026-10-11 01:50:27 - mkk_pika - main.py:35 - INFO - 开始检查(C94)  堕落勇者とサキュバスの宴 [中国翻訳]是否存在未下载章节
2026-10-11 01:50:28 - mkk_pika - main.py:45 - INFO - 正在下载:[(C94)  堕落勇者とサキュバスの宴 [中国翻訳]]-[Misty Isle (そりむらようじ)]-[['短篇', '非人類']]-[total_pages:23]
2026-10-11 01:50:28 - mkk_pika - main.py:49 - INFO - [{'_id': '5d41ca3dc4e41206b3d9d00e', 'title': '第1話', 'order': 1, 'updated_at': '2019-07-31T14:34:11.879Z', 'id': '5d41ca3dc4e41206b3d9d00e'}]
2026-10-11 01:50:28 - mkk_pika - database.py:215 - INFO - 第一次下载该漫画，记录数据库中
2026-10-11 01:50:28 - mkk_pika - main.py:83 - INFO - 找到 23 张图片在:第1話
2026-10-11 01:50:30 - mkk_pika - main.py:112 - INFO - [episode:第1話       ] downloaded:    23, total:  23, progress:100%
2026-10-11 01:50:30 - mkk_pika - database.py:238 - INFO - 数据库更新已下载章节
2026-10-11 01:50:30 - mkk_pika - database.py:244 - INFO - 该漫画已下载章节如下
2026-10-11 01:50:30 - mkk_pika - database.py:245 - INFO - ['第1話']
2026-10-11 01:50:31 - mkk_pika - main.py:348 - INFO - ==================== 漫画信息 ====================
                                   漫画ID：5d41ca3dc4e41206b3d9d00d
                                   标题：(C94)  堕落勇者とサキュバスの宴 [中国翻訳]
                                   作者：Misty Isle (そりむらようじ)
                                   是否完结：是
                                   总页数：23
                                   分类：短篇,非人類
                                   章节数：1
                                   最后更新时间：2019-07-31T17:05:01.710Z
                                   =================================================
2026-10-11 01:50:31 - mkk_pika - database.py:101 - INFO - 保存成功：(C94)  堕落勇者とサキュバスの宴 [中国翻訳]
2026-10-11 01:50:31 - mkk_pika - main.py:35 - INFO - 开始检查ルイズが召喚される話[中国翻訳]是否存在未下载章节
2026-10-11 01:50:31 - mkk_pika - main.py:45 - INFO - 正在下载:[ルイズが召喚される話[中国翻訳]]-[Dining]-[['短篇', '同人', 'SM']]-[total_pages:51]
2026-10-11 01:50:31 - mkk_pika - main.py:49 - INFO - [{'_id': '5d2c153286d21315177c031b', 'title': '第1集', 'order': 1, 'updated_at': '2019-07-15T05:25:23.870Z', 'id': '5d2c153286d21315177c031b'}, {'_id': '5d41ca4bc4e41206b3d9d028', 'title': '第2話', 'order': 2, 'updated_at': '2019-07-31T15:05:41.296Z', 'id': '5d41ca4bc4e41206b3d9d028'}]
2026-10-11 01:50:31 - mkk_pika - database.py:215 - INFO - 第一次下载该漫画，记录数据库中
2026-10-11 01:50:32 - mkk_pika - main.py:83 - INFO - 找到 32 张图片在:第1集
2026-10-11 01:50:34 - mkk_pika - main.py:112 - INFO - [episode:第1集       ] downloaded:    32, total:  32, progress:100%
2026-10-11 01:50:34 - mkk_pika - database.py:238 - INFO - 数据库更新已下载章节
2026-10-11 01:50:34 - mkk_pika - database.py:244 - INFO - 该漫画已下载章节如下
2026-10-11 01:50:34 - mkk_pika - database.py:245 - INFO - ['第1集']
2026-10-11 01:50:36 - mkk_pika - main.py:83 - INFO - 找到 19 张图片在:第2話
2026-10-11 01:50:37 - mkk_pika - main.py:112 - INFO - [episode:第2話       ] downloaded:    19, total:  19, progress:100%
2026-10-11 01:50:37 - mkk_pika - database.py:238 - INFO - 数据库更新已下载章节
2026-10-11 01:50:37 - mkk_pika - database.py:244 - INFO - 该漫画已下载章节如下
2026-10-11 01:50:37 - mkk_pika - database.py:245 - INFO - ['第1集', '第2話']
2026-10-11 01:50:38 - mkk_pika - main.py:348 - INFO - ==================== 漫画信息 ====================
                                   漫画ID：5d2c153286d21315177c031a
                                   标题：ルイズが召喚される話[中国翻訳]
                                   作者：Dining
                                   是否完结：是
                                   总页数：51
                                   分类：短篇,同人,SM
                                   章节数：2
                                   最后更新时间：2019-07-31T17:05:15.614Z
                                   =================================================
2026-10-11 01:50:38 - mkk_pika - database.py:101 - INFO - 保存成功：ルイズが召喚される話[中国翻訳]
2026-10-11 01:50:38 - mkk_pika - main.py:35 - INFO - 开始检查水橋さんはスライムに弱い是否存在未下载章节
2026-10-11 01:50:38 - mkk_pika - main.py:45 - INFO - 正在下载:[水橋さんはスライムに弱い]-[キムチ亭 (瑠璃燕)]-[['短篇', '同人', '強暴', '非人類', '東方']]-[total_pages:25]
2026-10-11 01:50:38 - mkk_pika - main.py:49 - INFO - [{'_id': '5d41ca5937e92406a65a04db', 'title': '第1話', 'order': 1, 'updated_at': '2019-07-31T15:10:18.505Z', 'id': '5d41ca5937e92406a65a04db'}]
2026-10-11 01:50:38 - mkk_pika - database.py:215 - INFO - 第一次下载该漫画，记录数据库中
2026-10-11 01:50:39 - mkk_pika - main.py:83 - INFO - 找到 25 张图片在:第1話
2026-10-11 01:50:41 - mkk_pika - main.py:112 - INFO - [episode:第1話       ] downloaded:    25, total:  25, progress:100%
2026-10-11 01:50:41 - mkk_pika - database.py:238 - INFO - 数据库更新已下载章节
2026-10-11 01:50:41 - mkk_pika - database.py:244 - INFO - 该漫画已下载章节如下
2026-10-11 01:50:41 - mkk_pika - database.py:245 - INFO - ['第1話']
2026-10-11 01:50:42 - mkk_pika - main.py:348 - INFO - ==================== 漫画信息 ====================
                                   漫画ID：5d41ca5937e92406a65a04da
                                   标题：水橋さんはスライムに弱い
                                   作者：キムチ亭 (瑠璃燕)
                                   是否完结：否
                                   总页数：25
                                   分类：短篇,同人,強暴,非人類,東方
                                   章节数：1
                                   最后更新时间：2019-07-31T17:05:29.474Z
                                   =================================================
2026-10-11 01:50:42 - mkk_pika - database.py:101 - INFO - 保存成功：水橋さんはスライムに弱い
2026-10-11 01:50:42 - mkk_pika - main.py:35 - INFO - 开始检查人類は魔軍に敗北しました。 (ランス10) [中国翻訳]是否存在未下载章节
2026-10-11 01:50:42 - mkk_pika - main.py:45 - INFO - 正在下载:[人類は魔軍に敗北しました。 (ランス10) [中国翻訳]]-[短髪企画 (DHA)]-[['短篇', '非人類']]-[total_pages:33]
2026-10-11 01:50:42 - mkk_pika - main.py:49 - INFO - [{'_id': '5d41ca65d297a206acc9ee05', 'title': '第1話', 'order': 1, 'updated_at': '2019-07-31T15:20:31.447Z', 'id': '5d41ca65d297a206acc9ee05'}]
2026-10-11 01:50:42 - mkk_pika - database.py:215 - INFO - 第一次下载该漫画，记录数据库中
2026-10-11 01:50:43 - mkk_pika - main.py:83 - INFO - 找到 33 张图片在:第1話
2026-10-11 01:50:45 - mkk_pika - main.py:112 - INFO - [episode:第1話       ] downloaded:    33, total:  33, progress:100%
2026-10-11 01:50:45 - mkk_pika - database.py:238 - INFO - 数据库更新已下载章节
2026-10-11 01:50:45 - mkk_pika - database.py:244 - INFO - 该漫画已下载章节如下
2026-10-11 01:50:45 - mkk_pika - database.py:245 - INFO - ['第1話']
2026-10-11 01:50:46 - mkk_pika - main.py:348 - INFO - ==================== 漫画信息 ====================
                                   漫画ID：5d41ca65d297a206acc9ee04
                                   标题：人類は魔軍に敗北しました。 (ランス10) [中国翻訳]
                                   作者：短髪企画 (DHA)
                                   是否完结：是
                                   总页数：33
                                   分类：短篇,非人類
                                   章节数：1
                                   最后更新时间：2019-07-31T17:05:41.944Z
                                   =================================================
2026-10-11 01:50:46 - mkk_pika - database.py:101 - INFO - 保存成功：人類は魔軍に敗北しました。 (ランス10) [中国翻訳]
2026-10-11 01:50:46 - mkk_pika - main.py:35 - INFO - 开始检查 ぱんつから始まる姉弟ックス (コミックグレープ Vol.69)是否存在未下载章节
2026-10-11 01:50:46 - mkk_pika - main.py:45 - INFO - 正在下载:[ ぱんつから始まる姉弟ックス (コミックグレープ Vol.69)]-[紺菓]-[['短篇', '姐姐系', '純愛']]-[total_pages:21]
2026-10-11 01:50:46 - mkk_pika - main.py:49 - INFO - [{'_id': '5d41ca77c4e41206b3d9d03e', 'title': '第1話', 'order': 1, 'updated_at': '2019-07-31T15:47:30.446Z', 'id': '5d41ca77c4e41206b3d9d03e'}]
2026-10-11 01:50:46 - mkk_pika - database.py:215 - INFO - 第一次下载该漫画，记录数据库中
2026-10-11 01:50:47 - mkk_pika - main.py:83 - INFO - 找到 21 张图片在:第1話
2026-10-11 01:50:48 - mkk_pika - main.py:112 - INFO - [episode:第1話       ] downloaded:    21, total:  21, progress:100%
2026-10-11 01:50:48 - mkk_pika - database.py:238 - INFO - 数据库更新已下载章节
2026-10-11 01:50:48 - mkk_pika - database.py:244 - INFO - 该漫画已下载章节如下
2026-10-11 01:50:48 - mkk_pika - database.py:245 - INFO - ['第1話']
2026-10-11 01:50:50 - mkk_pika - main.py:348 - INFO - ==================== 漫画信息 ====================
                                   漫画ID：5d41ca77c4e41206b3d9d03d
                                   标题： ぱんつから始まる姉弟ックス (コミックグレープ Vol.69)
                                   作者：紺菓
                                   是否完结：是
                                   总页数：21
                                   分类：短篇,姐姐系,純愛
                                   章节数：1
                                   最后更新时间：2019-07-31T17:05:59.255Z
                                   =================================================
2026-10-11 01:50:50 - mkk_pika - database.py:101 - INFO - 保存成功： ぱんつから始まる姉弟ックス (コミックグレープ Vol.69)
2026-10-11 01:50:50 - mkk_pika - main.py:35 - INFO - 开始检查(C91)  G2.5 (ジャングル総集編) (NARUTO -ナルト-) [中国翻訳]是否存在未下载章节
2026-10-11 01:50:50 - mkk_pika - main.py:45 - INFO - 正在下载:[(C91)  G2.5 (ジャングル総集編) (NARUTO -ナルト-) [中国翻訳]]-[NARUHO堂 (なるほど)]-[['短篇', '同人']]-[total_pages:29]
2026-10-11 01:50:50 - mkk_pika - main.py:49 - INFO - [{'_id': '5ca8b854e859a07091d8aa8b', 'title': '第1集', 'order': 1, 'updated_at': '2019-04-05T17:25:19.351Z', 'id': '5ca8b854e859a07091d8aa8b'}, {'_id': '5d41ca81c4e41206b3d9d055', 'title': '全彩', 'order': 2, 'updated_at': '2019-07-31T16:41:33.034Z', 'id': '5d41ca81c4e41206b3d9d055'}]
2026-10-11 01:50:50 - mkk_pika - database.py:215 - INFO - 第一次下载该漫画，记录数据库中
2026-10-11 01:50:50 - mkk_pika - main.py:83 - INFO - 找到 15 张图片在:第1集
2026-10-11 01:50:51 - mkk_pika - main.py:112 - INFO - [episode:第1集       ] downloaded:    15, total:  15, progress:100%
2026-10-11 01:50:51 - mkk_pika - database.py:238 - INFO - 数据库更新已下载章节
2026-10-11 01:50:51 - mkk_pika - database.py:244 - INFO - 该漫画已下载章节如下
2026-10-11 01:50:51 - mkk_pika - database.py:245 - INFO - ['第1集']
2026-10-11 01:50:53 - mkk_pika - main.py:83 - INFO - 找到 14 张图片在:全彩
2026-10-11 01:50:54 - mkk_pika - main.py:112 - INFO - [episode:全彩        ] downloaded:    14, total:  14, progress:100%
2026-10-11 01:50:54 - mkk_pika - database.py:238 - INFO - 数据库更新已下载章节
2026-10-11 01:50:54 - mkk_pika - database.py:244 - INFO - 该漫画已下载章节如下
2026-10-11 01:50:54 - mkk_pika - database.py:245 - INFO - ['第1集', '全彩']
2026-10-11 01:50:55 - mkk_pika - main.py:348 - INFO - ==================== 漫画信息 ====================
                                   漫画ID：5ca8b854e859a07091d8aa8a
                                   标题：(C91)  G2.5 (ジャングル総集編) (NARUTO -ナルト-) [中国翻訳]
                                   作者：NARUHO堂 (なるほど)
                                   是否完结：是
                                   总页数：29
                                   分类：短篇,同人
                                   章节数：2
                                   最后更新时间：2019-07-31T17:06:09.974Z
                                   =================================================
2026-10-11 01:50:55 - mkk_pika - database.py:101 - INFO - 保存成功：(C91)  G2.5 (ジャングル総集編) (NARUTO -ナルト-) [中国翻訳]
2026-10-11 01:50:55 - mkk_pika - main.py:35 - INFO - 开始检查 ゾンビランドサガ漫画 [中国翻訳]是否存在未下载章节
2026-10-11 01:50:55 - mkk_pika - main.py:45 - INFO - 正在下载:[ ゾンビランドサガ漫画 [中国翻訳]]-[う～太]-[['短篇', '同人']]-[total_pages:34]
2026-10-11 01:50:55 - mkk_pika - main.py:49 - INFO - [{'_id': '5d428ad0c4e41206b3d9d33f', 'title': '第1話', 'order': 1, 'updated_at': '2019-07-31T17:17:27.782Z', 'id': '5d428ad0c4e41206b3d9d33f'}]
2026-10-11 01:50:55 - mkk_pika - database.py:215 - INFO - 第一次下载该漫画，记录数据库中
2026-10-11 01:50:56 - mkk_pika - main.py:83 - INFO - 找到 34 张图片在:第1話
2026-10-11 01:50:58 - mkk_pika - main.py:112 - INFO - [episode:第1話       ] downloaded:    34, total:  34, progress:100%
2026-10-11 01:50:58 - mkk_pika - database.py:238 - INFO - 数据库更新已下载章节
2026-10-11 01:50:58 - mkk_pika - database.py:244 - INFO - 该漫画已下载章节如下
2026-10-11 01:50:58 - mkk_pika - database.py:245 - INFO - ['第1話']
2026-10-11 01:50:59 - mkk_pika - main.py:348 - INFO - ==================== 漫画信息 ====================
                                   漫画ID：5d428ad0c4e41206b3d9d33e
                                   标题： ゾンビランドサガ漫画 [中国翻訳]
                                   作者：う～太
                                   是否完结：是
                                   总页数：34
                                   分类：短篇,同人
                                   章节数：1
                                   最后更新时间：2019-08-01T06:46:40.738Z
                                   =================================================
2026-10-11 01:50:59 - mkk_pika - database.py:101 - INFO - 保存成功： ゾンビランドサガ漫画 [中国翻訳]
2026-10-11 01:50:59 - mkk_pika - main.py:35 - INFO - 开始检查それはいつもの性接待 (ガールズ&パンツァー) [中国翻訳] [DL版]是否存在未下载章节
2026-10-11 01:51:00 - mkk_pika - main.py:45 - INFO - 正在下载:[それはいつもの性接待 (ガールズ&パンツァー) [中国翻訳] [DL版]]-[スタジオみずよーかん (東戸塚らいすた)]-[['短篇', '同人', '人妻', 'NTR']]-[total_pages:49]
2026-10-11 01:51:00 - mkk_pika - main.py:49 - INFO - [{'_id': '5d428b61d297a206acc9f071', 'title': '第1話', 'order': 1, 'updated_at': '2019-07-31T19:54:11.175Z', 'id': '5d428b61d297a206acc9f071'}]
2026-10-11 01:51:00 - mkk_pika - database.py:215 - INFO - 第一次下载该漫画，记录数据库中
2026-10-11 01:51:01 - mkk_pika - main.py:83 - INFO - 找到 49 张图片在:第1話
2026-10-11 01:51:03 - mkk_pika - main.py:112 - INFO - [episode:第1話       ] downloaded:    49, total:  49, progress:100%
2026-10-11 01:51:03 - mkk_pika - database.py:238 - INFO - 数据库更新已下载章节
2026-10-11 01:51:03 - mkk_pika - database.py:244 - INFO - 该漫画已下载章节如下
2026-10-11 01:51:03 - mkk_pika - database.py:245 - INFO - ['第1話']
2026-10-11 01:51:05 - mkk_pika - main.py:348 - INFO - ==================== 漫画信息 ====================
                                   漫画ID：5d428b61d297a206acc9f070
                                   标题：それはいつもの性接待 (ガールズ&パンツァー) [中国翻訳] [DL版]
                                   作者：スタジオみずよーかん (東戸塚らいすた)
                                   是否完结：是
                                   总页数：49
                                   分类：短篇,同人,人妻,NTR
                                   章节数：1
                                   最后更新时间：2019-08-01T06:49:05.186Z
                                   =================================================
2026-10-11 01:51:05 - mkk_pika - database.py:101 - INFO - 保存成功：それはいつもの性接待 (ガールズ&パンツァー) [中国翻訳] [DL版]
2026-10-11 01:51:05 - mkk_pika - main.py:35 - INFO - 开始检查(C90)  Degradation 2 (魔界騎士イングリッド) [中国翻訳]是否存在未下载章节
2026-10-11 01:51:05 - mkk_pika - main.py:45 - INFO - 正在下载:[(C90)  Degradation 2 (魔界騎士イングリッド) [中国翻訳]]-[アイソカーブ (アレグロ)]-[['短篇', '同人']]-[total_pages:27]
2026-10-11 01:51:05 - mkk_pika - main.py:49 - INFO - [{'_id': '5d428ba2d297a206acc9f0a5', 'title': '第1話', 'order': 1, 'updated_at': '2019-08-01T05:24:30.783Z', 'id': '5d428ba2d297a206acc9f0a5'}]
2026-10-11 01:51:05 - mkk_pika - database.py:215 - INFO - 第一次下载该漫画，记录数据库中
2026-10-11 01:51:06 - mkk_pika - main.py:83 - INFO - 找到 27 张图片在:第1話
2026-10-11 01:51:07 - mkk_pika - main.py:112 - INFO - [episode:第1話       ] downloaded:    27, total:  27, progress:100%
2026-10-11 01:51:07 - mkk_pika - database.py:238 - INFO - 数据库更新已下载章节
2026-10-11 01:51:07 - mkk_pika - database.py:244 - INFO - 该漫画已下载章节如下
2026-10-11 01:51:07 - mkk_pika - database.py:245 - INFO - ['第1話']
2026-10-11 01:51:09 - mkk_pika - main.py:348 - INFO - ==================== 漫画信息 ====================
                                   漫画ID：5d428ba2d297a206acc9f0a4
                                   标题：(C90)  Degradation 2 (魔界騎士イングリッド) [中国翻訳]
                                   作者：アイソカーブ (アレグロ)
                                   是否完结：是
                                   总页数：27
                                   分类：短篇,同人
                                   章节数：1
                                   最后更新时间：2019-08-01T06:50:10.150Z
                                   =================================================
2026-10-11 01:51:09 - mkk_pika - database.py:101 - INFO - 保存成功：(C90)  Degradation 2 (魔界騎士イングリッド) [中国翻訳]
2026-10-11 01:51:09 - mkk_pika - main.py:35 - INFO - 开始检查(例大祭16)  ムチムチ幽々子のセックスダンス (東方Project) [中国翻訳]是否存在未下载章节
2026-10-11 01:51:09 - mkk_pika - main.py:45 - INFO - 正在下载:[(例大祭16)  ムチムチ幽々子のセックスダンス (東方Project) [中国翻訳]]-[嫉妬殿 (嫉妬マスク)]-[['同人', '短篇', '東方']]-[total_pages:9]
2026-10-11 01:51:09 - mkk_pika - main.py:49 - INFO - [{'_id': '5d432807363bbe6dd19bc53c', 'title': '第1話', 'order': 1, 'updated_at': '2019-07-27T19:56:11.901Z', 'id': '5d432807363bbe6dd19bc53c'}]
2026-10-11 01:51:09 - mkk_pika - database.py:215 - INFO - 第一次下载该漫画，记录数据库中
2026-10-11 01:51:10 - mkk_pika - main.py:83 - INFO - 找到 9 张图片在:第1話
2026-10-11 01:51:10 - mkk_pika - main.py:112 - INFO - [episode:第1話       ] downloaded:     9, total:   9, progress:100%
2026-10-11 01:51:10 - mkk_pika - database.py:238 - INFO - 数据库更新已下载章节
2026-10-11 01:51:10 - mkk_pika - database.py:244 - INFO - 该漫画已下载章节如下
2026-10-11 01:51:10 - mkk_pika - database.py:245 - INFO - ['第1話']
2026-10-11 01:51:12 - mkk_pika - main.py:348 - INFO - ==================== 漫画信息 ====================
                                   漫画ID：5d432807363bbe6dd19bc53b
                                   标题：(例大祭16)  ムチムチ幽々子のセックスダンス (東方Project) [中国翻訳]
                                   作者：嫉妬殿 (嫉妬マスク)
                                   是否完结：是
                                   总页数：9
                                   分类：同人,短篇,東方
                                   章节数：1
                                   最后更新时间：2019-08-01T17:57:27.025Z
                                   =================================================
2026-10-11 01:51:12 - mkk_pika - database.py:101 - INFO - 保存成功：(例大祭16)  ムチムチ幽々子のセックスダンス (東方Project) [中国翻訳]
2026-10-11 01:51:12 - mkk_pika - main.py:35 - INFO - 开始检查古手川x猿山 便女当番フェラ (To LOVEる -とらぶる-)是否存在未下载章节
2026-10-11 01:51:12 - mkk_pika - main.py:45 - INFO - 正在下载:[古手川x猿山 便女当番フェラ (To LOVEる -とらぶる-)]-[LLM]-[['短篇', '同人', 'NTR']]-[total_pages:22]
2026-10-11 01:51:12 - mkk_pika - main.py:49 - INFO - [{'_id': '5d4328821b4e3e6dd643b2fa', 'title': '第1話', 'order': 1, 'updated_at': '2019-08-01T07:11:07.643Z', 'id': '5d4328821b4e3e6dd643b2fa'}]
2026-10-11 01:51:12 - mkk_pika - database.py:215 - INFO - 第一次下载该漫画，记录数据库中
2026-10-11 01:51:13 - mkk_pika - main.py:83 - INFO - 找到 22 张图片在:第1話
2026-10-11 01:51:14 - mkk_pika - main.py:112 - INFO - [episode:第1話       ] downloaded:    22, total:  22, progress:100%
2026-10-11 01:51:14 - mkk_pika - database.py:238 - INFO - 数据库更新已下载章节
2026-10-11 01:51:14 - mkk_pika - database.py:244 - INFO - 该漫画已下载章节如下
2026-10-11 01:51:14 - mkk_pika - database.py:245 - INFO - ['第1話']
2026-10-11 01:51:15 - mkk_pika - main.py:348 - INFO - ==================== 漫画信息 ====================
                                   漫画ID：5d4328821b4e3e6dd643b2f9
                                   标题：古手川x猿山 便女当番フェラ (To LOVEる -とらぶる-)
                                   作者：LLM
                                   是否完结：是
                                   总页数：22
                                   分类：短篇,同人,NTR
                                   章节数：1
                                   最后更新时间：2019-08-01T17:59:30.386Z
                                   =================================================
2026-10-11 01:51:15 - mkk_pika - database.py:101 - INFO - 保存成功：古手川x猿山 便女当番フェラ (To LOVEる -とらぶる-)
2026-10-11 01:51:15 - mkk_pika - main.py:35 - INFO - 开始检查その頃、あの娘は…是否存在未下载章节
2026-10-11 01:51:15 - mkk_pika - main.py:45 - INFO - 正在下载:[その頃、あの娘は…]-[こっとん堂]-[['全彩', '短篇', 'NTR']]-[total_pages:54]
2026-10-11 01:51:15 - mkk_pika - main.py:49 - INFO - [{'_id': '5d43289be811776dc570be6c', 'title': '第1話', 'order': 1, 'updated_at': '2019-08-01T09:01:48.157Z', 'id': '5d43289be811776dc570be6c'}]
2026-10-11 01:51:15 - mkk_pika - database.py:215 - INFO - 第一次下载该漫画，记录数据库中
2026-10-11 01:51:16 - mkk_pika - main.py:83 - INFO - 找到 54 张图片在:第1話
2026-10-11 01:51:19 - mkk_pika - main.py:112 - INFO - [episode:第1話       ] downloaded:    54, total:  54, progress:100%
2026-10-11 01:51:19 - mkk_pika - database.py:238 - INFO - 数据库更新已下载章节
2026-10-11 01:51:19 - mkk_pika - database.py:244 - INFO - 该漫画已下载章节如下
2026-10-11 01:51:19 - mkk_pika - database.py:245 - INFO - ['第1話']
2026-10-11 01:51:20 - mkk_pika - main.py:348 - INFO - ==================== 漫画信息 ====================
                                   漫画ID：5d43289be811776dc570be6b
                                   标题：その頃、あの娘は…
                                   作者：こっとん堂
                                   是否完结：是
                                   总页数：54
                                   分类：全彩,短篇,NTR
                                   章节数：1
                                   最后更新时间：2019-08-01T17:59:55.136Z
                                   =================================================
2026-10-11 01:51:20 - mkk_pika - database.py:101 - INFO - 保存成功：その頃、あの娘は…
2026-10-11 01:51:20 - mkk_pika - main.py:35 - INFO - 开始检查Metamorphosis八个月的蜕变是否存在未下载章节
2026-10-11 01:51:20 - mkk_pika - main.py:45 - INFO - 正在下载:[Metamorphosis八个月的蜕变]-[黒杜屋 (黒田クロ)]-[['短篇', '扶他樂園']]-[total_pages:19]
2026-10-11 01:51:20 - mkk_pika - main.py:49 - INFO - [{'_id': '5d4328c899c64f6dbf2eef49', 'title': '第1話', 'order': 1, 'updated_at': '2019-08-01T10:30:45.416Z', 'id': '5d4328c899c64f6dbf2eef49'}]
2026-10-11 01:51:20 - mkk_pika - database.py:215 - INFO - 第一次下载该漫画，记录数据库中
2026-10-11 01:51:21 - mkk_pika - main.py:83 - INFO - 找到 19 张图片在:第1話
2026-10-11 01:51:22 - mkk_pika - main.py:112 - INFO - [episode:第1話       ] downloaded:    19, total:  19, progress:100%
2026-10-11 01:51:22 - mkk_pika - database.py:238 - INFO - 数据库更新已下载章节
2026-10-11 01:51:22 - mkk_pika - database.py:244 - INFO - 该漫画已下载章节如下
2026-10-11 01:51:22 - mkk_pika - database.py:245 - INFO - ['第1話']
2026-10-11 01:51:23 - mkk_pika - main.py:348 - INFO - ==================== 漫画信息 ====================
                                   漫画ID：5d4328c899c64f6dbf2eef48
                                   标题：Metamorphosis八个月的蜕变
                                   作者：黒杜屋 (黒田クロ)
                                   是否完结：是
                                   总页数：19
                                   分类：短篇,扶他樂園
                                   章节数：1
                                   最后更新时间：2019-08-01T18:00:40.576Z
                                   =================================================
2026-10-11 01:51:23 - mkk_pika - database.py:101 - INFO - 保存成功：Metamorphosis八个月的蜕变
2026-10-11 01:51:23 - mkk_pika - main.py:35 - INFO - 开始检查シスターの壁尻懺悔室 (ANGEL 倶楽部 2014年11月号) [中国翻訳]是否存在未下载章节
2026-10-11 01:51:24 - mkk_pika - main.py:45 - INFO - 正在下载:[シスターの壁尻懺悔室 (ANGEL 倶楽部 2014年11月号) [中国翻訳]]-[雨山電信]-[['短篇']]-[total_pages:21]
2026-10-11 01:51:24 - mkk_pika - main.py:49 - INFO - [{'_id': '5d4328d399c64f6dbf2eef5f', 'title': '第1話', 'order': 1, 'updated_at': '2019-08-01T11:05:55.793Z', 'id': '5d4328d399c64f6dbf2eef5f'}]
2026-10-11 01:51:24 - mkk_pika - database.py:215 - INFO - 第一次下载该漫画，记录数据库中
2026-10-11 01:51:24 - mkk_pika - main.py:83 - INFO - 找到 21 张图片在:第1話
2026-10-11 01:51:25 - mkk_pika - main.py:112 - INFO - [episode:第1話       ] downloaded:    21, total:  21, progress:100%
2026-10-11 01:51:25 - mkk_pika - database.py:238 - INFO - 数据库更新已下载章节
2026-10-11 01:51:25 - mkk_pika - database.py:244 - INFO - 该漫画已下载章节如下
2026-10-11 01:51:25 - mkk_pika - database.py:245 - INFO - ['第1話']
2026-10-11 01:51:27 - mkk_pika - main.py:348 - INFO - ==================== 漫画信息 ====================
                                   漫画ID：5d4328d399c64f6dbf2eef5e
                                   标题：シスターの壁尻懺悔室 (ANGEL 倶楽部 2014年11月号) [中国翻訳]
                                   作者：雨山電信
                                   是否完结：是
                                   总页数：21
                                   分类：短篇
                                   章节数：1
                                   最后更新时间：2019-08-01T18:00:51.764Z
                                   =================================================
2026-10-11 01:51:27 - mkk_pika - database.py:101 - INFO - 保存成功：シスターの壁尻懺悔室 (ANGEL 倶楽部 2014年11月号) [中国翻訳]
2026-10-11 01:51:27 - mkk_pika - main.py:35 - INFO - 开始检查(COMIC1☆13)  桜頼光わかめ酒 (Fate/Grand Order)是否存在未下载章节
2026-10-11 01:51:27 - mkk_pika - main.py:45 - INFO - 正在下载:[(COMIC1☆13)  桜頼光わかめ酒 (Fate/Grand Order)]-[春日野企画 (春日野トバリ)]-[['短篇', '同人', '純愛', 'Fate']]-[total_pages:45]
2026-10-11 01:51:27 - mkk_pika - main.py:49 - INFO - [{'_id': '5d354c4bd0d4d15b29175625', 'title': '第1集', 'order': 1, 'updated_at': '2019-07-18T05:19:44.906Z', 'id': '5d354c4bd0d4d15b29175625'}, {'_id': '5d4328ec1b4e3e6dd643b36a', 'title': '汉化', 'order': 2, 'updated_at': '2019-08-01T12:15:53.811Z', 'id': '5d4328ec1b4e3e6dd643b36a'}]
2026-10-11 01:51:27 - mkk_pika - database.py:215 - INFO - 第一次下载该漫画，记录数据库中
2026-10-11 01:51:28 - mkk_pika - main.py:83 - INFO - 找到 22 张图片在:第1集
2026-10-11 01:51:29 - mkk_pika - main.py:112 - INFO - [episode:第1集       ] downloaded:    22, total:  22, progress:100%
2026-10-11 01:51:29 - mkk_pika - database.py:238 - INFO - 数据库更新已下载章节
2026-10-11 01:51:29 - mkk_pika - database.py:244 - INFO - 该漫画已下载章节如下
2026-10-11 01:51:29 - mkk_pika - database.py:245 - INFO - ['第1集']
2026-10-11 01:51:31 - mkk_pika - main.py:83 - INFO - 找到 23 张图片在:汉化
2026-10-11 01:51:32 - mkk_pika - main.py:112 - INFO - [episode:汉化        ] downloaded:    23, total:  23, progress:100%
2026-10-11 01:51:32 - mkk_pika - database.py:238 - INFO - 数据库更新已下载章节
2026-10-11 01:51:32 - mkk_pika - database.py:244 - INFO - 该漫画已下载章节如下
2026-10-11 01:51:32 - mkk_pika - database.py:245 - INFO - ['第1集', '汉化']
2026-10-11 01:51:34 - mkk_pika - main.py:348 - INFO - ==================== 漫画信息 ====================
                                   漫画ID：5d354c4bd0d4d15b29175624
                                   标题：(COMIC1☆13)  桜頼光わかめ酒 (Fate/Grand Order)
                                   作者：春日野企画 (春日野トバリ)
                                   是否完结：是
                                   总页数：45
                                   分类：短篇,同人,純愛,Fate
                                   章节数：2
                                   最后更新时间：2019-08-01T18:01:16.865Z
                                   =================================================
2026-10-11 01:51:34 - mkk_pika - database.py:101 - INFO - 保存成功：(COMIC1☆13)  桜頼光わかめ酒 (Fate/Grand Order)
2026-10-11 01:51:34 - mkk_pika - main.py:35 - INFO - 开始检查(C95)  VH01 (VOICEROID) [中国翻訳]是否存在未下载章节
2026-10-11 01:51:34 - mkk_pika - main.py:45 - INFO - 正在下载:[(C95)  VH01 (VOICEROID) [中国翻訳]]-[ヤッてみよう! (ヤッペン)]-[['同人', '短篇', '後宮閃光']]-[total_pages:27]
2026-10-11 01:51:34 - mkk_pika - main.py:49 - INFO - [{'_id': '5d4329c0e811776dc570c169', 'title': '第1話', 'order': 1, 'updated_at': '2019-08-01T15:41:52.917Z', 'id': '5d4329c0e811776dc570c169'}]
2026-10-11 01:51:34 - mkk_pika - database.py:215 - INFO - 第一次下载该漫画，记录数据库中
2026-10-11 01:51:35 - mkk_pika - main.py:83 - INFO - 找到 27 张图片在:第1話
2026-10-11 01:51:36 - mkk_pika - main.py:112 - INFO - [episode:第1話       ] downloaded:    27, total:  27, progress:100%
2026-10-11 01:51:36 - mkk_pika - database.py:238 - INFO - 数据库更新已下载章节
2026-10-11 01:51:36 - mkk_pika - database.py:244 - INFO - 该漫画已下载章节如下
2026-10-11 01:51:36 - mkk_pika - database.py:245 - INFO - ['第1話']
2026-10-11 01:51:37 - mkk_pika - main.py:348 - INFO - ==================== 漫画信息 ====================
                                   漫画ID：5d4329c0e811776dc570c168
                                   标题：(C95)  VH01 (VOICEROID) [中国翻訳]
                                   作者：ヤッてみよう! (ヤッペン)
                                   是否完结：是
                                   总页数：27
                                   分类：同人,短篇,後宮閃光
                                   章节数：1
                                   最后更新时间：2019-08-01T18:04:48.417Z
                                   =================================================
2026-10-11 01:51:37 - mkk_pika - database.py:101 - INFO - 保存成功：(C95)  VH01 (VOICEROID) [中国翻訳]
2026-10-11 01:51:37 - mkk_pika - main.py:35 - INFO - 开始检查(C92) FG5.0是否存在未下载章节
2026-10-11 01:51:38 - mkk_pika - main.py:45 - INFO - 正在下载:[(C92) FG5.0]-[tete a tete fragile (佐々原憂樹)]-[['短篇']]-[total_pages:18]
2026-10-11 01:51:38 - mkk_pika - main.py:49 - INFO - [{'_id': '5d4329de1b4e3e6dd643b408', 'title': '第1話', 'order': 1, 'updated_at': '2019-08-01T16:07:31.997Z', 'id': '5d4329de1b4e3e6dd643b408'}]
2026-10-11 01:51:38 - mkk_pika - database.py:215 - INFO - 第一次下载该漫画，记录数据库中
2026-10-11 01:51:38 - mkk_pika - main.py:83 - INFO - 找到 18 张图片在:第1話
2026-10-11 01:51:39 - mkk_pika - main.py:112 - INFO - [episode:第1話       ] downloaded:    18, total:  18, progress:100%
2026-10-11 01:51:39 - mkk_pika - database.py:238 - INFO - 数据库更新已下载章节
2026-10-11 01:51:39 - mkk_pika - database.py:244 - INFO - 该漫画已下载章节如下
2026-10-11 01:51:39 - mkk_pika - database.py:245 - INFO - ['第1話']
2026-10-11 01:51:40 - mkk_pika - main.py:348 - INFO - ==================== 漫画信息 ====================
                                   漫画ID：5d4329de1b4e3e6dd643b407
                                   标题：(C92) FG5.0
                                   作者：tete a tete fragile (佐々原憂樹)
                                   是否完结：是
                                   总页数：18
                                   分类：短篇
                                   章节数：1
                                   最后更新时间：2019-08-01T18:05:18.323Z
                                   =================================================
2026-10-11 01:51:40 - mkk_pika - database.py:101 - INFO - 保存成功：(C92) FG5.0
2026-10-11 01:51:40 - mkk_pika - main.py:35 - INFO - 开始检查 (CC大阪107) 夜通しラムレッダ (グランブルーファンタジー)是否存在未下载章节
2026-10-11 01:51:41 - mkk_pika - main.py:45 - INFO - 正在下载:[ (CC大阪107) 夜通しラムレッダ (グランブルーファンタジー)]-[はらヘリ堂 (ヘリを)]-[['短篇', '同人', '碧藍幻想', '純愛']]-[total_pages:28]
2026-10-11 01:51:41 - mkk_pika - main.py:49 - INFO - [{'_id': '5d4329f5e811776dc570c187', 'title': '第1話', 'order': 1, 'updated_at': '2019-08-01T16:30:16.194Z', 'id': '5d4329f5e811776dc570c187'}]
2026-10-11 01:51:41 - mkk_pika - database.py:215 - INFO - 第一次下载该漫画，记录数据库中
2026-10-11 01:51:41 - mkk_pika - main.py:83 - INFO - 找到 28 张图片在:第1話
2026-10-11 01:51:43 - mkk_pika - main.py:112 - INFO - [episode:第1話       ] downloaded:    28, total:  28, progress:100%
2026-10-11 01:51:43 - mkk_pika - database.py:238 - INFO - 数据库更新已下载章节
2026-10-11 01:51:43 - mkk_pika - database.py:244 - INFO - 该漫画已下载章节如下
2026-10-11 01:51:43 - mkk_pika - database.py:245 - INFO - ['第1話']
2026-10-11 01:51:44 - mkk_pika - main.py:348 - INFO - ==================== 漫画信息 ====================
                                   漫画ID：5d4329f5e811776dc570c186
                                   标题： (CC大阪107) 夜通しラムレッダ (グランブルーファンタジー)
                                   作者：はらヘリ堂 (ヘリを)
                                   是否完结：是
                                   总页数：28
                                   分类：短篇,同人,碧藍幻想,純愛
                                   章节数：1
                                   最后更新时间：2019-08-01T18:05:41.443Z
                                   =================================================
2026-10-11 01:51:44 - mkk_pika - database.py:101 - INFO - 保存成功： (CC大阪107) 夜通しラムレッダ (グランブルーファンタジー)
2026-10-11 01:51:44 - mkk_pika - main.py:35 - INFO - 开始检查ふたなり黒タイツのスライム姉さん生活4 [DL版]是否存在未下载章节
2026-10-11 01:51:44 - mkk_pika - main.py:45 - INFO - 正在下载:[ふたなり黒タイツのスライム姉さん生活4 [DL版]]-[Mebiusの環 (にゅくす)]-[['短篇', '非人類', '足の恋', '扶他樂園']]-[total_pages:22]
2026-10-11 01:51:44 - mkk_pika - main.py:49 - INFO - [{'_id': '5d432a031b4e3e6dd643b420', 'title': '第1話', 'order': 1, 'updated_at': '2019-08-01T16:54:48.523Z', 'id': '5d432a031b4e3e6dd643b420'}]
2026-10-11 01:51:44 - mkk_pika - database.py:215 - INFO - 第一次下载该漫画，记录数据库中
2026-10-11 01:51:45 - mkk_pika - main.py:83 - INFO - 找到 22 张图片在:第1話
2026-10-11 01:51:46 - mkk_pika - main.py:112 - INFO - [episode:第1話       ] downloaded:    22, total:  22, progress:100%
2026-10-11 01:51:46 - mkk_pika - database.py:238 - INFO - 数据库更新已下载章节
2026-10-11 01:51:46 - mkk_pika - database.py:244 - INFO - 该漫画已下载章节如下
2026-10-11 01:51:46 - mkk_pika - database.py:245 - INFO - ['第1話']
2026-10-11 01:51:48 - mkk_pika - main.py:348 - INFO - ==================== 漫画信息 ====================
                                   漫画ID：5d432a031b4e3e6dd643b41f
                                   标题：ふたなり黒タイツのスライム姉さん生活4 [DL版]
                                   作者：Mebiusの環 (にゅくす)
                                   是否完结：是
                                   总页数：22
                                   分类：短篇,非人類,足の恋,扶他樂園
                                   章节数：1
                                   最后更新时间：2019-08-01T18:05:55.042Z
                                   =================================================
2026-10-11 01:51:48 - mkk_pika - database.py:101 - INFO - 保存成功：ふたなり黒タイツのスライム姉さん生活4 [DL版]
2026-10-11 01:51:48 - mkk_pika - main.py:35 - INFO - 开始检查(C90)  妹にバレたら死ぬ (艦隊これくしょん -艦これ-) [中国翻訳]是否存在未下载章节
2026-10-11 01:51:48 - mkk_pika - main.py:45 - INFO - 正在下载:[(C90)  妹にバレたら死ぬ (艦隊これくしょん -艦これ-) [中国翻訳]]-[ALSeTRO (ぎゃりん)]-[['短篇', '同人', '艦隊收藏', '扶他樂園']]-[total_pages:29]
2026-10-11 01:51:48 - mkk_pika - main.py:49 - INFO - [{'_id': '5d446d7deff3e6170131f6f5', 'title': '第1話', 'order': 1, 'updated_at': '2019-08-02T04:39:19.350Z', 'id': '5d446d7deff3e6170131f6f5'}]
2026-10-11 01:51:48 - mkk_pika - database.py:215 - INFO - 第一次下载该漫画，记录数据库中
2026-10-11 01:51:49 - mkk_pika - main.py:83 - INFO - 找到 29 张图片在:第1話
2026-10-11 01:51:51 - mkk_pika - main.py:112 - INFO - [episode:第1話       ] downloaded:    29, total:  29, progress:100%
2026-10-11 01:51:51 - mkk_pika - database.py:238 - INFO - 数据库更新已下载章节
2026-10-11 01:51:51 - mkk_pika - database.py:244 - INFO - 该漫画已下载章节如下
2026-10-11 01:51:51 - mkk_pika - database.py:245 - INFO - ['第1話']
2026-10-11 01:51:52 - mkk_pika - main.py:348 - INFO - ==================== 漫画信息 ====================
                                   漫画ID：5d446d7deff3e6170131f6f4
                                   标题：(C90)  妹にバレたら死ぬ (艦隊これくしょん -艦これ-) [中国翻訳]
                                   作者：ALSeTRO (ぎゃりん)
                                   是否完结：是
                                   总页数：29
                                   分类：短篇,同人,艦隊收藏,扶他樂園
                                   章节数：1
                                   最后更新时间：2019-08-02T17:06:05.025Z
                                   =================================================
2026-10-11 01:51:52 - mkk_pika - database.py:101 - INFO - 保存成功：(C90)  妹にバレたら死ぬ (艦隊これくしょん -艦これ-) [中国翻訳]
2026-10-11 01:51:52 - mkk_pika - main.py:35 - INFO - 开始检查 楓の長距離トラック道中記～私、彼に会いに行くんです～ [中国翻訳] [DL版]是否存在未下载章节
2026-10-11 01:51:52 - mkk_pika - main.py:45 - INFO - 正在下载:[ 楓の長距離トラック道中記～私、彼に会いに行くんです～ [中国翻訳] [DL版]]-[TWILIGHT DUSK (藍夜)]-[['短篇', 'NTR']]-[total_pages:34]
2026-10-11 01:51:52 - mkk_pika - main.py:49 - INFO - [{'_id': '5d446da9b7e67b16f44d6573', 'title': '第1話', 'order': 1, 'updated_at': '2019-08-02T04:55:20.328Z', 'id': '5d446da9b7e67b16f44d6573'}]
2026-10-11 01:51:52 - mkk_pika - database.py:215 - INFO - 第一次下载该漫画，记录数据库中
2026-10-11 01:51:53 - mkk_pika - main.py:83 - INFO - 找到 34 张图片在:第1話
2026-10-11 01:51:54 - mkk_pika - main.py:112 - INFO - [episode:第1話       ] downloaded:    34, total:  34, progress:100%
2026-10-11 01:51:54 - mkk_pika - database.py:238 - INFO - 数据库更新已下载章节
2026-10-11 01:51:54 - mkk_pika - database.py:244 - INFO - 该漫画已下载章节如下
2026-10-11 01:51:54 - mkk_pika - database.py:245 - INFO - ['第1話']
2026-10-11 01:51:56 - mkk_pika - main.py:348 - INFO - ==================== 漫画信息 ====================
                                   漫画ID：5d446da9b7e67b16f44d6572
                                   标题： 楓の長距離トラック道中記～私、彼に会いに行くんです～ [中国翻訳] [DL版]
                                   作者：TWILIGHT DUSK (藍夜)
                                   是否完结：是
                                   总页数：34
                                   分类：短篇,NTR
                                   章节数：1
                                   最后更新时间：2019-08-02T17:06:49.242Z
                                   =================================================
2026-10-11 01:51:56 - mkk_pika - database.py:101 - INFO - 保存成功： 楓の長距離トラック道中記～私、彼に会いに行くんです～ [中国翻訳] [DL版]
2026-10-11 01:51:56 - mkk_pika - main.py:35 - INFO - 开始检查Virus – NieRAutomata是否存在未下载章节
2026-10-11 01:51:56 - mkk_pika - main.py:45 - INFO - 正在下载:[Virus – NieRAutomata]-[H.txt]-[['全彩', '短篇', '同人']]-[total_pages:40]
2026-10-11 01:51:56 - mkk_pika - main.py:49 - INFO - [{'_id': '5d446de3db3ff116efc6a2b6', 'title': '第1話', 'order': 1, 'updated_at': '2019-08-02T05:47:26.539Z', 'id': '5d446de3db3ff116efc6a2b6'}]
2026-10-11 01:51:56 - mkk_pika - database.py:215 - INFO - 第一次下载该漫画，记录数据库中
2026-10-11 01:51:57 - mkk_pika - main.py:83 - INFO - 找到 40 张图片在:第1話
2026-10-11 01:51:59 - mkk_pika - main.py:112 - INFO - [episode:第1話       ] downloaded:    40, total:  40, progress:100%
2026-10-11 01:51:59 - mkk_pika - database.py:238 - INFO - 数据库更新已下载章节
2026-10-11 01:51:59 - mkk_pika - database.py:244 - INFO - 该漫画已下载章节如下
2026-10-11 01:51:59 - mkk_pika - database.py:245 - INFO - ['第1話']
2026-10-11 01:52:00 - mkk_pika - main.py:348 - INFO - ==================== 漫画信息 ====================
                                   漫画ID：5d446de3db3ff116efc6a2b5
                                   标题：Virus – NieRAutomata
                                   作者：H.txt
                                   是否完结：是
                                   总页数：40
                                   分类：全彩,短篇,同人
                                   章节数：1
                                   最后更新时间：2019-08-02T17:07:47.934Z
                                   =================================================
2026-10-11 01:52:00 - mkk_pika - database.py:101 - INFO - 保存成功：Virus – NieRAutomata
2026-10-11 01:52:00 - mkk_pika - main.py:35 - INFO - 开始检查水浴び是否存在未下载章节
2026-10-11 01:52:00 - mkk_pika - main.py:45 - INFO - 正在下载:[水浴び]-[H.txt]-[['全彩', '短篇', '純愛', '百合花園', '妹妹系']]-[total_pages:41]
2026-10-11 01:52:00 - mkk_pika - main.py:49 - INFO - [{'_id': '5d446df26ec29d1707864ddd', 'title': '第1話', 'order': 1, 'updated_at': '2019-08-02T06:00:43.677Z', 'id': '5d446df26ec29d1707864ddd'}]
2026-10-11 01:52:00 - mkk_pika - database.py:215 - INFO - 第一次下载该漫画，记录数据库中
2026-10-11 01:52:01 - mkk_pika - main.py:83 - INFO - 找到 41 张图片在:第1話
2026-10-11 01:52:03 - mkk_pika - main.py:112 - INFO - [episode:第1話       ] downloaded:    41, total:  41, progress:100%
2026-10-11 01:52:03 - mkk_pika - database.py:238 - INFO - 数据库更新已下载章节
2026-10-11 01:52:03 - mkk_pika - database.py:244 - INFO - 该漫画已下载章节如下
2026-10-11 01:52:03 - mkk_pika - database.py:245 - INFO - ['第1話']
2026-10-11 01:52:05 - mkk_pika - main.py:348 - INFO - ==================== 漫画信息 ====================
                                   漫画ID：5d446df26ec29d1707864ddc
                                   标题：水浴び
                                   作者：H.txt
                                   是否完结：是
                                   总页数：41
                                   分类：全彩,短篇,純愛,百合花園,妹妹系
                                   章节数：1
                                   最后更新时间：2019-08-02T17:08:02.920Z
                                   =================================================
2026-10-11 01:52:05 - mkk_pika - database.py:101 - INFO - 保存成功：水浴び
2026-10-11 01:52:05 - mkk_pika - main.py:35 - INFO - 开始检查黒ストこわい (COMIC BAVEL 2019年7月号) [中国翻訳]是否存在未下载章节
2026-10-11 01:52:05 - mkk_pika - main.py:45 - INFO - 正在下载:[黒ストこわい (COMIC BAVEL 2019年7月号) [中国翻訳]]-[篠岡ほまれ]-[['短篇', '足の恋', '純愛']]-[total_pages:21]
2026-10-11 01:52:05 - mkk_pika - main.py:49 - INFO - [{'_id': '5d446e0e6ec29d1707864e0a', 'title': '第1話', 'order': 1, 'updated_at': '2019-08-02T06:13:29.617Z', 'id': '5d446e0e6ec29d1707864e0a'}]
2026-10-11 01:52:05 - mkk_pika - database.py:215 - INFO - 第一次下载该漫画，记录数据库中
2026-10-11 01:52:06 - mkk_pika - main.py:83 - INFO - 找到 21 张图片在:第1話
2026-10-11 01:52:07 - mkk_pika - main.py:112 - INFO - [episode:第1話       ] downloaded:    21, total:  21, progress:100%
2026-10-11 01:52:07 - mkk_pika - database.py:238 - INFO - 数据库更新已下载章节
2026-10-11 01:52:07 - mkk_pika - database.py:244 - INFO - 该漫画已下载章节如下
2026-10-11 01:52:07 - mkk_pika - database.py:245 - INFO - ['第1話']
2026-10-11 01:52:08 - mkk_pika - main.py:348 - INFO - ==================== 漫画信息 ====================
                                   漫画ID：5d446e0e6ec29d1707864e09
                                   标题：黒ストこわい (COMIC BAVEL 2019年7月号) [中国翻訳]
                                   作者：篠岡ほまれ
                                   是否完结：是
                                   总页数：21
                                   分类：短篇,足の恋,純愛
                                   章节数：1
                                   最后更新时间：2019-08-02T17:08:30.788Z
                                   =================================================
2026-10-11 01:52:08 - mkk_pika - database.py:101 - INFO - 保存成功：黒ストこわい (COMIC BAVEL 2019年7月号) [中国翻訳]
2026-10-11 01:52:08 - mkk_pika - main.py:35 - INFO - 开始检查少年と土地神の一夜 (コミックアンリアル 2017年6月号 Vol.67)是否存在未下载章节
2026-10-11 01:52:08 - mkk_pika - main.py:45 - INFO - 正在下载:[少年と土地神の一夜 (コミックアンリアル 2017年6月号 Vol.67)]-[七瀬瑞穂]-[['短篇', '非人類']]-[total_pages:10]
2026-10-11 01:52:08 - mkk_pika - main.py:49 - INFO - [{'_id': '5d446ea1eff3e6170131f72b', 'title': '第1話', 'order': 1, 'updated_at': '2019-08-02T06:36:23.284Z', 'id': '5d446ea1eff3e6170131f72b'}]
2026-10-11 01:52:08 - mkk_pika - database.py:215 - INFO - 第一次下载该漫画，记录数据库中
2026-10-11 01:52:09 - mkk_pika - main.py:83 - INFO - 找到 10 张图片在:第1話
2026-10-11 01:52:09 - mkk_pika - main.py:112 - INFO - [episode:第1話       ] downloaded:    10, total:  10, progress:100%
2026-10-11 01:52:09 - mkk_pika - database.py:238 - INFO - 数据库更新已下载章节
2026-10-11 01:52:09 - mkk_pika - database.py:244 - INFO - 该漫画已下载章节如下
2026-10-11 01:52:09 - mkk_pika - database.py:245 - INFO - ['第1話']
2026-10-11 01:52:11 - mkk_pika - main.py:348 - INFO - ==================== 漫画信息 ====================
                                   漫画ID：5d446ea1eff3e6170131f72a
                                   标题：少年と土地神の一夜 (コミックアンリアル 2017年6月号 Vol.67)
                                   作者：七瀬瑞穂
                                   是否完结：是
                                   总页数：10
                                   分类：短篇,非人類
                                   章节数：1
                                   最后更新时间：2019-08-02T17:10:57.852Z
                                   =================================================
2026-10-11 01:52:11 - mkk_pika - database.py:101 - INFO - 保存成功：少年と土地神の一夜 (コミックアンリアル 2017年6月号 Vol.67)
2026-10-11 01:52:11 - mkk_pika - main.py:35 - INFO - 开始检查ULTRAQUEEN~舐めとレイプされている、最後に受胎するウルトラクィーン!是否存在未下载章节
2026-10-11 01:52:11 - mkk_pika - main.py:45 - INFO - 正在下载:[ULTRAQUEEN~舐めとレイプされている、最後に受胎するウルトラクィーン!]-[Heroineism]-[['全彩', '短篇', '同人', '強暴', '非人類']]-[total_pages:74]
2026-10-11 01:52:11 - mkk_pika - main.py:49 - INFO - [{'_id': '5d446f65eff3e6170131f73a', 'title': '第1話', 'order': 1, 'updated_at': '2019-08-02T07:10:53.405Z', 'id': '5d446f65eff3e6170131f73a'}]
2026-10-11 01:52:11 - mkk_pika - database.py:215 - INFO - 第一次下载该漫画，记录数据库中
2026-10-11 01:52:12 - mkk_pika - main.py:83 - INFO - 找到 74 张图片在:第1話
2026-10-11 01:52:15 - mkk_pika - main.py:112 - INFO - [episode:第1話       ] downloaded:    74, total:  74, progress:100%
2026-10-11 01:52:15 - mkk_pika - database.py:238 - INFO - 数据库更新已下载章节
2026-10-11 01:52:15 - mkk_pika - database.py:244 - INFO - 该漫画已下载章节如下
2026-10-11 01:52:15 - mkk_pika - database.py:245 - INFO - ['第1話']
2026-10-11 01:52:17 - mkk_pika - main.py:348 - INFO - ==================== 漫画信息 ====================
                                   漫画ID：5d446f65eff3e6170131f739
                                   标题：ULTRAQUEEN~舐めとレイプされている、最後に受胎するウルトラクィーン!
                                   作者：Heroineism
                                   是否完结：是
                                   总页数：74
                                   分类：全彩,短篇,同人,強暴,非人類
                                   章节数：1
                                   最后更新时间：2019-08-02T17:14:13.595Z
                                   =================================================
2026-10-11 01:52:17 - mkk_pika - database.py:101 - INFO - 保存成功：ULTRAQUEEN~舐めとレイプされている、最後に受胎するウルトラクィーン!
2026-10-11 01:52:17 - mkk_pika - main.py:35 - INFO - 开始检查 Doctor，要恢復理智嗎？ (明日方舟) [中国語]是否存在未下载章节
2026-10-11 01:52:17 - mkk_pika - main.py:45 - INFO - 正在下载:[ Doctor，要恢復理智嗎？ (明日方舟) [中国語]]-[玄月]-[['短篇', '全彩', '同人']]-[total_pages:223]
2026-10-11 01:52:17 - mkk_pika - main.py:49 - INFO - [{'_id': '5d23680ca6fcef4c68751fb5', 'title': '第1集', 'order': 1, 'updated_at': '2019-07-08T11:19:48.160Z', 'id': '5d23680ca6fcef4c68751fb5'}, {'_id': '5d447091eff3e6170131f7ca', 'title': '补全', 'order': 2, 'updated_at': '2019-08-02T07:50:33.657Z', 'id': '5d447091eff3e6170131f7ca'}]
2026-10-11 01:52:17 - mkk_pika - database.py:215 - INFO - 第一次下载该漫画，记录数据库中
2026-10-11 01:52:18 - mkk_pika - main.py:83 - INFO - 找到 99 张图片在:第1集
2026-10-11 01:52:23 - mkk_pika - main.py:112 - INFO - [episode:第1集       ] downloaded:    99, total:  99, progress:100%
2026-10-11 01:52:23 - mkk_pika - database.py:238 - INFO - 数据库更新已下载章节
2026-10-11 01:52:23 - mkk_pika - database.py:244 - INFO - 该漫画已下载章节如下
2026-10-11 01:52:23 - mkk_pika - database.py:245 - INFO - ['第1集']
2026-10-11 01:52:25 - mkk_pika - main.py:83 - INFO - 找到 124 张图片在:补全
2026-10-11 01:52:31 - mkk_pika - main.py:112 - INFO - [episode:补全        ] downloaded:   124, total: 124, progress:100%
2026-10-11 01:52:31 - mkk_pika - database.py:238 - INFO - 数据库更新已下载章节
2026-10-11 01:52:31 - mkk_pika - database.py:244 - INFO - 该漫画已下载章节如下
2026-10-11 01:52:31 - mkk_pika - database.py:245 - INFO - ['第1集', '补全']
2026-10-11 01:52:32 - mkk_pika - main.py:348 - INFO - ==================== 漫画信息 ====================
                                   漫画ID：5d23680ca6fcef4c68751fb4
                                   标题： Doctor，要恢復理智嗎？ (明日方舟) [中国語]
                                   作者：玄月
                                   是否完结：是
                                   总页数：223
                                   分类：短篇,全彩,同人
                                   章节数：2
                                   最后更新时间：2019-08-02T17:19:13.989Z
                                   =================================================
2026-10-11 01:52:32 - mkk_pika - database.py:101 - INFO - 保存成功： Doctor，要恢復理智嗎？ (明日方舟) [中国語]
2026-10-11 01:52:32 - mkk_pika - main.py:35 - INFO - 开始检查 Dawn of the hounds (ゴッドイーター3) [中国翻訳]是否存在未下载章节
2026-10-11 01:52:33 - mkk_pika - main.py:45 - INFO - 正在下载:[ Dawn of the hounds (ゴッドイーター3) [中国翻訳]]-[くく屋 (ckj)]-[['短篇', '同人']]-[total_pages:34]
2026-10-11 01:52:33 - mkk_pika - main.py:49 - INFO - [{'_id': '5d4470c5b7e67b16f44d660c', 'title': '第1話', 'order': 1, 'updated_at': '2019-08-02T10:50:54.489Z', 'id': '5d4470c5b7e67b16f44d660c'}]
2026-10-11 01:52:33 - mkk_pika - database.py:215 - INFO - 第一次下载该漫画，记录数据库中
2026-10-11 01:52:33 - mkk_pika - main.py:83 - INFO - 找到 34 张图片在:第1話
2026-10-11 01:52:36 - mkk_pika - main.py:112 - INFO - [episode:第1話       ] downloaded:    34, total:  34, progress:100%
2026-10-11 01:52:36 - mkk_pika - database.py:238 - INFO - 数据库更新已下载章节
2026-10-11 01:52:36 - mkk_pika - database.py:244 - INFO - 该漫画已下载章节如下
2026-10-11 01:52:36 - mkk_pika - database.py:245 - INFO - ['第1話']
2026-10-11 01:52:37 - mkk_pika - main.py:348 - INFO - ==================== 漫画信息 ====================
                                   漫画ID：5d4470c5b7e67b16f44d660b
                                   标题： Dawn of the hounds (ゴッドイーター3) [中国翻訳]
                                   作者：くく屋 (ckj)
                                   是否完结：是
                                   总页数：34
                                   分类：短篇,同人
                                   章节数：1
                                   最后更新时间：2019-08-02T17:20:05.530Z
                                   =================================================
2026-10-11 01:52:37 - mkk_pika - database.py:101 - INFO - 保存成功： Dawn of the hounds (ゴッドイーター3) [中国翻訳]
2026-10-11 01:52:37 - mkk_pika - main.py:35 - INFO - 开始检查(COMIC1☆13)わたし、絶対に露出なんてしません。是否存在未下载章节
2026-10-11 01:52:37 - mkk_pika - main.py:45 - INFO - 正在下载:[(COMIC1☆13)わたし、絶対に露出なんてしません。]-[おたべ★ダイナマイツ (おたべさくら)]-[['短篇']]-[total_pages:31]
2026-10-11 01:52:37 - mkk_pika - main.py:49 - INFO - [{'_id': '5d4470d7b7e67b16f44d6631', 'title': '第1話', 'order': 1, 'updated_at': '2019-08-02T11:00:18.836Z', 'id': '5d4470d7b7e67b16f44d6631'}]
2026-10-11 01:52:37 - mkk_pika - database.py:215 - INFO - 第一次下载该漫画，记录数据库中
2026-10-11 01:52:38 - mkk_pika - main.py:83 - INFO - 找到 31 张图片在:第1話
2026-10-11 01:52:40 - mkk_pika - main.py:112 - INFO - [episode:第1話       ] downloaded:    31, total:  31, progress:100%
2026-10-11 01:52:40 - mkk_pika - database.py:238 - INFO - 数据库更新已下载章节
2026-10-11 01:52:40 - mkk_pika - database.py:244 - INFO - 该漫画已下载章节如下
2026-10-11 01:52:40 - mkk_pika - database.py:245 - INFO - ['第1話']
2026-10-11 01:52:41 - mkk_pika - main.py:348 - INFO - ==================== 漫画信息 ====================
                                   漫画ID：5d4470d7b7e67b16f44d6630
                                   标题：(COMIC1☆13)わたし、絶対に露出なんてしません。
                                   作者：おたべ★ダイナマイツ (おたべさくら)
                                   是否完结：是
                                   总页数：31
                                   分类：短篇
                                   章节数：1
                                   最后更新时间：2019-08-02T17:20:23.169Z
                                   =================================================
2026-10-11 01:52:41 - mkk_pika - database.py:101 - INFO - 保存成功：(COMIC1☆13)わたし、絶対に露出なんてしません。
2026-10-11 01:52:41 - mkk_pika - main.py:35 - INFO - 开始检查 変幻装姫シャインミラージュ THE COMIC EPISODE 7 [中国翻訳]是否存在未下载章节
2026-10-11 01:52:41 - mkk_pika - main.py:45 - INFO - 正在下载:[ 変幻装姫シャインミラージュ THE COMIC EPISODE 7 [中国翻訳]]-[高浜太郎]-[['短篇', '強暴']]-[total_pages:23]
2026-10-11 01:52:41 - mkk_pika - main.py:49 - INFO - [{'_id': '5d4471036ec29d1707864edf', 'title': '第1話', 'order': 1, 'updated_at': '2019-08-02T11:09:27.320Z', 'id': '5d4471036ec29d1707864edf'}]
2026-10-11 01:52:41 - mkk_pika - database.py:215 - INFO - 第一次下载该漫画，记录数据库中
2026-10-11 01:52:42 - mkk_pika - main.py:83 - INFO - 找到 23 张图片在:第1話
2026-10-11 01:52:43 - mkk_pika - main.py:112 - INFO - [episode:第1話       ] downloaded:    23, total:  23, progress:100%
2026-10-11 01:52:43 - mkk_pika - database.py:238 - INFO - 数据库更新已下载章节
2026-10-11 01:52:43 - mkk_pika - database.py:244 - INFO - 该漫画已下载章节如下
2026-10-11 01:52:43 - mkk_pika - database.py:245 - INFO - ['第1話']
2026-10-11 01:52:45 - mkk_pika - main.py:348 - INFO - ==================== 漫画信息 ====================
                                   漫画ID：5d4471036ec29d1707864ede
                                   标题： 変幻装姫シャインミラージュ THE COMIC EPISODE 7 [中国翻訳]
                                   作者：高浜太郎
                                   是否完结：是
                                   总页数：23
                                   分类：短篇,強暴
                                   章节数：1
                                   最后更新时间：2019-08-02T17:21:07.353Z
                                   =================================================
2026-10-11 01:52:45 - mkk_pika - database.py:101 - INFO - 保存成功： 変幻装姫シャインミラージュ THE COMIC EPISODE 7 [中国翻訳]
2026-10-11 01:52:45 - mkk_pika - main.py:35 - INFO - 开始检查とろとろとりっぷみっくすおれ (ぷよぷよ) [中国翻訳] [DL版]是否存在未下载章节
2026-10-11 01:52:45 - mkk_pika - main.py:45 - INFO - 正在下载:[とろとろとりっぷみっくすおれ (ぷよぷよ) [中国翻訳] [DL版]]-[月華の猫 (おゆき)]-[['短篇', 'NTR']]-[total_pages:43]
2026-10-11 01:52:45 - mkk_pika - main.py:49 - INFO - [{'_id': '5d44714cb7e67b16f44d6687', 'title': '第1話', 'order': 1, 'updated_at': '2019-08-02T11:39:00.740Z', 'id': '5d44714cb7e67b16f44d6687'}]
2026-10-11 01:52:45 - mkk_pika - database.py:215 - INFO - 第一次下载该漫画，记录数据库中
2026-10-11 01:52:46 - mkk_pika - main.py:83 - INFO - 找到 43 张图片在:第1話
2026-10-11 01:52:48 - mkk_pika - main.py:112 - INFO - [episode:第1話       ] downloaded:    43, total:  43, progress:100%
2026-10-11 01:52:48 - mkk_pika - database.py:238 - INFO - 数据库更新已下载章节
2026-10-11 01:52:48 - mkk_pika - database.py:244 - INFO - 该漫画已下载章节如下
2026-10-11 01:52:48 - mkk_pika - database.py:245 - INFO - ['第1話']
2026-10-11 01:52:50 - mkk_pika - main.py:348 - INFO - ==================== 漫画信息 ====================
                                   漫画ID：5d44714cb7e67b16f44d6686
                                   标题：とろとろとりっぷみっくすおれ (ぷよぷよ) [中国翻訳] [DL版]
                                   作者：月華の猫 (おゆき)
                                   是否完结：是
                                   总页数：43
                                   分类：短篇,NTR
                                   章节数：1
                                   最后更新时间：2019-08-02T17:22:20.936Z
                                   =================================================
2026-10-11 01:52:50 - mkk_pika - database.py:101 - INFO - 保存成功：とろとろとりっぷみっくすおれ (ぷよぷよ) [中国翻訳] [DL版]
2026-10-11 01:52:50 - mkk_pika - main.py:35 - INFO - 开始检查チン☆コレ 收藏☆雞雞是否存在未下载章节
2026-10-11 01:52:50 - mkk_pika - main.py:45 - INFO - 正在下载:[チン☆コレ 收藏☆雞雞]-[mogg]-[['長篇', '短篇', '純愛', '單行本', '妹妹系', '姐姐系', '人妻', 'NTR', '後宮閃光', '強暴', '非人類']]-[total_pages:201]
2026-10-11 01:52:50 - mkk_pika - main.py:49 - INFO - [{'_id': '5d44719b6ec29d1707864efe', 'title': '收藏☆雞雞的單行本', 'order': 1, 'updated_at': '2019-07-28T03:34:31.376Z', 'id': '5d44719b6ec29d1707864efe'}]
2026-10-11 01:52:50 - mkk_pika - database.py:215 - INFO - 第一次下载该漫画，记录数据库中
2026-10-11 01:52:52 - mkk_pika - main.py:83 - INFO - 找到 201 张图片在:收藏☆雞雞的單行本
2026-10-11 01:53:01 - mkk_pika - main.py:112 - INFO - [episode:收藏☆雞雞的單行本 ] downloaded:   201, total: 201, progress:100%
2026-10-11 01:53:01 - mkk_pika - database.py:238 - INFO - 数据库更新已下载章节
2026-10-11 01:53:01 - mkk_pika - database.py:244 - INFO - 该漫画已下载章节如下
2026-10-11 01:53:01 - mkk_pika - database.py:245 - INFO - ['收藏☆雞雞的單行本']
2026-10-11 01:53:02 - mkk_pika - main.py:348 - INFO - ==================== 漫画信息 ====================
                                   漫画ID：5d44719b6ec29d1707864efd
                                   标题：チン☆コレ 收藏☆雞雞
                                   作者：mogg
                                   是否完结：是
                                   总页数：201
                                   分类：長篇,短篇,純愛,單行本,妹妹系,姐姐系,人妻,NTR,後宮閃光,強暴,非人類
                                   章节数：1
                                   最后更新时间：2019-08-02T17:23:39.189Z
                                   =================================================
2026-10-11 01:53:02 - mkk_pika - database.py:101 - INFO - 保存成功：チン☆コレ 收藏☆雞雞
2026-10-11 01:53:02 - mkk_pika - main.py:35 - INFO - 开始检查ポテオーレ [中国翻訳] [DL版]是否存在未下载章节
2026-10-11 01:53:03 - mkk_pika - main.py:45 - INFO - 正在下载:[ポテオーレ [中国翻訳] [DL版]]-[おもしろバーガー (徳田しんのすけ)]-[['短篇']]-[total_pages:20]
2026-10-11 01:53:03 - mkk_pika - main.py:49 - INFO - [{'_id': '5d4471b4eff3e6170131f8b2', 'title': '第1話', 'order': 1, 'updated_at': '2019-08-02T12:18:39.067Z', 'id': '5d4471b4eff3e6170131f8b2'}]
2026-10-11 01:53:03 - mkk_pika - database.py:215 - INFO - 第一次下载该漫画，记录数据库中
2026-10-11 01:53:03 - mkk_pika - main.py:83 - INFO - 找到 20 张图片在:第1話
2026-10-11 01:53:05 - mkk_pika - main.py:112 - INFO - [episode:第1話       ] downloaded:    20, total:  20, progress:100%
2026-10-11 01:53:05 - mkk_pika - database.py:238 - INFO - 数据库更新已下载章节
2026-10-11 01:53:05 - mkk_pika - database.py:244 - INFO - 该漫画已下载章节如下
2026-10-11 01:53:05 - mkk_pika - database.py:245 - INFO - ['第1話']
2026-10-11 01:53:06 - mkk_pika - main.py:348 - INFO - ==================== 漫画信息 ====================
                                   漫画ID：5d4471b4eff3e6170131f8b1
                                   标题：ポテオーレ [中国翻訳] [DL版]
                                   作者：おもしろバーガー (徳田しんのすけ)
                                   是否完结：是
                                   总页数：20
                                   分类：短篇
                                   章节数：1
                                   最后更新时间：2019-08-02T17:24:04.233Z
                                   =================================================
2026-10-11 01:53:06 - mkk_pika - database.py:101 - INFO - 保存成功：ポテオーレ [中国翻訳] [DL版]
2026-10-11 01:53:06 - mkk_pika - main.py:35 - INFO - 开始检查(C95) ドスケベハロウィンパレード (Fate/Grand Order)是否存在未下载章节
2026-10-11 01:53:06 - mkk_pika - main.py:45 - INFO - 正在下载:[(C95) ドスケベハロウィンパレード (Fate/Grand Order)]-[寅乃檻 (酉寅)]-[['短篇', '同人', 'Fate', '強暴']]-[total_pages:46]
2026-10-11 01:53:06 - mkk_pika - main.py:49 - INFO - [{'_id': '5d25a129ee25ab4c6dd662e0', 'title': '第1集', 'order': 1, 'updated_at': '2019-07-09T14:40:13.978Z', 'id': '5d25a129ee25ab4c6dd662e0'}, {'_id': '5d447409b7e67b16f44d66f9', 'title': '汉化', 'order': 2, 'updated_at': '2019-08-02T12:55:08.215Z', 'id': '5d447409b7e67b16f44d66f9'}]
2026-10-11 01:53:06 - mkk_pika - database.py:215 - INFO - 第一次下载该漫画，记录数据库中
2026-10-11 01:53:07 - mkk_pika - main.py:83 - INFO - 找到 22 张图片在:第1集
2026-10-11 01:53:08 - mkk_pika - main.py:112 - INFO - [episode:第1集       ] downloaded:    22, total:  22, progress:100%
2026-10-11 01:53:08 - mkk_pika - database.py:238 - INFO - 数据库更新已下载章节
2026-10-11 01:53:08 - mkk_pika - database.py:244 - INFO - 该漫画已下载章节如下
2026-10-11 01:53:08 - mkk_pika - database.py:245 - INFO - ['第1集']
2026-10-11 01:53:10 - mkk_pika - main.py:83 - INFO - 找到 24 张图片在:汉化
2026-10-11 01:53:11 - mkk_pika - main.py:112 - INFO - [episode:汉化        ] downloaded:    24, total:  24, progress:100%
2026-10-11 01:53:11 - mkk_pika - database.py:238 - INFO - 数据库更新已下载章节
2026-10-11 01:53:11 - mkk_pika - database.py:244 - INFO - 该漫画已下载章节如下
2026-10-11 01:53:11 - mkk_pika - database.py:245 - INFO - ['第1集', '汉化']
2026-10-11 01:53:13 - mkk_pika - main.py:348 - INFO - ==================== 漫画信息 ====================
                                   漫画ID：5d25a129ee25ab4c6dd662df
                                   标题：(C95) ドスケベハロウィンパレード (Fate/Grand Order)
                                   作者：寅乃檻 (酉寅)
                                   是否完结：是
                                   总页数：46
                                   分类：短篇,同人,Fate,強暴
                                   章节数：2
                                   最后更新时间：2019-08-02T17:34:01.934Z
                                   =================================================
2026-10-11 01:53:13 - mkk_pika - database.py:101 - INFO - 保存成功：(C95) ドスケベハロウィンパレード (Fate/Grand Order)
2026-10-11 01:53:13 - mkk_pika - main.py:35 - INFO - 开始检查(COMIC1☆15) FGO 闇鍋合同 (Fate/Grand Order)是否存在未下载章节
2026-10-11 01:53:13 - mkk_pika - main.py:45 - INFO - 正在下载:[(COMIC1☆15) FGO 闇鍋合同 (Fate/Grand Order)]-[ドーシア (よろず)]-[['短篇', '同人', '純愛', 'NTR', '非人類', 'Fate']]-[total_pages:118]
2026-10-11 01:53:13 - mkk_pika - main.py:49 - INFO - [{'_id': '5cfe0ba7af8540523c4d2e32', 'title': '第1集', 'order': 1, 'updated_at': '2019-06-05T14:24:04.192Z', 'id': '5cfe0ba7af8540523c4d2e32'}, {'_id': '5d0f801d07a20d1dc41bbb2d', 'title': '部分翻译', 'order': 2, 'updated_at': '2019-06-23T05:58:20.899Z', 'id': '5d0f801d07a20d1dc41bbb2d'}, {'_id': '5d4474186ec29d1707864fdd', 'title': '汉化', 'order': 3, 'updated_at': '2019-08-02T13:19:19.513Z', 'id': '5d4474186ec29d1707864fdd'}]
2026-10-11 01:53:13 - mkk_pika - database.py:215 - INFO - 第一次下载该漫画，记录数据库中
2026-10-11 01:53:14 - mkk_pika - main.py:83 - INFO - 找到 49 张图片在:第1集
2026-10-11 01:53:16 - mkk_pika - main.py:112 - INFO - [episode:第1集       ] downloaded:    49, total:  49, progress:100%
2026-10-11 01:53:16 - mkk_pika - database.py:238 - INFO - 数据库更新已下载章节
2026-10-11 01:53:16 - mkk_pika - database.py:244 - INFO - 该漫画已下载章节如下
2026-10-11 01:53:16 - mkk_pika - database.py:245 - INFO - ['第1集']
2026-10-11 01:53:18 - mkk_pika - main.py:83 - INFO - 找到 18 张图片在:部分翻译
2026-10-11 01:53:19 - mkk_pika - main.py:112 - INFO - [episode:部分翻译      ] downloaded:    18, total:  18, progress:100%
2026-10-11 01:53:19 - mkk_pika - database.py:238 - INFO - 数据库更新已下载章节
2026-10-11 01:53:19 - mkk_pika - database.py:244 - INFO - 该漫画已下载章节如下
2026-10-11 01:53:19 - mkk_pika - database.py:245 - INFO - ['第1集', '部分翻译']
2026-10-11 01:53:21 - mkk_pika - main.py:83 - INFO - 找到 51 张图片在:汉化
2026-10-11 01:53:24 - mkk_pika - main.py:112 - INFO - [episode:汉化        ] downloaded:    51, total:  51, progress:100%
2026-10-11 01:53:24 - mkk_pika - database.py:238 - INFO - 数据库更新已下载章节
2026-10-11 01:53:24 - mkk_pika - database.py:244 - INFO - 该漫画已下载章节如下
2026-10-11 01:53:24 - mkk_pika - database.py:245 - INFO - ['第1集', '部分翻译', '汉化']
2026-10-11 01:53:25 - mkk_pika - main.py:348 - INFO - ==================== 漫画信息 ====================
                                   漫画ID：5cfe0ba7af8540523c4d2e31
                                   标题：(COMIC1☆15) FGO 闇鍋合同 (Fate/Grand Order)
                                   作者：ドーシア (よろず)
                                   是否完结：是
                                   总页数：118
                                   分类：短篇,同人,純愛,NTR,非人類,Fate
                                   章节数：3
                                   最后更新时间：2019-08-02T17:34:16.972Z
                                   =================================================
2026-10-11 01:53:25 - mkk_pika - database.py:101 - INFO - 保存成功：(COMIC1☆15) FGO 闇鍋合同 (Fate/Grand Order)
2026-10-11 01:53:25 - mkk_pika - main.py:35 - INFO - 开始检查 シンジくんの負け戦 (新世紀エヴァンゲリオン) [中国翻訳] [DL版]是否存在未下载章节
2026-10-11 01:53:25 - mkk_pika - main.py:45 - INFO - 正在下载:[ シンジくんの負け戦 (新世紀エヴァンゲリオン) [中国翻訳] [DL版]]-[TOPGUN (プリプリJET)]-[['短篇', '同人', '強暴']]-[total_pages:36]
2026-10-11 01:53:25 - mkk_pika - main.py:49 - INFO - [{'_id': '5d458344eff3e61701320054', 'title': '第1話', 'order': 1, 'updated_at': '2019-08-02T12:35:11.139Z', 'id': '5d458344eff3e61701320054'}]
2026-10-11 01:53:25 - mkk_pika - database.py:215 - INFO - 第一次下载该漫画，记录数据库中
2026-10-11 01:53:26 - mkk_pika - main.py:83 - INFO - 找到 36 张图片在:第1話
2026-10-11 01:53:28 - mkk_pika - main.py:112 - INFO - [episode:第1話       ] downloaded:    36, total:  36, progress:100%
2026-10-11 01:53:28 - mkk_pika - database.py:238 - INFO - 数据库更新已下载章节
2026-10-11 01:53:28 - mkk_pika - database.py:244 - INFO - 该漫画已下载章节如下
2026-10-11 01:53:28 - mkk_pika - database.py:245 - INFO - ['第1話']
2026-10-11 01:53:29 - mkk_pika - main.py:348 - INFO - ==================== 漫画信息 ====================
                                   漫画ID：5d458344eff3e61701320053
                                   标题： シンジくんの負け戦 (新世紀エヴァンゲリオン) [中国翻訳] [DL版]
                                   作者：TOPGUN (プリプリJET)
                                   是否完结：是
                                   总页数：36
                                   分类：短篇,同人,強暴
                                   章节数：1
                                   最后更新时间：2019-08-03T12:51:16.952Z
                                   =================================================
2026-10-11 01:53:29 - mkk_pika - database.py:101 - INFO - 保存成功： シンジくんの負け戦 (新世紀エヴァンゲリオン) [中国翻訳] [DL版]
2026-10-11 01:53:29 - mkk_pika - main.py:35 - INFO - 开始检查ナホマシン! [中国翻訳] [DL版]是否存在未下载章节
2026-10-11 01:53:29 - mkk_pika - main.py:45 - INFO - 正在下载:[ナホマシン! [中国翻訳] [DL版]]-[雑菌工業 (雑菌)]-[['短篇', '非人類']]-[total_pages:24]
2026-10-11 01:53:29 - mkk_pika - main.py:49 - INFO - [{'_id': '5d4583696ec29d170786571a', 'title': '第1話', 'order': 1, 'updated_at': '2019-08-02T12:48:32.104Z', 'id': '5d4583696ec29d170786571a'}]
2026-10-11 01:53:29 - mkk_pika - database.py:215 - INFO - 第一次下载该漫画，记录数据库中
2026-10-11 01:53:30 - mkk_pika - main.py:83 - INFO - 找到 24 张图片在:第1話
2026-10-11 01:53:31 - mkk_pika - main.py:112 - INFO - [episode:第1話       ] downloaded:    24, total:  24, progress:100%
2026-10-11 01:53:31 - mkk_pika - database.py:238 - INFO - 数据库更新已下载章节
2026-10-11 01:53:31 - mkk_pika - database.py:244 - INFO - 该漫画已下载章节如下
2026-10-11 01:53:31 - mkk_pika - database.py:245 - INFO - ['第1話']
2026-10-11 01:53:32 - mkk_pika - main.py:348 - INFO - ==================== 漫画信息 ====================
                                   漫画ID：5d4583696ec29d1707865719
                                   标题：ナホマシン! [中国翻訳] [DL版]
                                   作者：雑菌工業 (雑菌)
                                   是否完结：是
                                   总页数：24
                                   分类：短篇,非人類
                                   章节数：1
                                   最后更新时间：2019-08-03T12:51:53.113Z
                                   =================================================
2026-10-11 01:53:32 - mkk_pika - database.py:101 - INFO - 保存成功：ナホマシン! [中国翻訳] [DL版]
2026-10-11 01:53:32 - mkk_pika - main.py:35 - INFO - 开始检查(COMIC1☆13)  chatte de Mary ～マリー様の●●●●～ (ガールズ&パンツァー) [中国翻訳]是否存在未下载章节
2026-10-11 01:53:33 - mkk_pika - main.py:45 - INFO - 正在下载:[(COMIC1☆13)  chatte de Mary ～マリー様の●●●●～ (ガールズ&パンツァー) [中国翻訳]]-[スタジオみずよーかん (東戸塚らいすた)]-[['短篇', '同人', '全彩']]-[total_pages:32]
2026-10-11 01:53:33 - mkk_pika - main.py:49 - INFO - [{'_id': '5d4583e8db3ff116efc6ab17', 'title': '第1話', 'order': 1, 'updated_at': '2019-08-02T13:09:24.628Z', 'id': '5d4583e8db3ff116efc6ab17'}]
2026-10-11 01:53:33 - mkk_pika - database.py:215 - INFO - 第一次下载该漫画，记录数据库中
2026-10-11 01:53:33 - mkk_pika - main.py:83 - INFO - 找到 32 张图片在:第1話
2026-10-11 01:53:35 - mkk_pika - main.py:112 - INFO - [episode:第1話       ] downloaded:    32, total:  32, progress:100%
2026-10-11 01:53:35 - mkk_pika - database.py:238 - INFO - 数据库更新已下载章节
2026-10-11 01:53:35 - mkk_pika - database.py:244 - INFO - 该漫画已下载章节如下
2026-10-11 01:53:35 - mkk_pika - database.py:245 - INFO - ['第1話']
2026-10-11 01:53:36 - mkk_pika - main.py:348 - INFO - ==================== 漫画信息 ====================
                                   漫画ID：5d4583e8db3ff116efc6ab16
                                   标题：(COMIC1☆13)  chatte de Mary ～マリー様の●●●●～ (ガールズ&パンツァー) [中国翻訳]
                                   作者：スタジオみずよーかん (東戸塚らいすた)
                                   是否完结：是
                                   总页数：32
                                   分类：短篇,同人,全彩
                                   章节数：1
                                   最后更新时间：2019-08-03T12:54:00.868Z
                                   =================================================
2026-10-11 01:53:36 - mkk_pika - database.py:101 - INFO - 保存成功：(COMIC1☆13)  chatte de Mary ～マリー様の●●●●～ (ガールズ&パンツァー) [中国翻訳]
2026-10-11 01:53:36 - mkk_pika - main.py:35 - INFO - 开始检查 馬チンポケース 妹紅 (東方Project) [中国翻訳] [DL版]是否存在未下载章节
2026-10-11 01:53:37 - mkk_pika - main.py:45 - INFO - 正在下载:[ 馬チンポケース 妹紅 (東方Project) [中国翻訳] [DL版]]-[すどーファクトリー (すどー)]-[['短篇', '同人', '非人類', '東方']]-[total_pages:34]
2026-10-11 01:53:37 - mkk_pika - main.py:49 - INFO - [{'_id': '5d458486eff3e617013200dd', 'title': '第1話', 'order': 1, 'updated_at': '2019-08-02T13:30:37.271Z', 'id': '5d458486eff3e617013200dd'}]
2026-10-11 01:53:37 - mkk_pika - database.py:215 - INFO - 第一次下载该漫画，记录数据库中
2026-10-11 01:53:37 - mkk_pika - main.py:83 - INFO - 找到 34 张图片在:第1話
2026-10-11 01:53:39 - mkk_pika - main.py:112 - INFO - [episode:第1話       ] downloaded:    34, total:  34, progress:100%
2026-10-11 01:53:39 - mkk_pika - database.py:238 - INFO - 数据库更新已下载章节
2026-10-11 01:53:39 - mkk_pika - database.py:244 - INFO - 该漫画已下载章节如下
2026-10-11 01:53:39 - mkk_pika - database.py:245 - INFO - ['第1話']
2026-10-11 01:53:40 - mkk_pika - main.py:348 - INFO - ==================== 漫画信息 ====================
                                   漫画ID：5d458486eff3e617013200dc
                                   标题： 馬チンポケース 妹紅 (東方Project) [中国翻訳] [DL版]
                                   作者：すどーファクトリー (すどー)
                                   是否完结：是
                                   总页数：34
                                   分类：短篇,同人,非人類,東方
                                   章节数：1
                                   最后更新时间：2019-08-03T12:56:38.510Z
                                   =================================================
2026-10-11 01:53:40 - mkk_pika - database.py:101 - INFO - 保存成功： 馬チンポケース 妹紅 (東方Project) [中国翻訳] [DL版]
2026-10-11 01:53:40 - mkk_pika - main.py:35 - INFO - 开始检查ハラタマキヨタマ♥ (コミック・マショウ 2018年5月号) [中国翻訳] [DL版]是否存在未下载章节
2026-10-11 01:53:41 - mkk_pika - main.py:45 - INFO - 正在下载:[ハラタマキヨタマ♥ (コミック・マショウ 2018年5月号) [中国翻訳] [DL版]]-[やながわ理央]-[['短篇']]-[total_pages:16]
2026-10-11 01:53:41 - mkk_pika - main.py:49 - INFO - [{'_id': '5d45849aeff3e61701320102', 'title': '第1話', 'order': 1, 'updated_at': '2019-08-02T14:17:42.071Z', 'id': '5d45849aeff3e61701320102'}]
2026-10-11 01:53:41 - mkk_pika - database.py:215 - INFO - 第一次下载该漫画，记录数据库中
2026-10-11 01:53:41 - mkk_pika - main.py:83 - INFO - 找到 16 张图片在:第1話
2026-10-11 01:53:42 - mkk_pika - main.py:112 - INFO - [episode:第1話       ] downloaded:    16, total:  16, progress:100%
2026-10-11 01:53:42 - mkk_pika - database.py:238 - INFO - 数据库更新已下载章节
2026-10-11 01:53:42 - mkk_pika - database.py:244 - INFO - 该漫画已下载章节如下
2026-10-11 01:53:42 - mkk_pika - database.py:245 - INFO - ['第1話']
2026-10-11 01:53:44 - mkk_pika - main.py:348 - INFO - ==================== 漫画信息 ====================
                                   漫画ID：5d45849aeff3e61701320101
                                   标题：ハラタマキヨタマ♥ (コミック・マショウ 2018年5月号) [中国翻訳] [DL版]
                                   作者：やながわ理央
                                   是否完结：是
                                   总页数：16
                                   分类：短篇
                                   章节数：1
                                   最后更新时间：2019-08-03T12:56:58.364Z
                                   =================================================
2026-10-11 01:53:44 - mkk_pika - database.py:101 - INFO - 保存成功：ハラタマキヨタマ♥ (コミック・マショウ 2018年5月号) [中国翻訳] [DL版]
2026-10-11 01:53:44 - mkk_pika - main.py:380 - INFO - 本次任务下载完毕
2026-10-11 01:53:44 - mkk_pika - database.py:173 - INFO - 数据库连接已关闭
