2026-07-25 00:12:25 - mkk_pika - main.py:193 - INFO - =======================================================================
2026-07-25 00:12:25 - mkk_pika - database.py:61 - INFO - 表和索引初始化成功
2026-07-25 00:12:25 - mkk_pika - main.py:197 - INFO - 已经累计下载17632本漫画
2026-07-25 00:12:25 - mkk_pika - api.py:87 - INFO - 登录成功
2026-07-25 00:12:26 - mkk_pika - main.py:203 - INFO - 收藏夹共计0本漫画
2026-07-25 00:12:26 - mkk_pika - main.py:206 - INFO - 开始下载收藏夹内未下载内容
2026-07-25 00:12:26 - mkk_pika - main.py:266 - INFO - 收藏夹内容下载完毕
2026-07-25 00:12:26 - mkk_pika - main.py:268 - INFO - 开始下载订阅内容
2026-07-25 00:12:26 - mkk_pika - database.py:258 - INFO - 根据ID查询到标题：萝莉 -> あめのちろり～メスガキに犯されまくるお話～
2026-07-25 00:12:27 - mkk_pika - database.py:101 - INFO - 保存成功：TSロリおじさんの冒険 前戯編 | TS萝莉中年大叔的冒险 前戏篇
2026-07-25 00:12:27 - mkk_pika - main.py:273 - INFO - 关键词萝莉找到2本漫画
2026-07-25 00:12:27 - mkk_pika - database.py:258 - INFO - 根据ID查询到标题：蘿莉 -> 箱入りお嬢様の許嫁＋AFTER
2026-07-25 00:12:27 - mkk_pika - database.py:101 - INFO - 保存成功：エルフと結ぶ縁。
2026-07-25 00:12:27 - mkk_pika - main.py:273 - INFO - 关键词蘿莉找到4本漫画
2026-07-25 00:12:27 - mkk_pika - main.py:275 - INFO - 订阅内容共计6本漫画
2026-07-25 00:12:27 - mkk_pika - main.py:35 - INFO - 开始检查バイト中のゆ〜わく是否存在未下载章节
2026-07-25 00:12:27 - mkk_pika - main.py:45 - INFO - 正在下载:[バイト中のゆ〜わく]-[スミヅミ]-[['短篇', '純愛']]-[total_pages:-1]
2026-07-25 00:12:27 - mkk_pika - main.py:49 - INFO - [{'_id': '6a6397d265bf3e38d164dfa1', 'title': '第1話', 'order': 1, 'updated_at': '2026-07-22T14:45:35.543Z', 'id': '6a6397d265bf3e38d164dfa1'}]
2026-07-25 00:12:27 - mkk_pika - database.py:215 - INFO - 第一次下载该漫画，记录数据库中
2026-07-25 00:12:28 - mkk_pika - main.py:83 - INFO - 找到 26 张图片在:第1話
2026-07-25 00:12:30 - mkk_pika - main.py:112 - INFO - [episode:第1話       ] downloaded:    26, total:  26, progress:100%
2026-07-25 00:12:30 - mkk_pika - database.py:238 - INFO - 数据库更新已下载章节
2026-07-25 00:12:30 - mkk_pika - database.py:244 - INFO - 该漫画已下载章节如下
2026-07-25 00:12:30 - mkk_pika - database.py:245 - INFO - ['第1話']
2026-07-25 00:12:31 - mkk_pika - main.py:292 - INFO - ==================== 漫画信息 ====================
                                漫画ID：6a6397d265bf3e38d164dfa0
                                标题：バイト中のゆ〜わく
                                作者：スミヅミ
                                是否完结：是
                                总页数：26
                                分类：短篇,純愛
                                章节数：1
                                最后更新时间：2026-07-24T16:50:26.165Z
                                =================================================
2026-07-25 00:12:31 - mkk_pika - database.py:101 - INFO - 保存成功：バイト中のゆ〜わく
2026-07-25 00:12:31 - mkk_pika - main.py:35 - INFO - 开始检查TSロリおじさんの冒険 前戯編 | TS萝莉中年大叔的冒险 前戏篇是否存在未下载章节
2026-07-25 00:12:31 - mkk_pika - database.py:203 - INFO - 查询数据库中是否已存在第1話
2026-07-25 00:12:31 - mkk_pika - main.py:51 - INFO - TSロリおじさんの冒険 前戯編 | TS萝莉中年大叔的冒险 前戏篇中没有可下载章节
2026-07-25 00:12:31 - mkk_pika - main.py:292 - INFO - ==================== 漫画信息 ====================
                                漫画ID：6a60ee6836442f2baa99de88
                                标题：TSロリおじさんの冒険 前戯編 | TS萝莉中年大叔的冒险 前戏篇
                                作者：Asunaro Neat. (ろんな)
                                是否完结：否
                                总页数：63
                                分类：長篇,性轉換
                                章节数：1
                                最后更新时间：2026-07-22T16:23:04.996Z
                                =================================================
2026-07-25 00:12:31 - mkk_pika - database.py:101 - INFO - 保存成功：TSロリおじさんの冒険 前戯編 | TS萝莉中年大叔的冒险 前戏篇
2026-07-25 00:12:31 - mkk_pika - main.py:35 - INFO - 开始检查バイト中のゆ〜わく是否存在未下载章节
2026-07-25 00:12:32 - mkk_pika - database.py:203 - INFO - 查询数据库中是否已存在第1話
2026-07-25 00:12:32 - mkk_pika - main.py:51 - INFO - バイト中のゆ〜わく中没有可下载章节
2026-07-25 00:12:32 - mkk_pika - main.py:292 - INFO - ==================== 漫画信息 ====================
                                漫画ID：6a6397d265bf3e38d164dfa0
                                标题：バイト中のゆ〜わく
                                作者：スミヅミ
                                是否完结：是
                                总页数：26
                                分类：短篇,純愛
                                章节数：1
                                最后更新时间：2026-07-24T16:50:26.165Z
                                =================================================
2026-07-25 00:12:32 - mkk_pika - database.py:101 - INFO - 保存成功：バイト中のゆ〜わく
2026-07-25 00:12:32 - mkk_pika - main.py:35 - INFO - 开始检查エルフと結ぶ縁。是否存在未下载章节
2026-07-25 00:12:32 - mkk_pika - main.py:45 - INFO - 正在下载:[エルフと結ぶ縁。]-[いーすとはうす (パン☆工場)]-[['短篇', '同人', '全彩', '純愛']]-[total_pages:-1]
2026-07-25 00:12:32 - mkk_pika - main.py:49 - INFO - [{'_id': '6a6397b5f4c3d86f3d33456d', 'title': '第1話', 'order': 1, 'updated_at': '2026-07-24T10:14:52.432Z', 'id': '6a6397b5f4c3d86f3d33456d'}]
2026-07-25 00:12:32 - mkk_pika - database.py:215 - INFO - 第一次下载该漫画，记录数据库中
2026-07-25 00:12:33 - mkk_pika - main.py:83 - INFO - 找到 42 张图片在:第1話
2026-07-25 00:12:35 - mkk_pika - main.py:112 - INFO - [episode:第1話       ] downloaded:    42, total:  42, progress:100%
2026-07-25 00:12:35 - mkk_pika - database.py:238 - INFO - 数据库更新已下载章节
2026-07-25 00:12:35 - mkk_pika - database.py:244 - INFO - 该漫画已下载章节如下
2026-07-25 00:12:35 - mkk_pika - database.py:245 - INFO - ['第1話']
2026-07-25 00:12:36 - mkk_pika - main.py:292 - INFO - ==================== 漫画信息 ====================
                                漫画ID：6a6397b5f4c3d86f3d33456c
                                标题：エルフと結ぶ縁。
                                作者：いーすとはうす (パン☆工場)
                                是否完结：是
                                总页数：42
                                分类：短篇,同人,全彩,純愛
                                章节数：1
                                最后更新时间：2026-07-24T16:49:57.502Z
                                =================================================
2026-07-25 00:12:36 - mkk_pika - database.py:101 - INFO - 保存成功：エルフと結ぶ縁。
2026-07-25 00:12:36 - mkk_pika - main.py:35 - INFO - 开始检查全部君のせいだ。総集編 EXTRA是否存在未下载章节
2026-07-25 00:12:36 - mkk_pika - main.py:45 - INFO - 正在下载:[全部君のせいだ。総集編 EXTRA]-[毛玉牛乳 (玉之けだま)]-[['單行本', '非人類', '長篇']]-[total_pages:-1]
2026-07-25 00:12:36 - mkk_pika - main.py:49 - INFO - [{'_id': '65feaa3e0e1f9c3023035dbd', 'title': '第1-3話（買動漫）', 'order': 1, 'updated_at': '2026-07-24T16:48:00.545Z', 'id': '65feaa3e0e1f9c3023035dbd'}, {'_id': '6779667f2411e4473ce999b1', 'title': '第4話', 'order': 2, 'updated_at': '2025-01-04T15:04:04.033Z', 'id': '6779667f2411e4473ce999b1'}, {'_id': '6a639740da07296f27566db9', 'title': '第4話（買動漫）', 'order': 3, 'updated_at': '2026-07-23T17:25:03.213Z', 'id': '6a639740da07296f27566db9'}]
2026-07-25 00:12:36 - mkk_pika - database.py:215 - INFO - 第一次下载该漫画，记录数据库中
2026-07-25 00:12:38 - mkk_pika - main.py:83 - INFO - 找到 223 张图片在:第1－3話（買動漫）
2026-07-25 00:12:49 - mkk_pika - main.py:112 - INFO - [episode:第1-3話（買動漫）] downloaded:   223, total: 223, progress:100%
2026-07-25 00:12:49 - mkk_pika - database.py:238 - INFO - 数据库更新已下载章节
2026-07-25 00:12:49 - mkk_pika - database.py:244 - INFO - 该漫画已下载章节如下
2026-07-25 00:12:49 - mkk_pika - database.py:245 - INFO - ['第1-3話（買動漫）']
2026-07-25 00:12:51 - mkk_pika - main.py:83 - INFO - 找到 34 张图片在:第4話
2026-07-25 00:12:52 - mkk_pika - main.py:112 - INFO - [episode:第4話       ] downloaded:    34, total:  34, progress:100%
2026-07-25 00:12:52 - mkk_pika - database.py:238 - INFO - 数据库更新已下载章节
2026-07-25 00:12:52 - mkk_pika - database.py:244 - INFO - 该漫画已下载章节如下
2026-07-25 00:12:52 - mkk_pika - database.py:245 - INFO - ['第1-3話（買動漫）', '第4話']
2026-07-25 00:12:54 - mkk_pika - main.py:83 - INFO - 找到 39 张图片在:第4話（買動漫）
2026-07-25 00:12:56 - mkk_pika - main.py:112 - INFO - [episode:第4話（買動漫）  ] downloaded:    39, total:  39, progress:100%
2026-07-25 00:12:56 - mkk_pika - database.py:238 - INFO - 数据库更新已下载章节
2026-07-25 00:12:56 - mkk_pika - database.py:244 - INFO - 该漫画已下载章节如下
2026-07-25 00:12:56 - mkk_pika - database.py:245 - INFO - ['第1-3話（買動漫）', '第4話', '第4話（買動漫）']
2026-07-25 00:12:57 - mkk_pika - main.py:292 - INFO - ==================== 漫画信息 ====================
                                漫画ID：65feaa3e0e1f9c3023035dbc
                                标题：全部君のせいだ。総集編 EXTRA
                                作者：毛玉牛乳 (玉之けだま)
                                是否完结：是
                                总页数：296
                                分类：單行本,非人類,長篇
                                章节数：3
                                最后更新时间：2026-07-24T16:48:00.537Z
                                =================================================
2026-07-25 00:12:57 - mkk_pika - database.py:101 - INFO - 保存成功：全部君のせいだ。総集編 EXTRA
2026-07-25 00:12:57 - mkk_pika - main.py:35 - INFO - 开始检查TS少女ハルキくん総集編是否存在未下载章节
2026-07-25 00:12:57 - mkk_pika - database.py:203 - INFO - 查询数据库中是否已存在第1話
2026-07-25 00:12:57 - mkk_pika - database.py:203 - INFO - 查询数据库中是否已存在第2話
2026-07-25 00:12:57 - mkk_pika - database.py:203 - INFO - 查询数据库中是否已存在総集編 上
2026-07-25 00:12:57 - mkk_pika - database.py:203 - INFO - 查询数据库中是否已存在総集編 下
2026-07-25 00:12:57 - mkk_pika - main.py:45 - INFO - 正在下载:[TS少女ハルキくん総集編]-[コデインガール (ドバト)]-[['性轉換', '長篇', '純愛']]-[total_pages:-1]
2026-07-25 00:12:57 - mkk_pika - main.py:49 - INFO - [{'_id': '6a60eeb9e87d0b72cf180fa6', 'title': '総集編 上', 'order': 3, 'updated_at': '2026-07-24T16:46:04.332Z', 'id': '6a60eeb9e87d0b72cf180fa6'}, {'_id': '6a6396ccf4c3d86f3d334453', 'title': '総集編 下', 'order': 4, 'updated_at': '2026-07-23T14:30:29.160Z', 'id': '6a6396ccf4c3d86f3d334453'}]
2026-07-25 00:12:59 - mkk_pika - main.py:83 - INFO - 找到 222 张图片在:総集編上
2026-07-25 00:13:08 - mkk_pika - main.py:112 - INFO - [episode:総集編 上     ] downloaded:   222, total: 222, progress:100%
2026-07-25 00:13:08 - mkk_pika - database.py:238 - INFO - 数据库更新已下载章节
2026-07-25 00:13:08 - mkk_pika - database.py:244 - INFO - 该漫画已下载章节如下
2026-07-25 00:13:08 - mkk_pika - database.py:245 - INFO - ['第1話', '第2話', '総集編', '総集編 上']
2026-07-25 00:13:11 - mkk_pika - main.py:83 - INFO - 找到 221 张图片在:総集編下
2026-07-25 00:13:21 - mkk_pika - main.py:112 - INFO - [episode:総集編 下     ] downloaded:   221, total: 221, progress:100%
2026-07-25 00:13:21 - mkk_pika - database.py:238 - INFO - 数据库更新已下载章节
2026-07-25 00:13:21 - mkk_pika - database.py:244 - INFO - 该漫画已下载章节如下
2026-07-25 00:13:21 - mkk_pika - database.py:245 - INFO - ['第1話', '第2話', '総集編', '総集編 上', '総集編 下']
2026-07-25 00:13:23 - mkk_pika - main.py:292 - INFO - ==================== 漫画信息 ====================
                                漫画ID：5ff5dc5672e5533ddc11354b
                                标题：TS少女ハルキくん総集編
                                作者：コデインガール (ドバト)
                                是否完结：是
                                总页数：569
                                分类：性轉換,長篇,純愛
                                章节数：4
                                最后更新时间：2026-07-24T16:46:04.306Z
                                =================================================
2026-07-25 00:13:23 - mkk_pika - database.py:101 - INFO - 保存成功：TS少女ハルキくん総集編
2026-07-25 00:13:23 - mkk_pika - main.py:323 - INFO - 订阅内容内容下载完毕
2026-07-25 00:13:23 - mkk_pika - main.py:324 - INFO - 开始分批下载全部章节
2026-07-25 00:13:23 - mkk_pika - database.py:280 - INFO - 表和索引初始化成功
2026-07-25 00:13:23 - mkk_pika - main.py:177 - INFO - 已经下载了1313页，一共7035页，现在开始添加第1314页
2026-07-25 00:13:23 - mkk_pika - database.py:318 - INFO - 保存成功
2026-07-25 00:13:24 - mkk_pika - main.py:177 - INFO - 已经下载了1314页，一共7035页，现在开始添加第1315页
2026-07-25 00:13:24 - mkk_pika - database.py:318 - INFO - 保存成功
2026-07-25 00:13:24 - mkk_pika - main.py:177 - INFO - 已经下载了1315页，一共7035页，现在开始添加第1316页
2026-07-25 00:13:25 - mkk_pika - database.py:318 - INFO - 保存成功
2026-07-25 00:13:25 - mkk_pika - main.py:177 - INFO - 已经下载了1316页，一共7035页，现在开始添加第1317页
2026-07-25 00:13:26 - mkk_pika - database.py:318 - INFO - 保存成功
2026-07-25 00:13:26 - mkk_pika - main.py:177 - INFO - 已经下载了1317页，一共7035页，现在开始添加第1318页
2026-07-25 00:13:26 - mkk_pika - database.py:318 - INFO - 保存成功
2026-07-25 00:13:26 - mkk_pika - main.py:331 - INFO - 分批下载共计69本漫画
2026-07-25 00:13:26 - mkk_pika - main.py:35 - INFO - 开始检查どの子とあそぶ? | 要和哪个孩子玩?是否存在未下载章节
2026-07-25 00:13:27 - mkk_pika - main.py:45 - INFO - 正在下载:[どの子とあそぶ? | 要和哪个孩子玩?]-[Rico]-[['長篇', '妹妹系']]-[total_pages:91]
2026-07-25 00:13:27 - mkk_pika - main.py:49 - INFO - [{'_id': '5c2b38ce84147c7249647034', 'title': '第1集', 'order': 1, 'updated_at': '2019-01-01T02:46:12.227Z', 'id': '5c2b38ce84147c7249647034'}]
2026-07-25 00:13:27 - mkk_pika - database.py:215 - INFO - 第一次下载该漫画，记录数据库中
2026-07-25 00:13:28 - mkk_pika - main.py:83 - INFO - 找到 91 张图片在:第1集
2026-07-25 00:13:33 - mkk_pika - main.py:112 - INFO - [episode:第1集       ] downloaded:    91, total:  91, progress:100%
2026-07-25 00:13:33 - mkk_pika - database.py:238 - INFO - 数据库更新已下载章节
2026-07-25 00:13:33 - mkk_pika - database.py:244 - INFO - 该漫画已下载章节如下
2026-07-25 00:13:33 - mkk_pika - database.py:245 - INFO - ['第1集']
2026-07-25 00:13:34 - mkk_pika - main.py:348 - INFO - ==================== 漫画信息 ====================
                                   漫画ID：5c2b38ce84147c7249647033
                                   标题：どの子とあそぶ? | 要和哪个孩子玩?
                                   作者：Rico
                                   是否完结：是
                                   总页数：91
                                   分类：長篇,妹妹系
                                   章节数：1
                                   最后更新时间：2019-01-01T09:54:22.147Z
                                   =================================================
2026-07-25 00:13:34 - mkk_pika - database.py:101 - INFO - 保存成功：どの子とあそぶ? | 要和哪个孩子玩?
2026-07-25 00:13:34 - mkk_pika - main.py:35 - INFO - 开始检查オネクシィ是否存在未下载章节
2026-07-25 00:13:34 - mkk_pika - main.py:45 - INFO - 正在下载:[オネクシィ]-[Fromシコるーと (よろず)]-[['長篇', '姐姐系']]-[total_pages:83]
2026-07-25 00:13:34 - mkk_pika - main.py:49 - INFO - [{'_id': '5c2b38ddb82c217251890536', 'title': '第1集', 'order': 1, 'updated_at': '2019-01-01T02:53:32.382Z', 'id': '5c2b38ddb82c217251890536'}]
2026-07-25 00:13:34 - mkk_pika - database.py:215 - INFO - 第一次下载该漫画，记录数据库中
2026-07-25 00:13:35 - mkk_pika - main.py:83 - INFO - 找到 83 张图片在:第1集
2026-07-25 00:13:39 - mkk_pika - main.py:112 - INFO - [episode:第1集       ] downloaded:    83, total:  83, progress:100%
2026-07-25 00:13:39 - mkk_pika - database.py:238 - INFO - 数据库更新已下载章节
2026-07-25 00:13:39 - mkk_pika - database.py:244 - INFO - 该漫画已下载章节如下
2026-07-25 00:13:39 - mkk_pika - database.py:245 - INFO - ['第1集']
2026-07-25 00:13:41 - mkk_pika - main.py:348 - INFO - ==================== 漫画信息 ====================
                                   漫画ID：5c2b38ddb82c217251890535
                                   标题：オネクシィ
                                   作者：Fromシコるーと (よろず)
                                   是否完结：是
                                   总页数：83
                                   分类：長篇,姐姐系
                                   章节数：1
                                   最后更新时间：2019-01-01T09:54:37.606Z
                                   =================================================
2026-07-25 00:13:41 - mkk_pika - database.py:101 - INFO - 保存成功：オネクシィ
2026-07-25 00:13:41 - mkk_pika - main.py:35 - INFO - 开始检查帮姐姐治疗身体是否存在未下载章节
2026-07-25 00:13:41 - mkk_pika - main.py:45 - INFO - 正在下载:[帮姐姐治疗身体]-[987726782]-[['全彩', '短篇', '姐姐系']]-[total_pages:36]
2026-07-25 00:13:41 - mkk_pika - main.py:49 - INFO - [{'_id': '5c2b38f0124f371bc1b39399', 'title': '第1集', 'order': 1, 'updated_at': '2018-12-31T06:30:28.927Z', 'id': '5c2b38f0124f371bc1b39399'}]
2026-07-25 00:13:41 - mkk_pika - database.py:215 - INFO - 第一次下载该漫画，记录数据库中
2026-07-25 00:13:41 - mkk_pika - main.py:83 - INFO - 找到 36 张图片在:第1集
2026-07-25 00:13:44 - mkk_pika - main.py:112 - INFO - [episode:第1集       ] downloaded:    36, total:  36, progress:100%
2026-07-25 00:13:44 - mkk_pika - database.py:238 - INFO - 数据库更新已下载章节
2026-07-25 00:13:44 - mkk_pika - database.py:244 - INFO - 该漫画已下载章节如下
2026-07-25 00:13:44 - mkk_pika - database.py:245 - INFO - ['第1集']
2026-07-25 00:13:45 - mkk_pika - main.py:348 - INFO - ==================== 漫画信息 ====================
                                   漫画ID：5c2b38f0124f371bc1b39398
                                   标题：帮姐姐治疗身体
                                   作者：987726782
                                   是否完结：是
                                   总页数：36
                                   分类：全彩,短篇,姐姐系
                                   章节数：1
                                   最后更新时间：2019-01-01T09:54:56.059Z
                                   =================================================
2026-07-25 00:13:45 - mkk_pika - database.py:101 - INFO - 保存成功：帮姐姐治疗身体
2026-07-25 00:13:45 - mkk_pika - main.py:35 - INFO - 开始检查妹の琴里と変な空気になった是否存在未下载章节
2026-07-25 00:13:45 - mkk_pika - main.py:45 - INFO - 正在下载:[妹の琴里と変な空気になった]-[新式エロパロ (新式)]-[['短篇', '妹妹系', '同人']]-[total_pages:19]
2026-07-25 00:13:45 - mkk_pika - main.py:49 - INFO - [{'_id': '5c2b392d16e7a320a17f4d07', 'title': '第1集', 'order': 1, 'updated_at': '2018-12-25T07:16:06.782Z', 'id': '5c2b392d16e7a320a17f4d07'}]
2026-07-25 00:13:45 - mkk_pika - database.py:215 - INFO - 第一次下载该漫画，记录数据库中
2026-07-25 00:13:46 - mkk_pika - main.py:83 - INFO - 找到 19 张图片在:第1集
2026-07-25 00:13:47 - mkk_pika - main.py:112 - INFO - [episode:第1集       ] downloaded:    19, total:  19, progress:100%
2026-07-25 00:13:47 - mkk_pika - database.py:238 - INFO - 数据库更新已下载章节
2026-07-25 00:13:47 - mkk_pika - database.py:244 - INFO - 该漫画已下载章节如下
2026-07-25 00:13:47 - mkk_pika - database.py:245 - INFO - ['第1集']
2026-07-25 00:13:48 - mkk_pika - main.py:348 - INFO - ==================== 漫画信息 ====================
                                   漫画ID：5c2b392d16e7a320a17f4d06
                                   标题：妹の琴里と変な空気になった
                                   作者：新式エロパロ (新式)
                                   是否完结：是
                                   总页数：19
                                   分类：短篇,妹妹系,同人
                                   章节数：1
                                   最后更新时间：2019-01-01T09:55:57.401Z
                                   =================================================
2026-07-25 00:13:48 - mkk_pika - database.py:101 - INFO - 保存成功：妹の琴里と変な空気になった
2026-07-25 00:13:48 - mkk_pika - main.py:35 - INFO - 开始检查十香ヲレ○プ是否存在未下载章节
2026-07-25 00:13:48 - mkk_pika - main.py:45 - INFO - 正在下载:[十香ヲレ○プ]-[龍虎乃巣 (がなり龍）]-[['全彩', '同人', '短篇', '強暴', 'NTR']]-[total_pages:17]
2026-07-25 00:13:48 - mkk_pika - main.py:49 - INFO - [{'_id': '5c2b393c9063e71bb9ba03c8', 'title': '第1集', 'order': 1, 'updated_at': '2018-12-25T07:26:52.100Z', 'id': '5c2b393c9063e71bb9ba03c8'}]
2026-07-25 00:13:48 - mkk_pika - database.py:215 - INFO - 第一次下载该漫画，记录数据库中
2026-07-25 00:13:49 - mkk_pika - main.py:83 - INFO - 找到 17 张图片在:第1集
2026-07-25 00:13:50 - mkk_pika - main.py:112 - INFO - [episode:第1集       ] downloaded:    17, total:  17, progress:100%
2026-07-25 00:13:50 - mkk_pika - database.py:238 - INFO - 数据库更新已下载章节
2026-07-25 00:13:50 - mkk_pika - database.py:244 - INFO - 该漫画已下载章节如下
2026-07-25 00:13:50 - mkk_pika - database.py:245 - INFO - ['第1集']
2026-07-25 00:13:51 - mkk_pika - main.py:348 - INFO - ==================== 漫画信息 ====================
                                   漫画ID：5c2b393c9063e71bb9ba03c7
                                   标题：十香ヲレ○プ
                                   作者：龍虎乃巣 (がなり龍）
                                   是否完结：是
                                   总页数：17
                                   分类：全彩,同人,短篇,強暴,NTR
                                   章节数：1
                                   最后更新时间：2019-01-01T09:56:12.676Z
                                   =================================================
2026-07-25 00:13:51 - mkk_pika - database.py:101 - INFO - 保存成功：十香ヲレ○プ
2026-07-25 00:13:51 - mkk_pika - main.py:35 - INFO - 开始检查VeryShy06 - DATExPADxKantai是否存在未下载章节
2026-07-25 00:13:52 - mkk_pika - main.py:45 - INFO - 正在下载:[VeryShy06 - DATExPADxKantai]-[LaoMeng (老孟)]-[['全彩', '同人', '短篇', '性轉換', '艦隊收藏', '後宮閃光', '妹妹系']]-[total_pages:19]
2026-07-25 00:13:52 - mkk_pika - main.py:49 - INFO - [{'_id': '5c2b3962124f371bc1b393c3', 'title': '第1集', 'order': 1, 'updated_at': '2018-12-25T07:46:12.645Z', 'id': '5c2b3962124f371bc1b393c3'}]
2026-07-25 00:13:52 - mkk_pika - database.py:215 - INFO - 第一次下载该漫画，记录数据库中
2026-07-25 00:13:52 - mkk_pika - main.py:83 - INFO - 找到 19 张图片在:第1集
2026-07-25 00:13:54 - mkk_pika - main.py:112 - INFO - [episode:第1集       ] downloaded:    19, total:  19, progress:100%
2026-07-25 00:13:54 - mkk_pika - database.py:238 - INFO - 数据库更新已下载章节
2026-07-25 00:13:54 - mkk_pika - database.py:244 - INFO - 该漫画已下载章节如下
2026-07-25 00:13:54 - mkk_pika - database.py:245 - INFO - ['第1集']
2026-07-25 00:13:55 - mkk_pika - main.py:348 - INFO - ==================== 漫画信息 ====================
                                   漫画ID：5c2b3962124f371bc1b393c2
                                   标题：VeryShy06 - DATExPADxKantai
                                   作者：LaoMeng (老孟)
                                   是否完结：是
                                   总页数：19
                                   分类：全彩,同人,短篇,性轉換,艦隊收藏,後宮閃光,妹妹系
                                   章节数：1
                                   最后更新时间：2019-01-01T09:56:50.930Z
                                   =================================================
2026-07-25 00:13:55 - mkk_pika - database.py:101 - INFO - 保存成功：VeryShy06 - DATExPADxKantai
2026-07-25 00:13:55 - mkk_pika - main.py:35 - INFO - 开始检查(C95) 新田のおねーちゃん (アイドルマスターシンデレラガールズ)是否存在未下载章节
2026-07-25 00:13:55 - mkk_pika - main.py:45 - INFO - 正在下载:[(C95) 新田のおねーちゃん (アイドルマスターシンデレラガールズ)]-[ピアニッシモ (ピジャ)]-[['同人', '短篇', '姐姐系']]-[total_pages:27]
2026-07-25 00:13:55 - mkk_pika - main.py:49 - INFO - [{'_id': '5c2b39ef9063e71bb9ba0598', 'title': '第1集', 'order': 1, 'updated_at': '2019-01-01T09:57:18.730Z', 'id': '5c2b39ef9063e71bb9ba0598'}]
2026-07-25 00:13:55 - mkk_pika - database.py:215 - INFO - 第一次下载该漫画，记录数据库中
2026-07-25 00:13:56 - mkk_pika - main.py:83 - INFO - 找到 27 张图片在:第1集
2026-07-25 00:13:57 - mkk_pika - main.py:112 - INFO - [episode:第1集       ] downloaded:    27, total:  27, progress:100%
2026-07-25 00:13:57 - mkk_pika - database.py:238 - INFO - 数据库更新已下载章节
2026-07-25 00:13:57 - mkk_pika - database.py:244 - INFO - 该漫画已下载章节如下
2026-07-25 00:13:57 - mkk_pika - database.py:245 - INFO - ['第1集']
2026-07-25 00:13:59 - mkk_pika - main.py:348 - INFO - ==================== 漫画信息 ====================
                                   漫画ID：5c2b39ef9063e71bb9ba0597
                                   标题：(C95) 新田のおねーちゃん (アイドルマスターシンデレラガールズ)
                                   作者：ピアニッシモ (ピジャ)
                                   是否完结：是
                                   总页数：27
                                   分类：同人,短篇,姐姐系
                                   章节数：1
                                   最后更新时间：2019-01-01T09:59:11.349Z
                                   =================================================
2026-07-25 00:13:59 - mkk_pika - database.py:101 - INFO - 保存成功：(C95) 新田のおねーちゃん (アイドルマスターシンデレラガールズ)
2026-07-25 00:13:59 - mkk_pika - main.py:35 - INFO - 开始检查姉弟子そんなに赤い顔してどうしたんです 是否存在未下载章节
2026-07-25 00:13:59 - mkk_pika - main.py:45 - INFO - 正在下载:[姉弟子そんなに赤い顔してどうしたんです ]-[Imitation Moon (成海優)]-[['同人', '短篇', '純愛']]-[total_pages:23]
2026-07-25 00:13:59 - mkk_pika - main.py:49 - INFO - [{'_id': '5c2b3a2b9063e71bb9ba05b7', 'title': '第1集', 'order': 1, 'updated_at': '2018-12-25T08:06:46.181Z', 'id': '5c2b3a2b9063e71bb9ba05b7'}]
2026-07-25 00:13:59 - mkk_pika - database.py:215 - INFO - 第一次下载该漫画，记录数据库中
2026-07-25 00:14:00 - mkk_pika - main.py:83 - INFO - 找到 23 张图片在:第1集
2026-07-25 00:14:01 - mkk_pika - main.py:112 - INFO - [episode:第1集       ] downloaded:    23, total:  23, progress:100%
2026-07-25 00:14:01 - mkk_pika - database.py:238 - INFO - 数据库更新已下载章节
2026-07-25 00:14:01 - mkk_pika - database.py:244 - INFO - 该漫画已下载章节如下
2026-07-25 00:14:01 - mkk_pika - database.py:245 - INFO - ['第1集']
2026-07-25 00:14:02 - mkk_pika - main.py:348 - INFO - ==================== 漫画信息 ====================
                                   漫画ID：5c2b3a2b9063e71bb9ba05b6
                                   标题：姉弟子そんなに赤い顔してどうしたんです 
                                   作者：Imitation Moon (成海優)
                                   是否完结：是
                                   总页数：23
                                   分类：同人,短篇,純愛
                                   章节数：1
                                   最后更新时间：2019-01-01T10:00:11.603Z
                                   =================================================
2026-07-25 00:14:02 - mkk_pika - database.py:101 - INFO - 保存成功：姉弟子そんなに赤い顔してどうしたんです 
2026-07-25 00:14:02 - mkk_pika - main.py:35 - INFO - 开始检查露出少女遊戯 2 弐姦是否存在未下载章节
2026-07-25 00:14:03 - mkk_pika - main.py:45 - INFO - 正在下载:[露出少女遊戯 2 弐姦]-[valssu (茶琉)]-[['短篇']]-[total_pages:42]
2026-07-25 00:14:03 - mkk_pika - main.py:49 - INFO - [{'_id': '5c2c5e36124f371bc1b3977f', 'title': '第1集', 'order': 1, 'updated_at': '2018-12-26T06:19:12.265Z', 'id': '5c2c5e36124f371bc1b3977f'}]
2026-07-25 00:14:03 - mkk_pika - database.py:215 - INFO - 第一次下载该漫画，记录数据库中
2026-07-25 00:14:04 - mkk_pika - main.py:83 - INFO - 找到 42 张图片在:第1集
2026-07-25 00:14:07 - mkk_pika - main.py:112 - INFO - [episode:第1集       ] downloaded:    42, total:  42, progress:100%
2026-07-25 00:14:07 - mkk_pika - database.py:238 - INFO - 数据库更新已下载章节
2026-07-25 00:14:07 - mkk_pika - database.py:244 - INFO - 该漫画已下载章节如下
2026-07-25 00:14:07 - mkk_pika - database.py:245 - INFO - ['第1集']
2026-07-25 00:14:08 - mkk_pika - main.py:348 - INFO - ==================== 漫画信息 ====================
                                   漫画ID：5c2c5e36124f371bc1b3977e
                                   标题：露出少女遊戯 2 弐姦
                                   作者：valssu (茶琉)
                                   是否完结：是
                                   总页数：42
                                   分类：短篇
                                   章节数：1
                                   最后更新时间：2019-01-02T06:46:14.216Z
                                   =================================================
2026-07-25 00:14:08 - mkk_pika - database.py:101 - INFO - 保存成功：露出少女遊戯 2 弐姦
2026-07-25 00:14:08 - mkk_pika - main.py:35 - INFO - 开始检查露出少女遊戯 3 参姦是否存在未下载章节
2026-07-25 00:14:08 - mkk_pika - main.py:45 - INFO - 正在下载:[露出少女遊戯 3 参姦]-[valssu (茶琉)]-[['短篇', '強暴']]-[total_pages:34]
2026-07-25 00:14:08 - mkk_pika - main.py:49 - INFO - [{'_id': '5c2c5e66b82c217251890c8b', 'title': '第1集', 'order': 1, 'updated_at': '2018-12-26T06:23:38.138Z', 'id': '5c2c5e66b82c217251890c8b'}]
2026-07-25 00:14:08 - mkk_pika - database.py:215 - INFO - 第一次下载该漫画，记录数据库中
2026-07-25 00:14:09 - mkk_pika - main.py:83 - INFO - 找到 34 张图片在:第1集
2026-07-25 00:14:11 - mkk_pika - main.py:112 - INFO - [episode:第1集       ] downloaded:    34, total:  34, progress:100%
2026-07-25 00:14:11 - mkk_pika - database.py:238 - INFO - 数据库更新已下载章节
2026-07-25 00:14:11 - mkk_pika - database.py:244 - INFO - 该漫画已下载章节如下
2026-07-25 00:14:11 - mkk_pika - database.py:245 - INFO - ['第1集']
2026-07-25 00:14:12 - mkk_pika - main.py:348 - INFO - ==================== 漫画信息 ====================
                                   漫画ID：5c2c5e66b82c217251890c8a
                                   标题：露出少女遊戯 3 参姦
                                   作者：valssu (茶琉)
                                   是否完结：是
                                   总页数：34
                                   分类：短篇,強暴
                                   章节数：1
                                   最后更新时间：2019-01-02T06:47:02.949Z
                                   =================================================
2026-07-25 00:14:12 - mkk_pika - database.py:101 - INFO - 保存成功：露出少女遊戯 3 参姦
2026-07-25 00:14:12 - mkk_pika - main.py:35 - INFO - 开始检查露出少女遊戯 4 肆姦是否存在未下载章节
2026-07-25 00:14:12 - mkk_pika - main.py:45 - INFO - 正在下载:[露出少女遊戯 4 肆姦]-[valssu (茶琉)]-[['短篇', '強暴']]-[total_pages:103]
2026-07-25 00:14:12 - mkk_pika - main.py:49 - INFO - [{'_id': '5c2c5e8084147c72496476bc', 'title': '第1集', 'order': 1, 'updated_at': '2018-12-26T06:29:10.273Z', 'id': '5c2c5e8084147c72496476bc'}]
2026-07-25 00:14:12 - mkk_pika - database.py:215 - INFO - 第一次下载该漫画，记录数据库中
2026-07-25 00:14:13 - mkk_pika - main.py:83 - INFO - 找到 103 张图片在:第1集
2026-07-25 00:14:19 - mkk_pika - main.py:112 - INFO - [episode:第1集       ] downloaded:   103, total: 103, progress:100%
2026-07-25 00:14:19 - mkk_pika - database.py:238 - INFO - 数据库更新已下载章节
2026-07-25 00:14:19 - mkk_pika - database.py:244 - INFO - 该漫画已下载章节如下
2026-07-25 00:14:19 - mkk_pika - database.py:245 - INFO - ['第1集']
2026-07-25 00:14:20 - mkk_pika - main.py:348 - INFO - ==================== 漫画信息 ====================
                                   漫画ID：5c2c5e8084147c72496476bb
                                   标题：露出少女遊戯 4 肆姦
                                   作者：valssu (茶琉)
                                   是否完结：是
                                   总页数：103
                                   分类：短篇,強暴
                                   章节数：1
                                   最后更新时间：2019-01-02T06:47:28.558Z
                                   =================================================
2026-07-25 00:14:20 - mkk_pika - database.py:101 - INFO - 保存成功：露出少女遊戯 4 肆姦
2026-07-25 00:14:20 - mkk_pika - main.py:35 - INFO - 开始检查露出少女遊戯 5 伍姦是否存在未下载章节
2026-07-25 00:14:20 - mkk_pika - main.py:45 - INFO - 正在下载:[露出少女遊戯 5 伍姦]-[valssu (茶琉)]-[['短篇', '強暴']]-[total_pages:50]
2026-07-25 00:14:20 - mkk_pika - main.py:49 - INFO - [{'_id': '5c2c5e8d2bfd547280f6978d', 'title': '第1集', 'order': 1, 'updated_at': '2018-12-26T06:34:15.775Z', 'id': '5c2c5e8d2bfd547280f6978d'}]
2026-07-25 00:14:20 - mkk_pika - database.py:215 - INFO - 第一次下载该漫画，记录数据库中
2026-07-25 00:14:21 - mkk_pika - main.py:83 - INFO - 找到 50 张图片在:第1集
2026-07-25 00:14:25 - mkk_pika - main.py:112 - INFO - [episode:第1集       ] downloaded:    50, total:  50, progress:100%
2026-07-25 00:14:25 - mkk_pika - database.py:238 - INFO - 数据库更新已下载章节
2026-07-25 00:14:25 - mkk_pika - database.py:244 - INFO - 该漫画已下载章节如下
2026-07-25 00:14:25 - mkk_pika - database.py:245 - INFO - ['第1集']
2026-07-25 00:14:26 - mkk_pika - main.py:348 - INFO - ==================== 漫画信息 ====================
                                   漫画ID：5c2c5e8d2bfd547280f6978c
                                   标题：露出少女遊戯 5 伍姦
                                   作者：valssu (茶琉)
                                   是否完结：是
                                   总页数：50
                                   分类：短篇,強暴
                                   章节数：1
                                   最后更新时间：2019-01-02T06:47:41.953Z
                                   =================================================
2026-07-25 00:14:26 - mkk_pika - database.py:101 - INFO - 保存成功：露出少女遊戯 5 伍姦
2026-07-25 00:14:26 - mkk_pika - main.py:35 - INFO - 开始检查 Y豚ちゃんスイッチ (対魔忍ユキカゼ)是否存在未下载章节
2026-07-25 00:14:26 - mkk_pika - main.py:45 - INFO - 正在下载:[ Y豚ちゃんスイッチ (対魔忍ユキカゼ)]-[らいじんぐさん (たかのつめ)]-[['短篇', '同人', 'NTR']]-[total_pages:26]
2026-07-25 00:14:26 - mkk_pika - main.py:49 - INFO - [{'_id': '5c2c5f3584147c7249647728', 'title': '第1集', 'order': 1, 'updated_at': '2019-01-01T03:40:47.811Z', 'id': '5c2c5f3584147c7249647728'}]
2026-07-25 00:14:26 - mkk_pika - database.py:215 - INFO - 第一次下载该漫画，记录数据库中
2026-07-25 00:14:27 - mkk_pika - main.py:83 - INFO - 找到 26 张图片在:第1集
2026-07-25 00:14:28 - mkk_pika - main.py:112 - INFO - [episode:第1集       ] downloaded:    26, total:  26, progress:100%
2026-07-25 00:14:28 - mkk_pika - database.py:238 - INFO - 数据库更新已下载章节
2026-07-25 00:14:28 - mkk_pika - database.py:244 - INFO - 该漫画已下载章节如下
2026-07-25 00:14:28 - mkk_pika - database.py:245 - INFO - ['第1集']
2026-07-25 00:14:29 - mkk_pika - main.py:348 - INFO - ==================== 漫画信息 ====================
                                   漫画ID：5c2c5f3584147c7249647727
                                   标题： Y豚ちゃんスイッチ (対魔忍ユキカゼ)
                                   作者：らいじんぐさん (たかのつめ)
                                   是否完结：是
                                   总页数：26
                                   分类：短篇,同人,NTR
                                   章节数：1
                                   最后更新时间：2019-01-02T06:50:29.085Z
                                   =================================================
2026-07-25 00:14:29 - mkk_pika - database.py:101 - INFO - 保存成功： Y豚ちゃんスイッチ (対魔忍ユキカゼ)
2026-07-25 00:14:29 - mkk_pika - main.py:35 - INFO - 开始检查梦之咲学院的转校生把偶像们吃干抹净了是真的吗!?是否存在未下载章节
2026-07-25 00:14:30 - mkk_pika - main.py:45 - INFO - 正在下载:[梦之咲学院的转校生把偶像们吃干抹净了是真的吗!?]-[ありすの宝箱 (水龍敬)]-[['同人', '短篇', '後宮閃光']]-[total_pages:40]
2026-07-25 00:14:30 - mkk_pika - main.py:49 - INFO - [{'_id': '5c2c5f692ffd0b728a846797', 'title': '第1集', 'order': 1, 'updated_at': '2019-01-02T05:37:42.250Z', 'id': '5c2c5f692ffd0b728a846797'}]
2026-07-25 00:14:30 - mkk_pika - database.py:215 - INFO - 第一次下载该漫画，记录数据库中
2026-07-25 00:14:30 - mkk_pika - main.py:83 - INFO - 找到 40 张图片在:第1集
2026-07-25 00:14:32 - mkk_pika - main.py:112 - INFO - [episode:第1集       ] downloaded:    40, total:  40, progress:100%
2026-07-25 00:14:32 - mkk_pika - database.py:238 - INFO - 数据库更新已下载章节
2026-07-25 00:14:32 - mkk_pika - database.py:244 - INFO - 该漫画已下载章节如下
2026-07-25 00:14:32 - mkk_pika - database.py:245 - INFO - ['第1集']
2026-07-25 00:14:34 - mkk_pika - main.py:348 - INFO - ==================== 漫画信息 ====================
                                   漫画ID：5c2c5f692ffd0b728a846796
                                   标题：梦之咲学院的转校生把偶像们吃干抹净了是真的吗!?
                                   作者：ありすの宝箱 (水龍敬)
                                   是否完结：是
                                   总页数：40
                                   分类：同人,短篇,後宮閃光
                                   章节数：1
                                   最后更新时间：2019-01-02T06:51:21.927Z
                                   =================================================
2026-07-25 00:14:34 - mkk_pika - database.py:101 - INFO - 保存成功：梦之咲学院的转校生把偶像们吃干抹净了是真的吗!?
2026-07-25 00:14:34 - mkk_pika - main.py:35 - INFO - 开始检查耿丽娜的窒息实验是否存在未下载章节
2026-07-25 00:14:34 - mkk_pika - main.py:45 - INFO - 正在下载:[耿丽娜的窒息实验]-[伏地萌]-[['全彩', '長篇', '百合花園']]-[total_pages:235]
2026-07-25 00:14:34 - mkk_pika - main.py:49 - INFO - [{'_id': '5c2c5f7b2bfd547280f697f9', 'title': '第1集', 'order': 1, 'updated_at': '2018-12-26T06:58:59.392Z', 'id': '5c2c5f7b2bfd547280f697f9'}, {'_id': '5c2c5f7b2bfd547280f697fa', 'title': '第2集', 'order': 2, 'updated_at': '2018-12-26T07:01:32.410Z', 'id': '5c2c5f7b2bfd547280f697fa'}]
2026-07-25 00:14:34 - mkk_pika - database.py:215 - INFO - 第一次下载该漫画，记录数据库中
2026-07-25 00:14:35 - mkk_pika - main.py:83 - INFO - 找到 124 张图片在:第1集
2026-07-25 00:14:40 - mkk_pika - main.py:112 - INFO - [episode:第1集       ] downloaded:   124, total: 124, progress:100%
2026-07-25 00:14:40 - mkk_pika - database.py:238 - INFO - 数据库更新已下载章节
2026-07-25 00:14:40 - mkk_pika - database.py:244 - INFO - 该漫画已下载章节如下
2026-07-25 00:14:40 - mkk_pika - database.py:245 - INFO - ['第1集']
2026-07-25 00:14:42 - mkk_pika - main.py:83 - INFO - 找到 111 张图片在:第2集
2026-07-25 00:14:47 - mkk_pika - main.py:112 - INFO - [episode:第2集       ] downloaded:   111, total: 111, progress:100%
2026-07-25 00:14:47 - mkk_pika - database.py:238 - INFO - 数据库更新已下载章节
2026-07-25 00:14:47 - mkk_pika - database.py:244 - INFO - 该漫画已下载章节如下
2026-07-25 00:14:47 - mkk_pika - database.py:245 - INFO - ['第1集', '第2集']
2026-07-25 00:14:48 - mkk_pika - main.py:348 - INFO - ==================== 漫画信息 ====================
                                   漫画ID：5c2c5f7b2bfd547280f697f8
                                   标题：耿丽娜的窒息实验
                                   作者：伏地萌
                                   是否完结：是
                                   总页数：235
                                   分类：全彩,長篇,百合花園
                                   章节数：2
                                   最后更新时间：2019-01-02T06:51:39.866Z
                                   =================================================
2026-07-25 00:14:48 - mkk_pika - database.py:101 - INFO - 保存成功：耿丽娜的窒息实验
2026-07-25 00:14:48 - mkk_pika - main.py:35 - INFO - 开始检查被催眠的萨塔妮亚是否存在未下载章节
2026-07-25 00:14:48 - mkk_pika - main.py:45 - INFO - 正在下载:[被催眠的萨塔妮亚]-[vahn_yourdoom]-[['全彩', '同人', '短篇', '強暴', '非人類']]-[total_pages:17]
2026-07-25 00:14:48 - mkk_pika - main.py:49 - INFO - [{'_id': '5c2c605284147c724964774a', 'title': '狗', 'order': 1, 'updated_at': '2018-12-30T07:45:45.961Z', 'id': '5c2c605284147c724964774a'}, {'_id': '5c2c605284147c724964774b', 'title': '自慰', 'order': 2, 'updated_at': '2018-12-30T07:46:13.923Z', 'id': '5c2c605284147c724964774b'}]
2026-07-25 00:14:48 - mkk_pika - database.py:215 - INFO - 第一次下载该漫画，记录数据库中
2026-07-25 00:14:49 - mkk_pika - main.py:83 - INFO - 找到 10 张图片在:狗
2026-07-25 00:14:49 - mkk_pika - main.py:112 - INFO - [episode:狗         ] downloaded:    10, total:  10, progress:100%
2026-07-25 00:14:49 - mkk_pika - database.py:238 - INFO - 数据库更新已下载章节
2026-07-25 00:14:49 - mkk_pika - database.py:244 - INFO - 该漫画已下载章节如下
2026-07-25 00:14:49 - mkk_pika - database.py:245 - INFO - ['狗']
2026-07-25 00:14:51 - mkk_pika - main.py:83 - INFO - 找到 7 张图片在:自慰
2026-07-25 00:14:51 - mkk_pika - main.py:112 - INFO - [episode:自慰        ] downloaded:     7, total:   7, progress:100%
2026-07-25 00:14:51 - mkk_pika - database.py:238 - INFO - 数据库更新已下载章节
2026-07-25 00:14:51 - mkk_pika - database.py:244 - INFO - 该漫画已下载章节如下
2026-07-25 00:14:51 - mkk_pika - database.py:245 - INFO - ['狗', '自慰']
2026-07-25 00:14:53 - mkk_pika - main.py:348 - INFO - ==================== 漫画信息 ====================
                                   漫画ID：5c2c605284147c7249647749
                                   标题：被催眠的萨塔妮亚
                                   作者：vahn_yourdoom
                                   是否完结：是
                                   总页数：17
                                   分类：全彩,同人,短篇,強暴,非人類
                                   章节数：2
                                   最后更新时间：2019-01-02T06:55:14.703Z
                                   =================================================
2026-07-25 00:14:53 - mkk_pika - database.py:101 - INFO - 保存成功：被催眠的萨塔妮亚
2026-07-25 00:14:53 - mkk_pika - main.py:35 - INFO - 开始检查ウィッチダウン・ストライク是否存在未下载章节
2026-07-25 00:14:53 - mkk_pika - main.py:45 - INFO - 正在下载:[ウィッチダウン・ストライク]-[あんこまん]-[['短篇', '強暴', '非人類']]-[total_pages:24]
2026-07-25 00:14:53 - mkk_pika - main.py:49 - INFO - [{'_id': '5c2c6171124f371bc1b397b0', 'title': '第1集', 'order': 1, 'updated_at': '2019-01-01T03:54:26.467Z', 'id': '5c2c6171124f371bc1b397b0'}]
2026-07-25 00:14:53 - mkk_pika - database.py:215 - INFO - 第一次下载该漫画，记录数据库中
2026-07-25 00:14:54 - mkk_pika - main.py:83 - INFO - 找到 24 张图片在:第1集
2026-07-25 00:14:55 - mkk_pika - main.py:112 - INFO - [episode:第1集       ] downloaded:    24, total:  24, progress:100%
2026-07-25 00:14:55 - mkk_pika - database.py:238 - INFO - 数据库更新已下载章节
2026-07-25 00:14:55 - mkk_pika - database.py:244 - INFO - 该漫画已下载章节如下
2026-07-25 00:14:55 - mkk_pika - database.py:245 - INFO - ['第1集']
2026-07-25 00:14:56 - mkk_pika - main.py:348 - INFO - ==================== 漫画信息 ====================
                                   漫画ID：5c2c6171124f371bc1b397af
                                   标题：ウィッチダウン・ストライク
                                   作者：あんこまん
                                   是否完结：是
                                   总页数：24
                                   分类：短篇,強暴,非人類
                                   章节数：1
                                   最后更新时间：2019-01-02T07:00:01.721Z
                                   =================================================
2026-07-25 00:14:56 - mkk_pika - database.py:101 - INFO - 保存成功：ウィッチダウン・ストライク
2026-07-25 00:14:56 - mkk_pika - main.py:35 - INFO - 开始检查露出少女遊戯 6 陸姦是否存在未下载章节
2026-07-25 00:14:56 - mkk_pika - main.py:45 - INFO - 正在下载:[露出少女遊戯 6 陸姦]-[valssu (茶琉)]-[['短篇']]-[total_pages:72]
2026-07-25 00:14:56 - mkk_pika - main.py:49 - INFO - [{'_id': '5c2c62b02ffd0b728a846812', 'title': '第1集', 'order': 1, 'updated_at': '2018-12-26T06:38:30.334Z', 'id': '5c2c62b02ffd0b728a846812'}]
2026-07-25 00:14:56 - mkk_pika - database.py:215 - INFO - 第一次下载该漫画，记录数据库中
2026-07-25 00:14:57 - mkk_pika - main.py:83 - INFO - 找到 72 张图片在:第1集
2026-07-25 00:15:01 - mkk_pika - main.py:112 - INFO - [episode:第1集       ] downloaded:    72, total:  72, progress:100%
2026-07-25 00:15:01 - mkk_pika - database.py:238 - INFO - 数据库更新已下载章节
2026-07-25 00:15:01 - mkk_pika - database.py:244 - INFO - 该漫画已下载章节如下
2026-07-25 00:15:01 - mkk_pika - database.py:245 - INFO - ['第1集']
2026-07-25 00:15:02 - mkk_pika - main.py:348 - INFO - ==================== 漫画信息 ====================
                                   漫画ID：5c2c62b02ffd0b728a846811
                                   标题：露出少女遊戯 6 陸姦
                                   作者：valssu (茶琉)
                                   是否完结：是
                                   总页数：72
                                   分类：短篇
                                   章节数：1
                                   最后更新时间：2019-01-02T07:05:20.042Z
                                   =================================================
2026-07-25 00:15:02 - mkk_pika - database.py:101 - INFO - 保存成功：露出少女遊戯 6 陸姦
2026-07-25 00:15:02 - mkk_pika - main.py:35 - INFO - 开始检查露出少女遊戯 7 漆姦是否存在未下载章节
2026-07-25 00:15:03 - mkk_pika - main.py:45 - INFO - 正在下载:[露出少女遊戯 7 漆姦]-[valssu (茶琉)]-[['短篇']]-[total_pages:50]
2026-07-25 00:15:03 - mkk_pika - main.py:49 - INFO - [{'_id': '5c2c62c024ea73445e008e74', 'title': '第1集', 'order': 1, 'updated_at': '2018-12-26T06:43:52.962Z', 'id': '5c2c62c024ea73445e008e74'}]
2026-07-25 00:15:03 - mkk_pika - database.py:215 - INFO - 第一次下载该漫画，记录数据库中
2026-07-25 00:15:04 - mkk_pika - main.py:83 - INFO - 找到 50 张图片在:第1集
2026-07-25 00:15:07 - mkk_pika - main.py:112 - INFO - [episode:第1集       ] downloaded:    50, total:  50, progress:100%
2026-07-25 00:15:07 - mkk_pika - database.py:238 - INFO - 数据库更新已下载章节
2026-07-25 00:15:07 - mkk_pika - database.py:244 - INFO - 该漫画已下载章节如下
2026-07-25 00:15:07 - mkk_pika - database.py:245 - INFO - ['第1集']
2026-07-25 00:15:08 - mkk_pika - main.py:348 - INFO - ==================== 漫画信息 ====================
                                   漫画ID：5c2c62c024ea73445e008e73
                                   标题：露出少女遊戯 7 漆姦
                                   作者：valssu (茶琉)
                                   是否完结：否
                                   总页数：50
                                   分类：短篇
                                   章节数：1
                                   最后更新时间：2019-01-02T07:05:36.391Z
                                   =================================================
2026-07-25 00:15:08 - mkk_pika - database.py:101 - INFO - 保存成功：露出少女遊戯 7 漆姦
2026-07-25 00:15:08 - mkk_pika - main.py:35 - INFO - 开始检查(C89) 現役B級1位ヒーロー地獄のフブキAVデビュー!! (ワンパンマン)是否存在未下载章节
2026-07-25 00:15:09 - mkk_pika - main.py:45 - INFO - 正在下载:[(C89) 現役B級1位ヒーロー地獄のフブキAVデビュー!! (ワンパンマン)]-[ハイスラスト (いのまる)]-[['短篇', '同人']]-[total_pages:29]
2026-07-25 00:15:09 - mkk_pika - main.py:49 - INFO - [{'_id': '5c2c631484147c7249647791', 'title': '第1集', 'order': 1, 'updated_at': '2018-12-28T05:46:41.755Z', 'id': '5c2c631484147c7249647791'}]
2026-07-25 00:15:09 - mkk_pika - database.py:215 - INFO - 第一次下载该漫画，记录数据库中
2026-07-25 00:15:10 - mkk_pika - main.py:83 - INFO - 找到 29 张图片在:第1集
2026-07-25 00:15:11 - mkk_pika - main.py:112 - INFO - [episode:第1集       ] downloaded:    29, total:  29, progress:100%
2026-07-25 00:15:11 - mkk_pika - database.py:238 - INFO - 数据库更新已下载章节
2026-07-25 00:15:11 - mkk_pika - database.py:244 - INFO - 该漫画已下载章节如下
2026-07-25 00:15:11 - mkk_pika - database.py:245 - INFO - ['第1集']
2026-07-25 00:15:12 - mkk_pika - main.py:348 - INFO - ==================== 漫画信息 ====================
                                   漫画ID：5c2c631484147c7249647790
                                   标题：(C89) 現役B級1位ヒーロー地獄のフブキAVデビュー!! (ワンパンマン)
                                   作者：ハイスラスト (いのまる)
                                   是否完结：是
                                   总页数：29
                                   分类：短篇,同人
                                   章节数：1
                                   最后更新时间：2019-01-02T07:07:00.409Z
                                   =================================================
2026-07-25 00:15:12 - mkk_pika - database.py:101 - INFO - 保存成功：(C89) 現役B級1位ヒーロー地獄のフブキAVデビュー!! (ワンパンマン)
2026-07-25 00:15:12 - mkk_pika - main.py:35 - INFO - 开始检查(C87) ミナミシンドローム (アイドルマスター シンデレラガールズ)是否存在未下载章节
2026-07-25 00:15:13 - mkk_pika - main.py:45 - INFO - 正在下载:[(C87) ミナミシンドローム (アイドルマスター シンデレラガールズ)]-[てろめあな (ぐすたふ)]-[['短篇', '同人', '純愛']]-[total_pages:28]
2026-07-25 00:15:13 - mkk_pika - main.py:49 - INFO - [{'_id': '5c2c632cb82c217251890cdb', 'title': '第1集', 'order': 1, 'updated_at': '2018-12-28T06:43:02.037Z', 'id': '5c2c632cb82c217251890cdb'}]
2026-07-25 00:15:13 - mkk_pika - database.py:215 - INFO - 第一次下载该漫画，记录数据库中
2026-07-25 00:15:13 - mkk_pika - main.py:83 - INFO - 找到 28 张图片在:第1集
2026-07-25 00:15:15 - mkk_pika - main.py:112 - INFO - [episode:第1集       ] downloaded:    28, total:  28, progress:100%
2026-07-25 00:15:15 - mkk_pika - database.py:238 - INFO - 数据库更新已下载章节
2026-07-25 00:15:15 - mkk_pika - database.py:244 - INFO - 该漫画已下载章节如下
2026-07-25 00:15:15 - mkk_pika - database.py:245 - INFO - ['第1集']
2026-07-25 00:15:16 - mkk_pika - main.py:348 - INFO - ==================== 漫画信息 ====================
                                   漫画ID：5c2c632cb82c217251890cda
                                   标题：(C87) ミナミシンドローム (アイドルマスター シンデレラガールズ)
                                   作者：てろめあな (ぐすたふ)
                                   是否完结：是
                                   总页数：28
                                   分类：短篇,同人,純愛
                                   章节数：1
                                   最后更新时间：2019-01-02T07:07:24.467Z
                                   =================================================
2026-07-25 00:15:16 - mkk_pika - database.py:101 - INFO - 保存成功：(C87) ミナミシンドローム (アイドルマスター シンデレラガールズ)
2026-07-25 00:15:16 - mkk_pika - main.py:35 - INFO - 开始检查(C89) 職権乱用許しません (アイドルマスター シンデレラガールズ)是否存在未下载章节
2026-07-25 00:15:16 - mkk_pika - main.py:45 - INFO - 正在下载:[(C89) 職権乱用許しません (アイドルマスター シンデレラガールズ)]-[てろめあな (ぐすたふ)]-[['短篇', '同人', '純愛']]-[total_pages:37]
2026-07-25 00:15:16 - mkk_pika - main.py:49 - INFO - [{'_id': '5c2c6362a660eb4466f200d2', 'title': '第1集', 'order': 1, 'updated_at': '2018-12-28T06:52:09.682Z', 'id': '5c2c6362a660eb4466f200d2'}]
2026-07-25 00:15:16 - mkk_pika - database.py:215 - INFO - 第一次下载该漫画，记录数据库中
2026-07-25 00:15:17 - mkk_pika - main.py:83 - INFO - 找到 37 张图片在:第1集
2026-07-25 00:15:19 - mkk_pika - main.py:112 - INFO - [episode:第1集       ] downloaded:    37, total:  37, progress:100%
2026-07-25 00:15:19 - mkk_pika - database.py:238 - INFO - 数据库更新已下载章节
2026-07-25 00:15:19 - mkk_pika - database.py:244 - INFO - 该漫画已下载章节如下
2026-07-25 00:15:19 - mkk_pika - database.py:245 - INFO - ['第1集']
2026-07-25 00:15:20 - mkk_pika - main.py:348 - INFO - ==================== 漫画信息 ====================
                                   漫画ID：5c2c6362a660eb4466f200d1
                                   标题：(C89) 職権乱用許しません (アイドルマスター シンデレラガールズ)
                                   作者：てろめあな (ぐすたふ)
                                   是否完结：是
                                   总页数：37
                                   分类：短篇,同人,純愛
                                   章节数：1
                                   最后更新时间：2019-01-02T07:08:18.154Z
                                   =================================================
2026-07-25 00:15:20 - mkk_pika - database.py:101 - INFO - 保存成功：(C89) 職権乱用許しません (アイドルマスター シンデレラガールズ)
2026-07-25 00:15:20 - mkk_pika - main.py:35 - INFO - 开始检查ねこ系彼女 (ラブライブ!) 是否存在未下载章节
2026-07-25 00:15:20 - mkk_pika - main.py:45 - INFO - 正在下载:[ねこ系彼女 (ラブライブ!) ]-[ちまちま (ちぃま)]-[['同人', '短篇', '純愛', '百合花園', 'Love Live']]-[total_pages:32]
2026-07-25 00:15:20 - mkk_pika - main.py:49 - INFO - [{'_id': '5c2c6387f3c9c21befadb025', 'title': '第1集', 'order': 1, 'updated_at': '2018-12-28T07:14:45.894Z', 'id': '5c2c6387f3c9c21befadb025'}]
2026-07-25 00:15:20 - mkk_pika - database.py:215 - INFO - 第一次下载该漫画，记录数据库中
2026-07-25 00:15:21 - mkk_pika - main.py:83 - INFO - 找到 32 张图片在:第1集
2026-07-25 00:15:23 - mkk_pika - main.py:112 - INFO - [episode:第1集       ] downloaded:    32, total:  32, progress:100%
2026-07-25 00:15:23 - mkk_pika - database.py:238 - INFO - 数据库更新已下载章节
2026-07-25 00:15:23 - mkk_pika - database.py:244 - INFO - 该漫画已下载章节如下
2026-07-25 00:15:23 - mkk_pika - database.py:245 - INFO - ['第1集']
2026-07-25 00:15:24 - mkk_pika - main.py:348 - INFO - ==================== 漫画信息 ====================
                                   漫画ID：5c2c6387f3c9c21befadb024
                                   标题：ねこ系彼女 (ラブライブ!) 
                                   作者：ちまちま (ちぃま)
                                   是否完结：是
                                   总页数：32
                                   分类：同人,短篇,純愛,百合花園,Love Live
                                   章节数：1
                                   最后更新时间：2019-01-02T07:08:55.267Z
                                   =================================================
2026-07-25 00:15:24 - mkk_pika - database.py:101 - INFO - 保存成功：ねこ系彼女 (ラブライブ!) 
2026-07-25 00:15:24 - mkk_pika - main.py:35 - INFO - 开始检查シコリコ動画是否存在未下载章节
2026-07-25 00:15:24 - mkk_pika - main.py:45 - INFO - 正在下载:[シコリコ動画]-[Deadnoodles]-[['短篇', '同人', '百合花園', 'Love Live']]-[total_pages:31]
2026-07-25 00:15:24 - mkk_pika - main.py:49 - INFO - [{'_id': '5c2c63a0124f371bc1b397e4', 'title': '第1集', 'order': 1, 'updated_at': '2019-01-02T06:17:06.695Z', 'id': '5c2c63a0124f371bc1b397e4'}]
2026-07-25 00:15:24 - mkk_pika - database.py:215 - INFO - 第一次下载该漫画，记录数据库中
2026-07-25 00:15:25 - mkk_pika - main.py:83 - INFO - 找到 31 张图片在:第1集
2026-07-25 00:15:27 - mkk_pika - main.py:112 - INFO - [episode:第1集       ] downloaded:    31, total:  31, progress:100%
2026-07-25 00:15:27 - mkk_pika - database.py:238 - INFO - 数据库更新已下载章节
2026-07-25 00:15:27 - mkk_pika - database.py:244 - INFO - 该漫画已下载章节如下
2026-07-25 00:15:27 - mkk_pika - database.py:245 - INFO - ['第1集']
2026-07-25 00:15:28 - mkk_pika - main.py:348 - INFO - ==================== 漫画信息 ====================
                                   漫画ID：5c2c63a0124f371bc1b397e3
                                   标题：シコリコ動画
                                   作者：Deadnoodles
                                   是否完结：是
                                   总页数：31
                                   分类：短篇,同人,百合花園,Love Live
                                   章节数：1
                                   最后更新时间：2019-01-02T07:09:20.727Z
                                   =================================================
2026-07-25 00:15:28 - mkk_pika - database.py:101 - INFO - 保存成功：シコリコ動画
2026-07-25 00:15:28 - mkk_pika - main.py:35 - INFO - 开始检查(C94)ヨハネコ調教日記是否存在未下载章节
2026-07-25 00:15:28 - mkk_pika - main.py:45 - INFO - 正在下载:[(C94)ヨハネコ調教日記]-[Deadnoodles]-[['短篇', '同人', '純愛', '百合花園', 'SM', 'Love Live']]-[total_pages:35]
2026-07-25 00:15:28 - mkk_pika - main.py:49 - INFO - [{'_id': '5c2c63b52ffd0b728a84685f', 'title': '第1集', 'order': 1, 'updated_at': '2019-01-02T06:00:25.206Z', 'id': '5c2c63b52ffd0b728a84685f'}]
2026-07-25 00:15:28 - mkk_pika - database.py:215 - INFO - 第一次下载该漫画，记录数据库中
2026-07-25 00:15:29 - mkk_pika - main.py:83 - INFO - 找到 35 张图片在:第1集
2026-07-25 00:15:30 - mkk_pika - main.py:112 - INFO - [episode:第1集       ] downloaded:    35, total:  35, progress:100%
2026-07-25 00:15:30 - mkk_pika - database.py:238 - INFO - 数据库更新已下载章节
2026-07-25 00:15:30 - mkk_pika - database.py:244 - INFO - 该漫画已下载章节如下
2026-07-25 00:15:30 - mkk_pika - database.py:245 - INFO - ['第1集']
2026-07-25 00:15:31 - mkk_pika - main.py:348 - INFO - ==================== 漫画信息 ====================
                                   漫画ID：5c2c63b42ffd0b728a84685e
                                   标题：(C94)ヨハネコ調教日記
                                   作者：Deadnoodles
                                   是否完结：是
                                   总页数：35
                                   分类：短篇,同人,純愛,百合花園,SM,Love Live
                                   章节数：1
                                   最后更新时间：2019-01-02T07:09:40.993Z
                                   =================================================
2026-07-25 00:15:31 - mkk_pika - database.py:101 - INFO - 保存成功：(C94)ヨハネコ調教日記
2026-07-25 00:15:31 - mkk_pika - main.py:35 - INFO - 开始检查(COMIC1☆12) 司令!ご報告です!! (艦隊これくしょん -艦これ-)是否存在未下载章节
2026-07-25 00:15:32 - mkk_pika - main.py:45 - INFO - 正在下载:[(COMIC1☆12) 司令!ご報告です!! (艦隊これくしょん -艦これ-)]-[INFINITY DRIVE (京極しん)]-[['同人', '短篇', '艦隊收藏']]-[total_pages:23]
2026-07-25 00:15:32 - mkk_pika - main.py:49 - INFO - [{'_id': '5c2c64352bfd547280f699ef', 'title': '第1集', 'order': 1, 'updated_at': '2019-01-02T06:04:09.026Z', 'id': '5c2c64352bfd547280f699ef'}]
2026-07-25 00:15:32 - mkk_pika - database.py:215 - INFO - 第一次下载该漫画，记录数据库中
2026-07-25 00:15:32 - mkk_pika - main.py:83 - INFO - 找到 23 张图片在:第1集
2026-07-25 00:15:34 - mkk_pika - main.py:112 - INFO - [episode:第1集       ] downloaded:    23, total:  23, progress:100%
2026-07-25 00:15:34 - mkk_pika - database.py:238 - INFO - 数据库更新已下载章节
2026-07-25 00:15:34 - mkk_pika - database.py:244 - INFO - 该漫画已下载章节如下
2026-07-25 00:15:34 - mkk_pika - database.py:245 - INFO - ['第1集']
2026-07-25 00:15:35 - mkk_pika - main.py:348 - INFO - ==================== 漫画信息 ====================
                                   漫画ID：5c2c64352bfd547280f699ee
                                   标题：(COMIC1☆12) 司令!ご報告です!! (艦隊これくしょん -艦これ-)
                                   作者：INFINITY DRIVE (京極しん)
                                   是否完结：是
                                   总页数：23
                                   分类：同人,短篇,艦隊收藏
                                   章节数：1
                                   最后更新时间：2019-01-02T07:11:49.965Z
                                   =================================================
2026-07-25 00:15:35 - mkk_pika - database.py:101 - INFO - 保存成功：(COMIC1☆12) 司令!ご報告です!! (艦隊これくしょん -艦これ-)
2026-07-25 00:15:35 - mkk_pika - main.py:35 - INFO - 开始检查VictimGirls26 マスターvsメスチャイルド (Fate/Grand Order)是否存在未下载章节
2026-07-25 00:15:35 - mkk_pika - main.py:45 - INFO - 正在下载:[VictimGirls26 マスターvsメスチャイルド (Fate/Grand Order)]-[Fatalpulse (朝凪)]-[['同人', '短篇', 'Fate', '後宮閃光']]-[total_pages:32]
2026-07-25 00:15:35 - mkk_pika - main.py:49 - INFO - [{'_id': '5c2c6483b82c217251890cfd', 'title': '第1集', 'order': 1, 'updated_at': '2019-01-01T15:29:22.460Z', 'id': '5c2c6483b82c217251890cfd'}]
2026-07-25 00:15:35 - mkk_pika - database.py:215 - INFO - 第一次下载该漫画，记录数据库中
2026-07-25 00:15:36 - mkk_pika - main.py:83 - INFO - 找到 32 张图片在:第1集
2026-07-25 00:15:37 - mkk_pika - main.py:112 - INFO - [episode:第1集       ] downloaded:    32, total:  32, progress:100%
2026-07-25 00:15:37 - mkk_pika - database.py:238 - INFO - 数据库更新已下载章节
2026-07-25 00:15:37 - mkk_pika - database.py:244 - INFO - 该漫画已下载章节如下
2026-07-25 00:15:37 - mkk_pika - database.py:245 - INFO - ['第1集']
2026-07-25 00:15:38 - mkk_pika - main.py:348 - INFO - ==================== 漫画信息 ====================
                                   漫画ID：5c2c6483b82c217251890cfc
                                   标题：VictimGirls26 マスターvsメスチャイルド (Fate/Grand Order)
                                   作者：Fatalpulse (朝凪)
                                   是否完结：是
                                   总页数：32
                                   分类：同人,短篇,Fate,後宮閃光
                                   章节数：1
                                   最后更新时间：2019-01-02T07:13:07.330Z
                                   =================================================
2026-07-25 00:15:38 - mkk_pika - database.py:101 - INFO - 保存成功：VictimGirls26 マスターvsメスチャイルド (Fate/Grand Order)
2026-07-25 00:15:38 - mkk_pika - main.py:35 - INFO - 开始检查雷電姉妹と夜のデイリー任務 ショタ提督編 (艦隊これくしょん -艦これ-)是否存在未下载章节
2026-07-25 00:15:38 - mkk_pika - main.py:45 - INFO - 正在下载:[雷電姉妹と夜のデイリー任務 ショタ提督編 (艦隊これくしょん -艦これ-)]-[HANEKAZE (秋月つかさ)]-[['同人', '短篇', '艦隊收藏', '後宮閃光']]-[total_pages:28]
2026-07-25 00:15:38 - mkk_pika - main.py:49 - INFO - [{'_id': '5c2c65671c2dc42064e821bc', 'title': '第1集', 'order': 1, 'updated_at': '2019-01-01T15:37:09.718Z', 'id': '5c2c65671c2dc42064e821bc'}]
2026-07-25 00:15:38 - mkk_pika - database.py:215 - INFO - 第一次下载该漫画，记录数据库中
2026-07-25 00:15:39 - mkk_pika - main.py:83 - INFO - 找到 28 张图片在:第1集
2026-07-25 00:15:40 - mkk_pika - main.py:112 - INFO - [episode:第1集       ] downloaded:    28, total:  28, progress:100%
2026-07-25 00:15:40 - mkk_pika - database.py:238 - INFO - 数据库更新已下载章节
2026-07-25 00:15:40 - mkk_pika - database.py:244 - INFO - 该漫画已下载章节如下
2026-07-25 00:15:40 - mkk_pika - database.py:245 - INFO - ['第1集']
2026-07-25 00:15:42 - mkk_pika - main.py:348 - INFO - ==================== 漫画信息 ====================
                                   漫画ID：5c2c65671c2dc42064e821bb
                                   标题：雷電姉妹と夜のデイリー任務 ショタ提督編 (艦隊これくしょん -艦これ-)
                                   作者：HANEKAZE (秋月つかさ)
                                   是否完结：是
                                   总页数：28
                                   分类：同人,短篇,艦隊收藏,後宮閃光
                                   章节数：1
                                   最后更新时间：2019-01-02T07:16:55.417Z
                                   =================================================
2026-07-25 00:15:42 - mkk_pika - database.py:101 - INFO - 保存成功：雷電姉妹と夜のデイリー任務 ショタ提督編 (艦隊これくしょん -艦これ-)
2026-07-25 00:15:42 - mkk_pika - main.py:35 - INFO - 开始检查ずんちゃんとコッショリする本 (VOICEROID)是否存在未下载章节
2026-07-25 00:15:42 - mkk_pika - main.py:45 - INFO - 正在下载:[ずんちゃんとコッショリする本 (VOICEROID)]-[ドットエイト (さわやか鮫肌)]-[['同人', '短篇']]-[total_pages:12]
2026-07-25 00:15:42 - mkk_pika - main.py:49 - INFO - [{'_id': '5c2c657ff3c9c21befadb241', 'title': '第1集', 'order': 1, 'updated_at': '2019-01-01T15:47:16.575Z', 'id': '5c2c657ff3c9c21befadb241'}]
2026-07-25 00:15:42 - mkk_pika - database.py:215 - INFO - 第一次下载该漫画，记录数据库中
2026-07-25 00:15:43 - mkk_pika - main.py:83 - INFO - 找到 12 张图片在:第1集
2026-07-25 00:15:43 - mkk_pika - main.py:112 - INFO - [episode:第1集       ] downloaded:    12, total:  12, progress:100%
2026-07-25 00:15:43 - mkk_pika - database.py:238 - INFO - 数据库更新已下载章节
2026-07-25 00:15:43 - mkk_pika - database.py:244 - INFO - 该漫画已下载章节如下
2026-07-25 00:15:43 - mkk_pika - database.py:245 - INFO - ['第1集']
2026-07-25 00:15:45 - mkk_pika - main.py:348 - INFO - ==================== 漫画信息 ====================
                                   漫画ID：5c2c657ff3c9c21befadb240
                                   标题：ずんちゃんとコッショリする本 (VOICEROID)
                                   作者：ドットエイト (さわやか鮫肌)
                                   是否完结：是
                                   总页数：12
                                   分类：同人,短篇
                                   章节数：1
                                   最后更新时间：2019-01-02T07:17:19.973Z
                                   =================================================
2026-07-25 00:15:45 - mkk_pika - database.py:101 - INFO - 保存成功：ずんちゃんとコッショリする本 (VOICEROID)
2026-07-25 00:15:45 - mkk_pika - main.py:35 - INFO - 开始检查JCのおまけ是否存在未下载章节
2026-07-25 00:15:45 - mkk_pika - main.py:45 - INFO - 正在下载:[JCのおまけ]-[みくろぺえじ (黒本君)]-[['短篇']]-[total_pages:9]
2026-07-25 00:15:45 - mkk_pika - main.py:49 - INFO - [{'_id': '5c2c65a52bfd547280f69a12', 'title': '第1集', 'order': 1, 'updated_at': '2019-01-01T16:04:00.121Z', 'id': '5c2c65a52bfd547280f69a12'}]
2026-07-25 00:15:45 - mkk_pika - database.py:215 - INFO - 第一次下载该漫画，记录数据库中
2026-07-25 00:15:46 - mkk_pika - main.py:83 - INFO - 找到 9 张图片在:第1集
2026-07-25 00:15:47 - mkk_pika - main.py:112 - INFO - [episode:第1集       ] downloaded:     9, total:   9, progress:100%
2026-07-25 00:15:47 - mkk_pika - database.py:238 - INFO - 数据库更新已下载章节
2026-07-25 00:15:47 - mkk_pika - database.py:244 - INFO - 该漫画已下载章节如下
2026-07-25 00:15:47 - mkk_pika - database.py:245 - INFO - ['第1集']
2026-07-25 00:15:48 - mkk_pika - main.py:348 - INFO - ==================== 漫画信息 ====================
                                   漫画ID：5c2c65a52bfd547280f69a11
                                   标题：JCのおまけ
                                   作者：みくろぺえじ (黒本君)
                                   是否完结：是
                                   总页数：9
                                   分类：短篇
                                   章节数：1
                                   最后更新时间：2019-01-02T07:17:57.413Z
                                   =================================================
2026-07-25 00:15:48 - mkk_pika - database.py:101 - INFO - 保存成功：JCのおまけ
2026-07-25 00:15:48 - mkk_pika - main.py:35 - INFO - 开始检查(C94) Apfelschorle (艦隊これくしょん -艦これ-) 是否存在未下载章节
2026-07-25 00:15:48 - mkk_pika - main.py:45 - INFO - 正在下载:[(C94) Apfelschorle (艦隊これくしょん -艦これ-) ]-[INFINITY DRIVE (京極しん)]-[['同人', '短篇', '艦隊收藏']]-[total_pages:24]
2026-07-25 00:15:48 - mkk_pika - main.py:49 - INFO - [{'_id': '5c2c65bd411842206aacc860', 'title': '第1集', 'order': 1, 'updated_at': '2019-01-02T05:59:04.774Z', 'id': '5c2c65bd411842206aacc860'}]
2026-07-25 00:15:48 - mkk_pika - database.py:215 - INFO - 第一次下载该漫画，记录数据库中
2026-07-25 00:15:49 - mkk_pika - main.py:83 - INFO - 找到 24 张图片在:第1集
2026-07-25 00:15:50 - mkk_pika - main.py:112 - INFO - [episode:第1集       ] downloaded:    24, total:  24, progress:100%
2026-07-25 00:15:50 - mkk_pika - database.py:238 - INFO - 数据库更新已下载章节
2026-07-25 00:15:50 - mkk_pika - database.py:244 - INFO - 该漫画已下载章节如下
2026-07-25 00:15:50 - mkk_pika - database.py:245 - INFO - ['第1集']
2026-07-25 00:15:51 - mkk_pika - main.py:348 - INFO - ==================== 漫画信息 ====================
                                   漫画ID：5c2c65bd411842206aacc85f
                                   标题：(C94) Apfelschorle (艦隊これくしょん -艦これ-) 
                                   作者：INFINITY DRIVE (京極しん)
                                   是否完结：是
                                   总页数：24
                                   分类：同人,短篇,艦隊收藏
                                   章节数：1
                                   最后更新时间：2019-01-02T07:18:21.473Z
                                   =================================================
2026-07-25 00:15:51 - mkk_pika - database.py:101 - INFO - 保存成功：(C94) Apfelschorle (艦隊これくしょん -艦これ-) 
2026-07-25 00:15:51 - mkk_pika - main.py:35 - INFO - 开始检查おかわりほっぽ(艦隊これくしょん -艦これ-) 是否存在未下载章节
2026-07-25 00:15:52 - mkk_pika - main.py:45 - INFO - 正在下载:[おかわりほっぽ(艦隊これくしょん -艦これ-) ]-[バンノウツマヨウジイレ (微糖)]-[['短篇', '同人', '純愛', '非人類', '艦隊收藏', '後宮閃光']]-[total_pages:27]
2026-07-25 00:15:52 - mkk_pika - main.py:49 - INFO - [{'_id': '5c2c665624ea73445e008eb0', 'title': '第1集', 'order': 1, 'updated_at': '2019-01-02T02:41:36.125Z', 'id': '5c2c665624ea73445e008eb0'}]
2026-07-25 00:15:52 - mkk_pika - database.py:215 - INFO - 第一次下载该漫画，记录数据库中
2026-07-25 00:15:52 - mkk_pika - main.py:83 - INFO - 找到 27 张图片在:第1集
2026-07-25 00:15:54 - mkk_pika - main.py:112 - INFO - [episode:第1集       ] downloaded:    27, total:  27, progress:100%
2026-07-25 00:15:54 - mkk_pika - database.py:238 - INFO - 数据库更新已下载章节
2026-07-25 00:15:54 - mkk_pika - database.py:244 - INFO - 该漫画已下载章节如下
2026-07-25 00:15:54 - mkk_pika - database.py:245 - INFO - ['第1集']
2026-07-25 00:15:55 - mkk_pika - main.py:348 - INFO - ==================== 漫画信息 ====================
                                   漫画ID：5c2c665624ea73445e008eaf
                                   标题：おかわりほっぽ(艦隊これくしょん -艦これ-) 
                                   作者：バンノウツマヨウジイレ (微糖)
                                   是否完结：是
                                   总页数：27
                                   分类：短篇,同人,純愛,非人類,艦隊收藏,後宮閃光
                                   章节数：1
                                   最后更新时间：2019-01-02T07:20:54.598Z
                                   =================================================
2026-07-25 00:15:55 - mkk_pika - database.py:101 - INFO - 保存成功：おかわりほっぽ(艦隊これくしょん -艦これ-) 
2026-07-25 00:15:55 - mkk_pika - main.py:35 - INFO - 开始检查娘の代わりに是否存在未下载章节
2026-07-25 00:15:56 - mkk_pika - main.py:45 - INFO - 正在下载:[娘の代わりに]-[七尾ゆきじ]-[['短篇', '人妻', 'NTR']]-[total_pages:28]
2026-07-25 00:15:56 - mkk_pika - main.py:49 - INFO - [{'_id': '5c2c668dc561e744309e5669', 'title': '第1集', 'order': 1, 'updated_at': '2019-01-01T04:24:59.748Z', 'id': '5c2c668dc561e744309e5669'}]
2026-07-25 00:15:56 - mkk_pika - database.py:215 - INFO - 第一次下载该漫画，记录数据库中
2026-07-25 00:15:56 - mkk_pika - main.py:83 - INFO - 找到 28 张图片在:第1集
2026-07-25 00:15:58 - mkk_pika - main.py:112 - INFO - [episode:第1集       ] downloaded:    28, total:  28, progress:100%
2026-07-25 00:15:58 - mkk_pika - database.py:238 - INFO - 数据库更新已下载章节
2026-07-25 00:15:58 - mkk_pika - database.py:244 - INFO - 该漫画已下载章节如下
2026-07-25 00:15:58 - mkk_pika - database.py:245 - INFO - ['第1集']
2026-07-25 00:15:59 - mkk_pika - main.py:348 - INFO - ==================== 漫画信息 ====================
                                   漫画ID：5c2c668dc561e744309e5668
                                   标题：娘の代わりに
                                   作者：七尾ゆきじ
                                   是否完结：是
                                   总页数：28
                                   分类：短篇,人妻,NTR
                                   章节数：1
                                   最后更新时间：2019-01-02T07:21:49.399Z
                                   =================================================
2026-07-25 00:15:59 - mkk_pika - database.py:101 - INFO - 保存成功：娘の代わりに
2026-07-25 00:15:59 - mkk_pika - main.py:35 - INFO - 开始检查 サポってパコって是否存在未下载章节
2026-07-25 00:16:00 - mkk_pika - main.py:45 - INFO - 正在下载:[ サポってパコって]-[七尾ゆきじ]-[['短篇']]-[total_pages:20]
2026-07-25 00:16:00 - mkk_pika - main.py:49 - INFO - [{'_id': '5c2c66a5b82c217251890f86', 'title': '第1集', 'order': 1, 'updated_at': '2019-01-01T04:32:02.073Z', 'id': '5c2c66a5b82c217251890f86'}]
2026-07-25 00:16:00 - mkk_pika - database.py:215 - INFO - 第一次下载该漫画，记录数据库中
2026-07-25 00:16:00 - mkk_pika - main.py:83 - INFO - 找到 20 张图片在:第1集
2026-07-25 00:16:01 - mkk_pika - main.py:112 - INFO - [episode:第1集       ] downloaded:    20, total:  20, progress:100%
2026-07-25 00:16:01 - mkk_pika - database.py:238 - INFO - 数据库更新已下载章节
2026-07-25 00:16:01 - mkk_pika - database.py:244 - INFO - 该漫画已下载章节如下
2026-07-25 00:16:01 - mkk_pika - database.py:245 - INFO - ['第1集']
2026-07-25 00:16:02 - mkk_pika - main.py:348 - INFO - ==================== 漫画信息 ====================
                                   漫画ID：5c2c66a5b82c217251890f85
                                   标题： サポってパコって
                                   作者：七尾ゆきじ
                                   是否完结：是
                                   总页数：20
                                   分类：短篇
                                   章节数：1
                                   最后更新时间：2019-01-02T07:22:13.903Z
                                   =================================================
2026-07-25 00:16:02 - mkk_pika - database.py:101 - INFO - 保存成功： サポってパコって
2026-07-25 00:16:02 - mkk_pika - main.py:35 - INFO - 开始检查わたしのかわいいメイドさん （我可爱的女仆桑）是否存在未下载章节
2026-07-25 00:16:03 - mkk_pika - main.py:45 - INFO - 正在下载:[わたしのかわいいメイドさん （我可爱的女仆桑）]-[新鮮極楽 (まみ)，Shinsen Gokuraku (Mami)]-[['同人', '短篇']]-[total_pages:28]
2026-07-25 00:16:03 - mkk_pika - main.py:49 - INFO - [{'_id': '5c2c6707d4c7e34428e2bcc6', 'title': '第1集', 'order': 1, 'updated_at': '2019-01-01T11:35:40.809Z', 'id': '5c2c6707d4c7e34428e2bcc6'}]
2026-07-25 00:16:03 - mkk_pika - database.py:215 - INFO - 第一次下载该漫画，记录数据库中
2026-07-25 00:16:03 - mkk_pika - main.py:83 - INFO - 找到 28 张图片在:第1集
2026-07-25 00:16:05 - mkk_pika - main.py:112 - INFO - [episode:第1集       ] downloaded:    28, total:  28, progress:100%
2026-07-25 00:16:05 - mkk_pika - database.py:238 - INFO - 数据库更新已下载章节
2026-07-25 00:16:05 - mkk_pika - database.py:244 - INFO - 该漫画已下载章节如下
2026-07-25 00:16:05 - mkk_pika - database.py:245 - INFO - ['第1集']
2026-07-25 00:16:06 - mkk_pika - main.py:348 - INFO - ==================== 漫画信息 ====================
                                   漫画ID：5c2c6707d4c7e34428e2bcc5
                                   标题：わたしのかわいいメイドさん （我可爱的女仆桑）
                                   作者：新鮮極楽 (まみ)，Shinsen Gokuraku (Mami)
                                   是否完结：是
                                   总页数：28
                                   分类：同人,短篇
                                   章节数：1
                                   最后更新时间：2019-01-02T07:23:51.457Z
                                   =================================================
2026-07-25 00:16:06 - mkk_pika - database.py:101 - INFO - 保存成功：わたしのかわいいメイドさん （我可爱的女仆桑）
2026-07-25 00:16:06 - mkk_pika - main.py:35 - INFO - 开始检查堕天使コラプション是否存在未下载章节
2026-07-25 00:16:06 - mkk_pika - main.py:45 - INFO - 正在下载:[堕天使コラプション]-[napolinu (ナポ)]-[['同人', '短篇', 'Love Live']]-[total_pages:28]
2026-07-25 00:16:06 - mkk_pika - main.py:49 - INFO - [{'_id': '5c2c672fa660eb4466f20126', 'title': '第1集', 'order': 1, 'updated_at': '2019-01-01T12:01:03.566Z', 'id': '5c2c672fa660eb4466f20126'}]
2026-07-25 00:16:06 - mkk_pika - database.py:215 - INFO - 第一次下载该漫画，记录数据库中
2026-07-25 00:16:07 - mkk_pika - main.py:83 - INFO - 找到 28 张图片在:第1集
2026-07-25 00:16:08 - mkk_pika - main.py:112 - INFO - [episode:第1集       ] downloaded:    28, total:  28, progress:100%
2026-07-25 00:16:08 - mkk_pika - database.py:238 - INFO - 数据库更新已下载章节
2026-07-25 00:16:08 - mkk_pika - database.py:244 - INFO - 该漫画已下载章节如下
2026-07-25 00:16:08 - mkk_pika - database.py:245 - INFO - ['第1集']
2026-07-25 00:16:10 - mkk_pika - main.py:348 - INFO - ==================== 漫画信息 ====================
                                   漫画ID：5c2c672fa660eb4466f20125
                                   标题：堕天使コラプション
                                   作者：napolinu (ナポ)
                                   是否完结：是
                                   总页数：28
                                   分类：同人,短篇,Love Live
                                   章节数：1
                                   最后更新时间：2019-01-02T07:24:31.204Z
                                   =================================================
2026-07-25 00:16:10 - mkk_pika - database.py:101 - INFO - 保存成功：堕天使コラプション
2026-07-25 00:16:10 - mkk_pika - main.py:35 - INFO - 开始检查魔胎都市 五是否存在未下载章节
2026-07-25 00:16:10 - mkk_pika - main.py:45 - INFO - 正在下载:[魔胎都市 五]-[Radical Dream (竜胆、黒井弘騎)]-[['短篇', '同人', '非人類']]-[total_pages:24]
2026-07-25 00:16:10 - mkk_pika - main.py:49 - INFO - [{'_id': '5c2c67bba660eb4466f20159', 'title': '第1集', 'order': 1, 'updated_at': '2019-01-01T06:09:45.315Z', 'id': '5c2c67bba660eb4466f20159'}]
2026-07-25 00:16:10 - mkk_pika - database.py:215 - INFO - 第一次下载该漫画，记录数据库中
2026-07-25 00:16:11 - mkk_pika - main.py:83 - INFO - 找到 24 张图片在:第1集
2026-07-25 00:16:12 - mkk_pika - main.py:112 - INFO - [episode:第1集       ] downloaded:    24, total:  24, progress:100%
2026-07-25 00:16:12 - mkk_pika - database.py:238 - INFO - 数据库更新已下载章节
2026-07-25 00:16:12 - mkk_pika - database.py:244 - INFO - 该漫画已下载章节如下
2026-07-25 00:16:12 - mkk_pika - database.py:245 - INFO - ['第1集']
2026-07-25 00:16:13 - mkk_pika - main.py:348 - INFO - ==================== 漫画信息 ====================
                                   漫画ID：5c2c67bba660eb4466f20158
                                   标题：魔胎都市 五
                                   作者：Radical Dream (竜胆、黒井弘騎)
                                   是否完结：是
                                   总页数：24
                                   分类：短篇,同人,非人類
                                   章节数：1
                                   最后更新时间：2019-01-02T07:26:51.483Z
                                   =================================================
2026-07-25 00:16:13 - mkk_pika - database.py:101 - INFO - 保存成功：魔胎都市 五
2026-07-25 00:16:13 - mkk_pika - main.py:35 - INFO - 开始检查ゴブスレさんと出会えなかった女神官ちゃん是否存在未下载章节
2026-07-25 00:16:14 - mkk_pika - main.py:45 - INFO - 正在下载:[ゴブスレさんと出会えなかった女神官ちゃん]-[えのきふ]-[['全彩', '同人', '短篇', '強暴', '非人類']]-[total_pages:19]
2026-07-25 00:16:14 - mkk_pika - main.py:49 - INFO - [{'_id': '5c2c67d184147c7249647861', 'title': '第1集', 'order': 1, 'updated_at': '2018-12-31T06:36:04.615Z', 'id': '5c2c67d184147c7249647861'}]
2026-07-25 00:16:14 - mkk_pika - database.py:215 - INFO - 第一次下载该漫画，记录数据库中
2026-07-25 00:16:14 - mkk_pika - main.py:83 - INFO - 找到 19 张图片在:第1集
2026-07-25 00:16:15 - mkk_pika - main.py:112 - INFO - [episode:第1集       ] downloaded:    19, total:  19, progress:100%
2026-07-25 00:16:15 - mkk_pika - database.py:238 - INFO - 数据库更新已下载章节
2026-07-25 00:16:15 - mkk_pika - database.py:244 - INFO - 该漫画已下载章节如下
2026-07-25 00:16:15 - mkk_pika - database.py:245 - INFO - ['第1集']
2026-07-25 00:16:16 - mkk_pika - main.py:348 - INFO - ==================== 漫画信息 ====================
                                   漫画ID：5c2c67d184147c7249647860
                                   标题：ゴブスレさんと出会えなかった女神官ちゃん
                                   作者：えのきふ
                                   是否完结：是
                                   总页数：19
                                   分类：全彩,同人,短篇,強暴,非人類
                                   章节数：1
                                   最后更新时间：2019-01-02T07:27:13.701Z
                                   =================================================
2026-07-25 00:16:16 - mkk_pika - database.py:101 - INFO - 保存成功：ゴブスレさんと出会えなかった女神官ちゃん
2026-07-25 00:16:16 - mkk_pika - main.py:35 - INFO - 开始检查(C91) ショタ皇帝兄弟に捕われた爆乳女騎士2是否存在未下载章节
2026-07-25 00:16:16 - mkk_pika - main.py:45 - INFO - 正在下载:[(C91) ショタ皇帝兄弟に捕われた爆乳女騎士2]-[Gate of XIII (Kloah)]-[['短篇', '非人類', 'NTR', '人妻']]-[total_pages:30]
2026-07-25 00:16:16 - mkk_pika - main.py:49 - INFO - [{'_id': '5c2c685db82c2172518910b1', 'title': '第1集', 'order': 1, 'updated_at': '2019-01-01T12:39:29.813Z', 'id': '5c2c685db82c2172518910b1'}]
2026-07-25 00:16:16 - mkk_pika - database.py:215 - INFO - 第一次下载该漫画，记录数据库中
2026-07-25 00:16:17 - mkk_pika - main.py:83 - INFO - 找到 30 张图片在:第1集
2026-07-25 00:16:19 - mkk_pika - main.py:112 - INFO - [episode:第1集       ] downloaded:    30, total:  30, progress:100%
2026-07-25 00:16:19 - mkk_pika - database.py:238 - INFO - 数据库更新已下载章节
2026-07-25 00:16:19 - mkk_pika - database.py:244 - INFO - 该漫画已下载章节如下
2026-07-25 00:16:19 - mkk_pika - database.py:245 - INFO - ['第1集']
2026-07-25 00:16:20 - mkk_pika - main.py:348 - INFO - ==================== 漫画信息 ====================
                                   漫画ID：5c2c685db82c2172518910b0
                                   标题：(C91) ショタ皇帝兄弟に捕われた爆乳女騎士2
                                   作者：Gate of XIII (Kloah)
                                   是否完结：是
                                   总页数：30
                                   分类：短篇,非人類,NTR,人妻
                                   章节数：1
                                   最后更新时间：2019-01-02T07:29:33.335Z
                                   =================================================
2026-07-25 00:16:20 - mkk_pika - database.py:101 - INFO - 保存成功：(C91) ショタ皇帝兄弟に捕われた爆乳女騎士2
2026-07-25 00:16:20 - mkk_pika - main.py:35 - INFO - 开始检查(C95) 貞操観念ゼロの女友達是否存在未下载章节
2026-07-25 00:16:20 - mkk_pika - main.py:45 - INFO - 正在下载:[(C95) 貞操観念ゼロの女友達]-[ありすの宝箱 (水龍敬)]-[['短篇']]-[total_pages:40]
2026-07-25 00:16:20 - mkk_pika - main.py:49 - INFO - [{'_id': '5c2c6876a660eb4466f20174', 'title': '第1集', 'order': 1, 'updated_at': '2019-01-02T02:49:27.265Z', 'id': '5c2c6876a660eb4466f20174'}]
2026-07-25 00:16:20 - mkk_pika - database.py:215 - INFO - 第一次下载该漫画，记录数据库中
2026-07-25 00:16:21 - mkk_pika - main.py:83 - INFO - 找到 40 张图片在:第1集
2026-07-25 00:16:23 - mkk_pika - main.py:112 - INFO - [episode:第1集       ] downloaded:    40, total:  40, progress:100%
2026-07-25 00:16:23 - mkk_pika - database.py:238 - INFO - 数据库更新已下载章节
2026-07-25 00:16:23 - mkk_pika - database.py:244 - INFO - 该漫画已下载章节如下
2026-07-25 00:16:23 - mkk_pika - database.py:245 - INFO - ['第1集']
2026-07-25 00:16:24 - mkk_pika - main.py:348 - INFO - ==================== 漫画信息 ====================
                                   漫画ID：5c2c6876a660eb4466f20173
                                   标题：(C95) 貞操観念ゼロの女友達
                                   作者：ありすの宝箱 (水龍敬)
                                   是否完结：是
                                   总页数：40
                                   分类：短篇
                                   章节数：1
                                   最后更新时间：2019-01-02T07:29:58.480Z
                                   =================================================
2026-07-25 00:16:24 - mkk_pika - database.py:101 - INFO - 保存成功：(C95) 貞操観念ゼロの女友達
2026-07-25 00:16:24 - mkk_pika - main.py:35 - INFO - 开始检查(C95) つぐちゃんが壊れるまで遊んだよ (鳩羽つぐ) 是否存在未下载章节
2026-07-25 00:16:24 - mkk_pika - main.py:45 - INFO - 正在下载:[(C95) つぐちゃんが壊れるまで遊んだよ (鳩羽つぐ) ]-[セカンドカラー (たいぷはてな)]-[['同人', '短篇']]-[total_pages:18]
2026-07-25 00:16:24 - mkk_pika - main.py:49 - INFO - [{'_id': '5c2c6890b82c2172518910d2', 'title': '第1集', 'order': 1, 'updated_at': '2019-01-02T05:36:06.625Z', 'id': '5c2c6890b82c2172518910d2'}]
2026-07-25 00:16:24 - mkk_pika - database.py:215 - INFO - 第一次下载该漫画，记录数据库中
2026-07-25 00:16:25 - mkk_pika - main.py:83 - INFO - 找到 18 张图片在:第1集
2026-07-25 00:16:26 - mkk_pika - main.py:112 - INFO - [episode:第1集       ] downloaded:    18, total:  18, progress:100%
2026-07-25 00:16:26 - mkk_pika - database.py:238 - INFO - 数据库更新已下载章节
2026-07-25 00:16:26 - mkk_pika - database.py:244 - INFO - 该漫画已下载章节如下
2026-07-25 00:16:26 - mkk_pika - database.py:245 - INFO - ['第1集']
2026-07-25 00:16:27 - mkk_pika - main.py:348 - INFO - ==================== 漫画信息 ====================
                                   漫画ID：5c2c6890b82c2172518910d1
                                   标题：(C95) つぐちゃんが壊れるまで遊んだよ (鳩羽つぐ) 
                                   作者：セカンドカラー (たいぷはてな)
                                   是否完结：是
                                   总页数：18
                                   分类：同人,短篇
                                   章节数：1
                                   最后更新时间：2019-01-02T07:30:24.736Z
                                   =================================================
2026-07-25 00:16:27 - mkk_pika - database.py:101 - INFO - 保存成功：(C95) つぐちゃんが壊れるまで遊んだよ (鳩羽つぐ) 
2026-07-25 00:16:27 - mkk_pika - main.py:35 - INFO - 开始检查魔胎都市 四是否存在未下载章节
2026-07-25 00:16:27 - mkk_pika - main.py:45 - INFO - 正在下载:[魔胎都市 四]-[Radical Dream (竜胆、黒井弘騎)]-[['短篇', '非人類', '強暴']]-[total_pages:26]
2026-07-25 00:16:27 - mkk_pika - main.py:49 - INFO - [{'_id': '5c2c68a92bfd547280f69a59', 'title': '第1集', 'order': 1, 'updated_at': '2019-01-01T06:20:33.914Z', 'id': '5c2c68a92bfd547280f69a59'}]
2026-07-25 00:16:27 - mkk_pika - database.py:215 - INFO - 第一次下载该漫画，记录数据库中
2026-07-25 00:16:28 - mkk_pika - main.py:83 - INFO - 找到 26 张图片在:第1集
2026-07-25 00:16:29 - mkk_pika - main.py:112 - INFO - [episode:第1集       ] downloaded:    26, total:  26, progress:100%
2026-07-25 00:16:29 - mkk_pika - database.py:238 - INFO - 数据库更新已下载章节
2026-07-25 00:16:29 - mkk_pika - database.py:244 - INFO - 该漫画已下载章节如下
2026-07-25 00:16:29 - mkk_pika - database.py:245 - INFO - ['第1集']
2026-07-25 00:16:31 - mkk_pika - main.py:348 - INFO - ==================== 漫画信息 ====================
                                   漫画ID：5c2c68a92bfd547280f69a58
                                   标题：魔胎都市 四
                                   作者：Radical Dream (竜胆、黒井弘騎)
                                   是否完结：是
                                   总页数：26
                                   分类：短篇,非人類,強暴
                                   章节数：1
                                   最后更新时间：2019-01-02T07:30:49.112Z
                                   =================================================
2026-07-25 00:16:31 - mkk_pika - database.py:101 - INFO - 保存成功：魔胎都市 四
2026-07-25 00:16:31 - mkk_pika - main.py:35 - INFO - 开始检查姫丸是否存在未下载章节
2026-07-25 00:16:31 - mkk_pika - main.py:45 - INFO - 正在下载:[姫丸]-[Radical Dream (竜胆、黒井弘騎)]-[['短篇', '非人類', '強暴']]-[total_pages:14]
2026-07-25 00:16:31 - mkk_pika - main.py:49 - INFO - [{'_id': '5c2c68c8b82c217251891208', 'title': '第1集', 'order': 1, 'updated_at': '2019-01-01T06:27:47.199Z', 'id': '5c2c68c8b82c217251891208'}]
2026-07-25 00:16:31 - mkk_pika - database.py:215 - INFO - 第一次下载该漫画，记录数据库中
2026-07-25 00:16:31 - mkk_pika - main.py:83 - INFO - 找到 14 张图片在:第1集
2026-07-25 00:16:32 - mkk_pika - main.py:112 - INFO - [episode:第1集       ] downloaded:    14, total:  14, progress:100%
2026-07-25 00:16:32 - mkk_pika - database.py:238 - INFO - 数据库更新已下载章节
2026-07-25 00:16:32 - mkk_pika - database.py:244 - INFO - 该漫画已下载章节如下
2026-07-25 00:16:32 - mkk_pika - database.py:245 - INFO - ['第1集']
2026-07-25 00:16:33 - mkk_pika - main.py:348 - INFO - ==================== 漫画信息 ====================
                                   漫画ID：5c2c68c8b82c217251891207
                                   标题：姫丸
                                   作者：Radical Dream (竜胆、黒井弘騎)
                                   是否完结：是
                                   总页数：14
                                   分类：短篇,非人類,強暴
                                   章节数：1
                                   最后更新时间：2019-01-02T07:31:20.427Z
                                   =================================================
2026-07-25 00:16:33 - mkk_pika - database.py:101 - INFO - 保存成功：姫丸
2026-07-25 00:16:33 - mkk_pika - main.py:35 - INFO - 开始检查いれかわりっ！！ ～妹のカラダでセックス三昧～是否存在未下载章节
2026-07-25 00:16:34 - mkk_pika - main.py:45 - INFO - 正在下载:[いれかわりっ！！ ～妹のカラダでセックス三昧～]-[童貞食堂 (黒烏龍)]-[['全彩', '長篇', '性轉換', '妹妹系']]-[total_pages:249]
2026-07-25 00:16:34 - mkk_pika - main.py:49 - INFO - [{'_id': '5c2c68eb411842206aacc898', 'title': '第1集', 'order': 1, 'updated_at': '2019-01-01T10:36:20.390Z', 'id': '5c2c68eb411842206aacc898'}]
2026-07-25 00:16:34 - mkk_pika - database.py:215 - INFO - 第一次下载该漫画，记录数据库中
2026-07-25 00:16:36 - mkk_pika - main.py:83 - INFO - 找到 249 张图片在:第1集
2026-07-25 00:16:47 - mkk_pika - main.py:112 - INFO - [episode:第1集       ] downloaded:   249, total: 249, progress:100%
2026-07-25 00:16:47 - mkk_pika - database.py:238 - INFO - 数据库更新已下载章节
2026-07-25 00:16:47 - mkk_pika - database.py:244 - INFO - 该漫画已下载章节如下
2026-07-25 00:16:47 - mkk_pika - database.py:245 - INFO - ['第1集']
2026-07-25 00:16:48 - mkk_pika - main.py:348 - INFO - ==================== 漫画信息 ====================
                                   漫画ID：5c2c68eb411842206aacc897
                                   标题：いれかわりっ！！ ～妹のカラダでセックス三昧～
                                   作者：童貞食堂 (黒烏龍)
                                   是否完结：是
                                   总页数：249
                                   分类：全彩,長篇,性轉換,妹妹系
                                   章节数：1
                                   最后更新时间：2019-01-02T07:31:55.827Z
                                   =================================================
2026-07-25 00:16:48 - mkk_pika - database.py:101 - INFO - 保存成功：いれかわりっ！！ ～妹のカラダでセックス三昧～
2026-07-25 00:16:48 - mkk_pika - main.py:35 - INFO - 开始检查(C95) ジャックちゃんとあそぼう！ (Fate/Grand Order) 是否存在未下载章节
2026-07-25 00:16:48 - mkk_pika - main.py:45 - INFO - 正在下载:[(C95) ジャックちゃんとあそぼう！ (Fate/Grand Order) ]-[低速ソニック (イット)]-[['同人', '短篇', 'Fate']]-[total_pages:19]
2026-07-25 00:16:48 - mkk_pika - main.py:49 - INFO - [{'_id': '5c2c698c1c2dc42064e8220c', 'title': '第1集', 'order': 1, 'updated_at': '2019-01-01T23:02:16.132Z', 'id': '5c2c698c1c2dc42064e8220c'}]
2026-07-25 00:16:48 - mkk_pika - database.py:215 - INFO - 第一次下载该漫画，记录数据库中
2026-07-25 00:16:49 - mkk_pika - main.py:83 - INFO - 找到 19 张图片在:第1集
2026-07-25 00:16:50 - mkk_pika - main.py:112 - INFO - [episode:第1集       ] downloaded:    19, total:  19, progress:100%
2026-07-25 00:16:50 - mkk_pika - database.py:238 - INFO - 数据库更新已下载章节
2026-07-25 00:16:50 - mkk_pika - database.py:244 - INFO - 该漫画已下载章节如下
2026-07-25 00:16:50 - mkk_pika - database.py:245 - INFO - ['第1集']
2026-07-25 00:16:51 - mkk_pika - main.py:348 - INFO - ==================== 漫画信息 ====================
                                   漫画ID：5c2c698c1c2dc42064e8220b
                                   标题：(C95) ジャックちゃんとあそぼう！ (Fate/Grand Order) 
                                   作者：低速ソニック (イット)
                                   是否完结：是
                                   总页数：19
                                   分类：同人,短篇,Fate
                                   章节数：1
                                   最后更新时间：2019-01-02T07:34:36.466Z
                                   =================================================
2026-07-25 00:16:51 - mkk_pika - database.py:101 - INFO - 保存成功：(C95) ジャックちゃんとあそぼう！ (Fate/Grand Order) 
2026-07-25 00:16:51 - mkk_pika - main.py:35 - INFO - 开始检查 魔魅の廻是否存在未下载章节
2026-07-25 00:16:51 - mkk_pika - main.py:45 - INFO - 正在下载:[ 魔魅の廻]-[南方ヒトガクシキ (仲村レグラ)]-[['短篇', '姐姐系']]-[total_pages:26]
2026-07-25 00:16:51 - mkk_pika - main.py:49 - INFO - [{'_id': '5c2c6ad7f3c9c21befadb26e', 'title': '第1集', 'order': 1, 'updated_at': '2019-01-01T23:06:31.789Z', 'id': '5c2c6ad7f3c9c21befadb26e'}]
2026-07-25 00:16:51 - mkk_pika - database.py:215 - INFO - 第一次下载该漫画，记录数据库中
2026-07-25 00:16:52 - mkk_pika - main.py:83 - INFO - 找到 26 张图片在:第1集
2026-07-25 00:16:53 - mkk_pika - main.py:112 - INFO - [episode:第1集       ] downloaded:    26, total:  26, progress:100%
2026-07-25 00:16:53 - mkk_pika - database.py:238 - INFO - 数据库更新已下载章节
2026-07-25 00:16:53 - mkk_pika - database.py:244 - INFO - 该漫画已下载章节如下
2026-07-25 00:16:53 - mkk_pika - database.py:245 - INFO - ['第1集']
2026-07-25 00:16:54 - mkk_pika - main.py:348 - INFO - ==================== 漫画信息 ====================
                                   漫画ID：5c2c6ad7f3c9c21befadb26d
                                   标题： 魔魅の廻
                                   作者：南方ヒトガクシキ (仲村レグラ)
                                   是否完结：是
                                   总页数：26
                                   分类：短篇,姐姐系
                                   章节数：1
                                   最后更新时间：2019-01-02T07:40:07.725Z
                                   =================================================
2026-07-25 00:16:54 - mkk_pika - database.py:101 - INFO - 保存成功： 魔魅の廻
2026-07-25 00:16:54 - mkk_pika - main.py:35 - INFO - 开始检查片恋-ichinose- (アイドルマスターシンデレラガールズ)是否存在未下载章节
2026-07-25 00:16:54 - mkk_pika - main.py:45 - INFO - 正在下载:[片恋-ichinose- (アイドルマスターシンデレラガールズ)]-[Berry!16 (さき千鈴)]-[['同人', '短篇']]-[total_pages:28]
2026-07-25 00:16:54 - mkk_pika - main.py:49 - INFO - [{'_id': '5c2c6b43d4c7e34428e2bd25', 'title': '第1集', 'order': 1, 'updated_at': '2019-01-01T23:15:09.947Z', 'id': '5c2c6b43d4c7e34428e2bd25'}]
2026-07-25 00:16:54 - mkk_pika - database.py:215 - INFO - 第一次下载该漫画，记录数据库中
2026-07-25 00:16:55 - mkk_pika - main.py:83 - INFO - 找到 28 张图片在:第1集
2026-07-25 00:16:57 - mkk_pika - main.py:112 - INFO - [episode:第1集       ] downloaded:    28, total:  28, progress:100%
2026-07-25 00:16:57 - mkk_pika - database.py:238 - INFO - 数据库更新已下载章节
2026-07-25 00:16:57 - mkk_pika - database.py:244 - INFO - 该漫画已下载章节如下
2026-07-25 00:16:57 - mkk_pika - database.py:245 - INFO - ['第1集']
2026-07-25 00:16:58 - mkk_pika - main.py:348 - INFO - ==================== 漫画信息 ====================
                                   漫画ID：5c2c6b43d4c7e34428e2bd24
                                   标题：片恋-ichinose- (アイドルマスターシンデレラガールズ)
                                   作者：Berry!16 (さき千鈴)
                                   是否完结：是
                                   总页数：28
                                   分类：同人,短篇
                                   章节数：1
                                   最后更新时间：2019-01-02T07:41:55.935Z
                                   =================================================
2026-07-25 00:16:58 - mkk_pika - database.py:101 - INFO - 保存成功：片恋-ichinose- (アイドルマスターシンデレラガールズ)
2026-07-25 00:16:58 - mkk_pika - main.py:35 - INFO - 开始检查(C84) UMA report 001是否存在未下载章节
2026-07-25 00:16:58 - mkk_pika - main.py:45 - INFO - 正在下载:[(C84) UMA report 001]-[ぎうにう屋 (ぎうにう)]-[['短篇']]-[total_pages:25]
2026-07-25 00:16:58 - mkk_pika - main.py:49 - INFO - [{'_id': '5c2c6c702ffd0b728a8469f7', 'title': '第1集', 'order': 1, 'updated_at': '2019-01-02T07:23:49.131Z', 'id': '5c2c6c702ffd0b728a8469f7'}]
2026-07-25 00:16:58 - mkk_pika - database.py:215 - INFO - 第一次下载该漫画，记录数据库中
2026-07-25 00:16:59 - mkk_pika - main.py:83 - INFO - 找到 25 张图片在:第1集
2026-07-25 00:17:00 - mkk_pika - main.py:112 - INFO - [episode:第1集       ] downloaded:    25, total:  25, progress:100%
2026-07-25 00:17:00 - mkk_pika - database.py:238 - INFO - 数据库更新已下载章节
2026-07-25 00:17:00 - mkk_pika - database.py:244 - INFO - 该漫画已下载章节如下
2026-07-25 00:17:00 - mkk_pika - database.py:245 - INFO - ['第1集']
2026-07-25 00:17:01 - mkk_pika - main.py:348 - INFO - ==================== 漫画信息 ====================
                                   漫画ID：5c2c6c6f2ffd0b728a8469f6
                                   标题：(C84) UMA report 001
                                   作者：ぎうにう屋 (ぎうにう)
                                   是否完结：是
                                   总页数：25
                                   分类：短篇
                                   章节数：1
                                   最后更新时间：2019-01-02T07:46:55.988Z
                                   =================================================
2026-07-25 00:17:01 - mkk_pika - database.py:101 - INFO - 保存成功：(C84) UMA report 001
2026-07-25 00:17:01 - mkk_pika - main.py:35 - INFO - 开始检查(C86) UMA report 002是否存在未下载章节
2026-07-25 00:17:02 - mkk_pika - main.py:45 - INFO - 正在下载:[(C86) UMA report 002]-[ぎうにう屋 (ぎうにう)]-[['短篇']]-[total_pages:24]
2026-07-25 00:17:02 - mkk_pika - main.py:49 - INFO - [{'_id': '5c2c6ca4ff0f55209d9caade', 'title': '第1集', 'order': 1, 'updated_at': '2019-01-02T07:26:02.336Z', 'id': '5c2c6ca4ff0f55209d9caade'}]
2026-07-25 00:17:02 - mkk_pika - database.py:215 - INFO - 第一次下载该漫画，记录数据库中
2026-07-25 00:17:02 - mkk_pika - main.py:83 - INFO - 找到 24 张图片在:第1集
2026-07-25 00:17:03 - mkk_pika - main.py:112 - INFO - [episode:第1集       ] downloaded:    24, total:  24, progress:100%
2026-07-25 00:17:03 - mkk_pika - database.py:238 - INFO - 数据库更新已下载章节
2026-07-25 00:17:03 - mkk_pika - database.py:244 - INFO - 该漫画已下载章节如下
2026-07-25 00:17:03 - mkk_pika - database.py:245 - INFO - ['第1集']
2026-07-25 00:17:05 - mkk_pika - main.py:348 - INFO - ==================== 漫画信息 ====================
                                   漫画ID：5c2c6ca4ff0f55209d9caadd
                                   标题：(C86) UMA report 002
                                   作者：ぎうにう屋 (ぎうにう)
                                   是否完结：是
                                   总页数：24
                                   分类：短篇
                                   章节数：1
                                   最后更新时间：2019-01-02T07:47:48.400Z
                                   =================================================
2026-07-25 00:17:05 - mkk_pika - database.py:101 - INFO - 保存成功：(C86) UMA report 002
2026-07-25 00:17:05 - mkk_pika - main.py:35 - INFO - 开始检查(C88) UMA report 003是否存在未下载章节
2026-07-25 00:17:05 - mkk_pika - main.py:45 - INFO - 正在下载:[(C88) UMA report 003]-[ぎうにう屋 (ぎうにう)]-[['短篇']]-[total_pages:27]
2026-07-25 00:17:05 - mkk_pika - main.py:49 - INFO - [{'_id': '5c2c6cbc2ffd0b728a846a14', 'title': '第1集', 'order': 1, 'updated_at': '2019-01-02T07:20:51.765Z', 'id': '5c2c6cbc2ffd0b728a846a14'}]
2026-07-25 00:17:05 - mkk_pika - database.py:215 - INFO - 第一次下载该漫画，记录数据库中
2026-07-25 00:17:06 - mkk_pika - main.py:83 - INFO - 找到 27 张图片在:第1集
2026-07-25 00:17:07 - mkk_pika - main.py:112 - INFO - [episode:第1集       ] downloaded:    27, total:  27, progress:100%
2026-07-25 00:17:07 - mkk_pika - database.py:238 - INFO - 数据库更新已下载章节
2026-07-25 00:17:07 - mkk_pika - database.py:244 - INFO - 该漫画已下载章节如下
2026-07-25 00:17:07 - mkk_pika - database.py:245 - INFO - ['第1集']
2026-07-25 00:17:08 - mkk_pika - main.py:348 - INFO - ==================== 漫画信息 ====================
                                   漫画ID：5c2c6cbc2ffd0b728a846a13
                                   标题：(C88) UMA report 003
                                   作者：ぎうにう屋 (ぎうにう)
                                   是否完结：是
                                   总页数：27
                                   分类：短篇
                                   章节数：1
                                   最后更新时间：2019-01-02T07:48:12.981Z
                                   =================================================
2026-07-25 00:17:08 - mkk_pika - database.py:101 - INFO - 保存成功：(C88) UMA report 003
2026-07-25 00:17:08 - mkk_pika - main.py:35 - INFO - 开始检查ナイショですよ (Fate/Grand Order)是否存在未下载章节
2026-07-25 00:17:09 - mkk_pika - main.py:45 - INFO - 正在下载:[ナイショですよ (Fate/Grand Order)]-[こーひーめーかー (朝峰テル)]-[['同人', '短篇', 'Fate']]-[total_pages:33]
2026-07-25 00:17:09 - mkk_pika - main.py:49 - INFO - [{'_id': '5c2c6d7824ea73445e008f94', 'title': '第1集', 'order': 1, 'updated_at': '2019-01-02T00:48:53.258Z', 'id': '5c2c6d7824ea73445e008f94'}]
2026-07-25 00:17:09 - mkk_pika - database.py:215 - INFO - 第一次下载该漫画，记录数据库中
2026-07-25 00:17:09 - mkk_pika - main.py:83 - INFO - 找到 33 张图片在:第1集
2026-07-25 00:17:11 - mkk_pika - main.py:112 - INFO - [episode:第1集       ] downloaded:    33, total:  33, progress:100%
2026-07-25 00:17:11 - mkk_pika - database.py:238 - INFO - 数据库更新已下载章节
2026-07-25 00:17:11 - mkk_pika - database.py:244 - INFO - 该漫画已下载章节如下
2026-07-25 00:17:11 - mkk_pika - database.py:245 - INFO - ['第1集']
2026-07-25 00:17:12 - mkk_pika - main.py:348 - INFO - ==================== 漫画信息 ====================
                                   漫画ID：5c2c6d7824ea73445e008f93
                                   标题：ナイショですよ (Fate/Grand Order)
                                   作者：こーひーめーかー (朝峰テル)
                                   是否完结：是
                                   总页数：33
                                   分类：同人,短篇,Fate
                                   章节数：1
                                   最后更新时间：2019-01-02T07:51:20.327Z
                                   =================================================
2026-07-25 00:17:12 - mkk_pika - database.py:101 - INFO - 保存成功：ナイショですよ (Fate/Grand Order)
2026-07-25 00:17:12 - mkk_pika - main.py:35 - INFO - 开始检查(C95) Sultry Altria (Fate/Grand Order)是否存在未下载章节
2026-07-25 00:17:12 - mkk_pika - main.py:45 - INFO - 正在下载:[(C95) Sultry Altria (Fate/Grand Order)]-[榎屋 (eno)]-[['同人', '短篇', 'Fate']]-[total_pages:23]
2026-07-25 00:17:12 - mkk_pika - main.py:49 - INFO - [{'_id': '5c2c6df5ff0f55209d9caafb', 'title': '第1集', 'order': 1, 'updated_at': '2019-01-02T05:38:16.067Z', 'id': '5c2c6df5ff0f55209d9caafb'}]
2026-07-25 00:17:12 - mkk_pika - database.py:215 - INFO - 第一次下载该漫画，记录数据库中
2026-07-25 00:17:13 - mkk_pika - main.py:83 - INFO - 找到 23 张图片在:第1集
2026-07-25 00:17:14 - mkk_pika - main.py:112 - INFO - [episode:第1集       ] downloaded:    23, total:  23, progress:100%
2026-07-25 00:17:14 - mkk_pika - database.py:238 - INFO - 数据库更新已下载章节
2026-07-25 00:17:14 - mkk_pika - database.py:244 - INFO - 该漫画已下载章节如下
2026-07-25 00:17:14 - mkk_pika - database.py:245 - INFO - ['第1集']
2026-07-25 00:17:15 - mkk_pika - main.py:348 - INFO - ==================== 漫画信息 ====================
                                   漫画ID：5c2c6df4ff0f55209d9caafa
                                   标题：(C95) Sultry Altria (Fate/Grand Order)
                                   作者：榎屋 (eno)
                                   是否完结：是
                                   总页数：23
                                   分类：同人,短篇,Fate
                                   章节数：1
                                   最后更新时间：2019-01-02T07:53:24.994Z
                                   =================================================
2026-07-25 00:17:15 - mkk_pika - database.py:101 - INFO - 保存成功：(C95) Sultry Altria (Fate/Grand Order)
2026-07-25 00:17:15 - mkk_pika - main.py:35 - INFO - 开始检查(C95) CL-orz 54 (Fate/Grand Order)是否存在未下载章节
2026-07-25 00:17:16 - mkk_pika - main.py:45 - INFO - 正在下载:[(C95) CL-orz 54 (Fate/Grand Order)]-[クレスタ (呉マサヒロ)]-[['全彩', '同人', '短篇', 'Fate']]-[total_pages:23]
2026-07-25 00:17:16 - mkk_pika - main.py:49 - INFO - [{'_id': '5c2c6ed52bfd547280f69aa0', 'title': '第1集', 'order': 1, 'updated_at': '2019-01-02T07:30:28.302Z', 'id': '5c2c6ed52bfd547280f69aa0'}]
2026-07-25 00:17:16 - mkk_pika - database.py:215 - INFO - 第一次下载该漫画，记录数据库中
2026-07-25 00:17:16 - mkk_pika - main.py:83 - INFO - 找到 23 张图片在:第1集
2026-07-25 00:17:18 - mkk_pika - main.py:112 - INFO - [episode:第1集       ] downloaded:    23, total:  23, progress:100%
2026-07-25 00:17:18 - mkk_pika - database.py:238 - INFO - 数据库更新已下载章节
2026-07-25 00:17:18 - mkk_pika - database.py:244 - INFO - 该漫画已下载章节如下
2026-07-25 00:17:18 - mkk_pika - database.py:245 - INFO - ['第1集']
2026-07-25 00:17:19 - mkk_pika - main.py:348 - INFO - ==================== 漫画信息 ====================
                                   漫画ID：5c2c6ed52bfd547280f69a9f
                                   标题：(C95) CL-orz 54 (Fate/Grand Order)
                                   作者：クレスタ (呉マサヒロ)
                                   是否完结：是
                                   总页数：23
                                   分类：全彩,同人,短篇,Fate
                                   章节数：1
                                   最后更新时间：2019-01-02T07:57:09.323Z
                                   =================================================
2026-07-25 00:17:19 - mkk_pika - database.py:101 - INFO - 保存成功：(C95) CL-orz 54 (Fate/Grand Order)
2026-07-25 00:17:19 - mkk_pika - main.py:35 - INFO - 开始检查C95ラクガキ帳 (SSSS.GRIDMAN) 是否存在未下载章节
2026-07-25 00:17:19 - mkk_pika - main.py:45 - INFO - 正在下载:[C95ラクガキ帳 (SSSS.GRIDMAN) ]-[真珠貝 (武田弘光)]-[['短篇', '同人', '強暴', 'NTR']]-[total_pages:8]
2026-07-25 00:17:19 - mkk_pika - main.py:49 - INFO - [{'_id': '5c2c6f572ffd0b728a846a3e', 'title': '第1集', 'order': 1, 'updated_at': '2019-01-02T01:31:42.031Z', 'id': '5c2c6f572ffd0b728a846a3e'}]
2026-07-25 00:17:19 - mkk_pika - database.py:215 - INFO - 第一次下载该漫画，记录数据库中
2026-07-25 00:17:20 - mkk_pika - main.py:83 - INFO - 找到 8 张图片在:第1集
2026-07-25 00:17:20 - mkk_pika - main.py:112 - INFO - [episode:第1集       ] downloaded:     8, total:   8, progress:100%
2026-07-25 00:17:20 - mkk_pika - database.py:238 - INFO - 数据库更新已下载章节
2026-07-25 00:17:20 - mkk_pika - database.py:244 - INFO - 该漫画已下载章节如下
2026-07-25 00:17:20 - mkk_pika - database.py:245 - INFO - ['第1集']
2026-07-25 00:17:21 - mkk_pika - main.py:348 - INFO - ==================== 漫画信息 ====================
                                   漫画ID：5c2c6f572ffd0b728a846a3d
                                   标题：C95ラクガキ帳 (SSSS.GRIDMAN) 
                                   作者：真珠貝 (武田弘光)
                                   是否完结：是
                                   总页数：8
                                   分类：短篇,同人,強暴,NTR
                                   章节数：1
                                   最后更新时间：2019-01-02T07:59:19.233Z
                                   =================================================
2026-07-25 00:17:21 - mkk_pika - database.py:101 - INFO - 保存成功：C95ラクガキ帳 (SSSS.GRIDMAN) 
2026-07-25 00:17:21 - mkk_pika - main.py:35 - INFO - 开始检查 Private♥Lesson是否存在未下载章节
2026-07-25 00:17:22 - mkk_pika - main.py:45 - INFO - 正在下载:[ Private♥Lesson]-[ぷよちゃ]-[['短篇']]-[total_pages:20]
2026-07-25 00:17:22 - mkk_pika - main.py:49 - INFO - [{'_id': '5c2c6f87d4c7e34428e2bd4d', 'title': '第1集', 'order': 1, 'updated_at': '2019-01-02T01:50:54.573Z', 'id': '5c2c6f87d4c7e34428e2bd4d'}]
2026-07-25 00:17:22 - mkk_pika - database.py:215 - INFO - 第一次下载该漫画，记录数据库中
2026-07-25 00:17:22 - mkk_pika - main.py:83 - INFO - 找到 20 张图片在:第1集
2026-07-25 00:17:24 - mkk_pika - main.py:112 - INFO - [episode:第1集       ] downloaded:    20, total:  20, progress:100%
2026-07-25 00:17:24 - mkk_pika - database.py:238 - INFO - 数据库更新已下载章节
2026-07-25 00:17:24 - mkk_pika - database.py:244 - INFO - 该漫画已下载章节如下
2026-07-25 00:17:24 - mkk_pika - database.py:245 - INFO - ['第1集']
2026-07-25 00:17:25 - mkk_pika - main.py:348 - INFO - ==================== 漫画信息 ====================
                                   漫画ID：5c2c6f87d4c7e34428e2bd4c
                                   标题： Private♥Lesson
                                   作者：ぷよちゃ
                                   是否完结：是
                                   总页数：20
                                   分类：短篇
                                   章节数：1
                                   最后更新时间：2019-01-02T08:00:07.229Z
                                   =================================================
2026-07-25 00:17:25 - mkk_pika - database.py:101 - INFO - 保存成功： Private♥Lesson
2026-07-25 00:17:25 - mkk_pika - main.py:35 - INFO - 开始检查抒情のケモノ是否存在未下载章节
2026-07-25 00:17:25 - mkk_pika - main.py:45 - INFO - 正在下载:[抒情のケモノ]-[日吉ハナ]-[['短篇', '純愛', '非人類']]-[total_pages:31]
2026-07-25 00:17:25 - mkk_pika - main.py:49 - INFO - [{'_id': '5c2c6fa32ffd0b728a846a4a', 'title': '第1集', 'order': 1, 'updated_at': '2019-01-02T02:17:15.579Z', 'id': '5c2c6fa32ffd0b728a846a4a'}]
2026-07-25 00:17:25 - mkk_pika - database.py:215 - INFO - 第一次下载该漫画，记录数据库中
2026-07-25 00:17:26 - mkk_pika - main.py:83 - INFO - 找到 31 张图片在:第1集
2026-07-25 00:17:28 - mkk_pika - main.py:112 - INFO - [episode:第1集       ] downloaded:    31, total:  31, progress:100%
2026-07-25 00:17:28 - mkk_pika - database.py:238 - INFO - 数据库更新已下载章节
2026-07-25 00:17:28 - mkk_pika - database.py:244 - INFO - 该漫画已下载章节如下
2026-07-25 00:17:28 - mkk_pika - database.py:245 - INFO - ['第1集']
2026-07-25 00:17:29 - mkk_pika - main.py:348 - INFO - ==================== 漫画信息 ====================
                                   漫画ID：5c2c6fa32ffd0b728a846a49
                                   标题：抒情のケモノ
                                   作者：日吉ハナ
                                   是否完结：是
                                   总页数：31
                                   分类：短篇,純愛,非人類
                                   章节数：1
                                   最后更新时间：2019-01-02T08:00:35.780Z
                                   =================================================
2026-07-25 00:17:29 - mkk_pika - database.py:101 - INFO - 保存成功：抒情のケモノ
2026-07-25 00:17:29 - mkk_pika - main.py:35 - INFO - 开始检查感♥バン♥娘 感板娘是否存在未下载章节
2026-07-25 00:17:30 - mkk_pika - main.py:45 - INFO - 正在下载:[感♥バン♥娘 感板娘]-[藤原俊一]-[['長篇', '純愛', '後宮閃光', '單行本', '姐姐系', '妹妹系', 'NTR']]-[total_pages:194]
2026-07-25 00:17:30 - mkk_pika - main.py:49 - INFO - [{'_id': '5c2ce7f2a660eb4466f2038c', 'title': '2019年第一炮單行本', 'order': 1, 'updated_at': '2018-12-27T10:07:16.554Z', 'id': '5c2ce7f2a660eb4466f2038c'}]
2026-07-25 00:17:30 - mkk_pika - database.py:215 - INFO - 第一次下载该漫画，记录数据库中
2026-07-25 00:17:31 - mkk_pika - main.py:83 - INFO - 找到 194 张图片在:2019年第一炮單行本
2026-07-25 00:17:40 - mkk_pika - main.py:112 - INFO - [episode:2019年第一炮單行本] downloaded:   194, total: 194, progress:100%
2026-07-25 00:17:40 - mkk_pika - database.py:238 - INFO - 数据库更新已下载章节
2026-07-25 00:17:40 - mkk_pika - database.py:244 - INFO - 该漫画已下载章节如下
2026-07-25 00:17:40 - mkk_pika - database.py:245 - INFO - ['2019年第一炮單行本']
2026-07-25 00:17:42 - mkk_pika - main.py:348 - INFO - ==================== 漫画信息 ====================
                                   漫画ID：5c2ce7f2a660eb4466f2038b
                                   标题：感♥バン♥娘 感板娘
                                   作者：藤原俊一
                                   是否完结：是
                                   总页数：194
                                   分类：長篇,純愛,後宮閃光,單行本,姐姐系,妹妹系,NTR
                                   章节数：1
                                   最后更新时间：2019-01-02T16:33:54.572Z
                                   =================================================
2026-07-25 00:17:42 - mkk_pika - database.py:101 - INFO - 保存成功：感♥バン♥娘 感板娘
2026-07-25 00:17:42 - mkk_pika - main.py:35 - INFO - 开始检查第六驱逐舰浴场—第六駆逐浴場是否存在未下载章节
2026-07-25 00:17:42 - mkk_pika - main.py:45 - INFO - 正在下载:[第六驱逐舰浴场—第六駆逐浴場]-[ミルクセーキ工房 (ミルクセーキ)]-[['同人', '短篇', '後宮閃光', '艦隊收藏']]-[total_pages:44]
2026-07-25 00:17:42 - mkk_pika - main.py:49 - INFO - [{'_id': '5c2c693a24ea73445e008f4f', 'title': '第1集', 'order': 1, 'updated_at': '2019-01-02T16:34:55.524Z', 'id': '5c2c693a24ea73445e008f4f'}, {'_id': '5c2ce82f2ffd0b728a846e86', 'title': '第2集', 'order': 2, 'updated_at': '2019-01-02T13:37:40.814Z', 'id': '5c2ce82f2ffd0b728a846e86'}]
2026-07-25 00:17:42 - mkk_pika - database.py:215 - INFO - 第一次下载该漫画，记录数据库中
2026-07-25 00:17:42 - mkk_pika - main.py:83 - INFO - 找到 22 张图片在:第1集
2026-07-25 00:17:44 - mkk_pika - main.py:112 - INFO - [episode:第1集       ] downloaded:    22, total:  22, progress:100%
2026-07-25 00:17:44 - mkk_pika - database.py:238 - INFO - 数据库更新已下载章节
2026-07-25 00:17:44 - mkk_pika - database.py:244 - INFO - 该漫画已下载章节如下
2026-07-25 00:17:44 - mkk_pika - database.py:245 - INFO - ['第1集']
2026-07-25 00:17:45 - mkk_pika - main.py:83 - INFO - 找到 22 张图片在:第2集
2026-07-25 00:17:47 - mkk_pika - main.py:112 - INFO - [episode:第2集       ] downloaded:    22, total:  22, progress:100%
2026-07-25 00:17:47 - mkk_pika - database.py:238 - INFO - 数据库更新已下载章节
2026-07-25 00:17:47 - mkk_pika - database.py:244 - INFO - 该漫画已下载章节如下
2026-07-25 00:17:47 - mkk_pika - database.py:245 - INFO - ['第1集', '第2集']
2026-07-25 00:17:48 - mkk_pika - main.py:348 - INFO - ==================== 漫画信息 ====================
                                   漫画ID：5c2c693a24ea73445e008f4e
                                   标题：第六驱逐舰浴场—第六駆逐浴場
                                   作者：ミルクセーキ工房 (ミルクセーキ)
                                   是否完结：是
                                   总页数：44
                                   分类：同人,短篇,後宮閃光,艦隊收藏
                                   章节数：2
                                   最后更新时间：2019-01-02T16:34:55.502Z
                                   =================================================
2026-07-25 00:17:48 - mkk_pika - database.py:101 - INFO - 保存成功：第六驱逐舰浴场—第六駆逐浴場
2026-07-25 00:17:48 - mkk_pika - main.py:35 - INFO - 开始检查ゴブリンポゼション (ゴブリンスレイヤー)是否存在未下载章节
2026-07-25 00:17:48 - mkk_pika - main.py:45 - INFO - 正在下载:[ゴブリンポゼション (ゴブリンスレイヤー)]-[DATE]-[['短篇', '同人', '百合花園', '性轉換', '非人類', '強暴']]-[total_pages:32]
2026-07-25 00:17:48 - mkk_pika - main.py:49 - INFO - [{'_id': '5c2ce84fa660eb4466f20451', 'title': '第1集', 'order': 1, 'updated_at': '2019-01-02T10:51:52.475Z', 'id': '5c2ce84fa660eb4466f20451'}, {'_id': '5c2ce84fa660eb4466f20452', 'title': '谷口火力支援', 'order': 2, 'updated_at': '2019-01-02T11:01:05.997Z', 'id': '5c2ce84fa660eb4466f20452'}]
2026-07-25 00:17:48 - mkk_pika - database.py:215 - INFO - 第一次下载该漫画，记录数据库中
2026-07-25 00:17:49 - mkk_pika - main.py:83 - INFO - 找到 16 张图片在:第1集
2026-07-25 00:17:50 - mkk_pika - main.py:112 - INFO - [episode:第1集       ] downloaded:    16, total:  16, progress:100%
2026-07-25 00:17:50 - mkk_pika - database.py:238 - INFO - 数据库更新已下载章节
2026-07-25 00:17:50 - mkk_pika - database.py:244 - INFO - 该漫画已下载章节如下
2026-07-25 00:17:50 - mkk_pika - database.py:245 - INFO - ['第1集']
2026-07-25 00:17:51 - mkk_pika - main.py:83 - INFO - 找到 16 张图片在:谷口火力支援
2026-07-25 00:17:52 - mkk_pika - main.py:112 - INFO - [episode:谷口火力支援    ] downloaded:    16, total:  16, progress:100%
2026-07-25 00:17:52 - mkk_pika - database.py:238 - INFO - 数据库更新已下载章节
2026-07-25 00:17:52 - mkk_pika - database.py:244 - INFO - 该漫画已下载章节如下
2026-07-25 00:17:52 - mkk_pika - database.py:245 - INFO - ['第1集', '谷口火力支援']
2026-07-25 00:17:53 - mkk_pika - main.py:348 - INFO - ==================== 漫画信息 ====================
                                   漫画ID：5c2ce84fa660eb4466f20450
                                   标题：ゴブリンポゼション (ゴブリンスレイヤー)
                                   作者：DATE
                                   是否完结：是
                                   总页数：32
                                   分类：短篇,同人,百合花園,性轉換,非人類,強暴
                                   章节数：2
                                   最后更新时间：2019-01-02T16:35:27.419Z
                                   =================================================
2026-07-25 00:17:53 - mkk_pika - database.py:101 - INFO - 保存成功：ゴブリンポゼション (ゴブリンスレイヤー)
2026-07-25 00:17:53 - mkk_pika - main.py:35 - INFO - 开始检查(C95) FHO(Fate/Grand Order)是否存在未下载章节
2026-07-25 00:17:54 - mkk_pika - main.py:45 - INFO - 正在下载:[(C95) FHO(Fate/Grand Order)]-[セルビッチ水産 (魚デニム)]-[['短篇', '同人', 'Fate']]-[total_pages:19]
2026-07-25 00:17:54 - mkk_pika - main.py:49 - INFO - [{'_id': '5c2ce87ad4c7e34428e2bf6b', 'title': '第1集', 'order': 1, 'updated_at': '2019-01-02T13:19:15.257Z', 'id': '5c2ce87ad4c7e34428e2bf6b'}]
2026-07-25 00:17:54 - mkk_pika - database.py:215 - INFO - 第一次下载该漫画，记录数据库中
2026-07-25 00:17:54 - mkk_pika - main.py:83 - INFO - 找到 19 张图片在:第1集
2026-07-25 00:17:55 - mkk_pika - main.py:112 - INFO - [episode:第1集       ] downloaded:    19, total:  19, progress:100%
2026-07-25 00:17:55 - mkk_pika - database.py:238 - INFO - 数据库更新已下载章节
2026-07-25 00:17:55 - mkk_pika - database.py:244 - INFO - 该漫画已下载章节如下
2026-07-25 00:17:55 - mkk_pika - database.py:245 - INFO - ['第1集']
2026-07-25 00:17:56 - mkk_pika - main.py:348 - INFO - ==================== 漫画信息 ====================
                                   漫画ID：5c2ce87ad4c7e34428e2bf6a
                                   标题：(C95) FHO(Fate/Grand Order)
                                   作者：セルビッチ水産 (魚デニム)
                                   是否完结：是
                                   总页数：19
                                   分类：短篇,同人,Fate
                                   章节数：1
                                   最后更新时间：2019-01-02T16:36:10.720Z
                                   =================================================
2026-07-25 00:17:56 - mkk_pika - database.py:101 - INFO - 保存成功：(C95) FHO(Fate/Grand Order)
2026-07-25 00:17:56 - mkk_pika - main.py:35 - INFO - 开始检查(C87)ブリリアントパークの性事情(甘城ブリリアントパーク)是否存在未下载章节
2026-07-25 00:17:57 - mkk_pika - main.py:45 - INFO - 正在下载:[(C87)ブリリアントパークの性事情(甘城ブリリアントパーク)]-[スミヤ]-[['短篇', '同人', '強暴']]-[total_pages:19]
2026-07-25 00:17:57 - mkk_pika - main.py:49 - INFO - [{'_id': '5c2ce8bc24ea73445e0091dc', 'title': '第1集', 'order': 1, 'updated_at': '2019-01-02T11:14:10.408Z', 'id': '5c2ce8bc24ea73445e0091dc'}]
2026-07-25 00:17:57 - mkk_pika - database.py:215 - INFO - 第一次下载该漫画，记录数据库中
2026-07-25 00:17:57 - mkk_pika - main.py:83 - INFO - 找到 19 张图片在:第1集
2026-07-25 00:17:59 - mkk_pika - main.py:112 - INFO - [episode:第1集       ] downloaded:    19, total:  19, progress:100%
2026-07-25 00:17:59 - mkk_pika - database.py:238 - INFO - 数据库更新已下载章节
2026-07-25 00:17:59 - mkk_pika - database.py:244 - INFO - 该漫画已下载章节如下
2026-07-25 00:17:59 - mkk_pika - database.py:245 - INFO - ['第1集']
2026-07-25 00:18:00 - mkk_pika - main.py:348 - INFO - ==================== 漫画信息 ====================
                                   漫画ID：5c2ce8bc24ea73445e0091db
                                   标题：(C87)ブリリアントパークの性事情(甘城ブリリアントパーク)
                                   作者：スミヤ
                                   是否完结：是
                                   总页数：19
                                   分类：短篇,同人,強暴
                                   章节数：1
                                   最后更新时间：2019-01-02T16:37:16.849Z
                                   =================================================
2026-07-25 00:18:00 - mkk_pika - database.py:101 - INFO - 保存成功：(C87)ブリリアントパークの性事情(甘城ブリリアントパーク)
2026-07-25 00:18:00 - mkk_pika - main.py:35 - INFO - 开始检查軽巡矢矧は恋をした是否存在未下载章节
2026-07-25 00:18:00 - mkk_pika - main.py:45 - INFO - 正在下载:[軽巡矢矧は恋をした]-[Rosapersica (一ノ宮)]-[['長篇', '純愛', '艦隊收藏']]-[total_pages:172]
2026-07-25 00:18:00 - mkk_pika - main.py:49 - INFO - [{'_id': '5c2ce92cff0f55209d9cad27', 'title': '第1集', 'order': 1, 'updated_at': '2019-01-02T10:26:43.327Z', 'id': '5c2ce92cff0f55209d9cad27'}, {'_id': '5c2ce92cff0f55209d9cad28', 'title': '第2集', 'order': 2, 'updated_at': '2019-01-02T10:27:41.213Z', 'id': '5c2ce92cff0f55209d9cad28'}, {'_id': '5c2ce92cff0f55209d9cad29', 'title': '第3集', 'order': 3, 'updated_at': '2019-01-02T10:28:25.480Z', 'id': '5c2ce92cff0f55209d9cad29'}]
2026-07-25 00:18:00 - mkk_pika - database.py:215 - INFO - 第一次下载该漫画，记录数据库中
2026-07-25 00:18:01 - mkk_pika - main.py:83 - INFO - 找到 57 张图片在:第1集
2026-07-25 00:18:04 - mkk_pika - main.py:112 - INFO - [episode:第1集       ] downloaded:    57, total:  57, progress:100%
2026-07-25 00:18:04 - mkk_pika - database.py:238 - INFO - 数据库更新已下载章节
2026-07-25 00:18:04 - mkk_pika - database.py:244 - INFO - 该漫画已下载章节如下
2026-07-25 00:18:04 - mkk_pika - database.py:245 - INFO - ['第1集']
2026-07-25 00:18:06 - mkk_pika - main.py:83 - INFO - 找到 59 张图片在:第2集
2026-07-25 00:18:09 - mkk_pika - main.py:112 - INFO - [episode:第2集       ] downloaded:    59, total:  59, progress:100%
2026-07-25 00:18:09 - mkk_pika - database.py:238 - INFO - 数据库更新已下载章节
2026-07-25 00:18:09 - mkk_pika - database.py:244 - INFO - 该漫画已下载章节如下
2026-07-25 00:18:09 - mkk_pika - database.py:245 - INFO - ['第1集', '第2集']
2026-07-25 00:18:11 - mkk_pika - main.py:83 - INFO - 找到 56 张图片在:第3集
2026-07-25 00:18:13 - mkk_pika - main.py:112 - INFO - [episode:第3集       ] downloaded:    56, total:  56, progress:100%
2026-07-25 00:18:13 - mkk_pika - database.py:238 - INFO - 数据库更新已下载章节
2026-07-25 00:18:13 - mkk_pika - database.py:244 - INFO - 该漫画已下载章节如下
2026-07-25 00:18:13 - mkk_pika - database.py:245 - INFO - ['第1集', '第2集', '第3集']
2026-07-25 00:18:14 - mkk_pika - main.py:348 - INFO - ==================== 漫画信息 ====================
                                   漫画ID：5c2ce92cff0f55209d9cad26
                                   标题：軽巡矢矧は恋をした
                                   作者：Rosapersica (一ノ宮)
                                   是否完结：是
                                   总页数：172
                                   分类：長篇,純愛,艦隊收藏
                                   章节数：3
                                   最后更新时间：2019-01-02T16:39:08.437Z
                                   =================================================
2026-07-25 00:18:14 - mkk_pika - database.py:101 - INFO - 保存成功：軽巡矢矧は恋をした
2026-07-25 00:18:14 - mkk_pika - main.py:35 - INFO - 开始检查（C94）エフェメラル・デイドリーム（Fate Grand Order）是否存在未下载章节
2026-07-25 00:18:15 - mkk_pika - main.py:45 - INFO - 正在下载:[（C94）エフェメラル・デイドリーム（Fate Grand Order）]-[スミヤ]-[['短篇', '同人', '強暴', 'Fate']]-[total_pages:20]
2026-07-25 00:18:15 - mkk_pika - main.py:49 - INFO - [{'_id': '5c2ce93b9063e71bb9ba0ca7', 'title': '第1集', 'order': 1, 'updated_at': '2019-01-02T10:56:00.361Z', 'id': '5c2ce93b9063e71bb9ba0ca7'}]
2026-07-25 00:18:15 - mkk_pika - database.py:215 - INFO - 第一次下载该漫画，记录数据库中
2026-07-25 00:18:15 - mkk_pika - main.py:83 - INFO - 找到 20 张图片在:第1集
2026-07-25 00:18:16 - mkk_pika - main.py:112 - INFO - [episode:第1集       ] downloaded:    20, total:  20, progress:100%
2026-07-25 00:18:16 - mkk_pika - database.py:238 - INFO - 数据库更新已下载章节
2026-07-25 00:18:16 - mkk_pika - database.py:244 - INFO - 该漫画已下载章节如下
2026-07-25 00:18:16 - mkk_pika - database.py:245 - INFO - ['第1集']
2026-07-25 00:18:17 - mkk_pika - main.py:348 - INFO - ==================== 漫画信息 ====================
                                   漫画ID：5c2ce93b9063e71bb9ba0ca6
                                   标题：（C94）エフェメラル・デイドリーム（Fate Grand Order）
                                   作者：スミヤ
                                   是否完结：是
                                   总页数：20
                                   分类：短篇,同人,強暴,Fate
                                   章节数：1
                                   最后更新时间：2019-01-02T16:39:23.984Z
                                   =================================================
2026-07-25 00:18:17 - mkk_pika - database.py:101 - INFO - 保存成功：（C94）エフェメラル・デイドリーム（Fate Grand Order）
2026-07-25 00:18:17 - mkk_pika - main.py:35 - INFO - 开始检查憧ちゃんとナイトプール  是否存在未下载章节
2026-07-25 00:18:17 - mkk_pika - main.py:45 - INFO - 正在下载:[憧ちゃんとナイトプール  ]-[[ひよたま御殿 (長瀬ゆたか)]-[['嗶咔漢化', '短篇', '全彩']]-[total_pages:10]
2026-07-25 00:18:17 - mkk_pika - main.py:49 - INFO - [{'_id': '5c4023f77cc20645eb062db4', 'title': '第1集', 'order': 1, 'updated_at': '2019-01-16T17:18:40.898Z', 'id': '5c4023f77cc20645eb062db4'}]
2026-07-25 00:18:17 - mkk_pika - database.py:215 - INFO - 第一次下载该漫画，记录数据库中
2026-07-25 00:18:18 - mkk_pika - main.py:83 - INFO - 找到 10 张图片在:第1集
2026-07-25 00:18:19 - mkk_pika - main.py:112 - INFO - [episode:第1集       ] downloaded:    10, total:  10, progress:100%
2026-07-25 00:18:19 - mkk_pika - database.py:238 - INFO - 数据库更新已下载章节
2026-07-25 00:18:19 - mkk_pika - database.py:244 - INFO - 该漫画已下载章节如下
2026-07-25 00:18:19 - mkk_pika - database.py:245 - INFO - ['第1集']
2026-07-25 00:18:20 - mkk_pika - main.py:348 - INFO - ==================== 漫画信息 ====================
                                   漫画ID：5c2dcf91b82c217251891940
                                   标题：憧ちゃんとナイトプール  
                                   作者：[ひよたま御殿 (長瀬ゆたか)
                                   是否完结：是
                                   总页数：10
                                   分类：嗶咔漢化,短篇,全彩
                                   章节数：1
                                   最后更新时间：2019-01-03T09:02:09.944Z
                                   =================================================
2026-07-25 00:18:20 - mkk_pika - database.py:101 - INFO - 保存成功：憧ちゃんとナイトプール  
2026-07-25 00:18:20 - mkk_pika - main.py:35 - INFO - 开始检查Grand Hotel Princess是否存在未下载章节
2026-07-25 00:18:20 - mkk_pika - main.py:45 - INFO - 正在下载:[Grand Hotel Princess]-[スミヤ]-[['短篇']]-[total_pages:20]
2026-07-25 00:18:20 - mkk_pika - main.py:49 - INFO - [{'_id': '5c2dd052c561e744309e5af7', 'title': '第1集', 'order': 1, 'updated_at': '2019-01-02T11:23:09.595Z', 'id': '5c2dd052c561e744309e5af7'}]
2026-07-25 00:18:20 - mkk_pika - database.py:215 - INFO - 第一次下载该漫画，记录数据库中
2026-07-25 00:18:21 - mkk_pika - main.py:83 - INFO - 找到 20 张图片在:第1集
2026-07-25 00:18:22 - mkk_pika - main.py:112 - INFO - [episode:第1集       ] downloaded:    20, total:  20, progress:100%
2026-07-25 00:18:22 - mkk_pika - database.py:238 - INFO - 数据库更新已下载章节
2026-07-25 00:18:22 - mkk_pika - database.py:244 - INFO - 该漫画已下载章节如下
2026-07-25 00:18:22 - mkk_pika - database.py:245 - INFO - ['第1集']
2026-07-25 00:18:23 - mkk_pika - main.py:348 - INFO - ==================== 漫画信息 ====================
                                   漫画ID：5c2dd052c561e744309e5af6
                                   标题：Grand Hotel Princess
                                   作者：スミヤ
                                   是否完结：是
                                   总页数：20
                                   分类：短篇
                                   章节数：1
                                   最后更新时间：2019-01-03T09:05:22.961Z
                                   =================================================
2026-07-25 00:18:23 - mkk_pika - database.py:101 - INFO - 保存成功：Grand Hotel Princess
2026-07-25 00:18:23 - mkk_pika - main.py:35 - INFO - 开始检查 (COMIC1☆7) かわいくてしかたがない! (ラブライブ!)是否存在未下载章节
2026-07-25 00:18:24 - mkk_pika - main.py:45 - INFO - 正在下载:[ (COMIC1☆7) かわいくてしかたがない! (ラブライブ!)]-[少女騎士団 (大槍葦人)]-[['全彩', '同人', '短篇']]-[total_pages:16]
2026-07-25 00:18:24 - mkk_pika - main.py:49 - INFO - [{'_id': '5c2dd0a2d4c7e34428e2c19c', 'title': '第1集', 'order': 1, 'updated_at': '2019-01-02T12:05:04.569Z', 'id': '5c2dd0a2d4c7e34428e2c19c'}]
2026-07-25 00:18:24 - mkk_pika - database.py:215 - INFO - 第一次下载该漫画，记录数据库中
2026-07-25 00:18:24 - mkk_pika - main.py:83 - INFO - 找到 16 张图片在:第1集
2026-07-25 00:18:25 - mkk_pika - main.py:112 - INFO - [episode:第1集       ] downloaded:    16, total:  16, progress:100%
2026-07-25 00:18:25 - mkk_pika - database.py:238 - INFO - 数据库更新已下载章节
2026-07-25 00:18:25 - mkk_pika - database.py:244 - INFO - 该漫画已下载章节如下
2026-07-25 00:18:25 - mkk_pika - database.py:245 - INFO - ['第1集']
2026-07-25 00:18:27 - mkk_pika - main.py:348 - INFO - ==================== 漫画信息 ====================
                                   漫画ID：5c2dd0a2d4c7e34428e2c19b
                                   标题： (COMIC1☆7) かわいくてしかたがない! (ラブライブ!)
                                   作者：少女騎士団 (大槍葦人)
                                   是否完结：是
                                   总页数：16
                                   分类：全彩,同人,短篇
                                   章节数：1
                                   最后更新时间：2019-01-03T09:06:42.580Z
                                   =================================================
2026-07-25 00:18:27 - mkk_pika - database.py:101 - INFO - 保存成功： (COMIC1☆7) かわいくてしかたがない! (ラブライブ!)
2026-07-25 00:18:27 - mkk_pika - main.py:35 - INFO - 开始检查灵妖学院是否存在未下载章节
2026-07-25 00:18:27 - mkk_pika - main.py:45 - INFO - 正在下载:[灵妖学院]-[AzaDiran]-[['長篇', '姐姐系']]-[total_pages:202]
2026-07-25 00:18:27 - mkk_pika - main.py:49 - INFO - [{'_id': '5c289e778f6a492aac047c89', 'title': '第1集', 'order': 1, 'updated_at': '2018-12-29T08:05:28.896Z', 'id': '5c289e778f6a492aac047c89'}, {'_id': '5c289e778f6a492aac047c8a', 'title': '第2集', 'order': 2, 'updated_at': '2018-12-29T08:06:22.550Z', 'id': '5c289e778f6a492aac047c8a'}, {'_id': '5c289e778f6a492aac047c8b', 'title': '第3集', 'order': 3, 'updated_at': '2018-12-29T08:07:17.007Z', 'id': '5c289e778f6a492aac047c8b'}, {'_id': '5c289e778f6a492aac047c8c', 'title': '第4集', 'order': 4, 'updated_at': '2018-12-29T08:08:21.839Z', 'id': '5c289e778f6a492aac047c8c'}, {'_id': '5c289e778f6a492aac047c8d', 'title': '人物', 'order': 5, 'updated_at': '2018-12-29T08:09:33.367Z', 'id': '5c289e778f6a492aac047c8d'}, {'_id': '5c2dd0acf3c9c21befadb63b', 'title': '第5集', 'order': 6, 'updated_at': '2019-01-02T12:42:18.624Z', 'id': '5c2dd0acf3c9c21befadb63b'}, {'_id': '5c2dd0acf3c9c21befadb63c', 'title': '第6集', 'order': 7, 'updated_at': '2019-01-02T12:43:11.187Z', 'id': '5c2dd0acf3c9c21befadb63c'}, {'_id': '5c2dd0acf3c9c21befadb63d', 'title': '第7集', 'order': 8, 'updated_at': '2019-01-02T12:44:05.130Z', 'id': '5c2dd0acf3c9c21befadb63d'}]
2026-07-25 00:18:27 - mkk_pika - database.py:215 - INFO - 第一次下载该漫画，记录数据库中
2026-07-25 00:18:27 - mkk_pika - main.py:83 - INFO - 找到 25 张图片在:第1集
2026-07-25 00:18:29 - mkk_pika - main.py:112 - INFO - [episode:第1集       ] downloaded:    25, total:  25, progress:100%
2026-07-25 00:18:29 - mkk_pika - database.py:238 - INFO - 数据库更新已下载章节
2026-07-25 00:18:29 - mkk_pika - database.py:244 - INFO - 该漫画已下载章节如下
2026-07-25 00:18:29 - mkk_pika - database.py:245 - INFO - ['第1集']
2026-07-25 00:18:30 - mkk_pika - main.py:83 - INFO - 找到 29 张图片在:第2集
2026-07-25 00:18:32 - mkk_pika - main.py:112 - INFO - [episode:第2集       ] downloaded:    29, total:  29, progress:100%
2026-07-25 00:18:32 - mkk_pika - database.py:238 - INFO - 数据库更新已下载章节
2026-07-25 00:18:32 - mkk_pika - database.py:244 - INFO - 该漫画已下载章节如下
2026-07-25 00:18:32 - mkk_pika - database.py:245 - INFO - ['第1集', '第2集']
2026-07-25 00:18:33 - mkk_pika - main.py:83 - INFO - 找到 23 张图片在:第3集
2026-07-25 00:18:35 - mkk_pika - main.py:112 - INFO - [episode:第3集       ] downloaded:    23, total:  23, progress:100%
2026-07-25 00:18:35 - mkk_pika - database.py:238 - INFO - 数据库更新已下载章节
2026-07-25 00:18:35 - mkk_pika - database.py:244 - INFO - 该漫画已下载章节如下
2026-07-25 00:18:35 - mkk_pika - database.py:245 - INFO - ['第1集', '第2集', '第3集']
2026-07-25 00:18:36 - mkk_pika - main.py:83 - INFO - 找到 25 张图片在:第4集
2026-07-25 00:18:38 - mkk_pika - main.py:112 - INFO - [episode:第4集       ] downloaded:    25, total:  25, progress:100%
2026-07-25 00:18:38 - mkk_pika - database.py:238 - INFO - 数据库更新已下载章节
2026-07-25 00:18:38 - mkk_pika - database.py:244 - INFO - 该漫画已下载章节如下
2026-07-25 00:18:38 - mkk_pika - database.py:245 - INFO - ['第1集', '第2集', '第3集', '第4集']
2026-07-25 00:18:40 - mkk_pika - main.py:83 - INFO - 找到 13 张图片在:人物
2026-07-25 00:18:40 - mkk_pika - main.py:112 - INFO - [episode:人物        ] downloaded:    13, total:  13, progress:100%
2026-07-25 00:18:40 - mkk_pika - database.py:238 - INFO - 数据库更新已下载章节
2026-07-25 00:18:40 - mkk_pika - database.py:244 - INFO - 该漫画已下载章节如下
2026-07-25 00:18:40 - mkk_pika - database.py:245 - INFO - ['第1集', '第2集', '第3集', '第4集', '人物']
2026-07-25 00:18:42 - mkk_pika - main.py:83 - INFO - 找到 29 张图片在:第5集
2026-07-25 00:18:44 - mkk_pika - main.py:112 - INFO - [episode:第5集       ] downloaded:    29, total:  29, progress:100%
2026-07-25 00:18:44 - mkk_pika - database.py:238 - INFO - 数据库更新已下载章节
2026-07-25 00:18:44 - mkk_pika - database.py:244 - INFO - 该漫画已下载章节如下
2026-07-25 00:18:44 - mkk_pika - database.py:245 - INFO - ['第1集', '第2集', '第3集', '第4集', '人物', '第5集']
2026-07-25 00:18:45 - mkk_pika - main.py:83 - INFO - 找到 30 张图片在:第6集
2026-07-25 00:18:47 - mkk_pika - main.py:112 - INFO - [episode:第6集       ] downloaded:    30, total:  30, progress:100%
2026-07-25 00:18:47 - mkk_pika - database.py:238 - INFO - 数据库更新已下载章节
2026-07-25 00:18:47 - mkk_pika - database.py:244 - INFO - 该漫画已下载章节如下
2026-07-25 00:18:47 - mkk_pika - database.py:245 - INFO - ['第1集', '第2集', '第3集', '第4集', '人物', '第5集', '第6集']
2026-07-25 00:18:49 - mkk_pika - main.py:83 - INFO - 找到 28 张图片在:第7集
2026-07-25 00:18:50 - mkk_pika - main.py:112 - INFO - [episode:第7集       ] downloaded:    28, total:  28, progress:100%
2026-07-25 00:18:50 - mkk_pika - database.py:238 - INFO - 数据库更新已下载章节
2026-07-25 00:18:50 - mkk_pika - database.py:244 - INFO - 该漫画已下载章节如下
2026-07-25 00:18:50 - mkk_pika - database.py:245 - INFO - ['第1集', '第2集', '第3集', '第4集', '人物', '第5集', '第6集', '第7集']
2026-07-25 00:18:52 - mkk_pika - main.py:348 - INFO - ==================== 漫画信息 ====================
                                   漫画ID：5c289e778f6a492aac047c88
                                   标题：灵妖学院
                                   作者：AzaDiran
                                   是否完结：是
                                   总页数：202
                                   分类：長篇,姐姐系
                                   章节数：8
                                   最后更新时间：2019-01-03T09:06:52.941Z
                                   =================================================
2026-07-25 00:18:52 - mkk_pika - database.py:101 - INFO - 保存成功：灵妖学院
2026-07-25 00:18:52 - mkk_pika - main.py:35 - INFO - 开始检查お兄様にイチャイチャするとフルカウンター(魔法科高校の劣等生)是否存在未下载章节
2026-07-25 00:18:52 - mkk_pika - main.py:45 - INFO - 正在下载:[お兄様にイチャイチャするとフルカウンター(魔法科高校の劣等生)]-[えあxぐら(びび)]-[['同人', '短篇', '純愛', '妹妹系']]-[total_pages:35]
2026-07-25 00:18:52 - mkk_pika - main.py:49 - INFO - [{'_id': '5c2dd0d1d4c7e34428e2c1af', 'title': '第1集', 'order': 1, 'updated_at': '2019-01-02T14:33:34.670Z', 'id': '5c2dd0d1d4c7e34428e2c1af'}]
2026-07-25 00:18:52 - mkk_pika - database.py:215 - INFO - 第一次下载该漫画，记录数据库中
2026-07-25 00:18:52 - mkk_pika - main.py:83 - INFO - 找到 35 张图片在:第1集
2026-07-25 00:18:55 - mkk_pika - main.py:112 - INFO - [episode:第1集       ] downloaded:    35, total:  35, progress:100%
2026-07-25 00:18:55 - mkk_pika - database.py:238 - INFO - 数据库更新已下载章节
2026-07-25 00:18:55 - mkk_pika - database.py:244 - INFO - 该漫画已下载章节如下
2026-07-25 00:18:55 - mkk_pika - database.py:245 - INFO - ['第1集']
2026-07-25 00:18:56 - mkk_pika - main.py:348 - INFO - ==================== 漫画信息 ====================
                                   漫画ID：5c2dd0d1d4c7e34428e2c1ae
                                   标题：お兄様にイチャイチャするとフルカウンター(魔法科高校の劣等生)
                                   作者：えあxぐら(びび)
                                   是否完结：是
                                   总页数：35
                                   分类：同人,短篇,純愛,妹妹系
                                   章节数：1
                                   最后更新时间：2019-01-03T09:07:29.856Z
                                   =================================================
2026-07-25 00:18:56 - mkk_pika - database.py:101 - INFO - 保存成功：お兄様にイチャイチャするとフルカウンター(魔法科高校の劣等生)
2026-07-25 00:18:56 - mkk_pika - main.py:35 - INFO - 开始检查サキュバステードライフ9是否存在未下载章节
2026-07-25 00:18:56 - mkk_pika - main.py:45 - INFO - 正在下载:[サキュバステードライフ9]-[NANIMOSHINAI (笹森トモエ)]-[['短篇', '後宮閃光']]-[total_pages:27]
2026-07-25 00:18:56 - mkk_pika - main.py:49 - INFO - [{'_id': '5c2dd0eb1c2dc42064e826a8', 'title': '第1集', 'order': 1, 'updated_at': '2019-01-02T18:03:17.845Z', 'id': '5c2dd0eb1c2dc42064e826a8'}]
2026-07-25 00:18:56 - mkk_pika - database.py:215 - INFO - 第一次下载该漫画，记录数据库中
2026-07-25 00:18:57 - mkk_pika - main.py:83 - INFO - 找到 27 张图片在:第1集
2026-07-25 00:18:59 - mkk_pika - main.py:112 - INFO - [episode:第1集       ] downloaded:    27, total:  27, progress:100%
2026-07-25 00:18:59 - mkk_pika - database.py:238 - INFO - 数据库更新已下载章节
2026-07-25 00:18:59 - mkk_pika - database.py:244 - INFO - 该漫画已下载章节如下
2026-07-25 00:18:59 - mkk_pika - database.py:245 - INFO - ['第1集']
2026-07-25 00:19:00 - mkk_pika - main.py:348 - INFO - ==================== 漫画信息 ====================
                                   漫画ID：5c2dd0eb1c2dc42064e826a7
                                   标题：サキュバステードライフ9
                                   作者：NANIMOSHINAI (笹森トモエ)
                                   是否完结：否
                                   总页数：27
                                   分类：短篇,後宮閃光
                                   章节数：1
                                   最后更新时间：2019-01-03T09:07:55.480Z
                                   =================================================
2026-07-25 00:19:00 - mkk_pika - database.py:101 - INFO - 保存成功：サキュバステードライフ9
2026-07-25 00:19:00 - mkk_pika - main.py:380 - INFO - 本次任务下载完毕
2026-07-25 00:19:00 - mkk_pika - database.py:173 - INFO - 数据库连接已关闭
