2026-10-07 02:16:31 - mkk_pika - main.py:193 - INFO - =======================================================================
2026-10-07 02:16:31 - mkk_pika - database.py:61 - INFO - 表和索引初始化成功
2026-10-07 02:16:31 - mkk_pika - main.py:197 - INFO - 已经累计下载22520本漫画
2026-10-07 02:16:31 - mkk_pika - api.py:87 - INFO - 登录成功
2026-10-07 02:16:32 - mkk_pika - main.py:203 - INFO - 收藏夹共计0本漫画
2026-10-07 02:16:32 - mkk_pika - main.py:206 - INFO - 开始下载收藏夹内未下载内容
2026-10-07 02:16:32 - mkk_pika - main.py:266 - INFO - 收藏夹内容下载完毕
2026-10-07 02:16:32 - mkk_pika - main.py:268 - INFO - 开始下载订阅内容
2026-10-07 02:16:32 - mkk_pika - database.py:258 - INFO - 根据ID查询到标题：萝莉 -> おじさんとのエッチにハマっちゃった女の子| 沉迷于和大叔做爱的女孩 [中国翻訳]
2026-10-07 02:16:32 - mkk_pika - database.py:101 - INFO - 保存成功：おじさんとのエッチにハマっちゃった女の子| 沉迷于和大叔做爱的女孩 [中国翻訳]
2026-10-07 02:16:32 - mkk_pika - main.py:273 - INFO - 关键词萝莉找到1本漫画
2026-10-07 02:16:32 - mkk_pika - database.py:258 - INFO - 根据ID查询到标题：蘿莉 -> Kanna Kamui
2026-10-07 02:16:33 - mkk_pika - database.py:101 - INFO - 保存成功：Illyasviel von Einzbern（AI）
2026-10-07 02:16:33 - mkk_pika - main.py:273 - INFO - 关键词蘿莉找到8本漫画
2026-10-07 02:16:33 - mkk_pika - main.py:275 - INFO - 订阅内容共计9本漫画
2026-10-07 02:16:33 - mkk_pika - main.py:35 - INFO - 开始检查エジプト褐色ロリ合同是否存在未下载章节
2026-10-07 02:16:33 - mkk_pika - database.py:203 - INFO - 查询数据库中是否已存在第1話
2026-10-07 02:16:33 - mkk_pika - main.py:51 - INFO - エジプト褐色ロリ合同中没有可下载章节
2026-10-07 02:16:33 - mkk_pika - main.py:292 - INFO - ==================== 漫画信息 ====================
                                漫画ID：6abe9df42175923c6a5935d6
                                标题：エジプト褐色ロリ合同
                                作者：リビョウブ (よろず)
                                是否完结：是
                                总页数：303
                                分类：單行本
                                章节数：1
                                最后更新时间：2026-10-01T17:52:52.754Z
                                =================================================
2026-10-07 02:16:33 - mkk_pika - database.py:101 - INFO - 保存成功：エジプト褐色ロリ合同
2026-10-07 02:16:33 - mkk_pika - main.py:35 - INFO - 开始检查彼氏持ちのJ○マネージャーにスポドリ(※マゼモノ入り)を呑ませよう！ ベロベロお触りパコパコドピュ！ | 让有男友的JC社团管理员把运动饮料(※下了药的)全都喝下去！是否存在未下载章节
2026-10-07 02:16:33 - mkk_pika - main.py:45 - INFO - 正在下载:[彼氏持ちのJ○マネージャーにスポドリ(※マゼモノ入り)を呑ませよう！ ベロベロお触りパコパコドピュ！ | 让有男友的JC社团管理员把运动饮料(※下了药的)全都喝下去！]-[ねちょすけ。 (エチコ)]-[['短篇', 'NTR']]-[total_pages:-1]
2026-10-07 02:16:33 - mkk_pika - main.py:49 - INFO - [{'_id': '6ac5232364e3d53b8fead41c', 'title': '第1話', 'order': 1, 'updated_at': '2026-10-06T13:39:52.237Z', 'id': '6ac5232364e3d53b8fead41c'}]
2026-10-07 02:16:33 - mkk_pika - database.py:215 - INFO - 第一次下载该漫画，记录数据库中
2026-10-07 02:16:34 - mkk_pika - main.py:83 - INFO - 找到 46 张图片在:第1話
2026-10-07 02:16:36 - mkk_pika - main.py:112 - INFO - [episode:第1話       ] downloaded:    46, total:  46, progress:100%
2026-10-07 02:16:36 - mkk_pika - database.py:238 - INFO - 数据库更新已下载章节
2026-10-07 02:16:36 - mkk_pika - database.py:244 - INFO - 该漫画已下载章节如下
2026-10-07 02:16:36 - mkk_pika - database.py:245 - INFO - ['第1話']
2026-10-07 02:16:37 - mkk_pika - main.py:292 - INFO - ==================== 漫画信息 ====================
                                漫画ID：6ac5232364e3d53b8fead41b
                                标题：彼氏持ちのJ○マネージャーにスポドリ(※マゼモノ入り)を呑ませよう！ ベロベロお触りパコパコドピュ！ | 让有男友的JC社团管理员把运动饮料(※下了药的)全都喝下去！
                                作者：ねちょすけ。 (エチコ)
                                是否完结：是
                                总页数：46
                                分类：短篇,NTR
                                章节数：1
                                最后更新时间：2026-10-06T16:34:43.735Z
                                =================================================
2026-10-07 02:16:37 - mkk_pika - database.py:101 - INFO - 保存成功：彼氏持ちのJ○マネージャーにスポドリ(※マゼモノ入り)を呑ませよう！ ベロベロお触りパコパコドピュ！ | 让有男友的JC社团管理员把运动饮料(※下了药的)全都喝下去！
2026-10-07 02:16:37 - mkk_pika - main.py:35 - INFO - 开始检查堕ちた王にわからせを| 堕落国王当受肉棒教育之刑是否存在未下载章节
2026-10-07 02:16:38 - mkk_pika - main.py:45 - INFO - 正在下载:[堕ちた王にわからせを| 堕落国王当受肉棒教育之刑]-[ねこ大福 (ねこのしろ)]-[['短篇', '同人']]-[total_pages:-1]
2026-10-07 02:16:38 - mkk_pika - main.py:49 - INFO - [{'_id': '6ac522693f0a192093949fc2', 'title': '第1話', 'order': 1, 'updated_at': '2026-10-06T05:41:54.294Z', 'id': '6ac522693f0a192093949fc2'}]
2026-10-07 02:16:38 - mkk_pika - database.py:215 - INFO - 第一次下载该漫画，记录数据库中
2026-10-07 02:16:38 - mkk_pika - main.py:83 - INFO - 找到 24 张图片在:第1話
2026-10-07 02:16:39 - mkk_pika - main.py:112 - INFO - [episode:第1話       ] downloaded:    24, total:  24, progress:100%
2026-10-07 02:16:39 - mkk_pika - database.py:238 - INFO - 数据库更新已下载章节
2026-10-07 02:16:39 - mkk_pika - database.py:244 - INFO - 该漫画已下载章节如下
2026-10-07 02:16:39 - mkk_pika - database.py:245 - INFO - ['第1話']
2026-10-07 02:16:40 - mkk_pika - main.py:292 - INFO - ==================== 漫画信息 ====================
                                漫画ID：6ac522693f0a192093949fc1
                                标题：堕ちた王にわからせを| 堕落国王当受肉棒教育之刑
                                作者：ねこ大福 (ねこのしろ)
                                是否完结：是
                                总页数：24
                                分类：短篇,同人
                                章节数：1
                                最后更新时间：2026-10-06T16:31:37.981Z
                                =================================================
2026-10-07 02:16:40 - mkk_pika - database.py:101 - INFO - 保存成功：堕ちた王にわからせを| 堕落国王当受肉棒教育之刑
2026-10-07 02:16:40 - mkk_pika - main.py:35 - INFO - 开始检查お兄ちゃんを飼う | 饲养哥哥是否存在未下载章节
2026-10-07 02:16:41 - mkk_pika - main.py:45 - INFO - 正在下载:[お兄ちゃんを飼う | 饲养哥哥]-[squeezecandyheaven (いちはや)]-[['短篇']]-[total_pages:-1]
2026-10-07 02:16:41 - mkk_pika - main.py:49 - INFO - [{'_id': '6ac5223100d17020a3be22bb', 'title': '第1話', 'order': 1, 'updated_at': '2026-10-06T12:21:40.439Z', 'id': '6ac5223100d17020a3be22bb'}]
2026-10-07 02:16:41 - mkk_pika - database.py:215 - INFO - 第一次下载该漫画，记录数据库中
2026-10-07 02:16:41 - mkk_pika - main.py:83 - INFO - 找到 24 张图片在:第1話
2026-10-07 02:16:43 - mkk_pika - main.py:112 - INFO - [episode:第1話       ] downloaded:    24, total:  24, progress:100%
2026-10-07 02:16:43 - mkk_pika - database.py:238 - INFO - 数据库更新已下载章节
2026-10-07 02:16:43 - mkk_pika - database.py:244 - INFO - 该漫画已下载章节如下
2026-10-07 02:16:43 - mkk_pika - database.py:245 - INFO - ['第1話']
2026-10-07 02:16:44 - mkk_pika - main.py:292 - INFO - ==================== 漫画信息 ====================
                                漫画ID：6ac5223100d17020a3be22ba
                                标题：お兄ちゃんを飼う | 饲养哥哥
                                作者：squeezecandyheaven (いちはや)
                                是否完结：是
                                总页数：24
                                分类：短篇
                                章节数：1
                                最后更新时间：2026-10-06T16:30:41.801Z
                                =================================================
2026-10-07 02:16:44 - mkk_pika - database.py:101 - INFO - 保存成功：お兄ちゃんを飼う | 饲养哥哥
2026-10-07 02:16:44 - mkk_pika - main.py:35 - INFO - 开始检查粉幼檔案 (ブルーアーカイブ)是否存在未下载章节
2026-10-07 02:16:44 - mkk_pika - database.py:203 - INFO - 查询数据库中是否已存在第1話
2026-10-07 02:16:44 - mkk_pika - database.py:203 - INFO - 查询数据库中是否已存在第2話
2026-10-07 02:16:44 - mkk_pika - database.py:203 - INFO - 查询数据库中是否已存在第3話
2026-10-07 02:16:44 - mkk_pika - database.py:203 - INFO - 查询数据库中是否已存在第4話
2026-10-07 02:16:44 - mkk_pika - database.py:203 - INFO - 查询数据库中是否已存在第5話
2026-10-07 02:16:44 - mkk_pika - main.py:45 - INFO - 正在下载:[粉幼檔案 (ブルーアーカイブ)]-[骨頭蹦 (骨頭)]-[['全彩', '同人']]-[total_pages:-1]
2026-10-07 02:16:44 - mkk_pika - main.py:49 - INFO - [{'_id': '6ac5210a00d17020a3be1fc5', 'title': '第5話', 'order': 5, 'updated_at': '2026-10-06T05:06:34.417Z', 'id': '6ac5210a00d17020a3be1fc5'}]
2026-10-07 02:16:45 - mkk_pika - main.py:83 - INFO - 找到 18 张图片在:第5話
2026-10-07 02:16:45 - mkk_pika - main.py:112 - INFO - [episode:第5話       ] downloaded:    18, total:  18, progress:100%
2026-10-07 02:16:45 - mkk_pika - database.py:238 - INFO - 数据库更新已下载章节
2026-10-07 02:16:45 - mkk_pika - database.py:244 - INFO - 该漫画已下载章节如下
2026-10-07 02:16:45 - mkk_pika - database.py:245 - INFO - ['第1話', '第2話', '第3話', '第4話', '第5話']
2026-10-07 02:16:47 - mkk_pika - main.py:292 - INFO - ==================== 漫画信息 ====================
                                漫画ID：68ab0c604cace5086f16e3ee
                                标题：粉幼檔案 (ブルーアーカイブ)
                                作者：骨頭蹦 (骨頭)
                                是否完结：是
                                总页数：82
                                分类：全彩,同人
                                章节数：5
                                最后更新时间：2026-10-06T16:25:46.142Z
                                =================================================
2026-10-07 02:16:47 - mkk_pika - database.py:101 - INFO - 保存成功：粉幼檔案 (ブルーアーカイブ)
2026-10-07 02:16:47 - mkk_pika - main.py:35 - INFO - 开始检查コッコロ調教NTR2 (プリンセスコネクト!Re:Dive)是否存在未下载章节
2026-10-07 02:16:47 - mkk_pika - main.py:45 - INFO - 正在下载:[コッコロ調教NTR2 (プリンセスコネクト!Re:Dive)]-[LOLI西洋剣 (旁白)]-[['同人', 'NTR']]-[total_pages:-1]
2026-10-07 02:16:47 - mkk_pika - main.py:49 - INFO - [{'_id': '68d3df06044a3f3244a0d596', 'title': '第1話', 'order': 1, 'updated_at': '2025-09-23T07:31:04.849Z', 'id': '68d3df06044a3f3244a0d596'}, {'_id': '6ac520b900d17020a3be1ecb', 'title': '官中1', 'order': 2, 'updated_at': '2026-10-05T18:15:48.936Z', 'id': '6ac520b900d17020a3be1ecb'}, {'_id': '6ac520b900d17020a3be1ecc', 'title': '官中2', 'order': 3, 'updated_at': '2026-10-05T18:15:11.476Z', 'id': '6ac520b900d17020a3be1ecc'}]
2026-10-07 02:16:47 - mkk_pika - database.py:215 - INFO - 第一次下载该漫画，记录数据库中
2026-10-07 02:16:48 - mkk_pika - main.py:83 - INFO - 找到 43 张图片在:第1話
2026-10-07 02:16:49 - mkk_pika - main.py:112 - INFO - [episode:第1話       ] downloaded:    43, total:  43, progress:100%
2026-10-07 02:16:49 - mkk_pika - database.py:238 - INFO - 数据库更新已下载章节
2026-10-07 02:16:49 - mkk_pika - database.py:244 - INFO - 该漫画已下载章节如下
2026-10-07 02:16:49 - mkk_pika - database.py:245 - INFO - ['第1話']
2026-10-07 02:16:51 - mkk_pika - main.py:83 - INFO - 找到 37 张图片在:官中1
2026-10-07 02:16:51 - mkk_pika - main.py:112 - INFO - [episode:官中1       ] downloaded:    37, total:  37, progress:100%
2026-10-07 02:16:51 - mkk_pika - database.py:238 - INFO - 数据库更新已下载章节
2026-10-07 02:16:51 - mkk_pika - database.py:244 - INFO - 该漫画已下载章节如下
2026-10-07 02:16:51 - mkk_pika - database.py:245 - INFO - ['第1話', '官中1']
2026-10-07 02:16:53 - mkk_pika - main.py:83 - INFO - 找到 42 张图片在:官中2
2026-10-07 02:16:54 - mkk_pika - main.py:112 - INFO - [episode:官中2       ] downloaded:    42, total:  42, progress:100%
2026-10-07 02:16:54 - mkk_pika - database.py:238 - INFO - 数据库更新已下载章节
2026-10-07 02:16:54 - mkk_pika - database.py:244 - INFO - 该漫画已下载章节如下
2026-10-07 02:16:54 - mkk_pika - database.py:245 - INFO - ['第1話', '官中1', '官中2']
2026-10-07 02:16:56 - mkk_pika - main.py:292 - INFO - ==================== 漫画信息 ====================
                                漫画ID：68d3df06044a3f3244a0d595
                                标题：コッコロ調教NTR2 (プリンセスコネクト!Re:Dive)
                                作者：LOLI西洋剣 (旁白)
                                是否完结：是
                                总页数：122
                                分类：同人,NTR
                                章节数：3
                                最后更新时间：2026-10-06T16:24:25.893Z
                                =================================================
2026-10-07 02:16:56 - mkk_pika - database.py:101 - INFO - 保存成功：コッコロ調教NTR2 (プリンセスコネクト!Re:Dive)
2026-10-07 02:16:56 - mkk_pika - main.py:35 - INFO - 开始检查煙霞繚乱 人を虜にする門主様 (ブルーアーカイブ)是否存在未下载章节
2026-10-07 02:16:56 - mkk_pika - main.py:45 - INFO - 正在下载:[煙霞繚乱 人を虜にする門主様 (ブルーアーカイブ)]-[蜂巣 (Apoidea)]-[['短篇', '同人']]-[total_pages:-1]
2026-10-07 02:16:56 - mkk_pika - main.py:49 - INFO - [{'_id': '6ac520a9d358a82073dc510a', 'title': '第1話', 'order': 1, 'updated_at': '2026-10-05T18:03:35.152Z', 'id': '6ac520a9d358a82073dc510a'}]
2026-10-07 02:16:56 - mkk_pika - database.py:215 - INFO - 第一次下载该漫画，记录数据库中
2026-10-07 02:16:56 - mkk_pika - main.py:83 - INFO - 找到 29 张图片在:第1話
2026-10-07 02:16:57 - mkk_pika - main.py:112 - INFO - [episode:第1話       ] downloaded:    29, total:  29, progress:100%
2026-10-07 02:16:57 - mkk_pika - database.py:238 - INFO - 数据库更新已下载章节
2026-10-07 02:16:57 - mkk_pika - database.py:244 - INFO - 该漫画已下载章节如下
2026-10-07 02:16:57 - mkk_pika - database.py:245 - INFO - ['第1話']
2026-10-07 02:16:59 - mkk_pika - main.py:292 - INFO - ==================== 漫画信息 ====================
                                漫画ID：68877be9e1704356e01fba58
                                标题：煙霞繚乱 人を虜にする門主様 (ブルーアーカイブ)
                                作者：蜂巣 (Apoidea)
                                是否完结：是
                                总页数：29
                                分类：短篇,同人
                                章节数：1
                                最后更新时间：2025-07-28T13:32:25.023Z
                                =================================================
2026-10-07 02:16:59 - mkk_pika - database.py:101 - INFO - 保存成功：煙霞繚乱 人を虜にする門主様 (ブルーアーカイブ)
2026-10-07 02:16:59 - mkk_pika - main.py:35 - INFO - 开始检查性的解剖稲木after是否存在未下载章节
2026-10-07 02:16:59 - mkk_pika - main.py:45 - INFO - 正在下载:[性的解剖稲木after]-[こりこり街道 (双木こじろ)]-[['短篇']]-[total_pages:-1]
2026-10-07 02:16:59 - mkk_pika - main.py:49 - INFO - [{'_id': '6ac5208e00d17020a3be1e54', 'title': '第1話', 'order': 1, 'updated_at': '2026-10-05T16:59:46.135Z', 'id': '6ac5208e00d17020a3be1e54'}]
2026-10-07 02:16:59 - mkk_pika - database.py:215 - INFO - 第一次下载该漫画，记录数据库中
2026-10-07 02:16:59 - mkk_pika - main.py:83 - INFO - 找到 23 张图片在:第1話
2026-10-07 02:17:00 - mkk_pika - main.py:112 - INFO - [episode:第1話       ] downloaded:    23, total:  23, progress:100%
2026-10-07 02:17:00 - mkk_pika - database.py:238 - INFO - 数据库更新已下载章节
2026-10-07 02:17:00 - mkk_pika - database.py:244 - INFO - 该漫画已下载章节如下
2026-10-07 02:17:00 - mkk_pika - database.py:245 - INFO - ['第1話']
2026-10-07 02:17:02 - mkk_pika - main.py:292 - INFO - ==================== 漫画信息 ====================
                                漫画ID：6ac5208e00d17020a3be1e53
                                标题：性的解剖稲木after
                                作者：こりこり街道 (双木こじろ)
                                是否完结：是
                                总页数：23
                                分类：短篇
                                章节数：1
                                最后更新时间：2026-10-06T16:23:42.259Z
                                =================================================
2026-10-07 02:17:02 - mkk_pika - database.py:101 - INFO - 保存成功：性的解剖稲木after
2026-10-07 02:17:02 - mkk_pika - main.py:35 - INFO - 开始检查ヒマワリちゃんの雑なカラー漫画5P＆ほぼボツのカラーイラスト是否存在未下载章节
2026-10-07 02:17:02 - mkk_pika - database.py:203 - INFO - 查询数据库中是否已存在第1話
2026-10-07 02:17:02 - mkk_pika - main.py:51 - INFO - ヒマワリちゃんの雑なカラー漫画5P＆ほぼボツのカラーイラスト中没有可下载章节
2026-10-07 02:17:02 - mkk_pika - main.py:292 - INFO - ==================== 漫画信息 ====================
                                漫画ID：6ac3d4510b686b2083cb5872
                                标题：ヒマワリちゃんの雑なカラー漫画5P＆ほぼボツのカラーイラスト
                                作者：最小
                                是否完结：否
                                总页数：12
                                分类：短篇,同人
                                章节数：1
                                最后更新时间：2026-10-05T16:46:09.990Z
                                =================================================
2026-10-07 02:17:02 - mkk_pika - database.py:101 - INFO - 保存成功：ヒマワリちゃんの雑なカラー漫画5P＆ほぼボツのカラーイラスト
2026-10-07 02:17:02 - mkk_pika - main.py:323 - INFO - 订阅内容内容下载完毕
2026-10-07 02:17:02 - mkk_pika - main.py:324 - INFO - 开始分批下载全部章节
2026-10-07 02:17:02 - mkk_pika - database.py:280 - INFO - 表和索引初始化成功
2026-10-07 02:17:02 - mkk_pika - main.py:177 - INFO - 已经下载了1772页，一共7193页，现在开始添加第1773页
2026-10-07 02:17:03 - mkk_pika - database.py:318 - INFO - 保存成功
2026-10-07 02:17:03 - mkk_pika - main.py:177 - INFO - 已经下载了1773页，一共7193页，现在开始添加第1774页
2026-10-07 02:17:03 - mkk_pika - database.py:318 - INFO - 保存成功
2026-10-07 02:17:04 - mkk_pika - main.py:177 - INFO - 已经下载了1774页，一共7193页，现在开始添加第1775页
2026-10-07 02:17:04 - mkk_pika - database.py:318 - INFO - 保存成功
2026-10-07 02:17:04 - mkk_pika - main.py:177 - INFO - 已经下载了1775页，一共7193页，现在开始添加第1776页
2026-10-07 02:17:05 - mkk_pika - database.py:318 - INFO - 保存成功
2026-10-07 02:17:05 - mkk_pika - main.py:177 - INFO - 已经下载了1776页，一共7193页，现在开始添加第1777页
2026-10-07 02:17:06 - mkk_pika - database.py:318 - INFO - 保存成功
2026-10-07 02:17:06 - mkk_pika - main.py:177 - INFO - 已经下载了1777页，一共7193页，现在开始添加第1778页
2026-10-07 02:17:06 - mkk_pika - database.py:318 - INFO - 保存成功
2026-10-07 02:17:06 - mkk_pika - main.py:177 - INFO - 已经下载了1778页，一共7193页，现在开始添加第1779页
2026-10-07 02:17:07 - mkk_pika - database.py:318 - INFO - 保存成功
2026-10-07 02:17:07 - mkk_pika - main.py:331 - INFO - 分批下载共计64本漫画
2026-10-07 02:17:07 - mkk_pika - main.py:35 - INFO - 开始检查兄嫁と暮らせば 兄嫂住一起的話是否存在未下载章节
2026-10-07 02:17:07 - mkk_pika - main.py:45 - INFO - 正在下载:[兄嫁と暮らせば 兄嫂住一起的話]-[松波留美]-[['長篇', '純愛', '後宮閃光', '姐姐系', '妹妹系', '單行本', '人妻', 'SM', 'NTR']]-[total_pages:190]
2026-10-07 02:17:07 - mkk_pika - main.py:49 - INFO - [{'_id': '5d34b7f66bf0a732f541a2bb', 'title': '社保大嫂的單行本', 'order': 1, 'updated_at': '2019-07-21T12:08:37.086Z', 'id': '5d34b7f66bf0a732f541a2bb'}]
2026-10-07 02:17:07 - mkk_pika - database.py:215 - INFO - 第一次下载该漫画，记录数据库中
2026-10-07 02:17:09 - mkk_pika - main.py:83 - INFO - 找到 190 张图片在:社保大嫂的單行本
2026-10-07 02:17:15 - mkk_pika - main.py:112 - INFO - [episode:社保大嫂的單行本  ] downloaded:   190, total: 190, progress:100%
2026-10-07 02:17:15 - mkk_pika - database.py:238 - INFO - 数据库更新已下载章节
2026-10-07 02:17:15 - mkk_pika - database.py:244 - INFO - 该漫画已下载章节如下
2026-10-07 02:17:15 - mkk_pika - database.py:245 - INFO - ['社保大嫂的單行本']
2026-10-07 02:17:16 - mkk_pika - main.py:348 - INFO - ==================== 漫画信息 ====================
                                   漫画ID：5d2f4303c15d1b20d8f87977
                                   标题：兄嫁と暮らせば 兄嫂住一起的話
                                   作者：松波留美
                                   是否完结：是
                                   总页数：190
                                   分类：長篇,純愛,後宮閃光,姐姐系,妹妹系,單行本,人妻,SM,NTR
                                   章节数：1
                                   最后更新时间：2019-07-17T15:47:15.745Z
                                   =================================================
2026-10-07 02:17:16 - mkk_pika - database.py:101 - INFO - 保存成功：兄嫁と暮らせば 兄嫂住一起的話
2026-10-07 02:17:16 - mkk_pika - main.py:35 - INFO - 开始检查(C94)时雨和家庭访问 (艦隊これくしょん -艦これ-) 是否存在未下载章节
2026-10-07 02:17:17 - mkk_pika - main.py:45 - INFO - 正在下载:[(C94)时雨和家庭访问 (艦隊これくしょん -艦これ-) ]-[あまくち少女 (うまくち醤油)]-[['短篇', '同人', '足の恋', '艦隊收藏']]-[total_pages:9]
2026-10-07 02:17:17 - mkk_pika - main.py:49 - INFO - [{'_id': '5d2f4325c15d1b20d8f87a38', 'title': '第1集', 'order': 1, 'updated_at': '2019-07-17T13:06:39.252Z', 'id': '5d2f4325c15d1b20d8f87a38'}]
2026-10-07 02:17:17 - mkk_pika - database.py:215 - INFO - 第一次下载该漫画，记录数据库中
2026-10-07 02:17:17 - mkk_pika - main.py:83 - INFO - 找到 9 张图片在:第1集
2026-10-07 02:17:18 - mkk_pika - main.py:112 - INFO - [episode:第1集       ] downloaded:     9, total:   9, progress:100%
2026-10-07 02:17:18 - mkk_pika - database.py:238 - INFO - 数据库更新已下载章节
2026-10-07 02:17:18 - mkk_pika - database.py:244 - INFO - 该漫画已下载章节如下
2026-10-07 02:17:18 - mkk_pika - database.py:245 - INFO - ['第1集']
2026-10-07 02:17:19 - mkk_pika - main.py:348 - INFO - ==================== 漫画信息 ====================
                                   漫画ID：5d2f4325c15d1b20d8f87a37
                                   标题：(C94)时雨和家庭访问 (艦隊これくしょん -艦これ-) 
                                   作者：あまくち少女 (うまくち醤油)
                                   是否完结：是
                                   总页数：9
                                   分类：短篇,同人,足の恋,艦隊收藏
                                   章节数：1
                                   最后更新时间：2019-07-17T15:47:49.346Z
                                   =================================================
2026-10-07 02:17:19 - mkk_pika - database.py:101 - INFO - 保存成功：(C94)时雨和家庭访问 (艦隊これくしょん -艦これ-) 
2026-10-07 02:17:19 - mkk_pika - main.py:35 - INFO - 开始检查オナホ教室 5穴目 (COMIC BAVEL 2019年5月号) [Chinese]  [Digital]是否存在未下载章节
2026-10-07 02:17:19 - mkk_pika - main.py:45 - INFO - 正在下载:[オナホ教室 5穴目 (COMIC BAVEL 2019年5月号) [Chinese]  [Digital]]-[大嘘]-[['短篇']]-[total_pages:25]
2026-10-07 02:17:19 - mkk_pika - main.py:49 - INFO - [{'_id': '5d2f43d3c15d1b20d8f87a4d', 'title': '第1集', 'order': 1, 'updated_at': '2019-07-17T15:01:30.684Z', 'id': '5d2f43d3c15d1b20d8f87a4d'}]
2026-10-07 02:17:19 - mkk_pika - database.py:215 - INFO - 第一次下载该漫画，记录数据库中
2026-10-07 02:17:20 - mkk_pika - main.py:83 - INFO - 找到 25 张图片在:第1集
2026-10-07 02:17:21 - mkk_pika - main.py:112 - INFO - [episode:第1集       ] downloaded:    25, total:  25, progress:100%
2026-10-07 02:17:21 - mkk_pika - database.py:238 - INFO - 数据库更新已下载章节
2026-10-07 02:17:21 - mkk_pika - database.py:244 - INFO - 该漫画已下载章节如下
2026-10-07 02:17:21 - mkk_pika - database.py:245 - INFO - ['第1集']
2026-10-07 02:17:22 - mkk_pika - main.py:348 - INFO - ==================== 漫画信息 ====================
                                   漫画ID：5d2f43d3c15d1b20d8f87a4c
                                   标题：オナホ教室 5穴目 (COMIC BAVEL 2019年5月号) [Chinese]  [Digital]
                                   作者：大嘘
                                   是否完结：是
                                   总页数：25
                                   分类：短篇
                                   章节数：1
                                   最后更新时间：2019-07-17T15:50:43.390Z
                                   =================================================
2026-10-07 02:17:22 - mkk_pika - database.py:101 - INFO - 保存成功：オナホ教室 5穴目 (COMIC BAVEL 2019年5月号) [Chinese]  [Digital]
2026-10-07 02:17:22 - mkk_pika - main.py:35 - INFO - 开始检查(C95)WISTERIA 2 (かぐや様は告らせたい)（汉化）是否存在未下载章节
2026-10-07 02:17:22 - mkk_pika - main.py:45 - INFO - 正在下载:[(C95)WISTERIA 2 (かぐや様は告らせたい)（汉化）]-[偽MIDI泥の会 (石恵)]-[['短篇', '全彩']]-[total_pages:18]
2026-10-07 02:17:22 - mkk_pika - main.py:49 - INFO - [{'_id': '5d2f43dc309c7420ebe7ac3a', 'title': '第1集', 'order': 1, 'updated_at': '2019-07-17T15:01:13.688Z', 'id': '5d2f43dc309c7420ebe7ac3a'}]
2026-10-07 02:17:22 - mkk_pika - database.py:215 - INFO - 第一次下载该漫画，记录数据库中
2026-10-07 02:17:23 - mkk_pika - main.py:83 - INFO - 找到 18 张图片在:第1集
2026-10-07 02:17:24 - mkk_pika - main.py:112 - INFO - [episode:第1集       ] downloaded:    18, total:  18, progress:100%
2026-10-07 02:17:24 - mkk_pika - database.py:238 - INFO - 数据库更新已下载章节
2026-10-07 02:17:24 - mkk_pika - database.py:244 - INFO - 该漫画已下载章节如下
2026-10-07 02:17:24 - mkk_pika - database.py:245 - INFO - ['第1集']
2026-10-07 02:17:25 - mkk_pika - main.py:348 - INFO - ==================== 漫画信息 ====================
                                   漫画ID：5d2f43dc309c7420ebe7ac39
                                   标题：(C95)WISTERIA 2 (かぐや様は告らせたい)（汉化）
                                   作者：偽MIDI泥の会 (石恵)
                                   是否完结：是
                                   总页数：18
                                   分类：短篇,全彩
                                   章节数：1
                                   最后更新时间：2019-07-17T15:50:52.461Z
                                   =================================================
2026-10-07 02:17:25 - mkk_pika - database.py:101 - INFO - 保存成功：(C95)WISTERIA 2 (かぐや様は告らせたい)（汉化）
2026-10-07 02:17:25 - mkk_pika - main.py:35 - INFO - 开始检查 カヤ姉、追想する (コミックジェシカ Vol.5) 是否存在未下载章节
2026-10-07 02:17:25 - mkk_pika - main.py:45 - INFO - 正在下载:[ カヤ姉、追想する (コミックジェシカ Vol.5) ]-[蒟吉人]-[['短篇', 'NTR']]-[total_pages:17]
2026-10-07 02:17:25 - mkk_pika - main.py:49 - INFO - [{'_id': '5d2f43ef8bf5a220ddd136fa', 'title': '第1集', 'order': 1, 'updated_at': '2019-07-17T15:33:54.687Z', 'id': '5d2f43ef8bf5a220ddd136fa'}]
2026-10-07 02:17:25 - mkk_pika - database.py:215 - INFO - 第一次下载该漫画，记录数据库中
2026-10-07 02:17:26 - mkk_pika - main.py:83 - INFO - 找到 17 张图片在:第1集
2026-10-07 02:17:27 - mkk_pika - main.py:112 - INFO - [episode:第1集       ] downloaded:    17, total:  17, progress:100%
2026-10-07 02:17:27 - mkk_pika - database.py:238 - INFO - 数据库更新已下载章节
2026-10-07 02:17:27 - mkk_pika - database.py:244 - INFO - 该漫画已下载章节如下
2026-10-07 02:17:27 - mkk_pika - database.py:245 - INFO - ['第1集']
2026-10-07 02:17:28 - mkk_pika - main.py:348 - INFO - ==================== 漫画信息 ====================
                                   漫画ID：5d2f43ef8bf5a220ddd136f9
                                   标题： カヤ姉、追想する (コミックジェシカ Vol.5) 
                                   作者：蒟吉人
                                   是否完结：是
                                   总页数：17
                                   分类：短篇,NTR
                                   章节数：1
                                   最后更新时间：2019-07-17T15:51:11.783Z
                                   =================================================
2026-10-07 02:17:28 - mkk_pika - database.py:101 - INFO - 保存成功： カヤ姉、追想する (コミックジェシカ Vol.5) 
2026-10-07 02:17:28 - mkk_pika - main.py:35 - INFO - 开始检查 瑞穂恋乳 (艦隊これくしょん -艦これ-)  [DL版]是否存在未下载章节
2026-10-07 02:17:28 - mkk_pika - main.py:45 - INFO - 正在下载:[ 瑞穂恋乳 (艦隊これくしょん -艦これ-)  [DL版]]-[闇夢館 (三色坊 Darkmaya)]-[['短篇', '同人', '艦隊收藏']]-[total_pages:58]
2026-10-07 02:17:28 - mkk_pika - main.py:49 - INFO - [{'_id': '5d2f4409309c7420ebe7ac4e', 'title': '第1集', 'order': 1, 'updated_at': '2019-07-17T15:42:24.206Z', 'id': '5d2f4409309c7420ebe7ac4e'}, {'_id': '5d2f4409309c7420ebe7ac4f', 'title': '第2集', 'order': 2, 'updated_at': '2019-07-17T15:48:03.052Z', 'id': '5d2f4409309c7420ebe7ac4f'}]
2026-10-07 02:17:28 - mkk_pika - database.py:215 - INFO - 第一次下载该漫画，记录数据库中
2026-10-07 02:17:29 - mkk_pika - main.py:83 - INFO - 找到 30 张图片在:第1集
2026-10-07 02:17:30 - mkk_pika - main.py:112 - INFO - [episode:第1集       ] downloaded:    30, total:  30, progress:100%
2026-10-07 02:17:30 - mkk_pika - database.py:238 - INFO - 数据库更新已下载章节
2026-10-07 02:17:30 - mkk_pika - database.py:244 - INFO - 该漫画已下载章节如下
2026-10-07 02:17:30 - mkk_pika - database.py:245 - INFO - ['第1集']
2026-10-07 02:17:32 - mkk_pika - main.py:83 - INFO - 找到 28 张图片在:第2集
2026-10-07 02:17:33 - mkk_pika - main.py:112 - INFO - [episode:第2集       ] downloaded:    28, total:  28, progress:100%
2026-10-07 02:17:33 - mkk_pika - database.py:238 - INFO - 数据库更新已下载章节
2026-10-07 02:17:33 - mkk_pika - database.py:244 - INFO - 该漫画已下载章节如下
2026-10-07 02:17:33 - mkk_pika - database.py:245 - INFO - ['第1集', '第2集']
2026-10-07 02:17:34 - mkk_pika - main.py:348 - INFO - ==================== 漫画信息 ====================
                                   漫画ID：5d2f4409309c7420ebe7ac4d
                                   标题： 瑞穂恋乳 (艦隊これくしょん -艦これ-)  [DL版]
                                   作者：闇夢館 (三色坊 Darkmaya)
                                   是否完结：是
                                   总页数：58
                                   分类：短篇,同人,艦隊收藏
                                   章节数：2
                                   最后更新时间：2019-07-17T15:51:37.342Z
                                   =================================================
2026-10-07 02:17:34 - mkk_pika - database.py:101 - INFO - 保存成功： 瑞穂恋乳 (艦隊これくしょん -艦これ-)  [DL版]
2026-10-07 02:17:34 - mkk_pika - main.py:35 - INFO - 开始检查世直し!そこまで犯って委員会 (まなざしテンプテーション) [中国翻訳]是否存在未下载章节
2026-10-07 02:17:34 - mkk_pika - main.py:45 - INFO - 正在下载:[世直し!そこまで犯って委員会 (まなざしテンプテーション) [中国翻訳]]-[駿河クロイツ]-[['短篇', '後宮閃光']]-[total_pages:22]
2026-10-07 02:17:34 - mkk_pika - main.py:49 - INFO - [{'_id': '5d311c7316e7c44a0290215e', 'title': '第1集', 'order': 1, 'updated_at': '2019-07-18T05:08:17.728Z', 'id': '5d311c7316e7c44a0290215e'}]
2026-10-07 02:17:34 - mkk_pika - database.py:215 - INFO - 第一次下载该漫画，记录数据库中
2026-10-07 02:17:35 - mkk_pika - main.py:83 - INFO - 找到 22 张图片在:第1集
2026-10-07 02:17:36 - mkk_pika - main.py:112 - INFO - [episode:第1集       ] downloaded:    22, total:  22, progress:100%
2026-10-07 02:17:36 - mkk_pika - database.py:238 - INFO - 数据库更新已下载章节
2026-10-07 02:17:36 - mkk_pika - database.py:244 - INFO - 该漫画已下载章节如下
2026-10-07 02:17:36 - mkk_pika - database.py:245 - INFO - ['第1集']
2026-10-07 02:17:37 - mkk_pika - main.py:348 - INFO - ==================== 漫画信息 ====================
                                   漫画ID：5d311c7316e7c44a0290215d
                                   标题：世直し!そこまで犯って委員会 (まなざしテンプテーション) [中国翻訳]
                                   作者：駿河クロイツ
                                   是否完结：是
                                   总页数：22
                                   分类：短篇,後宮閃光
                                   章节数：1
                                   最后更新时间：2019-07-19T01:27:15.605Z
                                   =================================================
2026-10-07 02:17:37 - mkk_pika - database.py:101 - INFO - 保存成功：世直し!そこまで犯って委員会 (まなざしテンプテーション) [中国翻訳]
2026-10-07 02:17:37 - mkk_pika - main.py:35 - INFO - 开始检查NECKLESS (COMIC 外楽 Vol.02) [中国翻訳]是否存在未下载章节
2026-10-07 02:17:38 - mkk_pika - main.py:45 - INFO - 正在下载:[NECKLESS (COMIC 外楽 Vol.02) [中国翻訳]]-[みぃとばん]-[['短篇', '非人類', '純愛']]-[total_pages:21]
2026-10-07 02:17:38 - mkk_pika - main.py:49 - INFO - [{'_id': '5d311c8ac2ace44a071e673d', 'title': '第1集', 'order': 1, 'updated_at': '2019-07-18T06:10:36.472Z', 'id': '5d311c8ac2ace44a071e673d'}]
2026-10-07 02:17:38 - mkk_pika - database.py:215 - INFO - 第一次下载该漫画，记录数据库中
2026-10-07 02:17:38 - mkk_pika - main.py:83 - INFO - 找到 21 张图片在:第1集
2026-10-07 02:17:39 - mkk_pika - main.py:112 - INFO - [episode:第1集       ] downloaded:    21, total:  21, progress:100%
2026-10-07 02:17:39 - mkk_pika - database.py:238 - INFO - 数据库更新已下载章节
2026-10-07 02:17:39 - mkk_pika - database.py:244 - INFO - 该漫画已下载章节如下
2026-10-07 02:17:39 - mkk_pika - database.py:245 - INFO - ['第1集']
2026-10-07 02:17:40 - mkk_pika - main.py:348 - INFO - ==================== 漫画信息 ====================
                                   漫画ID：5d311c8ac2ace44a071e673c
                                   标题：NECKLESS (COMIC 外楽 Vol.02) [中国翻訳]
                                   作者：みぃとばん
                                   是否完结：是
                                   总页数：21
                                   分类：短篇,非人類,純愛
                                   章节数：1
                                   最后更新时间：2019-07-19T01:27:38.335Z
                                   =================================================
2026-10-07 02:17:40 - mkk_pika - database.py:101 - INFO - 保存成功：NECKLESS (COMIC 外楽 Vol.02) [中国翻訳]
2026-10-07 02:17:40 - mkk_pika - main.py:35 - INFO - 开始检查(C95)  嘘とクオリア (テイルズ オブ ヴェスペリア) [中国翻訳]是否存在未下载章节
2026-10-07 02:17:41 - mkk_pika - main.py:45 - INFO - 正在下载:[(C95)  嘘とクオリア (テイルズ オブ ヴェスペリア) [中国翻訳]]-[Rocca (ヒダカリョウ)]-[['短篇', '同人', '純愛']]-[total_pages:28]
2026-10-07 02:17:41 - mkk_pika - main.py:49 - INFO - [{'_id': '5d311cac16e7c44a02902176', 'title': '第1集', 'order': 1, 'updated_at': '2019-07-18T06:30:14.726Z', 'id': '5d311cac16e7c44a02902176'}]
2026-10-07 02:17:41 - mkk_pika - database.py:215 - INFO - 第一次下载该漫画，记录数据库中
2026-10-07 02:17:41 - mkk_pika - main.py:83 - INFO - 找到 28 张图片在:第1集
2026-10-07 02:17:42 - mkk_pika - main.py:112 - INFO - [episode:第1集       ] downloaded:    28, total:  28, progress:100%
2026-10-07 02:17:42 - mkk_pika - database.py:238 - INFO - 数据库更新已下载章节
2026-10-07 02:17:42 - mkk_pika - database.py:244 - INFO - 该漫画已下载章节如下
2026-10-07 02:17:42 - mkk_pika - database.py:245 - INFO - ['第1集']
2026-10-07 02:17:44 - mkk_pika - main.py:348 - INFO - ==================== 漫画信息 ====================
                                   漫画ID：5d311cac16e7c44a02902175
                                   标题：(C95)  嘘とクオリア (テイルズ オブ ヴェスペリア) [中国翻訳]
                                   作者：Rocca (ヒダカリョウ)
                                   是否完结：是
                                   总页数：28
                                   分类：短篇,同人,純愛
                                   章节数：1
                                   最后更新时间：2019-07-19T01:28:12.742Z
                                   =================================================
2026-10-07 02:17:44 - mkk_pika - database.py:101 - INFO - 保存成功：(C95)  嘘とクオリア (テイルズ オブ ヴェスペリア) [中国翻訳]
2026-10-07 02:17:44 - mkk_pika - main.py:35 - INFO - 开始检查失意の未亡人は義父の獣欲に溺れる [中国翻訳]是否存在未下载章节
2026-10-07 02:17:44 - mkk_pika - main.py:45 - INFO - 正在下载:[失意の未亡人は義父の獣欲に溺れる [中国翻訳]]-[割り箸効果]-[['全彩', '短篇', 'NTR']]-[total_pages:34]
2026-10-07 02:17:44 - mkk_pika - main.py:49 - INFO - [{'_id': '5d311d287f84b849f089dac2', 'title': '第1集', 'order': 1, 'updated_at': '2019-07-18T07:58:40.847Z', 'id': '5d311d287f84b849f089dac2'}]
2026-10-07 02:17:44 - mkk_pika - database.py:215 - INFO - 第一次下载该漫画，记录数据库中
2026-10-07 02:17:44 - mkk_pika - main.py:83 - INFO - 找到 34 张图片在:第1集
2026-10-07 02:17:45 - mkk_pika - main.py:112 - INFO - [episode:第1集       ] downloaded:    34, total:  34, progress:100%
2026-10-07 02:17:45 - mkk_pika - database.py:238 - INFO - 数据库更新已下载章节
2026-10-07 02:17:45 - mkk_pika - database.py:244 - INFO - 该漫画已下载章节如下
2026-10-07 02:17:45 - mkk_pika - database.py:245 - INFO - ['第1集']
2026-10-07 02:17:46 - mkk_pika - main.py:348 - INFO - ==================== 漫画信息 ====================
                                   漫画ID：5d311d287f84b849f089dac1
                                   标题：失意の未亡人は義父の獣欲に溺れる [中国翻訳]
                                   作者：割り箸効果
                                   是否完结：是
                                   总页数：34
                                   分类：全彩,短篇,NTR
                                   章节数：1
                                   最后更新时间：2019-07-19T01:30:16.372Z
                                   =================================================
2026-10-07 02:17:46 - mkk_pika - database.py:101 - INFO - 保存成功：失意の未亡人は義父の獣欲に溺れる [中国翻訳]
2026-10-07 02:17:46 - mkk_pika - main.py:35 - INFO - 开始检查 46歳貧乳母との近親SEX [中国翻訳]是否存在未下载章节
2026-10-07 02:17:47 - mkk_pika - main.py:45 - INFO - 正在下载:[ 46歳貧乳母との近親SEX [中国翻訳]]-[はいとく先生]-[['短篇', '人妻']]-[total_pages:64]
2026-10-07 02:17:47 - mkk_pika - main.py:49 - INFO - [{'_id': '5d311d4eec644c49f6f669ea', 'title': '第1集', 'order': 1, 'updated_at': '2019-07-18T09:58:39.157Z', 'id': '5d311d4eec644c49f6f669ea'}]
2026-10-07 02:17:47 - mkk_pika - database.py:215 - INFO - 第一次下载该漫画，记录数据库中
2026-10-07 02:17:47 - mkk_pika - main.py:83 - INFO - 找到 64 张图片在:第1集
2026-10-07 02:17:50 - mkk_pika - main.py:112 - INFO - [episode:第1集       ] downloaded:    64, total:  64, progress:100%
2026-10-07 02:17:50 - mkk_pika - database.py:238 - INFO - 数据库更新已下载章节
2026-10-07 02:17:50 - mkk_pika - database.py:244 - INFO - 该漫画已下载章节如下
2026-10-07 02:17:50 - mkk_pika - database.py:245 - INFO - ['第1集']
2026-10-07 02:17:52 - mkk_pika - main.py:348 - INFO - ==================== 漫画信息 ====================
                                   漫画ID：5d311d4eec644c49f6f669e9
                                   标题： 46歳貧乳母との近親SEX [中国翻訳]
                                   作者：はいとく先生
                                   是否完结：是
                                   总页数：64
                                   分类：短篇,人妻
                                   章节数：1
                                   最后更新时间：2019-07-19T01:30:54.523Z
                                   =================================================
2026-10-07 02:17:52 - mkk_pika - database.py:101 - INFO - 保存成功： 46歳貧乳母との近親SEX [中国翻訳]
2026-10-07 02:17:52 - mkk_pika - main.py:35 - INFO - 开始检查(C95) 秘メ事姉妹 (VOICEROID) [中国翻訳]是否存在未下载章节
2026-10-07 02:17:52 - mkk_pika - main.py:45 - INFO - 正在下载:[(C95) 秘メ事姉妹 (VOICEROID) [中国翻訳]]-[圧縮工房 (テラzip)]-[['短篇', '同人', '後宮閃光']]-[total_pages:28]
2026-10-07 02:17:52 - mkk_pika - main.py:49 - INFO - [{'_id': '5d31750cc2ace44a071e6825', 'title': '第1集', 'order': 1, 'updated_at': '2019-07-18T11:28:09.201Z', 'id': '5d31750cc2ace44a071e6825'}]
2026-10-07 02:17:52 - mkk_pika - database.py:215 - INFO - 第一次下载该漫画，记录数据库中
2026-10-07 02:17:52 - mkk_pika - main.py:83 - INFO - 找到 28 张图片在:第1集
2026-10-07 02:17:54 - mkk_pika - main.py:112 - INFO - [episode:第1集       ] downloaded:    28, total:  28, progress:100%
2026-10-07 02:17:54 - mkk_pika - database.py:238 - INFO - 数据库更新已下载章节
2026-10-07 02:17:54 - mkk_pika - database.py:244 - INFO - 该漫画已下载章节如下
2026-10-07 02:17:54 - mkk_pika - database.py:245 - INFO - ['第1集']
2026-10-07 02:17:55 - mkk_pika - main.py:348 - INFO - ==================== 漫画信息 ====================
                                   漫画ID：5d31750cc2ace44a071e6824
                                   标题：(C95) 秘メ事姉妹 (VOICEROID) [中国翻訳]
                                   作者：圧縮工房 (テラzip)
                                   是否完结：是
                                   总页数：28
                                   分类：短篇,同人,後宮閃光
                                   章节数：1
                                   最后更新时间：2019-07-19T07:45:16.721Z
                                   =================================================
2026-10-07 02:17:55 - mkk_pika - database.py:101 - INFO - 保存成功：(C95) 秘メ事姉妹 (VOICEROID) [中国翻訳]
2026-10-07 02:17:55 - mkk_pika - main.py:35 - INFO - 开始检查 (C88)  やはりいろはの性的アピールはまちがっている。 (やはり俺の青春ラブコメはまちがっている。)是否存在未下载章节
2026-10-07 02:17:55 - mkk_pika - main.py:45 - INFO - 正在下载:[ (C88)  やはりいろはの性的アピールはまちがっている。 (やはり俺の青春ラブコメはまちがっている。)]-[咳寝 (咳寝はじめ)]-[['短篇', '同人']]-[total_pages:26]
2026-10-07 02:17:55 - mkk_pika - main.py:49 - INFO - [{'_id': '5d3175767f84b849f089ddb6', 'title': '第1集', 'order': 1, 'updated_at': '2019-07-18T15:37:06.094Z', 'id': '5d3175767f84b849f089ddb6'}]
2026-10-07 02:17:55 - mkk_pika - database.py:215 - INFO - 第一次下载该漫画，记录数据库中
2026-10-07 02:17:55 - mkk_pika - main.py:83 - INFO - 找到 26 张图片在:第1集
2026-10-07 02:17:56 - mkk_pika - main.py:112 - INFO - [episode:第1集       ] downloaded:    26, total:  26, progress:100%
2026-10-07 02:17:56 - mkk_pika - database.py:238 - INFO - 数据库更新已下载章节
2026-10-07 02:17:56 - mkk_pika - database.py:244 - INFO - 该漫画已下载章节如下
2026-10-07 02:17:56 - mkk_pika - database.py:245 - INFO - ['第1集']
2026-10-07 02:17:58 - mkk_pika - main.py:348 - INFO - ==================== 漫画信息 ====================
                                   漫画ID：5d3175767f84b849f089ddb5
                                   标题： (C88)  やはりいろはの性的アピールはまちがっている。 (やはり俺の青春ラブコメはまちがっている。)
                                   作者：咳寝 (咳寝はじめ)
                                   是否完结：否
                                   总页数：26
                                   分类：短篇,同人
                                   章节数：1
                                   最后更新时间：2019-07-19T07:47:02.858Z
                                   =================================================
2026-10-07 02:17:58 - mkk_pika - database.py:101 - INFO - 保存成功： (C88)  やはりいろはの性的アピールはまちがっている。 (やはり俺の青春ラブコメはまちがっている。)
2026-10-07 02:17:58 - mkk_pika - main.py:35 - INFO - 开始检查もしも SEXが日常に溶け込んだ会社があったら是否存在未下载章节
2026-10-07 02:17:58 - mkk_pika - main.py:45 - INFO - 正在下载:[もしも SEXが日常に溶け込んだ会社があったら]-[ncp]-[['短篇', '全彩', '後宮閃光']]-[total_pages:28]
2026-10-07 02:17:58 - mkk_pika - main.py:49 - INFO - [{'_id': '5d31761d16e7c44a02902423', 'title': '第1集', 'order': 1, 'updated_at': '2019-07-16T06:01:11.362Z', 'id': '5d31761d16e7c44a02902423'}]
2026-10-07 02:17:58 - mkk_pika - database.py:215 - INFO - 第一次下载该漫画，记录数据库中
2026-10-07 02:17:58 - mkk_pika - main.py:83 - INFO - 找到 28 张图片在:第1集
2026-10-07 02:17:59 - mkk_pika - main.py:112 - INFO - [episode:第1集       ] downloaded:    28, total:  28, progress:100%
2026-10-07 02:17:59 - mkk_pika - database.py:238 - INFO - 数据库更新已下载章节
2026-10-07 02:17:59 - mkk_pika - database.py:244 - INFO - 该漫画已下载章节如下
2026-10-07 02:17:59 - mkk_pika - database.py:245 - INFO - ['第1集']
2026-10-07 02:18:01 - mkk_pika - main.py:348 - INFO - ==================== 漫画信息 ====================
                                   漫画ID：5d31761c16e7c44a02902422
                                   标题：もしも SEXが日常に溶け込んだ会社があったら
                                   作者：ncp
                                   是否完结：否
                                   总页数：28
                                   分类：短篇,全彩,後宮閃光
                                   章节数：1
                                   最后更新时间：2019-07-19T07:49:48.994Z
                                   =================================================
2026-10-07 02:18:01 - mkk_pika - database.py:101 - INFO - 保存成功：もしも SEXが日常に溶け込んだ会社があったら
2026-10-07 02:18:01 - mkk_pika - main.py:35 - INFO - 开始检查over QMR 41 (艦隊これくしょん -艦これ-)是否存在未下载章节
2026-10-07 02:18:01 - mkk_pika - main.py:45 - INFO - 正在下载:[over QMR 41 (艦隊これくしょん -艦これ-)]-[SEQMED (ユメのオワリ)]-[['全彩', '同人', '短篇', '艦隊收藏']]-[total_pages:18]
2026-10-07 02:18:01 - mkk_pika - main.py:49 - INFO - [{'_id': '5d3176387f84b849f089ddd3', 'title': '第1集', 'order': 1, 'updated_at': '2019-07-18T17:47:37.221Z', 'id': '5d3176387f84b849f089ddd3'}]
2026-10-07 02:18:01 - mkk_pika - database.py:215 - INFO - 第一次下载该漫画，记录数据库中
2026-10-07 02:18:01 - mkk_pika - main.py:83 - INFO - 找到 18 张图片在:第1集
2026-10-07 02:18:02 - mkk_pika - main.py:112 - INFO - [episode:第1集       ] downloaded:    18, total:  18, progress:100%
2026-10-07 02:18:02 - mkk_pika - database.py:238 - INFO - 数据库更新已下载章节
2026-10-07 02:18:02 - mkk_pika - database.py:244 - INFO - 该漫画已下载章节如下
2026-10-07 02:18:02 - mkk_pika - database.py:245 - INFO - ['第1集']
2026-10-07 02:18:03 - mkk_pika - main.py:348 - INFO - ==================== 漫画信息 ====================
                                   漫画ID：5d3176387f84b849f089ddd2
                                   标题：over QMR 41 (艦隊これくしょん -艦これ-)
                                   作者：SEQMED (ユメのオワリ)
                                   是否完结：是
                                   总页数：18
                                   分类：全彩,同人,短篇,艦隊收藏
                                   章节数：1
                                   最后更新时间：2019-07-19T07:50:16.809Z
                                   =================================================
2026-10-07 02:18:03 - mkk_pika - database.py:101 - INFO - 保存成功：over QMR 41 (艦隊これくしょん -艦これ-)
2026-10-07 02:18:03 - mkk_pika - main.py:35 - INFO - 开始检查(例大祭13) SANDWITCH (東方Project) [中国翻訳]是否存在未下载章节
2026-10-07 02:18:04 - mkk_pika - main.py:45 - INFO - 正在下载:[(例大祭13) SANDWITCH (東方Project) [中国翻訳]]-[かうすしあん (やまいそ)]-[['短篇', '同人', '東方']]-[total_pages:31]
2026-10-07 02:18:04 - mkk_pika - main.py:49 - INFO - [{'_id': '5d3176797f84b849f089de51', 'title': '第1集', 'order': 1, 'updated_at': '2019-07-19T06:32:34.851Z', 'id': '5d3176797f84b849f089de51'}]
2026-10-07 02:18:04 - mkk_pika - database.py:215 - INFO - 第一次下载该漫画，记录数据库中
2026-10-07 02:18:04 - mkk_pika - main.py:83 - INFO - 找到 31 张图片在:第1集
2026-10-07 02:18:05 - mkk_pika - main.py:112 - INFO - [episode:第1集       ] downloaded:    31, total:  31, progress:100%
2026-10-07 02:18:05 - mkk_pika - database.py:238 - INFO - 数据库更新已下载章节
2026-10-07 02:18:05 - mkk_pika - database.py:244 - INFO - 该漫画已下载章节如下
2026-10-07 02:18:05 - mkk_pika - database.py:245 - INFO - ['第1集']
2026-10-07 02:18:07 - mkk_pika - main.py:348 - INFO - ==================== 漫画信息 ====================
                                   漫画ID：5d3176797f84b849f089de50
                                   标题：(例大祭13) SANDWITCH (東方Project) [中国翻訳]
                                   作者：かうすしあん (やまいそ)
                                   是否完结：是
                                   总页数：31
                                   分类：短篇,同人,東方
                                   章节数：1
                                   最后更新时间：2019-07-19T07:51:21.002Z
                                   =================================================
2026-10-07 02:18:07 - mkk_pika - database.py:101 - INFO - 保存成功：(例大祭13) SANDWITCH (東方Project) [中国翻訳]
2026-10-07 02:18:07 - mkk_pika - main.py:35 - INFO - 开始检查(C92)  嫁まとめ～乙嫁語りイチャラブ系コピー本まとめ～ (乙嫁語り) [中国翻訳]是否存在未下载章节
2026-10-07 02:18:07 - mkk_pika - main.py:45 - INFO - 正在下载:[(C92)  嫁まとめ～乙嫁語りイチャラブ系コピー本まとめ～ (乙嫁語り) [中国翻訳]]-[ura屋 (uraura)]-[['短篇', '同人']]-[total_pages:48]
2026-10-07 02:18:07 - mkk_pika - main.py:49 - INFO - [{'_id': '5d31768c7f84b849f089de72', 'title': '第1集', 'order': 1, 'updated_at': '2019-07-19T07:11:39.667Z', 'id': '5d31768c7f84b849f089de72'}]
2026-10-07 02:18:07 - mkk_pika - database.py:215 - INFO - 第一次下载该漫画，记录数据库中
2026-10-07 02:18:08 - mkk_pika - main.py:83 - INFO - 找到 48 张图片在:第1集
2026-10-07 02:18:09 - mkk_pika - main.py:112 - INFO - [episode:第1集       ] downloaded:    48, total:  48, progress:100%
2026-10-07 02:18:09 - mkk_pika - database.py:238 - INFO - 数据库更新已下载章节
2026-10-07 02:18:09 - mkk_pika - database.py:244 - INFO - 该漫画已下载章节如下
2026-10-07 02:18:09 - mkk_pika - database.py:245 - INFO - ['第1集']
2026-10-07 02:18:10 - mkk_pika - main.py:348 - INFO - ==================== 漫画信息 ====================
                                   漫画ID：5d31768c7f84b849f089de71
                                   标题：(C92)  嫁まとめ～乙嫁語りイチャラブ系コピー本まとめ～ (乙嫁語り) [中国翻訳]
                                   作者：ura屋 (uraura)
                                   是否完结：是
                                   总页数：48
                                   分类：短篇,同人
                                   章节数：1
                                   最后更新时间：2019-07-19T07:51:40.454Z
                                   =================================================
2026-10-07 02:18:10 - mkk_pika - database.py:101 - INFO - 保存成功：(C92)  嫁まとめ～乙嫁語りイチャラブ系コピー本まとめ～ (乙嫁語り) [中国翻訳]
2026-10-07 02:18:10 - mkk_pika - main.py:35 - INFO - 开始检查 リコちゃんのHなアルバイト (魔法つかいプリキュア！) [DL版]是否存在未下载章节
2026-10-07 02:18:11 - mkk_pika - main.py:45 - INFO - 正在下载:[ リコちゃんのHなアルバイト (魔法つかいプリキュア！) [DL版]]-[かに家 (かにゃぴぃ)]-[['短篇', '同人']]-[total_pages:27]
2026-10-07 02:18:11 - mkk_pika - main.py:49 - INFO - [{'_id': '5d31d5df5be4130a396b0a3c', 'title': '第1集', 'order': 1, 'updated_at': '2019-07-19T09:08:15.126Z', 'id': '5d31d5df5be4130a396b0a3c'}]
2026-10-07 02:18:11 - mkk_pika - database.py:215 - INFO - 第一次下载该漫画，记录数据库中
2026-10-07 02:18:11 - mkk_pika - main.py:83 - INFO - 找到 27 张图片在:第1集
2026-10-07 02:18:12 - mkk_pika - main.py:112 - INFO - [episode:第1集       ] downloaded:    27, total:  27, progress:100%
2026-10-07 02:18:12 - mkk_pika - database.py:238 - INFO - 数据库更新已下载章节
2026-10-07 02:18:12 - mkk_pika - database.py:244 - INFO - 该漫画已下载章节如下
2026-10-07 02:18:12 - mkk_pika - database.py:245 - INFO - ['第1集']
2026-10-07 02:18:13 - mkk_pika - main.py:348 - INFO - ==================== 漫画信息 ====================
                                   漫画ID：5d31d5df5be4130a396b0a3b
                                   标题： リコちゃんのHなアルバイト (魔法つかいプリキュア！) [DL版]
                                   作者：かに家 (かにゃぴぃ)
                                   是否完结：是
                                   总页数：27
                                   分类：短篇,同人
                                   章节数：1
                                   最后更新时间：2019-07-19T14:38:23.009Z
                                   =================================================
2026-10-07 02:18:13 - mkk_pika - database.py:101 - INFO - 保存成功： リコちゃんのHなアルバイト (魔法つかいプリキュア！) [DL版]
2026-10-07 02:18:13 - mkk_pika - main.py:35 - INFO - 开始检查 退魔閃士リン (二次元コミックマガジン 完全着衣のまま犯され続ける女たち Vol.1) [DL版]  是否存在未下载章节
2026-10-07 02:18:14 - mkk_pika - main.py:45 - INFO - 正在下载:[ 退魔閃士リン (二次元コミックマガジン 完全着衣のまま犯され続ける女たち Vol.1) [DL版]  ]-[瀬上大輔]-[['短篇', '非人類']]-[total_pages:20]
2026-10-07 02:18:14 - mkk_pika - main.py:49 - INFO - [{'_id': '5d31d7c1a261060a3e98368b', 'title': '第1集', 'order': 1, 'updated_at': '2019-07-19T12:24:07.498Z', 'id': '5d31d7c1a261060a3e98368b'}]
2026-10-07 02:18:14 - mkk_pika - database.py:215 - INFO - 第一次下载该漫画，记录数据库中
2026-10-07 02:18:14 - mkk_pika - main.py:83 - INFO - 找到 20 张图片在:第1集
2026-10-07 02:18:15 - mkk_pika - main.py:112 - INFO - [episode:第1集       ] downloaded:    20, total:  20, progress:100%
2026-10-07 02:18:15 - mkk_pika - database.py:238 - INFO - 数据库更新已下载章节
2026-10-07 02:18:15 - mkk_pika - database.py:244 - INFO - 该漫画已下载章节如下
2026-10-07 02:18:15 - mkk_pika - database.py:245 - INFO - ['第1集']
2026-10-07 02:18:17 - mkk_pika - main.py:348 - INFO - ==================== 漫画信息 ====================
                                   漫画ID：5d31d7c1a261060a3e98368a
                                   标题： 退魔閃士リン (二次元コミックマガジン 完全着衣のまま犯され続ける女たち Vol.1) [DL版]  
                                   作者：瀬上大輔
                                   是否完结：是
                                   总页数：20
                                   分类：短篇,非人類
                                   章节数：1
                                   最后更新时间：2019-07-19T14:46:25.471Z
                                   =================================================
2026-10-07 02:18:17 - mkk_pika - database.py:101 - INFO - 保存成功： 退魔閃士リン (二次元コミックマガジン 完全着衣のまま犯され続ける女たち Vol.1) [DL版]  
2026-10-07 02:18:17 - mkk_pika - main.py:35 - INFO - 开始检查純愛ハードセックス 純愛玩很兇的性愛是否存在未下载章节
2026-10-07 02:18:17 - mkk_pika - main.py:45 - INFO - 正在下载:[純愛ハードセックス 純愛玩很兇的性愛]-[恩田斑奥]-[['長篇', '短篇', '純愛', '單行本', '姐姐系', '妹妹系']]-[total_pages:195]
2026-10-07 02:18:17 - mkk_pika - main.py:49 - INFO - [{'_id': '5d34b7c0d160e63314f43072', 'title': '純愛玩很兇的性愛單行本', 'order': 1, 'updated_at': '2019-07-21T09:40:29.674Z', 'id': '5d34b7c0d160e63314f43072'}]
2026-10-07 02:18:17 - mkk_pika - database.py:215 - INFO - 第一次下载该漫画，记录数据库中
2026-10-07 02:18:19 - mkk_pika - main.py:83 - INFO - 找到 195 张图片在:純愛玩很兇的性愛單行本
2026-10-07 02:18:25 - mkk_pika - main.py:112 - INFO - [episode:純愛玩很兇的性愛單行本] downloaded:   195, total: 195, progress:100%
2026-10-07 02:18:25 - mkk_pika - database.py:238 - INFO - 数据库更新已下载章节
2026-10-07 02:18:25 - mkk_pika - database.py:244 - INFO - 该漫画已下载章节如下
2026-10-07 02:18:25 - mkk_pika - database.py:245 - INFO - ['純愛玩很兇的性愛單行本']
2026-10-07 02:18:26 - mkk_pika - main.py:348 - INFO - ==================== 漫画信息 ====================
                                   漫画ID：5d31d8283b2a120a507a4eb6
                                   标题：純愛ハードセックス 純愛玩很兇的性愛
                                   作者：恩田斑奥
                                   是否完结：是
                                   总页数：195
                                   分类：長篇,短篇,純愛,單行本,姐姐系,妹妹系
                                   章节数：1
                                   最后更新时间：2019-07-19T14:48:08.392Z
                                   =================================================
2026-10-07 02:18:26 - mkk_pika - database.py:101 - INFO - 保存成功：純愛ハードセックス 純愛玩很兇的性愛
2026-10-07 02:18:26 - mkk_pika - main.py:35 - INFO - 开始检查水平線 (COMIC アオハ 2019 夏)是否存在未下载章节
2026-10-07 02:18:27 - mkk_pika - main.py:45 - INFO - 正在下载:[水平線 (COMIC アオハ 2019 夏)]-[みなすきぽぷり]-[['短篇', '純愛']]-[total_pages:41]
2026-10-07 02:18:27 - mkk_pika - main.py:49 - INFO - [{'_id': '5d31d83c5be4130a396b0b09', 'title': '第1集', 'order': 1, 'updated_at': '2019-07-19T12:43:43.325Z', 'id': '5d31d83c5be4130a396b0b09'}]
2026-10-07 02:18:27 - mkk_pika - database.py:215 - INFO - 第一次下载该漫画，记录数据库中
2026-10-07 02:18:27 - mkk_pika - main.py:83 - INFO - 找到 41 张图片在:第1集
2026-10-07 02:18:29 - mkk_pika - main.py:112 - INFO - [episode:第1集       ] downloaded:    41, total:  41, progress:100%
2026-10-07 02:18:29 - mkk_pika - database.py:238 - INFO - 数据库更新已下载章节
2026-10-07 02:18:29 - mkk_pika - database.py:244 - INFO - 该漫画已下载章节如下
2026-10-07 02:18:29 - mkk_pika - database.py:245 - INFO - ['第1集']
2026-10-07 02:18:30 - mkk_pika - main.py:348 - INFO - ==================== 漫画信息 ====================
                                   漫画ID：5d31d83c5be4130a396b0b08
                                   标题：水平線 (COMIC アオハ 2019 夏)
                                   作者：みなすきぽぷり
                                   是否完结：是
                                   总页数：41
                                   分类：短篇,純愛
                                   章节数：1
                                   最后更新时间：2019-07-19T14:48:28.697Z
                                   =================================================
2026-10-07 02:18:30 - mkk_pika - database.py:101 - INFO - 保存成功：水平線 (COMIC アオハ 2019 夏)
2026-10-07 02:18:30 - mkk_pika - main.py:35 - INFO - 开始检查欠揍熊們的性♥指導是否存在未下载章节
2026-10-07 02:18:31 - mkk_pika - main.py:45 - INFO - 正在下载:[欠揍熊們的性♥指導]-[兔子老大&炉研所 (神奈弥莎)]-[['同人', '短篇']]-[total_pages:18]
2026-10-07 02:18:31 - mkk_pika - main.py:49 - INFO - [{'_id': '5d31d9efa261060a3e9837ce', 'title': '第1集', 'order': 1, 'updated_at': '2019-07-19T14:49:24.024Z', 'id': '5d31d9efa261060a3e9837ce'}]
2026-10-07 02:18:31 - mkk_pika - database.py:215 - INFO - 第一次下载该漫画，记录数据库中
2026-10-07 02:18:31 - mkk_pika - main.py:83 - INFO - 找到 18 张图片在:第1集
2026-10-07 02:18:32 - mkk_pika - main.py:112 - INFO - [episode:第1集       ] downloaded:    18, total:  18, progress:100%
2026-10-07 02:18:32 - mkk_pika - database.py:238 - INFO - 数据库更新已下载章节
2026-10-07 02:18:32 - mkk_pika - database.py:244 - INFO - 该漫画已下载章节如下
2026-10-07 02:18:32 - mkk_pika - database.py:245 - INFO - ['第1集']
2026-10-07 02:18:33 - mkk_pika - main.py:348 - INFO - ==================== 漫画信息 ====================
                                   漫画ID：5d31d9efa261060a3e9837cd
                                   标题：欠揍熊們的性♥指導
                                   作者：兔子老大&炉研所 (神奈弥莎)
                                   是否完结：否
                                   总页数：18
                                   分类：同人,短篇
                                   章节数：1
                                   最后更新时间：2019-07-19T14:55:43.232Z
                                   =================================================
2026-10-07 02:18:33 - mkk_pika - database.py:101 - INFO - 保存成功：欠揍熊們的性♥指導
2026-10-07 02:18:33 - mkk_pika - main.py:35 - INFO - 开始检查(砲雷撃戦!よーい!五十戦目&軍令部酒保)  続、風信子 青 (艦隊これくしょん -艦これ-) 是否存在未下载章节
2026-10-07 02:18:33 - mkk_pika - main.py:45 - INFO - 正在下载:[(砲雷撃戦!よーい!五十戦目&軍令部酒保)  続、風信子 青 (艦隊これくしょん -艦これ-) ]-[blue+α (いふじシンセン)]-[['短篇', '同人', '艦隊收藏']]-[total_pages:15]
2026-10-07 02:18:33 - mkk_pika - main.py:49 - INFO - [{'_id': '5d332b5b67ff840a4b5bdf00', 'title': '第1集', 'order': 1, 'updated_at': '2019-07-19T16:12:21.419Z', 'id': '5d332b5b67ff840a4b5bdf00'}]
2026-10-07 02:18:33 - mkk_pika - database.py:215 - INFO - 第一次下载该漫画，记录数据库中
2026-10-07 02:18:34 - mkk_pika - main.py:83 - INFO - 找到 15 张图片在:第1集
2026-10-07 02:18:35 - mkk_pika - main.py:112 - INFO - [episode:第1集       ] downloaded:    15, total:  15, progress:100%
2026-10-07 02:18:35 - mkk_pika - database.py:238 - INFO - 数据库更新已下载章节
2026-10-07 02:18:35 - mkk_pika - database.py:244 - INFO - 该漫画已下载章节如下
2026-10-07 02:18:35 - mkk_pika - database.py:245 - INFO - ['第1集']
2026-10-07 02:18:36 - mkk_pika - main.py:348 - INFO - ==================== 漫画信息 ====================
                                   漫画ID：5d332b5b67ff840a4b5bdeff
                                   标题：(砲雷撃戦!よーい!五十戦目&軍令部酒保)  続、風信子 青 (艦隊これくしょん -艦これ-) 
                                   作者：blue+α (いふじシンセン)
                                   是否完结：是
                                   总页数：15
                                   分类：短篇,同人,艦隊收藏
                                   章节数：1
                                   最后更新时间：2019-07-20T14:55:23.424Z
                                   =================================================
2026-10-07 02:18:36 - mkk_pika - database.py:101 - INFO - 保存成功：(砲雷撃戦!よーい!五十戦目&軍令部酒保)  続、風信子 青 (艦隊これくしょん -艦これ-) 
2026-10-07 02:18:36 - mkk_pika - main.py:35 - INFO - 开始检查 あゝ欲情旅館 [中国翻訳] [DL版]是否存在未下载章节
2026-10-07 02:18:36 - mkk_pika - main.py:45 - INFO - 正在下载:[ あゝ欲情旅館 [中国翻訳] [DL版]]-[ヨシラギ]-[['短篇']]-[total_pages:24]
2026-10-07 02:18:36 - mkk_pika - main.py:49 - INFO - [{'_id': '5d332bef5be4130a396b14d6', 'title': '第1集', 'order': 1, 'updated_at': '2019-07-19T16:28:13.608Z', 'id': '5d332bef5be4130a396b14d6'}]
2026-10-07 02:18:36 - mkk_pika - database.py:215 - INFO - 第一次下载该漫画，记录数据库中
2026-10-07 02:18:37 - mkk_pika - main.py:83 - INFO - 找到 24 张图片在:第1集
2026-10-07 02:18:38 - mkk_pika - main.py:112 - INFO - [episode:第1集       ] downloaded:    24, total:  24, progress:100%
2026-10-07 02:18:38 - mkk_pika - database.py:238 - INFO - 数据库更新已下载章节
2026-10-07 02:18:38 - mkk_pika - database.py:244 - INFO - 该漫画已下载章节如下
2026-10-07 02:18:38 - mkk_pika - database.py:245 - INFO - ['第1集']
2026-10-07 02:18:39 - mkk_pika - main.py:348 - INFO - ==================== 漫画信息 ====================
                                   漫画ID：5d332bef5be4130a396b14d5
                                   标题： あゝ欲情旅館 [中国翻訳] [DL版]
                                   作者：ヨシラギ
                                   是否完结：是
                                   总页数：24
                                   分类：短篇
                                   章节数：1
                                   最后更新时间：2019-07-20T14:57:51.001Z
                                   =================================================
2026-10-07 02:18:39 - mkk_pika - database.py:101 - INFO - 保存成功： あゝ欲情旅館 [中国翻訳] [DL版]
2026-10-07 02:18:39 - mkk_pika - main.py:35 - INFO - 开始检查 すき♡スキ♡赤ずきん (COMIC快楽天 2019年6月号) [MJK-19-Z1734][無修正]是否存在未下载章节
2026-10-07 02:18:39 - mkk_pika - main.py:45 - INFO - 正在下载:[ すき♡スキ♡赤ずきん (COMIC快楽天 2019年6月号) [MJK-19-Z1734][無修正]]-[雛咲葉]-[['短篇', '全彩']]-[total_pages:6]
2026-10-07 02:18:39 - mkk_pika - main.py:49 - INFO - [{'_id': '5d332c213b2a120a507a5bc4', 'title': '第1集', 'order': 1, 'updated_at': '2019-07-19T16:32:39.329Z', 'id': '5d332c213b2a120a507a5bc4'}]
2026-10-07 02:18:39 - mkk_pika - database.py:215 - INFO - 第一次下载该漫画，记录数据库中
2026-10-07 02:18:40 - mkk_pika - main.py:83 - INFO - 找到 6 张图片在:第1集
2026-10-07 02:18:40 - mkk_pika - main.py:112 - INFO - [episode:第1集       ] downloaded:     6, total:   6, progress:100%
2026-10-07 02:18:40 - mkk_pika - database.py:238 - INFO - 数据库更新已下载章节
2026-10-07 02:18:40 - mkk_pika - database.py:244 - INFO - 该漫画已下载章节如下
2026-10-07 02:18:40 - mkk_pika - database.py:245 - INFO - ['第1集']
2026-10-07 02:18:42 - mkk_pika - main.py:348 - INFO - ==================== 漫画信息 ====================
                                   漫画ID：5d332c213b2a120a507a5bc3
                                   标题： すき♡スキ♡赤ずきん (COMIC快楽天 2019年6月号) [MJK-19-Z1734][無修正]
                                   作者：雛咲葉
                                   是否完结：是
                                   总页数：6
                                   分类：短篇,全彩
                                   章节数：1
                                   最后更新时间：2019-07-20T14:58:41.075Z
                                   =================================================
2026-10-07 02:18:42 - mkk_pika - database.py:101 - INFO - 保存成功： すき♡スキ♡赤ずきん (COMIC快楽天 2019年6月号) [MJK-19-Z1734][無修正]
2026-10-07 02:18:42 - mkk_pika - main.py:35 - INFO - 开始检查大人用のおもちゃ是否存在未下载章节
2026-10-07 02:18:42 - mkk_pika - main.py:45 - INFO - 正在下载:[大人用のおもちゃ]-[Art Jam]-[['短篇', '強暴']]-[total_pages:28]
2026-10-07 02:18:42 - mkk_pika - main.py:49 - INFO - [{'_id': '5d332c4b3b2a120a507a5c62', 'title': '第1集', 'order': 1, 'updated_at': '2019-07-19T17:12:35.002Z', 'id': '5d332c4b3b2a120a507a5c62'}]
2026-10-07 02:18:42 - mkk_pika - database.py:215 - INFO - 第一次下载该漫画，记录数据库中
2026-10-07 02:18:42 - mkk_pika - main.py:83 - INFO - 找到 28 张图片在:第1集
2026-10-07 02:18:45 - mkk_pika - main.py:112 - INFO - [episode:第1集       ] downloaded:    28, total:  28, progress:100%
2026-10-07 02:18:45 - mkk_pika - database.py:238 - INFO - 数据库更新已下载章节
2026-10-07 02:18:45 - mkk_pika - database.py:244 - INFO - 该漫画已下载章节如下
2026-10-07 02:18:45 - mkk_pika - database.py:245 - INFO - ['第1集']
2026-10-07 02:18:46 - mkk_pika - main.py:348 - INFO - ==================== 漫画信息 ====================
                                   漫画ID：5d332c4b3b2a120a507a5c61
                                   标题：大人用のおもちゃ
                                   作者：Art Jam
                                   是否完结：否
                                   总页数：28
                                   分类：短篇,強暴
                                   章节数：1
                                   最后更新时间：2019-07-20T14:59:23.950Z
                                   =================================================
2026-10-07 02:18:46 - mkk_pika - database.py:101 - INFO - 保存成功：大人用のおもちゃ
2026-10-07 02:18:46 - mkk_pika - main.py:35 - INFO - 开始检查アイドルマニア～和菜監禁2～是否存在未下载章节
2026-10-07 02:18:46 - mkk_pika - main.py:45 - INFO - 正在下载:[アイドルマニア～和菜監禁2～]-[Art Jam]-[['短篇', '強暴']]-[total_pages:38]
2026-10-07 02:18:46 - mkk_pika - main.py:49 - INFO - [{'_id': '5d332c715be4130a396b14f0', 'title': '第1集', 'order': 1, 'updated_at': '2019-07-19T17:23:48.140Z', 'id': '5d332c715be4130a396b14f0'}]
2026-10-07 02:18:46 - mkk_pika - database.py:215 - INFO - 第一次下载该漫画，记录数据库中
2026-10-07 02:18:47 - mkk_pika - main.py:83 - INFO - 找到 38 张图片在:第1集
2026-10-07 02:18:49 - mkk_pika - main.py:112 - INFO - [episode:第1集       ] downloaded:    38, total:  38, progress:100%
2026-10-07 02:18:49 - mkk_pika - database.py:238 - INFO - 数据库更新已下载章节
2026-10-07 02:18:49 - mkk_pika - database.py:244 - INFO - 该漫画已下载章节如下
2026-10-07 02:18:49 - mkk_pika - database.py:245 - INFO - ['第1集']
2026-10-07 02:18:50 - mkk_pika - main.py:348 - INFO - ==================== 漫画信息 ====================
                                   漫画ID：5d332c715be4130a396b14ef
                                   标题：アイドルマニア～和菜監禁2～
                                   作者：Art Jam
                                   是否完结：否
                                   总页数：38
                                   分类：短篇,強暴
                                   章节数：1
                                   最后更新时间：2019-07-20T15:00:01.563Z
                                   =================================================
2026-10-07 02:18:50 - mkk_pika - database.py:101 - INFO - 保存成功：アイドルマニア～和菜監禁2～
2026-10-07 02:18:50 - mkk_pika - main.py:35 - INFO - 开始检查夏日鐵血調教~SANGVIS FERRI~（少女前线）是否存在未下载章节
2026-10-07 02:18:50 - mkk_pika - main.py:45 - INFO - 正在下载:[夏日鐵血調教~SANGVIS FERRI~（少女前线）]-[不紳士作戰部(ZEN)]-[['短篇', '同人']]-[total_pages:19]
2026-10-07 02:18:50 - mkk_pika - main.py:49 - INFO - [{'_id': '5d332c84a261060a3e98406b', 'title': '第1集', 'order': 1, 'updated_at': '2019-07-19T18:23:48.762Z', 'id': '5d332c84a261060a3e98406b'}]
2026-10-07 02:18:50 - mkk_pika - database.py:215 - INFO - 第一次下载该漫画，记录数据库中
2026-10-07 02:18:50 - mkk_pika - main.py:83 - INFO - 找到 19 张图片在:第1集
2026-10-07 02:18:51 - mkk_pika - main.py:112 - INFO - [episode:第1集       ] downloaded:    19, total:  19, progress:100%
2026-10-07 02:18:51 - mkk_pika - database.py:238 - INFO - 数据库更新已下载章节
2026-10-07 02:18:51 - mkk_pika - database.py:244 - INFO - 该漫画已下载章节如下
2026-10-07 02:18:51 - mkk_pika - database.py:245 - INFO - ['第1集']
2026-10-07 02:18:53 - mkk_pika - main.py:348 - INFO - ==================== 漫画信息 ====================
                                   漫画ID：5d332c84a261060a3e98406a
                                   标题：夏日鐵血調教~SANGVIS FERRI~（少女前线）
                                   作者：不紳士作戰部(ZEN)
                                   是否完结：是
                                   总页数：19
                                   分类：短篇,同人
                                   章节数：1
                                   最后更新时间：2019-07-20T15:00:20.704Z
                                   =================================================
2026-10-07 02:18:53 - mkk_pika - database.py:101 - INFO - 保存成功：夏日鐵血調教~SANGVIS FERRI~（少女前线）
2026-10-07 02:18:53 - mkk_pika - main.py:35 - INFO - 开始检查(C82) どMなんですけどナニか灼熱編/我是抖M又怎么样？灼热篇是否存在未下载章节
2026-10-07 02:18:53 - mkk_pika - main.py:45 - INFO - 正在下载:[(C82) どMなんですけどナニか灼熱編/我是抖M又怎么样？灼热篇]-[大陸間弾道弾団 (桜ロマ子)]-[['短篇', 'SM']]-[total_pages:25]
2026-10-07 02:18:53 - mkk_pika - main.py:49 - INFO - [{'_id': '5d332cd73b2a120a507a62ff', 'title': '第1話', 'order': 1, 'updated_at': '2019-07-19T19:20:59.108Z', 'id': '5d332cd73b2a120a507a62ff'}]
2026-10-07 02:18:53 - mkk_pika - database.py:215 - INFO - 第一次下载该漫画，记录数据库中
2026-10-07 02:18:53 - mkk_pika - main.py:83 - INFO - 找到 25 张图片在:第1話
2026-10-07 02:18:54 - mkk_pika - main.py:112 - INFO - [episode:第1話       ] downloaded:    25, total:  25, progress:100%
2026-10-07 02:18:54 - mkk_pika - database.py:238 - INFO - 数据库更新已下载章节
2026-10-07 02:18:54 - mkk_pika - database.py:244 - INFO - 该漫画已下载章节如下
2026-10-07 02:18:54 - mkk_pika - database.py:245 - INFO - ['第1話']
2026-10-07 02:18:55 - mkk_pika - main.py:348 - INFO - ==================== 漫画信息 ====================
                                   漫画ID：5d332cd73b2a120a507a62fe
                                   标题：(C82) どMなんですけどナニか灼熱編/我是抖M又怎么样？灼热篇
                                   作者：大陸間弾道弾団 (桜ロマ子)
                                   是否完结：否
                                   总页数：25
                                   分类：短篇,SM
                                   章节数：1
                                   最后更新时间：2019-07-20T15:01:43.492Z
                                   =================================================
2026-10-07 02:18:55 - mkk_pika - database.py:101 - INFO - 保存成功：(C82) どMなんですけどナニか灼熱編/我是抖M又怎么样？灼热篇
2026-10-07 02:18:55 - mkk_pika - main.py:35 - INFO - 开始检查(C80)幸せのかたちのぐるぐるネタ帳77+1(オリジナル)是否存在未下载章节
2026-10-07 02:18:55 - mkk_pika - main.py:45 - INFO - 正在下载:[(C80)幸せのかたちのぐるぐるネタ帳77+1(オリジナル)]-[幸せ共和国(幸せのかたち)]-[['非人類', 'SM', '短篇']]-[total_pages:28]
2026-10-07 02:18:55 - mkk_pika - main.py:49 - INFO - [{'_id': '5d332cf13b2a120a507a631a', 'title': '第1話', 'order': 1, 'updated_at': '2019-07-19T19:25:34.852Z', 'id': '5d332cf13b2a120a507a631a'}]
2026-10-07 02:18:55 - mkk_pika - database.py:215 - INFO - 第一次下载该漫画，记录数据库中
2026-10-07 02:18:56 - mkk_pika - main.py:83 - INFO - 找到 28 张图片在:第1話
2026-10-07 02:18:57 - mkk_pika - main.py:112 - INFO - [episode:第1話       ] downloaded:    28, total:  28, progress:100%
2026-10-07 02:18:57 - mkk_pika - database.py:238 - INFO - 数据库更新已下载章节
2026-10-07 02:18:57 - mkk_pika - database.py:244 - INFO - 该漫画已下载章节如下
2026-10-07 02:18:57 - mkk_pika - database.py:245 - INFO - ['第1話']
2026-10-07 02:18:58 - mkk_pika - main.py:348 - INFO - ==================== 漫画信息 ====================
                                   漫画ID：5d332cf13b2a120a507a6319
                                   标题：(C80)幸せのかたちのぐるぐるネタ帳77+1(オリジナル)
                                   作者：幸せ共和国(幸せのかたち)
                                   是否完结：否
                                   总页数：28
                                   分类：非人類,SM,短篇
                                   章节数：1
                                   最后更新时间：2019-07-20T15:02:09.749Z
                                   =================================================
2026-10-07 02:18:58 - mkk_pika - database.py:101 - INFO - 保存成功：(C80)幸せのかたちのぐるぐるネタ帳77+1(オリジナル)
2026-10-07 02:18:58 - mkk_pika - main.py:35 - INFO - 开始检查(紅楼夢7)  八雲紫の痴態1 (東方Project) [中国翻訳]是否存在未下载章节
2026-10-07 02:18:58 - mkk_pika - main.py:45 - INFO - 正在下载:[(紅楼夢7)  八雲紫の痴態1 (東方Project) [中国翻訳]]-[イタリ屋、黒墨夜行書 (トニーマン+)]-[['短篇', '同人', '東方']]-[total_pages:36]
2026-10-07 02:18:58 - mkk_pika - main.py:49 - INFO - [{'_id': '5d332db13b2a120a507a63df', 'title': '第1集', 'order': 1, 'updated_at': '2019-07-20T06:31:38.665Z', 'id': '5d332db13b2a120a507a63df'}]
2026-10-07 02:18:58 - mkk_pika - database.py:215 - INFO - 第一次下载该漫画，记录数据库中
2026-10-07 02:18:59 - mkk_pika - main.py:83 - INFO - 找到 36 张图片在:第1集
2026-10-07 02:19:01 - mkk_pika - main.py:112 - INFO - [episode:第1集       ] downloaded:    36, total:  36, progress:100%
2026-10-07 02:19:01 - mkk_pika - database.py:238 - INFO - 数据库更新已下载章节
2026-10-07 02:19:01 - mkk_pika - database.py:244 - INFO - 该漫画已下载章节如下
2026-10-07 02:19:01 - mkk_pika - database.py:245 - INFO - ['第1集']
2026-10-07 02:19:02 - mkk_pika - main.py:348 - INFO - ==================== 漫画信息 ====================
                                   漫画ID：5d332db13b2a120a507a63de
                                   标题：(紅楼夢7)  八雲紫の痴態1 (東方Project) [中国翻訳]
                                   作者：イタリ屋、黒墨夜行書 (トニーマン+)
                                   是否完结：是
                                   总页数：36
                                   分类：短篇,同人,東方
                                   章节数：1
                                   最后更新时间：2019-07-20T15:05:21.402Z
                                   =================================================
2026-10-07 02:19:02 - mkk_pika - database.py:101 - INFO - 保存成功：(紅楼夢7)  八雲紫の痴態1 (東方Project) [中国翻訳]
2026-10-07 02:19:02 - mkk_pika - main.py:35 - INFO - 开始检查 正しい婚活のすすめ方 (まなざしテンプテーション) [中国翻訳]是否存在未下载章节
2026-10-07 02:19:02 - mkk_pika - main.py:45 - INFO - 正在下载:[ 正しい婚活のすすめ方 (まなざしテンプテーション) [中国翻訳]]-[駿河クロイツ]-[['短篇']]-[total_pages:16]
2026-10-07 02:19:02 - mkk_pika - main.py:49 - INFO - [{'_id': '5d332dc5a261060a3e98409d', 'title': '第1集', 'order': 1, 'updated_at': '2019-07-20T06:36:13.801Z', 'id': '5d332dc5a261060a3e98409d'}]
2026-10-07 02:19:02 - mkk_pika - database.py:215 - INFO - 第一次下载该漫画，记录数据库中
2026-10-07 02:19:03 - mkk_pika - main.py:83 - INFO - 找到 16 张图片在:第1集
2026-10-07 02:19:03 - mkk_pika - main.py:112 - INFO - [episode:第1集       ] downloaded:    16, total:  16, progress:100%
2026-10-07 02:19:03 - mkk_pika - database.py:238 - INFO - 数据库更新已下载章节
2026-10-07 02:19:03 - mkk_pika - database.py:244 - INFO - 该漫画已下载章节如下
2026-10-07 02:19:03 - mkk_pika - database.py:245 - INFO - ['第1集']
2026-10-07 02:19:05 - mkk_pika - main.py:348 - INFO - ==================== 漫画信息 ====================
                                   漫画ID：5d332dc5a261060a3e98409c
                                   标题： 正しい婚活のすすめ方 (まなざしテンプテーション) [中国翻訳]
                                   作者：駿河クロイツ
                                   是否完结：是
                                   总页数：16
                                   分类：短篇
                                   章节数：1
                                   最后更新时间：2019-07-20T15:05:41.484Z
                                   =================================================
2026-10-07 02:19:05 - mkk_pika - database.py:101 - INFO - 保存成功： 正しい婚活のすすめ方 (まなざしテンプテーション) [中国翻訳]
2026-10-07 02:19:05 - mkk_pika - main.py:35 - INFO - 开始检查雨宿 (ちびっこエッチ) [中国翻訳] [無修正]是否存在未下载章节
2026-10-07 02:19:05 - mkk_pika - main.py:45 - INFO - 正在下载:[雨宿 (ちびっこエッチ) [中国翻訳] [無修正]]-[ポンスケ]-[['短篇']]-[total_pages:20]
2026-10-07 02:19:05 - mkk_pika - main.py:49 - INFO - [{'_id': '5d332e4aa261060a3e9840af', 'title': '第1集', 'order': 1, 'updated_at': '2019-07-20T06:42:20.037Z', 'id': '5d332e4aa261060a3e9840af'}]
2026-10-07 02:19:05 - mkk_pika - database.py:215 - INFO - 第一次下载该漫画，记录数据库中
2026-10-07 02:19:05 - mkk_pika - main.py:83 - INFO - 找到 20 张图片在:第1集
2026-10-07 02:19:06 - mkk_pika - main.py:112 - INFO - [episode:第1集       ] downloaded:    20, total:  20, progress:100%
2026-10-07 02:19:06 - mkk_pika - database.py:238 - INFO - 数据库更新已下载章节
2026-10-07 02:19:06 - mkk_pika - database.py:244 - INFO - 该漫画已下载章节如下
2026-10-07 02:19:06 - mkk_pika - database.py:245 - INFO - ['第1集']
2026-10-07 02:19:07 - mkk_pika - main.py:348 - INFO - ==================== 漫画信息 ====================
                                   漫画ID：5d332e4aa261060a3e9840ae
                                   标题：雨宿 (ちびっこエッチ) [中国翻訳] [無修正]
                                   作者：ポンスケ
                                   是否完结：是
                                   总页数：20
                                   分类：短篇
                                   章节数：1
                                   最后更新时间：2019-07-20T15:07:54.186Z
                                   =================================================
2026-10-07 02:19:07 - mkk_pika - database.py:101 - INFO - 保存成功：雨宿 (ちびっこエッチ) [中国翻訳] [無修正]
2026-10-07 02:19:07 - mkk_pika - main.py:35 - INFO - 开始检查(サンクリ2019 Summer) 小町さんのもじゃもじゃした処をつるつるにしてさわさわぷにぷにねちょねちょと楽しむ話 (東方Project) [中国翻訳]是否存在未下载章节
2026-10-07 02:19:08 - mkk_pika - main.py:45 - INFO - 正在下载:[(サンクリ2019 Summer) 小町さんのもじゃもじゃした処をつるつるにしてさわさわぷにぷにねちょねちょと楽しむ話 (東方Project) [中国翻訳]]-[夜★FUCKERS (ミツギ)]-[['短篇', '同人', '東方']]-[total_pages:33]
2026-10-07 02:19:08 - mkk_pika - main.py:49 - INFO - [{'_id': '5d332e625be4130a396b154c', 'title': '第1集', 'order': 1, 'updated_at': '2019-07-20T06:51:54.531Z', 'id': '5d332e625be4130a396b154c'}]
2026-10-07 02:19:08 - mkk_pika - database.py:215 - INFO - 第一次下载该漫画，记录数据库中
2026-10-07 02:19:08 - mkk_pika - main.py:83 - INFO - 找到 33 张图片在:第1集
2026-10-07 02:19:10 - mkk_pika - main.py:112 - INFO - [episode:第1集       ] downloaded:    33, total:  33, progress:100%
2026-10-07 02:19:10 - mkk_pika - database.py:238 - INFO - 数据库更新已下载章节
2026-10-07 02:19:10 - mkk_pika - database.py:244 - INFO - 该漫画已下载章节如下
2026-10-07 02:19:10 - mkk_pika - database.py:245 - INFO - ['第1集']
2026-10-07 02:19:11 - mkk_pika - main.py:348 - INFO - ==================== 漫画信息 ====================
                                   漫画ID：5d332e625be4130a396b154b
                                   标题：(サンクリ2019 Summer) 小町さんのもじゃもじゃした処をつるつるにしてさわさわぷにぷにねちょねちょと楽しむ話 (東方Project) [中国翻訳]
                                   作者：夜★FUCKERS (ミツギ)
                                   是否完结：是
                                   总页数：33
                                   分类：短篇,同人,東方
                                   章节数：1
                                   最后更新时间：2019-07-20T15:08:18.769Z
                                   =================================================
2026-10-07 02:19:11 - mkk_pika - database.py:101 - INFO - 保存成功：(サンクリ2019 Summer) 小町さんのもじゃもじゃした処をつるつるにしてさわさわぷにぷにねちょねちょと楽しむ話 (東方Project) [中国翻訳]
2026-10-07 02:19:11 - mkk_pika - main.py:35 - INFO - 开始检查(C95)  止まった時間の中で私は (アイドルマスター シンデレラガールズ) [中国翻訳]是否存在未下载章节
2026-10-07 02:19:11 - mkk_pika - main.py:45 - INFO - 正在下载:[(C95)  止まった時間の中で私は (アイドルマスター シンデレラガールズ) [中国翻訳]]-[HBO (変熊)]-[['短篇']]-[total_pages:25]
2026-10-07 02:19:11 - mkk_pika - main.py:49 - INFO - [{'_id': '5d332edd3b2a120a507a6429', 'title': '第1集', 'order': 1, 'updated_at': '2019-07-20T07:00:27.169Z', 'id': '5d332edd3b2a120a507a6429'}]
2026-10-07 02:19:11 - mkk_pika - database.py:215 - INFO - 第一次下载该漫画，记录数据库中
2026-10-07 02:19:12 - mkk_pika - main.py:83 - INFO - 找到 25 张图片在:第1集
2026-10-07 02:19:13 - mkk_pika - main.py:112 - INFO - [episode:第1集       ] downloaded:    25, total:  25, progress:100%
2026-10-07 02:19:13 - mkk_pika - database.py:238 - INFO - 数据库更新已下载章节
2026-10-07 02:19:13 - mkk_pika - database.py:244 - INFO - 该漫画已下载章节如下
2026-10-07 02:19:13 - mkk_pika - database.py:245 - INFO - ['第1集']
2026-10-07 02:19:15 - mkk_pika - main.py:348 - INFO - ==================== 漫画信息 ====================
                                   漫画ID：5d332edd3b2a120a507a6428
                                   标题：(C95)  止まった時間の中で私は (アイドルマスター シンデレラガールズ) [中国翻訳]
                                   作者：HBO (変熊)
                                   是否完结：是
                                   总页数：25
                                   分类：短篇
                                   章节数：1
                                   最后更新时间：2019-07-20T15:10:21.823Z
                                   =================================================
2026-10-07 02:19:15 - mkk_pika - database.py:101 - INFO - 保存成功：(C95)  止まった時間の中で私は (アイドルマスター シンデレラガールズ) [中国翻訳]
2026-10-07 02:19:15 - mkk_pika - main.py:35 - INFO - 开始检查(C86)  びゅーびゅートライアスロン (スーパーダンガンロンパ2) [中国翻訳]是否存在未下载章节
2026-10-07 02:19:15 - mkk_pika - main.py:45 - INFO - 正在下载:[(C86)  びゅーびゅートライアスロン (スーパーダンガンロンパ2) [中国翻訳]]-[狼狽亭 (atahuta)]-[['同人', '短篇']]-[total_pages:16]
2026-10-07 02:19:15 - mkk_pika - main.py:49 - INFO - [{'_id': '5d332f65a261060a3e9840c8', 'title': '第1集', 'order': 1, 'updated_at': '2019-07-20T07:13:01.850Z', 'id': '5d332f65a261060a3e9840c8'}]
2026-10-07 02:19:15 - mkk_pika - database.py:215 - INFO - 第一次下载该漫画，记录数据库中
2026-10-07 02:19:15 - mkk_pika - main.py:83 - INFO - 找到 16 张图片在:第1集
2026-10-07 02:19:16 - mkk_pika - main.py:112 - INFO - [episode:第1集       ] downloaded:    16, total:  16, progress:100%
2026-10-07 02:19:16 - mkk_pika - database.py:238 - INFO - 数据库更新已下载章节
2026-10-07 02:19:16 - mkk_pika - database.py:244 - INFO - 该漫画已下载章节如下
2026-10-07 02:19:16 - mkk_pika - database.py:245 - INFO - ['第1集']
2026-10-07 02:19:17 - mkk_pika - main.py:348 - INFO - ==================== 漫画信息 ====================
                                   漫画ID：5d332f65a261060a3e9840c7
                                   标题：(C86)  びゅーびゅートライアスロン (スーパーダンガンロンパ2) [中国翻訳]
                                   作者：狼狽亭 (atahuta)
                                   是否完结：是
                                   总页数：16
                                   分类：同人,短篇
                                   章节数：1
                                   最后更新时间：2019-07-20T15:12:37.758Z
                                   =================================================
2026-10-07 02:19:17 - mkk_pika - database.py:101 - INFO - 保存成功：(C86)  びゅーびゅートライアスロン (スーパーダンガンロンパ2) [中国翻訳]
2026-10-07 02:19:17 - mkk_pika - main.py:35 - INFO - 开始检查(C89)  大好きアリスお姉ちゃん (東方Project) [中国翻訳]是否存在未下载章节
2026-10-07 02:19:18 - mkk_pika - main.py:45 - INFO - 正在下载:[(C89)  大好きアリスお姉ちゃん (東方Project) [中国翻訳]]-[かうすしあん (やまいそ)]-[['短篇', '同人', '東方']]-[total_pages:27]
2026-10-07 02:19:18 - mkk_pika - main.py:49 - INFO - [{'_id': '5d332f753b2a120a507a6445', 'title': '第1集', 'order': 1, 'updated_at': '2019-07-20T07:21:35.130Z', 'id': '5d332f753b2a120a507a6445'}]
2026-10-07 02:19:18 - mkk_pika - database.py:215 - INFO - 第一次下载该漫画，记录数据库中
2026-10-07 02:19:19 - mkk_pika - main.py:83 - INFO - 找到 27 张图片在:第1集
2026-10-07 02:19:20 - mkk_pika - main.py:112 - INFO - [episode:第1集       ] downloaded:    27, total:  27, progress:100%
2026-10-07 02:19:20 - mkk_pika - database.py:238 - INFO - 数据库更新已下载章节
2026-10-07 02:19:20 - mkk_pika - database.py:244 - INFO - 该漫画已下载章节如下
2026-10-07 02:19:20 - mkk_pika - database.py:245 - INFO - ['第1集']
2026-10-07 02:19:21 - mkk_pika - main.py:348 - INFO - ==================== 漫画信息 ====================
                                   漫画ID：5d332f753b2a120a507a6444
                                   标题：(C89)  大好きアリスお姉ちゃん (東方Project) [中国翻訳]
                                   作者：かうすしあん (やまいそ)
                                   是否完结：是
                                   总页数：27
                                   分类：短篇,同人,東方
                                   章节数：1
                                   最后更新时间：2019-07-20T15:12:53.280Z
                                   =================================================
2026-10-07 02:19:21 - mkk_pika - database.py:101 - INFO - 保存成功：(C89)  大好きアリスお姉ちゃん (東方Project) [中国翻訳]
2026-10-07 02:19:21 - mkk_pika - main.py:35 - INFO - 开始检查起跑線 (COMIC 高 2018年11月号)是否存在未下载章节
2026-10-07 02:19:21 - mkk_pika - main.py:45 - INFO - 正在下载:[起跑線 (COMIC 高 2018年11月号)]-[みなすきぽぷり]-[['短篇', '純愛']]-[total_pages:17]
2026-10-07 02:19:21 - mkk_pika - main.py:49 - INFO - [{'_id': '5d332f9d3b2a120a507a6462', 'title': '第1集', 'order': 1, 'updated_at': '2019-07-20T09:20:31.747Z', 'id': '5d332f9d3b2a120a507a6462'}]
2026-10-07 02:19:21 - mkk_pika - database.py:215 - INFO - 第一次下载该漫画，记录数据库中
2026-10-07 02:19:22 - mkk_pika - main.py:83 - INFO - 找到 17 张图片在:第1集
2026-10-07 02:19:23 - mkk_pika - main.py:112 - INFO - [episode:第1集       ] downloaded:    17, total:  17, progress:100%
2026-10-07 02:19:23 - mkk_pika - database.py:238 - INFO - 数据库更新已下载章节
2026-10-07 02:19:23 - mkk_pika - database.py:244 - INFO - 该漫画已下载章节如下
2026-10-07 02:19:23 - mkk_pika - database.py:245 - INFO - ['第1集']
2026-10-07 02:19:24 - mkk_pika - main.py:348 - INFO - ==================== 漫画信息 ====================
                                   漫画ID：5d332f9d3b2a120a507a6461
                                   标题：起跑線 (COMIC 高 2018年11月号)
                                   作者：みなすきぽぷり
                                   是否完结：是
                                   总页数：17
                                   分类：短篇,純愛
                                   章节数：1
                                   最后更新时间：2019-07-20T15:13:33.381Z
                                   =================================================
2026-10-07 02:19:24 - mkk_pika - database.py:101 - INFO - 保存成功：起跑線 (COMIC 高 2018年11月号)
2026-10-07 02:19:24 - mkk_pika - main.py:35 - INFO - 开始检查 (C92) 家元許可証 (ガールズ&パンツァー)是否存在未下载章节
2026-10-07 02:19:24 - mkk_pika - main.py:45 - INFO - 正在下载:[ (C92) 家元許可証 (ガールズ&パンツァー)]-[スタジオみずよーかん (東戸塚らいすた)]-[['短篇', '全彩', '同人']]-[total_pages:38]
2026-10-07 02:19:24 - mkk_pika - main.py:49 - INFO - [{'_id': '5d3331eda261060a3e98417f', 'title': '第1集', 'order': 1, 'updated_at': '2019-07-20T10:19:44.467Z', 'id': '5d3331eda261060a3e98417f'}]
2026-10-07 02:19:24 - mkk_pika - database.py:215 - INFO - 第一次下载该漫画，记录数据库中
2026-10-07 02:19:26 - mkk_pika - main.py:83 - INFO - 找到 38 张图片在:第1集
2026-10-07 02:19:27 - mkk_pika - main.py:112 - INFO - [episode:第1集       ] downloaded:    38, total:  38, progress:100%
2026-10-07 02:19:27 - mkk_pika - database.py:238 - INFO - 数据库更新已下载章节
2026-10-07 02:19:27 - mkk_pika - database.py:244 - INFO - 该漫画已下载章节如下
2026-10-07 02:19:27 - mkk_pika - database.py:245 - INFO - ['第1集']
2026-10-07 02:19:29 - mkk_pika - main.py:348 - INFO - ==================== 漫画信息 ====================
                                   漫画ID：5d3331eda261060a3e98417e
                                   标题： (C92) 家元許可証 (ガールズ&パンツァー)
                                   作者：スタジオみずよーかん (東戸塚らいすた)
                                   是否完结：是
                                   总页数：38
                                   分类：短篇,全彩,同人
                                   章节数：1
                                   最后更新时间：2019-07-20T15:23:25.445Z
                                   =================================================
2026-10-07 02:19:29 - mkk_pika - database.py:101 - INFO - 保存成功： (C92) 家元許可証 (ガールズ&パンツァー)
2026-10-07 02:19:29 - mkk_pika - main.py:35 - INFO - 开始检查和装少女ZUNKO (VOICEROID) [中国翻訳] [DL版]是否存在未下载章节
2026-10-07 02:19:29 - mkk_pika - main.py:45 - INFO - 正在下载:[和装少女ZUNKO (VOICEROID) [中国翻訳] [DL版]]-[Dr.VERMILION (ペテン師)]-[['全彩', '短篇', '同人', '非人類']]-[total_pages:23]
2026-10-07 02:19:29 - mkk_pika - main.py:49 - INFO - [{'_id': '5d3332313b2a120a507a648b', 'title': '第1集', 'order': 1, 'updated_at': '2019-07-20T10:50:42.429Z', 'id': '5d3332313b2a120a507a648b'}]
2026-10-07 02:19:29 - mkk_pika - database.py:215 - INFO - 第一次下载该漫画，记录数据库中
2026-10-07 02:19:29 - mkk_pika - main.py:83 - INFO - 找到 23 张图片在:第1集
2026-10-07 02:19:30 - mkk_pika - main.py:112 - INFO - [episode:第1集       ] downloaded:    23, total:  23, progress:100%
2026-10-07 02:19:30 - mkk_pika - database.py:238 - INFO - 数据库更新已下载章节
2026-10-07 02:19:30 - mkk_pika - database.py:244 - INFO - 该漫画已下载章节如下
2026-10-07 02:19:30 - mkk_pika - database.py:245 - INFO - ['第1集']
2026-10-07 02:19:32 - mkk_pika - main.py:348 - INFO - ==================== 漫画信息 ====================
                                   漫画ID：5d3332313b2a120a507a648a
                                   标题：和装少女ZUNKO (VOICEROID) [中国翻訳] [DL版]
                                   作者：Dr.VERMILION (ペテン師)
                                   是否完结：是
                                   总页数：23
                                   分类：全彩,短篇,同人,非人類
                                   章节数：1
                                   最后更新时间：2019-07-20T15:24:33.790Z
                                   =================================================
2026-10-07 02:19:32 - mkk_pika - database.py:101 - INFO - 保存成功：和装少女ZUNKO (VOICEROID) [中国翻訳] [DL版]
2026-10-07 02:19:32 - mkk_pika - main.py:35 - INFO - 开始检查(COMIC1☆15)【極秘】ヨルハ2B型省資材機体の取扱い時における注意事項通達 (ニーアオートマタ) [中国翻訳]是否存在未下载章节
2026-10-07 02:19:32 - mkk_pika - main.py:45 - INFO - 正在下载:[(COMIC1☆15)【極秘】ヨルハ2B型省資材機体の取扱い時における注意事項通達 (ニーアオートマタ) [中国翻訳]]-[ココアホリック (ユイザキカズヤ)]-[['短篇', '同人']]-[total_pages:20]
2026-10-07 02:19:32 - mkk_pika - main.py:49 - INFO - [{'_id': '5d333256a261060a3e984203', 'title': '第1集', 'order': 1, 'updated_at': '2019-07-20T11:22:09.299Z', 'id': '5d333256a261060a3e984203'}]
2026-10-07 02:19:32 - mkk_pika - database.py:215 - INFO - 第一次下载该漫画，记录数据库中
2026-10-07 02:19:32 - mkk_pika - main.py:83 - INFO - 找到 20 张图片在:第1集
2026-10-07 02:19:33 - mkk_pika - main.py:112 - INFO - [episode:第1集       ] downloaded:    20, total:  20, progress:100%
2026-10-07 02:19:33 - mkk_pika - database.py:238 - INFO - 数据库更新已下载章节
2026-10-07 02:19:33 - mkk_pika - database.py:244 - INFO - 该漫画已下载章节如下
2026-10-07 02:19:33 - mkk_pika - database.py:245 - INFO - ['第1集']
2026-10-07 02:19:34 - mkk_pika - main.py:348 - INFO - ==================== 漫画信息 ====================
                                   漫画ID：5d333256a261060a3e984202
                                   标题：(COMIC1☆15)【極秘】ヨルハ2B型省資材機体の取扱い時における注意事項通達 (ニーアオートマタ) [中国翻訳]
                                   作者：ココアホリック (ユイザキカズヤ)
                                   是否完结：是
                                   总页数：20
                                   分类：短篇,同人
                                   章节数：1
                                   最后更新时间：2019-07-20T15:25:10.058Z
                                   =================================================
2026-10-07 02:19:34 - mkk_pika - database.py:101 - INFO - 保存成功：(COMIC1☆15)【極秘】ヨルハ2B型省資材機体の取扱い時における注意事項通達 (ニーアオートマタ) [中国翻訳]
2026-10-07 02:19:34 - mkk_pika - main.py:35 - INFO - 开始检查プールでチャレンジ! ボーイッシュ (COMIC LO 2017年12月号) [中国翻訳] [DL版]是否存在未下载章节
2026-10-07 02:19:34 - mkk_pika - main.py:45 - INFO - 正在下载:[プールでチャレンジ! ボーイッシュ (COMIC LO 2017年12月号) [中国翻訳] [DL版]]-[さつよ]-[['短篇', '純愛']]-[total_pages:12]
2026-10-07 02:19:34 - mkk_pika - main.py:49 - INFO - [{'_id': '5d33329f3b2a120a507a6548', 'title': '第1集', 'order': 1, 'updated_at': '2019-07-20T12:05:53.244Z', 'id': '5d33329f3b2a120a507a6548'}]
2026-10-07 02:19:34 - mkk_pika - database.py:215 - INFO - 第一次下载该漫画，记录数据库中
2026-10-07 02:19:35 - mkk_pika - main.py:83 - INFO - 找到 12 张图片在:第1集
2026-10-07 02:19:36 - mkk_pika - main.py:112 - INFO - [episode:第1集       ] downloaded:    12, total:  12, progress:100%
2026-10-07 02:19:36 - mkk_pika - database.py:238 - INFO - 数据库更新已下载章节
2026-10-07 02:19:36 - mkk_pika - database.py:244 - INFO - 该漫画已下载章节如下
2026-10-07 02:19:36 - mkk_pika - database.py:245 - INFO - ['第1集']
2026-10-07 02:19:37 - mkk_pika - main.py:348 - INFO - ==================== 漫画信息 ====================
                                   漫画ID：5d33329f3b2a120a507a6547
                                   标题：プールでチャレンジ! ボーイッシュ (COMIC LO 2017年12月号) [中国翻訳] [DL版]
                                   作者：さつよ
                                   是否完结：是
                                   总页数：12
                                   分类：短篇,純愛
                                   章节数：1
                                   最后更新时间：2019-07-20T15:26:23.002Z
                                   =================================================
2026-10-07 02:19:37 - mkk_pika - database.py:101 - INFO - 保存成功：プールでチャレンジ! ボーイッシュ (COMIC LO 2017年12月号) [中国翻訳] [DL版]
2026-10-07 02:19:37 - mkk_pika - main.py:35 - INFO - 开始检查(COMIC1☆15) 闇に囁く甘美 (アズールレーン) [中国翻訳]是否存在未下载章节
2026-10-07 02:19:37 - mkk_pika - main.py:45 - INFO - 正在下载:[(COMIC1☆15) 闇に囁く甘美 (アズールレーン) [中国翻訳]]-[かえでもみじ (しじょっこ)]-[['同人', '短篇']]-[total_pages:24]
2026-10-07 02:19:37 - mkk_pika - main.py:49 - INFO - [{'_id': '5d3332ea67ff840a4b5bdfd0', 'title': '第1集', 'order': 1, 'updated_at': '2019-07-20T12:56:55.547Z', 'id': '5d3332ea67ff840a4b5bdfd0'}]
2026-10-07 02:19:37 - mkk_pika - database.py:215 - INFO - 第一次下载该漫画，记录数据库中
2026-10-07 02:19:37 - mkk_pika - main.py:83 - INFO - 找到 24 张图片在:第1集
2026-10-07 02:19:39 - mkk_pika - main.py:112 - INFO - [episode:第1集       ] downloaded:    24, total:  24, progress:100%
2026-10-07 02:19:39 - mkk_pika - database.py:238 - INFO - 数据库更新已下载章节
2026-10-07 02:19:39 - mkk_pika - database.py:244 - INFO - 该漫画已下载章节如下
2026-10-07 02:19:39 - mkk_pika - database.py:245 - INFO - ['第1集']
2026-10-07 02:19:40 - mkk_pika - main.py:348 - INFO - ==================== 漫画信息 ====================
                                   漫画ID：5d3332ea67ff840a4b5bdfcf
                                   标题：(COMIC1☆15) 闇に囁く甘美 (アズールレーン) [中国翻訳]
                                   作者：かえでもみじ (しじょっこ)
                                   是否完结：是
                                   总页数：24
                                   分类：同人,短篇
                                   章节数：1
                                   最后更新时间：2019-07-20T15:27:38.182Z
                                   =================================================
2026-10-07 02:19:40 - mkk_pika - database.py:101 - INFO - 保存成功：(COMIC1☆15) 闇に囁く甘美 (アズールレーン) [中国翻訳]
2026-10-07 02:19:40 - mkk_pika - main.py:35 - INFO - 开始检查(例大祭16)  スカーレットエロトラップダンジョン (東方Project) (中国翻訳)是否存在未下载章节
2026-10-07 02:19:40 - mkk_pika - main.py:45 - INFO - 正在下载:[(例大祭16)  スカーレットエロトラップダンジョン (東方Project) (中国翻訳)]-[かうすしあん (やまいそ)]-[['短篇', '同人', '東方', '非人類']]-[total_pages:26]
2026-10-07 02:19:40 - mkk_pika - main.py:49 - INFO - [{'_id': '5d3333a067ff840a4b5be016', 'title': '第1集', 'order': 1, 'updated_at': '2019-07-20T14:45:26.309Z', 'id': '5d3333a067ff840a4b5be016'}]
2026-10-07 02:19:40 - mkk_pika - database.py:215 - INFO - 第一次下载该漫画，记录数据库中
2026-10-07 02:19:40 - mkk_pika - main.py:83 - INFO - 找到 26 张图片在:第1集
2026-10-07 02:19:42 - mkk_pika - main.py:112 - INFO - [episode:第1集       ] downloaded:    26, total:  26, progress:100%
2026-10-07 02:19:42 - mkk_pika - database.py:238 - INFO - 数据库更新已下载章节
2026-10-07 02:19:42 - mkk_pika - database.py:244 - INFO - 该漫画已下载章节如下
2026-10-07 02:19:42 - mkk_pika - database.py:245 - INFO - ['第1集']
2026-10-07 02:19:43 - mkk_pika - main.py:348 - INFO - ==================== 漫画信息 ====================
                                   漫画ID：5d3333a067ff840a4b5be015
                                   标题：(例大祭16)  スカーレットエロトラップダンジョン (東方Project) (中国翻訳)
                                   作者：かうすしあん (やまいそ)
                                   是否完结：是
                                   总页数：26
                                   分类：短篇,同人,東方,非人類
                                   章节数：1
                                   最后更新时间：2019-07-20T15:30:40.365Z
                                   =================================================
2026-10-07 02:19:43 - mkk_pika - database.py:101 - INFO - 保存成功：(例大祭16)  スカーレットエロトラップダンジョン (東方Project) (中国翻訳)
2026-10-07 02:19:43 - mkk_pika - main.py:35 - INFO - 开始检查(C90)  Melty Love是否存在未下载章节
2026-10-07 02:19:43 - mkk_pika - main.py:45 - INFO - 正在下载:[(C90)  Melty Love]-[KOKIKKO (せせなやう)]-[['短篇', '同人']]-[total_pages:35]
2026-10-07 02:19:43 - mkk_pika - main.py:49 - INFO - [{'_id': '5d3333b45be4130a396b164f', 'title': '第1集', 'order': 1, 'updated_at': '2019-07-20T14:45:35.628Z', 'id': '5d3333b45be4130a396b164f'}]
2026-10-07 02:19:43 - mkk_pika - database.py:215 - INFO - 第一次下载该漫画，记录数据库中
2026-10-07 02:19:44 - mkk_pika - main.py:83 - INFO - 找到 35 张图片在:第1集
2026-10-07 02:19:45 - mkk_pika - main.py:112 - INFO - [episode:第1集       ] downloaded:    35, total:  35, progress:100%
2026-10-07 02:19:45 - mkk_pika - database.py:238 - INFO - 数据库更新已下载章节
2026-10-07 02:19:45 - mkk_pika - database.py:244 - INFO - 该漫画已下载章节如下
2026-10-07 02:19:45 - mkk_pika - database.py:245 - INFO - ['第1集']
2026-10-07 02:19:47 - mkk_pika - main.py:348 - INFO - ==================== 漫画信息 ====================
                                   漫画ID：5d3333b45be4130a396b164e
                                   标题：(C90)  Melty Love
                                   作者：KOKIKKO (せせなやう)
                                   是否完结：否
                                   总页数：35
                                   分类：短篇,同人
                                   章节数：1
                                   最后更新时间：2019-07-20T15:31:00.969Z
                                   =================================================
2026-10-07 02:19:47 - mkk_pika - database.py:101 - INFO - 保存成功：(C90)  Melty Love
2026-10-07 02:19:47 - mkk_pika - main.py:35 - INFO - 开始检查 (C93) みゆさん26才と本格的に子作りを始める本 (アイドルマスター シンデレラガールズ)是否存在未下载章节
2026-10-07 02:19:47 - mkk_pika - main.py:45 - INFO - 正在下载:[ (C93) みゆさん26才と本格的に子作りを始める本 (アイドルマスター シンデレラガールズ)]-[ ほとりぼっち (桜去ほとり)]-[['短篇', '同人']]-[total_pages:19]
2026-10-07 02:19:47 - mkk_pika - main.py:49 - INFO - [{'_id': '5d3333c567ff840a4b5be032', 'title': '第1集', 'order': 1, 'updated_at': '2019-07-20T14:53:55.229Z', 'id': '5d3333c567ff840a4b5be032'}]
2026-10-07 02:19:47 - mkk_pika - database.py:215 - INFO - 第一次下载该漫画，记录数据库中
2026-10-07 02:19:47 - mkk_pika - main.py:83 - INFO - 找到 19 张图片在:第1集
2026-10-07 02:19:48 - mkk_pika - main.py:112 - INFO - [episode:第1集       ] downloaded:    19, total:  19, progress:100%
2026-10-07 02:19:48 - mkk_pika - database.py:238 - INFO - 数据库更新已下载章节
2026-10-07 02:19:48 - mkk_pika - database.py:244 - INFO - 该漫画已下载章节如下
2026-10-07 02:19:48 - mkk_pika - database.py:245 - INFO - ['第1集']
2026-10-07 02:19:50 - mkk_pika - main.py:348 - INFO - ==================== 漫画信息 ====================
                                   漫画ID：5d3333c567ff840a4b5be031
                                   标题： (C93) みゆさん26才と本格的に子作りを始める本 (アイドルマスター シンデレラガールズ)
                                   作者： ほとりぼっち (桜去ほとり)
                                   是否完结：否
                                   总页数：19
                                   分类：短篇,同人
                                   章节数：1
                                   最后更新时间：2019-07-20T15:31:17.201Z
                                   =================================================
2026-10-07 02:19:50 - mkk_pika - database.py:101 - INFO - 保存成功： (C93) みゆさん26才と本格的に子作りを始める本 (アイドルマスター シンデレラガールズ)
2026-10-07 02:19:50 - mkk_pika - main.py:35 - INFO - 开始检查(C93)  ソーンさんとイチャコラする本。 (グランブルーファンタジー) [中国翻訳]是否存在未下载章节
2026-10-07 02:19:50 - mkk_pika - main.py:45 - INFO - 正在下载:[(C93)  ソーンさんとイチャコラする本。 (グランブルーファンタジー) [中国翻訳]]-[時間差攻撃 (遠矢大介)]-[['同人', '短篇', '碧藍幻想']]-[total_pages:11]
2026-10-07 02:19:50 - mkk_pika - main.py:49 - INFO - [{'_id': '5d3333d83b2a120a507a6583', 'title': '第1集', 'order': 1, 'updated_at': '2019-07-20T15:01:07.282Z', 'id': '5d3333d83b2a120a507a6583'}]
2026-10-07 02:19:50 - mkk_pika - database.py:215 - INFO - 第一次下载该漫画，记录数据库中
2026-10-07 02:19:50 - mkk_pika - main.py:83 - INFO - 找到 11 张图片在:第1集
2026-10-07 02:19:51 - mkk_pika - main.py:112 - INFO - [episode:第1集       ] downloaded:    11, total:  11, progress:100%
2026-10-07 02:19:51 - mkk_pika - database.py:238 - INFO - 数据库更新已下载章节
2026-10-07 02:19:51 - mkk_pika - database.py:244 - INFO - 该漫画已下载章节如下
2026-10-07 02:19:51 - mkk_pika - database.py:245 - INFO - ['第1集']
2026-10-07 02:19:52 - mkk_pika - main.py:348 - INFO - ==================== 漫画信息 ====================
                                   漫画ID：5d3333d83b2a120a507a6582
                                   标题：(C93)  ソーンさんとイチャコラする本。 (グランブルーファンタジー) [中国翻訳]
                                   作者：時間差攻撃 (遠矢大介)
                                   是否完结：是
                                   总页数：11
                                   分类：同人,短篇,碧藍幻想
                                   章节数：1
                                   最后更新时间：2019-07-20T15:31:36.930Z
                                   =================================================
2026-10-07 02:19:52 - mkk_pika - database.py:101 - INFO - 保存成功：(C93)  ソーンさんとイチャコラする本。 (グランブルーファンタジー) [中国翻訳]
2026-10-07 02:19:52 - mkk_pika - main.py:35 - INFO - 开始检查軍中鬼故事-小紅是否存在未下载章节
2026-10-07 02:19:52 - mkk_pika - main.py:45 - INFO - 正在下载:[軍中鬼故事-小紅]-[路人丙]-[['短篇', '非人類', '純愛']]-[total_pages:84]
2026-10-07 02:19:52 - mkk_pika - main.py:49 - INFO - [{'_id': '5979e7096f10593244cf05cb', 'title': '第1集', 'order': 1, 'updated_at': '2017-07-27T12:48:49.164Z', 'id': '5979e7096f10593244cf05cb'}, {'_id': '5979e7096f10593244cf05cc', 'title': '第2集', 'order': 2, 'updated_at': '2017-07-27T12:54:46.051Z', 'id': '5979e7096f10593244cf05cc'}, {'_id': '5d3333e23b2a120a507a658f', 'title': '第2.5集', 'order': 3, 'updated_at': '2019-07-20T15:07:53.958Z', 'id': '5d3333e23b2a120a507a658f'}]
2026-10-07 02:19:52 - mkk_pika - database.py:215 - INFO - 第一次下载该漫画，记录数据库中
2026-10-07 02:19:53 - mkk_pika - main.py:83 - INFO - 找到 17 张图片在:第1集
2026-10-07 02:19:53 - mkk_pika - main.py:112 - INFO - [episode:第1集       ] downloaded:    17, total:  17, progress:100%
2026-10-07 02:19:53 - mkk_pika - database.py:238 - INFO - 数据库更新已下载章节
2026-10-07 02:19:53 - mkk_pika - database.py:244 - INFO - 该漫画已下载章节如下
2026-10-07 02:19:53 - mkk_pika - database.py:245 - INFO - ['第1集']
2026-10-07 02:19:56 - mkk_pika - main.py:83 - INFO - 找到 50 张图片在:第2集
2026-10-07 02:19:58 - mkk_pika - main.py:112 - INFO - [episode:第2集       ] downloaded:    50, total:  50, progress:100%
2026-10-07 02:19:58 - mkk_pika - database.py:238 - INFO - 数据库更新已下载章节
2026-10-07 02:19:58 - mkk_pika - database.py:244 - INFO - 该漫画已下载章节如下
2026-10-07 02:19:58 - mkk_pika - database.py:245 - INFO - ['第1集', '第2集']
2026-10-07 02:19:59 - mkk_pika - main.py:83 - INFO - 找到 17 张图片在:第2.5集
2026-10-07 02:20:00 - mkk_pika - main.py:112 - INFO - [episode:第2.5集     ] downloaded:    17, total:  17, progress:100%
2026-10-07 02:20:00 - mkk_pika - database.py:238 - INFO - 数据库更新已下载章节
2026-10-07 02:20:00 - mkk_pika - database.py:244 - INFO - 该漫画已下载章节如下
2026-10-07 02:20:00 - mkk_pika - database.py:245 - INFO - ['第1集', '第2集', '第2.5集']
2026-10-07 02:20:01 - mkk_pika - main.py:348 - INFO - ==================== 漫画信息 ====================
                                   漫画ID：58218d3a5f6b9a4f93e1abcb
                                   标题：軍中鬼故事-小紅
                                   作者：路人丙
                                   是否完结：是
                                   总页数：84
                                   分类：短篇,非人類,純愛
                                   章节数：3
                                   最后更新时间：2019-07-20T15:31:46.698Z
                                   =================================================
2026-10-07 02:20:01 - mkk_pika - database.py:101 - INFO - 保存成功：軍中鬼故事-小紅
2026-10-07 02:20:01 - mkk_pika - main.py:35 - INFO - 开始检查Train Hunter 3 (シティハンター)是否存在未下载章节
2026-10-07 02:20:01 - mkk_pika - main.py:45 - INFO - 正在下载:[Train Hunter 3 (シティハンター)]-[アキヤマ興業 (三日月四幸)]-[['短篇', '強暴']]-[total_pages:16]
2026-10-07 02:20:01 - mkk_pika - main.py:49 - INFO - [{'_id': '5d3333eea261060a3e984ce0', 'title': '第1集', 'order': 1, 'updated_at': '2019-07-20T15:09:22.363Z', 'id': '5d3333eea261060a3e984ce0'}]
2026-10-07 02:20:01 - mkk_pika - database.py:215 - INFO - 第一次下载该漫画，记录数据库中
2026-10-07 02:20:02 - mkk_pika - main.py:83 - INFO - 找到 16 张图片在:第1集
2026-10-07 02:20:03 - mkk_pika - main.py:112 - INFO - [episode:第1集       ] downloaded:    16, total:  16, progress:100%
2026-10-07 02:20:03 - mkk_pika - database.py:238 - INFO - 数据库更新已下载章节
2026-10-07 02:20:03 - mkk_pika - database.py:244 - INFO - 该漫画已下载章节如下
2026-10-07 02:20:03 - mkk_pika - database.py:245 - INFO - ['第1集']
2026-10-07 02:20:04 - mkk_pika - main.py:348 - INFO - ==================== 漫画信息 ====================
                                   漫画ID：5d3333eea261060a3e984cdf
                                   标题：Train Hunter 3 (シティハンター)
                                   作者：アキヤマ興業 (三日月四幸)
                                   是否完结：是
                                   总页数：16
                                   分类：短篇,強暴
                                   章节数：1
                                   最后更新时间：2019-07-20T15:31:58.134Z
                                   =================================================
2026-10-07 02:20:04 - mkk_pika - database.py:101 - INFO - 保存成功：Train Hunter 3 (シティハンター)
2026-10-07 02:20:04 - mkk_pika - main.py:35 - INFO - 开始检查Hiaced Loli Dragon ハ○エースされるとかマジやばくね？(小林さんちのメイドラゴン)是否存在未下载章节
2026-10-07 02:20:05 - mkk_pika - main.py:45 - INFO - 正在下载:[Hiaced Loli Dragon ハ○エースされるとかマジやばくね？(小林さんちのメイドラゴン)]-[らっく]-[['短篇', '全彩', '同人', 'SM']]-[total_pages:42]
2026-10-07 02:20:05 - mkk_pika - main.py:49 - INFO - [{'_id': '5d34241fb310f6330b714d6f', 'title': '第1集', 'order': 1, 'updated_at': '2019-07-21T05:17:36.474Z', 'id': '5d34241fb310f6330b714d6f'}]
2026-10-07 02:20:05 - mkk_pika - database.py:215 - INFO - 第一次下载该漫画，记录数据库中
2026-10-07 02:20:05 - mkk_pika - main.py:83 - INFO - 找到 42 张图片在:第1集
2026-10-07 02:20:07 - mkk_pika - main.py:112 - INFO - [episode:第1集       ] downloaded:    42, total:  42, progress:100%
2026-10-07 02:20:07 - mkk_pika - database.py:238 - INFO - 数据库更新已下载章节
2026-10-07 02:20:07 - mkk_pika - database.py:244 - INFO - 该漫画已下载章节如下
2026-10-07 02:20:07 - mkk_pika - database.py:245 - INFO - ['第1集']
2026-10-07 02:20:09 - mkk_pika - main.py:348 - INFO - ==================== 漫画信息 ====================
                                   漫画ID：5d34241fb310f6330b714d6e
                                   标题：Hiaced Loli Dragon ハ○エースされるとかマジやばくね？(小林さんちのメイドラゴン)
                                   作者：らっく
                                   是否完结：是
                                   总页数：42
                                   分类：短篇,全彩,同人,SM
                                   章节数：1
                                   最后更新时间：2019-07-21T08:36:47.974Z
                                   =================================================
2026-10-07 02:20:09 - mkk_pika - database.py:101 - INFO - 保存成功：Hiaced Loli Dragon ハ○エースされるとかマジやばくね？(小林さんちのメイドラゴン)
2026-10-07 02:20:09 - mkk_pika - main.py:35 - INFO - 开始检查(C76)  I want you! (コードギアス 反逆のルルーシュ) [中国翻訳]是否存在未下载章节
2026-10-07 02:20:09 - mkk_pika - main.py:45 - INFO - 正在下载:[(C76)  I want you! (コードギアス 反逆のルルーシュ) [中国翻訳]]-[APRICOTTEA (みなみ)]-[['短篇', '同人', '純愛']]-[total_pages:50]
2026-10-07 02:20:09 - mkk_pika - main.py:49 - INFO - [{'_id': '5d3424626bf0a732f5419c33', 'title': '第1集', 'order': 1, 'updated_at': '2019-07-21T06:03:49.431Z', 'id': '5d3424626bf0a732f5419c33'}]
2026-10-07 02:20:09 - mkk_pika - database.py:215 - INFO - 第一次下载该漫画，记录数据库中
2026-10-07 02:20:10 - mkk_pika - main.py:83 - INFO - 找到 50 张图片在:第1集
2026-10-07 02:20:12 - mkk_pika - main.py:112 - INFO - [episode:第1集       ] downloaded:    50, total:  50, progress:100%
2026-10-07 02:20:12 - mkk_pika - database.py:238 - INFO - 数据库更新已下载章节
2026-10-07 02:20:12 - mkk_pika - database.py:244 - INFO - 该漫画已下载章节如下
2026-10-07 02:20:12 - mkk_pika - database.py:245 - INFO - ['第1集']
2026-10-07 02:20:13 - mkk_pika - main.py:348 - INFO - ==================== 漫画信息 ====================
                                   漫画ID：5d3424626bf0a732f5419c32
                                   标题：(C76)  I want you! (コードギアス 反逆のルルーシュ) [中国翻訳]
                                   作者：APRICOTTEA (みなみ)
                                   是否完结：是
                                   总页数：50
                                   分类：短篇,同人,純愛
                                   章节数：1
                                   最后更新时间：2019-07-21T08:37:54.631Z
                                   =================================================
2026-10-07 02:20:13 - mkk_pika - database.py:101 - INFO - 保存成功：(C76)  I want you! (コードギアス 反逆のルルーシュ) [中国翻訳]
2026-10-07 02:20:13 - mkk_pika - main.py:35 - INFO - 开始检查 カヤ姉、車窓でも… (コミックジェシカ Vol.11) [熊猫人汉化]是否存在未下载章节
2026-10-07 02:20:13 - mkk_pika - main.py:45 - INFO - 正在下载:[ カヤ姉、車窓でも… (コミックジェシカ Vol.11) [熊猫人汉化]]-[蒟吉人]-[['短篇', 'NTR', '人妻']]-[total_pages:22]
2026-10-07 02:20:13 - mkk_pika - main.py:49 - INFO - [{'_id': '5d3424aad160e63314f429fa', 'title': '第1集', 'order': 1, 'updated_at': '2019-07-21T06:23:38.296Z', 'id': '5d3424aad160e63314f429fa'}]
2026-10-07 02:20:13 - mkk_pika - database.py:215 - INFO - 第一次下载该漫画，记录数据库中
2026-10-07 02:20:14 - mkk_pika - main.py:83 - INFO - 找到 22 张图片在:第1集
2026-10-07 02:20:15 - mkk_pika - main.py:112 - INFO - [episode:第1集       ] downloaded:    22, total:  22, progress:100%
2026-10-07 02:20:15 - mkk_pika - database.py:238 - INFO - 数据库更新已下载章节
2026-10-07 02:20:15 - mkk_pika - database.py:244 - INFO - 该漫画已下载章节如下
2026-10-07 02:20:15 - mkk_pika - database.py:245 - INFO - ['第1集']
2026-10-07 02:20:16 - mkk_pika - main.py:348 - INFO - ==================== 漫画信息 ====================
                                   漫画ID：5d3424aad160e63314f429f9
                                   标题： カヤ姉、車窓でも… (コミックジェシカ Vol.11) [熊猫人汉化]
                                   作者：蒟吉人
                                   是否完结：是
                                   总页数：22
                                   分类：短篇,NTR,人妻
                                   章节数：1
                                   最后更新时间：2019-07-21T08:39:06.531Z
                                   =================================================
2026-10-07 02:20:16 - mkk_pika - database.py:101 - INFO - 保存成功： カヤ姉、車窓でも… (コミックジェシカ Vol.11) [熊猫人汉化]
2026-10-07 02:20:16 - mkk_pika - main.py:35 - INFO - 开始检查(とら祭り2015)  アララギ博士とハルカの本 (ポケットモンスター) 是否存在未下载章节
2026-10-07 02:20:16 - mkk_pika - main.py:45 - INFO - 正在下载:[(とら祭り2015)  アララギ博士とハルカの本 (ポケットモンスター) ]-[はぐるまん (コウタロス)]-[['同人', '短篇']]-[total_pages:17]
2026-10-07 02:20:16 - mkk_pika - main.py:49 - INFO - [{'_id': '5d3424c53f21ea32fb847710', 'title': '第1集', 'order': 1, 'updated_at': '2019-07-21T07:38:14.651Z', 'id': '5d3424c53f21ea32fb847710'}]
2026-10-07 02:20:16 - mkk_pika - database.py:215 - INFO - 第一次下载该漫画，记录数据库中
2026-10-07 02:20:17 - mkk_pika - main.py:83 - INFO - 找到 17 张图片在:第1集
2026-10-07 02:20:18 - mkk_pika - main.py:112 - INFO - [episode:第1集       ] downloaded:    17, total:  17, progress:100%
2026-10-07 02:20:18 - mkk_pika - database.py:238 - INFO - 数据库更新已下载章节
2026-10-07 02:20:18 - mkk_pika - database.py:244 - INFO - 该漫画已下载章节如下
2026-10-07 02:20:18 - mkk_pika - database.py:245 - INFO - ['第1集']
2026-10-07 02:20:19 - mkk_pika - main.py:348 - INFO - ==================== 漫画信息 ====================
                                   漫画ID：5d3424c53f21ea32fb84770f
                                   标题：(とら祭り2015)  アララギ博士とハルカの本 (ポケットモンスター) 
                                   作者：はぐるまん (コウタロス)
                                   是否完结：是
                                   总页数：17
                                   分类：同人,短篇
                                   章节数：1
                                   最后更新时间：2019-07-21T08:39:33.274Z
                                   =================================================
2026-10-07 02:20:19 - mkk_pika - database.py:101 - INFO - 保存成功：(とら祭り2015)  アララギ博士とハルカの本 (ポケットモンスター) 
2026-10-07 02:20:19 - mkk_pika - main.py:35 - INFO - 开始检查(C91) 働くオトナの会場本総集編 [全彩]是否存在未下载章节
2026-10-07 02:20:19 - mkk_pika - main.py:45 - INFO - 正在下载:[(C91) 働くオトナの会場本総集編 [全彩]]-[おつきみ工房 (秋空もみぢ)]-[['短篇', '同人', '全彩']]-[total_pages:34]
2026-10-07 02:20:19 - mkk_pika - main.py:49 - INFO - [{'_id': '5d34b437b310f6330b7153d3', 'title': '第1集', 'order': 1, 'updated_at': '2019-07-21T08:54:42.554Z', 'id': '5d34b437b310f6330b7153d3'}]
2026-10-07 02:20:19 - mkk_pika - database.py:215 - INFO - 第一次下载该漫画，记录数据库中
2026-10-07 02:20:19 - mkk_pika - main.py:83 - INFO - 找到 34 张图片在:第1集
2026-10-07 02:20:21 - mkk_pika - main.py:112 - INFO - [episode:第1集       ] downloaded:    34, total:  34, progress:100%
2026-10-07 02:20:21 - mkk_pika - database.py:238 - INFO - 数据库更新已下载章节
2026-10-07 02:20:21 - mkk_pika - database.py:244 - INFO - 该漫画已下载章节如下
2026-10-07 02:20:21 - mkk_pika - database.py:245 - INFO - ['第1集']
2026-10-07 02:20:22 - mkk_pika - main.py:348 - INFO - ==================== 漫画信息 ====================
                                   漫画ID：5d34b437b310f6330b7153d2
                                   标题：(C91) 働くオトナの会場本総集編 [全彩]
                                   作者：おつきみ工房 (秋空もみぢ)
                                   是否完结：否
                                   总页数：34
                                   分类：短篇,同人,全彩
                                   章节数：1
                                   最后更新时间：2019-07-21T18:51:35.189Z
                                   =================================================
2026-10-07 02:20:22 - mkk_pika - database.py:101 - INFO - 保存成功：(C91) 働くオトナの会場本総集編 [全彩]
2026-10-07 02:20:22 - mkk_pika - main.py:35 - INFO - 开始检查臀臀臀部 (COMIC アンスリウム 2019年5月号)是否存在未下载章节
2026-10-07 02:20:22 - mkk_pika - main.py:45 - INFO - 正在下载:[臀臀臀部 (COMIC アンスリウム 2019年5月号)]-[虎助遥人]-[['短篇']]-[total_pages:25]
2026-10-07 02:20:22 - mkk_pika - main.py:49 - INFO - [{'_id': '5d34b4503f21ea32fb847e2e', 'title': '第1集', 'order': 1, 'updated_at': '2019-07-21T09:02:40.442Z', 'id': '5d34b4503f21ea32fb847e2e'}]
2026-10-07 02:20:22 - mkk_pika - database.py:215 - INFO - 第一次下载该漫画，记录数据库中
2026-10-07 02:20:23 - mkk_pika - main.py:83 - INFO - 找到 25 张图片在:第1集
2026-10-07 02:20:24 - mkk_pika - main.py:112 - INFO - [episode:第1集       ] downloaded:    25, total:  25, progress:100%
2026-10-07 02:20:24 - mkk_pika - database.py:238 - INFO - 数据库更新已下载章节
2026-10-07 02:20:24 - mkk_pika - database.py:244 - INFO - 该漫画已下载章节如下
2026-10-07 02:20:24 - mkk_pika - database.py:245 - INFO - ['第1集']
2026-10-07 02:20:25 - mkk_pika - main.py:348 - INFO - ==================== 漫画信息 ====================
                                   漫画ID：5d34b4503f21ea32fb847e2d
                                   标题：臀臀臀部 (COMIC アンスリウム 2019年5月号)
                                   作者：虎助遥人
                                   是否完结：是
                                   总页数：25
                                   分类：短篇
                                   章节数：1
                                   最后更新时间：2019-07-21T18:52:00.627Z
                                   =================================================
2026-10-07 02:20:25 - mkk_pika - database.py:101 - INFO - 保存成功：臀臀臀部 (COMIC アンスリウム 2019年5月号)
2026-10-07 02:20:25 - mkk_pika - main.py:35 - INFO - 开始检查 (C94)  ろり&ふた Vol.11 (Fate kaleid liner)是否存在未下载章节
2026-10-07 02:20:25 - mkk_pika - main.py:45 - INFO - 正在下载:[ (C94)  ろり&ふた Vol.11 (Fate kaleid liner)]-[Achromic (夢双月)]-[['短篇', '同人', 'Fate', '扶他樂園']]-[total_pages:39]
2026-10-07 02:20:25 - mkk_pika - main.py:49 - INFO - [{'_id': '5d34b48dd160e63314f42fc0', 'title': '第1集', 'order': 1, 'updated_at': '2019-07-21T09:05:08.086Z', 'id': '5d34b48dd160e63314f42fc0'}]
2026-10-07 02:20:25 - mkk_pika - database.py:215 - INFO - 第一次下载该漫画，记录数据库中
2026-10-07 02:20:26 - mkk_pika - main.py:83 - INFO - 找到 39 张图片在:第1集
2026-10-07 02:20:27 - mkk_pika - main.py:112 - INFO - [episode:第1集       ] downloaded:    39, total:  39, progress:100%
2026-10-07 02:20:27 - mkk_pika - database.py:238 - INFO - 数据库更新已下载章节
2026-10-07 02:20:27 - mkk_pika - database.py:244 - INFO - 该漫画已下载章节如下
2026-10-07 02:20:27 - mkk_pika - database.py:245 - INFO - ['第1集']
2026-10-07 02:20:28 - mkk_pika - main.py:348 - INFO - ==================== 漫画信息 ====================
                                   漫画ID：5d34b48dd160e63314f42fbf
                                   标题： (C94)  ろり&ふた Vol.11 (Fate kaleid liner)
                                   作者：Achromic (夢双月)
                                   是否完结：否
                                   总页数：39
                                   分类：短篇,同人,Fate,扶他樂園
                                   章节数：1
                                   最后更新时间：2019-07-21T18:53:01.671Z
                                   =================================================
2026-10-07 02:20:28 - mkk_pika - database.py:101 - INFO - 保存成功： (C94)  ろり&ふた Vol.11 (Fate kaleid liner)
2026-10-07 02:20:28 - mkk_pika - main.py:35 - INFO - 开始检查 Milk Milk! (東方Project) [中国語]是否存在未下载章节
2026-10-07 02:20:28 - mkk_pika - main.py:45 - INFO - 正在下载:[ Milk Milk! (東方Project) [中国語]]-[Bzsk.]-[['全彩', '同人', '短篇', '東方']]-[total_pages:17]
2026-10-07 02:20:28 - mkk_pika - main.py:49 - INFO - [{'_id': '5d34b4cbb310f6330b7153f7', 'title': '第1集', 'order': 1, 'updated_at': '2019-07-21T09:05:40.490Z', 'id': '5d34b4cbb310f6330b7153f7'}]
2026-10-07 02:20:28 - mkk_pika - database.py:215 - INFO - 第一次下载该漫画，记录数据库中
2026-10-07 02:20:29 - mkk_pika - main.py:83 - INFO - 找到 17 张图片在:第1集
2026-10-07 02:20:30 - mkk_pika - main.py:112 - INFO - [episode:第1集       ] downloaded:    17, total:  17, progress:100%
2026-10-07 02:20:30 - mkk_pika - database.py:238 - INFO - 数据库更新已下载章节
2026-10-07 02:20:30 - mkk_pika - database.py:244 - INFO - 该漫画已下载章节如下
2026-10-07 02:20:30 - mkk_pika - database.py:245 - INFO - ['第1集']
2026-10-07 02:20:31 - mkk_pika - main.py:348 - INFO - ==================== 漫画信息 ====================
                                   漫画ID：5d34b4cbb310f6330b7153f6
                                   标题： Milk Milk! (東方Project) [中国語]
                                   作者：Bzsk.
                                   是否完结：是
                                   总页数：17
                                   分类：全彩,同人,短篇,東方
                                   章节数：1
                                   最后更新时间：2019-07-21T18:54:03.663Z
                                   =================================================
2026-10-07 02:20:31 - mkk_pika - database.py:101 - INFO - 保存成功： Milk Milk! (東方Project) [中国語]
2026-10-07 02:20:31 - mkk_pika - main.py:35 - INFO - 开始检查イジメラレ～「女」の僕と飼い主3人～ 13是否存在未下载章节
2026-10-07 02:20:32 - mkk_pika - main.py:45 - INFO - 正在下载:[イジメラレ～「女」の僕と飼い主3人～ 13]-[早乙女もこ乃]-[['長篇', '性轉換']]-[total_pages:40]
2026-10-07 02:20:32 - mkk_pika - main.py:49 - INFO - [{'_id': '5d34b4d8d160e63314f42fea', 'title': '第1集', 'order': 1, 'updated_at': '2019-07-21T09:18:02.136Z', 'id': '5d34b4d8d160e63314f42fea'}]
2026-10-07 02:20:32 - mkk_pika - database.py:215 - INFO - 第一次下载该漫画，记录数据库中
2026-10-07 02:20:32 - mkk_pika - main.py:83 - INFO - 找到 40 张图片在:第1集
2026-10-07 02:20:33 - mkk_pika - main.py:112 - INFO - [episode:第1集       ] downloaded:    40, total:  40, progress:100%
2026-10-07 02:20:33 - mkk_pika - database.py:238 - INFO - 数据库更新已下载章节
2026-10-07 02:20:33 - mkk_pika - database.py:244 - INFO - 该漫画已下载章节如下
2026-10-07 02:20:33 - mkk_pika - database.py:245 - INFO - ['第1集']
2026-10-07 02:20:35 - mkk_pika - main.py:348 - INFO - ==================== 漫画信息 ====================
                                   漫画ID：5d34b4d8d160e63314f42fe9
                                   标题：イジメラレ～「女」の僕と飼い主3人～ 13
                                   作者：早乙女もこ乃
                                   是否完结：否
                                   总页数：40
                                   分类：長篇,性轉換
                                   章节数：1
                                   最后更新时间：2019-07-21T18:54:16.463Z
                                   =================================================
2026-10-07 02:20:35 - mkk_pika - database.py:101 - INFO - 保存成功：イジメラレ～「女」の僕と飼い主3人～ 13
2026-10-07 02:20:35 - mkk_pika - main.py:35 - INFO - 开始检查(C94)  M系令嬢是否存在未下载章节
2026-10-07 02:20:35 - mkk_pika - main.py:45 - INFO - 正在下载:[(C94)  M系令嬢]-[感電少女注意報 (真冬)]-[['短篇', '同人']]-[total_pages:22]
2026-10-07 02:20:35 - mkk_pika - main.py:49 - INFO - [{'_id': '5d34b508d160e63314f43015', 'title': '第1集', 'order': 1, 'updated_at': '2019-07-21T09:53:11.966Z', 'id': '5d34b508d160e63314f43015'}]
2026-10-07 02:20:35 - mkk_pika - database.py:215 - INFO - 第一次下载该漫画，记录数据库中
2026-10-07 02:20:35 - mkk_pika - main.py:83 - INFO - 找到 22 张图片在:第1集
2026-10-07 02:20:36 - mkk_pika - main.py:112 - INFO - [episode:第1集       ] downloaded:    22, total:  22, progress:100%
2026-10-07 02:20:36 - mkk_pika - database.py:238 - INFO - 数据库更新已下载章节
2026-10-07 02:20:36 - mkk_pika - database.py:244 - INFO - 该漫画已下载章节如下
2026-10-07 02:20:36 - mkk_pika - database.py:245 - INFO - ['第1集']
2026-10-07 02:20:38 - mkk_pika - main.py:348 - INFO - ==================== 漫画信息 ====================
                                   漫画ID：5d34b508d160e63314f43014
                                   标题：(C94)  M系令嬢
                                   作者：感電少女注意報 (真冬)
                                   是否完结：是
                                   总页数：22
                                   分类：短篇,同人
                                   章节数：1
                                   最后更新时间：2019-07-21T18:55:04.219Z
                                   =================================================
2026-10-07 02:20:38 - mkk_pika - database.py:101 - INFO - 保存成功：(C94)  M系令嬢
2026-10-07 02:20:38 - mkk_pika - main.py:35 - INFO - 开始检查妾のナカで、甘えてよいぞ♥ (Fate/Grand Order) [DL版]是否存在未下载章节
2026-10-07 02:20:38 - mkk_pika - main.py:45 - INFO - 正在下载:[妾のナカで、甘えてよいぞ♥ (Fate/Grand Order) [DL版]]-[IRIOMOTE (沙流)]-[['短篇', '同人', 'Fate']]-[total_pages:18]
2026-10-07 02:20:38 - mkk_pika - main.py:49 - INFO - [{'_id': '5d34b73b3f21ea32fb847e84', 'title': '第1集', 'order': 1, 'updated_at': '2019-07-21T09:56:50.002Z', 'id': '5d34b73b3f21ea32fb847e84'}]
2026-10-07 02:20:38 - mkk_pika - database.py:215 - INFO - 第一次下载该漫画，记录数据库中
2026-10-07 02:20:38 - mkk_pika - main.py:83 - INFO - 找到 18 张图片在:第1集
2026-10-07 02:20:39 - mkk_pika - main.py:112 - INFO - [episode:第1集       ] downloaded:    18, total:  18, progress:100%
2026-10-07 02:20:39 - mkk_pika - database.py:238 - INFO - 数据库更新已下载章节
2026-10-07 02:20:39 - mkk_pika - database.py:244 - INFO - 该漫画已下载章节如下
2026-10-07 02:20:39 - mkk_pika - database.py:245 - INFO - ['第1集']
2026-10-07 02:20:40 - mkk_pika - main.py:348 - INFO - ==================== 漫画信息 ====================
                                   漫画ID：5d34b73b3f21ea32fb847e83
                                   标题：妾のナカで、甘えてよいぞ♥ (Fate/Grand Order) [DL版]
                                   作者：IRIOMOTE (沙流)
                                   是否完结：是
                                   总页数：18
                                   分类：短篇,同人,Fate
                                   章节数：1
                                   最后更新时间：2019-07-21T19:04:27.640Z
                                   =================================================
2026-10-07 02:20:40 - mkk_pika - database.py:101 - INFO - 保存成功：妾のナカで、甘えてよいぞ♥ (Fate/Grand Order) [DL版]
2026-10-07 02:20:40 - mkk_pika - main.py:35 - INFO - 开始检查(C89)  しれぇはん2 (艦隊これくしょん -艦これ-)是否存在未下载章节
2026-10-07 02:20:41 - mkk_pika - main.py:45 - INFO - 正在下载:[(C89)  しれぇはん2 (艦隊これくしょん -艦これ-)]-[たけ家 (竹虎スズメ)]-[['同人', '短篇', '純愛', '艦隊收藏']]-[total_pages:18]
2026-10-07 02:20:41 - mkk_pika - main.py:49 - INFO - [{'_id': '5d34b758b310f6330b71541f', 'title': '第1集', 'order': 1, 'updated_at': '2019-07-21T10:47:26.301Z', 'id': '5d34b758b310f6330b71541f'}]
2026-10-07 02:20:41 - mkk_pika - database.py:215 - INFO - 第一次下载该漫画，记录数据库中
2026-10-07 02:20:41 - mkk_pika - main.py:83 - INFO - 找到 18 张图片在:第1集
2026-10-07 02:20:42 - mkk_pika - main.py:112 - INFO - [episode:第1集       ] downloaded:    18, total:  18, progress:100%
2026-10-07 02:20:42 - mkk_pika - database.py:238 - INFO - 数据库更新已下载章节
2026-10-07 02:20:42 - mkk_pika - database.py:244 - INFO - 该漫画已下载章节如下
2026-10-07 02:20:42 - mkk_pika - database.py:245 - INFO - ['第1集']
2026-10-07 02:20:43 - mkk_pika - main.py:348 - INFO - ==================== 漫画信息 ====================
                                   漫画ID：5d34b758b310f6330b71541e
                                   标题：(C89)  しれぇはん2 (艦隊これくしょん -艦これ-)
                                   作者：たけ家 (竹虎スズメ)
                                   是否完结：是
                                   总页数：18
                                   分类：同人,短篇,純愛,艦隊收藏
                                   章节数：1
                                   最后更新时间：2019-07-21T19:04:56.350Z
                                   =================================================
2026-10-07 02:20:43 - mkk_pika - database.py:101 - INFO - 保存成功：(C89)  しれぇはん2 (艦隊これくしょん -艦これ-)
2026-10-07 02:20:43 - mkk_pika - main.py:35 - INFO - 开始检查(サンクリ2016 Winter) ご注文はチノうさですか? (ご注文はうさぎですか?) [中国翻訳]是否存在未下载章节
2026-10-07 02:20:43 - mkk_pika - main.py:45 - INFO - 正在下载:[(サンクリ2016 Winter) ご注文はチノうさですか? (ご注文はうさぎですか?) [中国翻訳]]-[あめうさぎ (飴玉コン)]-[['短篇', '同人', '百合花園']]-[total_pages:23]
2026-10-07 02:20:43 - mkk_pika - main.py:49 - INFO - [{'_id': '5d34b7876bf0a732f541a287', 'title': '第1集', 'order': 1, 'updated_at': '2019-07-21T11:02:29.367Z', 'id': '5d34b7876bf0a732f541a287'}]
2026-10-07 02:20:43 - mkk_pika - database.py:215 - INFO - 第一次下载该漫画，记录数据库中
2026-10-07 02:20:44 - mkk_pika - main.py:83 - INFO - 找到 23 张图片在:第1集
2026-10-07 02:20:45 - mkk_pika - main.py:112 - INFO - [episode:第1集       ] downloaded:    23, total:  23, progress:100%
2026-10-07 02:20:45 - mkk_pika - database.py:238 - INFO - 数据库更新已下载章节
2026-10-07 02:20:45 - mkk_pika - database.py:244 - INFO - 该漫画已下载章节如下
2026-10-07 02:20:45 - mkk_pika - database.py:245 - INFO - ['第1集']
2026-10-07 02:20:46 - mkk_pika - main.py:348 - INFO - ==================== 漫画信息 ====================
                                   漫画ID：5d34b7876bf0a732f541a286
                                   标题：(サンクリ2016 Winter) ご注文はチノうさですか? (ご注文はうさぎですか?) [中国翻訳]
                                   作者：あめうさぎ (飴玉コン)
                                   是否完结：是
                                   总页数：23
                                   分类：短篇,同人,百合花園
                                   章节数：1
                                   最后更新时间：2019-07-21T19:05:43.718Z
                                   =================================================
2026-10-07 02:20:46 - mkk_pika - database.py:101 - INFO - 保存成功：(サンクリ2016 Winter) ご注文はチノうさですか? (ご注文はうさぎですか?) [中国翻訳]
2026-10-07 02:20:46 - mkk_pika - main.py:35 - INFO - 开始检查(C93)  Saint Foire Festival 11 Aline [中国翻訳]是否存在未下载章节
2026-10-07 02:20:46 - mkk_pika - main.py:45 - INFO - 正在下载:[(C93)  Saint Foire Festival 11 Aline [中国翻訳]]-[床子屋 (HEIZO、鬼頭えん)]-[['短篇']]-[total_pages:33]
2026-10-07 02:20:46 - mkk_pika - main.py:49 - INFO - [{'_id': '5d34b8ecb310f6330b7155d7', 'title': '第1集', 'order': 1, 'updated_at': '2019-07-21T12:41:47.631Z', 'id': '5d34b8ecb310f6330b7155d7'}]
2026-10-07 02:20:46 - mkk_pika - database.py:215 - INFO - 第一次下载该漫画，记录数据库中
2026-10-07 02:20:47 - mkk_pika - main.py:83 - INFO - 找到 33 张图片在:第1集
2026-10-07 02:20:48 - mkk_pika - main.py:112 - INFO - [episode:第1集       ] downloaded:    33, total:  33, progress:100%
2026-10-07 02:20:48 - mkk_pika - database.py:238 - INFO - 数据库更新已下载章节
2026-10-07 02:20:48 - mkk_pika - database.py:244 - INFO - 该漫画已下载章节如下
2026-10-07 02:20:48 - mkk_pika - database.py:245 - INFO - ['第1集']
2026-10-07 02:20:49 - mkk_pika - main.py:348 - INFO - ==================== 漫画信息 ====================
                                   漫画ID：5d34b8ecb310f6330b7155d6
                                   标题：(C93)  Saint Foire Festival 11 Aline [中国翻訳]
                                   作者：床子屋 (HEIZO、鬼頭えん)
                                   是否完结：是
                                   总页数：33
                                   分类：短篇
                                   章节数：1
                                   最后更新时间：2019-07-21T19:11:40.483Z
                                   =================================================
2026-10-07 02:20:49 - mkk_pika - database.py:101 - INFO - 保存成功：(C93)  Saint Foire Festival 11 Aline [中国翻訳]
2026-10-07 02:20:49 - mkk_pika - main.py:35 - INFO - 开始检查一如既往是否存在未下载章节
2026-10-07 02:20:50 - mkk_pika - main.py:45 - INFO - 正在下载:[一如既往]-[さくろ]-[['短篇', '同人', '純愛', '非人類']]-[total_pages:23]
2026-10-07 02:20:50 - mkk_pika - main.py:49 - INFO - [{'_id': '5d34b93cd160e63314f4340d', 'title': '第1話', 'order': 1, 'updated_at': '2019-07-21T16:56:11.273Z', 'id': '5d34b93cd160e63314f4340d'}]
2026-10-07 02:20:50 - mkk_pika - database.py:215 - INFO - 第一次下载该漫画，记录数据库中
2026-10-07 02:20:50 - mkk_pika - main.py:83 - INFO - 找到 23 张图片在:第1話
2026-10-07 02:20:51 - mkk_pika - main.py:112 - INFO - [episode:第1話       ] downloaded:    23, total:  23, progress:100%
2026-10-07 02:20:51 - mkk_pika - database.py:238 - INFO - 数据库更新已下载章节
2026-10-07 02:20:51 - mkk_pika - database.py:244 - INFO - 该漫画已下载章节如下
2026-10-07 02:20:51 - mkk_pika - database.py:245 - INFO - ['第1話']
2026-10-07 02:20:53 - mkk_pika - main.py:348 - INFO - ==================== 漫画信息 ====================
                                   漫画ID：5d34b93cd160e63314f4340c
                                   标题：一如既往
                                   作者：さくろ
                                   是否完结：是
                                   总页数：23
                                   分类：短篇,同人,純愛,非人類
                                   章节数：1
                                   最后更新时间：2019-07-21T19:13:00.408Z
                                   =================================================
2026-10-07 02:20:53 - mkk_pika - database.py:101 - INFO - 保存成功：一如既往
2026-10-07 02:20:53 - mkk_pika - main.py:380 - INFO - 本次任务下载完毕
2026-10-07 02:20:53 - mkk_pika - database.py:173 - INFO - 数据库连接已关闭
