2026-09-09 01:11:55 - mkk_pika - main.py:193 - INFO - =======================================================================
2026-09-09 01:11:55 - mkk_pika - database.py:61 - INFO - 表和索引初始化成功
2026-09-09 01:11:55 - mkk_pika - main.py:197 - INFO - 已经累计下载20473本漫画
2026-09-09 01:11:56 - mkk_pika - api.py:87 - INFO - 登录成功
2026-09-09 01:11:56 - mkk_pika - main.py:203 - INFO - 收藏夹共计0本漫画
2026-09-09 01:11:56 - mkk_pika - main.py:206 - INFO - 开始下载收藏夹内未下载内容
2026-09-09 01:11:56 - mkk_pika - main.py:266 - INFO - 收藏夹内容下载完毕
2026-09-09 01:11:56 - mkk_pika - main.py:268 - INFO - 开始下载订阅内容
2026-09-09 01:11:56 - mkk_pika - database.py:258 - INFO - 根据ID查询到标题：萝莉 -> ロリババお義母さんは押しに弱い11 | 萝莉老太婆义母小姐十分易推倒
2026-09-09 01:11:57 - mkk_pika - database.py:101 - INFO - 保存成功：ロリババお義母さんは押しに弱い11 | 萝莉老太婆义母小姐十分易推倒
2026-09-09 01:11:57 - mkk_pika - main.py:273 - INFO - 关键词萝莉找到1本漫画
2026-09-09 01:11:57 - mkk_pika - database.py:258 - INFO - 根据ID查询到标题：蘿莉 -> 夏の初めてスキにシて!
2026-09-09 01:11:57 - mkk_pika - database.py:101 - INFO - 保存成功：[Pixiv] Nyako (87118066) part.8（AI）
2026-09-09 01:11:57 - mkk_pika - main.py:273 - INFO - 关键词蘿莉找到5本漫画
2026-09-09 01:11:57 - mkk_pika - main.py:275 - INFO - 订阅内容共计6本漫画
2026-09-09 01:11:57 - mkk_pika - main.py:35 - INFO - 开始检查海ちゃんと夏休み 気づいたら俺の家が無防備汗だく○リっ子の休憩スポットになっていた話 | 海妹妹和暑假关于一不小心我家里多了一个汗津津的无防备小萝莉在休息这件事是否存在未下载章节
2026-09-09 01:11:58 - mkk_pika - database.py:203 - INFO - 查询数据库中是否已存在第1話
2026-09-09 01:11:58 - mkk_pika - main.py:51 - INFO - 海ちゃんと夏休み 気づいたら俺の家が無防備汗だく○リっ子の休憩スポットになっていた話 | 海妹妹和暑假关于一不小心我家里多了一个汗津津的无防备小萝莉在休息这件事中没有可下载章节
2026-09-09 01:11:58 - mkk_pika - main.py:292 - INFO - ==================== 漫画信息 ====================
                                漫画ID：6a9dab3808eee634cc4d7f42
                                标题：海ちゃんと夏休み 気づいたら俺の家が無防備汗だく○リっ子の休憩スポットになっていた話 | 海妹妹和暑假关于一不小心我家里多了一个汗津津的无防备小萝莉在休息这件事
                                作者：ラインアウト (こまり)
                                是否完结：是
                                总页数：45
                                分类：短篇
                                章节数：1
                                最后更新时间：2026-09-06T18:04:40.006Z
                                =================================================
2026-09-09 01:11:58 - mkk_pika - database.py:101 - INFO - 保存成功：海ちゃんと夏休み 気づいたら俺の家が無防備汗だく○リっ子の休憩スポットになっていた話 | 海妹妹和暑假关于一不小心我家里多了一个汗津津的无防备小萝莉在休息这件事
2026-09-09 01:11:58 - mkk_pika - main.py:35 - INFO - 开始检查銭湯に入ってきた子と〇〇〇した話 | 与混入澡堂的女孩发生的不可说的故事是否存在未下载章节
2026-09-09 01:11:58 - mkk_pika - main.py:45 - INFO - 正在下载:[銭湯に入ってきた子と〇〇〇した話 | 与混入澡堂的女孩发生的不可说的故事]-[ろくもんせんアスタリスク (たまはがね)]-[['短篇']]-[total_pages:-1]
2026-09-09 01:11:58 - mkk_pika - main.py:49 - INFO - [{'_id': '6aa048033a271930f2abf23d', 'title': '第1話', 'order': 1, 'updated_at': '2026-08-26T16:57:08.174Z', 'id': '6aa048033a271930f2abf23d'}]
2026-09-09 01:11:58 - mkk_pika - database.py:215 - INFO - 第一次下载该漫画，记录数据库中
2026-09-09 01:11:59 - mkk_pika - main.py:83 - INFO - 找到 39 张图片在:第1話
2026-09-09 01:12:00 - mkk_pika - main.py:112 - INFO - [episode:第1話       ] downloaded:    39, total:  39, progress:100%
2026-09-09 01:12:00 - mkk_pika - database.py:238 - INFO - 数据库更新已下载章节
2026-09-09 01:12:00 - mkk_pika - database.py:244 - INFO - 该漫画已下载章节如下
2026-09-09 01:12:00 - mkk_pika - database.py:245 - INFO - ['第1話']
2026-09-09 01:12:01 - mkk_pika - main.py:292 - INFO - ==================== 漫画信息 ====================
                                漫画ID：6aa048033a271930f2abf23c
                                标题：銭湯に入ってきた子と〇〇〇した話 | 与混入澡堂的女孩发生的不可说的故事
                                作者：ろくもんせんアスタリスク (たまはがね)
                                是否完结：是
                                总页数：39
                                分类：短篇
                                章节数：1
                                最后更新时间：2026-09-08T17:38:11.845Z
                                =================================================
2026-09-09 01:12:01 - mkk_pika - database.py:101 - INFO - 保存成功：銭湯に入ってきた子と〇〇〇した話 | 与混入澡堂的女孩发生的不可说的故事
2026-09-09 01:12:01 - mkk_pika - main.py:35 - INFO - 开始检查お兄ちゃんの半分は欲望でできています 第3話 | 哥哥的一半是由欲望构成的！第3话是否存在未下载章节
2026-09-09 01:12:02 - mkk_pika - main.py:45 - INFO - 正在下载:[お兄ちゃんの半分は欲望でできています 第3話 | 哥哥的一半是由欲望构成的！第3话]-[リリックボックス+ (れーさー)]-[['短篇']]-[total_pages:-1]
2026-09-09 01:12:02 - mkk_pika - main.py:49 - INFO - [{'_id': '6aa047d9291fbe3129618c24', 'title': '第1話', 'order': 1, 'updated_at': '2026-08-26T16:42:19.904Z', 'id': '6aa047d9291fbe3129618c24'}]
2026-09-09 01:12:02 - mkk_pika - database.py:215 - INFO - 第一次下载该漫画，记录数据库中
2026-09-09 01:12:02 - mkk_pika - main.py:83 - INFO - 找到 30 张图片在:第1話
2026-09-09 01:12:03 - mkk_pika - main.py:112 - INFO - [episode:第1話       ] downloaded:    30, total:  30, progress:100%
2026-09-09 01:12:03 - mkk_pika - database.py:238 - INFO - 数据库更新已下载章节
2026-09-09 01:12:03 - mkk_pika - database.py:244 - INFO - 该漫画已下载章节如下
2026-09-09 01:12:03 - mkk_pika - database.py:245 - INFO - ['第1話']
2026-09-09 01:12:04 - mkk_pika - main.py:292 - INFO - ==================== 漫画信息 ====================
                                漫画ID：6aa047d9291fbe3129618c23
                                标题：お兄ちゃんの半分は欲望でできています 第3話 | 哥哥的一半是由欲望构成的！第3话
                                作者：リリックボックス+ (れーさー)
                                是否完结：是
                                总页数：30
                                分类：短篇
                                章节数：1
                                最后更新时间：2026-09-08T17:37:29.865Z
                                =================================================
2026-09-09 01:12:04 - mkk_pika - database.py:101 - INFO - 保存成功：お兄ちゃんの半分は欲望でできています 第3話 | 哥哥的一半是由欲望构成的！第3话
2026-09-09 01:12:04 - mkk_pika - main.py:35 - INFO - 开始检查私を大好きな先生。| 最喜欢我的老师是否存在未下载章节
2026-09-09 01:12:05 - mkk_pika - main.py:45 - INFO - 正在下载:[私を大好きな先生。| 最喜欢我的老师]-[じこまんぞく (秋月伊槻)]-[['短篇']]-[total_pages:-1]
2026-09-09 01:12:05 - mkk_pika - main.py:49 - INFO - [{'_id': '6aa047c63a271930f2abf1cb', 'title': '第1話', 'order': 1, 'updated_at': '2026-08-26T16:36:14.959Z', 'id': '6aa047c63a271930f2abf1cb'}]
2026-09-09 01:12:05 - mkk_pika - database.py:215 - INFO - 第一次下载该漫画，记录数据库中
2026-09-09 01:12:05 - mkk_pika - main.py:83 - INFO - 找到 23 张图片在:第1話
2026-09-09 01:12:06 - mkk_pika - main.py:112 - INFO - [episode:第1話       ] downloaded:    23, total:  23, progress:100%
2026-09-09 01:12:06 - mkk_pika - database.py:238 - INFO - 数据库更新已下载章节
2026-09-09 01:12:06 - mkk_pika - database.py:244 - INFO - 该漫画已下载章节如下
2026-09-09 01:12:06 - mkk_pika - database.py:245 - INFO - ['第1話']
2026-09-09 01:12:07 - mkk_pika - main.py:292 - INFO - ==================== 漫画信息 ====================
                                漫画ID：6aa047c63a271930f2abf1ca
                                标题：私を大好きな先生。| 最喜欢我的老师
                                作者：じこまんぞく (秋月伊槻)
                                是否完结：是
                                总页数：23
                                分类：短篇
                                章节数：1
                                最后更新时间：2026-09-08T17:37:10.103Z
                                =================================================
2026-09-09 01:12:07 - mkk_pika - database.py:101 - INFO - 保存成功：私を大好きな先生。| 最喜欢我的老师
2026-09-09 01:12:07 - mkk_pika - main.py:35 - INFO - 开始检查めぐみんコスプレイヤーとオフパコごっこ2 (この素晴らしい世界に祝福を!) | 与惠惠的COSPLAYER进行线下约炮模拟 2 是否存在未下载章节
2026-09-09 01:12:08 - mkk_pika - database.py:203 - INFO - 查询数据库中是否已存在第1話
2026-09-09 01:12:08 - mkk_pika - main.py:51 - INFO - めぐみんコスプレイヤーとオフパコごっこ2 (この素晴らしい世界に祝福を!) | 与惠惠的COSPLAYER进行线下约炮模拟 2 中没有可下载章节
2026-09-09 01:12:08 - mkk_pika - main.py:292 - INFO - ==================== 漫画信息 ====================
                                漫画ID：6a847f77049af33d716cc2cb
                                标题：めぐみんコスプレイヤーとオフパコごっこ2 (この素晴らしい世界に祝福を!) | 与惠惠的COSPLAYER进行线下约炮模拟 2 
                                作者：あるたな (薙派)
                                是否完结：是
                                总页数：37
                                分类：短篇
                                章节数：1
                                最后更新时间：2026-08-18T15:51:19.753Z
                                =================================================
2026-09-09 01:12:08 - mkk_pika - database.py:101 - INFO - 保存成功：めぐみんコスプレイヤーとオフパコごっこ2 (この素晴らしい世界に祝福を!) | 与惠惠的COSPLAYER进行线下约炮模拟 2 
2026-09-09 01:12:08 - mkk_pika - main.py:35 - INFO - 开始检查睡眠薬と野獣先生是否存在未下载章节
2026-09-09 01:12:08 - mkk_pika - database.py:203 - INFO - 查询数据库中是否已存在第1話
2026-09-09 01:12:08 - mkk_pika - main.py:51 - INFO - 睡眠薬と野獣先生中没有可下载章节
2026-09-09 01:12:08 - mkk_pika - main.py:292 - INFO - ==================== 漫画信息 ====================
                                漫画ID：6a9eda86291fbe3129617d75
                                标题：睡眠薬と野獣先生
                                作者：鳥籠事務所 (鶫亜門)
                                是否完结：否
                                总页数：26
                                分类：短篇,同人
                                章节数：1
                                最后更新时间：2026-09-07T15:38:46.406Z
                                =================================================
2026-09-09 01:12:08 - mkk_pika - database.py:101 - INFO - 保存成功：睡眠薬と野獣先生
2026-09-09 01:12:08 - mkk_pika - main.py:323 - INFO - 订阅内容内容下载完毕
2026-09-09 01:12:08 - mkk_pika - main.py:324 - INFO - 开始分批下载全部章节
2026-09-09 01:12:08 - mkk_pika - database.py:280 - INFO - 表和索引初始化成功
2026-09-09 01:12:09 - mkk_pika - main.py:177 - INFO - 已经下载了1576页，一共7130页，现在开始添加第1577页
2026-09-09 01:12:09 - mkk_pika - database.py:318 - INFO - 保存成功
2026-09-09 01:12:10 - mkk_pika - main.py:177 - INFO - 已经下载了1577页，一共7130页，现在开始添加第1578页
2026-09-09 01:12:10 - mkk_pika - database.py:318 - INFO - 保存成功
2026-09-09 01:12:10 - mkk_pika - main.py:177 - INFO - 已经下载了1578页，一共7130页，现在开始添加第1579页
2026-09-09 01:12:11 - mkk_pika - database.py:318 - INFO - 保存成功
2026-09-09 01:12:11 - mkk_pika - main.py:177 - INFO - 已经下载了1579页，一共7130页，现在开始添加第1580页
2026-09-09 01:12:12 - mkk_pika - database.py:318 - INFO - 保存成功
2026-09-09 01:12:12 - mkk_pika - main.py:177 - INFO - 已经下载了1580页，一共7130页，现在开始添加第1581页
2026-09-09 01:12:12 - mkk_pika - database.py:318 - INFO - 保存成功
2026-09-09 01:12:13 - mkk_pika - main.py:177 - INFO - 已经下载了1581页，一共7130页，现在开始添加第1582页
2026-09-09 01:12:13 - mkk_pika - database.py:318 - INFO - 保存成功
2026-09-09 01:12:13 - mkk_pika - main.py:177 - INFO - 已经下载了1582页，一共7130页，现在开始添加第1583页
2026-09-09 01:12:14 - mkk_pika - database.py:318 - INFO - 保存成功
2026-09-09 01:12:14 - mkk_pika - main.py:331 - INFO - 分批下载共计63本漫画
2026-09-09 01:12:14 - mkk_pika - main.py:35 - INFO - 开始检查彼女のママと風俗で…是否存在未下载章节
2026-09-09 01:12:14 - mkk_pika - main.py:45 - INFO - 正在下载:[彼女のママと風俗で…]-[舞六まいむ]-[['短篇', '人妻', 'NTR']]-[total_pages:50]
2026-09-09 01:12:14 - mkk_pika - main.py:49 - INFO - [{'_id': '5cb00a6449af0634af44f956', 'title': '第1集', 'order': 1, 'updated_at': '2019-04-11T18:33:32.720Z', 'id': '5cb00a6449af0634af44f956'}, {'_id': '5cb00a6449af0634af44f957', 'title': '第2集', 'order': 2, 'updated_at': '2019-04-11T18:39:40.426Z', 'id': '5cb00a6449af0634af44f957'}]
2026-09-09 01:12:14 - mkk_pika - database.py:215 - INFO - 第一次下载该漫画，记录数据库中
2026-09-09 01:12:15 - mkk_pika - main.py:83 - INFO - 找到 20 张图片在:第1集
2026-09-09 01:12:16 - mkk_pika - main.py:112 - INFO - [episode:第1集       ] downloaded:    20, total:  20, progress:100%
2026-09-09 01:12:16 - mkk_pika - database.py:238 - INFO - 数据库更新已下载章节
2026-09-09 01:12:16 - mkk_pika - database.py:244 - INFO - 该漫画已下载章节如下
2026-09-09 01:12:16 - mkk_pika - database.py:245 - INFO - ['第1集']
2026-09-09 01:12:17 - mkk_pika - main.py:83 - INFO - 找到 30 张图片在:第2集
2026-09-09 01:12:19 - mkk_pika - main.py:112 - INFO - [episode:第2集       ] downloaded:    30, total:  30, progress:100%
2026-09-09 01:12:19 - mkk_pika - database.py:238 - INFO - 数据库更新已下载章节
2026-09-09 01:12:19 - mkk_pika - database.py:244 - INFO - 该漫画已下载章节如下
2026-09-09 01:12:19 - mkk_pika - database.py:245 - INFO - ['第1集', '第2集']
2026-09-09 01:12:20 - mkk_pika - main.py:348 - INFO - ==================== 漫画信息 ====================
                                   漫画ID：5cb00a6449af0634af44f955
                                   标题：彼女のママと風俗で…
                                   作者：舞六まいむ
                                   是否完结：是
                                   总页数：50
                                   分类：短篇,人妻,NTR
                                   章节数：2
                                   最后更新时间：2019-04-12T03:47:48.797Z
                                   =================================================
2026-09-09 01:12:20 - mkk_pika - database.py:101 - INFO - 保存成功：彼女のママと風俗で…
2026-09-09 01:12:20 - mkk_pika - main.py:35 - INFO - 开始检查正しい水魔法の使い方 (マギ)是否存在未下载章节
2026-09-09 01:12:20 - mkk_pika - main.py:45 - INFO - 正在下载:[正しい水魔法の使い方 (マギ)]-[紺色ドロップス (森島コン)]-[['同人', '短篇', '非人類']]-[total_pages:26]
2026-09-09 01:12:20 - mkk_pika - main.py:49 - INFO - [{'_id': '5cb00a82f5d7e370c0ab2baa', 'title': '第1集', 'order': 1, 'updated_at': '2019-04-11T18:26:59.402Z', 'id': '5cb00a82f5d7e370c0ab2baa'}]
2026-09-09 01:12:20 - mkk_pika - database.py:215 - INFO - 第一次下载该漫画，记录数据库中
2026-09-09 01:12:21 - mkk_pika - main.py:83 - INFO - 找到 26 张图片在:第1集
2026-09-09 01:12:23 - mkk_pika - main.py:112 - INFO - [episode:第1集       ] downloaded:    26, total:  26, progress:100%
2026-09-09 01:12:23 - mkk_pika - database.py:238 - INFO - 数据库更新已下载章节
2026-09-09 01:12:23 - mkk_pika - database.py:244 - INFO - 该漫画已下载章节如下
2026-09-09 01:12:23 - mkk_pika - database.py:245 - INFO - ['第1集']
2026-09-09 01:12:24 - mkk_pika - main.py:348 - INFO - ==================== 漫画信息 ====================
                                   漫画ID：5cb00a82f5d7e370c0ab2ba9
                                   标题：正しい水魔法の使い方 (マギ)
                                   作者：紺色ドロップス (森島コン)
                                   是否完结：是
                                   总页数：26
                                   分类：同人,短篇,非人類
                                   章节数：1
                                   最后更新时间：2019-04-12T03:48:18.305Z
                                   =================================================
2026-09-09 01:12:24 - mkk_pika - database.py:101 - INFO - 保存成功：正しい水魔法の使い方 (マギ)
2026-09-09 01:12:24 - mkk_pika - main.py:35 - INFO - 开始检查刀妹就是个刀妹妹是否存在未下载章节
2026-09-09 01:12:24 - mkk_pika - main.py:45 - INFO - 正在下载:[刀妹就是个刀妹妹]-[The fall of Irelia]-[['同人']]-[total_pages:12]
2026-09-09 01:12:24 - mkk_pika - main.py:49 - INFO - [{'_id': '5cb02b1abf51256a6ad09a41', 'title': '第1集', 'order': 1, 'updated_at': '2019-04-12T05:12:28.311Z', 'id': '5cb02b1abf51256a6ad09a41'}]
2026-09-09 01:12:24 - mkk_pika - database.py:215 - INFO - 第一次下载该漫画，记录数据库中
2026-09-09 01:12:25 - mkk_pika - main.py:83 - INFO - 找到 12 张图片在:第1集
2026-09-09 01:12:25 - mkk_pika - main.py:112 - INFO - [episode:第1集       ] downloaded:    12, total:  12, progress:100%
2026-09-09 01:12:25 - mkk_pika - database.py:238 - INFO - 数据库更新已下载章节
2026-09-09 01:12:25 - mkk_pika - database.py:244 - INFO - 该漫画已下载章节如下
2026-09-09 01:12:25 - mkk_pika - database.py:245 - INFO - ['第1集']
2026-09-09 01:12:26 - mkk_pika - main.py:348 - INFO - ==================== 漫画信息 ====================
                                   漫画ID：5cb02b1abf51256a6ad09a40
                                   标题：刀妹就是个刀妹妹
                                   作者：The fall of Irelia
                                   是否完结：是
                                   总页数：12
                                   分类：同人
                                   章节数：1
                                   最后更新时间：2019-04-12T06:07:22.276Z
                                   =================================================
2026-09-09 01:12:26 - mkk_pika - database.py:101 - INFO - 保存成功：刀妹就是个刀妹妹
2026-09-09 01:12:26 - mkk_pika - main.py:35 - INFO - 开始检查いぬてぃハロウィン犬の日コスエッチ (OSたん) [無修正]是否存在未下载章节
2026-09-09 01:12:27 - mkk_pika - main.py:45 - INFO - 正在下载:[いぬてぃハロウィン犬の日コスエッチ (OSたん) [無修正]]-[すみやお]-[['短篇', '同人', '全彩']]-[total_pages:7]
2026-09-09 01:12:27 - mkk_pika - main.py:49 - INFO - [{'_id': '5cb0a718088ca96eb5fd3805', 'title': '第1集', 'order': 1, 'updated_at': '2019-04-12T06:32:21.186Z', 'id': '5cb0a718088ca96eb5fd3805'}]
2026-09-09 01:12:27 - mkk_pika - database.py:215 - INFO - 第一次下载该漫画，记录数据库中
2026-09-09 01:12:27 - mkk_pika - main.py:83 - INFO - 找到 7 张图片在:第1集
2026-09-09 01:12:28 - mkk_pika - main.py:112 - INFO - [episode:第1集       ] downloaded:     7, total:   7, progress:100%
2026-09-09 01:12:28 - mkk_pika - database.py:238 - INFO - 数据库更新已下载章节
2026-09-09 01:12:28 - mkk_pika - database.py:244 - INFO - 该漫画已下载章节如下
2026-09-09 01:12:28 - mkk_pika - database.py:245 - INFO - ['第1集']
2026-09-09 01:12:29 - mkk_pika - main.py:348 - INFO - ==================== 漫画信息 ====================
                                   漫画ID：5cb0a718088ca96eb5fd3804
                                   标题：いぬてぃハロウィン犬の日コスエッチ (OSたん) [無修正]
                                   作者：すみやお
                                   是否完结：是
                                   总页数：7
                                   分类：短篇,同人,全彩
                                   章节数：1
                                   最后更新时间：2019-04-12T14:56:24.244Z
                                   =================================================
2026-09-09 01:12:29 - mkk_pika - database.py:101 - INFO - 保存成功：いぬてぃハロウィン犬の日コスエッチ (OSたん) [無修正]
2026-09-09 01:12:29 - mkk_pika - main.py:35 - INFO - 开始检查前辈的百合H教育♡是否存在未下载章节
2026-09-09 01:12:29 - mkk_pika - main.py:45 - INFO - 正在下载:[前辈的百合H教育♡]-[まぐろシャイニング]-[['百合花園', '純愛', 'SM']]-[total_pages:67]
2026-09-09 01:12:29 - mkk_pika - main.py:49 - INFO - [{'_id': '5cb0a854b062607ac0266f8d', 'title': '第1集', 'order': 1, 'updated_at': '2019-04-11T10:45:03.104Z', 'id': '5cb0a854b062607ac0266f8d'}]
2026-09-09 01:12:29 - mkk_pika - database.py:215 - INFO - 第一次下载该漫画，记录数据库中
2026-09-09 01:12:30 - mkk_pika - main.py:83 - INFO - 找到 67 张图片在:第1集
2026-09-09 01:12:33 - mkk_pika - main.py:112 - INFO - [episode:第1集       ] downloaded:    67, total:  67, progress:100%
2026-09-09 01:12:33 - mkk_pika - database.py:238 - INFO - 数据库更新已下载章节
2026-09-09 01:12:33 - mkk_pika - database.py:244 - INFO - 该漫画已下载章节如下
2026-09-09 01:12:33 - mkk_pika - database.py:245 - INFO - ['第1集']
2026-09-09 01:12:34 - mkk_pika - main.py:348 - INFO - ==================== 漫画信息 ====================
                                   漫画ID：5cb0a854b062607ac0266f8c
                                   标题：前辈的百合H教育♡
                                   作者：まぐろシャイニング
                                   是否完结：是
                                   总页数：67
                                   分类：百合花園,純愛,SM
                                   章节数：1
                                   最后更新时间：2019-04-12T15:01:40.217Z
                                   =================================================
2026-09-09 01:12:34 - mkk_pika - database.py:101 - INFO - 保存成功：前辈的百合H教育♡
2026-09-09 01:12:34 - mkk_pika - main.py:35 - INFO - 开始检查(C95) 冴えないヒロインシリーズ vol.5 冴えない先輩の発情(さか)り方 (冴えない彼女の育てかた) [中文翻譯]是否存在未下载章节
2026-09-09 01:12:34 - mkk_pika - main.py:45 - INFO - 正在下载:[(C95) 冴えないヒロインシリーズ vol.5 冴えない先輩の発情(さか)り方 (冴えない彼女の育てかた) [中文翻譯]]-[MARUTA Production (MARUTA)]-[['短篇', '同人', '純愛']]-[total_pages:31]
2026-09-09 01:12:34 - mkk_pika - main.py:49 - INFO - [{'_id': '5cb0d5309d7ea340d4536012', 'title': '第1集', 'order': 1, 'updated_at': '2019-04-12T14:57:49.788Z', 'id': '5cb0d5309d7ea340d4536012'}]
2026-09-09 01:12:34 - mkk_pika - database.py:215 - INFO - 第一次下载该漫画，记录数据库中
2026-09-09 01:12:35 - mkk_pika - main.py:83 - INFO - 找到 31 张图片在:第1集
2026-09-09 01:12:36 - mkk_pika - main.py:112 - INFO - [episode:第1集       ] downloaded:    31, total:  31, progress:100%
2026-09-09 01:12:36 - mkk_pika - database.py:238 - INFO - 数据库更新已下载章节
2026-09-09 01:12:36 - mkk_pika - database.py:244 - INFO - 该漫画已下载章节如下
2026-09-09 01:12:36 - mkk_pika - database.py:245 - INFO - ['第1集']
2026-09-09 01:12:37 - mkk_pika - main.py:348 - INFO - ==================== 漫画信息 ====================
                                   漫画ID：5cb0d5309d7ea340d4536011
                                   标题：(C95) 冴えないヒロインシリーズ vol.5 冴えない先輩の発情(さか)り方 (冴えない彼女の育てかた) [中文翻譯]
                                   作者：MARUTA Production (MARUTA)
                                   是否完结：是
                                   总页数：31
                                   分类：短篇,同人,純愛
                                   章节数：1
                                   最后更新时间：2019-04-12T18:13:04.136Z
                                   =================================================
2026-09-09 01:12:37 - mkk_pika - database.py:101 - INFO - 保存成功：(C95) 冴えないヒロインシリーズ vol.5 冴えない先輩の発情(さか)り方 (冴えない彼女の育てかた) [中文翻譯]
2026-09-09 01:12:37 - mkk_pika - main.py:35 - INFO - 开始检查(C79)  魔胎都市 -咲耶之章･弐- [中国翻訳]是否存在未下载章节
2026-09-09 01:12:38 - mkk_pika - main.py:45 - INFO - 正在下载:[(C79)  魔胎都市 -咲耶之章･弐- [中国翻訳]]-[Radical Dream (黒井弘騎、竜胆)]-[['短篇', '非人類']]-[total_pages:36]
2026-09-09 01:12:38 - mkk_pika - main.py:49 - INFO - [{'_id': '5cb20a7b9604e540dc6a304f', 'title': '第1集', 'order': 1, 'updated_at': '2019-04-11T08:00:47.250Z', 'id': '5cb20a7b9604e540dc6a304f'}]
2026-09-09 01:12:38 - mkk_pika - database.py:215 - INFO - 第一次下载该漫画，记录数据库中
2026-09-09 01:12:38 - mkk_pika - main.py:83 - INFO - 找到 36 张图片在:第1集
2026-09-09 01:12:40 - mkk_pika - main.py:112 - INFO - [episode:第1集       ] downloaded:    36, total:  36, progress:100%
2026-09-09 01:12:40 - mkk_pika - database.py:238 - INFO - 数据库更新已下载章节
2026-09-09 01:12:40 - mkk_pika - database.py:244 - INFO - 该漫画已下载章节如下
2026-09-09 01:12:40 - mkk_pika - database.py:245 - INFO - ['第1集']
2026-09-09 01:12:41 - mkk_pika - main.py:348 - INFO - ==================== 漫画信息 ====================
                                   漫画ID：5cb20a7b9604e540dc6a304e
                                   标题：(C79)  魔胎都市 -咲耶之章･弐- [中国翻訳]
                                   作者：Radical Dream (黒井弘騎、竜胆)
                                   是否完结：是
                                   总页数：36
                                   分类：短篇,非人類
                                   章节数：1
                                   最后更新时间：2019-04-13T16:12:43.766Z
                                   =================================================
2026-09-09 01:12:41 - mkk_pika - database.py:101 - INFO - 保存成功：(C79)  魔胎都市 -咲耶之章･弐- [中国翻訳]
2026-09-09 01:12:41 - mkk_pika - main.py:35 - INFO - 开始检查わたし催眠にかかります (氷菓)是否存在未下载章节
2026-09-09 01:12:41 - mkk_pika - main.py:45 - INFO - 正在下载:[わたし催眠にかかります (氷菓)]-[マグダラ解放同盟 (月読さじん)]-[['同人', '短篇']]-[total_pages:34]
2026-09-09 01:12:41 - mkk_pika - main.py:49 - INFO - [{'_id': '5cb334de9604e540dc6a4201', 'title': '第1集(替换完成）', 'order': 1, 'updated_at': '2019-04-14T04:05:32.641Z', 'id': '5cb334de9604e540dc6a4201'}]
2026-09-09 01:12:41 - mkk_pika - database.py:215 - INFO - 第一次下载该漫画，记录数据库中
2026-09-09 01:12:42 - mkk_pika - main.py:83 - INFO - 找到 34 张图片在:第1集(替换完成）
2026-09-09 01:12:43 - mkk_pika - main.py:112 - INFO - [episode:第1集(替换完成） ] downloaded:    34, total:  34, progress:100%
2026-09-09 01:12:43 - mkk_pika - database.py:238 - INFO - 数据库更新已下载章节
2026-09-09 01:12:43 - mkk_pika - database.py:244 - INFO - 该漫画已下载章节如下
2026-09-09 01:12:43 - mkk_pika - database.py:245 - INFO - ['第1集(替换完成）']
2026-09-09 01:12:45 - mkk_pika - main.py:348 - INFO - ==================== 漫画信息 ====================
                                   漫画ID：5cb20c1e628dc4575a224522
                                   标题：わたし催眠にかかります (氷菓)
                                   作者：マグダラ解放同盟 (月読さじん)
                                   是否完结：是
                                   总页数：34
                                   分类：同人,短篇
                                   章节数：1
                                   最后更新时间：2019-04-13T16:19:42.954Z
                                   =================================================
2026-09-09 01:12:45 - mkk_pika - database.py:101 - INFO - 保存成功：わたし催眠にかかります (氷菓)
2026-09-09 01:12:45 - mkk_pika - main.py:35 - INFO - 开始检查えるはドレイちゃん (氷菓)是否存在未下载章节
2026-09-09 01:12:45 - mkk_pika - main.py:45 - INFO - 正在下载:[えるはドレイちゃん (氷菓)]-[昭和重工 (ざさん)]-[['短篇', '同人', 'NTR', '強暴']]-[total_pages:26]
2026-09-09 01:12:45 - mkk_pika - main.py:49 - INFO - [{'_id': '5cb20c50c91a7a579a265ac7', 'title': '第1集', 'order': 1, 'updated_at': '2019-04-12T14:19:38.460Z', 'id': '5cb20c50c91a7a579a265ac7'}]
2026-09-09 01:12:45 - mkk_pika - database.py:215 - INFO - 第一次下载该漫画，记录数据库中
2026-09-09 01:12:45 - mkk_pika - main.py:83 - INFO - 找到 26 张图片在:第1集
2026-09-09 01:12:46 - mkk_pika - main.py:112 - INFO - [episode:第1集       ] downloaded:    26, total:  26, progress:100%
2026-09-09 01:12:46 - mkk_pika - database.py:238 - INFO - 数据库更新已下载章节
2026-09-09 01:12:46 - mkk_pika - database.py:244 - INFO - 该漫画已下载章节如下
2026-09-09 01:12:46 - mkk_pika - database.py:245 - INFO - ['第1集']
2026-09-09 01:12:48 - mkk_pika - main.py:348 - INFO - ==================== 漫画信息 ====================
                                   漫画ID：5cb20c50c91a7a579a265ac6
                                   标题：えるはドレイちゃん (氷菓)
                                   作者：昭和重工 (ざさん)
                                   是否完结：是
                                   总页数：26
                                   分类：短篇,同人,NTR,強暴
                                   章节数：1
                                   最后更新时间：2019-04-13T16:20:32.433Z
                                   =================================================
2026-09-09 01:12:48 - mkk_pika - database.py:101 - INFO - 保存成功：えるはドレイちゃん (氷菓)
2026-09-09 01:12:48 - mkk_pika - main.py:35 - INFO - 开始检查評価 (氷菓)是否存在未下载章节
2026-09-09 01:12:48 - mkk_pika - main.py:45 - INFO - 正在下载:[評価 (氷菓)]-[ARE (華師、ちぇる)]-[['短篇', '同人', 'NTR', '強暴', '純愛']]-[total_pages:26]
2026-09-09 01:12:48 - mkk_pika - main.py:49 - INFO - [{'_id': '5cb20cb8748a3c4c9bba20eb', 'title': '第1集', 'order': 1, 'updated_at': '2019-04-12T14:41:43.596Z', 'id': '5cb20cb8748a3c4c9bba20eb'}]
2026-09-09 01:12:48 - mkk_pika - database.py:215 - INFO - 第一次下载该漫画，记录数据库中
2026-09-09 01:12:48 - mkk_pika - main.py:83 - INFO - 找到 26 张图片在:第1集
2026-09-09 01:12:50 - mkk_pika - main.py:112 - INFO - [episode:第1集       ] downloaded:    26, total:  26, progress:100%
2026-09-09 01:12:50 - mkk_pika - database.py:238 - INFO - 数据库更新已下载章节
2026-09-09 01:12:50 - mkk_pika - database.py:244 - INFO - 该漫画已下载章节如下
2026-09-09 01:12:50 - mkk_pika - database.py:245 - INFO - ['第1集']
2026-09-09 01:12:51 - mkk_pika - main.py:348 - INFO - ==================== 漫画信息 ====================
                                   漫画ID：5cb20cb8748a3c4c9bba20ea
                                   标题：評価 (氷菓)
                                   作者：ARE (華師、ちぇる)
                                   是否完结：是
                                   总页数：26
                                   分类：短篇,同人,NTR,強暴,純愛
                                   章节数：1
                                   最后更新时间：2019-04-13T16:22:16.713Z
                                   =================================================
2026-09-09 01:12:51 - mkk_pika - database.py:101 - INFO - 保存成功：評価 (氷菓)
2026-09-09 01:12:51 - mkk_pika - main.py:35 - INFO - 开始检查(C95) ジャンヌオルタ(30) ~息子の友達に調教される人妻サーヴァント是否存在未下载章节
2026-09-09 01:12:51 - mkk_pika - main.py:45 - INFO - 正在下载:[(C95) ジャンヌオルタ(30) ~息子の友達に調教される人妻サーヴァント]-[焼肉食べたい (でらうえあ)]-[['短篇', '同人', '人妻', 'Fate', 'NTR']]-[total_pages:51]
2026-09-09 01:12:51 - mkk_pika - main.py:49 - INFO - [{'_id': '5c53d21621e7d008522853d8', 'title': '第1集', 'order': 1, 'updated_at': '2019-01-25T10:12:22.481Z', 'id': '5c53d21621e7d008522853d8'}, {'_id': '5cb336159604e540dc6a4229', 'title': '汉化修改', 'order': 2, 'updated_at': '2019-04-14T06:54:41.635Z', 'id': '5cb336159604e540dc6a4229'}]
2026-09-09 01:12:51 - mkk_pika - database.py:215 - INFO - 第一次下载该漫画，记录数据库中
2026-09-09 01:12:52 - mkk_pika - main.py:83 - INFO - 找到 25 张图片在:第1集
2026-09-09 01:12:53 - mkk_pika - main.py:112 - INFO - [episode:第1集       ] downloaded:    25, total:  25, progress:100%
2026-09-09 01:12:53 - mkk_pika - database.py:238 - INFO - 数据库更新已下载章节
2026-09-09 01:12:53 - mkk_pika - database.py:244 - INFO - 该漫画已下载章节如下
2026-09-09 01:12:53 - mkk_pika - database.py:245 - INFO - ['第1集']
2026-09-09 01:12:55 - mkk_pika - main.py:83 - INFO - 找到 46 张图片在:汉化修改
2026-09-09 01:12:57 - mkk_pika - main.py:112 - INFO - [episode:汉化修改      ] downloaded:    46, total:  46, progress:100%
2026-09-09 01:12:57 - mkk_pika - database.py:238 - INFO - 数据库更新已下载章节
2026-09-09 01:12:57 - mkk_pika - database.py:244 - INFO - 该漫画已下载章节如下
2026-09-09 01:12:57 - mkk_pika - database.py:245 - INFO - ['第1集', '汉化修改']
2026-09-09 01:12:58 - mkk_pika - main.py:348 - INFO - ==================== 漫画信息 ====================
                                   漫画ID：5c53d21621e7d008522853d7
                                   标题：(C95) ジャンヌオルタ(30) ~息子の友達に調教される人妻サーヴァント
                                   作者：焼肉食べたい (でらうえあ)
                                   是否完结：是
                                   总页数：51
                                   分类：短篇,同人,人妻,Fate,NTR
                                   章节数：2
                                   最后更新时间：2019-04-13T16:22:37.472Z
                                   =================================================
2026-09-09 01:12:58 - mkk_pika - database.py:101 - INFO - 保存成功：(C95) ジャンヌオルタ(30) ~息子の友達に調教される人妻サーヴァント
2026-09-09 01:12:58 - mkk_pika - main.py:35 - INFO - 开始检查マカイセンキデスガイア是否存在未下载章节
2026-09-09 01:12:58 - mkk_pika - main.py:45 - INFO - 正在下载:[マカイセンキデスガイア]-[敷島屋 (敷島陸)]-[['同人', '短篇']]-[total_pages:24]
2026-09-09 01:12:58 - mkk_pika - main.py:49 - INFO - [{'_id': '5cb20cdbd776c74c93701c8e', 'title': '第1集', 'order': 1, 'updated_at': '2019-04-12T15:24:53.154Z', 'id': '5cb20cdbd776c74c93701c8e'}]
2026-09-09 01:12:58 - mkk_pika - database.py:215 - INFO - 第一次下载该漫画，记录数据库中
2026-09-09 01:12:59 - mkk_pika - main.py:83 - INFO - 找到 24 张图片在:第1集
2026-09-09 01:13:00 - mkk_pika - main.py:112 - INFO - [episode:第1集       ] downloaded:    24, total:  24, progress:100%
2026-09-09 01:13:00 - mkk_pika - database.py:238 - INFO - 数据库更新已下载章节
2026-09-09 01:13:00 - mkk_pika - database.py:244 - INFO - 该漫画已下载章节如下
2026-09-09 01:13:00 - mkk_pika - database.py:245 - INFO - ['第1集']
2026-09-09 01:13:01 - mkk_pika - main.py:348 - INFO - ==================== 漫画信息 ====================
                                   漫画ID：5cb20cdbd776c74c93701c8d
                                   标题：マカイセンキデスガイア
                                   作者：敷島屋 (敷島陸)
                                   是否完结：否
                                   总页数：24
                                   分类：同人,短篇
                                   章节数：1
                                   最后更新时间：2019-04-13T16:22:51.149Z
                                   =================================================
2026-09-09 01:13:01 - mkk_pika - database.py:101 - INFO - 保存成功：マカイセンキデスガイア
2026-09-09 01:13:01 - mkk_pika - main.py:35 - INFO - 开始检查(C93) アイドルだからだよ! (アイドルマスター シンデレラガールズ) [中国翻訳]是否存在未下载章节
2026-09-09 01:13:01 - mkk_pika - main.py:45 - INFO - 正在下载:[(C93) アイドルだからだよ! (アイドルマスター シンデレラガールズ) [中国翻訳]]-[ぴこりん! (スピリタス太郎)]-[['短篇', '同人']]-[total_pages:22]
2026-09-09 01:13:01 - mkk_pika - main.py:49 - INFO - [{'_id': '5cb20d0dcafc0a410362b09b', 'title': '第1集', 'order': 1, 'updated_at': '2019-04-12T16:23:45.088Z', 'id': '5cb20d0dcafc0a410362b09b'}]
2026-09-09 01:13:01 - mkk_pika - database.py:215 - INFO - 第一次下载该漫画，记录数据库中
2026-09-09 01:13:02 - mkk_pika - main.py:83 - INFO - 找到 22 张图片在:第1集
2026-09-09 01:13:03 - mkk_pika - main.py:112 - INFO - [episode:第1集       ] downloaded:    22, total:  22, progress:100%
2026-09-09 01:13:03 - mkk_pika - database.py:238 - INFO - 数据库更新已下载章节
2026-09-09 01:13:03 - mkk_pika - database.py:244 - INFO - 该漫画已下载章节如下
2026-09-09 01:13:03 - mkk_pika - database.py:245 - INFO - ['第1集']
2026-09-09 01:13:04 - mkk_pika - main.py:348 - INFO - ==================== 漫画信息 ====================
                                   漫画ID：5cb20d0dcafc0a410362b09a
                                   标题：(C93) アイドルだからだよ! (アイドルマスター シンデレラガールズ) [中国翻訳]
                                   作者：ぴこりん! (スピリタス太郎)
                                   是否完结：是
                                   总页数：22
                                   分类：短篇,同人
                                   章节数：1
                                   最后更新时间：2019-04-13T16:23:41.750Z
                                   =================================================
2026-09-09 01:13:04 - mkk_pika - database.py:101 - INFO - 保存成功：(C93) アイドルだからだよ! (アイドルマスター シンデレラガールズ) [中国翻訳]
2026-09-09 01:13:04 - mkk_pika - main.py:35 - INFO - 开始检查(C95) その設定でお願いします (アイドルマスター シンデレラガールズ) [中国翻訳]是否存在未下载章节
2026-09-09 01:13:05 - mkk_pika - main.py:45 - INFO - 正在下载:[(C95) その設定でお願いします (アイドルマスター シンデレラガールズ) [中国翻訳]]-[ぴこりん! (スピリタス太郎)]-[['短篇', '同人']]-[total_pages:26]
2026-09-09 01:13:05 - mkk_pika - main.py:49 - INFO - [{'_id': '5cb20d299604e540dc6a32ed', 'title': '第1集', 'order': 1, 'updated_at': '2019-04-12T16:15:13.964Z', 'id': '5cb20d299604e540dc6a32ed'}]
2026-09-09 01:13:05 - mkk_pika - database.py:215 - INFO - 第一次下载该漫画，记录数据库中
2026-09-09 01:13:05 - mkk_pika - main.py:83 - INFO - 找到 26 张图片在:第1集
2026-09-09 01:13:07 - mkk_pika - main.py:112 - INFO - [episode:第1集       ] downloaded:    26, total:  26, progress:100%
2026-09-09 01:13:07 - mkk_pika - database.py:238 - INFO - 数据库更新已下载章节
2026-09-09 01:13:07 - mkk_pika - database.py:244 - INFO - 该漫画已下载章节如下
2026-09-09 01:13:07 - mkk_pika - database.py:245 - INFO - ['第1集']
2026-09-09 01:13:08 - mkk_pika - main.py:348 - INFO - ==================== 漫画信息 ====================
                                   漫画ID：5cb20d299604e540dc6a32ec
                                   标题：(C95) その設定でお願いします (アイドルマスター シンデレラガールズ) [中国翻訳]
                                   作者：ぴこりん! (スピリタス太郎)
                                   是否完结：是
                                   总页数：26
                                   分类：短篇,同人
                                   章节数：1
                                   最后更新时间：2019-04-13T16:24:09.797Z
                                   =================================================
2026-09-09 01:13:08 - mkk_pika - database.py:101 - INFO - 保存成功：(C95) その設定でお願いします (アイドルマスター シンデレラガールズ) [中国翻訳]
2026-09-09 01:13:08 - mkk_pika - main.py:35 - INFO - 开始检查おつむマッサ～ジはじめましょっ是否存在未下载章节
2026-09-09 01:13:08 - mkk_pika - main.py:45 - INFO - 正在下载:[おつむマッサ～ジはじめましょっ]-[味海苔味]-[['短篇']]-[total_pages:22]
2026-09-09 01:13:08 - mkk_pika - main.py:49 - INFO - [{'_id': '5cb20d7ac2adb15752ee1fe8', 'title': '第1集', 'order': 1, 'updated_at': '2019-04-04T11:55:37.030Z', 'id': '5cb20d7ac2adb15752ee1fe8'}]
2026-09-09 01:13:08 - mkk_pika - database.py:215 - INFO - 第一次下载该漫画，记录数据库中
2026-09-09 01:13:09 - mkk_pika - main.py:83 - INFO - 找到 22 张图片在:第1集
2026-09-09 01:13:10 - mkk_pika - main.py:112 - INFO - [episode:第1集       ] downloaded:    22, total:  22, progress:100%
2026-09-09 01:13:10 - mkk_pika - database.py:238 - INFO - 数据库更新已下载章节
2026-09-09 01:13:10 - mkk_pika - database.py:244 - INFO - 该漫画已下载章节如下
2026-09-09 01:13:10 - mkk_pika - database.py:245 - INFO - ['第1集']
2026-09-09 01:13:11 - mkk_pika - main.py:348 - INFO - ==================== 漫画信息 ====================
                                   漫画ID：5cb20d7ac2adb15752ee1fe7
                                   标题：おつむマッサ～ジはじめましょっ
                                   作者：味海苔味
                                   是否完结：否
                                   总页数：22
                                   分类：短篇
                                   章节数：1
                                   最后更新时间：2019-04-13T16:25:30.624Z
                                   =================================================
2026-09-09 01:13:11 - mkk_pika - database.py:101 - INFO - 保存成功：おつむマッサ～ジはじめましょっ
2026-09-09 01:13:11 - mkk_pika - main.py:35 - INFO - 开始检查武装少女まどか☆マフィア是否存在未下载章节
2026-09-09 01:13:11 - mkk_pika - main.py:45 - INFO - 正在下载:[武装少女まどか☆マフィア]-[メキラ]-[['同人', '圓神領域']]-[total_pages:116]
2026-09-09 01:13:11 - mkk_pika - main.py:49 - INFO - [{'_id': '5cb20d9bc2adb15752ee216f', 'title': '第1集', 'order': 1, 'updated_at': '2019-04-12T16:48:31.415Z', 'id': '5cb20d9bc2adb15752ee216f'}]
2026-09-09 01:13:11 - mkk_pika - database.py:215 - INFO - 第一次下载该漫画，记录数据库中
2026-09-09 01:13:12 - mkk_pika - main.py:83 - INFO - 找到 116 张图片在:第1集
2026-09-09 01:13:16 - mkk_pika - main.py:112 - INFO - [episode:第1集       ] downloaded:   116, total: 116, progress:100%
2026-09-09 01:13:16 - mkk_pika - database.py:238 - INFO - 数据库更新已下载章节
2026-09-09 01:13:16 - mkk_pika - database.py:244 - INFO - 该漫画已下载章节如下
2026-09-09 01:13:16 - mkk_pika - database.py:245 - INFO - ['第1集']
2026-09-09 01:13:18 - mkk_pika - main.py:348 - INFO - ==================== 漫画信息 ====================
                                   漫画ID：5cb20d9bc2adb15752ee216e
                                   标题：武装少女まどか☆マフィア
                                   作者：メキラ
                                   是否完结：否
                                   总页数：116
                                   分类：同人,圓神領域
                                   章节数：1
                                   最后更新时间：2019-04-13T16:26:03.784Z
                                   =================================================
2026-09-09 01:13:18 - mkk_pika - database.py:101 - INFO - 保存成功：武装少女まどか☆マフィア
2026-09-09 01:13:18 - mkk_pika - main.py:35 - INFO - 开始检查魔法少女セラフィムの最後 (悪堕ちアンソロジーコミックス Vol.1) [中国翻訳]是否存在未下载章节
2026-09-09 01:13:18 - mkk_pika - main.py:45 - INFO - 正在下载:[魔法少女セラフィムの最後 (悪堕ちアンソロジーコミックス Vol.1) [中国翻訳]]-[松波留美]-[['短篇']]-[total_pages:21]
2026-09-09 01:13:18 - mkk_pika - main.py:49 - INFO - [{'_id': '5cb20dd7f7cf5f4cc57bd006', 'title': '第1集', 'order': 1, 'updated_at': '2019-04-12T17:19:58.525Z', 'id': '5cb20dd7f7cf5f4cc57bd006'}]
2026-09-09 01:13:18 - mkk_pika - database.py:215 - INFO - 第一次下载该漫画，记录数据库中
2026-09-09 01:13:18 - mkk_pika - main.py:83 - INFO - 找到 21 张图片在:第1集
2026-09-09 01:13:19 - mkk_pika - main.py:112 - INFO - [episode:第1集       ] downloaded:    21, total:  21, progress:100%
2026-09-09 01:13:19 - mkk_pika - database.py:238 - INFO - 数据库更新已下载章节
2026-09-09 01:13:19 - mkk_pika - database.py:244 - INFO - 该漫画已下载章节如下
2026-09-09 01:13:19 - mkk_pika - database.py:245 - INFO - ['第1集']
2026-09-09 01:13:21 - mkk_pika - main.py:348 - INFO - ==================== 漫画信息 ====================
                                   漫画ID：5cb20dd7f7cf5f4cc57bd005
                                   标题：魔法少女セラフィムの最後 (悪堕ちアンソロジーコミックス Vol.1) [中国翻訳]
                                   作者：松波留美
                                   是否完结：是
                                   总页数：21
                                   分类：短篇
                                   章节数：1
                                   最后更新时间：2019-04-13T16:27:03.143Z
                                   =================================================
2026-09-09 01:13:21 - mkk_pika - database.py:101 - INFO - 保存成功：魔法少女セラフィムの最後 (悪堕ちアンソロジーコミックス Vol.1) [中国翻訳]
2026-09-09 01:13:21 - mkk_pika - main.py:35 - INFO - 开始检查(C93)  YDM ver.M1 (ガールズ&パンツァー) [中国翻訳]是否存在未下载章节
2026-09-09 01:13:21 - mkk_pika - main.py:45 - INFO - 正在下载:[(C93)  YDM ver.M1 (ガールズ&パンツァー) [中国翻訳]]-[鴨川屋 (鴨川たぬき)]-[['短篇', '同人']]-[total_pages:13]
2026-09-09 01:13:21 - mkk_pika - main.py:49 - INFO - [{'_id': '5cb20df1fda86240f5dd61d6', 'title': '第1集', 'order': 1, 'updated_at': '2019-04-12T17:24:17.571Z', 'id': '5cb20df1fda86240f5dd61d6'}]
2026-09-09 01:13:21 - mkk_pika - database.py:215 - INFO - 第一次下载该漫画，记录数据库中
2026-09-09 01:13:21 - mkk_pika - main.py:83 - INFO - 找到 13 张图片在:第1集
2026-09-09 01:13:22 - mkk_pika - main.py:112 - INFO - [episode:第1集       ] downloaded:    13, total:  13, progress:100%
2026-09-09 01:13:22 - mkk_pika - database.py:238 - INFO - 数据库更新已下载章节
2026-09-09 01:13:22 - mkk_pika - database.py:244 - INFO - 该漫画已下载章节如下
2026-09-09 01:13:22 - mkk_pika - database.py:245 - INFO - ['第1集']
2026-09-09 01:13:23 - mkk_pika - main.py:348 - INFO - ==================== 漫画信息 ====================
                                   漫画ID：5cb20df1fda86240f5dd61d5
                                   标题：(C93)  YDM ver.M1 (ガールズ&パンツァー) [中国翻訳]
                                   作者：鴨川屋 (鴨川たぬき)
                                   是否完结：是
                                   总页数：13
                                   分类：短篇,同人
                                   章节数：1
                                   最后更新时间：2019-04-13T16:27:29.374Z
                                   =================================================
2026-09-09 01:13:23 - mkk_pika - database.py:101 - INFO - 保存成功：(C93)  YDM ver.M1 (ガールズ&パンツァー) [中国翻訳]
2026-09-09 01:13:23 - mkk_pika - main.py:35 - INFO - 开始检查(C93)  聖グロの精液便所と化けたルクリリさん (ルクリリクラブ ～ルクリリ過激派合同誌～) (ガールズ&パンツァー) [中国翻訳]是否存在未下载章节
2026-09-09 01:13:23 - mkk_pika - main.py:45 - INFO - 正在下载:[(C93)  聖グロの精液便所と化けたルクリリさん (ルクリリクラブ ～ルクリリ過激派合同誌～) (ガールズ&パンツァー) [中国翻訳]]-[iNBULAND (あおむし)]-[['短篇', '同人', '扶他樂園']]-[total_pages:7]
2026-09-09 01:13:23 - mkk_pika - main.py:49 - INFO - [{'_id': '5cb20e603148bb1887052d80', 'title': '第1集', 'order': 1, 'updated_at': '2019-04-12T17:41:16.363Z', 'id': '5cb20e603148bb1887052d80'}]
2026-09-09 01:13:23 - mkk_pika - database.py:215 - INFO - 第一次下载该漫画，记录数据库中
2026-09-09 01:13:24 - mkk_pika - main.py:83 - INFO - 找到 7 张图片在:第1集
2026-09-09 01:13:24 - mkk_pika - main.py:112 - INFO - [episode:第1集       ] downloaded:     7, total:   7, progress:100%
2026-09-09 01:13:24 - mkk_pika - database.py:238 - INFO - 数据库更新已下载章节
2026-09-09 01:13:24 - mkk_pika - database.py:244 - INFO - 该漫画已下载章节如下
2026-09-09 01:13:24 - mkk_pika - database.py:245 - INFO - ['第1集']
2026-09-09 01:13:26 - mkk_pika - main.py:348 - INFO - ==================== 漫画信息 ====================
                                   漫画ID：5cb20e603148bb1887052d7f
                                   标题：(C93)  聖グロの精液便所と化けたルクリリさん (ルクリリクラブ ～ルクリリ過激派合同誌～) (ガールズ&パンツァー) [中国翻訳]
                                   作者：iNBULAND (あおむし)
                                   是否完结：是
                                   总页数：7
                                   分类：短篇,同人,扶他樂園
                                   章节数：1
                                   最后更新时间：2019-04-13T16:29:20.897Z
                                   =================================================
2026-09-09 01:13:26 - mkk_pika - database.py:101 - INFO - 保存成功：(C93)  聖グロの精液便所と化けたルクリリさん (ルクリリクラブ ～ルクリリ過激派合同誌～) (ガールズ&パンツァー) [中国翻訳]
2026-09-09 01:13:26 - mkk_pika - main.py:35 - INFO - 开始检查ショタ喰いドスケベフォックス (東方Project)是否存在未下载章节
2026-09-09 01:13:26 - mkk_pika - main.py:45 - INFO - 正在下载:[ショタ喰いドスケベフォックス (東方Project)]-[チーズカンパニー (ペソ)]-[['短篇', '同人', '東方', '非人類']]-[total_pages:24]
2026-09-09 01:13:26 - mkk_pika - main.py:49 - INFO - [{'_id': '5cb20e6f3148bb1887052d89', 'title': '第1集', 'order': 1, 'updated_at': '2019-04-12T17:42:03.520Z', 'id': '5cb20e6f3148bb1887052d89'}]
2026-09-09 01:13:26 - mkk_pika - database.py:215 - INFO - 第一次下载该漫画，记录数据库中
2026-09-09 01:13:26 - mkk_pika - main.py:83 - INFO - 找到 24 张图片在:第1集
2026-09-09 01:13:28 - mkk_pika - main.py:112 - INFO - [episode:第1集       ] downloaded:    24, total:  24, progress:100%
2026-09-09 01:13:28 - mkk_pika - database.py:238 - INFO - 数据库更新已下载章节
2026-09-09 01:13:28 - mkk_pika - database.py:244 - INFO - 该漫画已下载章节如下
2026-09-09 01:13:28 - mkk_pika - database.py:245 - INFO - ['第1集']
2026-09-09 01:13:29 - mkk_pika - main.py:348 - INFO - ==================== 漫画信息 ====================
                                   漫画ID：5cb20e6f3148bb1887052d88
                                   标题：ショタ喰いドスケベフォックス (東方Project)
                                   作者：チーズカンパニー (ペソ)
                                   是否完结：是
                                   总页数：24
                                   分类：短篇,同人,東方,非人類
                                   章节数：1
                                   最后更新时间：2019-04-13T16:29:35.191Z
                                   =================================================
2026-09-09 01:13:29 - mkk_pika - database.py:101 - INFO - 保存成功：ショタ喰いドスケベフォックス (東方Project)
2026-09-09 01:13:29 - mkk_pika - main.py:35 - INFO - 开始检查爆乳妻 生溜今日子～セクハラ部長に狙われた妻～是否存在未下载章节
2026-09-09 01:13:29 - mkk_pika - main.py:45 - INFO - 正在下载:[爆乳妻 生溜今日子～セクハラ部長に狙われた妻～]-[モスキートマン]-[['全彩', '短篇', '人妻', 'NTR']]-[total_pages:63]
2026-09-09 01:13:29 - mkk_pika - main.py:49 - INFO - [{'_id': '5cb20f009d7ea340d4536ade', 'title': '第1集', 'order': 1, 'updated_at': '2019-04-12T19:39:08.571Z', 'id': '5cb20f009d7ea340d4536ade'}]
2026-09-09 01:13:29 - mkk_pika - database.py:215 - INFO - 第一次下载该漫画，记录数据库中
2026-09-09 01:13:30 - mkk_pika - main.py:83 - INFO - 找到 63 张图片在:第1集
2026-09-09 01:13:32 - mkk_pika - main.py:112 - INFO - [episode:第1集       ] downloaded:    63, total:  63, progress:100%
2026-09-09 01:13:32 - mkk_pika - database.py:238 - INFO - 数据库更新已下载章节
2026-09-09 01:13:32 - mkk_pika - database.py:244 - INFO - 该漫画已下载章节如下
2026-09-09 01:13:32 - mkk_pika - database.py:245 - INFO - ['第1集']
2026-09-09 01:13:33 - mkk_pika - main.py:348 - INFO - ==================== 漫画信息 ====================
                                   漫画ID：5cb20f009d7ea340d4536add
                                   标题：爆乳妻 生溜今日子～セクハラ部長に狙われた妻～
                                   作者：モスキートマン
                                   是否完结：是
                                   总页数：63
                                   分类：全彩,短篇,人妻,NTR
                                   章节数：1
                                   最后更新时间：2019-04-13T16:32:00.781Z
                                   =================================================
2026-09-09 01:13:33 - mkk_pika - database.py:101 - INFO - 保存成功：爆乳妻 生溜今日子～セクハラ部長に狙われた妻～
2026-09-09 01:13:33 - mkk_pika - main.py:35 - INFO - 开始检查ショコラ (COMIC快楽天 2019年4月号)[無修正]是否存在未下载章节
2026-09-09 01:13:33 - mkk_pika - main.py:45 - INFO - 正在下载:[ショコラ (COMIC快楽天 2019年4月号)[無修正]]-[Hamao]-[['短篇']]-[total_pages:20]
2026-09-09 01:13:33 - mkk_pika - main.py:49 - INFO - [{'_id': '5cb20f20c2adb15752ee21ef', 'title': '第1集', 'order': 1, 'updated_at': '2019-04-13T01:02:06.295Z', 'id': '5cb20f20c2adb15752ee21ef'}]
2026-09-09 01:13:33 - mkk_pika - database.py:215 - INFO - 第一次下载该漫画，记录数据库中
2026-09-09 01:13:34 - mkk_pika - main.py:83 - INFO - 找到 20 张图片在:第1集
2026-09-09 01:13:35 - mkk_pika - main.py:112 - INFO - [episode:第1集       ] downloaded:    20, total:  20, progress:100%
2026-09-09 01:13:35 - mkk_pika - database.py:238 - INFO - 数据库更新已下载章节
2026-09-09 01:13:35 - mkk_pika - database.py:244 - INFO - 该漫画已下载章节如下
2026-09-09 01:13:35 - mkk_pika - database.py:245 - INFO - ['第1集']
2026-09-09 01:13:36 - mkk_pika - main.py:348 - INFO - ==================== 漫画信息 ====================
                                   漫画ID：5cb20f20c2adb15752ee21ee
                                   标题：ショコラ (COMIC快楽天 2019年4月号)[無修正]
                                   作者：Hamao
                                   是否完结：否
                                   总页数：20
                                   分类：短篇
                                   章节数：1
                                   最后更新时间：2019-04-13T16:32:32.940Z
                                   =================================================
2026-09-09 01:13:36 - mkk_pika - database.py:101 - INFO - 保存成功：ショコラ (COMIC快楽天 2019年4月号)[無修正]
2026-09-09 01:13:36 - mkk_pika - main.py:35 - INFO - 开始检查きみに夢中 | 對你很迷戀是否存在未下载章节
2026-09-09 01:13:37 - mkk_pika - main.py:45 - INFO - 正在下载:[きみに夢中 | 對你很迷戀]-[内藤らぶか]-[['長篇', '單行本', '純愛']]-[total_pages:214]
2026-09-09 01:13:37 - mkk_pika - main.py:49 - INFO - [{'_id': '5cb20f38fda86240f5dd6214', 'title': '第1集', 'order': 1, 'updated_at': '2019-04-13T02:07:57.737Z', 'id': '5cb20f38fda86240f5dd6214'}]
2026-09-09 01:13:37 - mkk_pika - database.py:215 - INFO - 第一次下载该漫画，记录数据库中
2026-09-09 01:13:39 - mkk_pika - main.py:83 - INFO - 找到 214 张图片在:第1集
2026-09-09 01:13:48 - mkk_pika - main.py:112 - INFO - [episode:第1集       ] downloaded:   214, total: 214, progress:100%
2026-09-09 01:13:48 - mkk_pika - database.py:238 - INFO - 数据库更新已下载章节
2026-09-09 01:13:48 - mkk_pika - database.py:244 - INFO - 该漫画已下载章节如下
2026-09-09 01:13:48 - mkk_pika - database.py:245 - INFO - ['第1集']
2026-09-09 01:13:50 - mkk_pika - main.py:348 - INFO - ==================== 漫画信息 ====================
                                   漫画ID：5cb20f37fda86240f5dd6213
                                   标题：きみに夢中 | 對你很迷戀
                                   作者：内藤らぶか
                                   是否完结：是
                                   总页数：214
                                   分类：長篇,單行本,純愛
                                   章节数：1
                                   最后更新时间：2019-04-13T16:32:55.996Z
                                   =================================================
2026-09-09 01:13:50 - mkk_pika - database.py:101 - INFO - 保存成功：きみに夢中 | 對你很迷戀
2026-09-09 01:13:50 - mkk_pika - main.py:35 - INFO - 开始检查スウィート・リップ是否存在未下载章节
2026-09-09 01:13:50 - mkk_pika - main.py:45 - INFO - 正在下载:[スウィート・リップ]-[藤ます]-[['長篇', '單行本', '純愛']]-[total_pages:234]
2026-09-09 01:13:50 - mkk_pika - main.py:49 - INFO - [{'_id': '5cb20fb8f7cf5f4cc57bd02c', 'title': '第1集', 'order': 1, 'updated_at': '2019-04-13T04:46:33.397Z', 'id': '5cb20fb8f7cf5f4cc57bd02c'}]
2026-09-09 01:13:50 - mkk_pika - database.py:215 - INFO - 第一次下载该漫画，记录数据库中
2026-09-09 01:13:52 - mkk_pika - main.py:83 - INFO - 找到 234 张图片在:第1集
2026-09-09 01:14:01 - mkk_pika - main.py:112 - INFO - [episode:第1集       ] downloaded:   234, total: 234, progress:100%
2026-09-09 01:14:01 - mkk_pika - database.py:238 - INFO - 数据库更新已下载章节
2026-09-09 01:14:01 - mkk_pika - database.py:244 - INFO - 该漫画已下载章节如下
2026-09-09 01:14:01 - mkk_pika - database.py:245 - INFO - ['第1集']
2026-09-09 01:14:03 - mkk_pika - main.py:348 - INFO - ==================== 漫画信息 ====================
                                   漫画ID：5cb20fb8f7cf5f4cc57bd02b
                                   标题：スウィート・リップ
                                   作者：藤ます
                                   是否完结：是
                                   总页数：234
                                   分类：長篇,單行本,純愛
                                   章节数：1
                                   最后更新时间：2019-04-13T16:35:04.575Z
                                   =================================================
2026-09-09 01:14:03 - mkk_pika - database.py:101 - INFO - 保存成功：スウィート・リップ
2026-09-09 01:14:03 - mkk_pika - main.py:35 - INFO - 开始检查コスは淫らな仮面 -ハメチェキ集1冊目- (FateGrand Order)是否存在未下载章节
2026-09-09 01:14:03 - mkk_pika - main.py:45 - INFO - 正在下载:[コスは淫らな仮面 -ハメチェキ集1冊目- (FateGrand Order)]-[viento campanilla (すずはねすず)]-[['短篇', '同人', 'Fate', '全彩']]-[total_pages:22]
2026-09-09 01:14:03 - mkk_pika - main.py:49 - INFO - [{'_id': '5cb210495f613e4ccf00b440', 'title': '第1集', 'order': 1, 'updated_at': '2019-04-13T05:03:51.681Z', 'id': '5cb210495f613e4ccf00b440'}]
2026-09-09 01:14:03 - mkk_pika - database.py:215 - INFO - 第一次下载该漫画，记录数据库中
2026-09-09 01:14:04 - mkk_pika - main.py:83 - INFO - 找到 22 张图片在:第1集
2026-09-09 01:14:05 - mkk_pika - main.py:112 - INFO - [episode:第1集       ] downloaded:    22, total:  22, progress:100%
2026-09-09 01:14:05 - mkk_pika - database.py:238 - INFO - 数据库更新已下载章节
2026-09-09 01:14:05 - mkk_pika - database.py:244 - INFO - 该漫画已下载章节如下
2026-09-09 01:14:05 - mkk_pika - database.py:245 - INFO - ['第1集']
2026-09-09 01:14:06 - mkk_pika - main.py:348 - INFO - ==================== 漫画信息 ====================
                                   漫画ID：5cb210495f613e4ccf00b43f
                                   标题：コスは淫らな仮面 -ハメチェキ集1冊目- (FateGrand Order)
                                   作者：viento campanilla (すずはねすず)
                                   是否完结：是
                                   总页数：22
                                   分类：短篇,同人,Fate,全彩
                                   章节数：1
                                   最后更新时间：2019-04-13T16:37:29.703Z
                                   =================================================
2026-09-09 01:14:06 - mkk_pika - database.py:101 - INFO - 保存成功：コスは淫らな仮面 -ハメチェキ集1冊目- (FateGrand Order)
2026-09-09 01:14:06 - mkk_pika - main.py:35 - INFO - 开始检查オシエテ!ミカンセンパイッ (To LOVEる -とらぶる-)是否存在未下载章节
2026-09-09 01:14:06 - mkk_pika - main.py:45 - INFO - 正在下载:[オシエテ!ミカンセンパイッ (To LOVEる -とらぶる-)]-[40010壱号 (40010試作型)]-[['短篇', '同人', '妹妹系']]-[total_pages:26]
2026-09-09 01:14:06 - mkk_pika - main.py:49 - INFO - [{'_id': '5cb210859604e540dc6a335c', 'title': '第1集', 'order': 1, 'updated_at': '2019-04-13T05:08:49.403Z', 'id': '5cb210859604e540dc6a335c'}]
2026-09-09 01:14:06 - mkk_pika - database.py:215 - INFO - 第一次下载该漫画，记录数据库中
2026-09-09 01:14:07 - mkk_pika - main.py:83 - INFO - 找到 26 张图片在:第1集
2026-09-09 01:14:08 - mkk_pika - main.py:112 - INFO - [episode:第1集       ] downloaded:    26, total:  26, progress:100%
2026-09-09 01:14:08 - mkk_pika - database.py:238 - INFO - 数据库更新已下载章节
2026-09-09 01:14:08 - mkk_pika - database.py:244 - INFO - 该漫画已下载章节如下
2026-09-09 01:14:08 - mkk_pika - database.py:245 - INFO - ['第1集']
2026-09-09 01:14:10 - mkk_pika - main.py:348 - INFO - ==================== 漫画信息 ====================
                                   漫画ID：5cb210849604e540dc6a335b
                                   标题：オシエテ!ミカンセンパイッ (To LOVEる -とらぶる-)
                                   作者：40010壱号 (40010試作型)
                                   是否完结：是
                                   总页数：26
                                   分类：短篇,同人,妹妹系
                                   章节数：1
                                   最后更新时间：2019-04-13T16:38:28.851Z
                                   =================================================
2026-09-09 01:14:10 - mkk_pika - database.py:101 - INFO - 保存成功：オシエテ!ミカンセンパイッ (To LOVEる -とらぶる-)
2026-09-09 01:14:10 - mkk_pika - main.py:35 - INFO - 开始检查(C78)AM 200 ALICE side (Heaven's Memo Pad)是否存在未下载章节
2026-09-09 01:14:10 - mkk_pika - main.py:45 - INFO - 正在下载:[(C78)AM 200 ALICE side (Heaven's Memo Pad)]-[crossray (大森誠)]-[['同人', '純愛']]-[total_pages:31]
2026-09-09 01:14:10 - mkk_pika - main.py:49 - INFO - [{'_id': '5cb2109c5bea695780f4cf1d', 'title': '1集', 'order': 1, 'updated_at': '2019-04-13T05:50:26.336Z', 'id': '5cb2109c5bea695780f4cf1d'}]
2026-09-09 01:14:10 - mkk_pika - database.py:215 - INFO - 第一次下载该漫画，记录数据库中
2026-09-09 01:14:10 - mkk_pika - main.py:83 - INFO - 找到 31 张图片在:1集
2026-09-09 01:14:11 - mkk_pika - main.py:112 - INFO - [episode:1集        ] downloaded:    31, total:  31, progress:100%
2026-09-09 01:14:11 - mkk_pika - database.py:238 - INFO - 数据库更新已下载章节
2026-09-09 01:14:11 - mkk_pika - database.py:244 - INFO - 该漫画已下载章节如下
2026-09-09 01:14:11 - mkk_pika - database.py:245 - INFO - ['1集']
2026-09-09 01:14:13 - mkk_pika - main.py:348 - INFO - ==================== 漫画信息 ====================
                                   漫画ID：5cb2109c5bea695780f4cf1c
                                   标题：(C78)AM 200 ALICE side (Heaven's Memo Pad)
                                   作者：crossray (大森誠)
                                   是否完结：否
                                   总页数：31
                                   分类：同人,純愛
                                   章节数：1
                                   最后更新时间：2019-04-13T16:38:52.435Z
                                   =================================================
2026-09-09 01:14:13 - mkk_pika - database.py:101 - INFO - 保存成功：(C78)AM 200 ALICE side (Heaven's Memo Pad)
2026-09-09 01:14:13 - mkk_pika - main.py:35 - INFO - 开始检查(C93)目指せ!楽園計画 Vol. 4 (To LOVE-Ru)是否存在未下载章节
2026-09-09 01:14:13 - mkk_pika - main.py:45 - INFO - 正在下载:[(C93)目指せ!楽園計画 Vol. 4 (To LOVE-Ru)]-[TORA MACHINE (春日部太郎)]-[['同人', '純愛']]-[total_pages:40]
2026-09-09 01:14:13 - mkk_pika - main.py:49 - INFO - [{'_id': '5cb210adc2adb15752ee220f', 'title': '1集', 'order': 1, 'updated_at': '2019-04-13T05:59:08.125Z', 'id': '5cb210adc2adb15752ee220f'}]
2026-09-09 01:14:13 - mkk_pika - database.py:215 - INFO - 第一次下载该漫画，记录数据库中
2026-09-09 01:14:13 - mkk_pika - main.py:83 - INFO - 找到 40 张图片在:1集
2026-09-09 01:14:16 - mkk_pika - main.py:112 - INFO - [episode:1集        ] downloaded:    40, total:  40, progress:100%
2026-09-09 01:14:16 - mkk_pika - database.py:238 - INFO - 数据库更新已下载章节
2026-09-09 01:14:16 - mkk_pika - database.py:244 - INFO - 该漫画已下载章节如下
2026-09-09 01:14:16 - mkk_pika - database.py:245 - INFO - ['1集']
2026-09-09 01:14:18 - mkk_pika - main.py:348 - INFO - ==================== 漫画信息 ====================
                                   漫画ID：5cb210adc2adb15752ee220e
                                   标题：(C93)目指せ!楽園計画 Vol. 4 (To LOVE-Ru)
                                   作者：TORA MACHINE (春日部太郎)
                                   是否完结：否
                                   总页数：40
                                   分类：同人,純愛
                                   章节数：1
                                   最后更新时间：2019-04-13T16:39:09.872Z
                                   =================================================
2026-09-09 01:14:18 - mkk_pika - database.py:101 - INFO - 保存成功：(C93)目指せ!楽園計画 Vol. 4 (To LOVE-Ru)
2026-09-09 01:14:18 - mkk_pika - main.py:35 - INFO - 开始检查お姉さんは強いか是否存在未下载章节
2026-09-09 01:14:18 - mkk_pika - main.py:45 - INFO - 正在下载:[お姉さんは強いか]-[あかうめ]-[['長篇', '單行本', '姐姐系']]-[total_pages:203]
2026-09-09 01:14:18 - mkk_pika - main.py:49 - INFO - [{'_id': '5cb210b89604e540dc6a337d', 'title': '第1集', 'order': 1, 'updated_at': '2019-04-13T06:02:49.636Z', 'id': '5cb210b89604e540dc6a337d'}]
2026-09-09 01:14:18 - mkk_pika - database.py:215 - INFO - 第一次下载该漫画，记录数据库中
2026-09-09 01:14:20 - mkk_pika - main.py:83 - INFO - 找到 203 张图片在:第1集
2026-09-09 01:14:29 - mkk_pika - main.py:112 - INFO - [episode:第1集       ] downloaded:   203, total: 203, progress:100%
2026-09-09 01:14:29 - mkk_pika - database.py:238 - INFO - 数据库更新已下载章节
2026-09-09 01:14:29 - mkk_pika - database.py:244 - INFO - 该漫画已下载章节如下
2026-09-09 01:14:29 - mkk_pika - database.py:245 - INFO - ['第1集']
2026-09-09 01:14:30 - mkk_pika - main.py:348 - INFO - ==================== 漫画信息 ====================
                                   漫画ID：5cb210b89604e540dc6a337c
                                   标题：お姉さんは強いか
                                   作者：あかうめ
                                   是否完结：是
                                   总页数：203
                                   分类：長篇,單行本,姐姐系
                                   章节数：1
                                   最后更新时间：2019-04-13T16:39:20.408Z
                                   =================================================
2026-09-09 01:14:30 - mkk_pika - database.py:101 - INFO - 保存成功：お姉さんは強いか
2026-09-09 01:14:30 - mkk_pika - main.py:35 - INFO - 开始检查めがぱい | 絕世美乳是否存在未下载章节
2026-09-09 01:14:30 - mkk_pika - main.py:45 - INFO - 正在下载:[めがぱい | 絕世美乳]-[あまぎみちひと]-[['長篇', '單行本']]-[total_pages:175]
2026-09-09 01:14:30 - mkk_pika - main.py:49 - INFO - [{'_id': '5cb21172fda86240f5dd6335', 'title': '第1集', 'order': 1, 'updated_at': '2019-04-13T07:39:41.954Z', 'id': '5cb21172fda86240f5dd6335'}]
2026-09-09 01:14:30 - mkk_pika - database.py:215 - INFO - 第一次下载该漫画，记录数据库中
2026-09-09 01:14:32 - mkk_pika - main.py:83 - INFO - 找到 175 张图片在:第1集
2026-09-09 01:14:40 - mkk_pika - main.py:112 - INFO - [episode:第1集       ] downloaded:   175, total: 175, progress:100%
2026-09-09 01:14:40 - mkk_pika - database.py:238 - INFO - 数据库更新已下载章节
2026-09-09 01:14:40 - mkk_pika - database.py:244 - INFO - 该漫画已下载章节如下
2026-09-09 01:14:40 - mkk_pika - database.py:245 - INFO - ['第1集']
2026-09-09 01:14:41 - mkk_pika - main.py:348 - INFO - ==================== 漫画信息 ====================
                                   漫画ID：5cb21172fda86240f5dd6334
                                   标题：めがぱい | 絕世美乳
                                   作者：あまぎみちひと
                                   是否完结：是
                                   总页数：175
                                   分类：長篇,單行本
                                   章节数：1
                                   最后更新时间：2019-04-13T16:42:26.569Z
                                   =================================================
2026-09-09 01:14:41 - mkk_pika - database.py:101 - INFO - 保存成功：めがぱい | 絕世美乳
2026-09-09 01:14:41 - mkk_pika - main.py:35 - INFO - 开始检查異端なるセックス (FateGrand Order)是否存在未下载章节
2026-09-09 01:14:41 - mkk_pika - main.py:45 - INFO - 正在下载:[異端なるセックス (FateGrand Order)]-[無口遮欄 (ちやみ)]-[['同人', '短篇', '純愛', '非人類', 'Fate']]-[total_pages:22]
2026-09-09 01:14:41 - mkk_pika - main.py:49 - INFO - [{'_id': '5cb211bd72c2b4187f758261', 'title': '第1集', 'order': 1, 'updated_at': '2019-04-13T09:14:28.385Z', 'id': '5cb211bd72c2b4187f758261'}]
2026-09-09 01:14:41 - mkk_pika - database.py:215 - INFO - 第一次下载该漫画，记录数据库中
2026-09-09 01:14:42 - mkk_pika - main.py:83 - INFO - 找到 22 张图片在:第1集
2026-09-09 01:14:43 - mkk_pika - main.py:112 - INFO - [episode:第1集       ] downloaded:    22, total:  22, progress:100%
2026-09-09 01:14:43 - mkk_pika - database.py:238 - INFO - 数据库更新已下载章节
2026-09-09 01:14:43 - mkk_pika - database.py:244 - INFO - 该漫画已下载章节如下
2026-09-09 01:14:43 - mkk_pika - database.py:245 - INFO - ['第1集']
2026-09-09 01:14:44 - mkk_pika - main.py:348 - INFO - ==================== 漫画信息 ====================
                                   漫画ID：5cb211bd72c2b4187f758260
                                   标题：異端なるセックス (FateGrand Order)
                                   作者：無口遮欄 (ちやみ)
                                   是否完结：否
                                   总页数：22
                                   分类：同人,短篇,純愛,非人類,Fate
                                   章节数：1
                                   最后更新时间：2019-04-13T16:43:41.324Z
                                   =================================================
2026-09-09 01:14:44 - mkk_pika - database.py:101 - INFO - 保存成功：異端なるセックス (FateGrand Order)
2026-09-09 01:14:44 - mkk_pika - main.py:35 - INFO - 开始检查(C88) ちゅん×3 (ラブライブ!) [中国翻訳]是否存在未下载章节
2026-09-09 01:14:44 - mkk_pika - main.py:45 - INFO - 正在下载:[(C88) ちゅん×3 (ラブライブ!) [中国翻訳]]-[ひょこ道 (ひょころー)]-[['短篇', '同人', '純愛', 'Love Live']]-[total_pages:20]
2026-09-09 01:14:44 - mkk_pika - main.py:49 - INFO - [{'_id': '5cb2120172c2b4187f758286', 'title': '第1集', 'order': 1, 'updated_at': '2019-04-13T10:01:49.644Z', 'id': '5cb2120172c2b4187f758286'}]
2026-09-09 01:14:44 - mkk_pika - database.py:215 - INFO - 第一次下载该漫画，记录数据库中
2026-09-09 01:14:45 - mkk_pika - main.py:83 - INFO - 找到 20 张图片在:第1集
2026-09-09 01:14:46 - mkk_pika - main.py:112 - INFO - [episode:第1集       ] downloaded:    20, total:  20, progress:100%
2026-09-09 01:14:46 - mkk_pika - database.py:238 - INFO - 数据库更新已下载章节
2026-09-09 01:14:46 - mkk_pika - database.py:244 - INFO - 该漫画已下载章节如下
2026-09-09 01:14:46 - mkk_pika - database.py:245 - INFO - ['第1集']
2026-09-09 01:14:47 - mkk_pika - main.py:348 - INFO - ==================== 漫画信息 ====================
                                   漫画ID：5cb2120172c2b4187f758285
                                   标题：(C88) ちゅん×3 (ラブライブ!) [中国翻訳]
                                   作者：ひょこ道 (ひょころー)
                                   是否完结：是
                                   总页数：20
                                   分类：短篇,同人,純愛,Love Live
                                   章节数：1
                                   最后更新时间：2019-04-13T16:44:49.423Z
                                   =================================================
2026-09-09 01:14:47 - mkk_pika - database.py:101 - INFO - 保存成功：(C88) ちゅん×3 (ラブライブ!) [中国翻訳]
2026-09-09 01:14:47 - mkk_pika - main.py:35 - INFO - 开始检查竹本EX-Go!!是否存在未下载章节
2026-09-09 01:14:47 - mkk_pika - main.py:45 - INFO - 正在下载:[竹本EX-Go!!]-[Play My Style Workshop (竹本嵐)]-[['短篇', '非人類']]-[total_pages:30]
2026-09-09 01:14:47 - mkk_pika - main.py:49 - INFO - [{'_id': '5cb2121af7cf5f4cc57bd2e2', 'title': '第1集', 'order': 1, 'updated_at': '2019-04-13T10:06:20.690Z', 'id': '5cb2121af7cf5f4cc57bd2e2'}]
2026-09-09 01:14:47 - mkk_pika - database.py:215 - INFO - 第一次下载该漫画，记录数据库中
2026-09-09 01:14:48 - mkk_pika - main.py:83 - INFO - 找到 30 张图片在:第1集
2026-09-09 01:14:50 - mkk_pika - main.py:112 - INFO - [episode:第1集       ] downloaded:    30, total:  30, progress:100%
2026-09-09 01:14:50 - mkk_pika - database.py:238 - INFO - 数据库更新已下载章节
2026-09-09 01:14:50 - mkk_pika - database.py:244 - INFO - 该漫画已下载章节如下
2026-09-09 01:14:50 - mkk_pika - database.py:245 - INFO - ['第1集']
2026-09-09 01:14:51 - mkk_pika - main.py:348 - INFO - ==================== 漫画信息 ====================
                                   漫画ID：5cb2121af7cf5f4cc57bd2e1
                                   标题：竹本EX-Go!!
                                   作者：Play My Style Workshop (竹本嵐)
                                   是否完结：否
                                   总页数：30
                                   分类：短篇,非人類
                                   章节数：1
                                   最后更新时间：2019-04-13T16:45:14.057Z
                                   =================================================
2026-09-09 01:14:51 - mkk_pika - database.py:101 - INFO - 保存成功：竹本EX-Go!!
2026-09-09 01:14:51 - mkk_pika - main.py:35 - INFO - 开始检查(C89)  CHUN×CHUN×CHUN×CHUN (ラブライブ!) [中国翻訳]是否存在未下载章节
2026-09-09 01:14:51 - mkk_pika - main.py:45 - INFO - 正在下载:[(C89)  CHUN×CHUN×CHUN×CHUN (ラブライブ!) [中国翻訳]]-[ひょこ道 (ひょころー)]-[['同人', '純愛', '短篇', 'Love Live']]-[total_pages:28]
2026-09-09 01:14:51 - mkk_pika - main.py:49 - INFO - [{'_id': '5cb21232d776c74c93701d36', 'title': '第1集', 'order': 1, 'updated_at': '2019-04-13T10:16:45.262Z', 'id': '5cb21232d776c74c93701d36'}]
2026-09-09 01:14:51 - mkk_pika - database.py:215 - INFO - 第一次下载该漫画，记录数据库中
2026-09-09 01:14:52 - mkk_pika - main.py:83 - INFO - 找到 28 张图片在:第1集
2026-09-09 01:14:53 - mkk_pika - main.py:112 - INFO - [episode:第1集       ] downloaded:    28, total:  28, progress:100%
2026-09-09 01:14:53 - mkk_pika - database.py:238 - INFO - 数据库更新已下载章节
2026-09-09 01:14:53 - mkk_pika - database.py:244 - INFO - 该漫画已下载章节如下
2026-09-09 01:14:53 - mkk_pika - database.py:245 - INFO - ['第1集']
2026-09-09 01:14:54 - mkk_pika - main.py:348 - INFO - ==================== 漫画信息 ====================
                                   漫画ID：5cb21232d776c74c93701d35
                                   标题：(C89)  CHUN×CHUN×CHUN×CHUN (ラブライブ!) [中国翻訳]
                                   作者：ひょこ道 (ひょころー)
                                   是否完结：是
                                   总页数：28
                                   分类：同人,純愛,短篇,Love Live
                                   章节数：1
                                   最后更新时间：2019-04-13T16:45:38.954Z
                                   =================================================
2026-09-09 01:14:54 - mkk_pika - database.py:101 - INFO - 保存成功：(C89)  CHUN×CHUN×CHUN×CHUN (ラブライブ!) [中国翻訳]
2026-09-09 01:14:54 - mkk_pika - main.py:35 - INFO - 开始检查サメガール（鯊魚女孩）是否存在未下载章节
2026-09-09 01:14:54 - mkk_pika - main.py:45 - INFO - 正在下载:[サメガール（鯊魚女孩）]-[雪本愁二]-[['全彩', '短篇']]-[total_pages:13]
2026-09-09 01:14:54 - mkk_pika - main.py:49 - INFO - [{'_id': '5cb2128772c2b4187f75829f', 'title': '第1集', 'order': 1, 'updated_at': '2019-04-13T11:35:18.650Z', 'id': '5cb2128772c2b4187f75829f'}]
2026-09-09 01:14:54 - mkk_pika - database.py:215 - INFO - 第一次下载该漫画，记录数据库中
2026-09-09 01:14:55 - mkk_pika - main.py:83 - INFO - 找到 13 张图片在:第1集
2026-09-09 01:14:55 - mkk_pika - main.py:112 - INFO - [episode:第1集       ] downloaded:    13, total:  13, progress:100%
2026-09-09 01:14:55 - mkk_pika - database.py:238 - INFO - 数据库更新已下载章节
2026-09-09 01:14:55 - mkk_pika - database.py:244 - INFO - 该漫画已下载章节如下
2026-09-09 01:14:55 - mkk_pika - database.py:245 - INFO - ['第1集']
2026-09-09 01:14:57 - mkk_pika - main.py:348 - INFO - ==================== 漫画信息 ====================
                                   漫画ID：5cb2128772c2b4187f75829e
                                   标题：サメガール（鯊魚女孩）
                                   作者：雪本愁二
                                   是否完结：否
                                   总页数：13
                                   分类：全彩,短篇
                                   章节数：1
                                   最后更新时间：2019-04-13T16:47:03.292Z
                                   =================================================
2026-09-09 01:14:57 - mkk_pika - database.py:101 - INFO - 保存成功：サメガール（鯊魚女孩）
2026-09-09 01:14:57 - mkk_pika - main.py:35 - INFO - 开始检查(C95) JC×緊縛×露出 [中国翻訳] [DL版]是否存在未下载章节
2026-09-09 01:14:57 - mkk_pika - main.py:45 - INFO - 正在下载:[(C95) JC×緊縛×露出 [中国翻訳] [DL版]]-[たまかけ屋 (たまかけ)]-[['短篇', 'SM']]-[total_pages:33]
2026-09-09 01:14:57 - mkk_pika - main.py:49 - INFO - [{'_id': '5cb2134ec2adb15752ee224f', 'title': '第1集', 'order': 1, 'updated_at': '2019-04-13T12:19:02.487Z', 'id': '5cb2134ec2adb15752ee224f'}]
2026-09-09 01:14:57 - mkk_pika - database.py:215 - INFO - 第一次下载该漫画，记录数据库中
2026-09-09 01:14:57 - mkk_pika - main.py:83 - INFO - 找到 33 张图片在:第1集
2026-09-09 01:14:58 - mkk_pika - main.py:112 - INFO - [episode:第1集       ] downloaded:    33, total:  33, progress:100%
2026-09-09 01:14:58 - mkk_pika - database.py:238 - INFO - 数据库更新已下载章节
2026-09-09 01:14:58 - mkk_pika - database.py:244 - INFO - 该漫画已下载章节如下
2026-09-09 01:14:58 - mkk_pika - database.py:245 - INFO - ['第1集']
2026-09-09 01:15:00 - mkk_pika - main.py:348 - INFO - ==================== 漫画信息 ====================
                                   漫画ID：5cb2134ec2adb15752ee224e
                                   标题：(C95) JC×緊縛×露出 [中国翻訳] [DL版]
                                   作者：たまかけ屋 (たまかけ)
                                   是否完结：是
                                   总页数：33
                                   分类：短篇,SM
                                   章节数：1
                                   最后更新时间：2019-04-13T16:50:22.418Z
                                   =================================================
2026-09-09 01:15:00 - mkk_pika - database.py:101 - INFO - 保存成功：(C95) JC×緊縛×露出 [中国翻訳] [DL版]
2026-09-09 01:15:00 - mkk_pika - main.py:35 - INFO - 开始检查貴方に捧げる私のすべて (Fate/Grand Order) [中国翻訳] [DL版]是否存在未下载章节
2026-09-09 01:15:00 - mkk_pika - main.py:45 - INFO - 正在下载:[貴方に捧げる私のすべて (Fate/Grand Order) [中国翻訳] [DL版]]-[ふあん亭 (フラリ)]-[['短篇', '同人', '純愛', 'Fate']]-[total_pages:28]
2026-09-09 01:15:00 - mkk_pika - main.py:49 - INFO - [{'_id': '5cb21362cafc0a410362b1ac', 'title': '第1集', 'order': 1, 'updated_at': '2019-04-13T12:25:41.201Z', 'id': '5cb21362cafc0a410362b1ac'}]
2026-09-09 01:15:00 - mkk_pika - database.py:215 - INFO - 第一次下载该漫画，记录数据库中
2026-09-09 01:15:00 - mkk_pika - main.py:83 - INFO - 找到 28 张图片在:第1集
2026-09-09 01:15:02 - mkk_pika - main.py:112 - INFO - [episode:第1集       ] downloaded:    28, total:  28, progress:100%
2026-09-09 01:15:02 - mkk_pika - database.py:238 - INFO - 数据库更新已下载章节
2026-09-09 01:15:02 - mkk_pika - database.py:244 - INFO - 该漫画已下载章节如下
2026-09-09 01:15:02 - mkk_pika - database.py:245 - INFO - ['第1集']
2026-09-09 01:15:03 - mkk_pika - main.py:348 - INFO - ==================== 漫画信息 ====================
                                   漫画ID：5cb21362cafc0a410362b1ab
                                   标题：貴方に捧げる私のすべて (Fate/Grand Order) [中国翻訳] [DL版]
                                   作者：ふあん亭 (フラリ)
                                   是否完结：是
                                   总页数：28
                                   分类：短篇,同人,純愛,Fate
                                   章节数：1
                                   最后更新时间：2019-04-13T16:50:42.744Z
                                   =================================================
2026-09-09 01:15:03 - mkk_pika - database.py:101 - INFO - 保存成功：貴方に捧げる私のすべて (Fate/Grand Order) [中国翻訳] [DL版]
2026-09-09 01:15:03 - mkk_pika - main.py:35 - INFO - 开始检查婚活に励む伯母は甥に求められてちょっぴり嬉しい。 [中国翻訳] [DL版]是否存在未下载章节
2026-09-09 01:15:03 - mkk_pika - main.py:45 - INFO - 正在下载:[婚活に励む伯母は甥に求められてちょっぴり嬉しい。 [中国翻訳] [DL版]]-[おちこち亭 (唯乃くしゃみ)]-[['短篇', '人妻']]-[total_pages:29]
2026-09-09 01:15:03 - mkk_pika - main.py:49 - INFO - [{'_id': '5cb213b8d776c74c93701d5a', 'title': '第1集', 'order': 1, 'updated_at': '2019-04-13T14:11:01.942Z', 'id': '5cb213b8d776c74c93701d5a'}]
2026-09-09 01:15:03 - mkk_pika - database.py:215 - INFO - 第一次下载该漫画，记录数据库中
2026-09-09 01:15:04 - mkk_pika - main.py:83 - INFO - 找到 29 张图片在:第1集
2026-09-09 01:15:05 - mkk_pika - main.py:112 - INFO - [episode:第1集       ] downloaded:    29, total:  29, progress:100%
2026-09-09 01:15:05 - mkk_pika - database.py:238 - INFO - 数据库更新已下载章节
2026-09-09 01:15:05 - mkk_pika - database.py:244 - INFO - 该漫画已下载章节如下
2026-09-09 01:15:05 - mkk_pika - database.py:245 - INFO - ['第1集']
2026-09-09 01:15:06 - mkk_pika - main.py:348 - INFO - ==================== 漫画信息 ====================
                                   漫画ID：5cb213b8d776c74c93701d59
                                   标题：婚活に励む伯母は甥に求められてちょっぴり嬉しい。 [中国翻訳] [DL版]
                                   作者：おちこち亭 (唯乃くしゃみ)
                                   是否完结：是
                                   总页数：29
                                   分类：短篇,人妻
                                   章节数：1
                                   最后更新时间：2019-04-13T16:52:08.280Z
                                   =================================================
2026-09-09 01:15:06 - mkk_pika - database.py:101 - INFO - 保存成功：婚活に励む伯母は甥に求められてちょっぴり嬉しい。 [中国翻訳] [DL版]
2026-09-09 01:15:06 - mkk_pika - main.py:35 - INFO - 开始检查竿つきハニーと同居生活 第2話 [中国翻訳]是否存在未下载章节
2026-09-09 01:15:07 - mkk_pika - main.py:45 - INFO - 正在下载:[竿つきハニーと同居生活 第2話 [中国翻訳]]-[ホン・トク]-[['短篇']]-[total_pages:33]
2026-09-09 01:15:07 - mkk_pika - main.py:49 - INFO - [{'_id': '5cb213c95f613e4ccf00b46c', 'title': '第1集', 'order': 1, 'updated_at': '2019-04-13T14:36:53.345Z', 'id': '5cb213c95f613e4ccf00b46c'}]
2026-09-09 01:15:07 - mkk_pika - database.py:215 - INFO - 第一次下载该漫画，记录数据库中
2026-09-09 01:15:07 - mkk_pika - main.py:83 - INFO - 找到 33 张图片在:第1集
2026-09-09 01:15:09 - mkk_pika - main.py:112 - INFO - [episode:第1集       ] downloaded:    33, total:  33, progress:100%
2026-09-09 01:15:09 - mkk_pika - database.py:238 - INFO - 数据库更新已下载章节
2026-09-09 01:15:09 - mkk_pika - database.py:244 - INFO - 该漫画已下载章节如下
2026-09-09 01:15:09 - mkk_pika - database.py:245 - INFO - ['第1集']
2026-09-09 01:15:10 - mkk_pika - main.py:348 - INFO - ==================== 漫画信息 ====================
                                   漫画ID：5cb213c95f613e4ccf00b46b
                                   标题：竿つきハニーと同居生活 第2話 [中国翻訳]
                                   作者：ホン・トク
                                   是否完结：是
                                   总页数：33
                                   分类：短篇
                                   章节数：1
                                   最后更新时间：2019-04-13T16:52:25.944Z
                                   =================================================
2026-09-09 01:15:10 - mkk_pika - database.py:101 - INFO - 保存成功：竿つきハニーと同居生活 第2話 [中国翻訳]
2026-09-09 01:15:10 - mkk_pika - main.py:35 - INFO - 开始检查(COMIC1☆13)  ガムシャラコレクション1 (Fate/Grand Order)是否存在未下载章节
2026-09-09 01:15:10 - mkk_pika - main.py:45 - INFO - 正在下载:[(COMIC1☆13)  ガムシャラコレクション1 (Fate/Grand Order)]-[餓武者羅 (銀河味)]-[['短篇', '全彩', '同人', 'Fate', '純愛']]-[total_pages:37]
2026-09-09 01:15:10 - mkk_pika - main.py:49 - INFO - [{'_id': '5ca8c502e859a07091d8ab15', 'title': '第1集', 'order': 1, 'updated_at': '2019-03-26T04:03:57.602Z', 'id': '5ca8c502e859a07091d8ab15'}, {'_id': '5cb214329604e540dc6a362f', 'title': '汉化', 'order': 2, 'updated_at': '2019-04-13T14:20:34.490Z', 'id': '5cb214329604e540dc6a362f'}]
2026-09-09 01:15:10 - mkk_pika - database.py:215 - INFO - 第一次下载该漫画，记录数据库中
2026-09-09 01:15:11 - mkk_pika - main.py:83 - INFO - 找到 18 张图片在:第1集
2026-09-09 01:15:12 - mkk_pika - main.py:112 - INFO - [episode:第1集       ] downloaded:    18, total:  18, progress:100%
2026-09-09 01:15:12 - mkk_pika - database.py:238 - INFO - 数据库更新已下载章节
2026-09-09 01:15:12 - mkk_pika - database.py:244 - INFO - 该漫画已下载章节如下
2026-09-09 01:15:12 - mkk_pika - database.py:245 - INFO - ['第1集']
2026-09-09 01:15:13 - mkk_pika - main.py:83 - INFO - 找到 19 张图片在:汉化
2026-09-09 01:15:14 - mkk_pika - main.py:112 - INFO - [episode:汉化        ] downloaded:    19, total:  19, progress:100%
2026-09-09 01:15:14 - mkk_pika - database.py:238 - INFO - 数据库更新已下载章节
2026-09-09 01:15:14 - mkk_pika - database.py:244 - INFO - 该漫画已下载章节如下
2026-09-09 01:15:14 - mkk_pika - database.py:245 - INFO - ['第1集', '汉化']
2026-09-09 01:15:15 - mkk_pika - main.py:348 - INFO - ==================== 漫画信息 ====================
                                   漫画ID：5ca8c502e859a07091d8ab14
                                   标题：(COMIC1☆13)  ガムシャラコレクション1 (Fate/Grand Order)
                                   作者：餓武者羅 (銀河味)
                                   是否完结：是
                                   总页数：37
                                   分类：短篇,全彩,同人,Fate,純愛
                                   章节数：2
                                   最后更新时间：2019-04-13T16:54:10.577Z
                                   =================================================
2026-09-09 01:15:15 - mkk_pika - database.py:101 - INFO - 保存成功：(COMIC1☆13)  ガムシャラコレクション1 (Fate/Grand Order)
2026-09-09 01:15:15 - mkk_pika - main.py:35 - INFO - 开始检查ひなあそび (氷菓)是否存在未下载章节
2026-09-09 01:15:15 - mkk_pika - main.py:45 - INFO - 正在下载:[ひなあそび (氷菓)]-[翔玄亭 (久遠)]-[['同人', '短篇', '純愛']]-[total_pages:11]
2026-09-09 01:15:15 - mkk_pika - main.py:49 - INFO - [{'_id': '5cb21452fda86240f5dd6422', 'title': '第1集', 'order': 1, 'updated_at': '2019-04-13T14:49:24.964Z', 'id': '5cb21452fda86240f5dd6422'}]
2026-09-09 01:15:15 - mkk_pika - database.py:215 - INFO - 第一次下载该漫画，记录数据库中
2026-09-09 01:15:16 - mkk_pika - main.py:83 - INFO - 找到 23 张图片在:第1集
2026-09-09 01:15:17 - mkk_pika - main.py:112 - INFO - [episode:第1集       ] downloaded:    23, total:  23, progress:100%
2026-09-09 01:15:17 - mkk_pika - database.py:238 - INFO - 数据库更新已下载章节
2026-09-09 01:15:17 - mkk_pika - database.py:244 - INFO - 该漫画已下载章节如下
2026-09-09 01:15:17 - mkk_pika - database.py:245 - INFO - ['第1集']
2026-09-09 01:15:18 - mkk_pika - main.py:348 - INFO - ==================== 漫画信息 ====================
                                   漫画ID：5cb21452fda86240f5dd6421
                                   标题：ひなあそび (氷菓)
                                   作者：翔玄亭 (久遠)
                                   是否完结：是
                                   总页数：11
                                   分类：同人,短篇,純愛
                                   章节数：1
                                   最后更新时间：2019-04-13T16:54:42.293Z
                                   =================================================
2026-09-09 01:15:18 - mkk_pika - database.py:101 - INFO - 保存成功：ひなあそび (氷菓)
2026-09-09 01:15:18 - mkk_pika - main.py:35 - INFO - 开始检查(C94) らんこっぽいの! 3 (アイドルマスター シンデレラガールズ)[中国翻訳]是否存在未下载章节
2026-09-09 01:15:19 - mkk_pika - main.py:45 - INFO - 正在下载:[(C94) らんこっぽいの! 3 (アイドルマスター シンデレラガールズ)[中国翻訳]]-[Cat FooD (なぱた)]-[['短篇', '同人']]-[total_pages:19]
2026-09-09 01:15:19 - mkk_pika - main.py:49 - INFO - [{'_id': '5cb214b3fda86240f5dd643e', 'title': '第1集', 'order': 1, 'updated_at': '2019-04-13T14:51:00.696Z', 'id': '5cb214b3fda86240f5dd643e'}]
2026-09-09 01:15:19 - mkk_pika - database.py:215 - INFO - 第一次下载该漫画，记录数据库中
2026-09-09 01:15:19 - mkk_pika - main.py:83 - INFO - 找到 19 张图片在:第1集
2026-09-09 01:15:20 - mkk_pika - main.py:112 - INFO - [episode:第1集       ] downloaded:    19, total:  19, progress:100%
2026-09-09 01:15:20 - mkk_pika - database.py:238 - INFO - 数据库更新已下载章节
2026-09-09 01:15:20 - mkk_pika - database.py:244 - INFO - 该漫画已下载章节如下
2026-09-09 01:15:20 - mkk_pika - database.py:245 - INFO - ['第1集']
2026-09-09 01:15:22 - mkk_pika - main.py:348 - INFO - ==================== 漫画信息 ====================
                                   漫画ID：5cb214b3fda86240f5dd643d
                                   标题：(C94) らんこっぽいの! 3 (アイドルマスター シンデレラガールズ)[中国翻訳]
                                   作者：Cat FooD (なぱた)
                                   是否完结：是
                                   总页数：19
                                   分类：短篇,同人
                                   章节数：1
                                   最后更新时间：2019-04-13T16:56:19.294Z
                                   =================================================
2026-09-09 01:15:22 - mkk_pika - database.py:101 - INFO - 保存成功：(C94) らんこっぽいの! 3 (アイドルマスター シンデレラガールズ)[中国翻訳]
2026-09-09 01:15:22 - mkk_pika - main.py:35 - INFO - 开始检查(C95)MAKE UP SAGA (ゾンビランドサガ)是否存在未下载章节
2026-09-09 01:15:22 - mkk_pika - main.py:45 - INFO - 正在下载:[(C95)MAKE UP SAGA (ゾンビランドサガ)]-[chaos-graphixxx (無道叡智)]-[['短篇', '同人', '百合花園']]-[total_pages:31]
2026-09-09 01:15:22 - mkk_pika - main.py:49 - INFO - [{'_id': '5cb214ebfda86240f5dd6456', 'title': '第1集', 'order': 1, 'updated_at': '2019-04-13T15:54:08.614Z', 'id': '5cb214ebfda86240f5dd6456'}]
2026-09-09 01:15:22 - mkk_pika - database.py:215 - INFO - 第一次下载该漫画，记录数据库中
2026-09-09 01:15:22 - mkk_pika - main.py:83 - INFO - 找到 31 张图片在:第1集
2026-09-09 01:15:24 - mkk_pika - main.py:112 - INFO - [episode:第1集       ] downloaded:    31, total:  31, progress:100%
2026-09-09 01:15:24 - mkk_pika - database.py:238 - INFO - 数据库更新已下载章节
2026-09-09 01:15:24 - mkk_pika - database.py:244 - INFO - 该漫画已下载章节如下
2026-09-09 01:15:24 - mkk_pika - database.py:245 - INFO - ['第1集']
2026-09-09 01:15:26 - mkk_pika - main.py:348 - INFO - ==================== 漫画信息 ====================
                                   漫画ID：5cb214ebfda86240f5dd6455
                                   标题：(C95)MAKE UP SAGA (ゾンビランドサガ)
                                   作者：chaos-graphixxx (無道叡智)
                                   是否完结：是
                                   总页数：31
                                   分类：短篇,同人,百合花園
                                   章节数：1
                                   最后更新时间：2019-04-13T16:57:15.168Z
                                   =================================================
2026-09-09 01:15:26 - mkk_pika - database.py:101 - INFO - 保存成功：(C95)MAKE UP SAGA (ゾンビランドサガ)
2026-09-09 01:15:26 - mkk_pika - main.py:35 - INFO - 开始检查沒錯!我就是 你的DARLING!!是否存在未下载章节
2026-09-09 01:15:26 - mkk_pika - main.py:45 - INFO - 正在下载:[沒錯!我就是 你的DARLING!!]-[麒麟的快樂繪圖之家(麒麟)]-[['同人']]-[total_pages:27]
2026-09-09 01:15:26 - mkk_pika - main.py:49 - INFO - [{'_id': '5cb2c9cd625f5f18b5d20cdb', 'title': '第1集', 'order': 1, 'updated_at': '2019-04-14T05:20:37.368Z', 'id': '5cb2c9cd625f5f18b5d20cdb'}]
2026-09-09 01:15:26 - mkk_pika - database.py:215 - INFO - 第一次下载该漫画，记录数据库中
2026-09-09 01:15:26 - mkk_pika - main.py:83 - INFO - 找到 27 张图片在:第1集
2026-09-09 01:15:27 - mkk_pika - main.py:112 - INFO - [episode:第1集       ] downloaded:    27, total:  27, progress:100%
2026-09-09 01:15:27 - mkk_pika - database.py:238 - INFO - 数据库更新已下载章节
2026-09-09 01:15:27 - mkk_pika - database.py:244 - INFO - 该漫画已下载章节如下
2026-09-09 01:15:27 - mkk_pika - database.py:245 - INFO - ['第1集']
2026-09-09 01:15:29 - mkk_pika - main.py:348 - INFO - ==================== 漫画信息 ====================
                                   漫画ID：5cb2c9cd625f5f18b5d20cda
                                   标题：沒錯!我就是 你的DARLING!!
                                   作者：麒麟的快樂繪圖之家(麒麟)
                                   是否完结：否
                                   总页数：27
                                   分类：同人
                                   章节数：1
                                   最后更新时间：2019-04-14T05:49:01.214Z
                                   =================================================
2026-09-09 01:15:29 - mkk_pika - database.py:101 - INFO - 保存成功：沒錯!我就是 你的DARLING!!
2026-09-09 01:15:29 - mkk_pika - main.py:35 - INFO - 开始检查メルティギャル (COMIC 快楽天ビースト 2018年12月号) [无修正]是否存在未下载章节
2026-09-09 01:15:29 - mkk_pika - main.py:45 - INFO - 正在下载:[メルティギャル (COMIC 快楽天ビースト 2018年12月号) [无修正]]-[kakao]-[['短篇', '純愛']]-[total_pages:22]
2026-09-09 01:15:29 - mkk_pika - main.py:49 - INFO - [{'_id': '5cb36dbe9d7ea340d4537935', 'title': '第1集', 'order': 1, 'updated_at': '2019-04-14T14:19:52.127Z', 'id': '5cb36dbe9d7ea340d4537935'}]
2026-09-09 01:15:29 - mkk_pika - database.py:215 - INFO - 第一次下载该漫画，记录数据库中
2026-09-09 01:15:29 - mkk_pika - main.py:83 - INFO - 找到 22 张图片在:第1集
2026-09-09 01:15:31 - mkk_pika - main.py:112 - INFO - [episode:第1集       ] downloaded:    22, total:  22, progress:100%
2026-09-09 01:15:31 - mkk_pika - database.py:238 - INFO - 数据库更新已下载章节
2026-09-09 01:15:31 - mkk_pika - database.py:244 - INFO - 该漫画已下载章节如下
2026-09-09 01:15:31 - mkk_pika - database.py:245 - INFO - ['第1集']
2026-09-09 01:15:33 - mkk_pika - main.py:348 - INFO - ==================== 漫画信息 ====================
                                   漫画ID：5cb3337572c2b4187f7587aa
                                   标题：メルティギャル (COMIC 快楽天ビースト 2018年12月号) [无修正]
                                   作者：kakao
                                   是否完结：否
                                   总页数：22
                                   分类：短篇,純愛
                                   章节数：1
                                   最后更新时间：2019-04-14T13:19:49.840Z
                                   =================================================
2026-09-09 01:15:33 - mkk_pika - database.py:101 - INFO - 保存成功：メルティギャル (COMIC 快楽天ビースト 2018年12月号) [无修正]
2026-09-09 01:15:33 - mkk_pika - main.py:35 - INFO - 开始检查処女精通(異世界娼館) [中国翻訳]是否存在未下载章节
2026-09-09 01:15:33 - mkk_pika - main.py:45 - INFO - 正在下载:[処女精通(異世界娼館) [中国翻訳]]-[Naitou2 (F4U)]-[['短篇', '非人類']]-[total_pages:33]
2026-09-09 01:15:33 - mkk_pika - main.py:49 - INFO - [{'_id': '5cb3339a59271918ac059ea2', 'title': '第1集', 'order': 1, 'updated_at': '2019-04-14T03:19:37.800Z', 'id': '5cb3339a59271918ac059ea2'}]
2026-09-09 01:15:33 - mkk_pika - database.py:215 - INFO - 第一次下载该漫画，记录数据库中
2026-09-09 01:15:33 - mkk_pika - main.py:83 - INFO - 找到 33 张图片在:第1集
2026-09-09 01:15:35 - mkk_pika - main.py:112 - INFO - [episode:第1集       ] downloaded:    33, total:  33, progress:100%
2026-09-09 01:15:35 - mkk_pika - database.py:238 - INFO - 数据库更新已下载章节
2026-09-09 01:15:35 - mkk_pika - database.py:244 - INFO - 该漫画已下载章节如下
2026-09-09 01:15:35 - mkk_pika - database.py:245 - INFO - ['第1集']
2026-09-09 01:15:37 - mkk_pika - main.py:348 - INFO - ==================== 漫画信息 ====================
                                   漫画ID：5cb3339a59271918ac059ea1
                                   标题：処女精通(異世界娼館) [中国翻訳]
                                   作者：Naitou2 (F4U)
                                   是否完结：是
                                   总页数：33
                                   分类：短篇,非人類
                                   章节数：1
                                   最后更新时间：2019-04-14T13:20:26.403Z
                                   =================================================
2026-09-09 01:15:37 - mkk_pika - database.py:101 - INFO - 保存成功：処女精通(異世界娼館) [中国翻訳]
2026-09-09 01:15:37 - mkk_pika - main.py:35 - INFO - 开始检查Honey Syrup是否存在未下载章节
2026-09-09 01:15:37 - mkk_pika - main.py:45 - INFO - 正在下载:[Honey Syrup]-[藤ます]-[['長篇', '單行本']]-[total_pages:210]
2026-09-09 01:15:37 - mkk_pika - main.py:49 - INFO - [{'_id': '5cb333a99604e540dc6a40ed', 'title': '第1集', 'order': 1, 'updated_at': '2019-04-14T03:17:45.799Z', 'id': '5cb333a99604e540dc6a40ed'}]
2026-09-09 01:15:37 - mkk_pika - database.py:215 - INFO - 第一次下载该漫画，记录数据库中
2026-09-09 01:15:39 - mkk_pika - main.py:83 - INFO - 找到 210 张图片在:第1集
2026-09-09 01:15:55 - mkk_pika - main.py:112 - INFO - [episode:第1集       ] downloaded:   210, total: 210, progress:100%
2026-09-09 01:15:55 - mkk_pika - database.py:238 - INFO - 数据库更新已下载章节
2026-09-09 01:15:55 - mkk_pika - database.py:244 - INFO - 该漫画已下载章节如下
2026-09-09 01:15:55 - mkk_pika - database.py:245 - INFO - ['第1集']
2026-09-09 01:15:56 - mkk_pika - main.py:348 - INFO - ==================== 漫画信息 ====================
                                   漫画ID：5cb333a99604e540dc6a40ec
                                   标题：Honey Syrup
                                   作者：藤ます
                                   是否完结：是
                                   总页数：210
                                   分类：長篇,單行本
                                   章节数：1
                                   最后更新时间：2019-04-14T13:20:41.852Z
                                   =================================================
2026-09-09 01:15:56 - mkk_pika - database.py:101 - INFO - 保存成功：Honey Syrup
2026-09-09 01:15:56 - mkk_pika - main.py:35 - INFO - 开始检查Nymphodelic （单行）是否存在未下载章节
2026-09-09 01:15:57 - mkk_pika - main.py:45 - INFO - 正在下载:[Nymphodelic （单行）]-[東山翔]-[['長篇', '妹妹系', '單行本', '純愛']]-[total_pages:286]
2026-09-09 01:15:57 - mkk_pika - main.py:49 - INFO - [{'_id': '5cb333f45f613e4ccf00b911', 'title': '第1集', 'order': 1, 'updated_at': '2019-04-14T03:52:14.535Z', 'id': '5cb333f45f613e4ccf00b911'}]
2026-09-09 01:15:57 - mkk_pika - database.py:215 - INFO - 第一次下载该漫画，记录数据库中
2026-09-09 01:16:02 - mkk_pika - main.py:83 - INFO - 找到 286 张图片在:第1集
2026-09-09 01:16:29 - mkk_pika - main.py:112 - INFO - [episode:第1集       ] downloaded:   286, total: 286, progress:100%
2026-09-09 01:16:29 - mkk_pika - database.py:238 - INFO - 数据库更新已下载章节
2026-09-09 01:16:29 - mkk_pika - database.py:244 - INFO - 该漫画已下载章节如下
2026-09-09 01:16:29 - mkk_pika - database.py:245 - INFO - ['第1集']
2026-09-09 01:16:31 - mkk_pika - main.py:348 - INFO - ==================== 漫画信息 ====================
                                   漫画ID：5cb333f45f613e4ccf00b910
                                   标题：Nymphodelic （单行）
                                   作者：東山翔
                                   是否完结：是
                                   总页数：286
                                   分类：長篇,妹妹系,單行本,純愛
                                   章节数：1
                                   最后更新时间：2019-04-14T13:21:56.017Z
                                   =================================================
2026-09-09 01:16:31 - mkk_pika - database.py:101 - INFO - 保存成功：Nymphodelic （单行）
2026-09-09 01:16:31 - mkk_pika - main.py:35 - INFO - 开始检查(C84) ヨロコビの国 Vol.19 ノーパン喫茶ではたらくリッカちゃん (ドキドキ！プリキュア)是否存在未下载章节
2026-09-09 01:16:31 - mkk_pika - main.py:45 - INFO - 正在下载:[(C84) ヨロコビの国 Vol.19 ノーパン喫茶ではたらくリッカちゃん (ドキドキ！プリキュア)]-[ヨロコビの国 (JOY RIDE)]-[['同人', '短篇']]-[total_pages:18]
2026-09-09 01:16:31 - mkk_pika - main.py:49 - INFO - [{'_id': '5cb334f1628dc4575a224bd9', 'title': '第1集', 'order': 1, 'updated_at': '2019-04-14T04:10:33.457Z', 'id': '5cb334f1628dc4575a224bd9'}]
2026-09-09 01:16:31 - mkk_pika - database.py:215 - INFO - 第一次下载该漫画，记录数据库中
2026-09-09 01:16:32 - mkk_pika - main.py:83 - INFO - 找到 18 张图片在:第1集
2026-09-09 01:16:34 - mkk_pika - main.py:112 - INFO - [episode:第1集       ] downloaded:    18, total:  18, progress:100%
2026-09-09 01:16:34 - mkk_pika - database.py:238 - INFO - 数据库更新已下载章节
2026-09-09 01:16:34 - mkk_pika - database.py:244 - INFO - 该漫画已下载章节如下
2026-09-09 01:16:34 - mkk_pika - database.py:245 - INFO - ['第1集']
2026-09-09 01:16:36 - mkk_pika - main.py:348 - INFO - ==================== 漫画信息 ====================
                                   漫画ID：5cb334f1628dc4575a224bd8
                                   标题：(C84) ヨロコビの国 Vol.19 ノーパン喫茶ではたらくリッカちゃん (ドキドキ！プリキュア)
                                   作者：ヨロコビの国 (JOY RIDE)
                                   是否完结：是
                                   总页数：18
                                   分类：同人,短篇
                                   章节数：1
                                   最后更新时间：2019-04-14T13:26:09.676Z
                                   =================================================
2026-09-09 01:16:36 - mkk_pika - database.py:101 - INFO - 保存成功：(C84) ヨロコビの国 Vol.19 ノーパン喫茶ではたらくリッカちゃん (ドキドキ！プリキュア)
2026-09-09 01:16:36 - mkk_pika - main.py:35 - INFO - 开始检查CHILDLIKE (氷菓)是否存在未下载章节
2026-09-09 01:16:36 - mkk_pika - main.py:45 - INFO - 正在下载:[CHILDLIKE (氷菓)]-[ABLISS (迷)]-[['同人', '短篇', '純愛']]-[total_pages:34]
2026-09-09 01:16:36 - mkk_pika - main.py:49 - INFO - [{'_id': '5cb3352c625f5f18b5d20e68', 'title': '第1集', 'order': 1, 'updated_at': '2019-04-14T04:40:47.749Z', 'id': '5cb3352c625f5f18b5d20e68'}]
2026-09-09 01:16:36 - mkk_pika - database.py:215 - INFO - 第一次下载该漫画，记录数据库中
2026-09-09 01:16:37 - mkk_pika - main.py:83 - INFO - 找到 34 张图片在:第1集
2026-09-09 01:16:43 - mkk_pika - main.py:112 - INFO - [episode:第1集       ] downloaded:    34, total:  34, progress:100%
2026-09-09 01:16:43 - mkk_pika - database.py:238 - INFO - 数据库更新已下载章节
2026-09-09 01:16:43 - mkk_pika - database.py:244 - INFO - 该漫画已下载章节如下
2026-09-09 01:16:43 - mkk_pika - database.py:245 - INFO - ['第1集']
2026-09-09 01:16:44 - mkk_pika - main.py:348 - INFO - ==================== 漫画信息 ====================
                                   漫画ID：5cb3352c625f5f18b5d20e67
                                   标题：CHILDLIKE (氷菓)
                                   作者：ABLISS (迷)
                                   是否完结：是
                                   总页数：34
                                   分类：同人,短篇,純愛
                                   章节数：1
                                   最后更新时间：2019-04-14T13:27:08.279Z
                                   =================================================
2026-09-09 01:16:44 - mkk_pika - database.py:101 - INFO - 保存成功：CHILDLIKE (氷菓)
2026-09-09 01:16:44 - mkk_pika - main.py:35 - INFO - 开始检查(C94) 人間が淫魔&魔法使いと催眠Hする方法 (東方Project) [中国翻訳]是否存在未下载章节
2026-09-09 01:16:45 - mkk_pika - main.py:45 - INFO - 正在下载:[(C94) 人間が淫魔&魔法使いと催眠Hする方法 (東方Project) [中国翻訳]]-[せとらん (イトウせと、タンノらん)]-[['同人', '東方', '短篇', '全彩']]-[total_pages:17]
2026-09-09 01:16:45 - mkk_pika - main.py:49 - INFO - [{'_id': '5cb33542d776c74c9370219c', 'title': '第1集', 'order': 1, 'updated_at': '2019-04-14T05:04:12.639Z', 'id': '5cb33542d776c74c9370219c'}]
2026-09-09 01:16:45 - mkk_pika - database.py:215 - INFO - 第一次下载该漫画，记录数据库中
2026-09-09 01:16:45 - mkk_pika - main.py:83 - INFO - 找到 17 张图片在:第1集
2026-09-09 01:16:47 - mkk_pika - main.py:112 - INFO - [episode:第1集       ] downloaded:    17, total:  17, progress:100%
2026-09-09 01:16:47 - mkk_pika - database.py:238 - INFO - 数据库更新已下载章节
2026-09-09 01:16:47 - mkk_pika - database.py:244 - INFO - 该漫画已下载章节如下
2026-09-09 01:16:47 - mkk_pika - database.py:245 - INFO - ['第1集']
2026-09-09 01:16:48 - mkk_pika - main.py:348 - INFO - ==================== 漫画信息 ====================
                                   漫画ID：5cb33542d776c74c9370219b
                                   标题：(C94) 人間が淫魔&魔法使いと催眠Hする方法 (東方Project) [中国翻訳]
                                   作者：せとらん (イトウせと、タンノらん)
                                   是否完结：是
                                   总页数：17
                                   分类：同人,東方,短篇,全彩
                                   章节数：1
                                   最后更新时间：2019-04-14T13:27:30.273Z
                                   =================================================
2026-09-09 01:16:48 - mkk_pika - database.py:101 - INFO - 保存成功：(C94) 人間が淫魔&魔法使いと催眠Hする方法 (東方Project) [中国翻訳]
2026-09-09 01:16:48 - mkk_pika - main.py:35 - INFO - 开始检查(C90) 鹿島とコンビニックス!アフター (艦隊これくしょん -艦これ-) [中国翻訳]是否存在未下载章节
2026-09-09 01:16:49 - mkk_pika - main.py:45 - INFO - 正在下载:[(C90) 鹿島とコンビニックス!アフター (艦隊これくしょん -艦これ-) [中国翻訳]]-[拡張パーツ (遠藤良危)]-[['短篇', '同人', '艦隊收藏']]-[total_pages:23]
2026-09-09 01:16:49 - mkk_pika - main.py:49 - INFO - [{'_id': '5cb33577625f5f18b5d20e8d', 'title': '第1集', 'order': 1, 'updated_at': '2019-04-14T05:35:23.115Z', 'id': '5cb33577625f5f18b5d20e8d'}]
2026-09-09 01:16:49 - mkk_pika - database.py:215 - INFO - 第一次下载该漫画，记录数据库中
2026-09-09 01:16:50 - mkk_pika - main.py:83 - INFO - 找到 23 张图片在:第1集
2026-09-09 01:16:51 - mkk_pika - main.py:112 - INFO - [episode:第1集       ] downloaded:    23, total:  23, progress:100%
2026-09-09 01:16:51 - mkk_pika - database.py:238 - INFO - 数据库更新已下载章节
2026-09-09 01:16:51 - mkk_pika - database.py:244 - INFO - 该漫画已下载章节如下
2026-09-09 01:16:51 - mkk_pika - database.py:245 - INFO - ['第1集']
2026-09-09 01:16:53 - mkk_pika - main.py:348 - INFO - ==================== 漫画信息 ====================
                                   漫画ID：5cb33577625f5f18b5d20e8c
                                   标题：(C90) 鹿島とコンビニックス!アフター (艦隊これくしょん -艦これ-) [中国翻訳]
                                   作者：拡張パーツ (遠藤良危)
                                   是否完结：是
                                   总页数：23
                                   分类：短篇,同人,艦隊收藏
                                   章节数：1
                                   最后更新时间：2019-04-14T13:28:23.106Z
                                   =================================================
2026-09-09 01:16:53 - mkk_pika - database.py:101 - INFO - 保存成功：(C90) 鹿島とコンビニックス!アフター (艦隊これくしょん -艦これ-) [中国翻訳]
2026-09-09 01:16:53 - mkk_pika - main.py:35 - INFO - 开始检查キョンシーメイフェイ (永遠娘 6) [中国翻訳]是否存在未下载章节
2026-09-09 01:16:53 - mkk_pika - main.py:45 - INFO - 正在下载:[キョンシーメイフェイ (永遠娘 6) [中国翻訳]]-[すみやお]-[['短篇', '純愛', '非人類']]-[total_pages:32]
2026-09-09 01:16:53 - mkk_pika - main.py:49 - INFO - [{'_id': '5cb335bbfda86240f5dd7460', 'title': '第1集', 'order': 1, 'updated_at': '2019-04-14T05:57:12.326Z', 'id': '5cb335bbfda86240f5dd7460'}]
2026-09-09 01:16:53 - mkk_pika - database.py:215 - INFO - 第一次下载该漫画，记录数据库中
2026-09-09 01:16:54 - mkk_pika - main.py:83 - INFO - 找到 32 张图片在:第1集
2026-09-09 01:16:55 - mkk_pika - main.py:112 - INFO - [episode:第1集       ] downloaded:    32, total:  32, progress:100%
2026-09-09 01:16:55 - mkk_pika - database.py:238 - INFO - 数据库更新已下载章节
2026-09-09 01:16:55 - mkk_pika - database.py:244 - INFO - 该漫画已下载章节如下
2026-09-09 01:16:55 - mkk_pika - database.py:245 - INFO - ['第1集']
2026-09-09 01:16:56 - mkk_pika - main.py:348 - INFO - ==================== 漫画信息 ====================
                                   漫画ID：5cb335bbfda86240f5dd745f
                                   标题：キョンシーメイフェイ (永遠娘 6) [中国翻訳]
                                   作者：すみやお
                                   是否完结：是
                                   总页数：32
                                   分类：短篇,純愛,非人類
                                   章节数：1
                                   最后更新时间：2019-04-14T13:29:31.236Z
                                   =================================================
2026-09-09 01:16:56 - mkk_pika - database.py:101 - INFO - 保存成功：キョンシーメイフェイ (永遠娘 6) [中国翻訳]
2026-09-09 01:16:56 - mkk_pika - main.py:35 - INFO - 开始检查ハメて射精して抜かないで  | 戳抽到射精為止別拔出來喔♡是否存在未下载章节
2026-09-09 01:16:57 - mkk_pika - main.py:45 - INFO - 正在下载:[ハメて射精して抜かないで  | 戳抽到射精為止別拔出來喔♡]-[はるるん]-[['長篇', '單行本']]-[total_pages:193]
2026-09-09 01:16:57 - mkk_pika - main.py:49 - INFO - [{'_id': '5cb336409604e540dc6a425b', 'title': '第1集', 'order': 1, 'updated_at': '2019-04-14T08:03:12.883Z', 'id': '5cb336409604e540dc6a425b'}]
2026-09-09 01:16:57 - mkk_pika - database.py:215 - INFO - 第一次下载该漫画，记录数据库中
2026-09-09 01:16:59 - mkk_pika - main.py:83 - INFO - 找到 193 张图片在:第1集
2026-09-09 01:17:08 - mkk_pika - main.py:112 - INFO - [episode:第1集       ] downloaded:   193, total: 193, progress:100%
2026-09-09 01:17:08 - mkk_pika - database.py:238 - INFO - 数据库更新已下载章节
2026-09-09 01:17:08 - mkk_pika - database.py:244 - INFO - 该漫画已下载章节如下
2026-09-09 01:17:08 - mkk_pika - database.py:245 - INFO - ['第1集']
2026-09-09 01:17:10 - mkk_pika - main.py:348 - INFO - ==================== 漫画信息 ====================
                                   漫画ID：5cb336409604e540dc6a425a
                                   标题：ハメて射精して抜かないで  | 戳抽到射精為止別拔出來喔♡
                                   作者：はるるん
                                   是否完结：是
                                   总页数：193
                                   分类：長篇,單行本
                                   章节数：1
                                   最后更新时间：2019-04-14T13:31:44.784Z
                                   =================================================
2026-09-09 01:17:10 - mkk_pika - database.py:101 - INFO - 保存成功：ハメて射精して抜かないで  | 戳抽到射精為止別拔出來喔♡
2026-09-09 01:17:10 - mkk_pika - main.py:35 - INFO - 开始检查(C85)アウトブレイク・ハーレム (アウトブレイク・カンパニー) [中国翻訳] [DL版]是否存在未下载章节
2026-09-09 01:17:10 - mkk_pika - main.py:45 - INFO - 正在下载:[(C85)アウトブレイク・ハーレム (アウトブレイク・カンパニー) [中国翻訳] [DL版]]-[ツン研 (Men's)]-[['短篇', '同人']]-[total_pages:27]
2026-09-09 01:17:10 - mkk_pika - main.py:49 - INFO - [{'_id': '5cb33660f7cf5f4cc57bd77a', 'title': '第1集', 'order': 1, 'updated_at': '2019-04-14T08:23:45.911Z', 'id': '5cb33660f7cf5f4cc57bd77a'}]
2026-09-09 01:17:10 - mkk_pika - database.py:215 - INFO - 第一次下载该漫画，记录数据库中
2026-09-09 01:17:10 - mkk_pika - main.py:83 - INFO - 找到 27 张图片在:第1集
2026-09-09 01:17:12 - mkk_pika - main.py:112 - INFO - [episode:第1集       ] downloaded:    27, total:  27, progress:100%
2026-09-09 01:17:12 - mkk_pika - database.py:238 - INFO - 数据库更新已下载章节
2026-09-09 01:17:12 - mkk_pika - database.py:244 - INFO - 该漫画已下载章节如下
2026-09-09 01:17:12 - mkk_pika - database.py:245 - INFO - ['第1集']
2026-09-09 01:17:13 - mkk_pika - main.py:348 - INFO - ==================== 漫画信息 ====================
                                   漫画ID：5cb33660f7cf5f4cc57bd779
                                   标题：(C85)アウトブレイク・ハーレム (アウトブレイク・カンパニー) [中国翻訳] [DL版]
                                   作者：ツン研 (Men's)
                                   是否完结：否
                                   总页数：27
                                   分类：短篇,同人
                                   章节数：1
                                   最后更新时间：2019-04-14T13:32:16.539Z
                                   =================================================
2026-09-09 01:17:13 - mkk_pika - database.py:101 - INFO - 保存成功：(C85)アウトブレイク・ハーレム (アウトブレイク・カンパニー) [中国翻訳] [DL版]
2026-09-09 01:17:13 - mkk_pika - main.py:35 - INFO - 开始检查うちハメ! | 我家性事!是否存在未下载章节
2026-09-09 01:17:13 - mkk_pika - main.py:45 - INFO - 正在下载:[うちハメ! | 我家性事!]-[小林由高]-[['長篇', '單行本']]-[total_pages:169]
2026-09-09 01:17:13 - mkk_pika - main.py:49 - INFO - [{'_id': '5cb336729604e540dc6a433a', 'title': '第1集', 'order': 1, 'updated_at': '2019-04-14T08:23:51.261Z', 'id': '5cb336729604e540dc6a433a'}]
2026-09-09 01:17:13 - mkk_pika - database.py:215 - INFO - 第一次下载该漫画，记录数据库中
2026-09-09 01:17:16 - mkk_pika - main.py:83 - INFO - 找到 169 张图片在:第1集
2026-09-09 01:17:25 - mkk_pika - main.py:112 - INFO - [episode:第1集       ] downloaded:   169, total: 169, progress:100%
2026-09-09 01:17:25 - mkk_pika - database.py:238 - INFO - 数据库更新已下载章节
2026-09-09 01:17:25 - mkk_pika - database.py:244 - INFO - 该漫画已下载章节如下
2026-09-09 01:17:25 - mkk_pika - database.py:245 - INFO - ['第1集']
2026-09-09 01:17:27 - mkk_pika - main.py:348 - INFO - ==================== 漫画信息 ====================
                                   漫画ID：5cb336729604e540dc6a4339
                                   标题：うちハメ! | 我家性事!
                                   作者：小林由高
                                   是否完结：是
                                   总页数：169
                                   分类：長篇,單行本
                                   章节数：1
                                   最后更新时间：2019-04-14T13:32:34.252Z
                                   =================================================
2026-09-09 01:17:27 - mkk_pika - database.py:101 - INFO - 保存成功：うちハメ! | 我家性事!
2026-09-09 01:17:27 - mkk_pika - main.py:35 - INFO - 开始检查(COMIC1☆13) まじめなありすとおませな桃華 (アイドルマスター シンデレラガールズ) [中国翻訳]是否存在未下载章节
2026-09-09 01:17:27 - mkk_pika - main.py:45 - INFO - 正在下载:[(COMIC1☆13) まじめなありすとおませな桃華 (アイドルマスター シンデレラガールズ) [中国翻訳]]-[ぷりたにあ (ぷり)]-[['短篇', '同人', 'SM']]-[total_pages:23]
2026-09-09 01:17:27 - mkk_pika - main.py:49 - INFO - [{'_id': '5cb33695625f5f18b5d20eb7', 'title': '第1集', 'order': 1, 'updated_at': '2019-04-14T09:05:28.609Z', 'id': '5cb33695625f5f18b5d20eb7'}]
2026-09-09 01:17:27 - mkk_pika - database.py:215 - INFO - 第一次下载该漫画，记录数据库中
2026-09-09 01:17:28 - mkk_pika - main.py:83 - INFO - 找到 23 张图片在:第1集
2026-09-09 01:17:30 - mkk_pika - main.py:112 - INFO - [episode:第1集       ] downloaded:    23, total:  23, progress:100%
2026-09-09 01:17:30 - mkk_pika - database.py:238 - INFO - 数据库更新已下载章节
2026-09-09 01:17:30 - mkk_pika - database.py:244 - INFO - 该漫画已下载章节如下
2026-09-09 01:17:30 - mkk_pika - database.py:245 - INFO - ['第1集']
2026-09-09 01:17:32 - mkk_pika - main.py:348 - INFO - ==================== 漫画信息 ====================
                                   漫画ID：5cb33695625f5f18b5d20eb6
                                   标题：(COMIC1☆13) まじめなありすとおませな桃華 (アイドルマスター シンデレラガールズ) [中国翻訳]
                                   作者：ぷりたにあ (ぷり)
                                   是否完结：是
                                   总页数：23
                                   分类：短篇,同人,SM
                                   章节数：1
                                   最后更新时间：2019-04-14T13:33:09.823Z
                                   =================================================
2026-09-09 01:17:32 - mkk_pika - database.py:101 - INFO - 保存成功：(COMIC1☆13) まじめなありすとおませな桃華 (アイドルマスター シンデレラガールズ) [中国翻訳]
2026-09-09 01:17:32 - mkk_pika - main.py:35 - INFO - 开始检查アテナの肉壺 (聖闘士星矢)是否存在未下载章节
2026-09-09 01:17:33 - mkk_pika - main.py:45 - INFO - 正在下载:[アテナの肉壺 (聖闘士星矢)]-[サークル太平天国 (堀川悟郎)]-[['同人', '短篇', '非人類']]-[total_pages:61]
2026-09-09 01:17:33 - mkk_pika - main.py:49 - INFO - [{'_id': '5cb336b6748a3c4c9bba2608', 'title': '第1集', 'order': 1, 'updated_at': '2019-04-14T09:52:08.469Z', 'id': '5cb336b6748a3c4c9bba2608'}]
2026-09-09 01:17:33 - mkk_pika - database.py:215 - INFO - 第一次下载该漫画，记录数据库中
2026-09-09 01:17:37 - mkk_pika - main.py:83 - INFO - 找到 61 张图片在:第1集
2026-09-09 01:17:42 - mkk_pika - main.py:112 - INFO - [episode:第1集       ] downloaded:    61, total:  61, progress:100%
2026-09-09 01:17:42 - mkk_pika - database.py:238 - INFO - 数据库更新已下载章节
2026-09-09 01:17:42 - mkk_pika - database.py:244 - INFO - 该漫画已下载章节如下
2026-09-09 01:17:42 - mkk_pika - database.py:245 - INFO - ['第1集']
2026-09-09 01:17:43 - mkk_pika - main.py:348 - INFO - ==================== 漫画信息 ====================
                                   漫画ID：5cb336b6748a3c4c9bba2607
                                   标题：アテナの肉壺 (聖闘士星矢)
                                   作者：サークル太平天国 (堀川悟郎)
                                   是否完结：是
                                   总页数：61
                                   分类：同人,短篇,非人類
                                   章节数：1
                                   最后更新时间：2019-04-14T13:33:42.457Z
                                   =================================================
2026-09-09 01:17:43 - mkk_pika - database.py:101 - INFO - 保存成功：アテナの肉壺 (聖闘士星矢)
2026-09-09 01:17:43 - mkk_pika - main.py:35 - INFO - 开始检查ご利用は計画的に… (コミックホットミルク 2009年8月号) [中国翻訳]是否存在未下载章节
2026-09-09 01:17:43 - mkk_pika - main.py:45 - INFO - 正在下载:[ご利用は計画的に… (コミックホットミルク 2009年8月号) [中国翻訳]]-[月野定規]-[['短篇']]-[total_pages:20]
2026-09-09 01:17:43 - mkk_pika - main.py:49 - INFO - [{'_id': '5cb3371f628dc4575a224ecc', 'title': '第1集', 'order': 1, 'updated_at': '2019-04-14T11:11:15.736Z', 'id': '5cb3371f628dc4575a224ecc'}]
2026-09-09 01:17:43 - mkk_pika - database.py:215 - INFO - 第一次下载该漫画，记录数据库中
2026-09-09 01:17:44 - mkk_pika - main.py:83 - INFO - 找到 20 张图片在:第1集
2026-09-09 01:17:45 - mkk_pika - main.py:112 - INFO - [episode:第1集       ] downloaded:    20, total:  20, progress:100%
2026-09-09 01:17:45 - mkk_pika - database.py:238 - INFO - 数据库更新已下载章节
2026-09-09 01:17:45 - mkk_pika - database.py:244 - INFO - 该漫画已下载章节如下
2026-09-09 01:17:45 - mkk_pika - database.py:245 - INFO - ['第1集']
2026-09-09 01:17:47 - mkk_pika - main.py:348 - INFO - ==================== 漫画信息 ====================
                                   漫画ID：5cb3371f628dc4575a224ecb
                                   标题：ご利用は計画的に… (コミックホットミルク 2009年8月号) [中国翻訳]
                                   作者：月野定規
                                   是否完结：是
                                   总页数：20
                                   分类：短篇
                                   章节数：1
                                   最后更新时间：2019-04-14T13:35:27.717Z
                                   =================================================
2026-09-09 01:17:47 - mkk_pika - database.py:101 - INFO - 保存成功：ご利用は計画的に… (コミックホットミルク 2009年8月号) [中国翻訳]
2026-09-09 01:17:47 - mkk_pika - main.py:35 - INFO - 开始检查SEMPER EADEM ～イクモコノママニ～是否存在未下载章节
2026-09-09 01:17:47 - mkk_pika - main.py:45 - INFO - 正在下载:[SEMPER EADEM ～イクモコノママニ～]-[電波ゆんゆん (おさかな)]-[['同人', '短篇', '扶他樂園', '東方']]-[total_pages:45]
2026-09-09 01:17:47 - mkk_pika - main.py:49 - INFO - [{'_id': '5cb33777cafc0a410362bb6f', 'title': '第1集', 'order': 1, 'updated_at': '2019-04-14T11:54:10.276Z', 'id': '5cb33777cafc0a410362bb6f'}]
2026-09-09 01:17:47 - mkk_pika - database.py:215 - INFO - 第一次下载该漫画，记录数据库中
2026-09-09 01:17:48 - mkk_pika - main.py:83 - INFO - 找到 45 张图片在:第1集
2026-09-09 01:17:52 - mkk_pika - main.py:112 - INFO - [episode:第1集       ] downloaded:    45, total:  45, progress:100%
2026-09-09 01:17:52 - mkk_pika - database.py:238 - INFO - 数据库更新已下载章节
2026-09-09 01:17:52 - mkk_pika - database.py:244 - INFO - 该漫画已下载章节如下
2026-09-09 01:17:52 - mkk_pika - database.py:245 - INFO - ['第1集']
2026-09-09 01:17:53 - mkk_pika - main.py:348 - INFO - ==================== 漫画信息 ====================
                                   漫画ID：5cb33777cafc0a410362bb6e
                                   标题：SEMPER EADEM ～イクモコノママニ～
                                   作者：電波ゆんゆん (おさかな)
                                   是否完结：否
                                   总页数：45
                                   分类：同人,短篇,扶他樂園,東方
                                   章节数：1
                                   最后更新时间：2019-04-14T13:36:55.913Z
                                   =================================================
2026-09-09 01:17:53 - mkk_pika - database.py:101 - INFO - 保存成功：SEMPER EADEM ～イクモコノママニ～
2026-09-09 01:17:53 - mkk_pika - main.py:35 - INFO - 开始检查(例大祭10) まるごとアリス (東方Project) [中国翻訳]是否存在未下载章节
2026-09-09 01:17:54 - mkk_pika - main.py:45 - INFO - 正在下载:[(例大祭10) まるごとアリス (東方Project) [中国翻訳]]-[白銀木犀 (ぽし)]-[['短篇', '同人', '東方']]-[total_pages:45]
2026-09-09 01:17:54 - mkk_pika - main.py:49 - INFO - [{'_id': '5cb337b8cafc0a410362bb9e', 'title': '第1集', 'order': 1, 'updated_at': '2019-04-14T12:44:50.400Z', 'id': '5cb337b8cafc0a410362bb9e'}]
2026-09-09 01:17:54 - mkk_pika - database.py:215 - INFO - 第一次下载该漫画，记录数据库中
2026-09-09 01:17:55 - mkk_pika - main.py:83 - INFO - 找到 45 张图片在:第1集
2026-09-09 01:17:57 - mkk_pika - main.py:112 - INFO - [episode:第1集       ] downloaded:    45, total:  45, progress:100%
2026-09-09 01:17:57 - mkk_pika - database.py:238 - INFO - 数据库更新已下载章节
2026-09-09 01:17:57 - mkk_pika - database.py:244 - INFO - 该漫画已下载章节如下
2026-09-09 01:17:57 - mkk_pika - database.py:245 - INFO - ['第1集']
2026-09-09 01:17:59 - mkk_pika - main.py:348 - INFO - ==================== 漫画信息 ====================
                                   漫画ID：5cb337b8cafc0a410362bb9d
                                   标题：(例大祭10) まるごとアリス (東方Project) [中国翻訳]
                                   作者：白銀木犀 (ぽし)
                                   是否完结：是
                                   总页数：45
                                   分类：短篇,同人,東方
                                   章节数：1
                                   最后更新时间：2019-04-14T13:38:00.150Z
                                   =================================================
2026-09-09 01:17:59 - mkk_pika - database.py:101 - INFO - 保存成功：(例大祭10) まるごとアリス (東方Project) [中国翻訳]
2026-09-09 01:17:59 - mkk_pika - main.py:35 - INFO - 开始检查オナひめさま 愛自慰的公主是否存在未下载章节
2026-09-09 01:17:59 - mkk_pika - main.py:45 - INFO - 正在下载:[オナひめさま 愛自慰的公主]-[まりお]-[['長篇', '純愛', '單行本', '後宮閃光', '姐姐系', '妹妹系', 'SM']]-[total_pages:198]
2026-09-09 01:17:59 - mkk_pika - main.py:49 - INFO - [{'_id': '5cb337be3148bb1887053421', 'title': '社保公主的單行本', 'order': 1, 'updated_at': '2019-04-11T12:16:31.139Z', 'id': '5cb337be3148bb1887053421'}]
2026-09-09 01:17:59 - mkk_pika - database.py:215 - INFO - 第一次下载该漫画，记录数据库中
2026-09-09 01:18:01 - mkk_pika - main.py:83 - INFO - 找到 198 张图片在:社保公主的單行本
2026-09-09 01:18:15 - mkk_pika - main.py:112 - INFO - [episode:社保公主的單行本  ] downloaded:   198, total: 198, progress:100%
2026-09-09 01:18:15 - mkk_pika - database.py:238 - INFO - 数据库更新已下载章节
2026-09-09 01:18:15 - mkk_pika - database.py:244 - INFO - 该漫画已下载章节如下
2026-09-09 01:18:15 - mkk_pika - database.py:245 - INFO - ['社保公主的單行本']
2026-09-09 01:18:16 - mkk_pika - main.py:348 - INFO - ==================== 漫画信息 ====================
                                   漫画ID：5cb337be3148bb1887053420
                                   标题：オナひめさま 愛自慰的公主
                                   作者：まりお
                                   是否完结：是
                                   总页数：198
                                   分类：長篇,純愛,單行本,後宮閃光,姐姐系,妹妹系,SM
                                   章节数：1
                                   最后更新时间：2019-04-14T13:38:06.709Z
                                   =================================================
2026-09-09 01:18:16 - mkk_pika - database.py:101 - INFO - 保存成功：オナひめさま 愛自慰的公主
2026-09-09 01:18:16 - mkk_pika - main.py:35 - INFO - 开始检查我が為に雌豚は鳴く 第1-3話 [中国翻訳] [DL版]是否存在未下载章节
2026-09-09 01:18:17 - mkk_pika - main.py:45 - INFO - 正在下载:[我が為に雌豚は鳴く 第1-3話 [中国翻訳] [DL版]]-[ごや]-[['短篇', '強暴']]-[total_pages:103]
2026-09-09 01:18:17 - mkk_pika - main.py:49 - INFO - [{'_id': '5cb337dfcafc0a410362bbcd', 'title': '第1集', 'order': 1, 'updated_at': '2019-04-14T13:20:40.972Z', 'id': '5cb337dfcafc0a410362bbcd'}]
2026-09-09 01:18:17 - mkk_pika - database.py:215 - INFO - 第一次下载该漫画，记录数据库中
2026-09-09 01:18:18 - mkk_pika - main.py:83 - INFO - 找到 103 张图片在:第1集
2026-09-09 01:18:24 - mkk_pika - main.py:112 - INFO - [episode:第1集       ] downloaded:   103, total: 103, progress:100%
2026-09-09 01:18:24 - mkk_pika - database.py:238 - INFO - 数据库更新已下载章节
2026-09-09 01:18:24 - mkk_pika - database.py:244 - INFO - 该漫画已下载章节如下
2026-09-09 01:18:24 - mkk_pika - database.py:245 - INFO - ['第1集']
2026-09-09 01:18:26 - mkk_pika - main.py:348 - INFO - ==================== 漫画信息 ====================
                                   漫画ID：5cb337dfcafc0a410362bbcc
                                   标题：我が為に雌豚は鳴く 第1-3話 [中国翻訳] [DL版]
                                   作者：ごや
                                   是否完结：是
                                   总页数：103
                                   分类：短篇,強暴
                                   章节数：1
                                   最后更新时间：2019-04-14T13:38:39.622Z
                                   =================================================
2026-09-09 01:18:26 - mkk_pika - database.py:101 - INFO - 保存成功：我が為に雌豚は鳴く 第1-3話 [中国翻訳] [DL版]
2026-09-09 01:18:26 - mkk_pika - main.py:380 - INFO - 本次任务下载完毕
2026-09-09 01:18:26 - mkk_pika - database.py:173 - INFO - 数据库连接已关闭
