2026-10-01 02:02:20 - mkk_pika - main.py:193 - INFO - =======================================================================
2026-10-01 02:02:20 - mkk_pika - database.py:61 - INFO - 表和索引初始化成功
2026-10-01 02:02:20 - mkk_pika - main.py:197 - INFO - 已经累计下载22005本漫画
2026-10-01 02:02:20 - mkk_pika - api.py:87 - INFO - 登录成功
2026-10-01 02:02:21 - mkk_pika - main.py:203 - INFO - 收藏夹共计0本漫画
2026-10-01 02:02:21 - mkk_pika - main.py:206 - INFO - 开始下载收藏夹内未下载内容
2026-10-01 02:02:21 - mkk_pika - main.py:266 - INFO - 收藏夹内容下载完毕
2026-10-01 02:02:21 - mkk_pika - main.py:268 - INFO - 开始下载订阅内容
2026-10-01 02:02:21 - mkk_pika - database.py:258 - INFO - 根据ID查询到标题：萝莉 -> 八朔 [DL版]
2026-10-01 02:02:21 - mkk_pika - database.py:101 - INFO - 保存成功：八朔 [DL版]
2026-10-01 02:02:21 - mkk_pika - main.py:273 - INFO - 关键词萝莉找到1本漫画
2026-10-01 02:02:21 - mkk_pika - database.py:258 - INFO - 根据ID查询到标题：蘿莉 -> [Pixiv] - ショウ (39377390)（AI）
2026-10-01 02:02:22 - mkk_pika - database.py:101 - INFO - 保存成功：[Pixiv] 天奈 (30151012)（AI）
2026-10-01 02:02:22 - mkk_pika - main.py:273 - INFO - 关键词蘿莉找到2本漫画
2026-10-01 02:02:22 - mkk_pika - main.py:275 - INFO - 订阅内容共计3本漫画
2026-10-01 02:02:22 - mkk_pika - main.py:35 - INFO - 开始检查おじさんとのエッチにハマっちゃった女の子| 沉迷于和大叔做爱的女孩 [中国翻訳]是否存在未下载章节
2026-10-01 02:02:22 - mkk_pika - database.py:203 - INFO - 查询数据库中是否已存在熟肉
2026-10-01 02:02:22 - mkk_pika - main.py:51 - INFO - おじさんとのエッチにハマっちゃった女の子| 沉迷于和大叔做爱的女孩 [中国翻訳]中没有可下载章节
2026-10-01 02:02:23 - mkk_pika - main.py:292 - INFO - ==================== 漫画信息 ====================
                                漫画ID：6ab29da0b060df0a51c37655
                                标题：おじさんとのエッチにハマっちゃった女の子| 沉迷于和大叔做爱的女孩 [中国翻訳]
                                作者：木小屋Me (きごみー)
                                是否完结：是
                                总页数：33
                                分类：短篇
                                章节数：1
                                最后更新时间：2026-09-22T15:24:16.617Z
                                =================================================
2026-10-01 02:02:23 - mkk_pika - database.py:101 - INFO - 保存成功：おじさんとのエッチにハマっちゃった女の子| 沉迷于和大叔做爱的女孩 [中国翻訳]
2026-10-01 02:02:23 - mkk_pika - main.py:35 - INFO - 开始检查ちいさいハダカがいいんでしょ？是否存在未下载章节
2026-10-01 02:02:23 - mkk_pika - main.py:45 - INFO - 正在下载:[ちいさいハダカがいいんでしょ？]-[きのもと杏]-[['單行本']]-[total_pages:-1]
2026-10-01 02:02:23 - mkk_pika - main.py:49 - INFO - [{'_id': '6abd381999a0e607642c9a79', 'title': '第1話', 'order': 1, 'updated_at': '2026-09-30T05:25:49.606Z', 'id': '6abd381999a0e607642c9a79'}]
2026-10-01 02:02:23 - mkk_pika - database.py:215 - INFO - 第一次下载该漫画，记录数据库中
2026-10-01 02:02:25 - mkk_pika - main.py:83 - INFO - 找到 186 张图片在:第1話
2026-10-01 02:02:29 - mkk_pika - main.py:112 - INFO - [episode:第1話       ] downloaded:   186, total: 186, progress:100%
2026-10-01 02:02:29 - mkk_pika - database.py:238 - INFO - 数据库更新已下载章节
2026-10-01 02:02:29 - mkk_pika - database.py:244 - INFO - 该漫画已下载章节如下
2026-10-01 02:02:29 - mkk_pika - database.py:245 - INFO - ['第1話']
2026-10-01 02:02:30 - mkk_pika - main.py:292 - INFO - ==================== 漫画信息 ====================
                                漫画ID：6abd381999a0e607642c9a78
                                标题：ちいさいハダカがいいんでしょ？
                                作者：きのもと杏
                                是否完结：是
                                总页数：186
                                分类：單行本
                                章节数：1
                                最后更新时间：2026-09-30T16:26:01.071Z
                                =================================================
2026-10-01 02:02:30 - mkk_pika - database.py:101 - INFO - 保存成功：ちいさいハダカがいいんでしょ？
2026-10-01 02:02:30 - mkk_pika - main.py:35 - INFO - 开始检查ガールラヴ・ダイアリー クリスマススペシャル是否存在未下载章节
2026-10-01 02:02:31 - mkk_pika - main.py:45 - INFO - 正在下载:[ガールラヴ・ダイアリー クリスマススペシャル]-[東山翔]-[['短篇']]-[total_pages:-1]
2026-10-01 02:02:31 - mkk_pika - main.py:49 - INFO - [{'_id': '6abd37eaee4c670754264a3a', 'title': '第1話', 'order': 1, 'updated_at': '2026-09-30T04:55:30.187Z', 'id': '6abd37eaee4c670754264a3a'}]
2026-10-01 02:02:31 - mkk_pika - database.py:215 - INFO - 第一次下载该漫画，记录数据库中
2026-10-01 02:02:31 - mkk_pika - main.py:83 - INFO - 找到 11 张图片在:第1話
2026-10-01 02:02:32 - mkk_pika - main.py:112 - INFO - [episode:第1話       ] downloaded:    11, total:  11, progress:100%
2026-10-01 02:02:32 - mkk_pika - database.py:238 - INFO - 数据库更新已下载章节
2026-10-01 02:02:32 - mkk_pika - database.py:244 - INFO - 该漫画已下载章节如下
2026-10-01 02:02:32 - mkk_pika - database.py:245 - INFO - ['第1話']
2026-10-01 02:02:33 - mkk_pika - main.py:292 - INFO - ==================== 漫画信息 ====================
                                漫画ID：6abd37eaee4c670754264a39
                                标题：ガールラヴ・ダイアリー クリスマススペシャル
                                作者：東山翔
                                是否完结：是
                                总页数：11
                                分类：短篇
                                章节数：1
                                最后更新时间：2026-09-30T16:25:14.890Z
                                =================================================
2026-10-01 02:02:33 - mkk_pika - database.py:101 - INFO - 保存成功：ガールラヴ・ダイアリー クリスマススペシャル
2026-10-01 02:02:33 - mkk_pika - main.py:323 - INFO - 订阅内容内容下载完毕
2026-10-01 02:02:33 - mkk_pika - main.py:324 - INFO - 开始分批下载全部章节
2026-10-01 02:02:33 - mkk_pika - database.py:280 - INFO - 表和索引初始化成功
2026-10-01 02:02:34 - mkk_pika - main.py:177 - INFO - 已经下载了1723页，一共7181页，现在开始添加第1724页
2026-10-01 02:02:34 - mkk_pika - database.py:318 - INFO - 保存成功
2026-10-01 02:02:35 - mkk_pika - main.py:177 - INFO - 已经下载了1724页，一共7181页，现在开始添加第1725页
2026-10-01 02:02:35 - mkk_pika - database.py:318 - INFO - 保存成功
2026-10-01 02:02:35 - mkk_pika - main.py:177 - INFO - 已经下载了1725页，一共7181页，现在开始添加第1726页
2026-10-01 02:02:36 - mkk_pika - database.py:318 - INFO - 保存成功
2026-10-01 02:02:36 - mkk_pika - main.py:177 - INFO - 已经下载了1726页，一共7181页，现在开始添加第1727页
2026-10-01 02:02:37 - mkk_pika - database.py:318 - INFO - 保存成功
2026-10-01 02:02:37 - mkk_pika - main.py:177 - INFO - 已经下载了1727页，一共7181页，现在开始添加第1728页
2026-10-01 02:02:38 - mkk_pika - database.py:318 - INFO - 保存成功
2026-10-01 02:02:38 - mkk_pika - main.py:177 - INFO - 已经下载了1728页，一共7181页，现在开始添加第1729页
2026-10-01 02:02:38 - mkk_pika - database.py:318 - INFO - 保存成功
2026-10-01 02:02:39 - mkk_pika - main.py:177 - INFO - 已经下载了1729页，一共7181页，现在开始添加第1730页
2026-10-01 02:02:39 - mkk_pika - database.py:318 - INFO - 保存成功
2026-10-01 02:02:39 - mkk_pika - main.py:331 - INFO - 分批下载共计61本漫画
2026-10-01 02:02:39 - mkk_pika - main.py:35 - INFO - 开始检查猫と。 (COMIC快楽天 2018年8月号)[無修正]是否存在未下载章节
2026-10-01 02:02:39 - mkk_pika - main.py:45 - INFO - 正在下载:[猫と。 (COMIC快楽天 2018年8月号)[無修正]]-[なぱた]-[['短篇', '純愛', '非人類']]-[total_pages:19]
2026-10-01 02:02:39 - mkk_pika - main.py:49 - INFO - [{'_id': '5d1223e7d315f35807a8ef07', 'title': '第1集', 'order': 1, 'updated_at': '2019-06-25T03:26:41.268Z', 'id': '5d1223e7d315f35807a8ef07'}]
2026-10-01 02:02:39 - mkk_pika - database.py:215 - INFO - 第一次下载该漫画，记录数据库中
2026-10-01 02:02:40 - mkk_pika - main.py:83 - INFO - 找到 19 张图片在:第1集
2026-10-01 02:02:41 - mkk_pika - main.py:112 - INFO - [episode:第1集       ] downloaded:    19, total:  19, progress:100%
2026-10-01 02:02:41 - mkk_pika - database.py:238 - INFO - 数据库更新已下载章节
2026-10-01 02:02:41 - mkk_pika - database.py:244 - INFO - 该漫画已下载章节如下
2026-10-01 02:02:41 - mkk_pika - database.py:245 - INFO - ['第1集']
2026-10-01 02:02:42 - mkk_pika - main.py:348 - INFO - ==================== 漫画信息 ====================
                                   漫画ID：5d1223e7d315f35807a8ef06
                                   标题：猫と。 (COMIC快楽天 2018年8月号)[無修正]
                                   作者：なぱた
                                   是否完结：否
                                   总页数：19
                                   分类：短篇,純愛,非人類
                                   章节数：1
                                   最后更新时间：2019-06-25T13:38:47.652Z
                                   =================================================
2026-10-01 02:02:42 - mkk_pika - database.py:101 - INFO - 保存成功：猫と。 (COMIC快楽天 2018年8月号)[無修正]
2026-10-01 02:02:42 - mkk_pika - main.py:35 - INFO - 开始检查チャレンジ!乳年生 (COMIC 快楽天ビースト 2018年4月号)[無修正]是否存在未下载章节
2026-10-01 02:02:42 - mkk_pika - main.py:45 - INFO - 正在下载:[チャレンジ!乳年生 (COMIC 快楽天ビースト 2018年4月号)[無修正]]-[牡丹もちと]-[['短篇', '純愛']]-[total_pages:20]
2026-10-01 02:02:42 - mkk_pika - main.py:49 - INFO - [{'_id': '5d122544d315f35807a8ef1d', 'title': '第1集', 'order': 1, 'updated_at': '2019-06-25T03:34:34.915Z', 'id': '5d122544d315f35807a8ef1d'}]
2026-10-01 02:02:42 - mkk_pika - database.py:215 - INFO - 第一次下载该漫画，记录数据库中
2026-10-01 02:02:43 - mkk_pika - main.py:83 - INFO - 找到 20 张图片在:第1集
2026-10-01 02:02:44 - mkk_pika - main.py:112 - INFO - [episode:第1集       ] downloaded:    20, total:  20, progress:100%
2026-10-01 02:02:44 - mkk_pika - database.py:238 - INFO - 数据库更新已下载章节
2026-10-01 02:02:44 - mkk_pika - database.py:244 - INFO - 该漫画已下载章节如下
2026-10-01 02:02:44 - mkk_pika - database.py:245 - INFO - ['第1集']
2026-10-01 02:02:45 - mkk_pika - main.py:348 - INFO - ==================== 漫画信息 ====================
                                   漫画ID：5d122544d315f35807a8ef1c
                                   标题：チャレンジ!乳年生 (COMIC 快楽天ビースト 2018年4月号)[無修正]
                                   作者：牡丹もちと
                                   是否完结：否
                                   总页数：20
                                   分类：短篇,純愛
                                   章节数：1
                                   最后更新时间：2019-06-25T13:44:36.532Z
                                   =================================================
2026-10-01 02:02:45 - mkk_pika - database.py:101 - INFO - 保存成功：チャレンジ!乳年生 (COMIC 快楽天ビースト 2018年4月号)[無修正]
2026-10-01 02:02:45 - mkk_pika - main.py:35 - INFO - 开始检查コスヤン！ (COMIC快楽天ビースト 2018年8月号)[無修正]是否存在未下载章节
2026-10-01 02:02:45 - mkk_pika - main.py:45 - INFO - 正在下载:[コスヤン！ (COMIC快楽天ビースト 2018年8月号)[無修正]]-[黒輪]-[['短篇', '純愛']]-[total_pages:22]
2026-10-01 02:02:45 - mkk_pika - main.py:49 - INFO - [{'_id': '5d122564234f78581b923bfa', 'title': '第1集', 'order': 1, 'updated_at': '2019-06-25T03:39:02.230Z', 'id': '5d122564234f78581b923bfa'}]
2026-10-01 02:02:45 - mkk_pika - database.py:215 - INFO - 第一次下载该漫画，记录数据库中
2026-10-01 02:02:46 - mkk_pika - main.py:83 - INFO - 找到 22 张图片在:第1集
2026-10-01 02:02:47 - mkk_pika - main.py:112 - INFO - [episode:第1集       ] downloaded:    22, total:  22, progress:100%
2026-10-01 02:02:47 - mkk_pika - database.py:238 - INFO - 数据库更新已下载章节
2026-10-01 02:02:47 - mkk_pika - database.py:244 - INFO - 该漫画已下载章节如下
2026-10-01 02:02:47 - mkk_pika - database.py:245 - INFO - ['第1集']
2026-10-01 02:02:48 - mkk_pika - main.py:348 - INFO - ==================== 漫画信息 ====================
                                   漫画ID：5d122564234f78581b923bf9
                                   标题：コスヤン！ (COMIC快楽天ビースト 2018年8月号)[無修正]
                                   作者：黒輪
                                   是否完结：否
                                   总页数：22
                                   分类：短篇,純愛
                                   章节数：1
                                   最后更新时间：2019-06-25T13:45:08.213Z
                                   =================================================
2026-10-01 02:02:48 - mkk_pika - database.py:101 - INFO - 保存成功：コスヤン！ (COMIC快楽天ビースト 2018年8月号)[無修正]
2026-10-01 02:02:48 - mkk_pika - main.py:35 - INFO - 开始检查マカナさんとあっちこっち (COMIC失楽天 2018年7月号)[無修正]是否存在未下载章节
2026-10-01 02:02:48 - mkk_pika - main.py:45 - INFO - 正在下载:[マカナさんとあっちこっち (COMIC失楽天 2018年7月号)[無修正]]-[六角八十助]-[['短篇', '純愛']]-[total_pages:18]
2026-10-01 02:02:48 - mkk_pika - main.py:49 - INFO - [{'_id': '5d12257dd315f35807a8ef3d', 'title': '第1集', 'order': 1, 'updated_at': '2019-06-25T04:05:07.315Z', 'id': '5d12257dd315f35807a8ef3d'}]
2026-10-01 02:02:48 - mkk_pika - database.py:215 - INFO - 第一次下载该漫画，记录数据库中
2026-10-01 02:02:49 - mkk_pika - main.py:83 - INFO - 找到 18 张图片在:第1集
2026-10-01 02:02:49 - mkk_pika - main.py:112 - INFO - [episode:第1集       ] downloaded:    18, total:  18, progress:100%
2026-10-01 02:02:49 - mkk_pika - database.py:238 - INFO - 数据库更新已下载章节
2026-10-01 02:02:49 - mkk_pika - database.py:244 - INFO - 该漫画已下载章节如下
2026-10-01 02:02:49 - mkk_pika - database.py:245 - INFO - ['第1集']
2026-10-01 02:02:51 - mkk_pika - main.py:348 - INFO - ==================== 漫画信息 ====================
                                   漫画ID：5d12257dd315f35807a8ef3c
                                   标题：マカナさんとあっちこっち (COMIC失楽天 2018年7月号)[無修正]
                                   作者：六角八十助
                                   是否完结：否
                                   总页数：18
                                   分类：短篇,純愛
                                   章节数：1
                                   最后更新时间：2019-06-25T13:45:33.499Z
                                   =================================================
2026-10-01 02:02:51 - mkk_pika - database.py:101 - INFO - 保存成功：マカナさんとあっちこっち (COMIC失楽天 2018年7月号)[無修正]
2026-10-01 02:02:51 - mkk_pika - main.py:35 - INFO - 开始检查(C91)  R.O.D 10 -Rider or Die- (Fate/hollow ataraxia) [中国翻訳]是否存在未下载章节
2026-10-01 02:02:51 - mkk_pika - main.py:45 - INFO - 正在下载:[(C91)  R.O.D 10 -Rider or Die- (Fate/hollow ataraxia) [中国翻訳]]-[怪奇日蝕 (綾野なおと)]-[['短篇', '同人', 'Fate']]-[total_pages:44]
2026-10-01 02:02:51 - mkk_pika - main.py:49 - INFO - [{'_id': '5d1226a18458b55802bdcb6a', 'title': '第1集', 'order': 1, 'updated_at': '2019-06-25T11:05:28.327Z', 'id': '5d1226a18458b55802bdcb6a'}]
2026-10-01 02:02:51 - mkk_pika - database.py:215 - INFO - 第一次下载该漫画，记录数据库中
2026-10-01 02:02:52 - mkk_pika - main.py:83 - INFO - 找到 44 张图片在:第1集
2026-10-01 02:02:53 - mkk_pika - main.py:112 - INFO - [episode:第1集       ] downloaded:    44, total:  44, progress:100%
2026-10-01 02:02:53 - mkk_pika - database.py:238 - INFO - 数据库更新已下载章节
2026-10-01 02:02:53 - mkk_pika - database.py:244 - INFO - 该漫画已下载章节如下
2026-10-01 02:02:53 - mkk_pika - database.py:245 - INFO - ['第1集']
2026-10-01 02:02:54 - mkk_pika - main.py:348 - INFO - ==================== 漫画信息 ====================
                                   漫画ID：5d1226a18458b55802bdcb69
                                   标题：(C91)  R.O.D 10 -Rider or Die- (Fate/hollow ataraxia) [中国翻訳]
                                   作者：怪奇日蝕 (綾野なおと)
                                   是否完结：是
                                   总页数：44
                                   分类：短篇,同人,Fate
                                   章节数：1
                                   最后更新时间：2019-06-25T13:50:25.196Z
                                   =================================================
2026-10-01 02:02:54 - mkk_pika - database.py:101 - INFO - 保存成功：(C91)  R.O.D 10 -Rider or Die- (Fate/hollow ataraxia) [中国翻訳]
2026-10-01 02:02:54 - mkk_pika - main.py:35 - INFO - 开始检查妹に挟まれて幸せでしょ是否存在未下载章节
2026-10-01 02:02:55 - mkk_pika - main.py:45 - INFO - 正在下载:[妹に挟まれて幸せでしょ]-[P.D Crown (ぺどっち)]-[['短篇', '同人']]-[total_pages:58]
2026-10-01 02:02:55 - mkk_pika - main.py:49 - INFO - [{'_id': '5d1228488458b55802bdcbd7', 'title': '第1集', 'order': 1, 'updated_at': '2019-06-25T12:52:17.513Z', 'id': '5d1228488458b55802bdcbd7'}]
2026-10-01 02:02:55 - mkk_pika - database.py:215 - INFO - 第一次下载该漫画，记录数据库中
2026-10-01 02:02:55 - mkk_pika - main.py:83 - INFO - 找到 58 张图片在:第1集
2026-10-01 02:02:57 - mkk_pika - main.py:112 - INFO - [episode:第1集       ] downloaded:    58, total:  58, progress:100%
2026-10-01 02:02:57 - mkk_pika - database.py:238 - INFO - 数据库更新已下载章节
2026-10-01 02:02:57 - mkk_pika - database.py:244 - INFO - 该漫画已下载章节如下
2026-10-01 02:02:57 - mkk_pika - database.py:245 - INFO - ['第1集']
2026-10-01 02:02:58 - mkk_pika - main.py:348 - INFO - ==================== 漫画信息 ====================
                                   漫画ID：5d1228488458b55802bdcbd6
                                   标题：妹に挟まれて幸せでしょ
                                   作者：P.D Crown (ぺどっち)
                                   是否完结：否
                                   总页数：58
                                   分类：短篇,同人
                                   章节数：1
                                   最后更新时间：2019-06-25T13:57:28.945Z
                                   =================================================
2026-10-01 02:02:58 - mkk_pika - database.py:101 - INFO - 保存成功：妹に挟まれて幸せでしょ
2026-10-01 02:02:58 - mkk_pika - main.py:35 - INFO - 开始检查 (C88)TUMBLING DOWN (艦隊これくしょん -艦これ-)是否存在未下载章节
2026-10-01 02:02:59 - mkk_pika - main.py:45 - INFO - 正在下载:[ (C88)TUMBLING DOWN (艦隊これくしょん -艦これ-)]-[ ARESTICA (有子瑶一)]-[['同人', '短篇', '艦隊收藏']]-[total_pages:25]
2026-10-01 02:02:59 - mkk_pika - main.py:49 - INFO - [{'_id': '5d12291ad315f35807a8ef88', 'title': '第1集', 'order': 1, 'updated_at': '2019-06-25T13:16:19.184Z', 'id': '5d12291ad315f35807a8ef88'}]
2026-10-01 02:02:59 - mkk_pika - database.py:215 - INFO - 第一次下载该漫画，记录数据库中
2026-10-01 02:02:59 - mkk_pika - main.py:83 - INFO - 找到 25 张图片在:第1集
2026-10-01 02:03:00 - mkk_pika - main.py:112 - INFO - [episode:第1集       ] downloaded:    25, total:  25, progress:100%
2026-10-01 02:03:00 - mkk_pika - database.py:238 - INFO - 数据库更新已下载章节
2026-10-01 02:03:00 - mkk_pika - database.py:244 - INFO - 该漫画已下载章节如下
2026-10-01 02:03:00 - mkk_pika - database.py:245 - INFO - ['第1集']
2026-10-01 02:03:01 - mkk_pika - main.py:348 - INFO - ==================== 漫画信息 ====================
                                   漫画ID：5d12291ad315f35807a8ef87
                                   标题： (C88)TUMBLING DOWN (艦隊これくしょん -艦これ-)
                                   作者： ARESTICA (有子瑶一)
                                   是否完结：否
                                   总页数：25
                                   分类：同人,短篇,艦隊收藏
                                   章节数：1
                                   最后更新时间：2019-06-25T14:00:58.581Z
                                   =================================================
2026-10-01 02:03:01 - mkk_pika - database.py:101 - INFO - 保存成功： (C88)TUMBLING DOWN (艦隊これくしょん -艦これ-)
2026-10-01 02:03:01 - mkk_pika - main.py:35 - INFO - 开始检查 (C90) レムから始めるお薬作り (Reゼロから始める異世界生活)是否存在未下载章节
2026-10-01 02:03:02 - mkk_pika - main.py:45 - INFO - 正在下载:[ (C90) レムから始めるお薬作り (Reゼロから始める異世界生活)]-[おつきみ工房 (秋空もみぢ)]-[['短篇', '同人']]-[total_pages:27]
2026-10-01 02:03:02 - mkk_pika - main.py:49 - INFO - [{'_id': '5d1254f683b13b61e5c2bc94', 'title': '第1集', 'order': 1, 'updated_at': '2019-06-25T13:24:06.491Z', 'id': '5d1254f683b13b61e5c2bc94'}]
2026-10-01 02:03:02 - mkk_pika - database.py:215 - INFO - 第一次下载该漫画，记录数据库中
2026-10-01 02:03:02 - mkk_pika - main.py:83 - INFO - 找到 27 张图片在:第1集
2026-10-01 02:03:03 - mkk_pika - main.py:112 - INFO - [episode:第1集       ] downloaded:    27, total:  27, progress:100%
2026-10-01 02:03:03 - mkk_pika - database.py:238 - INFO - 数据库更新已下载章节
2026-10-01 02:03:03 - mkk_pika - database.py:244 - INFO - 该漫画已下载章节如下
2026-10-01 02:03:03 - mkk_pika - database.py:245 - INFO - ['第1集']
2026-10-01 02:03:04 - mkk_pika - main.py:348 - INFO - ==================== 漫画信息 ====================
                                   漫画ID：5d1254f683b13b61e5c2bc93
                                   标题： (C90) レムから始めるお薬作り (Reゼロから始める異世界生活)
                                   作者：おつきみ工房 (秋空もみぢ)
                                   是否完结：否
                                   总页数：27
                                   分类：短篇,同人
                                   章节数：1
                                   最后更新时间：2019-06-25T17:08:06.644Z
                                   =================================================
2026-10-01 02:03:04 - mkk_pika - database.py:101 - INFO - 保存成功： (C90) レムから始めるお薬作り (Reゼロから始める異世界生活)
2026-10-01 02:03:04 - mkk_pika - main.py:35 - INFO - 开始检查(COMIC1☆15) D( Azur Lane)是否存在未下载章节
2026-10-01 02:03:04 - mkk_pika - main.py:45 - INFO - 正在下载:[(COMIC1☆15) D( Azur Lane)]-[Uguisuya( Uguisu Kagura)]-[['同人', '純愛']]-[total_pages:21]
2026-10-01 02:03:04 - mkk_pika - main.py:49 - INFO - [{'_id': '5d131b3ad3c4c27cf3cf98bf', 'title': '第1集', 'order': 1, 'updated_at': '2019-06-25T01:24:35.414Z', 'id': '5d131b3ad3c4c27cf3cf98bf'}]
2026-10-01 02:03:04 - mkk_pika - database.py:215 - INFO - 第一次下载该漫画，记录数据库中
2026-10-01 02:03:05 - mkk_pika - main.py:83 - INFO - 找到 21 张图片在:第1集
2026-10-01 02:03:05 - mkk_pika - main.py:112 - INFO - [episode:第1集       ] downloaded:    21, total:  21, progress:100%
2026-10-01 02:03:05 - mkk_pika - database.py:238 - INFO - 数据库更新已下载章节
2026-10-01 02:03:05 - mkk_pika - database.py:244 - INFO - 该漫画已下载章节如下
2026-10-01 02:03:05 - mkk_pika - database.py:245 - INFO - ['第1集']
2026-10-01 02:03:07 - mkk_pika - main.py:348 - INFO - ==================== 漫画信息 ====================
                                   漫画ID：5d131b39d3c4c27cf3cf98be
                                   标题：(COMIC1☆15) D( Azur Lane)
                                   作者：Uguisuya( Uguisu Kagura)
                                   是否完结：否
                                   总页数：21
                                   分类：同人,純愛
                                   章节数：1
                                   最后更新时间：2019-06-26T07:14:01.998Z
                                   =================================================
2026-10-01 02:03:07 - mkk_pika - database.py:101 - INFO - 保存成功：(COMIC1☆15) D( Azur Lane)
2026-10-01 02:03:07 - mkk_pika - main.py:35 - INFO - 开始检查(C92)藍子ミュエンドレス5 (アイドルマスター シンデレラガールズ)是否存在未下载章节
2026-10-01 02:03:07 - mkk_pika - main.py:45 - INFO - 正在下载:[(C92)藍子ミュエンドレス5 (アイドルマスター シンデレラガールズ)]-[ 井戸水屋 (黒すけ)]-[['短篇', '同人']]-[total_pages:27]
2026-10-01 02:03:07 - mkk_pika - main.py:49 - INFO - [{'_id': '5d131ba0a80d537cedfb42fc', 'title': '第1集', 'order': 1, 'updated_at': '2019-06-25T14:09:43.493Z', 'id': '5d131ba0a80d537cedfb42fc'}]
2026-10-01 02:03:07 - mkk_pika - database.py:215 - INFO - 第一次下载该漫画，记录数据库中
2026-10-01 02:03:08 - mkk_pika - main.py:83 - INFO - 找到 27 张图片在:第1集
2026-10-01 02:03:08 - mkk_pika - main.py:112 - INFO - [episode:第1集       ] downloaded:    27, total:  27, progress:100%
2026-10-01 02:03:08 - mkk_pika - database.py:238 - INFO - 数据库更新已下载章节
2026-10-01 02:03:08 - mkk_pika - database.py:244 - INFO - 该漫画已下载章节如下
2026-10-01 02:03:08 - mkk_pika - database.py:245 - INFO - ['第1集']
2026-10-01 02:03:10 - mkk_pika - main.py:348 - INFO - ==================== 漫画信息 ====================
                                   漫画ID：5d131ba0a80d537cedfb42fb
                                   标题：(C92)藍子ミュエンドレス5 (アイドルマスター シンデレラガールズ)
                                   作者： 井戸水屋 (黒すけ)
                                   是否完结：否
                                   总页数：27
                                   分类：短篇,同人
                                   章节数：1
                                   最后更新时间：2019-06-26T07:15:44.302Z
                                   =================================================
2026-10-01 02:03:10 - mkk_pika - database.py:101 - INFO - 保存成功：(C92)藍子ミュエンドレス5 (アイドルマスター シンデレラガールズ)
2026-10-01 02:03:10 - mkk_pika - main.py:35 - INFO - 开始检查 (C94)IRIS32 ぐだぐだ温泉接待! (Fate Grand Order) [全彩]是否存在未下载章节
2026-10-01 02:03:10 - mkk_pika - main.py:45 - INFO - 正在下载:[ (C94)IRIS32 ぐだぐだ温泉接待! (Fate Grand Order) [全彩]]-[Awareness (藍川とうま)]-[['短篇', '同人', 'Fate', '全彩']]-[total_pages:21]
2026-10-01 02:03:10 - mkk_pika - main.py:49 - INFO - [{'_id': '5d131befa80d537cedfb4319', 'title': '第1集', 'order': 1, 'updated_at': '2019-06-25T14:37:38.056Z', 'id': '5d131befa80d537cedfb4319'}]
2026-10-01 02:03:10 - mkk_pika - database.py:215 - INFO - 第一次下载该漫画，记录数据库中
2026-10-01 02:03:10 - mkk_pika - main.py:83 - INFO - 找到 21 张图片在:第1集
2026-10-01 02:03:11 - mkk_pika - main.py:112 - INFO - [episode:第1集       ] downloaded:    21, total:  21, progress:100%
2026-10-01 02:03:11 - mkk_pika - database.py:238 - INFO - 数据库更新已下载章节
2026-10-01 02:03:11 - mkk_pika - database.py:244 - INFO - 该漫画已下载章节如下
2026-10-01 02:03:11 - mkk_pika - database.py:245 - INFO - ['第1集']
2026-10-01 02:03:12 - mkk_pika - main.py:348 - INFO - ==================== 漫画信息 ====================
                                   漫画ID：5d131befa80d537cedfb4318
                                   标题： (C94)IRIS32 ぐだぐだ温泉接待! (Fate Grand Order) [全彩]
                                   作者：Awareness (藍川とうま)
                                   是否完结：否
                                   总页数：21
                                   分类：短篇,同人,Fate,全彩
                                   章节数：1
                                   最后更新时间：2019-06-26T07:17:03.971Z
                                   =================================================
2026-10-01 02:03:12 - mkk_pika - database.py:101 - INFO - 保存成功： (C94)IRIS32 ぐだぐだ温泉接待! (Fate Grand Order) [全彩]
2026-10-01 02:03:12 - mkk_pika - main.py:35 - INFO - 开始检查95~潜入調査~是否存在未下载章节
2026-10-01 02:03:13 - mkk_pika - main.py:45 - INFO - 正在下载:[95~潜入調査~]-[keyfanjun]-[['同人', '短篇', '性轉換']]-[total_pages:18]
2026-10-01 02:03:13 - mkk_pika - main.py:49 - INFO - [{'_id': '5d131d97e2802b7deca99530', 'title': '第1集', 'order': 1, 'updated_at': '2019-06-25T15:23:50.364Z', 'id': '5d131d97e2802b7deca99530'}]
2026-10-01 02:03:13 - mkk_pika - database.py:215 - INFO - 第一次下载该漫画，记录数据库中
2026-10-01 02:03:13 - mkk_pika - main.py:83 - INFO - 找到 18 张图片在:第1集
2026-10-01 02:03:14 - mkk_pika - main.py:112 - INFO - [episode:第1集       ] downloaded:    18, total:  18, progress:100%
2026-10-01 02:03:14 - mkk_pika - database.py:238 - INFO - 数据库更新已下载章节
2026-10-01 02:03:14 - mkk_pika - database.py:244 - INFO - 该漫画已下载章节如下
2026-10-01 02:03:14 - mkk_pika - database.py:245 - INFO - ['第1集']
2026-10-01 02:03:15 - mkk_pika - main.py:348 - INFO - ==================== 漫画信息 ====================
                                   漫画ID：5d131d97e2802b7deca9952f
                                   标题：95~潜入調査~
                                   作者：keyfanjun
                                   是否完结：否
                                   总页数：18
                                   分类：同人,短篇,性轉換
                                   章节数：1
                                   最后更新时间：2019-06-26T07:24:07.543Z
                                   =================================================
2026-10-01 02:03:15 - mkk_pika - database.py:101 - INFO - 保存成功：95~潜入調査~
2026-10-01 02:03:15 - mkk_pika - main.py:35 - INFO - 开始检查NARUTO火影同人雜圖是否存在未下载章节
2026-10-01 02:03:15 - mkk_pika - main.py:45 - INFO - 正在下载:[NARUTO火影同人雜圖]-[真巧我也是力量的化身]-[['同人', '全彩']]-[total_pages:65]
2026-10-01 02:03:15 - mkk_pika - main.py:49 - INFO - [{'_id': '5d10ccb12c91ca230fc0829d', 'title': '第1集', 'order': 1, 'updated_at': '2019-06-24T08:07:12.802Z', 'id': '5d10ccb12c91ca230fc0829d'}, {'_id': '5d131da53dea8d7dd9f091e1', 'title': '625更新', 'order': 2, 'updated_at': '2019-06-25T15:41:59.241Z', 'id': '5d131da53dea8d7dd9f091e1'}]
2026-10-01 02:03:15 - mkk_pika - database.py:215 - INFO - 第一次下载该漫画，记录数据库中
2026-10-01 02:03:16 - mkk_pika - main.py:83 - INFO - 找到 52 张图片在:第1集
2026-10-01 02:03:17 - mkk_pika - main.py:112 - INFO - [episode:第1集       ] downloaded:    52, total:  52, progress:100%
2026-10-01 02:03:17 - mkk_pika - database.py:238 - INFO - 数据库更新已下载章节
2026-10-01 02:03:17 - mkk_pika - database.py:244 - INFO - 该漫画已下载章节如下
2026-10-01 02:03:17 - mkk_pika - database.py:245 - INFO - ['第1集']
2026-10-01 02:03:19 - mkk_pika - main.py:83 - INFO - 找到 13 张图片在:625更新
2026-10-01 02:03:19 - mkk_pika - main.py:112 - INFO - [episode:625更新     ] downloaded:    13, total:  13, progress:100%
2026-10-01 02:03:19 - mkk_pika - database.py:238 - INFO - 数据库更新已下载章节
2026-10-01 02:03:19 - mkk_pika - database.py:244 - INFO - 该漫画已下载章节如下
2026-10-01 02:03:19 - mkk_pika - database.py:245 - INFO - ['第1集', '625更新']
2026-10-01 02:03:20 - mkk_pika - main.py:348 - INFO - ==================== 漫画信息 ====================
                                   漫画ID：5d10ccb12c91ca230fc0829c
                                   标题：NARUTO火影同人雜圖
                                   作者：真巧我也是力量的化身
                                   是否完结：否
                                   总页数：65
                                   分类：同人,全彩
                                   章节数：2
                                   最后更新时间：2019-06-26T07:24:21.462Z
                                   =================================================
2026-10-01 02:03:20 - mkk_pika - database.py:101 - INFO - 保存成功：NARUTO火影同人雜圖
2026-10-01 02:03:20 - mkk_pika - main.py:35 - INFO - 开始检查 (例大祭14)しあわせなクロネコ (東方Project)是否存在未下载章节
2026-10-01 02:03:21 - mkk_pika - main.py:45 - INFO - 正在下载:[ (例大祭14)しあわせなクロネコ (東方Project)]-[破断torque (トルク)]-[['短篇', '同人', '東方']]-[total_pages:29]
2026-10-01 02:03:21 - mkk_pika - main.py:49 - INFO - [{'_id': '5d131ed60d2fb37dd44f2c31', 'title': '第1集', 'order': 1, 'updated_at': '2019-06-25T14:52:49.263Z', 'id': '5d131ed60d2fb37dd44f2c31'}]
2026-10-01 02:03:21 - mkk_pika - database.py:215 - INFO - 第一次下载该漫画，记录数据库中
2026-10-01 02:03:21 - mkk_pika - main.py:83 - INFO - 找到 29 张图片在:第1集
2026-10-01 02:03:22 - mkk_pika - main.py:112 - INFO - [episode:第1集       ] downloaded:    29, total:  29, progress:100%
2026-10-01 02:03:22 - mkk_pika - database.py:238 - INFO - 数据库更新已下载章节
2026-10-01 02:03:22 - mkk_pika - database.py:244 - INFO - 该漫画已下载章节如下
2026-10-01 02:03:22 - mkk_pika - database.py:245 - INFO - ['第1集']
2026-10-01 02:03:23 - mkk_pika - main.py:348 - INFO - ==================== 漫画信息 ====================
                                   漫画ID：5d131ed60d2fb37dd44f2c30
                                   标题： (例大祭14)しあわせなクロネコ (東方Project)
                                   作者：破断torque (トルク)
                                   是否完结：否
                                   总页数：29
                                   分类：短篇,同人,東方
                                   章节数：1
                                   最后更新时间：2019-06-26T07:29:26.467Z
                                   =================================================
2026-10-01 02:03:23 - mkk_pika - database.py:101 - INFO - 保存成功： (例大祭14)しあわせなクロネコ (東方Project)
2026-10-01 02:03:23 - mkk_pika - main.py:35 - INFO - 开始检查G41~覆寫錯誤~是否存在未下载章节
2026-10-01 02:03:24 - mkk_pika - main.py:45 - INFO - 正在下载:[G41~覆寫錯誤~]-[keyfanjun]-[['同人', '短篇', '性轉換']]-[total_pages:12]
2026-10-01 02:03:24 - mkk_pika - main.py:49 - INFO - [{'_id': '5d131f13e2802b7deca99a90', 'title': '第1集', 'order': 1, 'updated_at': '2019-06-25T15:29:28.256Z', 'id': '5d131f13e2802b7deca99a90'}]
2026-10-01 02:03:24 - mkk_pika - database.py:215 - INFO - 第一次下载该漫画，记录数据库中
2026-10-01 02:03:24 - mkk_pika - main.py:83 - INFO - 找到 12 张图片在:第1集
2026-10-01 02:03:25 - mkk_pika - main.py:112 - INFO - [episode:第1集       ] downloaded:    12, total:  12, progress:100%
2026-10-01 02:03:25 - mkk_pika - database.py:238 - INFO - 数据库更新已下载章节
2026-10-01 02:03:25 - mkk_pika - database.py:244 - INFO - 该漫画已下载章节如下
2026-10-01 02:03:25 - mkk_pika - database.py:245 - INFO - ['第1集']
2026-10-01 02:03:26 - mkk_pika - main.py:348 - INFO - ==================== 漫画信息 ====================
                                   漫画ID：5d131f13e2802b7deca99a8f
                                   标题：G41~覆寫錯誤~
                                   作者：keyfanjun
                                   是否完结：否
                                   总页数：12
                                   分类：同人,短篇,性轉換
                                   章节数：1
                                   最后更新时间：2019-06-26T07:30:27.394Z
                                   =================================================
2026-10-01 02:03:26 - mkk_pika - database.py:101 - INFO - 保存成功：G41~覆寫錯誤~
2026-10-01 02:03:26 - mkk_pika - main.py:35 - INFO - 开始检查 (とら祭り2015) あすか先輩指導中 (響け!ユーフォニアム)是否存在未下载章节
2026-10-01 02:03:27 - mkk_pika - main.py:45 - INFO - 正在下载:[ (とら祭り2015) あすか先輩指導中 (響け!ユーフォニアム)]-[おつきみ工房 (秋空もみぢ)]-[['短篇', '同人']]-[total_pages:27]
2026-10-01 02:03:27 - mkk_pika - main.py:49 - INFO - [{'_id': '5d131f300d2fb37dd44f2c50', 'title': '第1集', 'order': 1, 'updated_at': '2019-06-25T15:09:53.600Z', 'id': '5d131f300d2fb37dd44f2c50'}]
2026-10-01 02:03:27 - mkk_pika - database.py:215 - INFO - 第一次下载该漫画，记录数据库中
2026-10-01 02:03:27 - mkk_pika - main.py:83 - INFO - 找到 27 张图片在:第1集
2026-10-01 02:03:28 - mkk_pika - main.py:112 - INFO - [episode:第1集       ] downloaded:    27, total:  27, progress:100%
2026-10-01 02:03:28 - mkk_pika - database.py:238 - INFO - 数据库更新已下载章节
2026-10-01 02:03:28 - mkk_pika - database.py:244 - INFO - 该漫画已下载章节如下
2026-10-01 02:03:28 - mkk_pika - database.py:245 - INFO - ['第1集']
2026-10-01 02:03:29 - mkk_pika - main.py:348 - INFO - ==================== 漫画信息 ====================
                                   漫画ID：5d131f300d2fb37dd44f2c4f
                                   标题： (とら祭り2015) あすか先輩指導中 (響け!ユーフォニアム)
                                   作者：おつきみ工房 (秋空もみぢ)
                                   是否完结：否
                                   总页数：27
                                   分类：短篇,同人
                                   章节数：1
                                   最后更新时间：2019-06-26T07:30:56.377Z
                                   =================================================
2026-10-01 02:03:29 - mkk_pika - database.py:101 - INFO - 保存成功： (とら祭り2015) あすか先輩指導中 (響け!ユーフォニアム)
2026-10-01 02:03:29 - mkk_pika - main.py:35 - INFO - 开始检查洗濯屋の二人 (COMIC快楽天 2019年7月号)[無修正]是否存在未下载章节
2026-10-01 02:03:29 - mkk_pika - main.py:45 - INFO - 正在下载:[洗濯屋の二人 (COMIC快楽天 2019年7月号)[無修正]]-[いーむす・アキ]-[['短篇', '純愛']]-[total_pages:26]
2026-10-01 02:03:29 - mkk_pika - main.py:49 - INFO - [{'_id': '5d131f810d2fb37dd44f2c6d', 'title': '第1集', 'order': 1, 'updated_at': '2019-06-26T01:26:49.025Z', 'id': '5d131f810d2fb37dd44f2c6d'}]
2026-10-01 02:03:29 - mkk_pika - database.py:215 - INFO - 第一次下载该漫画，记录数据库中
2026-10-01 02:03:30 - mkk_pika - main.py:83 - INFO - 找到 26 张图片在:第1集
2026-10-01 02:03:31 - mkk_pika - main.py:112 - INFO - [episode:第1集       ] downloaded:    26, total:  26, progress:100%
2026-10-01 02:03:31 - mkk_pika - database.py:238 - INFO - 数据库更新已下载章节
2026-10-01 02:03:31 - mkk_pika - database.py:244 - INFO - 该漫画已下载章节如下
2026-10-01 02:03:31 - mkk_pika - database.py:245 - INFO - ['第1集']
2026-10-01 02:03:32 - mkk_pika - main.py:348 - INFO - ==================== 漫画信息 ====================
                                   漫画ID：5d131f810d2fb37dd44f2c6c
                                   标题：洗濯屋の二人 (COMIC快楽天 2019年7月号)[無修正]
                                   作者：いーむす・アキ
                                   是否完结：否
                                   总页数：26
                                   分类：短篇,純愛
                                   章节数：1
                                   最后更新时间：2019-06-26T07:32:17.042Z
                                   =================================================
2026-10-01 02:03:32 - mkk_pika - database.py:101 - INFO - 保存成功：洗濯屋の二人 (COMIC快楽天 2019年7月号)[無修正]
2026-10-01 02:03:32 - mkk_pika - main.py:35 - INFO - 开始检查(C94) 累積快楽情報群 (涼宮ハルヒの憂鬱) [中国翻訳]是否存在未下载章节
2026-10-01 02:03:32 - mkk_pika - main.py:45 - INFO - 正在下载:[(C94) 累積快楽情報群 (涼宮ハルヒの憂鬱) [中国翻訳]]-[灯夜工房 (灯ひでかず)]-[['同人', '短篇', '非人類']]-[total_pages:27]
2026-10-01 02:03:32 - mkk_pika - main.py:49 - INFO - [{'_id': '5d1320ea0d2fb37dd44f2d06', 'title': '第1集', 'order': 1, 'updated_at': '2019-06-26T06:28:53.381Z', 'id': '5d1320ea0d2fb37dd44f2d06'}]
2026-10-01 02:03:32 - mkk_pika - database.py:215 - INFO - 第一次下载该漫画，记录数据库中
2026-10-01 02:03:33 - mkk_pika - main.py:83 - INFO - 找到 27 张图片在:第1集
2026-10-01 02:03:34 - mkk_pika - main.py:112 - INFO - [episode:第1集       ] downloaded:    27, total:  27, progress:100%
2026-10-01 02:03:34 - mkk_pika - database.py:238 - INFO - 数据库更新已下载章节
2026-10-01 02:03:34 - mkk_pika - database.py:244 - INFO - 该漫画已下载章节如下
2026-10-01 02:03:34 - mkk_pika - database.py:245 - INFO - ['第1集']
2026-10-01 02:03:35 - mkk_pika - main.py:348 - INFO - ==================== 漫画信息 ====================
                                   漫画ID：5d1320ea0d2fb37dd44f2d05
                                   标题：(C94) 累積快楽情報群 (涼宮ハルヒの憂鬱) [中国翻訳]
                                   作者：灯夜工房 (灯ひでかず)
                                   是否完结：是
                                   总页数：27
                                   分类：同人,短篇,非人類
                                   章节数：1
                                   最后更新时间：2019-06-26T07:38:18.307Z
                                   =================================================
2026-10-01 02:03:35 - mkk_pika - database.py:101 - INFO - 保存成功：(C94) 累積快楽情報群 (涼宮ハルヒの憂鬱) [中国翻訳]
2026-10-01 02:03:35 - mkk_pika - main.py:35 - INFO - 开始检查(C87)  いろはごのみ是否存在未下载章节
2026-10-01 02:03:35 - mkk_pika - main.py:45 - INFO - 正在下载:[(C87)  いろはごのみ]-[結城リカ]-[['全彩']]-[total_pages:33]
2026-10-01 02:03:35 - mkk_pika - main.py:49 - INFO - [{'_id': '5d139f5267b3340ffb4cff61', 'title': '第1集', 'order': 1, 'updated_at': '2019-06-26T08:49:39.474Z', 'id': '5d139f5267b3340ffb4cff61'}]
2026-10-01 02:03:35 - mkk_pika - database.py:215 - INFO - 第一次下载该漫画，记录数据库中
2026-10-01 02:03:36 - mkk_pika - main.py:83 - INFO - 找到 33 张图片在:第1集
2026-10-01 02:03:37 - mkk_pika - main.py:112 - INFO - [episode:第1集       ] downloaded:    33, total:  33, progress:100%
2026-10-01 02:03:37 - mkk_pika - database.py:238 - INFO - 数据库更新已下载章节
2026-10-01 02:03:37 - mkk_pika - database.py:244 - INFO - 该漫画已下载章节如下
2026-10-01 02:03:37 - mkk_pika - database.py:245 - INFO - ['第1集']
2026-10-01 02:03:38 - mkk_pika - main.py:348 - INFO - ==================== 漫画信息 ====================
                                   漫画ID：5d139f5267b3340ffb4cff60
                                   标题：(C87)  いろはごのみ
                                   作者：結城リカ
                                   是否完结：否
                                   总页数：33
                                   分类：全彩
                                   章节数：1
                                   最后更新时间：2019-06-26T16:37:38.672Z
                                   =================================================
2026-10-01 02:03:38 - mkk_pika - database.py:101 - INFO - 保存成功：(C87)  いろはごのみ
2026-10-01 02:03:38 - mkk_pika - main.py:35 - INFO - 开始检查(C92)おパンツフレンズ (けものフレンズ)是否存在未下载章节
2026-10-01 02:03:38 - mkk_pika - main.py:45 - INFO - 正在下载:[(C92)おパンツフレンズ (けものフレンズ)]-[40原]-[['全彩']]-[total_pages:16]
2026-10-01 02:03:38 - mkk_pika - main.py:49 - INFO - [{'_id': '5d139f6f0295fc101240f59c', 'title': '第1集', 'order': 1, 'updated_at': '2019-06-26T08:59:26.909Z', 'id': '5d139f6f0295fc101240f59c'}]
2026-10-01 02:03:38 - mkk_pika - database.py:215 - INFO - 第一次下载该漫画，记录数据库中
2026-10-01 02:03:39 - mkk_pika - main.py:83 - INFO - 找到 16 张图片在:第1集
2026-10-01 02:03:39 - mkk_pika - main.py:112 - INFO - [episode:第1集       ] downloaded:    16, total:  16, progress:100%
2026-10-01 02:03:39 - mkk_pika - database.py:238 - INFO - 数据库更新已下载章节
2026-10-01 02:03:39 - mkk_pika - database.py:244 - INFO - 该漫画已下载章节如下
2026-10-01 02:03:39 - mkk_pika - database.py:245 - INFO - ['第1集']
2026-10-01 02:03:41 - mkk_pika - main.py:348 - INFO - ==================== 漫画信息 ====================
                                   漫画ID：5d139f6f0295fc101240f59b
                                   标题：(C92)おパンツフレンズ (けものフレンズ)
                                   作者：40原
                                   是否完结：否
                                   总页数：16
                                   分类：全彩
                                   章节数：1
                                   最后更新时间：2019-06-26T16:38:07.175Z
                                   =================================================
2026-10-01 02:03:41 - mkk_pika - database.py:101 - INFO - 保存成功：(C92)おパンツフレンズ (けものフレンズ)
2026-10-01 02:03:41 - mkk_pika - main.py:35 - INFO - 开始检查(C92）AFK (あつまれ!ふしぎ研究部)是否存在未下载章节
2026-10-01 02:03:41 - mkk_pika - main.py:45 - INFO - 正在下载:[(C92）AFK (あつまれ!ふしぎ研究部)]-[利木]-[['短篇']]-[total_pages:20]
2026-10-01 02:03:41 - mkk_pika - main.py:49 - INFO - [{'_id': '5d139f8a68d93f10011165a7', 'title': '第1集', 'order': 1, 'updated_at': '2019-06-26T09:12:22.436Z', 'id': '5d139f8a68d93f10011165a7'}]
2026-10-01 02:03:41 - mkk_pika - database.py:215 - INFO - 第一次下载该漫画，记录数据库中
2026-10-01 02:03:42 - mkk_pika - main.py:83 - INFO - 找到 20 张图片在:第1集
2026-10-01 02:03:42 - mkk_pika - main.py:112 - INFO - [episode:第1集       ] downloaded:    20, total:  20, progress:100%
2026-10-01 02:03:42 - mkk_pika - database.py:238 - INFO - 数据库更新已下载章节
2026-10-01 02:03:42 - mkk_pika - database.py:244 - INFO - 该漫画已下载章节如下
2026-10-01 02:03:42 - mkk_pika - database.py:245 - INFO - ['第1集']
2026-10-01 02:03:44 - mkk_pika - main.py:348 - INFO - ==================== 漫画信息 ====================
                                   漫画ID：5d139f8a68d93f10011165a6
                                   标题：(C92）AFK (あつまれ!ふしぎ研究部)
                                   作者：利木
                                   是否完结：否
                                   总页数：20
                                   分类：短篇
                                   章节数：1
                                   最后更新时间：2019-06-26T16:38:34.876Z
                                   =================================================
2026-10-01 02:03:44 - mkk_pika - database.py:101 - INFO - 保存成功：(C92）AFK (あつまれ!ふしぎ研究部)
2026-10-01 02:03:44 - mkk_pika - main.py:35 - INFO - 开始检查(COMIC1☆6)  E ～ルーベン編～ (エルソード) [中国語]是否存在未下载章节
2026-10-01 02:03:44 - mkk_pika - main.py:45 - INFO - 正在下载:[(COMIC1☆6)  E ～ルーベン編～ (エルソード) [中国語]]-[Makoushi, Taireru]-[['同人']]-[total_pages:22]
2026-10-01 02:03:44 - mkk_pika - main.py:49 - INFO - [{'_id': '5d139fb468d93f10011165bd', 'title': '第1集', 'order': 1, 'updated_at': '2019-06-26T09:21:09.998Z', 'id': '5d139fb468d93f10011165bd'}]
2026-10-01 02:03:44 - mkk_pika - database.py:215 - INFO - 第一次下载该漫画，记录数据库中
2026-10-01 02:03:44 - mkk_pika - main.py:83 - INFO - 找到 22 张图片在:第1集
2026-10-01 02:03:45 - mkk_pika - main.py:112 - INFO - [episode:第1集       ] downloaded:    22, total:  22, progress:100%
2026-10-01 02:03:45 - mkk_pika - database.py:238 - INFO - 数据库更新已下载章节
2026-10-01 02:03:45 - mkk_pika - database.py:244 - INFO - 该漫画已下载章节如下
2026-10-01 02:03:45 - mkk_pika - database.py:245 - INFO - ['第1集']
2026-10-01 02:03:46 - mkk_pika - main.py:348 - INFO - ==================== 漫画信息 ====================
                                   漫画ID：5d139fb468d93f10011165bc
                                   标题：(COMIC1☆6)  E ～ルーベン編～ (エルソード) [中国語]
                                   作者：Makoushi, Taireru
                                   是否完结：否
                                   总页数：22
                                   分类：同人
                                   章节数：1
                                   最后更新时间：2019-06-26T16:39:16.408Z
                                   =================================================
2026-10-01 02:03:46 - mkk_pika - database.py:101 - INFO - 保存成功：(COMIC1☆6)  E ～ルーベン編～ (エルソード) [中国語]
2026-10-01 02:03:46 - mkk_pika - main.py:35 - INFO - 开始检查無課金指揮官はジャベリンに永遠の愛を誓う (アズールレーン) [中国翻訳]是否存在未下载章节
2026-10-01 02:03:47 - mkk_pika - main.py:45 - INFO - 正在下载:[無課金指揮官はジャベリンに永遠の愛を誓う (アズールレーン) [中国翻訳]]-[ぽんこつわーくす]-[['同人', '短篇', '純愛']]-[total_pages:20]
2026-10-01 02:03:47 - mkk_pika - main.py:49 - INFO - [{'_id': '5d139ff168d93f10011165d5', 'title': '第1集', 'order': 1, 'updated_at': '2019-06-26T09:25:51.858Z', 'id': '5d139ff168d93f10011165d5'}]
2026-10-01 02:03:47 - mkk_pika - database.py:215 - INFO - 第一次下载该漫画，记录数据库中
2026-10-01 02:03:47 - mkk_pika - main.py:83 - INFO - 找到 20 张图片在:第1集
2026-10-01 02:03:48 - mkk_pika - main.py:112 - INFO - [episode:第1集       ] downloaded:    20, total:  20, progress:100%
2026-10-01 02:03:48 - mkk_pika - database.py:238 - INFO - 数据库更新已下载章节
2026-10-01 02:03:48 - mkk_pika - database.py:244 - INFO - 该漫画已下载章节如下
2026-10-01 02:03:48 - mkk_pika - database.py:245 - INFO - ['第1集']
2026-10-01 02:03:49 - mkk_pika - main.py:348 - INFO - ==================== 漫画信息 ====================
                                   漫画ID：5d139ff168d93f10011165d4
                                   标题：無課金指揮官はジャベリンに永遠の愛を誓う (アズールレーン) [中国翻訳]
                                   作者：ぽんこつわーくす
                                   是否完结：是
                                   总页数：20
                                   分类：同人,短篇,純愛
                                   章节数：1
                                   最后更新时间：2019-06-26T16:40:17.572Z
                                   =================================================
2026-10-01 02:03:49 - mkk_pika - database.py:101 - INFO - 保存成功：無課金指揮官はジャベリンに永遠の愛を誓う (アズールレーン) [中国翻訳]
2026-10-01 02:03:49 - mkk_pika - main.py:35 - INFO - 开始检查 寝取りオジサン～清純派女子◯生・戸部美帆編～[DL版]是否存在未下载章节
2026-10-01 02:03:49 - mkk_pika - main.py:45 - INFO - 正在下载:[ 寝取りオジサン～清純派女子◯生・戸部美帆編～[DL版]]-[DOZA Village (どざむら)]-[['NTR']]-[total_pages:56]
2026-10-01 02:03:49 - mkk_pika - main.py:49 - INFO - [{'_id': '5d13a0f667b3340ffb4d0035', 'title': '第1集', 'order': 1, 'updated_at': '2019-06-26T09:47:27.662Z', 'id': '5d13a0f667b3340ffb4d0035'}]
2026-10-01 02:03:49 - mkk_pika - database.py:215 - INFO - 第一次下载该漫画，记录数据库中
2026-10-01 02:03:50 - mkk_pika - main.py:83 - INFO - 找到 56 张图片在:第1集
2026-10-01 02:03:52 - mkk_pika - main.py:112 - INFO - [episode:第1集       ] downloaded:    56, total:  56, progress:100%
2026-10-01 02:03:52 - mkk_pika - database.py:238 - INFO - 数据库更新已下载章节
2026-10-01 02:03:52 - mkk_pika - database.py:244 - INFO - 该漫画已下载章节如下
2026-10-01 02:03:52 - mkk_pika - database.py:245 - INFO - ['第1集']
2026-10-01 02:03:53 - mkk_pika - main.py:348 - INFO - ==================== 漫画信息 ====================
                                   漫画ID：5d13a0f667b3340ffb4d0034
                                   标题： 寝取りオジサン～清純派女子◯生・戸部美帆編～[DL版]
                                   作者：DOZA Village (どざむら)
                                   是否完结：否
                                   总页数：56
                                   分类：NTR
                                   章节数：1
                                   最后更新时间：2019-06-26T16:44:38.245Z
                                   =================================================
2026-10-01 02:03:53 - mkk_pika - database.py:101 - INFO - 保存成功： 寝取りオジサン～清純派女子◯生・戸部美帆編～[DL版]
2026-10-01 02:03:53 - mkk_pika - main.py:35 - INFO - 开始检查弟の言うことを聞きなさい【中国語注意】(Elsword)是否存在未下载章节
2026-10-01 02:03:53 - mkk_pika - main.py:45 - INFO - 正在下载:[弟の言うことを聞きなさい【中国語注意】(Elsword)]-[Uke＊２]-[['短篇']]-[total_pages:18]
2026-10-01 02:03:53 - mkk_pika - main.py:49 - INFO - [{'_id': '5d13a12668d93f10011165eb', 'title': '第1集', 'order': 1, 'updated_at': '2019-06-26T12:19:03.519Z', 'id': '5d13a12668d93f10011165eb'}]
2026-10-01 02:03:53 - mkk_pika - database.py:215 - INFO - 第一次下载该漫画，记录数据库中
2026-10-01 02:03:54 - mkk_pika - main.py:83 - INFO - 找到 18 张图片在:第1集
2026-10-01 02:03:55 - mkk_pika - main.py:112 - INFO - [episode:第1集       ] downloaded:    18, total:  18, progress:100%
2026-10-01 02:03:55 - mkk_pika - database.py:238 - INFO - 数据库更新已下载章节
2026-10-01 02:03:55 - mkk_pika - database.py:244 - INFO - 该漫画已下载章节如下
2026-10-01 02:03:55 - mkk_pika - database.py:245 - INFO - ['第1集']
2026-10-01 02:03:56 - mkk_pika - main.py:348 - INFO - ==================== 漫画信息 ====================
                                   漫画ID：5d13a12668d93f10011165ea
                                   标题：弟の言うことを聞きなさい【中国語注意】(Elsword)
                                   作者：Uke＊２
                                   是否完结：否
                                   总页数：18
                                   分类：短篇
                                   章节数：1
                                   最后更新时间：2019-06-26T16:45:26.957Z
                                   =================================================
2026-10-01 02:03:56 - mkk_pika - database.py:101 - INFO - 保存成功：弟の言うことを聞きなさい【中国語注意】(Elsword)
2026-10-01 02:03:56 - mkk_pika - main.py:35 - INFO - 开始检查飼い犬に噛まれる (コミックホットミルク 2017年9月号) [中国翻訳] [DL版]是否存在未下载章节
2026-10-01 02:03:56 - mkk_pika - main.py:45 - INFO - 正在下载:[飼い犬に噛まれる (コミックホットミルク 2017年9月号) [中国翻訳] [DL版]]-[みずゆき]-[['短篇']]-[total_pages:25]
2026-10-01 02:03:56 - mkk_pika - main.py:49 - INFO - [{'_id': '5d13a174a47b211011be7021', 'title': '第1集', 'order': 1, 'updated_at': '2019-06-26T09:55:38.949Z', 'id': '5d13a174a47b211011be7021'}]
2026-10-01 02:03:56 - mkk_pika - database.py:215 - INFO - 第一次下载该漫画，记录数据库中
2026-10-01 02:03:57 - mkk_pika - main.py:83 - INFO - 找到 25 张图片在:第1集
2026-10-01 02:03:58 - mkk_pika - main.py:112 - INFO - [episode:第1集       ] downloaded:    25, total:  25, progress:100%
2026-10-01 02:03:58 - mkk_pika - database.py:238 - INFO - 数据库更新已下载章节
2026-10-01 02:03:58 - mkk_pika - database.py:244 - INFO - 该漫画已下载章节如下
2026-10-01 02:03:58 - mkk_pika - database.py:245 - INFO - ['第1集']
2026-10-01 02:03:59 - mkk_pika - main.py:348 - INFO - ==================== 漫画信息 ====================
                                   漫画ID：5d13a174a47b211011be7020
                                   标题：飼い犬に噛まれる (コミックホットミルク 2017年9月号) [中国翻訳] [DL版]
                                   作者：みずゆき
                                   是否完结：否
                                   总页数：25
                                   分类：短篇
                                   章节数：1
                                   最后更新时间：2019-06-26T16:46:44.152Z
                                   =================================================
2026-10-01 02:03:59 - mkk_pika - database.py:101 - INFO - 保存成功：飼い犬に噛まれる (コミックホットミルク 2017年9月号) [中国翻訳] [DL版]
2026-10-01 02:03:59 - mkk_pika - main.py:35 - INFO - 开始检查ういういしい二人 (COMIC BAVEL 2017年1月号)[DL版]是否存在未下载章节
2026-10-01 02:03:59 - mkk_pika - main.py:45 - INFO - 正在下载:[ういういしい二人 (COMIC BAVEL 2017年1月号)[DL版]]-[のきん]-[['純愛']]-[total_pages:20]
2026-10-01 02:03:59 - mkk_pika - main.py:49 - INFO - [{'_id': '5d13a1ad67b3340ffb4d00af', 'title': '第1集', 'order': 1, 'updated_at': '2019-06-26T10:02:09.975Z', 'id': '5d13a1ad67b3340ffb4d00af'}]
2026-10-01 02:03:59 - mkk_pika - database.py:215 - INFO - 第一次下载该漫画，记录数据库中
2026-10-01 02:04:00 - mkk_pika - main.py:83 - INFO - 找到 20 张图片在:第1集
2026-10-01 02:04:01 - mkk_pika - main.py:112 - INFO - [episode:第1集       ] downloaded:    20, total:  20, progress:100%
2026-10-01 02:04:01 - mkk_pika - database.py:238 - INFO - 数据库更新已下载章节
2026-10-01 02:04:01 - mkk_pika - database.py:244 - INFO - 该漫画已下载章节如下
2026-10-01 02:04:01 - mkk_pika - database.py:245 - INFO - ['第1集']
2026-10-01 02:04:02 - mkk_pika - main.py:348 - INFO - ==================== 漫画信息 ====================
                                   漫画ID：5d13a1ad67b3340ffb4d00ae
                                   标题：ういういしい二人 (COMIC BAVEL 2017年1月号)[DL版]
                                   作者：のきん
                                   是否完结：否
                                   总页数：20
                                   分类：純愛
                                   章节数：1
                                   最后更新时间：2019-06-26T16:47:41.471Z
                                   =================================================
2026-10-01 02:04:02 - mkk_pika - database.py:101 - INFO - 保存成功：ういういしい二人 (COMIC BAVEL 2017年1月号)[DL版]
2026-10-01 02:04:02 - mkk_pika - main.py:35 - INFO - 开始检查幸福期の隣人 (COMIC 快楽天 2019年7月号)[無修正]是否存在未下载章节
2026-10-01 02:04:02 - mkk_pika - main.py:45 - INFO - 正在下载:[幸福期の隣人 (COMIC 快楽天 2019年7月号)[無修正]]-[藤丸]-[['短篇', '純愛']]-[total_pages:18]
2026-10-01 02:04:02 - mkk_pika - main.py:49 - INFO - [{'_id': '5d13a2d968d93f1001116628', 'title': '第1集', 'order': 1, 'updated_at': '2019-06-26T13:19:24.999Z', 'id': '5d13a2d968d93f1001116628'}]
2026-10-01 02:04:02 - mkk_pika - database.py:215 - INFO - 第一次下载该漫画，记录数据库中
2026-10-01 02:04:03 - mkk_pika - main.py:83 - INFO - 找到 23 张图片在:第1集
2026-10-01 02:04:04 - mkk_pika - main.py:112 - INFO - [episode:第1集       ] downloaded:    23, total:  23, progress:100%
2026-10-01 02:04:04 - mkk_pika - database.py:238 - INFO - 数据库更新已下载章节
2026-10-01 02:04:04 - mkk_pika - database.py:244 - INFO - 该漫画已下载章节如下
2026-10-01 02:04:04 - mkk_pika - database.py:245 - INFO - ['第1集']
2026-10-01 02:04:05 - mkk_pika - main.py:348 - INFO - ==================== 漫画信息 ====================
                                   漫画ID：5d13a2d968d93f1001116627
                                   标题：幸福期の隣人 (COMIC 快楽天 2019年7月号)[無修正]
                                   作者：藤丸
                                   是否完结：否
                                   总页数：18
                                   分类：短篇,純愛
                                   章节数：1
                                   最后更新时间：2019-06-26T16:52:41.903Z
                                   =================================================
2026-10-01 02:04:05 - mkk_pika - database.py:101 - INFO - 保存成功：幸福期の隣人 (COMIC 快楽天 2019年7月号)[無修正]
2026-10-01 02:04:05 - mkk_pika - main.py:35 - INFO - 开始检查ヒミツノオトマリカイ是否存在未下载章节
2026-10-01 02:04:05 - mkk_pika - main.py:45 - INFO - 正在下载:[ヒミツノオトマリカイ]-[テングサ (tokorot)]-[['短篇']]-[total_pages:26]
2026-10-01 02:04:05 - mkk_pika - main.py:49 - INFO - [{'_id': '5d13a37ba47b211011be708f', 'title': '第1集', 'order': 1, 'updated_at': '2019-06-26T14:09:49.339Z', 'id': '5d13a37ba47b211011be708f'}]
2026-10-01 02:04:05 - mkk_pika - database.py:215 - INFO - 第一次下载该漫画，记录数据库中
2026-10-01 02:04:06 - mkk_pika - main.py:83 - INFO - 找到 26 张图片在:第1集
2026-10-01 02:04:06 - mkk_pika - main.py:112 - INFO - [episode:第1集       ] downloaded:    26, total:  26, progress:100%
2026-10-01 02:04:06 - mkk_pika - database.py:238 - INFO - 数据库更新已下载章节
2026-10-01 02:04:06 - mkk_pika - database.py:244 - INFO - 该漫画已下载章节如下
2026-10-01 02:04:06 - mkk_pika - database.py:245 - INFO - ['第1集']
2026-10-01 02:04:08 - mkk_pika - main.py:348 - INFO - ==================== 漫画信息 ====================
                                   漫画ID：5d13a37ba47b211011be708e
                                   标题：ヒミツノオトマリカイ
                                   作者：テングサ (tokorot)
                                   是否完结：否
                                   总页数：26
                                   分类：短篇
                                   章节数：1
                                   最后更新时间：2019-06-26T16:55:23.463Z
                                   =================================================
2026-10-01 02:04:08 - mkk_pika - database.py:101 - INFO - 保存成功：ヒミツノオトマリカイ
2026-10-01 02:04:08 - mkk_pika - main.py:35 - INFO - 开始检查(C95) [AP [中国翻訳]是否存在未下载章节
2026-10-01 02:04:08 - mkk_pika - main.py:45 - INFO - 正在下载:[(C95) [AP [中国翻訳]]-[Mogullaz (もぐらず)]-[['全彩', '短篇']]-[total_pages:24]
2026-10-01 02:04:08 - mkk_pika - main.py:49 - INFO - [{'_id': '5d146896484afb170dd9c5f9', 'title': '第1集', 'order': 1, 'updated_at': '2019-06-26T15:10:31.135Z', 'id': '5d146896484afb170dd9c5f9'}]
2026-10-01 02:04:08 - mkk_pika - database.py:215 - INFO - 第一次下载该漫画，记录数据库中
2026-10-01 02:04:09 - mkk_pika - main.py:83 - INFO - 找到 24 张图片在:第1集
2026-10-01 02:04:09 - mkk_pika - main.py:112 - INFO - [episode:第1集       ] downloaded:    24, total:  24, progress:100%
2026-10-01 02:04:09 - mkk_pika - database.py:238 - INFO - 数据库更新已下载章节
2026-10-01 02:04:09 - mkk_pika - database.py:244 - INFO - 该漫画已下载章节如下
2026-10-01 02:04:09 - mkk_pika - database.py:245 - INFO - ['第1集']
2026-10-01 02:04:10 - mkk_pika - main.py:348 - INFO - ==================== 漫画信息 ====================
                                   漫画ID：5d146896484afb170dd9c5f8
                                   标题：(C95) [AP [中国翻訳]
                                   作者：Mogullaz (もぐらず)
                                   是否完结：是
                                   总页数：24
                                   分类：全彩,短篇
                                   章节数：1
                                   最后更新时间：2019-06-27T06:56:22.469Z
                                   =================================================
2026-10-01 02:04:10 - mkk_pika - database.py:101 - INFO - 保存成功：(C95) [AP [中国翻訳]
2026-10-01 02:04:10 - mkk_pika - main.py:35 - INFO - 开始检查TWILIGHT BITCH是否存在未下载章节
2026-10-01 02:04:11 - mkk_pika - main.py:45 - INFO - 正在下载:[TWILIGHT BITCH]-[KAWAZOKO (菊にぃ)]-[['全彩', '同人', '短篇', '純愛', '非人類']]-[total_pages:27]
2026-10-01 02:04:11 - mkk_pika - main.py:49 - INFO - [{'_id': '5d1468c71c073d1724f43755', 'title': '第1集', 'order': 1, 'updated_at': '2019-06-26T20:35:19.765Z', 'id': '5d1468c71c073d1724f43755'}]
2026-10-01 02:04:11 - mkk_pika - database.py:215 - INFO - 第一次下载该漫画，记录数据库中
2026-10-01 02:04:11 - mkk_pika - main.py:83 - INFO - 找到 27 张图片在:第1集
2026-10-01 02:04:12 - mkk_pika - main.py:112 - INFO - [episode:第1集       ] downloaded:    27, total:  27, progress:100%
2026-10-01 02:04:12 - mkk_pika - database.py:238 - INFO - 数据库更新已下载章节
2026-10-01 02:04:12 - mkk_pika - database.py:244 - INFO - 该漫画已下载章节如下
2026-10-01 02:04:12 - mkk_pika - database.py:245 - INFO - ['第1集']
2026-10-01 02:04:13 - mkk_pika - main.py:348 - INFO - ==================== 漫画信息 ====================
                                   漫画ID：5d1468c71c073d1724f43754
                                   标题：TWILIGHT BITCH
                                   作者：KAWAZOKO (菊にぃ)
                                   是否完结：否
                                   总页数：27
                                   分类：全彩,同人,短篇,純愛,非人類
                                   章节数：1
                                   最后更新时间：2019-06-27T06:57:11.219Z
                                   =================================================
2026-10-01 02:04:13 - mkk_pika - database.py:101 - INFO - 保存成功：TWILIGHT BITCH
2026-10-01 02:04:13 - mkk_pika - main.py:35 - INFO - 开始检查草莓百分百同人Strawberry Panic (Ichigo 100%)是否存在未下载章节
2026-10-01 02:04:14 - mkk_pika - main.py:45 - INFO - 正在下载:[草莓百分百同人Strawberry Panic (Ichigo 100%)]-[如月群真]-[['同人', '後宮閃光']]-[total_pages:103]
2026-10-01 02:04:14 - mkk_pika - main.py:49 - INFO - [{'_id': '5d146928484afb170dd9c61c', 'title': '第1集', 'order': 1, 'updated_at': '2019-06-26T08:35:26.103Z', 'id': '5d146928484afb170dd9c61c'}, {'_id': '5d146928484afb170dd9c61d', 'title': '第2集', 'order': 2, 'updated_at': '2019-06-26T08:36:10.094Z', 'id': '5d146928484afb170dd9c61d'}, {'_id': '5d146928484afb170dd9c61e', 'title': '第3集', 'order': 3, 'updated_at': '2019-06-26T08:38:12.729Z', 'id': '5d146928484afb170dd9c61e'}, {'_id': '5d146928484afb170dd9c61f', 'title': ' Kozue Panic', 'order': 4, 'updated_at': '2019-06-26T08:38:55.913Z', 'id': '5d146928484afb170dd9c61f'}]
2026-10-01 02:04:14 - mkk_pika - database.py:215 - INFO - 第一次下载该漫画，记录数据库中
2026-10-01 02:04:15 - mkk_pika - main.py:83 - INFO - 找到 22 张图片在:第1集
2026-10-01 02:04:15 - mkk_pika - main.py:112 - INFO - [episode:第1集       ] downloaded:    22, total:  22, progress:100%
2026-10-01 02:04:15 - mkk_pika - database.py:238 - INFO - 数据库更新已下载章节
2026-10-01 02:04:15 - mkk_pika - database.py:244 - INFO - 该漫画已下载章节如下
2026-10-01 02:04:15 - mkk_pika - database.py:245 - INFO - ['第1集']
2026-10-01 02:04:17 - mkk_pika - main.py:83 - INFO - 找到 27 张图片在:第2集
2026-10-01 02:04:17 - mkk_pika - main.py:112 - INFO - [episode:第2集       ] downloaded:    27, total:  27, progress:100%
2026-10-01 02:04:17 - mkk_pika - database.py:238 - INFO - 数据库更新已下载章节
2026-10-01 02:04:17 - mkk_pika - database.py:244 - INFO - 该漫画已下载章节如下
2026-10-01 02:04:17 - mkk_pika - database.py:245 - INFO - ['第1集', '第2集']
2026-10-01 02:04:19 - mkk_pika - main.py:83 - INFO - 找到 27 张图片在:第3集
2026-10-01 02:04:19 - mkk_pika - main.py:112 - INFO - [episode:第3集       ] downloaded:    27, total:  27, progress:100%
2026-10-01 02:04:19 - mkk_pika - database.py:238 - INFO - 数据库更新已下载章节
2026-10-01 02:04:19 - mkk_pika - database.py:244 - INFO - 该漫画已下载章节如下
2026-10-01 02:04:19 - mkk_pika - database.py:245 - INFO - ['第1集', '第2集', '第3集']
2026-10-01 02:04:21 - mkk_pika - main.py:83 - INFO - 找到 27 张图片在:KozuePanic
2026-10-01 02:04:22 - mkk_pika - main.py:112 - INFO - [episode: Kozue Panic] downloaded:    27, total:  27, progress:100%
2026-10-01 02:04:22 - mkk_pika - database.py:238 - INFO - 数据库更新已下载章节
2026-10-01 02:04:22 - mkk_pika - database.py:244 - INFO - 该漫画已下载章节如下
2026-10-01 02:04:22 - mkk_pika - database.py:245 - INFO - ['第1集', '第2集', '第3集', ' Kozue Panic']
2026-10-01 02:04:23 - mkk_pika - main.py:348 - INFO - ==================== 漫画信息 ====================
                                   漫画ID：5d146928484afb170dd9c61b
                                   标题：草莓百分百同人Strawberry Panic (Ichigo 100%)
                                   作者：如月群真
                                   是否完结：是
                                   总页数：103
                                   分类：同人,後宮閃光
                                   章节数：4
                                   最后更新时间：2019-06-27T06:58:48.611Z
                                   =================================================
2026-10-01 02:04:23 - mkk_pika - database.py:101 - INFO - 保存成功：草莓百分百同人Strawberry Panic (Ichigo 100%)
2026-10-01 02:04:23 - mkk_pika - main.py:35 - INFO - 开始检查(例大祭16) うつほはとってもかしこいな! (東方Project)是否存在未下载章节
2026-10-01 02:04:23 - mkk_pika - main.py:45 - INFO - 正在下载:[(例大祭16) うつほはとってもかしこいな! (東方Project)]-[Satellites (サテツ)]-[['短篇', '同人', '東方']]-[total_pages:28]
2026-10-01 02:04:23 - mkk_pika - main.py:49 - INFO - [{'_id': '5d146aa013036817135e138c', 'title': '第1集', 'order': 1, 'updated_at': '2019-06-27T01:26:41.965Z', 'id': '5d146aa013036817135e138c'}]
2026-10-01 02:04:23 - mkk_pika - database.py:215 - INFO - 第一次下载该漫画，记录数据库中
2026-10-01 02:04:24 - mkk_pika - main.py:83 - INFO - 找到 28 张图片在:第1集
2026-10-01 02:04:24 - mkk_pika - main.py:112 - INFO - [episode:第1集       ] downloaded:    28, total:  28, progress:100%
2026-10-01 02:04:24 - mkk_pika - database.py:238 - INFO - 数据库更新已下载章节
2026-10-01 02:04:24 - mkk_pika - database.py:244 - INFO - 该漫画已下载章节如下
2026-10-01 02:04:24 - mkk_pika - database.py:245 - INFO - ['第1集']
2026-10-01 02:04:26 - mkk_pika - main.py:348 - INFO - ==================== 漫画信息 ====================
                                   漫画ID：5d146aa013036817135e138b
                                   标题：(例大祭16) うつほはとってもかしこいな! (東方Project)
                                   作者：Satellites (サテツ)
                                   是否完结：是
                                   总页数：28
                                   分类：短篇,同人,東方
                                   章节数：1
                                   最后更新时间：2019-06-27T07:05:04.098Z
                                   =================================================
2026-10-01 02:04:26 - mkk_pika - database.py:101 - INFO - 保存成功：(例大祭16) うつほはとってもかしこいな! (東方Project)
2026-10-01 02:04:26 - mkk_pika - main.py:35 - INFO - 开始检查推しえごいじょう。 (COMIC アンスリウム 2017年12月号)[DL版]是否存在未下载章节
2026-10-01 02:04:26 - mkk_pika - main.py:45 - INFO - 正在下载:[推しえごいじょう。 (COMIC アンスリウム 2017年12月号)[DL版]]-[廃狼]-[['短篇', '純愛']]-[total_pages:20]
2026-10-01 02:04:26 - mkk_pika - main.py:49 - INFO - [{'_id': '5d146c4c484afb170dd9c692', 'title': '第1集', 'order': 1, 'updated_at': '2019-06-27T02:01:57.670Z', 'id': '5d146c4c484afb170dd9c692'}]
2026-10-01 02:04:26 - mkk_pika - database.py:215 - INFO - 第一次下载该漫画，记录数据库中
2026-10-01 02:04:27 - mkk_pika - main.py:83 - INFO - 找到 20 张图片在:第1集
2026-10-01 02:04:27 - mkk_pika - main.py:112 - INFO - [episode:第1集       ] downloaded:    20, total:  20, progress:100%
2026-10-01 02:04:27 - mkk_pika - database.py:238 - INFO - 数据库更新已下载章节
2026-10-01 02:04:27 - mkk_pika - database.py:244 - INFO - 该漫画已下载章节如下
2026-10-01 02:04:27 - mkk_pika - database.py:245 - INFO - ['第1集']
2026-10-01 02:04:28 - mkk_pika - main.py:348 - INFO - ==================== 漫画信息 ====================
                                   漫画ID：5d146c4c484afb170dd9c691
                                   标题：推しえごいじょう。 (COMIC アンスリウム 2017年12月号)[DL版]
                                   作者：廃狼
                                   是否完结：否
                                   总页数：20
                                   分类：短篇,純愛
                                   章节数：1
                                   最后更新时间：2019-06-27T07:12:12.659Z
                                   =================================================
2026-10-01 02:04:28 - mkk_pika - database.py:101 - INFO - 保存成功：推しえごいじょう。 (COMIC アンスリウム 2017年12月号)[DL版]
2026-10-01 02:04:28 - mkk_pika - main.py:35 - INFO - 开始检查はじめてサキュバスの卒業試験 (コミックゼロス #72)[無修正]是否存在未下载章节
2026-10-01 02:04:29 - mkk_pika - main.py:45 - INFO - 正在下载:[はじめてサキュバスの卒業試験 (コミックゼロス #72)[無修正]]-[ちゅーりっふ。]-[['短篇', '純愛', '非人類']]-[total_pages:28]
2026-10-01 02:04:29 - mkk_pika - main.py:49 - INFO - [{'_id': '5d147a5dc6055b357d4601cf', 'title': '第1集', 'order': 1, 'updated_at': '2019-06-27T02:56:14.677Z', 'id': '5d147a5dc6055b357d4601cf'}]
2026-10-01 02:04:29 - mkk_pika - database.py:215 - INFO - 第一次下载该漫画，记录数据库中
2026-10-01 02:04:29 - mkk_pika - main.py:83 - INFO - 找到 28 张图片在:第1集
2026-10-01 02:04:30 - mkk_pika - main.py:112 - INFO - [episode:第1集       ] downloaded:    28, total:  28, progress:100%
2026-10-01 02:04:30 - mkk_pika - database.py:238 - INFO - 数据库更新已下载章节
2026-10-01 02:04:30 - mkk_pika - database.py:244 - INFO - 该漫画已下载章节如下
2026-10-01 02:04:30 - mkk_pika - database.py:245 - INFO - ['第1集']
2026-10-01 02:04:31 - mkk_pika - main.py:348 - INFO - ==================== 漫画信息 ====================
                                   漫画ID：5d147a5dc6055b357d4601ce
                                   标题：はじめてサキュバスの卒業試験 (コミックゼロス #72)[無修正]
                                   作者：ちゅーりっふ。
                                   是否完结：否
                                   总页数：28
                                   分类：短篇,純愛,非人類
                                   章节数：1
                                   最后更新时间：2019-06-27T08:12:13.405Z
                                   =================================================
2026-10-01 02:04:31 - mkk_pika - database.py:101 - INFO - 保存成功：はじめてサキュバスの卒業試験 (コミックゼロス #72)[無修正]
2026-10-01 02:04:31 - mkk_pika - main.py:35 - INFO - 开始检查酔いが明けぬうちに (COMIC快楽天 2019年6月号)[無修正]是否存在未下载章节
2026-10-01 02:04:32 - mkk_pika - main.py:45 - INFO - 正在下载:[酔いが明けぬうちに (COMIC快楽天 2019年6月号)[無修正]]-[宵野コタロー]-[['短篇', '純愛', '全彩', '妹妹系']]-[total_pages:8]
2026-10-01 02:04:32 - mkk_pika - main.py:49 - INFO - [{'_id': '5d147a75f708fa35947eaed5', 'title': '第1集', 'order': 1, 'updated_at': '2019-06-27T03:01:06.110Z', 'id': '5d147a75f708fa35947eaed5'}]
2026-10-01 02:04:32 - mkk_pika - database.py:215 - INFO - 第一次下载该漫画，记录数据库中
2026-10-01 02:04:32 - mkk_pika - main.py:83 - INFO - 找到 8 张图片在:第1集
2026-10-01 02:04:33 - mkk_pika - main.py:112 - INFO - [episode:第1集       ] downloaded:     8, total:   8, progress:100%
2026-10-01 02:04:33 - mkk_pika - database.py:238 - INFO - 数据库更新已下载章节
2026-10-01 02:04:33 - mkk_pika - database.py:244 - INFO - 该漫画已下载章节如下
2026-10-01 02:04:33 - mkk_pika - database.py:245 - INFO - ['第1集']
2026-10-01 02:04:34 - mkk_pika - main.py:348 - INFO - ==================== 漫画信息 ====================
                                   漫画ID：5d147a75f708fa35947eaed4
                                   标题：酔いが明けぬうちに (COMIC快楽天 2019年6月号)[無修正]
                                   作者：宵野コタロー
                                   是否完结：否
                                   总页数：8
                                   分类：短篇,純愛,全彩,妹妹系
                                   章节数：1
                                   最后更新时间：2019-06-27T08:12:37.844Z
                                   =================================================
2026-10-01 02:04:34 - mkk_pika - database.py:101 - INFO - 保存成功：酔いが明けぬうちに (COMIC快楽天 2019年6月号)[無修正]
2026-10-01 02:04:34 - mkk_pika - main.py:35 - INFO - 开始检查瞧！45酱笑得多开心啊是否存在未下载章节
2026-10-01 02:04:34 - mkk_pika - main.py:45 - INFO - 正在下载:[瞧！45酱笑得多开心啊]-[でかいるか]-[['同人', '純愛']]-[total_pages:24]
2026-10-01 02:04:34 - mkk_pika - main.py:49 - INFO - [{'_id': '5d147a90bca8fa3583a2616b', 'title': '第1集', 'order': 1, 'updated_at': '2019-06-27T04:28:59.716Z', 'id': '5d147a90bca8fa3583a2616b'}]
2026-10-01 02:04:34 - mkk_pika - database.py:215 - INFO - 第一次下载该漫画，记录数据库中
2026-10-01 02:04:35 - mkk_pika - main.py:83 - INFO - 找到 31 张图片在:第1集
2026-10-01 02:04:36 - mkk_pika - main.py:112 - INFO - [episode:第1集       ] downloaded:    31, total:  31, progress:100%
2026-10-01 02:04:36 - mkk_pika - database.py:238 - INFO - 数据库更新已下载章节
2026-10-01 02:04:36 - mkk_pika - database.py:244 - INFO - 该漫画已下载章节如下
2026-10-01 02:04:36 - mkk_pika - database.py:245 - INFO - ['第1集']
2026-10-01 02:04:37 - mkk_pika - main.py:348 - INFO - ==================== 漫画信息 ====================
                                   漫画ID：5d147a90bca8fa3583a2616a
                                   标题：瞧！45酱笑得多开心啊
                                   作者：でかいるか
                                   是否完结：是
                                   总页数：24
                                   分类：同人,純愛
                                   章节数：1
                                   最后更新时间：2019-06-27T08:13:04.783Z
                                   =================================================
2026-10-01 02:04:37 - mkk_pika - database.py:101 - INFO - 保存成功：瞧！45酱笑得多开心啊
2026-10-01 02:04:37 - mkk_pika - main.py:35 - INFO - 开始检查めちゃっくすしよ 翻天覆地的幹吧是否存在未下载章节
2026-10-01 02:04:37 - mkk_pika - main.py:45 - INFO - 正在下载:[めちゃっくすしよ 翻天覆地的幹吧]-[H9]-[['長篇', '短篇', '單行本', 'SM', '強暴', '人妻', '後宮閃光', 'NTR']]-[total_pages:205]
2026-10-01 02:04:37 - mkk_pika - main.py:49 - INFO - [{'_id': '5d14c6e6c6055b357d46074d', 'title': '翻天覆地的幹吧單行本', 'order': 1, 'updated_at': '2019-06-27T09:57:17.804Z', 'id': '5d14c6e6c6055b357d46074d'}]
2026-10-01 02:04:37 - mkk_pika - database.py:215 - INFO - 第一次下载该漫画，记录数据库中
2026-10-01 02:04:39 - mkk_pika - main.py:83 - INFO - 找到 205 张图片在:翻天覆地的幹吧單行本
2026-10-01 02:04:43 - mkk_pika - main.py:112 - INFO - [episode:翻天覆地的幹吧單行本] downloaded:   205, total: 205, progress:100%
2026-10-01 02:04:43 - mkk_pika - database.py:238 - INFO - 数据库更新已下载章节
2026-10-01 02:04:43 - mkk_pika - database.py:244 - INFO - 该漫画已下载章节如下
2026-10-01 02:04:43 - mkk_pika - database.py:245 - INFO - ['翻天覆地的幹吧單行本']
2026-10-01 02:04:45 - mkk_pika - main.py:348 - INFO - ==================== 漫画信息 ====================
                                   漫画ID：5d14c6e6c6055b357d46074c
                                   标题：めちゃっくすしよ 翻天覆地的幹吧
                                   作者：H9
                                   是否完结：是
                                   总页数：205
                                   分类：長篇,短篇,單行本,SM,強暴,人妻,後宮閃光,NTR
                                   章节数：1
                                   最后更新时间：2019-06-27T13:38:46.559Z
                                   =================================================
2026-10-01 02:04:45 - mkk_pika - database.py:101 - INFO - 保存成功：めちゃっくすしよ 翻天覆地的幹吧
2026-10-01 02:04:45 - mkk_pika - main.py:35 - INFO - 开始检查던파 망가 (Dungeon Fighter Online) [Textless]是否存在未下载章节
2026-10-01 02:04:45 - mkk_pika - main.py:45 - INFO - 正在下载:[던파 망가 (Dungeon Fighter Online) [Textless]]-[Kook]-[['同人']]-[total_pages:10]
2026-10-01 02:04:45 - mkk_pika - main.py:49 - INFO - [{'_id': '5d14e4ed5a1b864014043b9d', 'title': '第1集', 'order': 1, 'updated_at': '2019-06-26T12:36:30.510Z', 'id': '5d14e4ed5a1b864014043b9d'}]
2026-10-01 02:04:45 - mkk_pika - database.py:215 - INFO - 第一次下载该漫画，记录数据库中
2026-10-01 02:04:46 - mkk_pika - main.py:83 - INFO - 找到 10 张图片在:第1集
2026-10-01 02:04:47 - mkk_pika - main.py:112 - INFO - [episode:第1集       ] downloaded:    10, total:  10, progress:100%
2026-10-01 02:04:47 - mkk_pika - database.py:238 - INFO - 数据库更新已下载章节
2026-10-01 02:04:47 - mkk_pika - database.py:244 - INFO - 该漫画已下载章节如下
2026-10-01 02:04:47 - mkk_pika - database.py:245 - INFO - ['第1集']
2026-10-01 02:04:48 - mkk_pika - main.py:348 - INFO - ==================== 漫画信息 ====================
                                   漫画ID：5d14e4ed5a1b864014043b9c
                                   标题：던파 망가 (Dungeon Fighter Online) [Textless]
                                   作者：Kook
                                   是否完结：否
                                   总页数：10
                                   分类：同人
                                   章节数：1
                                   最后更新时间：2019-06-27T15:46:53.637Z
                                   =================================================
2026-10-01 02:04:48 - mkk_pika - database.py:101 - INFO - 保存成功：던파 망가 (Dungeon Fighter Online) [Textless]
2026-10-01 02:04:48 - mkk_pika - main.py:35 - INFO - 开始检查(COMIC1☆15) 葛城トラヴァイエ (艦隊これくしょん -艦これ-) [中国翻訳]是否存在未下载章节
2026-10-01 02:04:48 - mkk_pika - main.py:45 - INFO - 正在下载:[(COMIC1☆15) 葛城トラヴァイエ (艦隊これくしょん -艦これ-) [中国翻訳]]-[INFINITY DRIVE (京極しん)]-[['短篇', '純愛', '同人', '艦隊收藏']]-[total_pages:23]
2026-10-01 02:04:48 - mkk_pika - main.py:49 - INFO - [{'_id': '5d14ea2ad6b0863ffc0b0ecf', 'title': '第1集', 'order': 1, 'updated_at': '2019-06-27T12:48:57.295Z', 'id': '5d14ea2ad6b0863ffc0b0ecf'}]
2026-10-01 02:04:48 - mkk_pika - database.py:215 - INFO - 第一次下载该漫画，记录数据库中
2026-10-01 02:04:49 - mkk_pika - main.py:83 - INFO - 找到 23 张图片在:第1集
2026-10-01 02:04:49 - mkk_pika - main.py:112 - INFO - [episode:第1集       ] downloaded:    23, total:  23, progress:100%
2026-10-01 02:04:49 - mkk_pika - database.py:238 - INFO - 数据库更新已下载章节
2026-10-01 02:04:49 - mkk_pika - database.py:244 - INFO - 该漫画已下载章节如下
2026-10-01 02:04:49 - mkk_pika - database.py:245 - INFO - ['第1集']
2026-10-01 02:04:51 - mkk_pika - main.py:348 - INFO - ==================== 漫画信息 ====================
                                   漫画ID：5d14ea2ad6b0863ffc0b0ece
                                   标题：(COMIC1☆15) 葛城トラヴァイエ (艦隊これくしょん -艦これ-) [中国翻訳]
                                   作者：INFINITY DRIVE (京極しん)
                                   是否完结：是
                                   总页数：23
                                   分类：短篇,純愛,同人,艦隊收藏
                                   章节数：1
                                   最后更新时间：2019-06-27T16:09:14.222Z
                                   =================================================
2026-10-01 02:04:51 - mkk_pika - database.py:101 - INFO - 保存成功：(COMIC1☆15) 葛城トラヴァイエ (艦隊これくしょん -艦これ-) [中国翻訳]
2026-10-01 02:04:51 - mkk_pika - main.py:35 - INFO - 开始检查影狼とわんわんお!!是否存在未下载章节
2026-10-01 02:04:51 - mkk_pika - main.py:45 - INFO - 正在下载:[影狼とわんわんお!!]-[あばらんち (チマQ)]-[['同人', '短篇', '東方']]-[total_pages:26]
2026-10-01 02:04:51 - mkk_pika - main.py:49 - INFO - [{'_id': '5d14ea467f63b3400e735941', 'title': '第1集', 'order': 1, 'updated_at': '2019-06-27T12:37:07.816Z', 'id': '5d14ea467f63b3400e735941'}]
2026-10-01 02:04:51 - mkk_pika - database.py:215 - INFO - 第一次下载该漫画，记录数据库中
2026-10-01 02:04:52 - mkk_pika - main.py:83 - INFO - 找到 26 张图片在:第1集
2026-10-01 02:04:52 - mkk_pika - main.py:112 - INFO - [episode:第1集       ] downloaded:    26, total:  26, progress:100%
2026-10-01 02:04:52 - mkk_pika - database.py:238 - INFO - 数据库更新已下载章节
2026-10-01 02:04:52 - mkk_pika - database.py:244 - INFO - 该漫画已下载章节如下
2026-10-01 02:04:52 - mkk_pika - database.py:245 - INFO - ['第1集']
2026-10-01 02:04:54 - mkk_pika - main.py:348 - INFO - ==================== 漫画信息 ====================
                                   漫画ID：5d14ea467f63b3400e735940
                                   标题：影狼とわんわんお!!
                                   作者：あばらんち (チマQ)
                                   是否完结：否
                                   总页数：26
                                   分类：同人,短篇,東方
                                   章节数：1
                                   最后更新时间：2019-06-27T16:09:42.787Z
                                   =================================================
2026-10-01 02:04:54 - mkk_pika - database.py:101 - INFO - 保存成功：影狼とわんわんお!!
2026-10-01 02:04:54 - mkk_pika - main.py:35 - INFO - 开始检查感じて! True LOVE ラヴ らぶ!是否存在未下载章节
2026-10-01 02:04:54 - mkk_pika - main.py:45 - INFO - 正在下载:[感じて! True LOVE ラヴ らぶ!]-[東条らーめん (東條)]-[['同人', '短篇', '東方']]-[total_pages:33]
2026-10-01 02:04:54 - mkk_pika - main.py:49 - INFO - [{'_id': '5d14ea815a1b864014043f57', 'title': '第1集', 'order': 1, 'updated_at': '2019-06-27T13:14:53.811Z', 'id': '5d14ea815a1b864014043f57'}]
2026-10-01 02:04:54 - mkk_pika - database.py:215 - INFO - 第一次下载该漫画，记录数据库中
2026-10-01 02:04:54 - mkk_pika - main.py:83 - INFO - 找到 33 张图片在:第1集
2026-10-01 02:04:55 - mkk_pika - main.py:112 - INFO - [episode:第1集       ] downloaded:    33, total:  33, progress:100%
2026-10-01 02:04:55 - mkk_pika - database.py:238 - INFO - 数据库更新已下载章节
2026-10-01 02:04:55 - mkk_pika - database.py:244 - INFO - 该漫画已下载章节如下
2026-10-01 02:04:55 - mkk_pika - database.py:245 - INFO - ['第1集']
2026-10-01 02:04:57 - mkk_pika - main.py:348 - INFO - ==================== 漫画信息 ====================
                                   漫画ID：5d14ea815a1b864014043f56
                                   标题：感じて! True LOVE ラヴ らぶ!
                                   作者：東条らーめん (東條)
                                   是否完结：否
                                   总页数：33
                                   分类：同人,短篇,東方
                                   章节数：1
                                   最后更新时间：2019-06-27T16:10:41.180Z
                                   =================================================
2026-10-01 02:04:57 - mkk_pika - database.py:101 - INFO - 保存成功：感じて! True LOVE ラヴ らぶ!
2026-10-01 02:04:57 - mkk_pika - main.py:35 - INFO - 开始检查いっぱい虐めて、いっぱい愛して。是否存在未下载章节
2026-10-01 02:04:57 - mkk_pika - main.py:45 - INFO - 正在下载:[いっぱい虐めて、いっぱい愛して。]-[秘密結社うさぎ (だんちょ)]-[['短篇']]-[total_pages:28]
2026-10-01 02:04:57 - mkk_pika - main.py:49 - INFO - [{'_id': '5d14eab17f63b3400e73595d', 'title': '第1集', 'order': 1, 'updated_at': '2019-06-27T13:28:26.397Z', 'id': '5d14eab17f63b3400e73595d'}]
2026-10-01 02:04:57 - mkk_pika - database.py:215 - INFO - 第一次下载该漫画，记录数据库中
2026-10-01 02:04:57 - mkk_pika - main.py:83 - INFO - 找到 28 张图片在:第1集
2026-10-01 02:04:58 - mkk_pika - main.py:112 - INFO - [episode:第1集       ] downloaded:    28, total:  28, progress:100%
2026-10-01 02:04:58 - mkk_pika - database.py:238 - INFO - 数据库更新已下载章节
2026-10-01 02:04:58 - mkk_pika - database.py:244 - INFO - 该漫画已下载章节如下
2026-10-01 02:04:58 - mkk_pika - database.py:245 - INFO - ['第1集']
2026-10-01 02:04:59 - mkk_pika - main.py:348 - INFO - ==================== 漫画信息 ====================
                                   漫画ID：5d14eab17f63b3400e73595c
                                   标题：いっぱい虐めて、いっぱい愛して。
                                   作者：秘密結社うさぎ (だんちょ)
                                   是否完结：否
                                   总页数：28
                                   分类：短篇
                                   章节数：1
                                   最后更新时间：2019-06-27T16:11:29.619Z
                                   =================================================
2026-10-01 02:04:59 - mkk_pika - database.py:101 - INFO - 保存成功：いっぱい虐めて、いっぱい愛して。
2026-10-01 02:04:59 - mkk_pika - main.py:35 - INFO - 开始检查 (C88)文緒の誘惑デート (ガールフレンド(仮))是否存在未下载章节
2026-10-01 02:05:00 - mkk_pika - main.py:45 - INFO - 正在下载:[ (C88)文緒の誘惑デート (ガールフレンド(仮))]-[おとな出版 (ひつじたかこ)]-[['短篇', '同人']]-[total_pages:31]
2026-10-01 02:05:00 - mkk_pika - main.py:49 - INFO - [{'_id': '5d14eb445a1b864014043f7c', 'title': '第1集', 'order': 1, 'updated_at': '2019-06-27T13:27:46.359Z', 'id': '5d14eb445a1b864014043f7c'}]
2026-10-01 02:05:00 - mkk_pika - database.py:215 - INFO - 第一次下载该漫画，记录数据库中
2026-10-01 02:05:00 - mkk_pika - main.py:83 - INFO - 找到 31 张图片在:第1集
2026-10-01 02:05:01 - mkk_pika - main.py:112 - INFO - [episode:第1集       ] downloaded:    31, total:  31, progress:100%
2026-10-01 02:05:01 - mkk_pika - database.py:238 - INFO - 数据库更新已下载章节
2026-10-01 02:05:01 - mkk_pika - database.py:244 - INFO - 该漫画已下载章节如下
2026-10-01 02:05:01 - mkk_pika - database.py:245 - INFO - ['第1集']
2026-10-01 02:05:02 - mkk_pika - main.py:348 - INFO - ==================== 漫画信息 ====================
                                   漫画ID：5d14eb445a1b864014043f7b
                                   标题： (C88)文緒の誘惑デート (ガールフレンド(仮))
                                   作者：おとな出版 (ひつじたかこ)
                                   是否完结：否
                                   总页数：31
                                   分类：短篇,同人
                                   章节数：1
                                   最后更新时间：2019-06-27T16:13:56.901Z
                                   =================================================
2026-10-01 02:05:02 - mkk_pika - database.py:101 - INFO - 保存成功： (C88)文緒の誘惑デート (ガールフレンド(仮))
2026-10-01 02:05:02 - mkk_pika - main.py:35 - INFO - 开始检查(COMIC1☆15) Fate Lewd Order (Fate/Grand Order)是否存在未下载章节
2026-10-01 02:05:03 - mkk_pika - main.py:45 - INFO - 正在下载:[(COMIC1☆15) Fate Lewd Order (Fate/Grand Order)]-[ソニックブーム (hews)]-[['短篇', '同人', '全彩', 'Fate']]-[total_pages:18]
2026-10-01 02:05:03 - mkk_pika - main.py:49 - INFO - [{'_id': '5d14eb937f63b3400e735993', 'title': '第1集', 'order': 1, 'updated_at': '2019-06-27T13:40:23.141Z', 'id': '5d14eb937f63b3400e735993'}]
2026-10-01 02:05:03 - mkk_pika - database.py:215 - INFO - 第一次下载该漫画，记录数据库中
2026-10-01 02:05:04 - mkk_pika - main.py:83 - INFO - 找到 18 张图片在:第1集
2026-10-01 02:05:04 - mkk_pika - main.py:112 - INFO - [episode:第1集       ] downloaded:    18, total:  18, progress:100%
2026-10-01 02:05:04 - mkk_pika - database.py:238 - INFO - 数据库更新已下载章节
2026-10-01 02:05:04 - mkk_pika - database.py:244 - INFO - 该漫画已下载章节如下
2026-10-01 02:05:04 - mkk_pika - database.py:245 - INFO - ['第1集']
2026-10-01 02:05:05 - mkk_pika - main.py:348 - INFO - ==================== 漫画信息 ====================
                                   漫画ID：5d14eb937f63b3400e735992
                                   标题：(COMIC1☆15) Fate Lewd Order (Fate/Grand Order)
                                   作者：ソニックブーム (hews)
                                   是否完结：是
                                   总页数：18
                                   分类：短篇,同人,全彩,Fate
                                   章节数：1
                                   最后更新时间：2019-06-27T16:15:15.461Z
                                   =================================================
2026-10-01 02:05:05 - mkk_pika - database.py:101 - INFO - 保存成功：(COMIC1☆15) Fate Lewd Order (Fate/Grand Order)
2026-10-01 02:05:05 - mkk_pika - main.py:35 - INFO - 开始检查 センセイ♡ (COMIC快楽天 2019年5月号) 是否存在未下载章节
2026-10-01 02:05:06 - mkk_pika - main.py:45 - INFO - 正在下载:[ センセイ♡ (COMIC快楽天 2019年5月号) ]-[ユズハ]-[['短篇']]-[total_pages:19]
2026-10-01 02:05:06 - mkk_pika - main.py:49 - INFO - [{'_id': '5d14ebb97f63b3400e7359a8', 'title': '第1集', 'order': 1, 'updated_at': '2019-06-27T13:52:22.341Z', 'id': '5d14ebb97f63b3400e7359a8'}]
2026-10-01 02:05:06 - mkk_pika - database.py:215 - INFO - 第一次下载该漫画，记录数据库中
2026-10-01 02:05:06 - mkk_pika - main.py:83 - INFO - 找到 19 张图片在:第1集
2026-10-01 02:05:07 - mkk_pika - main.py:112 - INFO - [episode:第1集       ] downloaded:    19, total:  19, progress:100%
2026-10-01 02:05:07 - mkk_pika - database.py:238 - INFO - 数据库更新已下载章节
2026-10-01 02:05:07 - mkk_pika - database.py:244 - INFO - 该漫画已下载章节如下
2026-10-01 02:05:07 - mkk_pika - database.py:245 - INFO - ['第1集']
2026-10-01 02:05:08 - mkk_pika - main.py:348 - INFO - ==================== 漫画信息 ====================
                                   漫画ID：5d14ebb97f63b3400e7359a7
                                   标题： センセイ♡ (COMIC快楽天 2019年5月号) 
                                   作者：ユズハ
                                   是否完结：是
                                   总页数：19
                                   分类：短篇
                                   章节数：1
                                   最后更新时间：2019-06-27T16:15:53.818Z
                                   =================================================
2026-10-01 02:05:08 - mkk_pika - database.py:101 - INFO - 保存成功： センセイ♡ (COMIC快楽天 2019年5月号) 
2026-10-01 02:05:08 - mkk_pika - main.py:35 - INFO - 开始检查 むちむちオナドル発情中♥ (COMIC 快楽天ビースト 2019年7月号) [中国翻訳] [DL版]是否存在未下载章节
2026-10-01 02:05:09 - mkk_pika - main.py:45 - INFO - 正在下载:[ むちむちオナドル発情中♥ (COMIC 快楽天ビースト 2019年7月号) [中国翻訳] [DL版]]-[藤ます]-[['短篇']]-[total_pages:7]
2026-10-01 02:05:09 - mkk_pika - main.py:49 - INFO - [{'_id': '5d14ebd55a1b864014043f9d', 'title': '第1集', 'order': 1, 'updated_at': '2019-06-27T13:59:29.101Z', 'id': '5d14ebd55a1b864014043f9d'}]
2026-10-01 02:05:09 - mkk_pika - database.py:215 - INFO - 第一次下载该漫画，记录数据库中
2026-10-01 02:05:09 - mkk_pika - main.py:83 - INFO - 找到 7 张图片在:第1集
2026-10-01 02:05:09 - mkk_pika - main.py:112 - INFO - [episode:第1集       ] downloaded:     7, total:   7, progress:100%
2026-10-01 02:05:09 - mkk_pika - database.py:238 - INFO - 数据库更新已下载章节
2026-10-01 02:05:09 - mkk_pika - database.py:244 - INFO - 该漫画已下载章节如下
2026-10-01 02:05:09 - mkk_pika - database.py:245 - INFO - ['第1集']
2026-10-01 02:05:11 - mkk_pika - main.py:348 - INFO - ==================== 漫画信息 ====================
                                   漫画ID：5d14ebd55a1b864014043f9c
                                   标题： むちむちオナドル発情中♥ (COMIC 快楽天ビースト 2019年7月号) [中国翻訳] [DL版]
                                   作者：藤ます
                                   是否完结：是
                                   总页数：7
                                   分类：短篇
                                   章节数：1
                                   最后更新时间：2019-06-27T16:16:21.902Z
                                   =================================================
2026-10-01 02:05:11 - mkk_pika - database.py:101 - INFO - 保存成功： むちむちオナドル発情中♥ (COMIC 快楽天ビースト 2019年7月号) [中国翻訳] [DL版]
2026-10-01 02:05:11 - mkk_pika - main.py:35 - INFO - 开始检查 (COMIC1☆15)  Chocola a mer [中国翻訳]是否存在未下载章节
2026-10-01 02:05:11 - mkk_pika - main.py:45 - INFO - 正在下载:[ (COMIC1☆15)  Chocola a mer [中国翻訳]]-[Lonely Church (鈴音れな)]-[['短篇', '純愛']]-[total_pages:28]
2026-10-01 02:05:11 - mkk_pika - main.py:49 - INFO - [{'_id': '5d14ec71340738400228ca1b', 'title': '第1集', 'order': 1, 'updated_at': '2019-06-27T15:14:49.932Z', 'id': '5d14ec71340738400228ca1b'}]
2026-10-01 02:05:11 - mkk_pika - database.py:215 - INFO - 第一次下载该漫画，记录数据库中
2026-10-01 02:05:12 - mkk_pika - main.py:83 - INFO - 找到 28 张图片在:第1集
2026-10-01 02:05:12 - mkk_pika - main.py:112 - INFO - [episode:第1集       ] downloaded:    28, total:  28, progress:100%
2026-10-01 02:05:12 - mkk_pika - database.py:238 - INFO - 数据库更新已下载章节
2026-10-01 02:05:12 - mkk_pika - database.py:244 - INFO - 该漫画已下载章节如下
2026-10-01 02:05:12 - mkk_pika - database.py:245 - INFO - ['第1集']
2026-10-01 02:05:14 - mkk_pika - main.py:348 - INFO - ==================== 漫画信息 ====================
                                   漫画ID：5d14ec71340738400228ca1a
                                   标题： (COMIC1☆15)  Chocola a mer [中国翻訳]
                                   作者：Lonely Church (鈴音れな)
                                   是否完结：是
                                   总页数：28
                                   分类：短篇,純愛
                                   章节数：1
                                   最后更新时间：2019-06-27T16:18:57.103Z
                                   =================================================
2026-10-01 02:05:14 - mkk_pika - database.py:101 - INFO - 保存成功： (COMIC1☆15)  Chocola a mer [中国翻訳]
2026-10-01 02:05:14 - mkk_pika - main.py:35 - INFO - 开始检查 (C95) 梱包少女 Vol.01是否存在未下载章节
2026-10-01 02:05:14 - mkk_pika - main.py:45 - INFO - 正在下载:[ (C95) 梱包少女 Vol.01]-[ Clochette (咲良ゆき)]-[['短篇', '同人']]-[total_pages:26]
2026-10-01 02:05:14 - mkk_pika - main.py:49 - INFO - [{'_id': '5d14ec88d6b0863ffc0b0f45', 'title': '第1集', 'order': 1, 'updated_at': '2019-06-27T15:16:55.619Z', 'id': '5d14ec88d6b0863ffc0b0f45'}]
2026-10-01 02:05:14 - mkk_pika - database.py:215 - INFO - 第一次下载该漫画，记录数据库中
2026-10-01 02:05:15 - mkk_pika - main.py:83 - INFO - 找到 26 张图片在:第1集
2026-10-01 02:05:15 - mkk_pika - main.py:112 - INFO - [episode:第1集       ] downloaded:    26, total:  26, progress:100%
2026-10-01 02:05:15 - mkk_pika - database.py:238 - INFO - 数据库更新已下载章节
2026-10-01 02:05:15 - mkk_pika - database.py:244 - INFO - 该漫画已下载章节如下
2026-10-01 02:05:15 - mkk_pika - database.py:245 - INFO - ['第1集']
2026-10-01 02:05:17 - mkk_pika - main.py:348 - INFO - ==================== 漫画信息 ====================
                                   漫画ID：5d14ec88d6b0863ffc0b0f44
                                   标题： (C95) 梱包少女 Vol.01
                                   作者： Clochette (咲良ゆき)
                                   是否完结：否
                                   总页数：26
                                   分类：短篇,同人
                                   章节数：1
                                   最后更新时间：2019-06-27T16:19:20.414Z
                                   =================================================
2026-10-01 02:05:17 - mkk_pika - database.py:101 - INFO - 保存成功： (C95) 梱包少女 Vol.01
2026-10-01 02:05:17 - mkk_pika - main.py:35 - INFO - 开始检查どらぶるっ！リュミエール編 (グランブルーファンタジー) [中国翻訳] [DL版]是否存在未下载章节
2026-10-01 02:05:17 - mkk_pika - main.py:45 - INFO - 正在下载:[どらぶるっ！リュミエール編 (グランブルーファンタジー) [中国翻訳] [DL版]]-[Egmi=Aruna (KATUU)]-[['短篇', '同人', '純愛', '碧藍幻想']]-[total_pages:26]
2026-10-01 02:05:17 - mkk_pika - main.py:49 - INFO - [{'_id': '5d15bc16844bef48389a669c', 'title': '第1集', 'order': 1, 'updated_at': '2019-06-27T16:54:55.525Z', 'id': '5d15bc16844bef48389a669c'}]
2026-10-01 02:05:17 - mkk_pika - database.py:215 - INFO - 第一次下载该漫画，记录数据库中
2026-10-01 02:05:17 - mkk_pika - main.py:83 - INFO - 找到 26 张图片在:第1集
2026-10-01 02:05:18 - mkk_pika - main.py:112 - INFO - [episode:第1集       ] downloaded:    26, total:  26, progress:100%
2026-10-01 02:05:18 - mkk_pika - database.py:238 - INFO - 数据库更新已下载章节
2026-10-01 02:05:18 - mkk_pika - database.py:244 - INFO - 该漫画已下载章节如下
2026-10-01 02:05:18 - mkk_pika - database.py:245 - INFO - ['第1集']
2026-10-01 02:05:19 - mkk_pika - main.py:348 - INFO - ==================== 漫画信息 ====================
                                   漫画ID：5d15bc16844bef48389a669b
                                   标题：どらぶるっ！リュミエール編 (グランブルーファンタジー) [中国翻訳] [DL版]
                                   作者：Egmi=Aruna (KATUU)
                                   是否完结：是
                                   总页数：26
                                   分类：短篇,同人,純愛,碧藍幻想
                                   章节数：1
                                   最后更新时间：2019-06-28T07:04:54.127Z
                                   =================================================
2026-10-01 02:05:19 - mkk_pika - database.py:101 - INFO - 保存成功：どらぶるっ！リュミエール編 (グランブルーファンタジー) [中国翻訳] [DL版]
2026-10-01 02:05:19 - mkk_pika - main.py:35 - INFO - 开始检查ヤンママおばさんの魅惑の躰-ボクが人妻セックスにハマった理由- [中国翻訳]是否存在未下载章节
2026-10-01 02:05:20 - mkk_pika - main.py:45 - INFO - 正在下载:[ヤンママおばさんの魅惑の躰-ボクが人妻セックスにハマった理由- [中国翻訳]]-[はりぽてと]-[['短篇', '人妻', 'NTR']]-[total_pages:65]
2026-10-01 02:05:20 - mkk_pika - main.py:49 - INFO - [{'_id': '5d15bc26fe8b5e4820a61d77', 'title': '第1集', 'order': 1, 'updated_at': '2019-06-27T21:15:56.916Z', 'id': '5d15bc26fe8b5e4820a61d77'}]
2026-10-01 02:05:20 - mkk_pika - database.py:215 - INFO - 第一次下载该漫画，记录数据库中
2026-10-01 02:05:21 - mkk_pika - main.py:83 - INFO - 找到 65 张图片在:第1集
2026-10-01 02:05:22 - mkk_pika - main.py:112 - INFO - [episode:第1集       ] downloaded:    65, total:  65, progress:100%
2026-10-01 02:05:22 - mkk_pika - database.py:238 - INFO - 数据库更新已下载章节
2026-10-01 02:05:22 - mkk_pika - database.py:244 - INFO - 该漫画已下载章节如下
2026-10-01 02:05:22 - mkk_pika - database.py:245 - INFO - ['第1集']
2026-10-01 02:05:24 - mkk_pika - main.py:348 - INFO - ==================== 漫画信息 ====================
                                   漫画ID：5d15bc26fe8b5e4820a61d76
                                   标题：ヤンママおばさんの魅惑の躰-ボクが人妻セックスにハマった理由- [中国翻訳]
                                   作者：はりぽてと
                                   是否完结：是
                                   总页数：65
                                   分类：短篇,人妻,NTR
                                   章节数：1
                                   最后更新时间：2019-06-28T07:05:10.312Z
                                   =================================================
2026-10-01 02:05:24 - mkk_pika - database.py:101 - INFO - 保存成功：ヤンママおばさんの魅惑の躰-ボクが人妻セックスにハマった理由- [中国翻訳]
2026-10-01 02:05:24 - mkk_pika - main.py:35 - INFO - 开始检查寝取られ人妻-堕ちてゆく感覚- [中国翻訳]是否存在未下载章节
2026-10-01 02:05:24 - mkk_pika - main.py:45 - INFO - 正在下载:[寝取られ人妻-堕ちてゆく感覚- [中国翻訳]]-[はりぽてと]-[['短篇', '人妻', 'NTR']]-[total_pages:66]
2026-10-01 02:05:24 - mkk_pika - main.py:49 - INFO - [{'_id': '5d15bc3dc114254833c5861c', 'title': '第1集', 'order': 1, 'updated_at': '2019-06-27T21:40:08.896Z', 'id': '5d15bc3dc114254833c5861c'}]
2026-10-01 02:05:24 - mkk_pika - database.py:215 - INFO - 第一次下载该漫画，记录数据库中
2026-10-01 02:05:25 - mkk_pika - main.py:83 - INFO - 找到 66 张图片在:第1集
2026-10-01 02:05:27 - mkk_pika - main.py:112 - INFO - [episode:第1集       ] downloaded:    66, total:  66, progress:100%
2026-10-01 02:05:27 - mkk_pika - database.py:238 - INFO - 数据库更新已下载章节
2026-10-01 02:05:27 - mkk_pika - database.py:244 - INFO - 该漫画已下载章节如下
2026-10-01 02:05:27 - mkk_pika - database.py:245 - INFO - ['第1集']
2026-10-01 02:05:28 - mkk_pika - main.py:348 - INFO - ==================== 漫画信息 ====================
                                   漫画ID：5d15bc3dc114254833c5861b
                                   标题：寝取られ人妻-堕ちてゆく感覚- [中国翻訳]
                                   作者：はりぽてと
                                   是否完结：是
                                   总页数：66
                                   分类：短篇,人妻,NTR
                                   章节数：1
                                   最后更新时间：2019-06-28T07:05:33.908Z
                                   =================================================
2026-10-01 02:05:28 - mkk_pika - database.py:101 - INFO - 保存成功：寝取られ人妻-堕ちてゆく感覚- [中国翻訳]
2026-10-01 02:05:28 - mkk_pika - main.py:35 - INFO - 开始检查名も無き愛の唄 (東方Project)是否存在未下载章节
2026-10-01 02:05:29 - mkk_pika - main.py:45 - INFO - 正在下载:[名も無き愛の唄 (東方Project)]-[CUNICULUS (ヨシタマ)]-[['長篇', '純愛', '非人類', '東方', '同人', '單行本']]-[total_pages:27]
2026-10-01 02:05:29 - mkk_pika - main.py:49 - INFO - [{'_id': '5d15bc59c114254833c58660', 'title': '乡长篇', 'order': 1, 'updated_at': '2019-06-28T00:21:33.655Z', 'id': '5d15bc59c114254833c58660'}]
2026-10-01 02:05:29 - mkk_pika - database.py:215 - INFO - 第一次下载该漫画，记录数据库中
2026-10-01 02:05:29 - mkk_pika - main.py:83 - INFO - 找到 27 张图片在:乡长篇
2026-10-01 02:05:30 - mkk_pika - main.py:112 - INFO - [episode:乡长篇       ] downloaded:    27, total:  27, progress:100%
2026-10-01 02:05:30 - mkk_pika - database.py:238 - INFO - 数据库更新已下载章节
2026-10-01 02:05:30 - mkk_pika - database.py:244 - INFO - 该漫画已下载章节如下
2026-10-01 02:05:30 - mkk_pika - database.py:245 - INFO - ['乡长篇']
2026-10-01 02:05:31 - mkk_pika - main.py:348 - INFO - ==================== 漫画信息 ====================
                                   漫画ID：5d15bc58c114254833c5865f
                                   标题：名も無き愛の唄 (東方Project)
                                   作者：CUNICULUS (ヨシタマ)
                                   是否完结：否
                                   总页数：27
                                   分类：長篇,純愛,非人類,東方,同人,單行本
                                   章节数：1
                                   最后更新时间：2019-06-28T07:06:00.994Z
                                   =================================================
2026-10-01 02:05:31 - mkk_pika - database.py:101 - INFO - 保存成功：名も無き愛の唄 (東方Project)
2026-10-01 02:05:31 - mkk_pika - main.py:35 - INFO - 开始检查ひとりとふたり (コミックゼロス #68)[無修正]是否存在未下载章节
2026-10-01 02:05:31 - mkk_pika - main.py:45 - INFO - 正在下载:[ひとりとふたり (コミックゼロス #68)[無修正]]-[いづれ]-[['短篇', '純愛']]-[total_pages:26]
2026-10-01 02:05:31 - mkk_pika - main.py:49 - INFO - [{'_id': '5d15bd7bc114254833c58707', 'title': '第1集', 'order': 1, 'updated_at': '2019-06-28T06:39:43.744Z', 'id': '5d15bd7bc114254833c58707'}]
2026-10-01 02:05:31 - mkk_pika - database.py:215 - INFO - 第一次下载该漫画，记录数据库中
2026-10-01 02:05:32 - mkk_pika - main.py:83 - INFO - 找到 26 张图片在:第1集
2026-10-01 02:05:33 - mkk_pika - main.py:112 - INFO - [episode:第1集       ] downloaded:    26, total:  26, progress:100%
2026-10-01 02:05:33 - mkk_pika - database.py:238 - INFO - 数据库更新已下载章节
2026-10-01 02:05:33 - mkk_pika - database.py:244 - INFO - 该漫画已下载章节如下
2026-10-01 02:05:33 - mkk_pika - database.py:245 - INFO - ['第1集']
2026-10-01 02:05:34 - mkk_pika - main.py:348 - INFO - ==================== 漫画信息 ====================
                                   漫画ID：5d15bd7bc114254833c58706
                                   标题：ひとりとふたり (コミックゼロス #68)[無修正]
                                   作者：いづれ
                                   是否完结：否
                                   总页数：26
                                   分类：短篇,純愛
                                   章节数：1
                                   最后更新时间：2019-06-28T07:10:51.493Z
                                   =================================================
2026-10-01 02:05:34 - mkk_pika - database.py:101 - INFO - 保存成功：ひとりとふたり (コミックゼロス #68)[無修正]
2026-10-01 02:05:34 - mkk_pika - main.py:35 - INFO - 开始检查(C90) 蜀漢満漢全席玖・泡姫天国 (一騎当千) [中国翻訳]是否存在未下载章节
2026-10-01 02:05:34 - mkk_pika - main.py:45 - INFO - 正在下载:[(C90) 蜀漢満漢全席玖・泡姫天国 (一騎当千) [中国翻訳]]-[ディオゲネスクラブ (灰川ヘムレン)]-[['短篇', '同人']]-[total_pages:28]
2026-10-01 02:05:34 - mkk_pika - main.py:49 - INFO - [{'_id': '5d15f03c1066a055b5518ffe', 'title': '第1集', 'order': 1, 'updated_at': '2019-06-28T10:28:48.443Z', 'id': '5d15f03c1066a055b5518ffe'}]
2026-10-01 02:05:34 - mkk_pika - database.py:215 - INFO - 第一次下载该漫画，记录数据库中
2026-10-01 02:05:35 - mkk_pika - main.py:83 - INFO - 找到 28 张图片在:第1集
2026-10-01 02:05:36 - mkk_pika - main.py:112 - INFO - [episode:第1集       ] downloaded:    28, total:  28, progress:100%
2026-10-01 02:05:36 - mkk_pika - database.py:238 - INFO - 数据库更新已下载章节
2026-10-01 02:05:36 - mkk_pika - database.py:244 - INFO - 该漫画已下载章节如下
2026-10-01 02:05:36 - mkk_pika - database.py:245 - INFO - ['第1集']
2026-10-01 02:05:37 - mkk_pika - main.py:348 - INFO - ==================== 漫画信息 ====================
                                   漫画ID：5d15f03c1066a055b5518ffd
                                   标题：(C90) 蜀漢満漢全席玖・泡姫天国 (一騎当千) [中国翻訳]
                                   作者：ディオゲネスクラブ (灰川ヘムレン)
                                   是否完结：是
                                   总页数：28
                                   分类：短篇,同人
                                   章节数：1
                                   最后更新时间：2019-06-28T10:47:24.936Z
                                   =================================================
2026-10-01 02:05:37 - mkk_pika - database.py:101 - INFO - 保存成功：(C90) 蜀漢満漢全席玖・泡姫天国 (一騎当千) [中国翻訳]
2026-10-01 02:05:37 - mkk_pika - main.py:35 - INFO - 开始检查 神様のご奉仕 (Fate Grand Order)是否存在未下载章节
2026-10-01 02:05:37 - mkk_pika - main.py:45 - INFO - 正在下载:[ 神様のご奉仕 (Fate Grand Order)]-[百壱式 (椋木野一式)]-[['短篇', '同人', '純愛', 'Fate']]-[total_pages:51]
2026-10-01 02:05:37 - mkk_pika - main.py:49 - INFO - [{'_id': '5c69a70dd57fae07d0897526', 'title': '第1集', 'order': 1, 'updated_at': '2019-02-14T04:40:05.507Z', 'id': '5c69a70dd57fae07d0897526'}, {'_id': '5d15f04a70682e55cecb87ac', 'title': '汉化', 'order': 2, 'updated_at': '2019-06-28T10:38:58.129Z', 'id': '5d15f04a70682e55cecb87ac'}]
2026-10-01 02:05:37 - mkk_pika - database.py:215 - INFO - 第一次下载该漫画，记录数据库中
2026-10-01 02:05:38 - mkk_pika - main.py:83 - INFO - 找到 25 张图片在:第1集
2026-10-01 02:05:38 - mkk_pika - main.py:112 - INFO - [episode:第1集       ] downloaded:    25, total:  25, progress:100%
2026-10-01 02:05:38 - mkk_pika - database.py:238 - INFO - 数据库更新已下载章节
2026-10-01 02:05:38 - mkk_pika - database.py:244 - INFO - 该漫画已下载章节如下
2026-10-01 02:05:38 - mkk_pika - database.py:245 - INFO - ['第1集']
2026-10-01 02:05:40 - mkk_pika - main.py:83 - INFO - 找到 26 张图片在:汉化
2026-10-01 02:05:41 - mkk_pika - main.py:112 - INFO - [episode:汉化        ] downloaded:    26, total:  26, progress:100%
2026-10-01 02:05:41 - mkk_pika - database.py:238 - INFO - 数据库更新已下载章节
2026-10-01 02:05:41 - mkk_pika - database.py:244 - INFO - 该漫画已下载章节如下
2026-10-01 02:05:41 - mkk_pika - database.py:245 - INFO - ['第1集', '汉化']
2026-10-01 02:05:42 - mkk_pika - main.py:348 - INFO - ==================== 漫画信息 ====================
                                   漫画ID：5c69a70dd57fae07d0897525
                                   标题： 神様のご奉仕 (Fate Grand Order)
                                   作者：百壱式 (椋木野一式)
                                   是否完结：是
                                   总页数：51
                                   分类：短篇,同人,純愛,Fate
                                   章节数：2
                                   最后更新时间：2019-06-28T10:47:38.781Z
                                   =================================================
2026-10-01 02:05:42 - mkk_pika - database.py:101 - INFO - 保存成功： 神様のご奉仕 (Fate Grand Order)
2026-10-01 02:05:42 - mkk_pika - main.py:35 - INFO - 开始检查オナアシ！～エロ漫画家のオナニーを手伝う仕事～ 自慰助理！是否存在未下载章节
2026-10-01 02:05:42 - mkk_pika - main.py:45 - INFO - 正在下载:[オナアシ！～エロ漫画家のオナニーを手伝う仕事～ 自慰助理！]-[聖☆司]-[['長篇', '純愛', '短篇', '後宮閃光', '單行本', '姐姐系']]-[total_pages:211]
2026-10-01 02:05:42 - mkk_pika - main.py:49 - INFO - [{'_id': '5d15f06b3bc07e55c87feb8f', 'title': '工口社保助理的單行本', 'order': 1, 'updated_at': '2019-06-27T11:36:07.235Z', 'id': '5d15f06b3bc07e55c87feb8f'}]
2026-10-01 02:05:42 - mkk_pika - database.py:215 - INFO - 第一次下载该漫画，记录数据库中
2026-10-01 02:05:44 - mkk_pika - main.py:83 - INFO - 找到 211 张图片在:工口社保助理的單行本
2026-10-01 02:05:48 - mkk_pika - main.py:112 - INFO - [episode:工口社保助理的單行本] downloaded:   211, total: 211, progress:100%
2026-10-01 02:05:48 - mkk_pika - database.py:238 - INFO - 数据库更新已下载章节
2026-10-01 02:05:48 - mkk_pika - database.py:244 - INFO - 该漫画已下载章节如下
2026-10-01 02:05:48 - mkk_pika - database.py:245 - INFO - ['工口社保助理的單行本']
2026-10-01 02:05:50 - mkk_pika - main.py:348 - INFO - ==================== 漫画信息 ====================
                                   漫画ID：5d15f06b3bc07e55c87feb8e
                                   标题：オナアシ！～エロ漫画家のオナニーを手伝う仕事～ 自慰助理！
                                   作者：聖☆司
                                   是否完结：是
                                   总页数：211
                                   分类：長篇,純愛,短篇,後宮閃光,單行本,姐姐系
                                   章节数：1
                                   最后更新时间：2019-06-28T10:48:11.110Z
                                   =================================================
2026-10-01 02:05:50 - mkk_pika - database.py:101 - INFO - 保存成功：オナアシ！～エロ漫画家のオナニーを手伝う仕事～ 自慰助理！
2026-10-01 02:05:50 - mkk_pika - main.py:35 - INFO - 开始检查 落札!お楽しみ小袋 [中国翻訳] [DL版]是否存在未下载章节
2026-10-01 02:05:50 - mkk_pika - main.py:45 - INFO - 正在下载:[ 落札!お楽しみ小袋 [中国翻訳] [DL版]]-[テングサ (tokorot)]-[['短篇']]-[total_pages:30]
2026-10-01 02:05:50 - mkk_pika - main.py:49 - INFO - [{'_id': '5d1653fe466a616a984da2c0', 'title': '第1集', 'order': 1, 'updated_at': '2019-06-28T12:31:26.270Z', 'id': '5d1653fe466a616a984da2c0'}]
2026-10-01 02:05:50 - mkk_pika - database.py:215 - INFO - 第一次下载该漫画，记录数据库中
2026-10-01 02:05:51 - mkk_pika - main.py:83 - INFO - 找到 30 张图片在:第1集
2026-10-01 02:05:51 - mkk_pika - main.py:112 - INFO - [episode:第1集       ] downloaded:    30, total:  30, progress:100%
2026-10-01 02:05:51 - mkk_pika - database.py:238 - INFO - 数据库更新已下载章节
2026-10-01 02:05:51 - mkk_pika - database.py:244 - INFO - 该漫画已下载章节如下
2026-10-01 02:05:51 - mkk_pika - database.py:245 - INFO - ['第1集']
2026-10-01 02:05:53 - mkk_pika - main.py:348 - INFO - ==================== 漫画信息 ====================
                                   漫画ID：5d1653fe466a616a984da2bf
                                   标题： 落札!お楽しみ小袋 [中国翻訳] [DL版]
                                   作者：テングサ (tokorot)
                                   是否完结：是
                                   总页数：30
                                   分类：短篇
                                   章节数：1
                                   最后更新时间：2019-06-28T17:53:02.545Z
                                   =================================================
2026-10-01 02:05:53 - mkk_pika - database.py:101 - INFO - 保存成功： 落札!お楽しみ小袋 [中国翻訳] [DL版]
2026-10-01 02:05:53 - mkk_pika - main.py:35 - INFO - 开始检查(C93) Sin-LoveyDovey (新世紀エヴァンゲリオン)[中国翻訳]是否存在未下载章节
2026-10-01 02:05:53 - mkk_pika - main.py:45 - INFO - 正在下载:[(C93) Sin-LoveyDovey (新世紀エヴァンゲリオン)[中国翻訳]]-[瓦屋本舗 (瓦屋A太)]-[['短篇', '同人', '扶他樂園', '純愛']]-[total_pages:53]
2026-10-01 02:05:53 - mkk_pika - main.py:49 - INFO - [{'_id': '5d1654291856eb6a93ff137f', 'title': '第1集', 'order': 1, 'updated_at': '2019-06-28T12:55:47.654Z', 'id': '5d1654291856eb6a93ff137f'}]
2026-10-01 02:05:53 - mkk_pika - database.py:215 - INFO - 第一次下载该漫画，记录数据库中
2026-10-01 02:05:54 - mkk_pika - main.py:83 - INFO - 找到 53 张图片在:第1集
2026-10-01 02:05:55 - mkk_pika - main.py:112 - INFO - [episode:第1集       ] downloaded:    53, total:  53, progress:100%
2026-10-01 02:05:55 - mkk_pika - database.py:238 - INFO - 数据库更新已下载章节
2026-10-01 02:05:55 - mkk_pika - database.py:244 - INFO - 该漫画已下载章节如下
2026-10-01 02:05:55 - mkk_pika - database.py:245 - INFO - ['第1集']
2026-10-01 02:05:56 - mkk_pika - main.py:348 - INFO - ==================== 漫画信息 ====================
                                   漫画ID：5d1654291856eb6a93ff137e
                                   标题：(C93) Sin-LoveyDovey (新世紀エヴァンゲリオン)[中国翻訳]
                                   作者：瓦屋本舗 (瓦屋A太)
                                   是否完结：是
                                   总页数：53
                                   分类：短篇,同人,扶他樂園,純愛
                                   章节数：1
                                   最后更新时间：2019-06-28T17:53:45.061Z
                                   =================================================
2026-10-01 02:05:56 - mkk_pika - database.py:101 - INFO - 保存成功：(C93) Sin-LoveyDovey (新世紀エヴァンゲリオン)[中国翻訳]
2026-10-01 02:05:56 - mkk_pika - main.py:35 - INFO - 开始检查酔いが醒めるその前に(COMIC 阿吽 2019年2月号) [中国翻訳]是否存在未下载章节
2026-10-01 02:05:56 - mkk_pika - main.py:45 - INFO - 正在下载:[酔いが醒めるその前に(COMIC 阿吽 2019年2月号) [中国翻訳]]-[七尾ゆきじ]-[['短篇', '人妻', 'NTR']]-[total_pages:26]
2026-10-01 02:05:56 - mkk_pika - main.py:49 - INFO - [{'_id': '5d16546d466a616a984da3a4', 'title': '第1集', 'order': 1, 'updated_at': '2019-06-28T14:16:36.964Z', 'id': '5d16546d466a616a984da3a4'}]
2026-10-01 02:05:56 - mkk_pika - database.py:215 - INFO - 第一次下载该漫画，记录数据库中
2026-10-01 02:05:57 - mkk_pika - main.py:83 - INFO - 找到 26 张图片在:第1集
2026-10-01 02:05:58 - mkk_pika - main.py:112 - INFO - [episode:第1集       ] downloaded:    26, total:  26, progress:100%
2026-10-01 02:05:58 - mkk_pika - database.py:238 - INFO - 数据库更新已下载章节
2026-10-01 02:05:58 - mkk_pika - database.py:244 - INFO - 该漫画已下载章节如下
2026-10-01 02:05:58 - mkk_pika - database.py:245 - INFO - ['第1集']
2026-10-01 02:05:59 - mkk_pika - main.py:348 - INFO - ==================== 漫画信息 ====================
                                   漫画ID：5d16546d466a616a984da3a3
                                   标题：酔いが醒めるその前に(COMIC 阿吽 2019年2月号) [中国翻訳]
                                   作者：七尾ゆきじ
                                   是否完结：是
                                   总页数：26
                                   分类：短篇,人妻,NTR
                                   章节数：1
                                   最后更新时间：2019-06-28T17:54:53.835Z
                                   =================================================
2026-10-01 02:05:59 - mkk_pika - database.py:101 - INFO - 保存成功：酔いが醒めるその前に(COMIC 阿吽 2019年2月号) [中国翻訳]
2026-10-01 02:05:59 - mkk_pika - main.py:35 - INFO - 开始检查 息子に乳スケマンハミエロ下着を強要された母 [中国翻訳]是否存在未下载章节
2026-10-01 02:06:00 - mkk_pika - main.py:45 - INFO - 正在下载:[ 息子に乳スケマンハミエロ下着を強要された母 [中国翻訳]]-[下世話な話]-[['短篇', '全彩', 'NTR', '人妻']]-[total_pages:32]
2026-10-01 02:06:00 - mkk_pika - main.py:49 - INFO - [{'_id': '5d1654957bdc906aaebccd42', 'title': '第1集', 'order': 1, 'updated_at': '2019-06-28T14:45:18.755Z', 'id': '5d1654957bdc906aaebccd42'}]
2026-10-01 02:06:00 - mkk_pika - database.py:215 - INFO - 第一次下载该漫画，记录数据库中
2026-10-01 02:06:00 - mkk_pika - main.py:83 - INFO - 找到 32 张图片在:第1集
2026-10-01 02:06:01 - mkk_pika - main.py:112 - INFO - [episode:第1集       ] downloaded:    32, total:  32, progress:100%
2026-10-01 02:06:01 - mkk_pika - database.py:238 - INFO - 数据库更新已下载章节
2026-10-01 02:06:01 - mkk_pika - database.py:244 - INFO - 该漫画已下载章节如下
2026-10-01 02:06:01 - mkk_pika - database.py:245 - INFO - ['第1集']
2026-10-01 02:06:02 - mkk_pika - main.py:348 - INFO - ==================== 漫画信息 ====================
                                   漫画ID：5d1654957bdc906aaebccd41
                                   标题： 息子に乳スケマンハミエロ下着を強要された母 [中国翻訳]
                                   作者：下世話な話
                                   是否完结：是
                                   总页数：32
                                   分类：短篇,全彩,NTR,人妻
                                   章节数：1
                                   最后更新时间：2019-06-28T17:55:33.591Z
                                   =================================================
2026-10-01 02:06:02 - mkk_pika - database.py:101 - INFO - 保存成功： 息子に乳スケマンハミエロ下着を強要された母 [中国翻訳]
2026-10-01 02:06:02 - mkk_pika - main.py:380 - INFO - 本次任务下载完毕
2026-10-01 02:06:02 - mkk_pika - database.py:173 - INFO - 数据库连接已关闭
