2026-09-18 01:13:30 - mkk_pika - main.py:193 - INFO - =======================================================================
2026-09-18 01:13:30 - mkk_pika - database.py:61 - INFO - 表和索引初始化成功
2026-09-18 01:13:30 - mkk_pika - main.py:197 - INFO - 已经累计下载21156本漫画
2026-09-18 01:13:30 - mkk_pika - api.py:87 - INFO - 登录成功
2026-09-18 01:13:31 - mkk_pika - main.py:203 - INFO - 收藏夹共计0本漫画
2026-09-18 01:13:31 - mkk_pika - main.py:206 - INFO - 开始下载收藏夹内未下载内容
2026-09-18 01:13:31 - mkk_pika - main.py:266 - INFO - 收藏夹内容下载完毕
2026-09-18 01:13:31 - mkk_pika - main.py:268 - INFO - 开始下载订阅内容
2026-09-18 01:13:31 - mkk_pika - database.py:258 - INFO - 根据ID查询到标题：萝莉 -> 海ちゃんと夏休み 気づいたら俺の家が無防備汗だく○リっ子の休憩スポットになっていた話 | 海妹妹和暑假关于一不小心我家里多了一个汗津津的无防备小萝莉在休息这件事
2026-09-18 01:13:31 - mkk_pika - database.py:101 - INFO - 保存成功：海ちゃんと夏休み 気づいたら俺の家が無防備汗だく○リっ子の休憩スポットになっていた話 | 海妹妹和暑假关于一不小心我家里多了一个汗津津的无防备小萝莉在休息这件事
2026-09-18 01:13:31 - mkk_pika - main.py:273 - INFO - 关键词萝莉找到1本漫画
2026-09-18 01:13:31 - mkk_pika - database.py:258 - INFO - 根据ID查询到标题：蘿莉 -> [PIXIV] TengaWa 修行中 [24729168]（AI）
2026-09-18 01:13:32 - mkk_pika - database.py:101 - INFO - 保存成功：[Patreon] Clowenqq（AI）
2026-09-18 01:13:32 - mkk_pika - main.py:273 - INFO - 关键词蘿莉找到1本漫画
2026-09-18 01:13:32 - mkk_pika - main.py:275 - INFO - 订阅内容共计2本漫画
2026-09-18 01:13:32 - mkk_pika - main.py:35 - INFO - 开始检查陽菜ちゃん調教日記|阳菜酱的调教日记 [中国翻译][進行中]是否存在未下载章节
2026-09-18 01:13:32 - mkk_pika - database.py:203 - INFO - 查询数据库中是否已存在第1話熟肉100p
2026-09-18 01:13:32 - mkk_pika - main.py:51 - INFO - 陽菜ちゃん調教日記|阳菜酱的调教日记 [中国翻译][進行中]中没有可下载章节
2026-09-18 01:13:32 - mkk_pika - main.py:292 - INFO - ==================== 漫画信息 ====================
                                漫画ID：68dd17e83c6fe63b068bea88
                                标题：陽菜ちゃん調教日記|阳菜酱的调教日记 [中国翻译][進行中]
                                作者：OKINA
                                是否完结：否
                                总页数：101
                                分类：全彩,長篇,SM
                                章节数：1
                                最后更新时间：2026-09-12T15:23:27.295Z
                                =================================================
2026-09-18 01:13:32 - mkk_pika - database.py:101 - INFO - 保存成功：陽菜ちゃん調教日記|阳菜酱的调教日记 [中国翻译][進行中]
2026-09-18 01:13:32 - mkk_pika - main.py:35 - INFO - 开始检查モーニングローティーン是否存在未下载章节
2026-09-18 01:13:33 - mkk_pika - main.py:45 - INFO - 正在下载:[モーニングローティーン]-[イオタワークス (内海ι)]-[['短篇']]-[total_pages:-1]
2026-09-18 01:13:33 - mkk_pika - main.py:49 - INFO - [{'_id': '6aac4f8f424edc65260dd896', 'title': '第1話', 'order': 1, 'updated_at': '2026-09-17T06:30:45.271Z', 'id': '6aac4f8f424edc65260dd896'}]
2026-09-18 01:13:33 - mkk_pika - database.py:215 - INFO - 第一次下载该漫画，记录数据库中
2026-09-18 01:13:34 - mkk_pika - main.py:83 - INFO - 找到 44 张图片在:第1話
2026-09-18 01:13:36 - mkk_pika - main.py:112 - INFO - [episode:第1話       ] downloaded:    44, total:  44, progress:100%
2026-09-18 01:13:36 - mkk_pika - database.py:238 - INFO - 数据库更新已下载章节
2026-09-18 01:13:36 - mkk_pika - database.py:244 - INFO - 该漫画已下载章节如下
2026-09-18 01:13:36 - mkk_pika - database.py:245 - INFO - ['第1話']
2026-09-18 01:13:37 - mkk_pika - main.py:292 - INFO - ==================== 漫画信息 ====================
                                漫画ID：6aac4f8f424edc65260dd895
                                标题：モーニングローティーン
                                作者：イオタワークス (内海ι)
                                是否完结：是
                                总页数：44
                                分类：短篇
                                章节数：1
                                最后更新时间：2026-09-17T20:37:35.868Z
                                =================================================
2026-09-18 01:13:37 - mkk_pika - database.py:101 - INFO - 保存成功：モーニングローティーン
2026-09-18 01:13:37 - mkk_pika - main.py:323 - INFO - 订阅内容内容下载完毕
2026-09-18 01:13:37 - mkk_pika - main.py:324 - INFO - 开始分批下载全部章节
2026-09-18 01:13:37 - mkk_pika - database.py:280 - INFO - 表和索引初始化成功
2026-09-18 01:13:38 - mkk_pika - main.py:177 - INFO - 已经下载了1639页，一共7151页，现在开始添加第1640页
2026-09-18 01:13:38 - mkk_pika - database.py:318 - INFO - 保存成功
2026-09-18 01:13:39 - mkk_pika - main.py:177 - INFO - 已经下载了1640页，一共7151页，现在开始添加第1641页
2026-09-18 01:13:39 - mkk_pika - database.py:318 - INFO - 保存成功
2026-09-18 01:13:39 - mkk_pika - main.py:177 - INFO - 已经下载了1641页，一共7151页，现在开始添加第1642页
2026-09-18 01:13:40 - mkk_pika - database.py:318 - INFO - 保存成功
2026-09-18 01:13:40 - mkk_pika - main.py:177 - INFO - 已经下载了1642页，一共7151页，现在开始添加第1643页
2026-09-18 01:13:41 - mkk_pika - database.py:318 - INFO - 保存成功
2026-09-18 01:13:41 - mkk_pika - main.py:177 - INFO - 已经下载了1643页，一共7151页，现在开始添加第1644页
2026-09-18 01:13:42 - mkk_pika - database.py:318 - INFO - 保存成功
2026-09-18 01:13:42 - mkk_pika - main.py:177 - INFO - 已经下载了1644页，一共7151页，现在开始添加第1645页
2026-09-18 01:13:43 - mkk_pika - database.py:318 - INFO - 保存成功
2026-09-18 01:13:43 - mkk_pika - main.py:177 - INFO - 已经下载了1645页，一共7151页，现在开始添加第1646页
2026-09-18 01:13:43 - mkk_pika - database.py:318 - INFO - 保存成功
2026-09-18 01:13:43 - mkk_pika - main.py:331 - INFO - 分批下载共计80本漫画
2026-09-18 01:13:43 - mkk_pika - main.py:35 - INFO - 开始检查陰の蔓糸/荫下蔓条是否存在未下载章节
2026-09-18 01:13:44 - mkk_pika - main.py:45 - INFO - 正在下载:[陰の蔓糸/荫下蔓条]-[おるとろ]-[['短篇', '人妻', 'NTR']]-[total_pages:33]
2026-09-18 01:13:44 - mkk_pika - main.py:49 - INFO - [{'_id': '5cd6e0cb6300ad6227ab3e67', 'title': '34P', 'order': 1, 'updated_at': '2019-05-10T13:33:16.571Z', 'id': '5cd6e0cb6300ad6227ab3e67'}]
2026-09-18 01:13:44 - mkk_pika - database.py:215 - INFO - 第一次下载该漫画，记录数据库中
2026-09-18 01:13:44 - mkk_pika - main.py:83 - INFO - 找到 33 张图片在:34P
2026-09-18 01:13:46 - mkk_pika - main.py:112 - INFO - [episode:34P       ] downloaded:    33, total:  33, progress:100%
2026-09-18 01:13:46 - mkk_pika - database.py:238 - INFO - 数据库更新已下载章节
2026-09-18 01:13:46 - mkk_pika - database.py:244 - INFO - 该漫画已下载章节如下
2026-09-18 01:13:46 - mkk_pika - database.py:245 - INFO - ['34P']
2026-09-18 01:13:47 - mkk_pika - main.py:348 - INFO - ==================== 漫画信息 ====================
                                   漫画ID：5cd6e0cb6300ad6227ab3e66
                                   标题：陰の蔓糸/荫下蔓条
                                   作者：おるとろ
                                   是否完结：是
                                   总页数：33
                                   分类：短篇,人妻,NTR
                                   章节数：1
                                   最后更新时间：2019-05-11T14:48:43.632Z
                                   =================================================
2026-09-18 01:13:47 - mkk_pika - database.py:101 - INFO - 保存成功：陰の蔓糸/荫下蔓条
2026-09-18 01:13:47 - mkk_pika - main.py:35 - INFO - 开始检查ふたりのユリイカ是否存在未下载章节
2026-09-18 01:13:48 - mkk_pika - main.py:45 - INFO - 正在下载:[ふたりのユリイカ]-[フレンチカンカン (千々石さわ)]-[['同人', '短篇', '百合花園']]-[total_pages:20]
2026-09-18 01:13:48 - mkk_pika - main.py:49 - INFO - [{'_id': '5cd6e110ef22ca3cf05bd54d', 'title': '第1集', 'order': 1, 'updated_at': '2019-05-10T14:41:26.049Z', 'id': '5cd6e110ef22ca3cf05bd54d'}]
2026-09-18 01:13:48 - mkk_pika - database.py:215 - INFO - 第一次下载该漫画，记录数据库中
2026-09-18 01:13:48 - mkk_pika - main.py:83 - INFO - 找到 20 张图片在:第1集
2026-09-18 01:13:50 - mkk_pika - main.py:112 - INFO - [episode:第1集       ] downloaded:    20, total:  20, progress:100%
2026-09-18 01:13:50 - mkk_pika - database.py:238 - INFO - 数据库更新已下载章节
2026-09-18 01:13:50 - mkk_pika - database.py:244 - INFO - 该漫画已下载章节如下
2026-09-18 01:13:50 - mkk_pika - database.py:245 - INFO - ['第1集']
2026-09-18 01:13:51 - mkk_pika - main.py:348 - INFO - ==================== 漫画信息 ====================
                                   漫画ID：5cd6e110ef22ca3cf05bd54c
                                   标题：ふたりのユリイカ
                                   作者：フレンチカンカン (千々石さわ)
                                   是否完结：否
                                   总页数：20
                                   分类：同人,短篇,百合花園
                                   章节数：1
                                   最后更新时间：2019-05-11T14:49:52.695Z
                                   =================================================
2026-09-18 01:13:51 - mkk_pika - database.py:101 - INFO - 保存成功：ふたりのユリイカ
2026-09-18 01:13:51 - mkk_pika - main.py:35 - INFO - 开始检查(COMIC1☆15)ヲモヒツヅル (Fate/Grand Order) 是否存在未下载章节
2026-09-18 01:13:51 - mkk_pika - main.py:45 - INFO - 正在下载:[(COMIC1☆15)ヲモヒツヅル (Fate/Grand Order) ]-[In The Sky (中乃空)]-[['短篇', '同人', 'Fate']]-[total_pages:28]
2026-09-18 01:13:51 - mkk_pika - main.py:49 - INFO - [{'_id': '5cd6e12b777e847f7199dab1', 'title': '第1集', 'order': 1, 'updated_at': '2019-05-10T14:56:50.704Z', 'id': '5cd6e12b777e847f7199dab1'}]
2026-09-18 01:13:51 - mkk_pika - database.py:215 - INFO - 第一次下载该漫画，记录数据库中
2026-09-18 01:13:52 - mkk_pika - main.py:83 - INFO - 找到 28 张图片在:第1集
2026-09-18 01:13:53 - mkk_pika - main.py:112 - INFO - [episode:第1集       ] downloaded:    28, total:  28, progress:100%
2026-09-18 01:13:53 - mkk_pika - database.py:238 - INFO - 数据库更新已下载章节
2026-09-18 01:13:53 - mkk_pika - database.py:244 - INFO - 该漫画已下载章节如下
2026-09-18 01:13:53 - mkk_pika - database.py:245 - INFO - ['第1集']
2026-09-18 01:13:54 - mkk_pika - main.py:348 - INFO - ==================== 漫画信息 ====================
                                   漫画ID：5cd6e12b777e847f7199dab0
                                   标题：(COMIC1☆15)ヲモヒツヅル (Fate/Grand Order) 
                                   作者：In The Sky (中乃空)
                                   是否完结：是
                                   总页数：28
                                   分类：短篇,同人,Fate
                                   章节数：1
                                   最后更新时间：2019-05-11T14:50:19.907Z
                                   =================================================
2026-09-18 01:13:54 - mkk_pika - database.py:101 - INFO - 保存成功：(COMIC1☆15)ヲモヒツヅル (Fate/Grand Order) 
2026-09-18 01:13:54 - mkk_pika - main.py:35 - INFO - 开始检查(C80) 母穴を掘る9是否存在未下载章节
2026-09-18 01:13:55 - mkk_pika - main.py:45 - INFO - 正在下载:[(C80) 母穴を掘る9]-[天愚連 (ナリヲ)]-[['短篇', '純愛']]-[total_pages:20]
2026-09-18 01:13:55 - mkk_pika - main.py:49 - INFO - [{'_id': '5cd6e13ed12d6539a17f1b02', 'title': '第1集', 'order': 1, 'updated_at': '2019-05-10T14:57:09.320Z', 'id': '5cd6e13ed12d6539a17f1b02'}]
2026-09-18 01:13:55 - mkk_pika - database.py:215 - INFO - 第一次下载该漫画，记录数据库中
2026-09-18 01:13:56 - mkk_pika - main.py:83 - INFO - 找到 26 张图片在:第1集
2026-09-18 01:13:57 - mkk_pika - main.py:112 - INFO - [episode:第1集       ] downloaded:    26, total:  26, progress:100%
2026-09-18 01:13:57 - mkk_pika - database.py:238 - INFO - 数据库更新已下载章节
2026-09-18 01:13:57 - mkk_pika - database.py:244 - INFO - 该漫画已下载章节如下
2026-09-18 01:13:57 - mkk_pika - database.py:245 - INFO - ['第1集']
2026-09-18 01:13:58 - mkk_pika - main.py:348 - INFO - ==================== 漫画信息 ====================
                                   漫画ID：5cd6e13ed12d6539a17f1b01
                                   标题：(C80) 母穴を掘る9
                                   作者：天愚連 (ナリヲ)
                                   是否完结：是
                                   总页数：20
                                   分类：短篇,純愛
                                   章节数：1
                                   最后更新时间：2019-05-11T14:50:38.876Z
                                   =================================================
2026-09-18 01:13:58 - mkk_pika - database.py:101 - INFO - 保存成功：(C80) 母穴を掘る9
2026-09-18 01:13:58 - mkk_pika - main.py:35 - INFO - 开始检查 睦まじいファン（COMIC阿吽2018年8月号） [中国翻訳]是否存在未下载章节
2026-09-18 01:13:59 - mkk_pika - main.py:45 - INFO - 正在下载:[ 睦まじいファン（COMIC阿吽2018年8月号） [中国翻訳]]-[サービスヘブン (あずきこ)]-[['短篇']]-[total_pages:27]
2026-09-18 01:13:59 - mkk_pika - main.py:49 - INFO - [{'_id': '5cd6e1558e8b4e7407797bf0', 'title': '第1集', 'order': 1, 'updated_at': '2019-05-10T15:08:58.827Z', 'id': '5cd6e1558e8b4e7407797bf0'}]
2026-09-18 01:13:59 - mkk_pika - database.py:215 - INFO - 第一次下载该漫画，记录数据库中
2026-09-18 01:14:00 - mkk_pika - main.py:83 - INFO - 找到 27 张图片在:第1集
2026-09-18 01:14:01 - mkk_pika - main.py:112 - INFO - [episode:第1集       ] downloaded:    27, total:  27, progress:100%
2026-09-18 01:14:01 - mkk_pika - database.py:238 - INFO - 数据库更新已下载章节
2026-09-18 01:14:01 - mkk_pika - database.py:244 - INFO - 该漫画已下载章节如下
2026-09-18 01:14:01 - mkk_pika - database.py:245 - INFO - ['第1集']
2026-09-18 01:14:02 - mkk_pika - main.py:348 - INFO - ==================== 漫画信息 ====================
                                   漫画ID：5cd6e1558e8b4e7407797bef
                                   标题： 睦まじいファン（COMIC阿吽2018年8月号） [中国翻訳]
                                   作者：サービスヘブン (あずきこ)
                                   是否完结：是
                                   总页数：27
                                   分类：短篇
                                   章节数：1
                                   最后更新时间：2019-05-11T14:51:01.029Z
                                   =================================================
2026-09-18 01:14:02 - mkk_pika - database.py:101 - INFO - 保存成功： 睦まじいファン（COMIC阿吽2018年8月号） [中国翻訳]
2026-09-18 01:14:02 - mkk_pika - main.py:35 - INFO - 开始检查ToLOVEleS是否存在未下载章节
2026-09-18 01:14:03 - mkk_pika - main.py:45 - INFO - 正在下载:[ToLOVEleS]-[sin-maniax (轟真)]-[['同人', '短篇', 'NTR']]-[total_pages:29]
2026-09-18 01:14:03 - mkk_pika - main.py:49 - INFO - [{'_id': '5cd6e16be83d2d67cf9c68f4', 'title': '第1集', 'order': 1, 'updated_at': '2019-05-10T15:09:09.382Z', 'id': '5cd6e16be83d2d67cf9c68f4'}]
2026-09-18 01:14:03 - mkk_pika - database.py:215 - INFO - 第一次下载该漫画，记录数据库中
2026-09-18 01:14:03 - mkk_pika - main.py:83 - INFO - 找到 29 张图片在:第1集
2026-09-18 01:14:05 - mkk_pika - main.py:112 - INFO - [episode:第1集       ] downloaded:    29, total:  29, progress:100%
2026-09-18 01:14:05 - mkk_pika - database.py:238 - INFO - 数据库更新已下载章节
2026-09-18 01:14:05 - mkk_pika - database.py:244 - INFO - 该漫画已下载章节如下
2026-09-18 01:14:05 - mkk_pika - database.py:245 - INFO - ['第1集']
2026-09-18 01:14:06 - mkk_pika - main.py:348 - INFO - ==================== 漫画信息 ====================
                                   漫画ID：5cd6e16be83d2d67cf9c68f3
                                   标题：ToLOVEleS
                                   作者：sin-maniax (轟真)
                                   是否完结：否
                                   总页数：29
                                   分类：同人,短篇,NTR
                                   章节数：1
                                   最后更新时间：2019-05-11T14:51:23.292Z
                                   =================================================
2026-09-18 01:14:06 - mkk_pika - database.py:101 - INFO - 保存成功：ToLOVEleS
2026-09-18 01:14:06 - mkk_pika - main.py:35 - INFO - 开始检查(C92)  母穴を掘る18是否存在未下载章节
2026-09-18 01:14:06 - mkk_pika - main.py:45 - INFO - 正在下载:[(C92)  母穴を掘る18]-[天愚連 (ナリヲ)]-[['短篇', '純愛']]-[total_pages:35]
2026-09-18 01:14:06 - mkk_pika - main.py:49 - INFO - [{'_id': '5cd6e1d5d12d6539a17f1b21', 'title': '第1集', 'order': 1, 'updated_at': '2019-05-10T15:15:29.035Z', 'id': '5cd6e1d5d12d6539a17f1b21'}]
2026-09-18 01:14:06 - mkk_pika - database.py:215 - INFO - 第一次下载该漫画，记录数据库中
2026-09-18 01:14:07 - mkk_pika - main.py:83 - INFO - 找到 35 张图片在:第1集
2026-09-18 01:14:09 - mkk_pika - main.py:112 - INFO - [episode:第1集       ] downloaded:    35, total:  35, progress:100%
2026-09-18 01:14:09 - mkk_pika - database.py:238 - INFO - 数据库更新已下载章节
2026-09-18 01:14:09 - mkk_pika - database.py:244 - INFO - 该漫画已下载章节如下
2026-09-18 01:14:09 - mkk_pika - database.py:245 - INFO - ['第1集']
2026-09-18 01:14:10 - mkk_pika - main.py:348 - INFO - ==================== 漫画信息 ====================
                                   漫画ID：5cd6e1d5d12d6539a17f1b20
                                   标题：(C92)  母穴を掘る18
                                   作者：天愚連 (ナリヲ)
                                   是否完结：是
                                   总页数：35
                                   分类：短篇,純愛
                                   章节数：1
                                   最后更新时间：2019-05-11T14:53:09.112Z
                                   =================================================
2026-09-18 01:14:10 - mkk_pika - database.py:101 - INFO - 保存成功：(C92)  母穴を掘る18
2026-09-18 01:14:10 - mkk_pika - main.py:35 - INFO - 开始检查(C93) 母穴を掘る 16 是否存在未下载章节
2026-09-18 01:14:10 - mkk_pika - main.py:45 - INFO - 正在下载:[(C93) 母穴を掘る 16 ]-[天愚連 (ナリヲ)]-[['短篇', '純愛']]-[total_pages:39]
2026-09-18 01:14:10 - mkk_pika - main.py:49 - INFO - [{'_id': '5cd6e209663f715dda90bfa1', 'title': '第1集', 'order': 1, 'updated_at': '2019-05-10T15:27:31.956Z', 'id': '5cd6e209663f715dda90bfa1'}]
2026-09-18 01:14:10 - mkk_pika - database.py:215 - INFO - 第一次下载该漫画，记录数据库中
2026-09-18 01:14:11 - mkk_pika - main.py:83 - INFO - 找到 39 张图片在:第1集
2026-09-18 01:14:13 - mkk_pika - main.py:112 - INFO - [episode:第1集       ] downloaded:    39, total:  39, progress:100%
2026-09-18 01:14:13 - mkk_pika - database.py:238 - INFO - 数据库更新已下载章节
2026-09-18 01:14:13 - mkk_pika - database.py:244 - INFO - 该漫画已下载章节如下
2026-09-18 01:14:13 - mkk_pika - database.py:245 - INFO - ['第1集']
2026-09-18 01:14:15 - mkk_pika - main.py:348 - INFO - ==================== 漫画信息 ====================
                                   漫画ID：5cd6e209663f715dda90bfa0
                                   标题：(C93) 母穴を掘る 16 
                                   作者：天愚連 (ナリヲ)
                                   是否完结：是
                                   总页数：39
                                   分类：短篇,純愛
                                   章节数：1
                                   最后更新时间：2019-05-11T14:54:01.914Z
                                   =================================================
2026-09-18 01:14:15 - mkk_pika - database.py:101 - INFO - 保存成功：(C93) 母穴を掘る 16 
2026-09-18 01:14:15 - mkk_pika - main.py:35 - INFO - 开始检查(C93) 母穴を掘る 17是否存在未下载章节
2026-09-18 01:14:15 - mkk_pika - main.py:45 - INFO - 正在下载:[(C93) 母穴を掘る 17]-[天愚連 (ナリヲ)]-[['短篇', '純愛']]-[total_pages:30]
2026-09-18 01:14:15 - mkk_pika - main.py:49 - INFO - [{'_id': '5cd6e21d9fc7a37ba4463eae', 'title': '第1集', 'order': 1, 'updated_at': '2019-05-10T15:38:59.642Z', 'id': '5cd6e21d9fc7a37ba4463eae'}]
2026-09-18 01:14:15 - mkk_pika - database.py:215 - INFO - 第一次下载该漫画，记录数据库中
2026-09-18 01:14:15 - mkk_pika - main.py:83 - INFO - 找到 30 张图片在:第1集
2026-09-18 01:14:17 - mkk_pika - main.py:112 - INFO - [episode:第1集       ] downloaded:    30, total:  30, progress:100%
2026-09-18 01:14:17 - mkk_pika - database.py:238 - INFO - 数据库更新已下载章节
2026-09-18 01:14:17 - mkk_pika - database.py:244 - INFO - 该漫画已下载章节如下
2026-09-18 01:14:17 - mkk_pika - database.py:245 - INFO - ['第1集']
2026-09-18 01:14:18 - mkk_pika - main.py:348 - INFO - ==================== 漫画信息 ====================
                                   漫画ID：5cd6e21d9fc7a37ba4463ead
                                   标题：(C93) 母穴を掘る 17
                                   作者：天愚連 (ナリヲ)
                                   是否完结：是
                                   总页数：30
                                   分类：短篇,純愛
                                   章节数：1
                                   最后更新时间：2019-05-11T14:54:21.422Z
                                   =================================================
2026-09-18 01:14:18 - mkk_pika - database.py:101 - INFO - 保存成功：(C93) 母穴を掘る 17
2026-09-18 01:14:18 - mkk_pika - main.py:35 - INFO - 开始检查(C79) を掘る 2010冬 是否存在未下载章节
2026-09-18 01:14:18 - mkk_pika - main.py:45 - INFO - 正在下载:[(C79) を掘る 2010冬 ]-[天愚連 (ナリヲ)]-[['短篇', '純愛']]-[total_pages:14]
2026-09-18 01:14:18 - mkk_pika - main.py:49 - INFO - [{'_id': '5cd6e2668e8b4e7407797c17', 'title': '第1集', 'order': 1, 'updated_at': '2019-05-10T15:46:36.696Z', 'id': '5cd6e2668e8b4e7407797c17'}]
2026-09-18 01:14:18 - mkk_pika - database.py:215 - INFO - 第一次下载该漫画，记录数据库中
2026-09-18 01:14:19 - mkk_pika - main.py:83 - INFO - 找到 14 张图片在:第1集
2026-09-18 01:14:20 - mkk_pika - main.py:112 - INFO - [episode:第1集       ] downloaded:    14, total:  14, progress:100%
2026-09-18 01:14:20 - mkk_pika - database.py:238 - INFO - 数据库更新已下载章节
2026-09-18 01:14:20 - mkk_pika - database.py:244 - INFO - 该漫画已下载章节如下
2026-09-18 01:14:20 - mkk_pika - database.py:245 - INFO - ['第1集']
2026-09-18 01:14:21 - mkk_pika - main.py:348 - INFO - ==================== 漫画信息 ====================
                                   漫画ID：5cd6e2668e8b4e7407797c16
                                   标题：(C79) を掘る 2010冬 
                                   作者：天愚連 (ナリヲ)
                                   是否完结：否
                                   总页数：14
                                   分类：短篇,純愛
                                   章节数：1
                                   最后更新时间：2019-05-11T14:55:34.344Z
                                   =================================================
2026-09-18 01:14:21 - mkk_pika - database.py:101 - INFO - 保存成功：(C79) を掘る 2010冬 
2026-09-18 01:14:21 - mkk_pika - main.py:35 - INFO - 开始检查(COMIC1☆15) 煩煩快快 (グランブルーファンタジー) [中国翻訳]是否存在未下载章节
2026-09-18 01:14:21 - mkk_pika - main.py:45 - INFO - 正在下载:[(COMIC1☆15) 煩煩快快 (グランブルーファンタジー) [中国翻訳]]-[一ノ瀬 (一ノ瀬ランド)]-[['短篇', '同人', '碧藍幻想', '非人類']]-[total_pages:25]
2026-09-18 01:14:21 - mkk_pika - main.py:49 - INFO - [{'_id': '5cd6e2809450b9726157829e', 'title': '第1集', 'order': 1, 'updated_at': '2019-05-10T17:04:07.628Z', 'id': '5cd6e2809450b9726157829e'}]
2026-09-18 01:14:21 - mkk_pika - database.py:215 - INFO - 第一次下载该漫画，记录数据库中
2026-09-18 01:14:22 - mkk_pika - main.py:83 - INFO - 找到 45 张图片在:第1集
2026-09-18 01:14:25 - mkk_pika - main.py:112 - INFO - [episode:第1集       ] downloaded:    45, total:  45, progress:100%
2026-09-18 01:14:25 - mkk_pika - database.py:238 - INFO - 数据库更新已下载章节
2026-09-18 01:14:25 - mkk_pika - database.py:244 - INFO - 该漫画已下载章节如下
2026-09-18 01:14:25 - mkk_pika - database.py:245 - INFO - ['第1集']
2026-09-18 01:14:26 - mkk_pika - main.py:348 - INFO - ==================== 漫画信息 ====================
                                   漫画ID：5cd6e2809450b9726157829d
                                   标题：(COMIC1☆15) 煩煩快快 (グランブルーファンタジー) [中国翻訳]
                                   作者：一ノ瀬 (一ノ瀬ランド)
                                   是否完结：是
                                   总页数：25
                                   分类：短篇,同人,碧藍幻想,非人類
                                   章节数：1
                                   最后更新时间：2019-05-11T14:56:00.480Z
                                   =================================================
2026-09-18 01:14:26 - mkk_pika - database.py:101 - INFO - 保存成功：(COMIC1☆15) 煩煩快快 (グランブルーファンタジー) [中国翻訳]
2026-09-18 01:14:26 - mkk_pika - main.py:35 - INFO - 开始检查制服ギャルと童貞教師の秘密の性教育 [中国翻訳] [DL版]是否存在未下载章节
2026-09-18 01:14:26 - mkk_pika - main.py:45 - INFO - 正在下载:[制服ギャルと童貞教師の秘密の性教育 [中国翻訳] [DL版]]-[Motley crew (有馬紘一)]-[['短篇', '全彩']]-[total_pages:27]
2026-09-18 01:14:26 - mkk_pika - main.py:49 - INFO - [{'_id': '5cd6e2906b91ef6494d9d987', 'title': '第1集', 'order': 1, 'updated_at': '2019-05-10T17:16:19.363Z', 'id': '5cd6e2906b91ef6494d9d987'}]
2026-09-18 01:14:26 - mkk_pika - database.py:215 - INFO - 第一次下载该漫画，记录数据库中
2026-09-18 01:14:27 - mkk_pika - main.py:83 - INFO - 找到 27 张图片在:第1集
2026-09-18 01:14:28 - mkk_pika - main.py:112 - INFO - [episode:第1集       ] downloaded:    27, total:  27, progress:100%
2026-09-18 01:14:28 - mkk_pika - database.py:238 - INFO - 数据库更新已下载章节
2026-09-18 01:14:28 - mkk_pika - database.py:244 - INFO - 该漫画已下载章节如下
2026-09-18 01:14:28 - mkk_pika - database.py:245 - INFO - ['第1集']
2026-09-18 01:14:29 - mkk_pika - main.py:348 - INFO - ==================== 漫画信息 ====================
                                   漫画ID：5cd6e2906b91ef6494d9d986
                                   标题：制服ギャルと童貞教師の秘密の性教育 [中国翻訳] [DL版]
                                   作者：Motley crew (有馬紘一)
                                   是否完结：是
                                   总页数：27
                                   分类：短篇,全彩
                                   章节数：1
                                   最后更新时间：2019-05-11T14:56:16.585Z
                                   =================================================
2026-09-18 01:14:29 - mkk_pika - database.py:101 - INFO - 保存成功：制服ギャルと童貞教師の秘密の性教育 [中国翻訳] [DL版]
2026-09-18 01:14:29 - mkk_pika - main.py:35 - INFO - 开始检查(COMIC1☆15) 上野さんは挿れさせたい! (上野さんは不器用) [中国翻訳]是否存在未下载章节
2026-09-18 01:14:30 - mkk_pika - main.py:45 - INFO - 正在下载:[(COMIC1☆15) 上野さんは挿れさせたい! (上野さんは不器用) [中国翻訳]]-[カムリズム (鬼頭サケル)]-[['短篇', '同人', '純愛']]-[total_pages:23]
2026-09-18 01:14:30 - mkk_pika - main.py:49 - INFO - [{'_id': '5cd6e2e4bb45ef7cfbf3e119', 'title': '第1集', 'order': 1, 'updated_at': '2019-05-10T18:15:11.164Z', 'id': '5cd6e2e4bb45ef7cfbf3e119'}]
2026-09-18 01:14:30 - mkk_pika - database.py:215 - INFO - 第一次下载该漫画，记录数据库中
2026-09-18 01:14:30 - mkk_pika - main.py:83 - INFO - 找到 23 张图片在:第1集
2026-09-18 01:14:31 - mkk_pika - main.py:112 - INFO - [episode:第1集       ] downloaded:    23, total:  23, progress:100%
2026-09-18 01:14:31 - mkk_pika - database.py:238 - INFO - 数据库更新已下载章节
2026-09-18 01:14:31 - mkk_pika - database.py:244 - INFO - 该漫画已下载章节如下
2026-09-18 01:14:31 - mkk_pika - database.py:245 - INFO - ['第1集']
2026-09-18 01:14:32 - mkk_pika - main.py:348 - INFO - ==================== 漫画信息 ====================
                                   漫画ID：5cd6e2e4bb45ef7cfbf3e118
                                   标题：(COMIC1☆15) 上野さんは挿れさせたい! (上野さんは不器用) [中国翻訳]
                                   作者：カムリズム (鬼頭サケル)
                                   是否完结：是
                                   总页数：23
                                   分类：短篇,同人,純愛
                                   章节数：1
                                   最后更新时间：2019-05-11T14:57:40.315Z
                                   =================================================
2026-09-18 01:14:32 - mkk_pika - database.py:101 - INFO - 保存成功：(COMIC1☆15) 上野さんは挿れさせたい! (上野さんは不器用) [中国翻訳]
2026-09-18 01:14:32 - mkk_pika - main.py:35 - INFO - 开始检查(ふたけっと15)  ふたなりなので学校性活が不安です [中国翻訳]是否存在未下载章节
2026-09-18 01:14:33 - mkk_pika - main.py:45 - INFO - 正在下载:[(ふたけっと15)  ふたなりなので学校性活が不安です [中国翻訳]]-[Behind Moon (ダルシー研Q所)]-[['短篇', '扶他樂園']]-[total_pages:27]
2026-09-18 01:14:33 - mkk_pika - main.py:49 - INFO - [{'_id': '5cd6e3006b91ef6494d9d9a4', 'title': '第1集', 'order': 1, 'updated_at': '2019-05-10T18:40:10.075Z', 'id': '5cd6e3006b91ef6494d9d9a4'}]
2026-09-18 01:14:33 - mkk_pika - database.py:215 - INFO - 第一次下载该漫画，记录数据库中
2026-09-18 01:14:33 - mkk_pika - main.py:83 - INFO - 找到 27 张图片在:第1集
2026-09-18 01:14:35 - mkk_pika - main.py:112 - INFO - [episode:第1集       ] downloaded:    27, total:  27, progress:100%
2026-09-18 01:14:35 - mkk_pika - database.py:238 - INFO - 数据库更新已下载章节
2026-09-18 01:14:35 - mkk_pika - database.py:244 - INFO - 该漫画已下载章节如下
2026-09-18 01:14:35 - mkk_pika - database.py:245 - INFO - ['第1集']
2026-09-18 01:14:36 - mkk_pika - main.py:348 - INFO - ==================== 漫画信息 ====================
                                   漫画ID：5cd6e3006b91ef6494d9d9a3
                                   标题：(ふたけっと15)  ふたなりなので学校性活が不安です [中国翻訳]
                                   作者：Behind Moon (ダルシー研Q所)
                                   是否完结：是
                                   总页数：27
                                   分类：短篇,扶他樂園
                                   章节数：1
                                   最后更新时间：2019-05-11T14:58:08.072Z
                                   =================================================
2026-09-18 01:14:36 - mkk_pika - database.py:101 - INFO - 保存成功：(ふたけっと15)  ふたなりなので学校性活が不安です [中国翻訳]
2026-09-18 01:14:36 - mkk_pika - main.py:35 - INFO - 开始检查 Error Of Call: System Call (ソードアート・オンライン)是否存在未下载章节
2026-09-18 01:14:36 - mkk_pika - main.py:45 - INFO - 正在下载:[ Error Of Call: System Call (ソードアート・オンライン)]-[ぎんハハ]-[['短篇', '同人', '非人類', '強暴']]-[total_pages:35]
2026-09-18 01:14:36 - mkk_pika - main.py:49 - INFO - [{'_id': '5cd6e3786661073f9500428a', 'title': '第1集', 'order': 1, 'updated_at': '2019-05-11T02:17:12.370Z', 'id': '5cd6e3786661073f9500428a'}, {'_id': '5cd6e3786661073f9500428b', 'title': '中文', 'order': 2, 'updated_at': '2019-05-11T02:22:53.011Z', 'id': '5cd6e3786661073f9500428b'}]
2026-09-18 01:14:36 - mkk_pika - database.py:215 - INFO - 第一次下载该漫画，记录数据库中
2026-09-18 01:14:37 - mkk_pika - main.py:83 - INFO - 找到 16 张图片在:第1集
2026-09-18 01:14:38 - mkk_pika - main.py:112 - INFO - [episode:第1集       ] downloaded:    16, total:  16, progress:100%
2026-09-18 01:14:38 - mkk_pika - database.py:238 - INFO - 数据库更新已下载章节
2026-09-18 01:14:38 - mkk_pika - database.py:244 - INFO - 该漫画已下载章节如下
2026-09-18 01:14:38 - mkk_pika - database.py:245 - INFO - ['第1集']
2026-09-18 01:14:39 - mkk_pika - main.py:83 - INFO - 找到 19 张图片在:中文
2026-09-18 01:14:40 - mkk_pika - main.py:112 - INFO - [episode:中文        ] downloaded:    19, total:  19, progress:100%
2026-09-18 01:14:40 - mkk_pika - database.py:238 - INFO - 数据库更新已下载章节
2026-09-18 01:14:40 - mkk_pika - database.py:244 - INFO - 该漫画已下载章节如下
2026-09-18 01:14:40 - mkk_pika - database.py:245 - INFO - ['第1集', '中文']
2026-09-18 01:14:42 - mkk_pika - main.py:348 - INFO - ==================== 漫画信息 ====================
                                   漫画ID：5cd6e3786661073f95004289
                                   标题： Error Of Call: System Call (ソードアート・オンライン)
                                   作者：ぎんハハ
                                   是否完结：是
                                   总页数：35
                                   分类：短篇,同人,非人類,強暴
                                   章节数：2
                                   最后更新时间：2019-05-11T15:00:08.007Z
                                   =================================================
2026-09-18 01:14:42 - mkk_pika - database.py:101 - INFO - 保存成功： Error Of Call: System Call (ソードアート・オンライン)
2026-09-18 01:14:42 - mkk_pika - main.py:35 - INFO - 开始检查(COMIC1☆15) おめざにみるくをめしあがれ♥ (艦隊これくしょん -艦これ-)是否存在未下载章节
2026-09-18 01:14:42 - mkk_pika - main.py:45 - INFO - 正在下载:[(COMIC1☆15) おめざにみるくをめしあがれ♥ (艦隊これくしょん -艦これ-)]-[ゆうさりつかた (淡夢)]-[['同人', '短篇', '艦隊收藏']]-[total_pages:40]
2026-09-18 01:14:42 - mkk_pika - main.py:49 - INFO - [{'_id': '5cd6e398bb45ef7cfbf3e169', 'title': '第1集', 'order': 1, 'updated_at': '2019-05-11T03:11:13.446Z', 'id': '5cd6e398bb45ef7cfbf3e169'}]
2026-09-18 01:14:42 - mkk_pika - database.py:215 - INFO - 第一次下载该漫画，记录数据库中
2026-09-18 01:14:43 - mkk_pika - main.py:83 - INFO - 找到 28 张图片在:第1集
2026-09-18 01:14:44 - mkk_pika - main.py:112 - INFO - [episode:第1集       ] downloaded:    28, total:  28, progress:100%
2026-09-18 01:14:44 - mkk_pika - database.py:238 - INFO - 数据库更新已下载章节
2026-09-18 01:14:44 - mkk_pika - database.py:244 - INFO - 该漫画已下载章节如下
2026-09-18 01:14:44 - mkk_pika - database.py:245 - INFO - ['第1集']
2026-09-18 01:14:45 - mkk_pika - main.py:348 - INFO - ==================== 漫画信息 ====================
                                   漫画ID：5cd6e398bb45ef7cfbf3e168
                                   标题：(COMIC1☆15) おめざにみるくをめしあがれ♥ (艦隊これくしょん -艦これ-)
                                   作者：ゆうさりつかた (淡夢)
                                   是否完结：是
                                   总页数：40
                                   分类：同人,短篇,艦隊收藏
                                   章节数：1
                                   最后更新时间：2019-05-11T15:00:40.179Z
                                   =================================================
2026-09-18 01:14:45 - mkk_pika - database.py:101 - INFO - 保存成功：(COMIC1☆15) おめざにみるくをめしあがれ♥ (艦隊これくしょん -艦これ-)
2026-09-18 01:14:45 - mkk_pika - main.py:35 - INFO - 开始检查(COMIC1☆15) ハハアナ 是否存在未下载章节
2026-09-18 01:14:46 - mkk_pika - main.py:45 - INFO - 正在下载:[(COMIC1☆15) ハハアナ ]-[In The Sky (中乃空)]-[['短篇', '人妻']]-[total_pages:36]
2026-09-18 01:14:46 - mkk_pika - main.py:49 - INFO - [{'_id': '5cd6e3b21a706c7d60c65bcc', 'title': '第1集', 'order': 1, 'updated_at': '2019-05-11T03:18:29.785Z', 'id': '5cd6e3b21a706c7d60c65bcc'}]
2026-09-18 01:14:46 - mkk_pika - database.py:215 - INFO - 第一次下载该漫画，记录数据库中
2026-09-18 01:14:46 - mkk_pika - main.py:83 - INFO - 找到 36 张图片在:第1集
2026-09-18 01:14:47 - mkk_pika - main.py:112 - INFO - [episode:第1集       ] downloaded:    36, total:  36, progress:100%
2026-09-18 01:14:47 - mkk_pika - database.py:238 - INFO - 数据库更新已下载章节
2026-09-18 01:14:47 - mkk_pika - database.py:244 - INFO - 该漫画已下载章节如下
2026-09-18 01:14:47 - mkk_pika - database.py:245 - INFO - ['第1集']
2026-09-18 01:14:49 - mkk_pika - main.py:348 - INFO - ==================== 漫画信息 ====================
                                   漫画ID：5cd6e3b21a706c7d60c65bcb
                                   标题：(COMIC1☆15) ハハアナ 
                                   作者：In The Sky (中乃空)
                                   是否完结：是
                                   总页数：36
                                   分类：短篇,人妻
                                   章节数：1
                                   最后更新时间：2019-05-11T15:01:06.465Z
                                   =================================================
2026-09-18 01:14:49 - mkk_pika - database.py:101 - INFO - 保存成功：(COMIC1☆15) ハハアナ 
2026-09-18 01:14:49 - mkk_pika - main.py:35 - INFO - 开始检查チジョガク [中国翻訳]是否存在未下载章节
2026-09-18 01:14:49 - mkk_pika - main.py:45 - INFO - 正在下载:[チジョガク [中国翻訳]]-[水龍敬]-[['短篇', '全彩']]-[total_pages:9]
2026-09-18 01:14:49 - mkk_pika - main.py:49 - INFO - [{'_id': '5cd6e3c2b9571e7e899d0a8a', 'title': '第1集', 'order': 1, 'updated_at': '2019-05-11T04:58:51.697Z', 'id': '5cd6e3c2b9571e7e899d0a8a'}]
2026-09-18 01:14:49 - mkk_pika - database.py:215 - INFO - 第一次下载该漫画，记录数据库中
2026-09-18 01:14:49 - mkk_pika - main.py:83 - INFO - 找到 9 张图片在:第1集
2026-09-18 01:14:50 - mkk_pika - main.py:112 - INFO - [episode:第1集       ] downloaded:     9, total:   9, progress:100%
2026-09-18 01:14:50 - mkk_pika - database.py:238 - INFO - 数据库更新已下载章节
2026-09-18 01:14:50 - mkk_pika - database.py:244 - INFO - 该漫画已下载章节如下
2026-09-18 01:14:50 - mkk_pika - database.py:245 - INFO - ['第1集']
2026-09-18 01:14:51 - mkk_pika - main.py:348 - INFO - ==================== 漫画信息 ====================
                                   漫画ID：5cd6e3c2b9571e7e899d0a89
                                   标题：チジョガク [中国翻訳]
                                   作者：水龍敬
                                   是否完结：是
                                   总页数：9
                                   分类：短篇,全彩
                                   章节数：1
                                   最后更新时间：2019-05-11T15:01:22.894Z
                                   =================================================
2026-09-18 01:14:51 - mkk_pika - database.py:101 - INFO - 保存成功：チジョガク [中国翻訳]
2026-09-18 01:14:51 - mkk_pika - main.py:35 - INFO - 开始检查 影狼さんのにんげん体験記 (東方Project) [中国翻訳] [DL版]是否存在未下载章节
2026-09-18 01:14:51 - mkk_pika - main.py:45 - INFO - 正在下载:[ 影狼さんのにんげん体験記 (東方Project) [中国翻訳] [DL版]]-[てつのおとしご (チロリアン)]-[['短篇', '同人', '非人類', '東方']]-[total_pages:27]
2026-09-18 01:14:51 - mkk_pika - main.py:49 - INFO - [{'_id': '5cd6e3d91a706c7d60c65bf2', 'title': '第1集', 'order': 1, 'updated_at': '2019-05-11T05:14:58.144Z', 'id': '5cd6e3d91a706c7d60c65bf2'}]
2026-09-18 01:14:51 - mkk_pika - database.py:215 - INFO - 第一次下载该漫画，记录数据库中
2026-09-18 01:14:52 - mkk_pika - main.py:83 - INFO - 找到 27 张图片在:第1集
2026-09-18 01:14:53 - mkk_pika - main.py:112 - INFO - [episode:第1集       ] downloaded:    27, total:  27, progress:100%
2026-09-18 01:14:53 - mkk_pika - database.py:238 - INFO - 数据库更新已下载章节
2026-09-18 01:14:53 - mkk_pika - database.py:244 - INFO - 该漫画已下载章节如下
2026-09-18 01:14:53 - mkk_pika - database.py:245 - INFO - ['第1集']
2026-09-18 01:14:55 - mkk_pika - main.py:348 - INFO - ==================== 漫画信息 ====================
                                   漫画ID：5cd6e3d91a706c7d60c65bf1
                                   标题： 影狼さんのにんげん体験記 (東方Project) [中国翻訳] [DL版]
                                   作者：てつのおとしご (チロリアン)
                                   是否完结：是
                                   总页数：27
                                   分类：短篇,同人,非人類,東方
                                   章节数：1
                                   最后更新时间：2019-05-11T15:01:45.111Z
                                   =================================================
2026-09-18 01:14:55 - mkk_pika - database.py:101 - INFO - 保存成功： 影狼さんのにんげん体験記 (東方Project) [中国翻訳] [DL版]
2026-09-18 01:14:55 - mkk_pika - main.py:35 - INFO - 开始检查恋やがて淫ら 戀上後就淫亂是否存在未下载章节
2026-09-18 01:14:55 - mkk_pika - main.py:45 - INFO - 正在下载:[恋やがて淫ら 戀上後就淫亂]-[doumou]-[['長篇', '純愛', '單行本', '姐姐系', 'SM']]-[total_pages:214]
2026-09-18 01:14:55 - mkk_pika - main.py:49 - INFO - [{'_id': '5cd6e447f85554403ae20fe3', 'title': '花園老師大法好的單行本', 'order': 1, 'updated_at': '2019-05-09T14:07:29.345Z', 'id': '5cd6e447f85554403ae20fe3'}]
2026-09-18 01:14:55 - mkk_pika - database.py:215 - INFO - 第一次下载该漫画，记录数据库中
2026-09-18 01:14:57 - mkk_pika - main.py:83 - INFO - 找到 214 张图片在:花園老師大法好的單行本
2026-09-18 01:15:06 - mkk_pika - main.py:112 - INFO - [episode:花園老師大法好的單行本] downloaded:   214, total: 214, progress:100%
2026-09-18 01:15:06 - mkk_pika - database.py:238 - INFO - 数据库更新已下载章节
2026-09-18 01:15:06 - mkk_pika - database.py:244 - INFO - 该漫画已下载章节如下
2026-09-18 01:15:06 - mkk_pika - database.py:245 - INFO - ['花園老師大法好的單行本']
2026-09-18 01:15:07 - mkk_pika - main.py:348 - INFO - ==================== 漫画信息 ====================
                                   漫画ID：5cd6e447f85554403ae20fe2
                                   标题：恋やがて淫ら 戀上後就淫亂
                                   作者：doumou
                                   是否完结：是
                                   总页数：214
                                   分类：長篇,純愛,單行本,姐姐系,SM
                                   章节数：1
                                   最后更新时间：2019-05-11T15:03:35.130Z
                                   =================================================
2026-09-18 01:15:07 - mkk_pika - database.py:101 - INFO - 保存成功：恋やがて淫ら 戀上後就淫亂
2026-09-18 01:15:07 - mkk_pika - main.py:35 - INFO - 开始检查かまってにゃんこおりんちゃん是否存在未下载章节
2026-09-18 01:15:08 - mkk_pika - main.py:45 - INFO - 正在下载:[かまってにゃんこおりんちゃん]-[うつらうららか(えれっと)]-[['短篇', '同人', '東方']]-[total_pages:29]
2026-09-18 01:15:08 - mkk_pika - main.py:49 - INFO - [{'_id': '5ed11b48b687de57f899d121', 'title': '第1話', 'order': 1, 'updated_at': '2020-05-28T17:01:16.007Z', 'id': '5ed11b48b687de57f899d121'}]
2026-09-18 01:15:08 - mkk_pika - database.py:215 - INFO - 第一次下载该漫画，记录数据库中
2026-09-18 01:15:08 - mkk_pika - main.py:83 - INFO - 找到 32 张图片在:第1話
2026-09-18 01:15:10 - mkk_pika - main.py:112 - INFO - [episode:第1話       ] downloaded:    32, total:  32, progress:100%
2026-09-18 01:15:10 - mkk_pika - database.py:238 - INFO - 数据库更新已下载章节
2026-09-18 01:15:10 - mkk_pika - database.py:244 - INFO - 该漫画已下载章节如下
2026-09-18 01:15:10 - mkk_pika - database.py:245 - INFO - ['第1話']
2026-09-18 01:15:11 - mkk_pika - main.py:348 - INFO - ==================== 漫画信息 ====================
                                   漫画ID：5cd857799d628a316595d1e7
                                   标题：かまってにゃんこおりんちゃん
                                   作者：うつらうららか(えれっと)
                                   是否完结：是
                                   总页数：29
                                   分类：短篇,同人,東方
                                   章节数：1
                                   最后更新时间：2019-05-12T17:27:21.522Z
                                   =================================================
2026-09-18 01:15:11 - mkk_pika - database.py:101 - INFO - 保存成功：かまってにゃんこおりんちゃん
2026-09-18 01:15:11 - mkk_pika - main.py:35 - INFO - 开始检查白狐の白雪是否存在未下载章节
2026-09-18 01:15:12 - mkk_pika - main.py:45 - INFO - 正在下载:[白狐の白雪]-[きし弁 (岸辺)]-[['短篇', '非人類']]-[total_pages:51]
2026-09-18 01:15:12 - mkk_pika - main.py:49 - INFO - [{'_id': '5cd859149d628a316595d20b', 'title': '第1集', 'order': 1, 'updated_at': '2019-05-10T07:21:50.717Z', 'id': '5cd859149d628a316595d20b'}]
2026-09-18 01:15:12 - mkk_pika - database.py:215 - INFO - 第一次下载该漫画，记录数据库中
2026-09-18 01:15:13 - mkk_pika - main.py:83 - INFO - 找到 51 张图片在:第1集
2026-09-18 01:15:15 - mkk_pika - main.py:112 - INFO - [episode:第1集       ] downloaded:    51, total:  51, progress:100%
2026-09-18 01:15:15 - mkk_pika - database.py:238 - INFO - 数据库更新已下载章节
2026-09-18 01:15:15 - mkk_pika - database.py:244 - INFO - 该漫画已下载章节如下
2026-09-18 01:15:15 - mkk_pika - database.py:245 - INFO - ['第1集']
2026-09-18 01:15:17 - mkk_pika - main.py:348 - INFO - ==================== 漫画信息 ====================
                                   漫画ID：5cd859149d628a316595d20a
                                   标题：白狐の白雪
                                   作者：きし弁 (岸辺)
                                   是否完结：是
                                   总页数：51
                                   分类：短篇,非人類
                                   章节数：1
                                   最后更新时间：2019-05-12T17:34:12.818Z
                                   =================================================
2026-09-18 01:15:17 - mkk_pika - database.py:101 - INFO - 保存成功：白狐の白雪
2026-09-18 01:15:17 - mkk_pika - main.py:35 - INFO - 开始检查スキル強化解禁 + OrangeMaru Special 04 (Fate/Grand Order)是否存在未下载章节
2026-09-18 01:15:17 - mkk_pika - main.py:45 - INFO - 正在下载:[スキル強化解禁 + OrangeMaru Special 04 (Fate/Grand Order)]-[OrangeMaru (YD)]-[['全彩', '短篇', '同人', '後宮閃光', 'Fate']]-[total_pages:31]
2026-09-18 01:15:17 - mkk_pika - main.py:49 - INFO - [{'_id': '5aeffbfbc5097b56b70bc63f', 'title': '第1集', 'order': 1, 'updated_at': '2018-05-06T03:20:09.714Z', 'id': '5aeffbfbc5097b56b70bc63f'}, {'_id': '5cd85ed5fc1c72743592e311', 'title': '无修', 'order': 2, 'updated_at': '2019-05-12T17:57:33.353Z', 'id': '5cd85ed5fc1c72743592e311'}]
2026-09-18 01:15:17 - mkk_pika - database.py:215 - INFO - 第一次下载该漫画，记录数据库中
2026-09-18 01:15:18 - mkk_pika - main.py:83 - INFO - 找到 38 张图片在:第1集
2026-09-18 01:15:19 - mkk_pika - main.py:112 - INFO - [episode:第1集       ] downloaded:    38, total:  38, progress:100%
2026-09-18 01:15:19 - mkk_pika - database.py:238 - INFO - 数据库更新已下载章节
2026-09-18 01:15:19 - mkk_pika - database.py:244 - INFO - 该漫画已下载章节如下
2026-09-18 01:15:19 - mkk_pika - database.py:245 - INFO - ['第1集']
2026-09-18 01:15:21 - mkk_pika - main.py:83 - INFO - 找到 36 张图片在:无修
2026-09-18 01:15:23 - mkk_pika - main.py:112 - INFO - [episode:无修        ] downloaded:    36, total:  36, progress:100%
2026-09-18 01:15:23 - mkk_pika - database.py:238 - INFO - 数据库更新已下载章节
2026-09-18 01:15:23 - mkk_pika - database.py:244 - INFO - 该漫画已下载章节如下
2026-09-18 01:15:23 - mkk_pika - database.py:245 - INFO - ['第1集', '无修']
2026-09-18 01:15:24 - mkk_pika - main.py:348 - INFO - ==================== 漫画信息 ====================
                                   漫画ID：5aeffbfbc5097b56b70bc63e
                                   标题：スキル強化解禁 + OrangeMaru Special 04 (Fate/Grand Order)
                                   作者：OrangeMaru (YD)
                                   是否完结：是
                                   总页数：31
                                   分类：全彩,短篇,同人,後宮閃光,Fate
                                   章节数：2
                                   最后更新时间：2019-05-12T17:58:45.811Z
                                   =================================================
2026-09-18 01:15:24 - mkk_pika - database.py:101 - INFO - 保存成功：スキル強化解禁 + OrangeMaru Special 04 (Fate/Grand Order)
2026-09-18 01:15:24 - mkk_pika - main.py:35 - INFO - 开始检查(C65) カレイドスターすごい薄いそらの本 (カレイドスター) [中国翻訳]是否存在未下载章节
2026-09-18 01:15:24 - mkk_pika - main.py:45 - INFO - 正在下载:[(C65) カレイドスターすごい薄いそらの本 (カレイドスター) [中国翻訳]]-[JUMBOMAX (石原そうか)]-[['短篇', '同人']]-[total_pages:30]
2026-09-18 01:15:24 - mkk_pika - main.py:49 - INFO - [{'_id': '5cd8612703428f7ff96bbb09', 'title': '第1集', 'order': 1, 'updated_at': '2019-05-11T11:37:54.040Z', 'id': '5cd8612703428f7ff96bbb09'}]
2026-09-18 01:15:24 - mkk_pika - database.py:215 - INFO - 第一次下载该漫画，记录数据库中
2026-09-18 01:15:25 - mkk_pika - main.py:83 - INFO - 找到 30 张图片在:第1集
2026-09-18 01:15:27 - mkk_pika - main.py:112 - INFO - [episode:第1集       ] downloaded:    30, total:  30, progress:100%
2026-09-18 01:15:27 - mkk_pika - database.py:238 - INFO - 数据库更新已下载章节
2026-09-18 01:15:27 - mkk_pika - database.py:244 - INFO - 该漫画已下载章节如下
2026-09-18 01:15:27 - mkk_pika - database.py:245 - INFO - ['第1集']
2026-09-18 01:15:28 - mkk_pika - main.py:348 - INFO - ==================== 漫画信息 ====================
                                   漫画ID：5cd8612703428f7ff96bbb08
                                   标题：(C65) カレイドスターすごい薄いそらの本 (カレイドスター) [中国翻訳]
                                   作者：JUMBOMAX (石原そうか)
                                   是否完结：否
                                   总页数：30
                                   分类：短篇,同人
                                   章节数：1
                                   最后更新时间：2019-05-12T18:08:39.436Z
                                   =================================================
2026-09-18 01:15:28 - mkk_pika - database.py:101 - INFO - 保存成功：(C65) カレイドスターすごい薄いそらの本 (カレイドスター) [中国翻訳]
2026-09-18 01:15:28 - mkk_pika - main.py:35 - INFO - 开始检查(C94)  黒タイツのねこ姉さんと妖怪あしなめ (ゲゲゲの鬼太郎) [中国翻訳]是否存在未下载章节
2026-09-18 01:15:29 - mkk_pika - main.py:45 - INFO - 正在下载:[(C94)  黒タイツのねこ姉さんと妖怪あしなめ (ゲゲゲの鬼太郎) [中国翻訳]]-[Mebiusの環 (にゅくす)]-[['短篇', '同人', '足の恋']]-[total_pages:42]
2026-09-18 01:15:29 - mkk_pika - main.py:49 - INFO - [{'_id': '5cd8613d76a21c30ddf40ae0', 'title': '第1集', 'order': 1, 'updated_at': '2019-05-11T14:49:54.542Z', 'id': '5cd8613d76a21c30ddf40ae0'}]
2026-09-18 01:15:29 - mkk_pika - database.py:215 - INFO - 第一次下载该漫画，记录数据库中
2026-09-18 01:15:30 - mkk_pika - main.py:83 - INFO - 找到 42 张图片在:第1集
2026-09-18 01:15:32 - mkk_pika - main.py:112 - INFO - [episode:第1集       ] downloaded:    42, total:  42, progress:100%
2026-09-18 01:15:32 - mkk_pika - database.py:238 - INFO - 数据库更新已下载章节
2026-09-18 01:15:32 - mkk_pika - database.py:244 - INFO - 该漫画已下载章节如下
2026-09-18 01:15:32 - mkk_pika - database.py:245 - INFO - ['第1集']
2026-09-18 01:15:33 - mkk_pika - main.py:348 - INFO - ==================== 漫画信息 ====================
                                   漫画ID：5cd8613d76a21c30ddf40adf
                                   标题：(C94)  黒タイツのねこ姉さんと妖怪あしなめ (ゲゲゲの鬼太郎) [中国翻訳]
                                   作者：Mebiusの環 (にゅくす)
                                   是否完结：是
                                   总页数：42
                                   分类：短篇,同人,足の恋
                                   章节数：1
                                   最后更新时间：2019-05-12T18:09:01.649Z
                                   =================================================
2026-09-18 01:15:33 - mkk_pika - database.py:101 - INFO - 保存成功：(C94)  黒タイツのねこ姉さんと妖怪あしなめ (ゲゲゲの鬼太郎) [中国翻訳]
2026-09-18 01:15:33 - mkk_pika - main.py:35 - INFO - 开始检查(C95)ブラダマンテと秘密の特訓是否存在未下载章节
2026-09-18 01:15:34 - mkk_pika - main.py:45 - INFO - 正在下载:[(C95)ブラダマンテと秘密の特訓]-[ちうさんキングダム (かざみちう)]-[['短篇', '同人', 'Fate']]-[total_pages:22]
2026-09-18 01:15:34 - mkk_pika - main.py:49 - INFO - [{'_id': '5c4495ea85d5962fb3953d87', 'title': '第1集', 'order': 1, 'updated_at': '2019-01-17T01:55:02.944Z', 'id': '5c4495ea85d5962fb3953d87'}, {'_id': '5cd8619b76a21c30ddf40b13', 'title': '汉化', 'order': 2, 'updated_at': '2019-05-12T05:58:47.722Z', 'id': '5cd8619b76a21c30ddf40b13'}]
2026-09-18 01:15:34 - mkk_pika - database.py:215 - INFO - 第一次下载该漫画，记录数据库中
2026-09-18 01:15:34 - mkk_pika - main.py:83 - INFO - 找到 11 张图片在:第1集
2026-09-18 01:15:35 - mkk_pika - main.py:112 - INFO - [episode:第1集       ] downloaded:    11, total:  11, progress:100%
2026-09-18 01:15:35 - mkk_pika - database.py:238 - INFO - 数据库更新已下载章节
2026-09-18 01:15:35 - mkk_pika - database.py:244 - INFO - 该漫画已下载章节如下
2026-09-18 01:15:35 - mkk_pika - database.py:245 - INFO - ['第1集']
2026-09-18 01:15:37 - mkk_pika - main.py:83 - INFO - 找到 11 张图片在:汉化
2026-09-18 01:15:37 - mkk_pika - main.py:112 - INFO - [episode:汉化        ] downloaded:    11, total:  11, progress:100%
2026-09-18 01:15:37 - mkk_pika - database.py:238 - INFO - 数据库更新已下载章节
2026-09-18 01:15:37 - mkk_pika - database.py:244 - INFO - 该漫画已下载章节如下
2026-09-18 01:15:37 - mkk_pika - database.py:245 - INFO - ['第1集', '汉化']
2026-09-18 01:15:39 - mkk_pika - main.py:348 - INFO - ==================== 漫画信息 ====================
                                   漫画ID：5c4495ea85d5962fb3953d86
                                   标题：(C95)ブラダマンテと秘密の特訓
                                   作者：ちうさんキングダム (かざみちう)
                                   是否完结：是
                                   总页数：22
                                   分类：短篇,同人,Fate
                                   章节数：2
                                   最后更新时间：2019-05-12T18:10:35.919Z
                                   =================================================
2026-09-18 01:15:39 - mkk_pika - database.py:101 - INFO - 保存成功：(C95)ブラダマンテと秘密の特訓
2026-09-18 01:15:39 - mkk_pika - main.py:35 - INFO - 开始检查(C94) 頼光があなたの初めてを頂戴します (Fate Grand Order) 是否存在未下载章节
2026-09-18 01:15:39 - mkk_pika - main.py:45 - INFO - 正在下载:[(C94) 頼光があなたの初めてを頂戴します (Fate Grand Order) ]-[ SOLID AIR (ぞんだ)]-[['短篇', 'Fate']]-[total_pages:41]
2026-09-18 01:15:39 - mkk_pika - main.py:49 - INFO - [{'_id': '5b9dc102e643e44afd9c010f', 'title': '第1集', 'order': 1, 'updated_at': '2018-09-12T04:00:31.217Z', 'id': '5b9dc102e643e44afd9c010f'}, {'_id': '5cd861de88d7027de423c412', 'title': '汉化', 'order': 2, 'updated_at': '2019-05-12T09:58:22.192Z', 'id': '5cd861de88d7027de423c412'}]
2026-09-18 01:15:39 - mkk_pika - database.py:215 - INFO - 第一次下载该漫画，记录数据库中
2026-09-18 01:15:40 - mkk_pika - main.py:83 - INFO - 找到 20 张图片在:第1集
2026-09-18 01:15:41 - mkk_pika - main.py:112 - INFO - [episode:第1集       ] downloaded:    20, total:  20, progress:100%
2026-09-18 01:15:41 - mkk_pika - database.py:238 - INFO - 数据库更新已下载章节
2026-09-18 01:15:41 - mkk_pika - database.py:244 - INFO - 该漫画已下载章节如下
2026-09-18 01:15:41 - mkk_pika - database.py:245 - INFO - ['第1集']
2026-09-18 01:15:42 - mkk_pika - main.py:83 - INFO - 找到 21 张图片在:汉化
2026-09-18 01:15:43 - mkk_pika - main.py:112 - INFO - [episode:汉化        ] downloaded:    21, total:  21, progress:100%
2026-09-18 01:15:43 - mkk_pika - database.py:238 - INFO - 数据库更新已下载章节
2026-09-18 01:15:43 - mkk_pika - database.py:244 - INFO - 该漫画已下载章节如下
2026-09-18 01:15:43 - mkk_pika - database.py:245 - INFO - ['第1集', '汉化']
2026-09-18 01:15:45 - mkk_pika - main.py:348 - INFO - ==================== 漫画信息 ====================
                                   漫画ID：5b9dc102e643e44afd9c010e
                                   标题：(C94) 頼光があなたの初めてを頂戴します (Fate Grand Order) 
                                   作者： SOLID AIR (ぞんだ)
                                   是否完结：是
                                   总页数：41
                                   分类：短篇,Fate
                                   章节数：2
                                   最后更新时间：2019-05-12T18:11:42.950Z
                                   =================================================
2026-09-18 01:15:45 - mkk_pika - database.py:101 - INFO - 保存成功：(C94) 頼光があなたの初めてを頂戴します (Fate Grand Order) 
2026-09-18 01:15:45 - mkk_pika - main.py:35 - INFO - 开始检查(COMIC1☆12)  師匠は淫らな闇の女王 (Fate Grand Order)是否存在未下载章节
2026-09-18 01:15:45 - mkk_pika - main.py:45 - INFO - 正在下载:[(COMIC1☆12)  師匠は淫らな闇の女王 (Fate Grand Order)]-[ぜっきょ]-[['Fate', '純愛', '短篇', '同人']]-[total_pages:46]
2026-09-18 01:15:45 - mkk_pika - main.py:49 - INFO - [{'_id': '5b9dc1819103c5653631ac61', 'title': '第1集', 'order': 1, 'updated_at': '2018-09-10T14:59:02.051Z', 'id': '5b9dc1819103c5653631ac61'}, {'_id': '5cd86204663f715dda90c79b', 'title': '汉化', 'order': 2, 'updated_at': '2019-05-12T11:05:36.475Z', 'id': '5cd86204663f715dda90c79b'}]
2026-09-18 01:15:45 - mkk_pika - database.py:215 - INFO - 第一次下载该漫画，记录数据库中
2026-09-18 01:15:46 - mkk_pika - main.py:83 - INFO - 找到 22 张图片在:第1集
2026-09-18 01:15:47 - mkk_pika - main.py:112 - INFO - [episode:第1集       ] downloaded:    22, total:  22, progress:100%
2026-09-18 01:15:47 - mkk_pika - database.py:238 - INFO - 数据库更新已下载章节
2026-09-18 01:15:47 - mkk_pika - database.py:244 - INFO - 该漫画已下载章节如下
2026-09-18 01:15:47 - mkk_pika - database.py:245 - INFO - ['第1集']
2026-09-18 01:15:48 - mkk_pika - main.py:83 - INFO - 找到 24 张图片在:汉化
2026-09-18 01:15:50 - mkk_pika - main.py:112 - INFO - [episode:汉化        ] downloaded:    24, total:  24, progress:100%
2026-09-18 01:15:50 - mkk_pika - database.py:238 - INFO - 数据库更新已下载章节
2026-09-18 01:15:50 - mkk_pika - database.py:244 - INFO - 该漫画已下载章节如下
2026-09-18 01:15:50 - mkk_pika - database.py:245 - INFO - ['第1集', '汉化']
2026-09-18 01:15:51 - mkk_pika - main.py:348 - INFO - ==================== 漫画信息 ====================
                                   漫画ID：5b9dc1819103c5653631ac60
                                   标题：(COMIC1☆12)  師匠は淫らな闇の女王 (Fate Grand Order)
                                   作者：ぜっきょ
                                   是否完结：是
                                   总页数：46
                                   分类：Fate,純愛,短篇,同人
                                   章节数：2
                                   最后更新时间：2019-05-12T18:12:20.141Z
                                   =================================================
2026-09-18 01:15:51 - mkk_pika - database.py:101 - INFO - 保存成功：(COMIC1☆12)  師匠は淫らな闇の女王 (Fate Grand Order)
2026-09-18 01:15:51 - mkk_pika - main.py:35 - INFO - 开始检查 快感ホスピタリティ (COMIC 快楽天ビースト 2018年2月号) [中国翻訳] [DL版]是否存在未下载章节
2026-09-18 01:15:51 - mkk_pika - main.py:45 - INFO - 正在下载:[ 快感ホスピタリティ (COMIC 快楽天ビースト 2018年2月号) [中国翻訳] [DL版]]-[西條サトル]-[['短篇', '純愛']]-[total_pages:16]
2026-09-18 01:15:51 - mkk_pika - main.py:49 - INFO - [{'_id': '5cd86284f85554403ae21622', 'title': '第1集', 'order': 1, 'updated_at': '2019-05-11T16:34:09.307Z', 'id': '5cd86284f85554403ae21622'}]
2026-09-18 01:15:51 - mkk_pika - database.py:215 - INFO - 第一次下载该漫画，记录数据库中
2026-09-18 01:15:52 - mkk_pika - main.py:83 - INFO - 找到 16 张图片在:第1集
2026-09-18 01:15:53 - mkk_pika - main.py:112 - INFO - [episode:第1集       ] downloaded:    16, total:  16, progress:100%
2026-09-18 01:15:53 - mkk_pika - database.py:238 - INFO - 数据库更新已下载章节
2026-09-18 01:15:53 - mkk_pika - database.py:244 - INFO - 该漫画已下载章节如下
2026-09-18 01:15:53 - mkk_pika - database.py:245 - INFO - ['第1集']
2026-09-18 01:15:54 - mkk_pika - main.py:348 - INFO - ==================== 漫画信息 ====================
                                   漫画ID：5cd86283f85554403ae21621
                                   标题： 快感ホスピタリティ (COMIC 快楽天ビースト 2018年2月号) [中国翻訳] [DL版]
                                   作者：西條サトル
                                   是否完结：是
                                   总页数：16
                                   分类：短篇,純愛
                                   章节数：1
                                   最后更新时间：2019-05-12T18:14:27.990Z
                                   =================================================
2026-09-18 01:15:54 - mkk_pika - database.py:101 - INFO - 保存成功： 快感ホスピタリティ (COMIC 快楽天ビースト 2018年2月号) [中国翻訳] [DL版]
2026-09-18 01:15:54 - mkk_pika - main.py:35 - INFO - 开始检查秘め神さま (web 漫畫ばんがいち Vol.28) [中国翻訳] [DL版]是否存在未下载章节
2026-09-18 01:15:55 - mkk_pika - main.py:45 - INFO - 正在下载:[秘め神さま (web 漫畫ばんがいち Vol.28) [中国翻訳] [DL版]]-[黒岩瑪瑙]-[['短篇', '人妻']]-[total_pages:24]
2026-09-18 01:15:55 - mkk_pika - main.py:49 - INFO - [{'_id': '5cd862986661073f95004979', 'title': '第1集', 'order': 1, 'updated_at': '2019-05-11T16:44:30.630Z', 'id': '5cd862986661073f95004979'}]
2026-09-18 01:15:55 - mkk_pika - database.py:215 - INFO - 第一次下载该漫画，记录数据库中
2026-09-18 01:15:55 - mkk_pika - main.py:83 - INFO - 找到 24 张图片在:第1集
2026-09-18 01:15:57 - mkk_pika - main.py:112 - INFO - [episode:第1集       ] downloaded:    24, total:  24, progress:100%
2026-09-18 01:15:57 - mkk_pika - database.py:238 - INFO - 数据库更新已下载章节
2026-09-18 01:15:57 - mkk_pika - database.py:244 - INFO - 该漫画已下载章节如下
2026-09-18 01:15:57 - mkk_pika - database.py:245 - INFO - ['第1集']
2026-09-18 01:15:58 - mkk_pika - main.py:348 - INFO - ==================== 漫画信息 ====================
                                   漫画ID：5cd862986661073f95004978
                                   标题：秘め神さま (web 漫畫ばんがいち Vol.28) [中国翻訳] [DL版]
                                   作者：黒岩瑪瑙
                                   是否完结：是
                                   总页数：24
                                   分类：短篇,人妻
                                   章节数：1
                                   最后更新时间：2019-05-12T18:14:48.752Z
                                   =================================================
2026-09-18 01:15:58 - mkk_pika - database.py:101 - INFO - 保存成功：秘め神さま (web 漫畫ばんがいち Vol.28) [中国翻訳] [DL版]
2026-09-18 01:15:58 - mkk_pika - main.py:35 - INFO - 开始检查(C92)  日本雌くノ一 [中国翻訳]是否存在未下载章节
2026-09-18 01:15:58 - mkk_pika - main.py:45 - INFO - 正在下载:[(C92)  日本雌くノ一 [中国翻訳]]-[肉りんご (カクガリ兄弟)]-[['短篇']]-[total_pages:23]
2026-09-18 01:15:58 - mkk_pika - main.py:49 - INFO - [{'_id': '5cd862cbf6c56f1f4b834b2d', 'title': '第1集', 'order': 1, 'updated_at': '2019-05-11T17:09:34.656Z', 'id': '5cd862cbf6c56f1f4b834b2d'}]
2026-09-18 01:15:58 - mkk_pika - database.py:215 - INFO - 第一次下载该漫画，记录数据库中
2026-09-18 01:15:59 - mkk_pika - main.py:83 - INFO - 找到 23 张图片在:第1集
2026-09-18 01:16:00 - mkk_pika - main.py:112 - INFO - [episode:第1集       ] downloaded:    23, total:  23, progress:100%
2026-09-18 01:16:00 - mkk_pika - database.py:238 - INFO - 数据库更新已下载章节
2026-09-18 01:16:00 - mkk_pika - database.py:244 - INFO - 该漫画已下载章节如下
2026-09-18 01:16:00 - mkk_pika - database.py:245 - INFO - ['第1集']
2026-09-18 01:16:02 - mkk_pika - main.py:348 - INFO - ==================== 漫画信息 ====================
                                   漫画ID：5cd862cbf6c56f1f4b834b2c
                                   标题：(C92)  日本雌くノ一 [中国翻訳]
                                   作者：肉りんご (カクガリ兄弟)
                                   是否完结：是
                                   总页数：23
                                   分类：短篇
                                   章节数：1
                                   最后更新时间：2019-05-12T18:15:39.786Z
                                   =================================================
2026-09-18 01:16:02 - mkk_pika - database.py:101 - INFO - 保存成功：(C92)  日本雌くノ一 [中国翻訳]
2026-09-18 01:16:02 - mkk_pika - main.py:35 - INFO - 开始检查名取さな-秘蜜の動画撮影- (名取さな)是否存在未下载章节
2026-09-18 01:16:02 - mkk_pika - main.py:45 - INFO - 正在下载:[名取さな-秘蜜の動画撮影- (名取さな)]-[French letter (藤崎ひかり)]-[['短篇', '同人']]-[total_pages:24]
2026-09-18 01:16:02 - mkk_pika - main.py:49 - INFO - [{'_id': '5cd862ec03428f7ff96bbb3a', 'title': '第1集', 'order': 1, 'updated_at': '2019-05-11T18:26:05.452Z', 'id': '5cd862ec03428f7ff96bbb3a'}]
2026-09-18 01:16:02 - mkk_pika - database.py:215 - INFO - 第一次下载该漫画，记录数据库中
2026-09-18 01:16:03 - mkk_pika - main.py:83 - INFO - 找到 44 张图片在:第1集
2026-09-18 01:16:05 - mkk_pika - main.py:112 - INFO - [episode:第1集       ] downloaded:    44, total:  44, progress:100%
2026-09-18 01:16:05 - mkk_pika - database.py:238 - INFO - 数据库更新已下载章节
2026-09-18 01:16:05 - mkk_pika - database.py:244 - INFO - 该漫画已下载章节如下
2026-09-18 01:16:05 - mkk_pika - database.py:245 - INFO - ['第1集']
2026-09-18 01:16:06 - mkk_pika - main.py:348 - INFO - ==================== 漫画信息 ====================
                                   漫画ID：5cd862ec03428f7ff96bbb39
                                   标题：名取さな-秘蜜の動画撮影- (名取さな)
                                   作者：French letter (藤崎ひかり)
                                   是否完结：是
                                   总页数：24
                                   分类：短篇,同人
                                   章节数：1
                                   最后更新时间：2019-05-12T18:16:12.670Z
                                   =================================================
2026-09-18 01:16:06 - mkk_pika - database.py:101 - INFO - 保存成功：名取さな-秘蜜の動画撮影- (名取さな)
2026-09-18 01:16:06 - mkk_pika - main.py:35 - INFO - 开始检查(COMIC1☆15)  アローラの夜のすがた4 (ポケットモンスター サン・ムーン) [中国翻訳]是否存在未下载章节
2026-09-18 01:16:07 - mkk_pika - main.py:45 - INFO - 正在下载:[(COMIC1☆15)  アローラの夜のすがた4 (ポケットモンスター サン・ムーン) [中国翻訳]]-[DOLL PLAY (黒巣ガタリ)]-[['短篇', '同人', '人妻']]-[total_pages:26]
2026-09-18 01:16:07 - mkk_pika - main.py:49 - INFO - [{'_id': '5cd8630503428f7ff96bbb68', 'title': '第1集', 'order': 1, 'updated_at': '2019-05-11T22:18:25.564Z', 'id': '5cd8630503428f7ff96bbb68'}]
2026-09-18 01:16:07 - mkk_pika - database.py:215 - INFO - 第一次下载该漫画，记录数据库中
2026-09-18 01:16:07 - mkk_pika - main.py:83 - INFO - 找到 26 张图片在:第1集
2026-09-18 01:16:08 - mkk_pika - main.py:112 - INFO - [episode:第1集       ] downloaded:    26, total:  26, progress:100%
2026-09-18 01:16:08 - mkk_pika - database.py:238 - INFO - 数据库更新已下载章节
2026-09-18 01:16:08 - mkk_pika - database.py:244 - INFO - 该漫画已下载章节如下
2026-09-18 01:16:08 - mkk_pika - database.py:245 - INFO - ['第1集']
2026-09-18 01:16:10 - mkk_pika - main.py:348 - INFO - ==================== 漫画信息 ====================
                                   漫画ID：5cd8630503428f7ff96bbb67
                                   标题：(COMIC1☆15)  アローラの夜のすがた4 (ポケットモンスター サン・ムーン) [中国翻訳]
                                   作者：DOLL PLAY (黒巣ガタリ)
                                   是否完结：是
                                   总页数：26
                                   分类：短篇,同人,人妻
                                   章节数：1
                                   最后更新时间：2019-05-12T18:16:37.320Z
                                   =================================================
2026-09-18 01:16:10 - mkk_pika - database.py:101 - INFO - 保存成功：(COMIC1☆15)  アローラの夜のすがた4 (ポケットモンスター サン・ムーン) [中国翻訳]
2026-09-18 01:16:10 - mkk_pika - main.py:35 - INFO - 开始检查 母尻舐り [中国翻訳]是否存在未下载章节
2026-09-18 01:16:10 - mkk_pika - main.py:45 - INFO - 正在下载:[ 母尻舐り [中国翻訳]]-[Rose Effect]-[['短篇', '人妻']]-[total_pages:20]
2026-09-18 01:16:10 - mkk_pika - main.py:49 - INFO - [{'_id': '5cd86763f38c6e7d9cbbf828', 'title': '第1集', 'order': 1, 'updated_at': '2019-05-12T03:10:50.609Z', 'id': '5cd86763f38c6e7d9cbbf828'}]
2026-09-18 01:16:10 - mkk_pika - database.py:215 - INFO - 第一次下载该漫画，记录数据库中
2026-09-18 01:16:11 - mkk_pika - main.py:83 - INFO - 找到 20 张图片在:第1集
2026-09-18 01:16:12 - mkk_pika - main.py:112 - INFO - [episode:第1集       ] downloaded:    20, total:  20, progress:100%
2026-09-18 01:16:12 - mkk_pika - database.py:238 - INFO - 数据库更新已下载章节
2026-09-18 01:16:12 - mkk_pika - database.py:244 - INFO - 该漫画已下载章节如下
2026-09-18 01:16:12 - mkk_pika - database.py:245 - INFO - ['第1集']
2026-09-18 01:16:13 - mkk_pika - main.py:348 - INFO - ==================== 漫画信息 ====================
                                   漫画ID：5cd86763f38c6e7d9cbbf827
                                   标题： 母尻舐り [中国翻訳]
                                   作者：Rose Effect
                                   是否完结：是
                                   总页数：20
                                   分类：短篇,人妻
                                   章节数：1
                                   最后更新时间：2019-05-12T18:35:15.211Z
                                   =================================================
2026-09-18 01:16:13 - mkk_pika - database.py:101 - INFO - 保存成功： 母尻舐り [中国翻訳]
2026-09-18 01:16:13 - mkk_pika - main.py:35 - INFO - 开始检查ウィークエンドランデブー (COMIC快楽天ビースト 2018年5月号)[無修正]是否存在未下载章节
2026-09-18 01:16:13 - mkk_pika - main.py:45 - INFO - 正在下载:[ウィークエンドランデブー (COMIC快楽天ビースト 2018年5月号)[無修正]]-[平間ひろかず]-[['短篇', '純愛', '姐姐系']]-[total_pages:20]
2026-09-18 01:16:13 - mkk_pika - main.py:49 - INFO - [{'_id': '5cd8678fc87fe8210a5c054f', 'title': '第1集', 'order': 1, 'updated_at': '2019-05-12T03:15:13.255Z', 'id': '5cd8678fc87fe8210a5c054f'}]
2026-09-18 01:16:13 - mkk_pika - database.py:215 - INFO - 第一次下载该漫画，记录数据库中
2026-09-18 01:16:14 - mkk_pika - main.py:83 - INFO - 找到 20 张图片在:第1集
2026-09-18 01:16:15 - mkk_pika - main.py:112 - INFO - [episode:第1集       ] downloaded:    20, total:  20, progress:100%
2026-09-18 01:16:15 - mkk_pika - database.py:238 - INFO - 数据库更新已下载章节
2026-09-18 01:16:15 - mkk_pika - database.py:244 - INFO - 该漫画已下载章节如下
2026-09-18 01:16:15 - mkk_pika - database.py:245 - INFO - ['第1集']
2026-09-18 01:16:17 - mkk_pika - main.py:348 - INFO - ==================== 漫画信息 ====================
                                   漫画ID：5cd8678fc87fe8210a5c054e
                                   标题：ウィークエンドランデブー (COMIC快楽天ビースト 2018年5月号)[無修正]
                                   作者：平間ひろかず
                                   是否完结：否
                                   总页数：20
                                   分类：短篇,純愛,姐姐系
                                   章节数：1
                                   最后更新时间：2019-05-12T18:35:59.771Z
                                   =================================================
2026-09-18 01:16:17 - mkk_pika - database.py:101 - INFO - 保存成功：ウィークエンドランデブー (COMIC快楽天ビースト 2018年5月号)[無修正]
2026-09-18 01:16:17 - mkk_pika - main.py:35 - INFO - 开始检查(C95) 惨苦の乙女 前編 (ゴブリンスレイヤー)[中国翻訳]是否存在未下载章节
2026-09-18 01:16:17 - mkk_pika - main.py:45 - INFO - 正在下载:[(C95) 惨苦の乙女 前編 (ゴブリンスレイヤー)[中国翻訳]]-[ふらんそわ (EBA)]-[['短篇', '同人', '強暴', 'NTR']]-[total_pages:30]
2026-09-18 01:16:17 - mkk_pika - main.py:49 - INFO - [{'_id': '5cd867ea518b597a38f3a94c', 'title': '第1集', 'order': 1, 'updated_at': '2019-05-12T06:20:30.542Z', 'id': '5cd867ea518b597a38f3a94c'}]
2026-09-18 01:16:17 - mkk_pika - database.py:215 - INFO - 第一次下载该漫画，记录数据库中
2026-09-18 01:16:17 - mkk_pika - main.py:83 - INFO - 找到 30 张图片在:第1集
2026-09-18 01:16:19 - mkk_pika - main.py:112 - INFO - [episode:第1集       ] downloaded:    30, total:  30, progress:100%
2026-09-18 01:16:19 - mkk_pika - database.py:238 - INFO - 数据库更新已下载章节
2026-09-18 01:16:19 - mkk_pika - database.py:244 - INFO - 该漫画已下载章节如下
2026-09-18 01:16:19 - mkk_pika - database.py:245 - INFO - ['第1集']
2026-09-18 01:16:21 - mkk_pika - main.py:348 - INFO - ==================== 漫画信息 ====================
                                   漫画ID：5cd867ea518b597a38f3a94b
                                   标题：(C95) 惨苦の乙女 前編 (ゴブリンスレイヤー)[中国翻訳]
                                   作者：ふらんそわ (EBA)
                                   是否完结：是
                                   总页数：30
                                   分类：短篇,同人,強暴,NTR
                                   章节数：1
                                   最后更新时间：2019-05-12T18:37:30.844Z
                                   =================================================
2026-09-18 01:16:21 - mkk_pika - database.py:101 - INFO - 保存成功：(C95) 惨苦の乙女 前編 (ゴブリンスレイヤー)[中国翻訳]
2026-09-18 01:16:21 - mkk_pika - main.py:35 - INFO - 开始检查Adagio -中編- (COMIC アオハ 2019 春) [中国翻訳] [DL版]是否存在未下载章节
2026-09-18 01:16:21 - mkk_pika - main.py:45 - INFO - 正在下载:[Adagio -中編- (COMIC アオハ 2019 春) [中国翻訳] [DL版]]-[まめおじたん]-[['短篇']]-[total_pages:40]
2026-09-18 01:16:21 - mkk_pika - main.py:49 - INFO - [{'_id': '5cd86803663f715dda90c7e6', 'title': '第1集', 'order': 1, 'updated_at': '2019-05-12T06:33:44.400Z', 'id': '5cd86803663f715dda90c7e6'}]
2026-09-18 01:16:21 - mkk_pika - database.py:215 - INFO - 第一次下载该漫画，记录数据库中
2026-09-18 01:16:22 - mkk_pika - main.py:83 - INFO - 找到 40 张图片在:第1集
2026-09-18 01:16:24 - mkk_pika - main.py:112 - INFO - [episode:第1集       ] downloaded:    40, total:  40, progress:100%
2026-09-18 01:16:24 - mkk_pika - database.py:238 - INFO - 数据库更新已下载章节
2026-09-18 01:16:24 - mkk_pika - database.py:244 - INFO - 该漫画已下载章节如下
2026-09-18 01:16:24 - mkk_pika - database.py:245 - INFO - ['第1集']
2026-09-18 01:16:25 - mkk_pika - main.py:348 - INFO - ==================== 漫画信息 ====================
                                   漫画ID：5cd86803663f715dda90c7e5
                                   标题：Adagio -中編- (COMIC アオハ 2019 春) [中国翻訳] [DL版]
                                   作者：まめおじたん
                                   是否完结：是
                                   总页数：40
                                   分类：短篇
                                   章节数：1
                                   最后更新时间：2019-05-12T18:37:55.769Z
                                   =================================================
2026-09-18 01:16:25 - mkk_pika - database.py:101 - INFO - 保存成功：Adagio -中編- (COMIC アオハ 2019 春) [中国翻訳] [DL版]
2026-09-18 01:16:25 - mkk_pika - main.py:35 - INFO - 开始检查(秋季例大祭5) 東方臭いフェチ合同誌～臭気例大祭～SMELL BREAK (東方Project) [中国翻訳]是否存在未下载章节
2026-09-18 01:16:25 - mkk_pika - main.py:45 - INFO - 正在下载:[(秋季例大祭5) 東方臭いフェチ合同誌～臭気例大祭～SMELL BREAK (東方Project) [中国翻訳]]-[HORIC WORKS出版事業部汐留project (よろず)]-[['短篇', '同人', '足の恋', '東方', '非人類']]-[total_pages:114]
2026-09-18 01:16:25 - mkk_pika - main.py:49 - INFO - [{'_id': '5cd8681303428f7ff96bbc68', 'title': '第1集', 'order': 1, 'updated_at': '2019-05-12T06:44:45.839Z', 'id': '5cd8681303428f7ff96bbc68'}]
2026-09-18 01:16:25 - mkk_pika - database.py:215 - INFO - 第一次下载该漫画，记录数据库中
2026-09-18 01:16:27 - mkk_pika - main.py:83 - INFO - 找到 134 张图片在:第1集
2026-09-18 01:16:35 - mkk_pika - main.py:112 - INFO - [episode:第1集       ] downloaded:   134, total: 134, progress:100%
2026-09-18 01:16:35 - mkk_pika - database.py:238 - INFO - 数据库更新已下载章节
2026-09-18 01:16:35 - mkk_pika - database.py:244 - INFO - 该漫画已下载章节如下
2026-09-18 01:16:35 - mkk_pika - database.py:245 - INFO - ['第1集']
2026-09-18 01:16:36 - mkk_pika - main.py:348 - INFO - ==================== 漫画信息 ====================
                                   漫画ID：5cd8681303428f7ff96bbc67
                                   标题：(秋季例大祭5) 東方臭いフェチ合同誌～臭気例大祭～SMELL BREAK (東方Project) [中国翻訳]
                                   作者：HORIC WORKS出版事業部汐留project (よろず)
                                   是否完结：是
                                   总页数：114
                                   分类：短篇,同人,足の恋,東方,非人類
                                   章节数：1
                                   最后更新时间：2019-05-12T18:38:11.639Z
                                   =================================================
2026-09-18 01:16:36 - mkk_pika - database.py:101 - INFO - 保存成功：(秋季例大祭5) 東方臭いフェチ合同誌～臭気例大祭～SMELL BREAK (東方Project) [中国翻訳]
2026-09-18 01:16:36 - mkk_pika - main.py:35 - INFO - 开始检查 佳奈のおもちゃ (COMIC BAVEL 2019-04) [Chinese] [Digital]是否存在未下载章节
2026-09-18 01:16:36 - mkk_pika - main.py:45 - INFO - 正在下载:[ 佳奈のおもちゃ (COMIC BAVEL 2019-04) [Chinese] [Digital]]-[平いっすい]-[['短篇', 'SM']]-[total_pages:25]
2026-09-18 01:16:36 - mkk_pika - main.py:49 - INFO - [{'_id': '5cd86827518b597a38f3a980', 'title': '第1集', 'order': 1, 'updated_at': '2019-05-12T07:17:00.537Z', 'id': '5cd86827518b597a38f3a980'}]
2026-09-18 01:16:36 - mkk_pika - database.py:215 - INFO - 第一次下载该漫画，记录数据库中
2026-09-18 01:16:37 - mkk_pika - main.py:83 - INFO - 找到 25 张图片在:第1集
2026-09-18 01:16:38 - mkk_pika - main.py:112 - INFO - [episode:第1集       ] downloaded:    25, total:  25, progress:100%
2026-09-18 01:16:38 - mkk_pika - database.py:238 - INFO - 数据库更新已下载章节
2026-09-18 01:16:38 - mkk_pika - database.py:244 - INFO - 该漫画已下载章节如下
2026-09-18 01:16:38 - mkk_pika - database.py:245 - INFO - ['第1集']
2026-09-18 01:16:39 - mkk_pika - main.py:348 - INFO - ==================== 漫画信息 ====================
                                   漫画ID：5cd86827518b597a38f3a97f
                                   标题： 佳奈のおもちゃ (COMIC BAVEL 2019-04) [Chinese] [Digital]
                                   作者：平いっすい
                                   是否完结：是
                                   总页数：25
                                   分类：短篇,SM
                                   章节数：1
                                   最后更新时间：2019-05-12T18:38:31.769Z
                                   =================================================
2026-09-18 01:16:39 - mkk_pika - database.py:101 - INFO - 保存成功： 佳奈のおもちゃ (COMIC BAVEL 2019-04) [Chinese] [Digital]
2026-09-18 01:16:39 - mkk_pika - main.py:35 - INFO - 开始检查(C95)  母性本能 (Fate/Grand Order) [中国翻訳]是否存在未下载章节
2026-09-18 01:16:40 - mkk_pika - main.py:45 - INFO - 正在下载:[(C95)  母性本能 (Fate/Grand Order) [中国翻訳]]-[SOLID AIR (ぞんだ)]-[['同人', '純愛', 'Fate']]-[total_pages:23]
2026-09-18 01:16:40 - mkk_pika - main.py:49 - INFO - [{'_id': '5cd868626d2e343141da8538', 'title': '第1集', 'order': 1, 'updated_at': '2019-05-12T10:06:45.719Z', 'id': '5cd868626d2e343141da8538'}]
2026-09-18 01:16:40 - mkk_pika - database.py:215 - INFO - 第一次下载该漫画，记录数据库中
2026-09-18 01:16:40 - mkk_pika - main.py:83 - INFO - 找到 23 张图片在:第1集
2026-09-18 01:16:41 - mkk_pika - main.py:112 - INFO - [episode:第1集       ] downloaded:    23, total:  23, progress:100%
2026-09-18 01:16:41 - mkk_pika - database.py:238 - INFO - 数据库更新已下载章节
2026-09-18 01:16:41 - mkk_pika - database.py:244 - INFO - 该漫画已下载章节如下
2026-09-18 01:16:41 - mkk_pika - database.py:245 - INFO - ['第1集']
2026-09-18 01:16:43 - mkk_pika - main.py:348 - INFO - ==================== 漫画信息 ====================
                                   漫画ID：5cd868626d2e343141da8537
                                   标题：(C95)  母性本能 (Fate/Grand Order) [中国翻訳]
                                   作者：SOLID AIR (ぞんだ)
                                   是否完结：是
                                   总页数：23
                                   分类：同人,純愛,Fate
                                   章节数：1
                                   最后更新时间：2019-05-12T18:39:30.278Z
                                   =================================================
2026-09-18 01:16:43 - mkk_pika - database.py:101 - INFO - 保存成功：(C95)  母性本能 (Fate/Grand Order) [中国翻訳]
2026-09-18 01:16:43 - mkk_pika - main.py:35 - INFO - 开始检查(COMIC1☆15) 高雄と愛宕のちょっぴりHなRQ撮影会 (アズールレーン) [中国翻訳]是否存在未下载章节
2026-09-18 01:16:43 - mkk_pika - main.py:45 - INFO - 正在下载:[(COMIC1☆15) 高雄と愛宕のちょっぴりHなRQ撮影会 (アズールレーン) [中国翻訳]]-[夏季のタネ (サマー)]-[['同人', '短篇', '純愛']]-[total_pages:23]
2026-09-18 01:16:43 - mkk_pika - main.py:49 - INFO - [{'_id': '5cd8687a88d7027de423c494', 'title': '第1集', 'order': 1, 'updated_at': '2019-05-12T10:15:56.817Z', 'id': '5cd8687a88d7027de423c494'}]
2026-09-18 01:16:43 - mkk_pika - database.py:215 - INFO - 第一次下载该漫画，记录数据库中
2026-09-18 01:16:44 - mkk_pika - main.py:83 - INFO - 找到 23 张图片在:第1集
2026-09-18 01:16:45 - mkk_pika - main.py:112 - INFO - [episode:第1集       ] downloaded:    23, total:  23, progress:100%
2026-09-18 01:16:45 - mkk_pika - database.py:238 - INFO - 数据库更新已下载章节
2026-09-18 01:16:45 - mkk_pika - database.py:244 - INFO - 该漫画已下载章节如下
2026-09-18 01:16:45 - mkk_pika - database.py:245 - INFO - ['第1集']
2026-09-18 01:16:46 - mkk_pika - main.py:348 - INFO - ==================== 漫画信息 ====================
                                   漫画ID：5cd8687a88d7027de423c493
                                   标题：(COMIC1☆15) 高雄と愛宕のちょっぴりHなRQ撮影会 (アズールレーン) [中国翻訳]
                                   作者：夏季のタネ (サマー)
                                   是否完结：是
                                   总页数：23
                                   分类：同人,短篇,純愛
                                   章节数：1
                                   最后更新时间：2019-05-12T18:39:54.823Z
                                   =================================================
2026-09-18 01:16:46 - mkk_pika - database.py:101 - INFO - 保存成功：(COMIC1☆15) 高雄と愛宕のちょっぴりHなRQ撮影会 (アズールレーン) [中国翻訳]
2026-09-18 01:16:46 - mkk_pika - main.py:35 - INFO - 开始检查(C95)  ほたるん はじめてのお酒 (のんのんびより) [中国翻訳]是否存在未下载章节
2026-09-18 01:16:47 - mkk_pika - main.py:45 - INFO - 正在下载:[(C95)  ほたるん はじめてのお酒 (のんのんびより) [中国翻訳]]-[Wisteria (ふじはん)]-[['短篇', '同人']]-[total_pages:19]
2026-09-18 01:16:47 - mkk_pika - main.py:49 - INFO - [{'_id': '5cd8690e6d2e343141da8555', 'title': '第1集', 'order': 1, 'updated_at': '2019-05-12T10:28:43.016Z', 'id': '5cd8690e6d2e343141da8555'}]
2026-09-18 01:16:47 - mkk_pika - database.py:215 - INFO - 第一次下载该漫画，记录数据库中
2026-09-18 01:16:47 - mkk_pika - main.py:83 - INFO - 找到 19 张图片在:第1集
2026-09-18 01:16:48 - mkk_pika - main.py:112 - INFO - [episode:第1集       ] downloaded:    19, total:  19, progress:100%
2026-09-18 01:16:48 - mkk_pika - database.py:238 - INFO - 数据库更新已下载章节
2026-09-18 01:16:48 - mkk_pika - database.py:244 - INFO - 该漫画已下载章节如下
2026-09-18 01:16:48 - mkk_pika - database.py:245 - INFO - ['第1集']
2026-09-18 01:16:50 - mkk_pika - main.py:348 - INFO - ==================== 漫画信息 ====================
                                   漫画ID：5cd8690e6d2e343141da8554
                                   标题：(C95)  ほたるん はじめてのお酒 (のんのんびより) [中国翻訳]
                                   作者：Wisteria (ふじはん)
                                   是否完结：是
                                   总页数：19
                                   分类：短篇,同人
                                   章节数：1
                                   最后更新时间：2019-05-12T18:42:22.794Z
                                   =================================================
2026-09-18 01:16:50 - mkk_pika - database.py:101 - INFO - 保存成功：(C95)  ほたるん はじめてのお酒 (のんのんびより) [中国翻訳]
2026-09-18 01:16:50 - mkk_pika - main.py:35 - INFO - 开始检查(サンクリ2019 Spring) 誰も知らない剣の乙女の性生活 (ゴブリンスレイヤー) 是否存在未下载章节
2026-09-18 01:16:50 - mkk_pika - main.py:45 - INFO - 正在下载:[(サンクリ2019 Spring) 誰も知らない剣の乙女の性生活 (ゴブリンスレイヤー) ]-[sand (浅晝ゆう)]-[['短篇', '同人']]-[total_pages:26]
2026-09-18 01:16:50 - mkk_pika - main.py:49 - INFO - [{'_id': '5cd86918fc1c72743592e398', 'title': '第1集', 'order': 1, 'updated_at': '2019-05-12T11:43:37.300Z', 'id': '5cd86918fc1c72743592e398'}]
2026-09-18 01:16:50 - mkk_pika - database.py:215 - INFO - 第一次下载该漫画，记录数据库中
2026-09-18 01:16:51 - mkk_pika - main.py:83 - INFO - 找到 26 张图片在:第1集
2026-09-18 01:16:52 - mkk_pika - main.py:112 - INFO - [episode:第1集       ] downloaded:    26, total:  26, progress:100%
2026-09-18 01:16:52 - mkk_pika - database.py:238 - INFO - 数据库更新已下载章节
2026-09-18 01:16:52 - mkk_pika - database.py:244 - INFO - 该漫画已下载章节如下
2026-09-18 01:16:52 - mkk_pika - database.py:245 - INFO - ['第1集']
2026-09-18 01:16:54 - mkk_pika - main.py:348 - INFO - ==================== 漫画信息 ====================
                                   漫画ID：5cd86918fc1c72743592e397
                                   标题：(サンクリ2019 Spring) 誰も知らない剣の乙女の性生活 (ゴブリンスレイヤー) 
                                   作者：sand (浅晝ゆう)
                                   是否完结：是
                                   总页数：26
                                   分类：短篇,同人
                                   章节数：1
                                   最后更新时间：2019-05-12T18:42:32.248Z
                                   =================================================
2026-09-18 01:16:54 - mkk_pika - database.py:101 - INFO - 保存成功：(サンクリ2019 Spring) 誰も知らない剣の乙女の性生活 (ゴブリンスレイヤー) 
2026-09-18 01:16:54 - mkk_pika - main.py:35 - INFO - 开始检查(C93) おちんぽ巫女改造 (グランブルーファンタジー) [中国翻訳]是否存在未下载章节
2026-09-18 01:16:54 - mkk_pika - main.py:45 - INFO - 正在下载:[(C93) おちんぽ巫女改造 (グランブルーファンタジー) [中国翻訳]]-[アクオチスキー教室 (アクオチスキー先生)]-[['短篇', '同人', '非人類', '扶他樂園', '碧藍幻想']]-[total_pages:26]
2026-09-18 01:16:54 - mkk_pika - main.py:49 - INFO - [{'_id': '5cd8694003428f7ff96bbcf3', 'title': '第1集', 'order': 1, 'updated_at': '2019-05-12T12:17:57.953Z', 'id': '5cd8694003428f7ff96bbcf3'}]
2026-09-18 01:16:54 - mkk_pika - database.py:215 - INFO - 第一次下载该漫画，记录数据库中
2026-09-18 01:16:55 - mkk_pika - main.py:83 - INFO - 找到 26 张图片在:第1集
2026-09-18 01:16:56 - mkk_pika - main.py:112 - INFO - [episode:第1集       ] downloaded:    26, total:  26, progress:100%
2026-09-18 01:16:56 - mkk_pika - database.py:238 - INFO - 数据库更新已下载章节
2026-09-18 01:16:56 - mkk_pika - database.py:244 - INFO - 该漫画已下载章节如下
2026-09-18 01:16:56 - mkk_pika - database.py:245 - INFO - ['第1集']
2026-09-18 01:16:57 - mkk_pika - main.py:348 - INFO - ==================== 漫画信息 ====================
                                   漫画ID：5cd8694003428f7ff96bbcf2
                                   标题：(C93) おちんぽ巫女改造 (グランブルーファンタジー) [中国翻訳]
                                   作者：アクオチスキー教室 (アクオチスキー先生)
                                   是否完结：是
                                   总页数：26
                                   分类：短篇,同人,非人類,扶他樂園,碧藍幻想
                                   章节数：1
                                   最后更新时间：2019-05-12T18:43:12.482Z
                                   =================================================
2026-09-18 01:16:57 - mkk_pika - database.py:101 - INFO - 保存成功：(C93) おちんぽ巫女改造 (グランブルーファンタジー) [中国翻訳]
2026-09-18 01:16:57 - mkk_pika - main.py:35 - INFO - 开始检查滴る女 滴落女是否存在未下载章节
2026-09-18 01:16:58 - mkk_pika - main.py:45 - INFO - 正在下载:[滴る女 滴落女]-[こっぺ]-[['長篇', '純愛', '單行本', '姐姐系', '妹妹系']]-[total_pages:187]
2026-09-18 01:16:58 - mkk_pika - main.py:49 - INFO - [{'_id': '5cd869cb88d7027de423c4b1', 'title': '今日必須射爆的單行本', 'order': 1, 'updated_at': '2019-05-09T14:23:54.026Z', 'id': '5cd869cb88d7027de423c4b1'}]
2026-09-18 01:16:58 - mkk_pika - database.py:215 - INFO - 第一次下载该漫画，记录数据库中
2026-09-18 01:17:00 - mkk_pika - main.py:83 - INFO - 找到 187 张图片在:今日必須射爆的單行本
2026-09-18 01:17:08 - mkk_pika - main.py:112 - INFO - [episode:今日必須射爆的單行本] downloaded:   187, total: 187, progress:100%
2026-09-18 01:17:08 - mkk_pika - database.py:238 - INFO - 数据库更新已下载章节
2026-09-18 01:17:08 - mkk_pika - database.py:244 - INFO - 该漫画已下载章节如下
2026-09-18 01:17:08 - mkk_pika - database.py:245 - INFO - ['今日必須射爆的單行本']
2026-09-18 01:17:09 - mkk_pika - main.py:348 - INFO - ==================== 漫画信息 ====================
                                   漫画ID：5cd869cb88d7027de423c4b0
                                   标题：滴る女 滴落女
                                   作者：こっぺ
                                   是否完结：是
                                   总页数：187
                                   分类：長篇,純愛,單行本,姐姐系,妹妹系
                                   章节数：1
                                   最后更新时间：2019-05-12T18:45:31.481Z
                                   =================================================
2026-09-18 01:17:09 - mkk_pika - database.py:101 - INFO - 保存成功：滴る女 滴落女
2026-09-18 01:17:09 - mkk_pika - main.py:35 - INFO - 开始检查(C92) 阿賀野はちょろイン!  (艦隊これくしょん -艦これ-)是否存在未下载章节
2026-09-18 01:17:09 - mkk_pika - main.py:45 - INFO - 正在下载:[(C92) 阿賀野はちょろイン!  (艦隊これくしょん -艦これ-)]-[三三五屋 (三三五風)]-[['短篇', '同人', '艦隊收藏']]-[total_pages:23]
2026-09-18 01:17:09 - mkk_pika - main.py:49 - INFO - [{'_id': '5cd86a1a88d7027de423c56f', 'title': '第1集', 'order': 1, 'updated_at': '2019-05-12T12:43:06.675Z', 'id': '5cd86a1a88d7027de423c56f'}]
2026-09-18 01:17:09 - mkk_pika - database.py:215 - INFO - 第一次下载该漫画，记录数据库中
2026-09-18 01:17:10 - mkk_pika - main.py:83 - INFO - 找到 23 张图片在:第1集
2026-09-18 01:17:11 - mkk_pika - main.py:112 - INFO - [episode:第1集       ] downloaded:    23, total:  23, progress:100%
2026-09-18 01:17:11 - mkk_pika - database.py:238 - INFO - 数据库更新已下载章节
2026-09-18 01:17:11 - mkk_pika - database.py:244 - INFO - 该漫画已下载章节如下
2026-09-18 01:17:11 - mkk_pika - database.py:245 - INFO - ['第1集']
2026-09-18 01:17:13 - mkk_pika - main.py:348 - INFO - ==================== 漫画信息 ====================
                                   漫画ID：5cd86a1a88d7027de423c56e
                                   标题：(C92) 阿賀野はちょろイン!  (艦隊これくしょん -艦これ-)
                                   作者：三三五屋 (三三五風)
                                   是否完结：否
                                   总页数：23
                                   分类：短篇,同人,艦隊收藏
                                   章节数：1
                                   最后更新时间：2019-05-12T18:46:50.710Z
                                   =================================================
2026-09-18 01:17:13 - mkk_pika - database.py:101 - INFO - 保存成功：(C92) 阿賀野はちょろイン!  (艦隊これくしょん -艦これ-)
2026-09-18 01:17:13 - mkk_pika - main.py:35 - INFO - 开始检查 母はNo.1嬢 (コミック・マショウ 2018年10月号) [中国翻訳] [DL版]是否存在未下载章节
2026-09-18 01:17:13 - mkk_pika - main.py:45 - INFO - 正在下载:[ 母はNo.1嬢 (コミック・マショウ 2018年10月号) [中国翻訳] [DL版]]-[夏のおやつ]-[['短篇', '人妻']]-[total_pages:23]
2026-09-18 01:17:13 - mkk_pika - main.py:49 - INFO - [{'_id': '5cd86a2c7124d17db68f2123', 'title': '第1集', 'order': 1, 'updated_at': '2019-05-12T16:16:47.998Z', 'id': '5cd86a2c7124d17db68f2123'}]
2026-09-18 01:17:13 - mkk_pika - database.py:215 - INFO - 第一次下载该漫画，记录数据库中
2026-09-18 01:17:14 - mkk_pika - main.py:83 - INFO - 找到 23 张图片在:第1集
2026-09-18 01:17:15 - mkk_pika - main.py:112 - INFO - [episode:第1集       ] downloaded:    23, total:  23, progress:100%
2026-09-18 01:17:15 - mkk_pika - database.py:238 - INFO - 数据库更新已下载章节
2026-09-18 01:17:15 - mkk_pika - database.py:244 - INFO - 该漫画已下载章节如下
2026-09-18 01:17:15 - mkk_pika - database.py:245 - INFO - ['第1集']
2026-09-18 01:17:16 - mkk_pika - main.py:348 - INFO - ==================== 漫画信息 ====================
                                   漫画ID：5cd86a2b7124d17db68f2122
                                   标题： 母はNo.1嬢 (コミック・マショウ 2018年10月号) [中国翻訳] [DL版]
                                   作者：夏のおやつ
                                   是否完结：是
                                   总页数：23
                                   分类：短篇,人妻
                                   章节数：1
                                   最后更新时间：2019-05-12T18:47:07.989Z
                                   =================================================
2026-09-18 01:17:16 - mkk_pika - database.py:101 - INFO - 保存成功： 母はNo.1嬢 (コミック・マショウ 2018年10月号) [中国翻訳] [DL版]
2026-09-18 01:17:16 - mkk_pika - main.py:35 - INFO - 开始检查(C94) たかねとれ～にんぐ (アイドルマスター) [中国翻訳]是否存在未下载章节
2026-09-18 01:17:17 - mkk_pika - main.py:45 - INFO - 正在下载:[(C94) たかねとれ～にんぐ (アイドルマスター) [中国翻訳]]-[ヒデボウハウス (ひでぼう)]-[['短篇', '同人', '全彩']]-[total_pages:22]
2026-09-18 01:17:17 - mkk_pika - main.py:49 - INFO - [{'_id': '5cd86a456d2e343141da8570', 'title': '第1集', 'order': 1, 'updated_at': '2019-05-12T16:24:34.755Z', 'id': '5cd86a456d2e343141da8570'}]
2026-09-18 01:17:17 - mkk_pika - database.py:215 - INFO - 第一次下载该漫画，记录数据库中
2026-09-18 01:17:17 - mkk_pika - main.py:83 - INFO - 找到 22 张图片在:第1集
2026-09-18 01:17:18 - mkk_pika - main.py:112 - INFO - [episode:第1集       ] downloaded:    22, total:  22, progress:100%
2026-09-18 01:17:18 - mkk_pika - database.py:238 - INFO - 数据库更新已下载章节
2026-09-18 01:17:18 - mkk_pika - database.py:244 - INFO - 该漫画已下载章节如下
2026-09-18 01:17:18 - mkk_pika - database.py:245 - INFO - ['第1集']
2026-09-18 01:17:19 - mkk_pika - main.py:348 - INFO - ==================== 漫画信息 ====================
                                   漫画ID：5cd86a456d2e343141da856f
                                   标题：(C94) たかねとれ～にんぐ (アイドルマスター) [中国翻訳]
                                   作者：ヒデボウハウス (ひでぼう)
                                   是否完结：是
                                   总页数：22
                                   分类：短篇,同人,全彩
                                   章节数：1
                                   最后更新时间：2019-05-12T18:47:33.276Z
                                   =================================================
2026-09-18 01:17:19 - mkk_pika - database.py:101 - INFO - 保存成功：(C94) たかねとれ～にんぐ (アイドルマスター) [中国翻訳]
2026-09-18 01:17:19 - mkk_pika - main.py:35 - INFO - 开始检查  二重咲 (咲-saki) [DL版]是否存在未下载章节
2026-09-18 01:17:20 - mkk_pika - main.py:45 - INFO - 正在下载:[  二重咲 (咲-saki) [DL版]]-[PiT (なつきしゅり)]-[['短篇', '同人', '全彩']]-[total_pages:21]
2026-09-18 01:17:20 - mkk_pika - main.py:49 - INFO - [{'_id': '5cd86a53fc1c72743592e3b4', 'title': '第1集', 'order': 1, 'updated_at': '2019-05-12T15:58:11.988Z', 'id': '5cd86a53fc1c72743592e3b4'}]
2026-09-18 01:17:20 - mkk_pika - database.py:215 - INFO - 第一次下载该漫画，记录数据库中
2026-09-18 01:17:20 - mkk_pika - main.py:83 - INFO - 找到 22 张图片在:第1集
2026-09-18 01:17:21 - mkk_pika - main.py:112 - INFO - [episode:第1集       ] downloaded:    22, total:  22, progress:100%
2026-09-18 01:17:21 - mkk_pika - database.py:238 - INFO - 数据库更新已下载章节
2026-09-18 01:17:21 - mkk_pika - database.py:244 - INFO - 该漫画已下载章节如下
2026-09-18 01:17:21 - mkk_pika - database.py:245 - INFO - ['第1集']
2026-09-18 01:17:23 - mkk_pika - main.py:348 - INFO - ==================== 漫画信息 ====================
                                   漫画ID：5cd86a53fc1c72743592e3b3
                                   标题：  二重咲 (咲-saki) [DL版]
                                   作者：PiT (なつきしゅり)
                                   是否完结：否
                                   总页数：21
                                   分类：短篇,同人,全彩
                                   章节数：1
                                   最后更新时间：2019-05-12T18:47:47.097Z
                                   =================================================
2026-09-18 01:17:23 - mkk_pika - database.py:101 - INFO - 保存成功：  二重咲 (咲-saki) [DL版]
2026-09-18 01:17:23 - mkk_pika - main.py:35 - INFO - 开始检查(COMIC1☆15)  鉄拳聖女vs淫縛海魔 (Fate/Grand Order)是否存在未下载章节
2026-09-18 01:17:23 - mkk_pika - main.py:45 - INFO - 正在下载:[(COMIC1☆15)  鉄拳聖女vs淫縛海魔 (Fate/Grand Order)]-[塩ちょこ (七G)]-[['短篇', '同人', '非人類', 'Fate']]-[total_pages:38]
2026-09-18 01:17:23 - mkk_pika - main.py:49 - INFO - [{'_id': '5cc96b85e879ad093e7bc9e6', 'title': '第1集', 'order': 1, 'updated_at': '2019-04-30T12:47:59.842Z', 'id': '5cc96b85e879ad093e7bc9e6'}, {'_id': '5cd86a5ef6c56f1f4b834be0', 'title': '汉化', 'order': 2, 'updated_at': '2019-05-12T16:58:48.729Z', 'id': '5cd86a5ef6c56f1f4b834be0'}]
2026-09-18 01:17:23 - mkk_pika - database.py:215 - INFO - 第一次下载该漫画，记录数据库中
2026-09-18 01:17:23 - mkk_pika - main.py:83 - INFO - 找到 18 张图片在:第1集
2026-09-18 01:17:24 - mkk_pika - main.py:112 - INFO - [episode:第1集       ] downloaded:    18, total:  18, progress:100%
2026-09-18 01:17:24 - mkk_pika - database.py:238 - INFO - 数据库更新已下载章节
2026-09-18 01:17:24 - mkk_pika - database.py:244 - INFO - 该漫画已下载章节如下
2026-09-18 01:17:24 - mkk_pika - database.py:245 - INFO - ['第1集']
2026-09-18 01:17:26 - mkk_pika - main.py:83 - INFO - 找到 20 张图片在:汉化
2026-09-18 01:17:27 - mkk_pika - main.py:112 - INFO - [episode:汉化        ] downloaded:    20, total:  20, progress:100%
2026-09-18 01:17:27 - mkk_pika - database.py:238 - INFO - 数据库更新已下载章节
2026-09-18 01:17:27 - mkk_pika - database.py:244 - INFO - 该漫画已下载章节如下
2026-09-18 01:17:27 - mkk_pika - database.py:245 - INFO - ['第1集', '汉化']
2026-09-18 01:17:28 - mkk_pika - main.py:348 - INFO - ==================== 漫画信息 ====================
                                   漫画ID：5cc96b85e879ad093e7bc9e5
                                   标题：(COMIC1☆15)  鉄拳聖女vs淫縛海魔 (Fate/Grand Order)
                                   作者：塩ちょこ (七G)
                                   是否完结：是
                                   总页数：38
                                   分类：短篇,同人,非人類,Fate
                                   章节数：2
                                   最后更新时间：2019-05-12T18:47:58.375Z
                                   =================================================
2026-09-18 01:17:28 - mkk_pika - database.py:101 - INFO - 保存成功：(COMIC1☆15)  鉄拳聖女vs淫縛海魔 (Fate/Grand Order)
2026-09-18 01:17:28 - mkk_pika - main.py:35 - INFO - 开始检查かわいいかわいいイリヤさま (プリンセスコネクト!Re:Dive)是否存在未下载章节
2026-09-18 01:17:29 - mkk_pika - main.py:45 - INFO - 正在下载:[かわいいかわいいイリヤさま (プリンセスコネクト!Re:Dive)]-[瓢屋 (もみお)]-[['短篇', '同人']]-[total_pages:30]
2026-09-18 01:17:29 - mkk_pika - main.py:49 - INFO - [{'_id': '5cd86aa188d7027de423c58a', 'title': '第1集', 'order': 1, 'updated_at': '2019-05-12T16:56:42.997Z', 'id': '5cd86aa188d7027de423c58a'}]
2026-09-18 01:17:29 - mkk_pika - database.py:215 - INFO - 第一次下载该漫画，记录数据库中
2026-09-18 01:17:29 - mkk_pika - main.py:83 - INFO - 找到 30 张图片在:第1集
2026-09-18 01:17:31 - mkk_pika - main.py:112 - INFO - [episode:第1集       ] downloaded:    30, total:  30, progress:100%
2026-09-18 01:17:31 - mkk_pika - database.py:238 - INFO - 数据库更新已下载章节
2026-09-18 01:17:31 - mkk_pika - database.py:244 - INFO - 该漫画已下载章节如下
2026-09-18 01:17:31 - mkk_pika - database.py:245 - INFO - ['第1集']
2026-09-18 01:17:32 - mkk_pika - main.py:348 - INFO - ==================== 漫画信息 ====================
                                   漫画ID：5cd86aa188d7027de423c589
                                   标题：かわいいかわいいイリヤさま (プリンセスコネクト!Re:Dive)
                                   作者：瓢屋 (もみお)
                                   是否完结：是
                                   总页数：30
                                   分类：短篇,同人
                                   章节数：1
                                   最后更新时间：2019-05-12T18:49:05.375Z
                                   =================================================
2026-09-18 01:17:32 - mkk_pika - database.py:101 - INFO - 保存成功：かわいいかわいいイリヤさま (プリンセスコネクト!Re:Dive)
2026-09-18 01:17:32 - mkk_pika - main.py:35 - INFO - 开始检查Elven Sanctuary (エロマンガ先生)是否存在未下载章节
2026-09-18 01:17:32 - mkk_pika - main.py:45 - INFO - 正在下载:[Elven Sanctuary (エロマンガ先生)]-[WASABI (畳)]-[['短篇', '同人', '純愛', '後宮閃光']]-[total_pages:20]
2026-09-18 01:17:32 - mkk_pika - main.py:49 - INFO - [{'_id': '5cd86adfa6162a39f6607cd2', 'title': '第1集', 'order': 1, 'updated_at': '2019-05-12T17:08:07.425Z', 'id': '5cd86adfa6162a39f6607cd2'}]
2026-09-18 01:17:32 - mkk_pika - database.py:215 - INFO - 第一次下载该漫画，记录数据库中
2026-09-18 01:17:33 - mkk_pika - main.py:83 - INFO - 找到 20 张图片在:第1集
2026-09-18 01:17:33 - mkk_pika - main.py:112 - INFO - [episode:第1集       ] downloaded:    20, total:  20, progress:100%
2026-09-18 01:17:33 - mkk_pika - database.py:238 - INFO - 数据库更新已下载章节
2026-09-18 01:17:33 - mkk_pika - database.py:244 - INFO - 该漫画已下载章节如下
2026-09-18 01:17:33 - mkk_pika - database.py:245 - INFO - ['第1集']
2026-09-18 01:17:35 - mkk_pika - main.py:348 - INFO - ==================== 漫画信息 ====================
                                   漫画ID：5cd86adfa6162a39f6607cd1
                                   标题：Elven Sanctuary (エロマンガ先生)
                                   作者：WASABI (畳)
                                   是否完结：是
                                   总页数：20
                                   分类：短篇,同人,純愛,後宮閃光
                                   章节数：1
                                   最后更新时间：2019-05-12T18:50:07.118Z
                                   =================================================
2026-09-18 01:17:35 - mkk_pika - database.py:101 - INFO - 保存成功：Elven Sanctuary (エロマンガ先生)
2026-09-18 01:17:35 - mkk_pika - main.py:35 - INFO - 开始检查青葉えっちなハプニング取材しまぁす♡ (艦隊これくしょん -艦これ-)是否存在未下载章节
2026-09-18 01:17:35 - mkk_pika - main.py:45 - INFO - 正在下载:[青葉えっちなハプニング取材しまぁす♡ (艦隊これくしょん -艦これ-)]-[猫じゃらされ (ゆあさ)]-[['短篇', '同人', '純愛', '艦隊收藏']]-[total_pages:28]
2026-09-18 01:17:35 - mkk_pika - main.py:49 - INFO - [{'_id': '5cd86b3cf85554403ae21ad1', 'title': '第1集', 'order': 1, 'updated_at': '2019-05-12T17:18:21.866Z', 'id': '5cd86b3cf85554403ae21ad1'}]
2026-09-18 01:17:35 - mkk_pika - database.py:215 - INFO - 第一次下载该漫画，记录数据库中
2026-09-18 01:17:35 - mkk_pika - main.py:83 - INFO - 找到 28 张图片在:第1集
2026-09-18 01:17:37 - mkk_pika - main.py:112 - INFO - [episode:第1集       ] downloaded:    28, total:  28, progress:100%
2026-09-18 01:17:37 - mkk_pika - database.py:238 - INFO - 数据库更新已下载章节
2026-09-18 01:17:37 - mkk_pika - database.py:244 - INFO - 该漫画已下载章节如下
2026-09-18 01:17:37 - mkk_pika - database.py:245 - INFO - ['第1集']
2026-09-18 01:17:39 - mkk_pika - main.py:348 - INFO - ==================== 漫画信息 ====================
                                   漫画ID：5cd86b3cf85554403ae21ad0
                                   标题：青葉えっちなハプニング取材しまぁす♡ (艦隊これくしょん -艦これ-)
                                   作者：猫じゃらされ (ゆあさ)
                                   是否完结：是
                                   总页数：28
                                   分类：短篇,同人,純愛,艦隊收藏
                                   章节数：1
                                   最后更新时间：2019-05-12T18:51:40.829Z
                                   =================================================
2026-09-18 01:17:39 - mkk_pika - database.py:101 - INFO - 保存成功：青葉えっちなハプニング取材しまぁす♡ (艦隊これくしょん -艦これ-)
2026-09-18 01:17:39 - mkk_pika - main.py:35 - INFO - 开始检查 家畜の王 第二話 [中国翻訳] [DL版]是否存在未下载章节
2026-09-18 01:17:39 - mkk_pika - main.py:45 - INFO - 正在下载:[ 家畜の王 第二話 [中国翻訳] [DL版]]-[関西オレンジ (荒井啓)]-[['短篇']]-[total_pages:98]
2026-09-18 01:17:39 - mkk_pika - main.py:49 - INFO - [{'_id': '5cd86b4bf38c6e7d9cbbf86f', 'title': '第1集', 'order': 1, 'updated_at': '2019-05-12T17:22:06.004Z', 'id': '5cd86b4bf38c6e7d9cbbf86f'}, {'_id': '5cd86b4bf38c6e7d9cbbf870', 'title': '第2集', 'order': 2, 'updated_at': '2019-05-12T17:15:09.325Z', 'id': '5cd86b4bf38c6e7d9cbbf870'}]
2026-09-18 01:17:39 - mkk_pika - database.py:215 - INFO - 第一次下载该漫画，记录数据库中
2026-09-18 01:17:40 - mkk_pika - main.py:83 - INFO - 找到 60 张图片在:第1集
2026-09-18 01:17:42 - mkk_pika - main.py:112 - INFO - [episode:第1集       ] downloaded:    60, total:  60, progress:100%
2026-09-18 01:17:42 - mkk_pika - database.py:238 - INFO - 数据库更新已下载章节
2026-09-18 01:17:42 - mkk_pika - database.py:244 - INFO - 该漫画已下载章节如下
2026-09-18 01:17:42 - mkk_pika - database.py:245 - INFO - ['第1集']
2026-09-18 01:17:44 - mkk_pika - main.py:83 - INFO - 找到 38 张图片在:第2集
2026-09-18 01:17:46 - mkk_pika - main.py:112 - INFO - [episode:第2集       ] downloaded:    38, total:  38, progress:100%
2026-09-18 01:17:46 - mkk_pika - database.py:238 - INFO - 数据库更新已下载章节
2026-09-18 01:17:46 - mkk_pika - database.py:244 - INFO - 该漫画已下载章节如下
2026-09-18 01:17:46 - mkk_pika - database.py:245 - INFO - ['第1集', '第2集']
2026-09-18 01:17:47 - mkk_pika - main.py:348 - INFO - ==================== 漫画信息 ====================
                                   漫画ID：5cd86b4bf38c6e7d9cbbf86e
                                   标题： 家畜の王 第二話 [中国翻訳] [DL版]
                                   作者：関西オレンジ (荒井啓)
                                   是否完结：否
                                   总页数：98
                                   分类：短篇
                                   章节数：2
                                   最后更新时间：2019-05-12T18:51:55.854Z
                                   =================================================
2026-09-18 01:17:47 - mkk_pika - database.py:101 - INFO - 保存成功： 家畜の王 第二話 [中国翻訳] [DL版]
2026-09-18 01:17:47 - mkk_pika - main.py:35 - INFO - 开始检查(C75)  Red Degeneration -DAY/4- (Fate/stay night) [中国翻訳]是否存在未下载章节
2026-09-18 01:17:47 - mkk_pika - main.py:45 - INFO - 正在下载:[(C75)  Red Degeneration -DAY/4- (Fate/stay night) [中国翻訳]]-[H・B (B-RIVER)]-[['短篇', '同人', '非人類', '強暴', 'Fate']]-[total_pages:34]
2026-09-18 01:17:47 - mkk_pika - main.py:49 - INFO - [{'_id': '5cd86b896d2e343141da85e1', 'title': '第1集', 'order': 1, 'updated_at': '2019-05-12T17:50:37.913Z', 'id': '5cd86b896d2e343141da85e1'}]
2026-09-18 01:17:47 - mkk_pika - database.py:215 - INFO - 第一次下载该漫画，记录数据库中
2026-09-18 01:17:48 - mkk_pika - main.py:83 - INFO - 找到 34 张图片在:第1集
2026-09-18 01:17:49 - mkk_pika - main.py:112 - INFO - [episode:第1集       ] downloaded:    34, total:  34, progress:100%
2026-09-18 01:17:49 - mkk_pika - database.py:238 - INFO - 数据库更新已下载章节
2026-09-18 01:17:49 - mkk_pika - database.py:244 - INFO - 该漫画已下载章节如下
2026-09-18 01:17:49 - mkk_pika - database.py:245 - INFO - ['第1集']
2026-09-18 01:17:51 - mkk_pika - main.py:348 - INFO - ==================== 漫画信息 ====================
                                   漫画ID：5cd86b896d2e343141da85e0
                                   标题：(C75)  Red Degeneration -DAY/4- (Fate/stay night) [中国翻訳]
                                   作者：H・B (B-RIVER)
                                   是否完结：是
                                   总页数：34
                                   分类：短篇,同人,非人類,強暴,Fate
                                   章节数：1
                                   最后更新时间：2019-05-12T18:52:57.118Z
                                   =================================================
2026-09-18 01:17:51 - mkk_pika - database.py:101 - INFO - 保存成功：(C75)  Red Degeneration -DAY/4- (Fate/stay night) [中国翻訳]
2026-09-18 01:17:51 - mkk_pika - main.py:35 - INFO - 开始检查ツンツンしちゃうお年頃是否存在未下载章节
2026-09-18 01:17:51 - mkk_pika - main.py:45 - INFO - 正在下载:[ツンツンしちゃうお年頃]-[ネムネム]-[['長篇', '單行本']]-[total_pages:212]
2026-09-18 01:17:51 - mkk_pika - main.py:49 - INFO - [{'_id': '5cb37058c91a7a579a266304', 'title': '第1集', 'order': 1, 'updated_at': '2019-04-14T16:38:26.299Z', 'id': '5cb37058c91a7a579a266304'}, {'_id': '5cb37058c91a7a579a266305', 'title': '第2集', 'order': 2, 'updated_at': '2019-04-14T16:39:37.989Z', 'id': '5cb37058c91a7a579a266305'}, {'_id': '5cb37058c91a7a579a266306', 'title': '第3集', 'order': 3, 'updated_at': '2019-04-14T16:40:33.553Z', 'id': '5cb37058c91a7a579a266306'}, {'_id': '5cb37058c91a7a579a266307', 'title': '第4集', 'order': 4, 'updated_at': '2019-04-14T16:41:08.560Z', 'id': '5cb37058c91a7a579a266307'}, {'_id': '5cb37058c91a7a579a266308', 'title': '第5集', 'order': 5, 'updated_at': '2019-04-14T16:42:12.818Z', 'id': '5cb37058c91a7a579a266308'}, {'_id': '5cbb6c97c89bcb50c2e69a91', 'title': '第6集', 'order': 6, 'updated_at': '2019-04-20T17:02:48.151Z', 'id': '5cbb6c97c89bcb50c2e69a91'}, {'_id': '5cbb6c97c89bcb50c2e69a92', 'title': '第7集', 'order': 7, 'updated_at': '2019-04-20T17:03:33.979Z', 'id': '5cbb6c97c89bcb50c2e69a92'}, {'_id': '5cc9df7d09e2a87b787a02c5', 'title': '第8集', 'order': 8, 'updated_at': '2019-05-01T17:44:35.437Z', 'id': '5cc9df7d09e2a87b787a02c5'}, {'_id': '5cd86bc3c87fe8210a5c065b', 'title': '第9集', 'order': 9, 'updated_at': '2019-05-12T16:51:01.013Z', 'id': '5cd86bc3c87fe8210a5c065b'}, {'_id': '5cd86bc3c87fe8210a5c065c', 'title': '第10集', 'order': 10, 'updated_at': '2019-05-12T16:51:42.068Z', 'id': '5cd86bc3c87fe8210a5c065c'}, {'_id': '5cd86bc3c87fe8210a5c065d', 'title': '第11集', 'order': 11, 'updated_at': '2019-05-12T16:56:18.361Z', 'id': '5cd86bc3c87fe8210a5c065d'}]
2026-09-18 01:17:51 - mkk_pika - database.py:215 - INFO - 第一次下载该漫画，记录数据库中
2026-09-18 01:17:52 - mkk_pika - main.py:83 - INFO - 找到 21 张图片在:第1集
2026-09-18 01:17:52 - mkk_pika - main.py:112 - INFO - [episode:第1集       ] downloaded:    21, total:  21, progress:100%
2026-09-18 01:17:52 - mkk_pika - database.py:238 - INFO - 数据库更新已下载章节
2026-09-18 01:17:52 - mkk_pika - database.py:244 - INFO - 该漫画已下载章节如下
2026-09-18 01:17:52 - mkk_pika - database.py:245 - INFO - ['第1集']
2026-09-18 01:17:54 - mkk_pika - main.py:83 - INFO - 找到 20 张图片在:第2集
2026-09-18 01:17:55 - mkk_pika - main.py:112 - INFO - [episode:第2集       ] downloaded:    20, total:  20, progress:100%
2026-09-18 01:17:55 - mkk_pika - database.py:238 - INFO - 数据库更新已下载章节
2026-09-18 01:17:55 - mkk_pika - database.py:244 - INFO - 该漫画已下载章节如下
2026-09-18 01:17:55 - mkk_pika - database.py:245 - INFO - ['第1集', '第2集']
2026-09-18 01:17:56 - mkk_pika - main.py:83 - INFO - 找到 18 张图片在:第3集
2026-09-18 01:17:57 - mkk_pika - main.py:112 - INFO - [episode:第3集       ] downloaded:    18, total:  18, progress:100%
2026-09-18 01:17:57 - mkk_pika - database.py:238 - INFO - 数据库更新已下载章节
2026-09-18 01:17:57 - mkk_pika - database.py:244 - INFO - 该漫画已下载章节如下
2026-09-18 01:17:57 - mkk_pika - database.py:245 - INFO - ['第1集', '第2集', '第3集']
2026-09-18 01:17:59 - mkk_pika - main.py:83 - INFO - 找到 20 张图片在:第4集
2026-09-18 01:17:59 - mkk_pika - main.py:112 - INFO - [episode:第4集       ] downloaded:    20, total:  20, progress:100%
2026-09-18 01:17:59 - mkk_pika - database.py:238 - INFO - 数据库更新已下载章节
2026-09-18 01:17:59 - mkk_pika - database.py:244 - INFO - 该漫画已下载章节如下
2026-09-18 01:17:59 - mkk_pika - database.py:245 - INFO - ['第1集', '第2集', '第3集', '第4集']
2026-09-18 01:18:01 - mkk_pika - main.py:83 - INFO - 找到 16 张图片在:第5集
2026-09-18 01:18:02 - mkk_pika - main.py:112 - INFO - [episode:第5集       ] downloaded:    16, total:  16, progress:100%
2026-09-18 01:18:02 - mkk_pika - database.py:238 - INFO - 数据库更新已下载章节
2026-09-18 01:18:02 - mkk_pika - database.py:244 - INFO - 该漫画已下载章节如下
2026-09-18 01:18:02 - mkk_pika - database.py:245 - INFO - ['第1集', '第2集', '第3集', '第4集', '第5集']
2026-09-18 01:18:03 - mkk_pika - main.py:83 - INFO - 找到 12 张图片在:第6集
2026-09-18 01:18:04 - mkk_pika - main.py:112 - INFO - [episode:第6集       ] downloaded:    12, total:  12, progress:100%
2026-09-18 01:18:04 - mkk_pika - database.py:238 - INFO - 数据库更新已下载章节
2026-09-18 01:18:04 - mkk_pika - database.py:244 - INFO - 该漫画已下载章节如下
2026-09-18 01:18:04 - mkk_pika - database.py:245 - INFO - ['第1集', '第2集', '第3集', '第4集', '第5集', '第6集']
2026-09-18 01:18:05 - mkk_pika - main.py:83 - INFO - 找到 18 张图片在:第7集
2026-09-18 01:18:06 - mkk_pika - main.py:112 - INFO - [episode:第7集       ] downloaded:    18, total:  18, progress:100%
2026-09-18 01:18:06 - mkk_pika - database.py:238 - INFO - 数据库更新已下载章节
2026-09-18 01:18:06 - mkk_pika - database.py:244 - INFO - 该漫画已下载章节如下
2026-09-18 01:18:06 - mkk_pika - database.py:245 - INFO - ['第1集', '第2集', '第3集', '第4集', '第5集', '第6集', '第7集']
2026-09-18 01:18:08 - mkk_pika - main.py:83 - INFO - 找到 20 张图片在:第8集
2026-09-18 01:18:09 - mkk_pika - main.py:112 - INFO - [episode:第8集       ] downloaded:    20, total:  20, progress:100%
2026-09-18 01:18:09 - mkk_pika - database.py:238 - INFO - 数据库更新已下载章节
2026-09-18 01:18:09 - mkk_pika - database.py:244 - INFO - 该漫画已下载章节如下
2026-09-18 01:18:09 - mkk_pika - database.py:245 - INFO - ['第1集', '第2集', '第3集', '第4集', '第5集', '第6集', '第7集', '第8集']
2026-09-18 01:18:10 - mkk_pika - main.py:83 - INFO - 找到 24 张图片在:第9集
2026-09-18 01:18:11 - mkk_pika - main.py:112 - INFO - [episode:第9集       ] downloaded:    24, total:  24, progress:100%
2026-09-18 01:18:11 - mkk_pika - database.py:238 - INFO - 数据库更新已下载章节
2026-09-18 01:18:11 - mkk_pika - database.py:244 - INFO - 该漫画已下载章节如下
2026-09-18 01:18:11 - mkk_pika - database.py:245 - INFO - ['第1集', '第2集', '第3集', '第4集', '第5集', '第6集', '第7集', '第8集', '第9集']
2026-09-18 01:18:13 - mkk_pika - main.py:83 - INFO - 找到 16 张图片在:第10集
2026-09-18 01:18:14 - mkk_pika - main.py:112 - INFO - [episode:第10集      ] downloaded:    16, total:  16, progress:100%
2026-09-18 01:18:14 - mkk_pika - database.py:238 - INFO - 数据库更新已下载章节
2026-09-18 01:18:14 - mkk_pika - database.py:244 - INFO - 该漫画已下载章节如下
2026-09-18 01:18:14 - mkk_pika - database.py:245 - INFO - ['第1集', '第2集', '第3集', '第4集', '第5集', '第6集', '第7集', '第8集', '第9集', '第10集']
2026-09-18 01:18:16 - mkk_pika - main.py:83 - INFO - 找到 27 张图片在:第11集
2026-09-18 01:18:17 - mkk_pika - main.py:112 - INFO - [episode:第11集      ] downloaded:    27, total:  27, progress:100%
2026-09-18 01:18:17 - mkk_pika - database.py:238 - INFO - 数据库更新已下载章节
2026-09-18 01:18:17 - mkk_pika - database.py:244 - INFO - 该漫画已下载章节如下
2026-09-18 01:18:17 - mkk_pika - database.py:245 - INFO - ['第1集', '第2集', '第3集', '第4集', '第5集', '第6集', '第7集', '第8集', '第9集', '第10集', '第11集']
2026-09-18 01:18:19 - mkk_pika - main.py:348 - INFO - ==================== 漫画信息 ====================
                                   漫画ID：5cb37058c91a7a579a266303
                                   标题：ツンツンしちゃうお年頃
                                   作者：ネムネム
                                   是否完结：是
                                   总页数：212
                                   分类：長篇,單行本
                                   章节数：11
                                   最后更新时间：2019-05-12T18:53:55.929Z
                                   =================================================
2026-09-18 01:18:19 - mkk_pika - database.py:101 - INFO - 保存成功：ツンツンしちゃうお年頃
2026-09-18 01:18:19 - mkk_pika - main.py:35 - INFO - 开始检查永世の鴆 (永遠娘 6)是否存在未下载章节
2026-09-18 01:18:19 - mkk_pika - main.py:45 - INFO - 正在下载:[永世の鴆 (永遠娘 6)]-[黒青郎君]-[['短篇']]-[total_pages:31]
2026-09-18 01:18:19 - mkk_pika - main.py:49 - INFO - [{'_id': '5cd86bcdfc1c72743592e3cf', 'title': '第1集', 'order': 1, 'updated_at': '2019-05-12T16:38:27.845Z', 'id': '5cd86bcdfc1c72743592e3cf'}]
2026-09-18 01:18:19 - mkk_pika - database.py:215 - INFO - 第一次下载该漫画，记录数据库中
2026-09-18 01:18:20 - mkk_pika - main.py:83 - INFO - 找到 31 张图片在:第1集
2026-09-18 01:18:21 - mkk_pika - main.py:112 - INFO - [episode:第1集       ] downloaded:    31, total:  31, progress:100%
2026-09-18 01:18:21 - mkk_pika - database.py:238 - INFO - 数据库更新已下载章节
2026-09-18 01:18:21 - mkk_pika - database.py:244 - INFO - 该漫画已下载章节如下
2026-09-18 01:18:21 - mkk_pika - database.py:245 - INFO - ['第1集']
2026-09-18 01:18:23 - mkk_pika - main.py:348 - INFO - ==================== 漫画信息 ====================
                                   漫画ID：5cd86bcdfc1c72743592e3ce
                                   标题：永世の鴆 (永遠娘 6)
                                   作者：黒青郎君
                                   是否完结：否
                                   总页数：31
                                   分类：短篇
                                   章节数：1
                                   最后更新时间：2019-05-12T18:54:05.954Z
                                   =================================================
2026-09-18 01:18:23 - mkk_pika - database.py:101 - INFO - 保存成功：永世の鴆 (永遠娘 6)
2026-09-18 01:18:23 - mkk_pika - main.py:35 - INFO - 开始检查ジュン×ジョウ恋歌2 (コミックホットミルク 2019年6月号) [中国翻訳] [DL版]是否存在未下载章节
2026-09-18 01:18:24 - mkk_pika - main.py:45 - INFO - 正在下载:[ジュン×ジョウ恋歌2 (コミックホットミルク 2019年6月号) [中国翻訳] [DL版]]-[夏庵]-[['短篇', 'NTR']]-[total_pages:21]
2026-09-18 01:18:24 - mkk_pika - main.py:49 - INFO - [{'_id': '5cd9328e1f952b786259a54f', 'title': '第1集', 'order': 1, 'updated_at': '2019-05-13T06:57:34.363Z', 'id': '5cd9328e1f952b786259a54f'}]
2026-09-18 01:18:24 - mkk_pika - database.py:215 - INFO - 第一次下载该漫画，记录数据库中
2026-09-18 01:18:25 - mkk_pika - main.py:83 - INFO - 找到 21 张图片在:第1集
2026-09-18 01:18:26 - mkk_pika - main.py:112 - INFO - [episode:第1集       ] downloaded:    21, total:  21, progress:100%
2026-09-18 01:18:26 - mkk_pika - database.py:238 - INFO - 数据库更新已下载章节
2026-09-18 01:18:26 - mkk_pika - database.py:244 - INFO - 该漫画已下载章节如下
2026-09-18 01:18:26 - mkk_pika - database.py:245 - INFO - ['第1集']
2026-09-18 01:18:27 - mkk_pika - main.py:348 - INFO - ==================== 漫画信息 ====================
                                   漫画ID：5cd9328e1f952b786259a54e
                                   标题：ジュン×ジョウ恋歌2 (コミックホットミルク 2019年6月号) [中国翻訳] [DL版]
                                   作者：夏庵
                                   是否完结：是
                                   总页数：21
                                   分类：短篇,NTR
                                   章节数：1
                                   最后更新时间：2019-05-13T09:02:06.840Z
                                   =================================================
2026-09-18 01:18:27 - mkk_pika - database.py:101 - INFO - 保存成功：ジュン×ジョウ恋歌2 (コミックホットミルク 2019年6月号) [中国翻訳] [DL版]
2026-09-18 01:18:27 - mkk_pika - main.py:35 - INFO - 开始检查(COMIC1☆15) あつがりスカディさま (Fate/Grand Order) [中国翻訳]是否存在未下载章节
2026-09-18 01:18:27 - mkk_pika - main.py:45 - INFO - 正在下载:[(COMIC1☆15) あつがりスカディさま (Fate/Grand Order) [中国翻訳]]-[L.G.C. (リブユウキ)]-[['短篇', '同人', '純愛', 'Fate']]-[total_pages:28]
2026-09-18 01:18:27 - mkk_pika - main.py:49 - INFO - [{'_id': '5cd9a80329036535c14af880', 'title': 'FGO', 'order': 1, 'updated_at': '2019-05-13T12:36:17.237Z', 'id': '5cd9a80329036535c14af880'}, {'_id': '5cd9a80329036535c14af881', 'title': '为啥', 'order': 2, 'updated_at': '2019-05-13T12:38:20.054Z', 'id': '5cd9a80329036535c14af881'}]
2026-09-18 01:18:27 - mkk_pika - database.py:215 - INFO - 第一次下载该漫画，记录数据库中
2026-09-18 01:18:28 - mkk_pika - main.py:83 - INFO - 找到 22 张图片在:FGO
2026-09-18 01:18:29 - mkk_pika - main.py:112 - INFO - [episode:FGO       ] downloaded:    22, total:  22, progress:100%
2026-09-18 01:18:29 - mkk_pika - database.py:238 - INFO - 数据库更新已下载章节
2026-09-18 01:18:29 - mkk_pika - database.py:244 - INFO - 该漫画已下载章节如下
2026-09-18 01:18:29 - mkk_pika - database.py:245 - INFO - ['FGO']
2026-09-18 01:18:31 - mkk_pika - main.py:83 - INFO - 找到 6 张图片在:为啥
2026-09-18 01:18:31 - mkk_pika - main.py:112 - INFO - [episode:为啥        ] downloaded:     6, total:   6, progress:100%
2026-09-18 01:18:31 - mkk_pika - database.py:238 - INFO - 数据库更新已下载章节
2026-09-18 01:18:31 - mkk_pika - database.py:244 - INFO - 该漫画已下载章节如下
2026-09-18 01:18:31 - mkk_pika - database.py:245 - INFO - ['FGO', '为啥']
2026-09-18 01:18:33 - mkk_pika - main.py:348 - INFO - ==================== 漫画信息 ====================
                                   漫画ID：5cd9a80329036535c14af87f
                                   标题：(COMIC1☆15) あつがりスカディさま (Fate/Grand Order) [中国翻訳]
                                   作者：L.G.C. (リブユウキ)
                                   是否完结：是
                                   总页数：28
                                   分类：短篇,同人,純愛,Fate
                                   章节数：2
                                   最后更新时间：2019-05-13T17:23:15.306Z
                                   =================================================
2026-09-18 01:18:33 - mkk_pika - database.py:101 - INFO - 保存成功：(COMIC1☆15) あつがりスカディさま (Fate/Grand Order) [中国翻訳]
2026-09-18 01:18:33 - mkk_pika - main.py:35 - INFO - 开始检查 バニーメイドの挑発 (オリジナル)是否存在未下载章节
2026-09-18 01:18:33 - mkk_pika - main.py:45 - INFO - 正在下载:[ バニーメイドの挑発 (オリジナル)]-[あまいねいろ (天音るり)]-[['短篇', '同人']]-[total_pages:19]
2026-09-18 01:18:33 - mkk_pika - main.py:49 - INFO - [{'_id': '5cd9a8403da99918e2afc46a', 'title': '第1集', 'order': 1, 'updated_at': '2019-05-13T12:45:01.770Z', 'id': '5cd9a8403da99918e2afc46a'}]
2026-09-18 01:18:33 - mkk_pika - database.py:215 - INFO - 第一次下载该漫画，记录数据库中
2026-09-18 01:18:34 - mkk_pika - main.py:83 - INFO - 找到 19 张图片在:第1集
2026-09-18 01:18:35 - mkk_pika - main.py:112 - INFO - [episode:第1集       ] downloaded:    19, total:  19, progress:100%
2026-09-18 01:18:35 - mkk_pika - database.py:238 - INFO - 数据库更新已下载章节
2026-09-18 01:18:35 - mkk_pika - database.py:244 - INFO - 该漫画已下载章节如下
2026-09-18 01:18:35 - mkk_pika - database.py:245 - INFO - ['第1集']
2026-09-18 01:18:36 - mkk_pika - main.py:348 - INFO - ==================== 漫画信息 ====================
                                   漫画ID：5cd9a8403da99918e2afc469
                                   标题： バニーメイドの挑発 (オリジナル)
                                   作者：あまいねいろ (天音るり)
                                   是否完结：是
                                   总页数：19
                                   分类：短篇,同人
                                   章节数：1
                                   最后更新时间：2019-05-13T17:24:16.827Z
                                   =================================================
2026-09-18 01:18:36 - mkk_pika - database.py:101 - INFO - 保存成功： バニーメイドの挑発 (オリジナル)
2026-09-18 01:18:36 - mkk_pika - main.py:35 - INFO - 开始检查 むちむちつゆだく 彈嫩豐滿美味多汁是否存在未下载章节
2026-09-18 01:18:36 - mkk_pika - main.py:45 - INFO - 正在下载:[ むちむちつゆだく 彈嫩豐滿美味多汁]-[春日野トバリ]-[['長篇', '純愛', '單行本', '姐姐系', '妹妹系', 'SM']]-[total_pages:193]
2026-09-18 01:18:36 - mkk_pika - main.py:49 - INFO - [{'_id': '5cd9a84723df08356d4f1a25', 'title': '彈嫩豐滿美味多汁的單行本', 'order': 1, 'updated_at': '2019-05-09T14:36:08.594Z', 'id': '5cd9a84723df08356d4f1a25'}]
2026-09-18 01:18:36 - mkk_pika - database.py:215 - INFO - 第一次下载该漫画，记录数据库中
2026-09-18 01:18:38 - mkk_pika - main.py:83 - INFO - 找到 193 张图片在:彈嫩豐滿美味多汁的單行本
2026-09-18 01:18:47 - mkk_pika - main.py:112 - INFO - [episode:彈嫩豐滿美味多汁的單行本] downloaded:   193, total: 193, progress:100%
2026-09-18 01:18:47 - mkk_pika - database.py:238 - INFO - 数据库更新已下载章节
2026-09-18 01:18:47 - mkk_pika - database.py:244 - INFO - 该漫画已下载章节如下
2026-09-18 01:18:47 - mkk_pika - database.py:245 - INFO - ['彈嫩豐滿美味多汁的單行本']
2026-09-18 01:18:48 - mkk_pika - main.py:348 - INFO - ==================== 漫画信息 ====================
                                   漫画ID：5cd9a84723df08356d4f1a24
                                   标题： むちむちつゆだく 彈嫩豐滿美味多汁
                                   作者：春日野トバリ
                                   是否完结：是
                                   总页数：193
                                   分类：長篇,純愛,單行本,姐姐系,妹妹系,SM
                                   章节数：1
                                   最后更新时间：2019-05-13T17:24:23.151Z
                                   =================================================
2026-09-18 01:18:48 - mkk_pika - database.py:101 - INFO - 保存成功： むちむちつゆだく 彈嫩豐滿美味多汁
2026-09-18 01:18:48 - mkk_pika - main.py:35 - INFO - 开始检查(COMIC1☆15)  エルフリフレ [中国翻訳]是否存在未下载章节
2026-09-18 01:18:48 - mkk_pika - main.py:45 - INFO - 正在下载:[(COMIC1☆15)  エルフリフレ [中国翻訳]]-[エリア14 (かせい)]-[['短篇']]-[total_pages:29]
2026-09-18 01:18:48 - mkk_pika - main.py:49 - INFO - [{'_id': '5cd9a8c6e9d9a518bed676d4', 'title': '第1集', 'order': 1, 'updated_at': '2019-05-13T16:54:19.534Z', 'id': '5cd9a8c6e9d9a518bed676d4'}]
2026-09-18 01:18:48 - mkk_pika - database.py:215 - INFO - 第一次下载该漫画，记录数据库中
2026-09-18 01:18:49 - mkk_pika - main.py:83 - INFO - 找到 29 张图片在:第1集
2026-09-18 01:18:50 - mkk_pika - main.py:112 - INFO - [episode:第1集       ] downloaded:    29, total:  29, progress:100%
2026-09-18 01:18:50 - mkk_pika - database.py:238 - INFO - 数据库更新已下载章节
2026-09-18 01:18:50 - mkk_pika - database.py:244 - INFO - 该漫画已下载章节如下
2026-09-18 01:18:50 - mkk_pika - database.py:245 - INFO - ['第1集']
2026-09-18 01:18:52 - mkk_pika - main.py:348 - INFO - ==================== 漫画信息 ====================
                                   漫画ID：5cd9a8c6e9d9a518bed676d3
                                   标题：(COMIC1☆15)  エルフリフレ [中国翻訳]
                                   作者：エリア14 (かせい)
                                   是否完结：是
                                   总页数：29
                                   分类：短篇
                                   章节数：1
                                   最后更新时间：2019-05-13T17:26:30.009Z
                                   =================================================
2026-09-18 01:18:52 - mkk_pika - database.py:101 - INFO - 保存成功：(COMIC1☆15)  エルフリフレ [中国翻訳]
2026-09-18 01:18:52 - mkk_pika - main.py:35 - INFO - 开始检查【3D彩漫】姐~弟戀是否存在未下载章节
2026-09-18 01:18:52 - mkk_pika - main.py:45 - INFO - 正在下载:[【3D彩漫】姐~弟戀]-[未知]-[['姐姐系', '全彩', '短篇']]-[total_pages:42]
2026-09-18 01:18:52 - mkk_pika - main.py:49 - INFO - [{'_id': '5cdc5ce1913ab73f5a0dce06', 'title': '第1集', 'order': 1, 'updated_at': '2019-05-14T09:00:50.060Z', 'id': '5cdc5ce1913ab73f5a0dce06'}]
2026-09-18 01:18:52 - mkk_pika - database.py:215 - INFO - 第一次下载该漫画，记录数据库中
2026-09-18 01:18:53 - mkk_pika - main.py:83 - INFO - 找到 42 张图片在:第1集
2026-09-18 01:18:54 - mkk_pika - main.py:112 - INFO - [episode:第1集       ] downloaded:    42, total:  42, progress:100%
2026-09-18 01:18:54 - mkk_pika - database.py:238 - INFO - 数据库更新已下载章节
2026-09-18 01:18:54 - mkk_pika - database.py:244 - INFO - 该漫画已下载章节如下
2026-09-18 01:18:54 - mkk_pika - database.py:245 - INFO - ['第1集']
2026-09-18 01:18:56 - mkk_pika - main.py:348 - INFO - ==================== 漫画信息 ====================
                                   漫画ID：5cda3b37cc94e03b791ffabb
                                   标题：【3D彩漫】姐~弟戀
                                   作者：未知
                                   是否完结：否
                                   总页数：42
                                   分类：姐姐系,全彩,短篇
                                   章节数：1
                                   最后更新时间：2019-05-14T03:51:19.908Z
                                   =================================================
2026-09-18 01:18:56 - mkk_pika - database.py:101 - INFO - 保存成功：【3D彩漫】姐~弟戀
2026-09-18 01:18:56 - mkk_pika - main.py:35 - INFO - 开始检查(C88)  直葉ちゃん痴育日記 (ソードアート・オンライン)][中国翻訳]是否存在未下载章节
2026-09-18 01:18:56 - mkk_pika - main.py:45 - INFO - 正在下载:[(C88)  直葉ちゃん痴育日記 (ソードアート・オンライン)][中国翻訳]]-[waterwheel (白田太)]-[['短篇', '同人', 'SAO 刀劍神域']]-[total_pages:23]
2026-09-18 01:18:56 - mkk_pika - main.py:49 - INFO - [{'_id': '5cda3dd93c82ab76ad398f23', 'title': '第1集', 'order': 1, 'updated_at': '2019-05-13T14:57:01.856Z', 'id': '5cda3dd93c82ab76ad398f23'}]
2026-09-18 01:18:56 - mkk_pika - database.py:215 - INFO - 第一次下载该漫画，记录数据库中
2026-09-18 01:18:57 - mkk_pika - main.py:83 - INFO - 找到 23 张图片在:第1集
2026-09-18 01:18:58 - mkk_pika - main.py:112 - INFO - [episode:第1集       ] downloaded:    23, total:  23, progress:100%
2026-09-18 01:18:58 - mkk_pika - database.py:238 - INFO - 数据库更新已下载章节
2026-09-18 01:18:58 - mkk_pika - database.py:244 - INFO - 该漫画已下载章节如下
2026-09-18 01:18:58 - mkk_pika - database.py:245 - INFO - ['第1集']
2026-09-18 01:18:59 - mkk_pika - main.py:348 - INFO - ==================== 漫画信息 ====================
                                   漫画ID：5cda3dd93c82ab76ad398f22
                                   标题：(C88)  直葉ちゃん痴育日記 (ソードアート・オンライン)][中国翻訳]
                                   作者：waterwheel (白田太)
                                   是否完结：是
                                   总页数：23
                                   分类：短篇,同人,SAO 刀劍神域
                                   章节数：1
                                   最后更新时间：2019-05-14T04:02:33.276Z
                                   =================================================
2026-09-18 01:18:59 - mkk_pika - database.py:101 - INFO - 保存成功：(C88)  直葉ちゃん痴育日記 (ソードアート・オンライン)][中国翻訳]
2026-09-18 01:18:59 - mkk_pika - main.py:35 - INFO - 开始检查蝶恋足——毒萝（剑网3）是否存在未下载章节
2026-09-18 01:18:59 - mkk_pika - main.py:45 - INFO - 正在下载:[蝶恋足——毒萝（剑网3）]-[WTK]-[['短篇', '同人', '全彩', '非人類', '強暴']]-[total_pages:-64]
2026-09-18 01:18:59 - mkk_pika - main.py:49 - INFO - [{'_id': '5cda3dfd611a22189f231abd', 'title': '第1集', 'order': 1, 'updated_at': '2019-05-13T17:58:16.365Z', 'id': '5cda3dfd611a22189f231abd'}]
2026-09-18 01:18:59 - mkk_pika - database.py:215 - INFO - 第一次下载该漫画，记录数据库中
2026-09-18 01:19:00 - mkk_pika - main.py:83 - INFO - 找到 36 张图片在:第1集
2026-09-18 01:19:02 - mkk_pika - main.py:112 - INFO - [episode:第1集       ] downloaded:    36, total:  36, progress:100%
2026-09-18 01:19:02 - mkk_pika - database.py:238 - INFO - 数据库更新已下载章节
2026-09-18 01:19:02 - mkk_pika - database.py:244 - INFO - 该漫画已下载章节如下
2026-09-18 01:19:02 - mkk_pika - database.py:245 - INFO - ['第1集']
2026-09-18 01:19:03 - mkk_pika - main.py:348 - INFO - ==================== 漫画信息 ====================
                                   漫画ID：5cda3dfd611a22189f231abc
                                   标题：蝶恋足——毒萝（剑网3）
                                   作者：WTK
                                   是否完结：是
                                   总页数：-64
                                   分类：短篇,同人,全彩,非人類,強暴
                                   章节数：1
                                   最后更新时间：2019-05-14T04:03:09.962Z
                                   =================================================
2026-09-18 01:19:03 - mkk_pika - database.py:101 - INFO - 保存成功：蝶恋足——毒萝（剑网3）
2026-09-18 01:19:03 - mkk_pika - main.py:35 - INFO - 开始检查ましゅまろすたでぃ! (デジタルぷにぺどッ! Vol.12) [中国翻訳]是否存在未下载章节
2026-09-18 01:19:04 - mkk_pika - main.py:45 - INFO - 正在下载:[ましゅまろすたでぃ! (デジタルぷにぺどッ! Vol.12) [中国翻訳]]-[うさ城まに]-[['短篇']]-[total_pages:25]
2026-09-18 01:19:04 - mkk_pika - main.py:49 - INFO - [{'_id': '5cda3e29b94e4976c79914c6', 'title': '第1集', 'order': 1, 'updated_at': '2019-05-13T18:27:58.556Z', 'id': '5cda3e29b94e4976c79914c6'}]
2026-09-18 01:19:04 - mkk_pika - database.py:215 - INFO - 第一次下载该漫画，记录数据库中
2026-09-18 01:19:05 - mkk_pika - main.py:83 - INFO - 找到 25 张图片在:第1集
2026-09-18 01:19:06 - mkk_pika - main.py:112 - INFO - [episode:第1集       ] downloaded:    25, total:  25, progress:100%
2026-09-18 01:19:06 - mkk_pika - database.py:238 - INFO - 数据库更新已下载章节
2026-09-18 01:19:06 - mkk_pika - database.py:244 - INFO - 该漫画已下载章节如下
2026-09-18 01:19:06 - mkk_pika - database.py:245 - INFO - ['第1集']
2026-09-18 01:19:07 - mkk_pika - main.py:348 - INFO - ==================== 漫画信息 ====================
                                   漫画ID：5cda3e29b94e4976c79914c5
                                   标题：ましゅまろすたでぃ! (デジタルぷにぺどッ! Vol.12) [中国翻訳]
                                   作者：うさ城まに
                                   是否完结：是
                                   总页数：25
                                   分类：短篇
                                   章节数：1
                                   最后更新时间：2019-05-14T04:03:53.523Z
                                   =================================================
2026-09-18 01:19:07 - mkk_pika - database.py:101 - INFO - 保存成功：ましゅまろすたでぃ! (デジタルぷにぺどッ! Vol.12) [中国翻訳]
2026-09-18 01:19:07 - mkk_pika - main.py:35 - INFO - 开始检查(My Best Friends 12) ももかよいつま (アイドルマスター シンデレラガールズ) [中国翻訳]是否存在未下载章节
2026-09-18 01:19:08 - mkk_pika - main.py:45 - INFO - 正在下载:[(My Best Friends 12) ももかよいつま (アイドルマスター シンデレラガールズ) [中国翻訳]]-[Horizontal World (またのんき▼)]-[['短篇', '同人', '純愛']]-[total_pages:28]
2026-09-18 01:19:08 - mkk_pika - main.py:49 - INFO - [{'_id': '5cda3e423c82ab76ad398f3d', 'title': '第1集', 'order': 1, 'updated_at': '2019-05-13T18:48:53.356Z', 'id': '5cda3e423c82ab76ad398f3d'}]
2026-09-18 01:19:08 - mkk_pika - database.py:215 - INFO - 第一次下载该漫画，记录数据库中
2026-09-18 01:19:08 - mkk_pika - main.py:83 - INFO - 找到 28 张图片在:第1集
2026-09-18 01:19:10 - mkk_pika - main.py:112 - INFO - [episode:第1集       ] downloaded:    28, total:  28, progress:100%
2026-09-18 01:19:10 - mkk_pika - database.py:238 - INFO - 数据库更新已下载章节
2026-09-18 01:19:10 - mkk_pika - database.py:244 - INFO - 该漫画已下载章节如下
2026-09-18 01:19:10 - mkk_pika - database.py:245 - INFO - ['第1集']
2026-09-18 01:19:11 - mkk_pika - main.py:348 - INFO - ==================== 漫画信息 ====================
                                   漫画ID：5cda3e423c82ab76ad398f3c
                                   标题：(My Best Friends 12) ももかよいつま (アイドルマスター シンデレラガールズ) [中国翻訳]
                                   作者：Horizontal World (またのんき▼)
                                   是否完结：是
                                   总页数：28
                                   分类：短篇,同人,純愛
                                   章节数：1
                                   最后更新时间：2019-05-14T04:04:18.972Z
                                   =================================================
2026-09-18 01:19:11 - mkk_pika - database.py:101 - INFO - 保存成功：(My Best Friends 12) ももかよいつま (アイドルマスター シンデレラガールズ) [中国翻訳]
2026-09-18 01:19:11 - mkk_pika - main.py:35 - INFO - 开始检查ママ活バイブレーション (COMIC失楽天 2019年5月号)[無修正]是否存在未下载章节
2026-09-18 01:19:11 - mkk_pika - main.py:45 - INFO - 正在下载:[ママ活バイブレーション (COMIC失楽天 2019年5月号)[無修正]]-[燵成]-[['短篇', '人妻', 'NTR']]-[total_pages:18]
2026-09-18 01:19:11 - mkk_pika - main.py:49 - INFO - [{'_id': '5cda3e61b3202163b021feb8', 'title': '第1集', 'order': 1, 'updated_at': '2019-05-14T01:12:09.014Z', 'id': '5cda3e61b3202163b021feb8'}]
2026-09-18 01:19:11 - mkk_pika - database.py:215 - INFO - 第一次下载该漫画，记录数据库中
2026-09-18 01:19:12 - mkk_pika - main.py:83 - INFO - 找到 18 张图片在:第1集
2026-09-18 01:19:13 - mkk_pika - main.py:112 - INFO - [episode:第1集       ] downloaded:    18, total:  18, progress:100%
2026-09-18 01:19:13 - mkk_pika - database.py:238 - INFO - 数据库更新已下载章节
2026-09-18 01:19:13 - mkk_pika - database.py:244 - INFO - 该漫画已下载章节如下
2026-09-18 01:19:13 - mkk_pika - database.py:245 - INFO - ['第1集']
2026-09-18 01:19:14 - mkk_pika - main.py:348 - INFO - ==================== 漫画信息 ====================
                                   漫画ID：5cda3e61b3202163b021feb7
                                   标题：ママ活バイブレーション (COMIC失楽天 2019年5月号)[無修正]
                                   作者：燵成
                                   是否完结：否
                                   总页数：18
                                   分类：短篇,人妻,NTR
                                   章节数：1
                                   最后更新时间：2019-05-14T04:04:49.159Z
                                   =================================================
2026-09-18 01:19:14 - mkk_pika - database.py:101 - INFO - 保存成功：ママ活バイブレーション (COMIC失楽天 2019年5月号)[無修正]
2026-09-18 01:19:14 - mkk_pika - main.py:35 - INFO - 开始检查めたもる★コーディネート～女装したらあの子になっちゃった件～ 姉編・クラスメイト編是否存在未下载章节
2026-09-18 01:19:14 - mkk_pika - main.py:45 - INFO - 正在下载:[めたもる★コーディネート～女装したらあの子になっちゃった件～ 姉編・クラスメイト編]-[TSF妄想蓄積所 (カネコナオヤ、皆月ななな)]-[['性轉換', '短篇']]-[total_pages:34]
2026-09-18 01:19:14 - mkk_pika - main.py:49 - INFO - [{'_id': '5cda9eb4b294d35bc36b3b1b', 'title': '第1集', 'order': 1, 'updated_at': '2019-05-14T06:50:17.240Z', 'id': '5cda9eb4b294d35bc36b3b1b'}]
2026-09-18 01:19:14 - mkk_pika - database.py:215 - INFO - 第一次下载该漫画，记录数据库中
2026-09-18 01:19:15 - mkk_pika - main.py:83 - INFO - 找到 34 张图片在:第1集
2026-09-18 01:19:17 - mkk_pika - main.py:112 - INFO - [episode:第1集       ] downloaded:    34, total:  34, progress:100%
2026-09-18 01:19:17 - mkk_pika - database.py:238 - INFO - 数据库更新已下载章节
2026-09-18 01:19:17 - mkk_pika - database.py:244 - INFO - 该漫画已下载章节如下
2026-09-18 01:19:17 - mkk_pika - database.py:245 - INFO - ['第1集']
2026-09-18 01:19:18 - mkk_pika - main.py:348 - INFO - ==================== 漫画信息 ====================
                                   漫画ID：5cda9eb4b294d35bc36b3b1a
                                   标题：めたもる★コーディネート～女装したらあの子になっちゃった件～ 姉編・クラスメイト編
                                   作者：TSF妄想蓄積所 (カネコナオヤ、皆月ななな)
                                   是否完结：是
                                   总页数：34
                                   分类：性轉換,短篇
                                   章节数：1
                                   最后更新时间：2019-05-14T10:55:48.616Z
                                   =================================================
2026-09-18 01:19:18 - mkk_pika - database.py:101 - INFO - 保存成功：めたもる★コーディネート～女装したらあの子になっちゃった件～ 姉編・クラスメイト編
2026-09-18 01:19:18 - mkk_pika - main.py:35 - INFO - 开始检查  BQB (クイーンズブレイド)是否存在未下载章节
2026-09-18 01:19:18 - mkk_pika - main.py:45 - INFO - 正在下载:[  BQB (クイーンズブレイド)]-[コンバットモンモン (ひらつらまさる)]-[['短篇', '同人']]-[total_pages:28]
2026-09-18 01:19:18 - mkk_pika - main.py:49 - INFO - [{'_id': '5cdaef003ac9ab4de14a1110', 'title': '第1集', 'order': 1, 'updated_at': '2019-05-13T17:58:08.576Z', 'id': '5cdaef003ac9ab4de14a1110'}]
2026-09-18 01:19:18 - mkk_pika - database.py:215 - INFO - 第一次下载该漫画，记录数据库中
2026-09-18 01:19:19 - mkk_pika - main.py:83 - INFO - 找到 28 张图片在:第1集
2026-09-18 01:19:20 - mkk_pika - main.py:112 - INFO - [episode:第1集       ] downloaded:    28, total:  28, progress:100%
2026-09-18 01:19:20 - mkk_pika - database.py:238 - INFO - 数据库更新已下载章节
2026-09-18 01:19:20 - mkk_pika - database.py:244 - INFO - 该漫画已下载章节如下
2026-09-18 01:19:20 - mkk_pika - database.py:245 - INFO - ['第1集']
2026-09-18 01:19:22 - mkk_pika - main.py:348 - INFO - ==================== 漫画信息 ====================
                                   漫画ID：5cdaef003ac9ab4de14a110f
                                   标题：  BQB (クイーンズブレイド)
                                   作者：コンバットモンモン (ひらつらまさる)
                                   是否完结：是
                                   总页数：28
                                   分类：短篇,同人
                                   章节数：1
                                   最后更新时间：2019-05-14T16:38:24.271Z
                                   =================================================
2026-09-18 01:19:22 - mkk_pika - database.py:101 - INFO - 保存成功：  BQB (クイーンズブレイド)
2026-09-18 01:19:22 - mkk_pika - main.py:35 - INFO - 开始检查 (C92)  人たらし (戦国乙女)是否存在未下载章节
2026-09-18 01:19:22 - mkk_pika - main.py:45 - INFO - 正在下载:[ (C92)  人たらし (戦国乙女)]-[虎猫亭 (アイモ)]-[['短篇', '同人']]-[total_pages:25]
2026-09-18 01:19:22 - mkk_pika - main.py:49 - INFO - [{'_id': '5cdaef496eedb103e8faf6a4', 'title': '第1集', 'order': 1, 'updated_at': '2019-05-13T18:37:40.557Z', 'id': '5cdaef496eedb103e8faf6a4'}]
2026-09-18 01:19:22 - mkk_pika - database.py:215 - INFO - 第一次下载该漫画，记录数据库中
2026-09-18 01:19:23 - mkk_pika - main.py:83 - INFO - 找到 25 张图片在:第1集
2026-09-18 01:19:24 - mkk_pika - main.py:112 - INFO - [episode:第1集       ] downloaded:    25, total:  25, progress:100%
2026-09-18 01:19:24 - mkk_pika - database.py:238 - INFO - 数据库更新已下载章节
2026-09-18 01:19:24 - mkk_pika - database.py:244 - INFO - 该漫画已下载章节如下
2026-09-18 01:19:24 - mkk_pika - database.py:245 - INFO - ['第1集']
2026-09-18 01:19:25 - mkk_pika - main.py:348 - INFO - ==================== 漫画信息 ====================
                                   漫画ID：5cdaef496eedb103e8faf6a3
                                   标题： (C92)  人たらし (戦国乙女)
                                   作者：虎猫亭 (アイモ)
                                   是否完结：是
                                   总页数：25
                                   分类：短篇,同人
                                   章节数：1
                                   最后更新时间：2019-05-14T16:39:37.429Z
                                   =================================================
2026-09-18 01:19:25 - mkk_pika - database.py:101 - INFO - 保存成功： (C92)  人たらし (戦国乙女)
2026-09-18 01:19:25 - mkk_pika - main.py:35 - INFO - 开始检查徒花是否存在未下载章节
2026-09-18 01:19:25 - mkk_pika - main.py:45 - INFO - 正在下载:[徒花]-[回転筆]-[['短篇', '人妻', 'NTR']]-[total_pages:40]
2026-09-18 01:19:25 - mkk_pika - main.py:49 - INFO - [{'_id': '5cdaef852cfda803151ea646', 'title': '第1集', 'order': 1, 'updated_at': '2019-03-22T02:53:57.788Z', 'id': '5cdaef852cfda803151ea646'}]
2026-09-18 01:19:25 - mkk_pika - database.py:215 - INFO - 第一次下载该漫画，记录数据库中
2026-09-18 01:19:26 - mkk_pika - main.py:83 - INFO - 找到 40 张图片在:第1集
2026-09-18 01:19:28 - mkk_pika - main.py:112 - INFO - [episode:第1集       ] downloaded:    40, total:  40, progress:100%
2026-09-18 01:19:28 - mkk_pika - database.py:238 - INFO - 数据库更新已下载章节
2026-09-18 01:19:28 - mkk_pika - database.py:244 - INFO - 该漫画已下载章节如下
2026-09-18 01:19:28 - mkk_pika - database.py:245 - INFO - ['第1集']
2026-09-18 01:19:29 - mkk_pika - main.py:348 - INFO - ==================== 漫画信息 ====================
                                   漫画ID：5cdaef852cfda803151ea645
                                   标题：徒花
                                   作者：回転筆
                                   是否完结：否
                                   总页数：40
                                   分类：短篇,人妻,NTR
                                   章节数：1
                                   最后更新时间：2019-05-14T16:40:37.754Z
                                   =================================================
2026-09-18 01:19:29 - mkk_pika - database.py:101 - INFO - 保存成功：徒花
2026-09-18 01:19:29 - mkk_pika - main.py:35 - INFO - 开始检查うららのまくら是否存在未下载章节
2026-09-18 01:19:30 - mkk_pika - main.py:45 - INFO - 正在下载:[うららのまくら]-[INS-mode (天凪青磁)]-[['短篇']]-[total_pages:26]
2026-09-18 01:19:30 - mkk_pika - main.py:49 - INFO - [{'_id': '5cdaf0106eedb103e8faf6c2', 'title': '第1集', 'order': 1, 'updated_at': '2019-05-14T06:48:58.414Z', 'id': '5cdaf0106eedb103e8faf6c2'}]
2026-09-18 01:19:30 - mkk_pika - database.py:215 - INFO - 第一次下载该漫画，记录数据库中
2026-09-18 01:19:30 - mkk_pika - main.py:83 - INFO - 找到 26 张图片在:第1集
2026-09-18 01:19:32 - mkk_pika - main.py:112 - INFO - [episode:第1集       ] downloaded:    26, total:  26, progress:100%
2026-09-18 01:19:32 - mkk_pika - database.py:238 - INFO - 数据库更新已下载章节
2026-09-18 01:19:32 - mkk_pika - database.py:244 - INFO - 该漫画已下载章节如下
2026-09-18 01:19:32 - mkk_pika - database.py:245 - INFO - ['第1集']
2026-09-18 01:19:33 - mkk_pika - main.py:348 - INFO - ==================== 漫画信息 ====================
                                   漫画ID：5cdaf0106eedb103e8faf6c1
                                   标题：うららのまくら
                                   作者：INS-mode (天凪青磁)
                                   是否完结：是
                                   总页数：26
                                   分类：短篇
                                   章节数：1
                                   最后更新时间：2019-05-14T16:42:56.527Z
                                   =================================================
2026-09-18 01:19:33 - mkk_pika - database.py:101 - INFO - 保存成功：うららのまくら
2026-09-18 01:19:33 - mkk_pika - main.py:35 - INFO - 开始检查My Dear是否存在未下载章节
2026-09-18 01:19:34 - mkk_pika - main.py:45 - INFO - 正在下载:[My Dear]-[ぴょん吉]-[['短篇', '全彩']]-[total_pages:6]
2026-09-18 01:19:34 - mkk_pika - main.py:49 - INFO - [{'_id': '5d317391ec644c49f6f66bfa', 'title': '第1話', 'order': 1, 'updated_at': '2019-07-18T17:30:55.189Z', 'id': '5d317391ec644c49f6f66bfa'}]
2026-09-18 01:19:34 - mkk_pika - database.py:215 - INFO - 第一次下载该漫画，记录数据库中
2026-09-18 01:19:34 - mkk_pika - main.py:83 - INFO - 找到 6 张图片在:第1話
2026-09-18 01:19:35 - mkk_pika - main.py:112 - INFO - [episode:第1話       ] downloaded:     6, total:   6, progress:100%
2026-09-18 01:19:35 - mkk_pika - database.py:238 - INFO - 数据库更新已下载章节
2026-09-18 01:19:35 - mkk_pika - database.py:244 - INFO - 该漫画已下载章节如下
2026-09-18 01:19:35 - mkk_pika - database.py:245 - INFO - ['第1話']
2026-09-18 01:19:36 - mkk_pika - main.py:348 - INFO - ==================== 漫画信息 ====================
                                   漫画ID：5cdaf02d3ac9ab4de14a1132
                                   标题：My Dear
                                   作者：ぴょん吉
                                   是否完结：是
                                   总页数：6
                                   分类：短篇,全彩
                                   章节数：1
                                   最后更新时间：2019-05-14T16:43:25.327Z
                                   =================================================
2026-09-18 01:19:36 - mkk_pika - database.py:101 - INFO - 保存成功：My Dear
2026-09-18 01:19:36 - mkk_pika - main.py:35 - INFO - 开始检查(COMIC1☆15) BRICOLA7 Hな若妻おりひめさん (ブリーチ) [中国翻訳]是否存在未下载章节
2026-09-18 01:19:36 - mkk_pika - main.py:45 - INFO - 正在下载:[(COMIC1☆15) BRICOLA7 Hな若妻おりひめさん (ブリーチ) [中国翻訳]]-[ディオゲネスクラブ (灰川ヘムレン)]-[['短篇', '同人', '人妻', 'NTR']]-[total_pages:28]
2026-09-18 01:19:36 - mkk_pika - main.py:49 - INFO - [{'_id': '5cdaf04a1f713f40bfe57ab2', 'title': '第1集', 'order': 1, 'updated_at': '2019-05-14T10:59:16.177Z', 'id': '5cdaf04a1f713f40bfe57ab2'}]
2026-09-18 01:19:36 - mkk_pika - database.py:215 - INFO - 第一次下载该漫画，记录数据库中
2026-09-18 01:19:37 - mkk_pika - main.py:83 - INFO - 找到 28 张图片在:第1集
2026-09-18 01:19:38 - mkk_pika - main.py:112 - INFO - [episode:第1集       ] downloaded:    28, total:  28, progress:100%
2026-09-18 01:19:38 - mkk_pika - database.py:238 - INFO - 数据库更新已下载章节
2026-09-18 01:19:38 - mkk_pika - database.py:244 - INFO - 该漫画已下载章节如下
2026-09-18 01:19:38 - mkk_pika - database.py:245 - INFO - ['第1集']
2026-09-18 01:19:40 - mkk_pika - main.py:348 - INFO - ==================== 漫画信息 ====================
                                   漫画ID：5cdaf04a1f713f40bfe57ab1
                                   标题：(COMIC1☆15) BRICOLA7 Hな若妻おりひめさん (ブリーチ) [中国翻訳]
                                   作者：ディオゲネスクラブ (灰川ヘムレン)
                                   是否完结：是
                                   总页数：28
                                   分类：短篇,同人,人妻,NTR
                                   章节数：1
                                   最后更新时间：2019-05-14T16:43:54.207Z
                                   =================================================
2026-09-18 01:19:40 - mkk_pika - database.py:101 - INFO - 保存成功：(COMIC1☆15) BRICOLA7 Hな若妻おりひめさん (ブリーチ) [中国翻訳]
2026-09-18 01:19:40 - mkk_pika - main.py:35 - INFO - 开始检查女子陸上部ハーレムトレーニング 女子田徑社後宮佳麗們的肉體訓練是否存在未下载章节
2026-09-18 01:19:40 - mkk_pika - main.py:45 - INFO - 正在下载:[女子陸上部ハーレムトレーニング 女子田徑社後宮佳麗們的肉體訓練]-[ぺい]-[['長篇', '純愛', '單行本', '後宮閃光', '妹妹系']]-[total_pages:207]
2026-09-18 01:19:40 - mkk_pika - main.py:49 - INFO - [{'_id': '5cdaf0e96a8c9b4c91a476e6', 'title': '後宮佳麗們的肉體單行本', 'order': 1, 'updated_at': '2019-05-09T14:30:30.066Z', 'id': '5cdaf0e96a8c9b4c91a476e6'}]
2026-09-18 01:19:40 - mkk_pika - database.py:215 - INFO - 第一次下载该漫画，记录数据库中
2026-09-18 01:19:42 - mkk_pika - main.py:83 - INFO - 找到 207 张图片在:後宮佳麗們的肉體單行本
2026-09-18 01:19:49 - mkk_pika - main.py:112 - INFO - [episode:後宮佳麗們的肉體單行本] downloaded:   207, total: 207, progress:100%
2026-09-18 01:19:49 - mkk_pika - database.py:238 - INFO - 数据库更新已下载章节
2026-09-18 01:19:49 - mkk_pika - database.py:244 - INFO - 该漫画已下载章节如下
2026-09-18 01:19:49 - mkk_pika - database.py:245 - INFO - ['後宮佳麗們的肉體單行本']
2026-09-18 01:19:51 - mkk_pika - main.py:348 - INFO - ==================== 漫画信息 ====================
                                   漫画ID：5cdaf0e96a8c9b4c91a476e5
                                   标题：女子陸上部ハーレムトレーニング 女子田徑社後宮佳麗們的肉體訓練
                                   作者：ぺい
                                   是否完结：是
                                   总页数：207
                                   分类：長篇,純愛,單行本,後宮閃光,妹妹系
                                   章节数：1
                                   最后更新时间：2019-05-14T16:46:33.658Z
                                   =================================================
2026-09-18 01:19:51 - mkk_pika - database.py:101 - INFO - 保存成功：女子陸上部ハーレムトレーニング 女子田徑社後宮佳麗們的肉體訓練
2026-09-18 01:19:51 - mkk_pika - main.py:35 - INFO - 开始检查(COMIC1☆15) マシュとえっちしましゅ2 (Fate/Grand Order) 是否存在未下载章节
2026-09-18 01:19:51 - mkk_pika - main.py:45 - INFO - 正在下载:[(COMIC1☆15) マシュとえっちしましゅ2 (Fate/Grand Order) ]-[セニマンカルタン (虎助遥人)]-[['短篇', '純愛', '同人', 'Fate']]-[total_pages:36]
2026-09-18 01:19:51 - mkk_pika - main.py:49 - INFO - [{'_id': '5cdaf11d5712e74d59f4796c', 'title': '第1集', 'order': 1, 'updated_at': '2019-05-14T13:44:11.587Z', 'id': '5cdaf11d5712e74d59f4796c'}]
2026-09-18 01:19:51 - mkk_pika - database.py:215 - INFO - 第一次下载该漫画，记录数据库中
2026-09-18 01:19:51 - mkk_pika - main.py:83 - INFO - 找到 36 张图片在:第1集
2026-09-18 01:19:53 - mkk_pika - main.py:112 - INFO - [episode:第1集       ] downloaded:    36, total:  36, progress:100%
2026-09-18 01:19:53 - mkk_pika - database.py:238 - INFO - 数据库更新已下载章节
2026-09-18 01:19:53 - mkk_pika - database.py:244 - INFO - 该漫画已下载章节如下
2026-09-18 01:19:53 - mkk_pika - database.py:245 - INFO - ['第1集']
2026-09-18 01:19:54 - mkk_pika - main.py:348 - INFO - ==================== 漫画信息 ====================
                                   漫画ID：5cdaf11d5712e74d59f4796b
                                   标题：(COMIC1☆15) マシュとえっちしましゅ2 (Fate/Grand Order) 
                                   作者：セニマンカルタン (虎助遥人)
                                   是否完结：是
                                   总页数：36
                                   分类：短篇,純愛,同人,Fate
                                   章节数：1
                                   最后更新时间：2019-05-14T16:47:25.730Z
                                   =================================================
2026-09-18 01:19:54 - mkk_pika - database.py:101 - INFO - 保存成功：(COMIC1☆15) マシュとえっちしましゅ2 (Fate/Grand Order) 
2026-09-18 01:19:54 - mkk_pika - main.py:35 - INFO - 开始检查(COMIC1☆15) サーヴァントサービスオーダー (Fate/Grand Order)是否存在未下载章节
2026-09-18 01:19:55 - mkk_pika - main.py:45 - INFO - 正在下载:[(COMIC1☆15) サーヴァントサービスオーダー (Fate/Grand Order)]-[むげん@WORKS (秋月秋名)]-[['短篇', '同人', 'Fate']]-[total_pages:50]
2026-09-18 01:19:55 - mkk_pika - main.py:49 - INFO - [{'_id': '5cd12dc99cb4ca32475031ec', 'title': '第1集', 'order': 1, 'updated_at': '2019-05-06T12:13:48.370Z', 'id': '5cd12dc99cb4ca32475031ec'}, {'_id': '5cdaf15bd37d724dbd5a22cd', 'title': '汉化', 'order': 2, 'updated_at': '2019-05-14T14:05:11.417Z', 'id': '5cdaf15bd37d724dbd5a22cd'}]
2026-09-18 01:19:55 - mkk_pika - database.py:215 - INFO - 第一次下载该漫画，记录数据库中
2026-09-18 01:19:56 - mkk_pika - main.py:83 - INFO - 找到 25 张图片在:第1集
2026-09-18 01:19:57 - mkk_pika - main.py:112 - INFO - [episode:第1集       ] downloaded:    25, total:  25, progress:100%
2026-09-18 01:19:57 - mkk_pika - database.py:238 - INFO - 数据库更新已下载章节
2026-09-18 01:19:57 - mkk_pika - database.py:244 - INFO - 该漫画已下载章节如下
2026-09-18 01:19:57 - mkk_pika - database.py:245 - INFO - ['第1集']
2026-09-18 01:19:58 - mkk_pika - main.py:83 - INFO - 找到 25 张图片在:汉化
2026-09-18 01:20:00 - mkk_pika - main.py:112 - INFO - [episode:汉化        ] downloaded:    25, total:  25, progress:100%
2026-09-18 01:20:00 - mkk_pika - database.py:238 - INFO - 数据库更新已下载章节
2026-09-18 01:20:00 - mkk_pika - database.py:244 - INFO - 该漫画已下载章节如下
2026-09-18 01:20:00 - mkk_pika - database.py:245 - INFO - ['第1集', '汉化']
2026-09-18 01:20:01 - mkk_pika - main.py:348 - INFO - ==================== 漫画信息 ====================
                                   漫画ID：5cd12dc99cb4ca32475031eb
                                   标题：(COMIC1☆15) サーヴァントサービスオーダー (Fate/Grand Order)
                                   作者：むげん@WORKS (秋月秋名)
                                   是否完结：是
                                   总页数：50
                                   分类：短篇,同人,Fate
                                   章节数：2
                                   最后更新时间：2019-05-14T16:48:27.170Z
                                   =================================================
2026-09-18 01:20:01 - mkk_pika - database.py:101 - INFO - 保存成功：(COMIC1☆15) サーヴァントサービスオーダー (Fate/Grand Order)
2026-09-18 01:20:01 - mkk_pika - main.py:35 - INFO - 开始检查黒子たんで実験マンガ是否存在未下载章节
2026-09-18 01:20:01 - mkk_pika - main.py:45 - INFO - 正在下载:[黒子たんで実験マンガ]-[Yam]-[['全彩', '同人', '短篇']]-[total_pages:11]
2026-09-18 01:20:01 - mkk_pika - main.py:49 - INFO - [{'_id': '5cdaf1a25712e74d59f47998', 'title': '第1集', 'order': 1, 'updated_at': '2019-05-14T15:07:47.613Z', 'id': '5cdaf1a25712e74d59f47998'}]
2026-09-18 01:20:01 - mkk_pika - database.py:215 - INFO - 第一次下载该漫画，记录数据库中
2026-09-18 01:20:02 - mkk_pika - main.py:83 - INFO - 找到 11 张图片在:第1集
2026-09-18 01:20:02 - mkk_pika - main.py:112 - INFO - [episode:第1集       ] downloaded:    11, total:  11, progress:100%
2026-09-18 01:20:02 - mkk_pika - database.py:238 - INFO - 数据库更新已下载章节
2026-09-18 01:20:02 - mkk_pika - database.py:244 - INFO - 该漫画已下载章节如下
2026-09-18 01:20:02 - mkk_pika - database.py:245 - INFO - ['第1集']
2026-09-18 01:20:04 - mkk_pika - main.py:348 - INFO - ==================== 漫画信息 ====================
                                   漫画ID：5cdaf1a25712e74d59f47997
                                   标题：黒子たんで実験マンガ
                                   作者：Yam
                                   是否完结：否
                                   总页数：11
                                   分类：全彩,同人,短篇
                                   章节数：1
                                   最后更新时间：2019-05-14T16:49:38.575Z
                                   =================================================
2026-09-18 01:20:04 - mkk_pika - database.py:101 - INFO - 保存成功：黒子たんで実験マンガ
2026-09-18 01:20:04 - mkk_pika - main.py:35 - INFO - 开始检查(C93) うささんのいとなみ3 [中国翻訳]是否存在未下载章节
2026-09-18 01:20:04 - mkk_pika - main.py:45 - INFO - 正在下载:[(C93) うささんのいとなみ3 [中国翻訳]]-[ロリとら!! (月嶋ゆうこ)]-[['短篇', '非人類']]-[total_pages:22]
2026-09-18 01:20:04 - mkk_pika - main.py:49 - INFO - [{'_id': '5cdaf1bc1f713f40bfe57ad6', 'title': '第1集', 'order': 1, 'updated_at': '2019-05-14T15:35:54.882Z', 'id': '5cdaf1bc1f713f40bfe57ad6'}]
2026-09-18 01:20:04 - mkk_pika - database.py:215 - INFO - 第一次下载该漫画，记录数据库中
2026-09-18 01:20:05 - mkk_pika - main.py:83 - INFO - 找到 22 张图片在:第1集
2026-09-18 01:20:06 - mkk_pika - main.py:112 - INFO - [episode:第1集       ] downloaded:    22, total:  22, progress:100%
2026-09-18 01:20:06 - mkk_pika - database.py:238 - INFO - 数据库更新已下载章节
2026-09-18 01:20:06 - mkk_pika - database.py:244 - INFO - 该漫画已下载章节如下
2026-09-18 01:20:06 - mkk_pika - database.py:245 - INFO - ['第1集']
2026-09-18 01:20:07 - mkk_pika - main.py:348 - INFO - ==================== 漫画信息 ====================
                                   漫画ID：5cdaf1bc1f713f40bfe57ad5
                                   标题：(C93) うささんのいとなみ3 [中国翻訳]
                                   作者：ロリとら!! (月嶋ゆうこ)
                                   是否完结：是
                                   总页数：22
                                   分类：短篇,非人類
                                   章节数：1
                                   最后更新时间：2019-05-14T16:50:04.375Z
                                   =================================================
2026-09-18 01:20:07 - mkk_pika - database.py:101 - INFO - 保存成功：(C93) うささんのいとなみ3 [中国翻訳]
2026-09-18 01:20:07 - mkk_pika - main.py:380 - INFO - 本次任务下载完毕
2026-09-18 01:20:07 - mkk_pika - database.py:173 - INFO - 数据库连接已关闭
