2026-09-24 01:18:55 - mkk_pika - main.py:193 - INFO - =======================================================================
2026-09-24 01:18:55 - mkk_pika - database.py:61 - INFO - 表和索引初始化成功
2026-09-24 01:18:55 - mkk_pika - main.py:197 - INFO - 已经累计下载21498本漫画
2026-09-24 01:18:55 - mkk_pika - api.py:87 - INFO - 登录成功
2026-09-24 01:18:56 - mkk_pika - main.py:203 - INFO - 收藏夹共计0本漫画
2026-09-24 01:18:56 - mkk_pika - main.py:206 - INFO - 开始下载收藏夹内未下载内容
2026-09-24 01:18:56 - mkk_pika - main.py:266 - INFO - 收藏夹内容下载完毕
2026-09-24 01:18:56 - mkk_pika - main.py:268 - INFO - 开始下载订阅内容
2026-09-24 01:18:56 - mkk_pika - database.py:258 - INFO - 根据ID查询到标题：萝莉 -> 八朔 [DL版]
2026-09-24 01:18:56 - mkk_pika - database.py:101 - INFO - 保存成功：八朔 [DL版]
2026-09-24 01:18:56 - mkk_pika - main.py:273 - INFO - 关键词萝莉找到1本漫画
2026-09-24 01:18:56 - mkk_pika - database.py:258 - INFO - 根据ID查询到标题：蘿莉 -> 信頼できる加湿器の使い方
2026-09-24 01:18:57 - mkk_pika - database.py:101 - INFO - 保存成功：チラ見せチャレンジ（AI）
2026-09-24 01:18:57 - mkk_pika - main.py:273 - INFO - 关键词蘿莉找到6本漫画
2026-09-24 01:18:57 - mkk_pika - main.py:275 - INFO - 订阅内容共计7本漫画
2026-09-24 01:18:57 - mkk_pika - main.py:35 - INFO - 开始检查おじさんとのエッチにハマっちゃった女の子| 沉迷于和大叔做爱的女孩 [中国翻訳]是否存在未下载章节
2026-09-24 01:18:57 - mkk_pika - database.py:203 - INFO - 查询数据库中是否已存在熟肉
2026-09-24 01:18:57 - mkk_pika - main.py:51 - INFO - おじさんとのエッチにハマっちゃった女の子| 沉迷于和大叔做爱的女孩 [中国翻訳]中没有可下载章节
2026-09-24 01:18:57 - mkk_pika - main.py:292 - INFO - ==================== 漫画信息 ====================
                                漫画ID：6ab29da0b060df0a51c37655
                                标题：おじさんとのエッチにハマっちゃった女の子| 沉迷于和大叔做爱的女孩 [中国翻訳]
                                作者：木小屋Me (きごみー)
                                是否完结：是
                                总页数：33
                                分类：短篇
                                章节数：1
                                最后更新时间：2026-09-22T15:24:16.617Z
                                =================================================
2026-09-24 01:18:57 - mkk_pika - database.py:101 - INFO - 保存成功：おじさんとのエッチにハマっちゃった女の子| 沉迷于和大叔做爱的女孩 [中国翻訳]
2026-09-24 01:18:57 - mkk_pika - main.py:35 - INFO - 开始检查妃咲キ乱レ 弐 | 妃咲情乱迷 贰是否存在未下载章节
2026-09-24 01:18:58 - mkk_pika - main.py:45 - INFO - 正在下载:[妃咲キ乱レ 弐 | 妃咲情乱迷 贰]-[つくてん (円つくも)]-[['短篇', '同人', '純愛']]-[total_pages:-1]
2026-09-24 01:18:58 - mkk_pika - main.py:49 - INFO - [{'_id': '6ab3f4d1e923844e0328e2dd', 'title': '熟肉', 'order': 1, 'updated_at': '2026-09-23T13:04:51.166Z', 'id': '6ab3f4d1e923844e0328e2dd'}]
2026-09-24 01:18:58 - mkk_pika - database.py:215 - INFO - 第一次下载该漫画，记录数据库中
2026-09-24 01:18:58 - mkk_pika - main.py:83 - INFO - 找到 31 张图片在:熟肉
2026-09-24 01:18:59 - mkk_pika - main.py:112 - INFO - [episode:熟肉        ] downloaded:    31, total:  31, progress:100%
2026-09-24 01:18:59 - mkk_pika - database.py:238 - INFO - 数据库更新已下载章节
2026-09-24 01:18:59 - mkk_pika - database.py:244 - INFO - 该漫画已下载章节如下
2026-09-24 01:18:59 - mkk_pika - database.py:245 - INFO - ['熟肉']
2026-09-24 01:19:01 - mkk_pika - main.py:292 - INFO - ==================== 漫画信息 ====================
                                漫画ID：6ab3f4d1e923844e0328e2dc
                                标题：妃咲キ乱レ 弐 | 妃咲情乱迷 贰
                                作者：つくてん (円つくも)
                                是否完结：是
                                总页数：31
                                分类：短篇,同人,純愛
                                章节数：1
                                最后更新时间：2026-09-23T15:48:33.256Z
                                =================================================
2026-09-24 01:19:01 - mkk_pika - database.py:101 - INFO - 保存成功：妃咲キ乱レ 弐 | 妃咲情乱迷 贰
2026-09-24 01:19:01 - mkk_pika - main.py:35 - INFO - 开始检查最推しケモ耳少女の性活日記是否存在未下载章节
2026-09-24 01:19:01 - mkk_pika - main.py:45 - INFO - 正在下载:[最推しケモ耳少女の性活日記]-[こむぎばたけ (こむぎ)]-[['短篇']]-[total_pages:-1]
2026-09-24 01:19:01 - mkk_pika - main.py:49 - INFO - [{'_id': '6ab3f49a89af494e74f94875', 'title': '第1話', 'order': 1, 'updated_at': '2026-09-23T12:45:39.485Z', 'id': '6ab3f49a89af494e74f94875'}]
2026-09-24 01:19:01 - mkk_pika - database.py:215 - INFO - 第一次下载该漫画，记录数据库中
2026-09-24 01:19:02 - mkk_pika - main.py:83 - INFO - 找到 26 张图片在:第1話
2026-09-24 01:19:03 - mkk_pika - main.py:112 - INFO - [episode:第1話       ] downloaded:    26, total:  26, progress:100%
2026-09-24 01:19:03 - mkk_pika - database.py:238 - INFO - 数据库更新已下载章节
2026-09-24 01:19:03 - mkk_pika - database.py:244 - INFO - 该漫画已下载章节如下
2026-09-24 01:19:03 - mkk_pika - database.py:245 - INFO - ['第1話']
2026-09-24 01:19:04 - mkk_pika - main.py:292 - INFO - ==================== 漫画信息 ====================
                                漫画ID：6ab3f49a89af494e74f94874
                                标题：最推しケモ耳少女の性活日記
                                作者：こむぎばたけ (こむぎ)
                                是否完结：是
                                总页数：26
                                分类：短篇
                                章节数：1
                                最后更新时间：2026-09-23T15:47:38.465Z
                                =================================================
2026-09-24 01:19:04 - mkk_pika - database.py:101 - INFO - 保存成功：最推しケモ耳少女の性活日記
2026-09-24 01:19:04 - mkk_pika - main.py:35 - INFO - 开始检查ヒミツのとっくん！是否存在未下载章节
2026-09-24 01:19:04 - mkk_pika - main.py:45 - INFO - 正在下载:[ヒミツのとっくん！]-[鷹勢優]-[['短篇', '妹妹系']]-[total_pages:-1]
2026-09-24 01:19:04 - mkk_pika - main.py:49 - INFO - [{'_id': '6ab3f28594e7407ea802e663', 'title': '第1話', 'order': 1, 'updated_at': '2026-09-23T08:21:01.638Z', 'id': '6ab3f28594e7407ea802e663'}]
2026-09-24 01:19:04 - mkk_pika - database.py:215 - INFO - 第一次下载该漫画，记录数据库中
2026-09-24 01:19:05 - mkk_pika - main.py:83 - INFO - 找到 20 张图片在:第1話
2026-09-24 01:19:06 - mkk_pika - main.py:112 - INFO - [episode:第1話       ] downloaded:    20, total:  20, progress:100%
2026-09-24 01:19:06 - mkk_pika - database.py:238 - INFO - 数据库更新已下载章节
2026-09-24 01:19:06 - mkk_pika - database.py:244 - INFO - 该漫画已下载章节如下
2026-09-24 01:19:06 - mkk_pika - database.py:245 - INFO - ['第1話']
2026-09-24 01:19:07 - mkk_pika - main.py:292 - INFO - ==================== 漫画信息 ====================
                                漫画ID：6ab3f28594e7407ea802e662
                                标题：ヒミツのとっくん！
                                作者：鷹勢優
                                是否完结：是
                                总页数：20
                                分类：短篇,妹妹系
                                章节数：1
                                最后更新时间：2026-09-23T15:38:45.985Z
                                =================================================
2026-09-24 01:19:07 - mkk_pika - database.py:101 - INFO - 保存成功：ヒミツのとっくん！
2026-09-24 01:19:07 - mkk_pika - main.py:35 - INFO - 开始检查ふたりはともだち是否存在未下载章节
2026-09-24 01:19:07 - mkk_pika - database.py:203 - INFO - 查询数据库中是否已存在第1話
2026-09-24 01:19:07 - mkk_pika - main.py:51 - INFO - ふたりはともだち中没有可下载章节
2026-09-24 01:19:07 - mkk_pika - main.py:292 - INFO - ==================== 漫画信息 ====================
                                漫画ID：6ab15cf4393b2760c7029456
                                标题：ふたりはともだち
                                作者：嶺本八美
                                是否完结：是
                                总页数：44
                                分类：短篇
                                章节数：1
                                最后更新时间：2026-09-21T16:36:04.638Z
                                =================================================
2026-09-24 01:19:07 - mkk_pika - database.py:101 - INFO - 保存成功：ふたりはともだち
2026-09-24 01:19:07 - mkk_pika - main.py:35 - INFO - 开始检查はなまる大搾精 (名探偵プリキュア！)是否存在未下载章节
2026-09-24 01:19:08 - mkk_pika - main.py:45 - INFO - 正在下载:[はなまる大搾精 (名探偵プリキュア！)]-[ビーメロクリシェ (サインこす)]-[['同人', '短篇']]-[total_pages:-1]
2026-09-24 01:19:08 - mkk_pika - main.py:49 - INFO - [{'_id': '6ab3f1ba94e7407ea802e546', 'title': '第1話', 'order': 1, 'updated_at': '2026-09-22T16:05:17.503Z', 'id': '6ab3f1ba94e7407ea802e546'}]
2026-09-24 01:19:08 - mkk_pika - database.py:215 - INFO - 第一次下载该漫画，记录数据库中
2026-09-24 01:19:08 - mkk_pika - main.py:83 - INFO - 找到 31 张图片在:第1話
2026-09-24 01:19:10 - mkk_pika - main.py:112 - INFO - [episode:第1話       ] downloaded:    31, total:  31, progress:100%
2026-09-24 01:19:10 - mkk_pika - database.py:238 - INFO - 数据库更新已下载章节
2026-09-24 01:19:10 - mkk_pika - database.py:244 - INFO - 该漫画已下载章节如下
2026-09-24 01:19:10 - mkk_pika - database.py:245 - INFO - ['第1話']
2026-09-24 01:19:11 - mkk_pika - main.py:292 - INFO - ==================== 漫画信息 ====================
                                漫画ID：6ab3f1ba94e7407ea802e545
                                标题：はなまる大搾精 (名探偵プリキュア！)
                                作者：ビーメロクリシェ (サインこす)
                                是否完结：是
                                总页数：31
                                分类：同人,短篇
                                章节数：1
                                最后更新时间：2026-09-23T15:35:22.038Z
                                =================================================
2026-09-24 01:19:11 - mkk_pika - database.py:101 - INFO - 保存成功：はなまる大搾精 (名探偵プリキュア！)
2026-09-24 01:19:11 - mkk_pika - main.py:35 - INFO - 开始检查きもちいいところのあそびかた是否存在未下载章节
2026-09-24 01:19:11 - mkk_pika - main.py:45 - INFO - 正在下载:[きもちいいところのあそびかた]-[Rev3 (もんちゃんrev3)]-[['短篇', '妹妹系']]-[total_pages:-1]
2026-09-24 01:19:11 - mkk_pika - main.py:49 - INFO - [{'_id': '6ab3f136d8a2414b01b3bf40', 'title': '第1話', 'order': 1, 'updated_at': '2026-09-22T13:45:37.310Z', 'id': '6ab3f136d8a2414b01b3bf40'}]
2026-09-24 01:19:11 - mkk_pika - database.py:215 - INFO - 第一次下载该漫画，记录数据库中
2026-09-24 01:19:12 - mkk_pika - main.py:83 - INFO - 找到 35 张图片在:第1話
2026-09-24 01:19:13 - mkk_pika - main.py:112 - INFO - [episode:第1話       ] downloaded:    35, total:  35, progress:100%
2026-09-24 01:19:13 - mkk_pika - database.py:238 - INFO - 数据库更新已下载章节
2026-09-24 01:19:13 - mkk_pika - database.py:244 - INFO - 该漫画已下载章节如下
2026-09-24 01:19:13 - mkk_pika - database.py:245 - INFO - ['第1話']
2026-09-24 01:19:14 - mkk_pika - main.py:292 - INFO - ==================== 漫画信息 ====================
                                漫画ID：6ab3f136d8a2414b01b3bf3f
                                标题：きもちいいところのあそびかた
                                作者：Rev3 (もんちゃんrev3)
                                是否完结：否
                                总页数：35
                                分类：短篇,妹妹系
                                章节数：1
                                最后更新时间：2026-09-23T15:33:10.910Z
                                =================================================
2026-09-24 01:19:14 - mkk_pika - database.py:101 - INFO - 保存成功：きもちいいところのあそびかた
2026-09-24 01:19:14 - mkk_pika - main.py:323 - INFO - 订阅内容内容下载完毕
2026-09-24 01:19:14 - mkk_pika - main.py:324 - INFO - 开始分批下载全部章节
2026-09-24 01:19:14 - mkk_pika - database.py:280 - INFO - 表和索引初始化成功
2026-09-24 01:19:14 - mkk_pika - main.py:177 - INFO - 已经下载了1674页，一共7167页，现在开始添加第1675页
2026-09-24 01:19:15 - mkk_pika - database.py:318 - INFO - 保存成功
2026-09-24 01:19:15 - mkk_pika - main.py:177 - INFO - 已经下载了1675页，一共7167页，现在开始添加第1676页
2026-09-24 01:19:16 - mkk_pika - database.py:318 - INFO - 保存成功
2026-09-24 01:19:16 - mkk_pika - main.py:177 - INFO - 已经下载了1676页，一共7167页，现在开始添加第1677页
2026-09-24 01:19:17 - mkk_pika - database.py:318 - INFO - 保存成功
2026-09-24 01:19:17 - mkk_pika - main.py:177 - INFO - 已经下载了1677页，一共7167页，现在开始添加第1678页
2026-09-24 01:19:17 - mkk_pika - database.py:318 - INFO - 保存成功
2026-09-24 01:19:19 - mkk_pika - main.py:177 - INFO - 已经下载了1678页，一共7167页，现在开始添加第1679页
2026-09-24 01:19:19 - mkk_pika - database.py:318 - INFO - 保存成功
2026-09-24 01:19:20 - mkk_pika - main.py:177 - INFO - 已经下载了1679页，一共7167页，现在开始添加第1680页
2026-09-24 01:19:20 - mkk_pika - database.py:318 - INFO - 保存成功
2026-09-24 01:19:20 - mkk_pika - main.py:177 - INFO - 已经下载了1680页，一共7167页，现在开始添加第1681页
2026-09-24 01:19:21 - mkk_pika - database.py:318 - INFO - 保存成功
2026-09-24 01:19:21 - mkk_pika - main.py:331 - INFO - 分批下载共计75本漫画
2026-09-24 01:19:21 - mkk_pika - main.py:35 - INFO - 开始检查王は皆の人気者是否存在未下载章节
2026-09-24 01:19:21 - mkk_pika - main.py:45 - INFO - 正在下载:[王は皆の人気者]-[キムチ亭 (瑠璃燕)]-[['同人', '短篇', '非人類']]-[total_pages:25]
2026-09-24 01:19:21 - mkk_pika - main.py:49 - INFO - [{'_id': '5ced0b9752c88a706444a9af', 'title': '第1集', 'order': 1, 'updated_at': '2019-05-26T16:03:09.743Z', 'id': '5ced0b9752c88a706444a9af'}]
2026-09-24 01:19:21 - mkk_pika - database.py:215 - INFO - 第一次下载该漫画，记录数据库中
2026-09-24 01:19:22 - mkk_pika - main.py:83 - INFO - 找到 25 张图片在:第1集
2026-09-24 01:19:23 - mkk_pika - main.py:112 - INFO - [episode:第1集       ] downloaded:    25, total:  25, progress:100%
2026-09-24 01:19:23 - mkk_pika - database.py:238 - INFO - 数据库更新已下载章节
2026-09-24 01:19:23 - mkk_pika - database.py:244 - INFO - 该漫画已下载章节如下
2026-09-24 01:19:23 - mkk_pika - database.py:245 - INFO - ['第1集']
2026-09-24 01:19:24 - mkk_pika - main.py:348 - INFO - ==================== 漫画信息 ====================
                                   漫画ID：5ced0b9752c88a706444a9ae
                                   标题：王は皆の人気者
                                   作者：キムチ亭 (瑠璃燕)
                                   是否完结：否
                                   总页数：25
                                   分类：同人,短篇,非人類
                                   章节数：1
                                   最后更新时间：2019-05-28T10:21:11.240Z
                                   =================================================
2026-09-24 01:19:24 - mkk_pika - database.py:101 - INFO - 保存成功：王は皆の人気者
2026-09-24 01:19:24 - mkk_pika - main.py:35 - INFO - 开始检查(BanG Dreamer's Party! 5th STAGE)  ふたりでできるもん! (BanG Dream!) [中国翻訳]是否存在未下载章节
2026-09-24 01:19:24 - mkk_pika - main.py:45 - INFO - 正在下载:[(BanG Dreamer's Party! 5th STAGE)  ふたりでできるもん! (BanG Dream!) [中国翻訳]]-[カゲ路 (唯野影吉)]-[['短篇', '扶他樂園']]-[total_pages:66]
2026-09-24 01:19:24 - mkk_pika - main.py:49 - INFO - [{'_id': '5ced0bb5f70b36705e427318', 'title': '第1集', 'order': 1, 'updated_at': '2019-05-27T17:57:50.080Z', 'id': '5ced0bb5f70b36705e427318'}]
2026-09-24 01:19:24 - mkk_pika - database.py:215 - INFO - 第一次下载该漫画，记录数据库中
2026-09-24 01:19:25 - mkk_pika - main.py:83 - INFO - 找到 66 张图片在:第1集
2026-09-24 01:19:27 - mkk_pika - main.py:112 - INFO - [episode:第1集       ] downloaded:    66, total:  66, progress:100%
2026-09-24 01:19:27 - mkk_pika - database.py:238 - INFO - 数据库更新已下载章节
2026-09-24 01:19:27 - mkk_pika - database.py:244 - INFO - 该漫画已下载章节如下
2026-09-24 01:19:27 - mkk_pika - database.py:245 - INFO - ['第1集']
2026-09-24 01:19:29 - mkk_pika - main.py:348 - INFO - ==================== 漫画信息 ====================
                                   漫画ID：5ced0bb5f70b36705e427317
                                   标题：(BanG Dreamer's Party! 5th STAGE)  ふたりでできるもん! (BanG Dream!) [中国翻訳]
                                   作者：カゲ路 (唯野影吉)
                                   是否完结：是
                                   总页数：66
                                   分类：短篇,扶他樂園
                                   章节数：1
                                   最后更新时间：2019-05-28T10:21:41.737Z
                                   =================================================
2026-09-24 01:19:29 - mkk_pika - database.py:101 - INFO - 保存成功：(BanG Dreamer's Party! 5th STAGE)  ふたりでできるもん! (BanG Dream!) [中国翻訳]
2026-09-24 01:19:29 - mkk_pika - main.py:35 - INFO - 开始检查おねえさまの虜～Step up Step sister～ (COMIC 快楽天ビースト 2019年6月号)是否存在未下载章节
2026-09-24 01:19:29 - mkk_pika - main.py:45 - INFO - 正在下载:[おねえさまの虜～Step up Step sister～ (COMIC 快楽天ビースト 2019年6月号)]-[夏桜]-[['短篇', '純愛']]-[total_pages:24]
2026-09-24 01:19:29 - mkk_pika - main.py:49 - INFO - [{'_id': '5d6017a0075e0a3139cae38d', 'title': '第1話', 'order': 1, 'updated_at': '2019-08-22T16:38:51.480Z', 'id': '5d6017a0075e0a3139cae38d'}]
2026-09-24 01:19:29 - mkk_pika - database.py:215 - INFO - 第一次下载该漫画，记录数据库中
2026-09-24 01:19:30 - mkk_pika - main.py:83 - INFO - 找到 24 张图片在:第1話
2026-09-24 01:19:31 - mkk_pika - main.py:112 - INFO - [episode:第1話       ] downloaded:    24, total:  24, progress:100%
2026-09-24 01:19:31 - mkk_pika - database.py:238 - INFO - 数据库更新已下载章节
2026-09-24 01:19:31 - mkk_pika - database.py:244 - INFO - 该漫画已下载章节如下
2026-09-24 01:19:31 - mkk_pika - database.py:245 - INFO - ['第1話']
2026-09-24 01:19:32 - mkk_pika - main.py:348 - INFO - ==================== 漫画信息 ====================
                                   漫画ID：5ced0c316ca8f8704c63a777
                                   标题：おねえさまの虜～Step up Step sister～ (COMIC 快楽天ビースト 2019年6月号)
                                   作者：夏桜
                                   是否完结：是
                                   总页数：24
                                   分类：短篇,純愛
                                   章节数：1
                                   最后更新时间：2019-05-28T10:23:45.927Z
                                   =================================================
2026-09-24 01:19:32 - mkk_pika - database.py:101 - INFO - 保存成功：おねえさまの虜～Step up Step sister～ (COMIC 快楽天ビースト 2019年6月号)
2026-09-24 01:19:32 - mkk_pika - main.py:35 - INFO - 开始检查(おかしな天使たち!) みゃ～姉乳業 (私に天使が舞い降りた!)[中国翻訳]是否存在未下载章节
2026-09-24 01:19:32 - mkk_pika - main.py:45 - INFO - 正在下载:[(おかしな天使たち!) みゃ～姉乳業 (私に天使が舞い降りた!)[中国翻訳]]-[ふらいぱん大魔王 (提灯暗光)]-[['短篇', '同人']]-[total_pages:19]
2026-09-24 01:19:32 - mkk_pika - main.py:49 - INFO - [{'_id': '5ced0c4df70b36705e42735c', 'title': '第1集', 'order': 1, 'updated_at': '2019-05-28T00:33:45.245Z', 'id': '5ced0c4df70b36705e42735c'}]
2026-09-24 01:19:32 - mkk_pika - database.py:215 - INFO - 第一次下载该漫画，记录数据库中
2026-09-24 01:19:33 - mkk_pika - main.py:83 - INFO - 找到 19 张图片在:第1集
2026-09-24 01:19:33 - mkk_pika - main.py:112 - INFO - [episode:第1集       ] downloaded:    19, total:  19, progress:100%
2026-09-24 01:19:33 - mkk_pika - database.py:238 - INFO - 数据库更新已下载章节
2026-09-24 01:19:33 - mkk_pika - database.py:244 - INFO - 该漫画已下载章节如下
2026-09-24 01:19:33 - mkk_pika - database.py:245 - INFO - ['第1集']
2026-09-24 01:19:35 - mkk_pika - main.py:348 - INFO - ==================== 漫画信息 ====================
                                   漫画ID：5ced0c4df70b36705e42735b
                                   标题：(おかしな天使たち!) みゃ～姉乳業 (私に天使が舞い降りた!)[中国翻訳]
                                   作者：ふらいぱん大魔王 (提灯暗光)
                                   是否完结：是
                                   总页数：19
                                   分类：短篇,同人
                                   章节数：1
                                   最后更新时间：2019-05-28T10:24:13.419Z
                                   =================================================
2026-09-24 01:19:35 - mkk_pika - database.py:101 - INFO - 保存成功：(おかしな天使たち!) みゃ～姉乳業 (私に天使が舞い降りた!)[中国翻訳]
2026-09-24 01:19:35 - mkk_pika - main.py:35 - INFO - 开始检查暑い日だらだら是否存在未下载章节
2026-09-24 01:19:35 - mkk_pika - main.py:45 - INFO - 正在下载:[暑い日だらだら]-[チョットだけアルヨ。]-[['短篇', '同人']]-[total_pages:32]
2026-09-24 01:19:35 - mkk_pika - main.py:49 - INFO - [{'_id': '5ced0c759489ac7052a8c662', 'title': '第1集', 'order': 1, 'updated_at': '2019-05-28T01:36:13.353Z', 'id': '5ced0c759489ac7052a8c662'}]
2026-09-24 01:19:35 - mkk_pika - database.py:215 - INFO - 第一次下载该漫画，记录数据库中
2026-09-24 01:19:36 - mkk_pika - main.py:83 - INFO - 找到 32 张图片在:第1集
2026-09-24 01:19:37 - mkk_pika - main.py:112 - INFO - [episode:第1集       ] downloaded:    32, total:  32, progress:100%
2026-09-24 01:19:37 - mkk_pika - database.py:238 - INFO - 数据库更新已下载章节
2026-09-24 01:19:37 - mkk_pika - database.py:244 - INFO - 该漫画已下载章节如下
2026-09-24 01:19:37 - mkk_pika - database.py:245 - INFO - ['第1集']
2026-09-24 01:19:38 - mkk_pika - main.py:348 - INFO - ==================== 漫画信息 ====================
                                   漫画ID：5ced0c759489ac7052a8c661
                                   标题：暑い日だらだら
                                   作者：チョットだけアルヨ。
                                   是否完结：是
                                   总页数：32
                                   分类：短篇,同人
                                   章节数：1
                                   最后更新时间：2019-05-28T10:24:53.490Z
                                   =================================================
2026-09-24 01:19:38 - mkk_pika - database.py:101 - INFO - 保存成功：暑い日だらだら
2026-09-24 01:19:38 - mkk_pika - main.py:35 - INFO - 开始检查乳魂いっぱつ! (COMIC 快楽天ビースト 2018年04月号)[无修正]是否存在未下载章节
2026-09-24 01:19:38 - mkk_pika - main.py:45 - INFO - 正在下载:[乳魂いっぱつ! (COMIC 快楽天ビースト 2018年04月号)[无修正]]-[悠木しん]-[['短篇', '純愛']]-[total_pages:22]
2026-09-24 01:19:38 - mkk_pika - main.py:49 - INFO - [{'_id': '5ced0c966ca8f8704c63a792', 'title': '第1集', 'order': 1, 'updated_at': '2019-05-28T02:46:39.872Z', 'id': '5ced0c966ca8f8704c63a792'}]
2026-09-24 01:19:38 - mkk_pika - database.py:215 - INFO - 第一次下载该漫画，记录数据库中
2026-09-24 01:19:39 - mkk_pika - main.py:83 - INFO - 找到 22 张图片在:第1集
2026-09-24 01:19:40 - mkk_pika - main.py:112 - INFO - [episode:第1集       ] downloaded:    22, total:  22, progress:100%
2026-09-24 01:19:40 - mkk_pika - database.py:238 - INFO - 数据库更新已下载章节
2026-09-24 01:19:40 - mkk_pika - database.py:244 - INFO - 该漫画已下载章节如下
2026-09-24 01:19:40 - mkk_pika - database.py:245 - INFO - ['第1集']
2026-09-24 01:19:41 - mkk_pika - main.py:348 - INFO - ==================== 漫画信息 ====================
                                   漫画ID：5ced0c966ca8f8704c63a791
                                   标题：乳魂いっぱつ! (COMIC 快楽天ビースト 2018年04月号)[无修正]
                                   作者：悠木しん
                                   是否完结：否
                                   总页数：22
                                   分类：短篇,純愛
                                   章节数：1
                                   最后更新时间：2019-05-28T10:25:26.730Z
                                   =================================================
2026-09-24 01:19:41 - mkk_pika - database.py:101 - INFO - 保存成功：乳魂いっぱつ! (COMIC 快楽天ビースト 2018年04月号)[无修正]
2026-09-24 01:19:41 - mkk_pika - main.py:35 - INFO - 开始检查歪愛(コアコレ 恥辱淫縛)是否存在未下载章节
2026-09-24 01:19:41 - mkk_pika - main.py:45 - INFO - 正在下载:[歪愛(コアコレ 恥辱淫縛)]-[荒井啓]-[['短篇']]-[total_pages:24]
2026-09-24 01:19:41 - mkk_pika - main.py:49 - INFO - [{'_id': '5ced0cc09489ac7052a8c684', 'title': '第1集', 'order': 1, 'updated_at': '2019-05-28T03:37:08.724Z', 'id': '5ced0cc09489ac7052a8c684'}]
2026-09-24 01:19:41 - mkk_pika - database.py:215 - INFO - 第一次下载该漫画，记录数据库中
2026-09-24 01:19:42 - mkk_pika - main.py:83 - INFO - 找到 24 张图片在:第1集
2026-09-24 01:19:43 - mkk_pika - main.py:112 - INFO - [episode:第1集       ] downloaded:    24, total:  24, progress:100%
2026-09-24 01:19:43 - mkk_pika - database.py:238 - INFO - 数据库更新已下载章节
2026-09-24 01:19:43 - mkk_pika - database.py:244 - INFO - 该漫画已下载章节如下
2026-09-24 01:19:43 - mkk_pika - database.py:245 - INFO - ['第1集']
2026-09-24 01:19:44 - mkk_pika - main.py:348 - INFO - ==================== 漫画信息 ====================
                                   漫画ID：5ced0cc09489ac7052a8c683
                                   标题：歪愛(コアコレ 恥辱淫縛)
                                   作者：荒井啓
                                   是否完结：是
                                   总页数：24
                                   分类：短篇
                                   章节数：1
                                   最后更新时间：2019-05-28T10:26:08.183Z
                                   =================================================
2026-09-24 01:19:44 - mkk_pika - database.py:101 - INFO - 保存成功：歪愛(コアコレ 恥辱淫縛)
2026-09-24 01:19:44 - mkk_pika - main.py:35 - INFO - 开始检查(サンクリ2019 Spring) むぎは生交尾配信とかしないしこんなにお尻デカくないんですけど!? (家長むぎ)是否存在未下载章节
2026-09-24 01:19:44 - mkk_pika - main.py:45 - INFO - 正在下载:[(サンクリ2019 Spring) むぎは生交尾配信とかしないしこんなにお尻デカくないんですけど!? (家長むぎ)]-[狼狽亭 (atahuta)]-[['短篇', '同人']]-[total_pages:18]
2026-09-24 01:19:44 - mkk_pika - main.py:49 - INFO - [{'_id': '5ced0dad6ca8f8704c63a7c4', 'title': '第1集', 'order': 1, 'updated_at': '2019-05-28T07:09:06.143Z', 'id': '5ced0dad6ca8f8704c63a7c4'}]
2026-09-24 01:19:44 - mkk_pika - database.py:215 - INFO - 第一次下载该漫画，记录数据库中
2026-09-24 01:19:45 - mkk_pika - main.py:83 - INFO - 找到 18 张图片在:第1集
2026-09-24 01:19:46 - mkk_pika - main.py:112 - INFO - [episode:第1集       ] downloaded:    18, total:  18, progress:100%
2026-09-24 01:19:46 - mkk_pika - database.py:238 - INFO - 数据库更新已下载章节
2026-09-24 01:19:46 - mkk_pika - database.py:244 - INFO - 该漫画已下载章节如下
2026-09-24 01:19:46 - mkk_pika - database.py:245 - INFO - ['第1集']
2026-09-24 01:19:47 - mkk_pika - main.py:348 - INFO - ==================== 漫画信息 ====================
                                   漫画ID：5ced0dad6ca8f8704c63a7c3
                                   标题：(サンクリ2019 Spring) むぎは生交尾配信とかしないしこんなにお尻デカくないんですけど!? (家長むぎ)
                                   作者：狼狽亭 (atahuta)
                                   是否完结：是
                                   总页数：18
                                   分类：短篇,同人
                                   章节数：1
                                   最后更新时间：2019-05-28T10:30:05.424Z
                                   =================================================
2026-09-24 01:19:47 - mkk_pika - database.py:101 - INFO - 保存成功：(サンクリ2019 Spring) むぎは生交尾配信とかしないしこんなにお尻デカくないんですけど!? (家長むぎ)
2026-09-24 01:19:47 - mkk_pika - main.py:35 - INFO - 开始检查妹のカレシにハメられた私[中国翻訳]是否存在未下载章节
2026-09-24 01:19:47 - mkk_pika - main.py:45 - INFO - 正在下载:[妹のカレシにハメられた私[中国翻訳]]-[クリムゾン]-[['短篇']]-[total_pages:71]
2026-09-24 01:19:47 - mkk_pika - main.py:49 - INFO - [{'_id': '5ced1c1d6ca8f8704c63a8b0', 'title': '第1集', 'order': 1, 'updated_at': '2019-05-28T11:06:22.714Z', 'id': '5ced1c1d6ca8f8704c63a8b0'}]
2026-09-24 01:19:47 - mkk_pika - database.py:215 - INFO - 第一次下载该漫画，记录数据库中
2026-09-24 01:19:48 - mkk_pika - main.py:83 - INFO - 找到 71 张图片在:第1集
2026-09-24 01:19:50 - mkk_pika - main.py:112 - INFO - [episode:第1集       ] downloaded:    71, total:  71, progress:100%
2026-09-24 01:19:50 - mkk_pika - database.py:238 - INFO - 数据库更新已下载章节
2026-09-24 01:19:50 - mkk_pika - database.py:244 - INFO - 该漫画已下载章节如下
2026-09-24 01:19:50 - mkk_pika - database.py:245 - INFO - ['第1集']
2026-09-24 01:19:51 - mkk_pika - main.py:348 - INFO - ==================== 漫画信息 ====================
                                   漫画ID：5ced1c1d6ca8f8704c63a8af
                                   标题：妹のカレシにハメられた私[中国翻訳]
                                   作者：クリムゾン
                                   是否完结：是
                                   总页数：71
                                   分类：短篇
                                   章节数：1
                                   最后更新时间：2019-05-28T11:31:41.236Z
                                   =================================================
2026-09-24 01:19:51 - mkk_pika - database.py:101 - INFO - 保存成功：妹のカレシにハメられた私[中国翻訳]
2026-09-24 01:19:51 - mkk_pika - main.py:35 - INFO - 开始检查(C92) しーくれっとKiss (アイドルマスター シンデレラガールズ)[中国翻訳]是否存在未下载章节
2026-09-24 01:19:51 - mkk_pika - main.py:45 - INFO - 正在下载:[(C92) しーくれっとKiss (アイドルマスター シンデレラガールズ)[中国翻訳]]-[じゃがバター (九栗おいも)]-[['同人', '短篇', '百合花園']]-[total_pages:29]
2026-09-24 01:19:51 - mkk_pika - main.py:49 - INFO - [{'_id': '5ced63286ca8f8704c63ac34', 'title': '第1集', 'order': 1, 'updated_at': '2019-05-28T11:32:06.496Z', 'id': '5ced63286ca8f8704c63ac34'}]
2026-09-24 01:19:51 - mkk_pika - database.py:215 - INFO - 第一次下载该漫画，记录数据库中
2026-09-24 01:19:52 - mkk_pika - main.py:83 - INFO - 找到 29 张图片在:第1集
2026-09-24 01:19:53 - mkk_pika - main.py:112 - INFO - [episode:第1集       ] downloaded:    29, total:  29, progress:100%
2026-09-24 01:19:53 - mkk_pika - database.py:238 - INFO - 数据库更新已下载章节
2026-09-24 01:19:53 - mkk_pika - database.py:244 - INFO - 该漫画已下载章节如下
2026-09-24 01:19:53 - mkk_pika - database.py:245 - INFO - ['第1集']
2026-09-24 01:19:54 - mkk_pika - main.py:348 - INFO - ==================== 漫画信息 ====================
                                   漫画ID：5ced63286ca8f8704c63ac33
                                   标题：(C92) しーくれっとKiss (アイドルマスター シンデレラガールズ)[中国翻訳]
                                   作者：じゃがバター (九栗おいも)
                                   是否完结：是
                                   总页数：29
                                   分类：同人,短篇,百合花園
                                   章节数：1
                                   最后更新时间：2019-05-28T16:34:48.085Z
                                   =================================================
2026-09-24 01:19:54 - mkk_pika - database.py:101 - INFO - 保存成功：(C92) しーくれっとKiss (アイドルマスター シンデレラガールズ)[中国翻訳]
2026-09-24 01:19:54 - mkk_pika - main.py:35 - INFO - 开始检查 理想の雌彼女 [中国翻訳]是否存在未下载章节
2026-09-24 01:19:55 - mkk_pika - main.py:45 - INFO - 正在下载:[ 理想の雌彼女 [中国翻訳]]-[あいかわモナコ]-[['短篇']]-[total_pages:22]
2026-09-24 01:19:55 - mkk_pika - main.py:49 - INFO - [{'_id': '5ced636952c88a706444b08c', 'title': '第1集', 'order': 1, 'updated_at': '2019-05-28T11:53:39.905Z', 'id': '5ced636952c88a706444b08c'}]
2026-09-24 01:19:55 - mkk_pika - database.py:215 - INFO - 第一次下载该漫画，记录数据库中
2026-09-24 01:19:55 - mkk_pika - main.py:83 - INFO - 找到 22 张图片在:第1集
2026-09-24 01:19:56 - mkk_pika - main.py:112 - INFO - [episode:第1集       ] downloaded:    22, total:  22, progress:100%
2026-09-24 01:19:56 - mkk_pika - database.py:238 - INFO - 数据库更新已下载章节
2026-09-24 01:19:56 - mkk_pika - database.py:244 - INFO - 该漫画已下载章节如下
2026-09-24 01:19:56 - mkk_pika - database.py:245 - INFO - ['第1集']
2026-09-24 01:19:57 - mkk_pika - main.py:348 - INFO - ==================== 漫画信息 ====================
                                   漫画ID：5ced636952c88a706444b08b
                                   标题： 理想の雌彼女 [中国翻訳]
                                   作者：あいかわモナコ
                                   是否完结：是
                                   总页数：22
                                   分类：短篇
                                   章节数：1
                                   最后更新时间：2019-05-28T16:35:53.101Z
                                   =================================================
2026-09-24 01:19:57 - mkk_pika - database.py:101 - INFO - 保存成功： 理想の雌彼女 [中国翻訳]
2026-09-24 01:19:57 - mkk_pika - main.py:35 - INFO - 开始检查突撃!隣の母乳ママ [中国翻訳]是否存在未下载章节
2026-09-24 01:19:57 - mkk_pika - main.py:45 - INFO - 正在下载:[突撃!隣の母乳ママ [中国翻訳]]-[タケママ委員会]-[['全彩', '短篇', '人妻', 'NTR']]-[total_pages:60]
2026-09-24 01:19:57 - mkk_pika - main.py:49 - INFO - [{'_id': '5ced63b452c88a706444b0a4', 'title': '第1集', 'order': 1, 'updated_at': '2019-05-28T13:49:57.165Z', 'id': '5ced63b452c88a706444b0a4'}]
2026-09-24 01:19:57 - mkk_pika - database.py:215 - INFO - 第一次下载该漫画，记录数据库中
2026-09-24 01:19:58 - mkk_pika - main.py:83 - INFO - 找到 60 张图片在:第1集
2026-09-24 01:20:00 - mkk_pika - main.py:112 - INFO - [episode:第1集       ] downloaded:    60, total:  60, progress:100%
2026-09-24 01:20:00 - mkk_pika - database.py:238 - INFO - 数据库更新已下载章节
2026-09-24 01:20:00 - mkk_pika - database.py:244 - INFO - 该漫画已下载章节如下
2026-09-24 01:20:00 - mkk_pika - database.py:245 - INFO - ['第1集']
2026-09-24 01:20:01 - mkk_pika - main.py:348 - INFO - ==================== 漫画信息 ====================
                                   漫画ID：5ced63b452c88a706444b0a3
                                   标题：突撃!隣の母乳ママ [中国翻訳]
                                   作者：タケママ委員会
                                   是否完结：是
                                   总页数：60
                                   分类：全彩,短篇,人妻,NTR
                                   章节数：1
                                   最后更新时间：2019-05-28T16:37:08.959Z
                                   =================================================
2026-09-24 01:20:01 - mkk_pika - database.py:101 - INFO - 保存成功：突撃!隣の母乳ママ [中国翻訳]
2026-09-24 01:20:01 - mkk_pika - main.py:35 - INFO - 开始检查(砲雷撃戦! よーい! 四十三戦目) TEAP (プリンセス?プリンシパル)是否存在未下载章节
2026-09-24 01:20:02 - mkk_pika - main.py:45 - INFO - 正在下载:[(砲雷撃戦! よーい! 四十三戦目) TEAP (プリンセス?プリンシパル)]-[刈り残し (つたの葉)]-[['同人', '短篇', '純愛', '百合花園']]-[total_pages:20]
2026-09-24 01:20:02 - mkk_pika - main.py:49 - INFO - [{'_id': '5ced63e452c88a706444b0f9', 'title': '第1集', 'order': 1, 'updated_at': '2019-05-28T14:35:57.704Z', 'id': '5ced63e452c88a706444b0f9'}]
2026-09-24 01:20:02 - mkk_pika - database.py:215 - INFO - 第一次下载该漫画，记录数据库中
2026-09-24 01:20:02 - mkk_pika - main.py:83 - INFO - 找到 20 张图片在:第1集
2026-09-24 01:20:03 - mkk_pika - main.py:112 - INFO - [episode:第1集       ] downloaded:    20, total:  20, progress:100%
2026-09-24 01:20:03 - mkk_pika - database.py:238 - INFO - 数据库更新已下载章节
2026-09-24 01:20:03 - mkk_pika - database.py:244 - INFO - 该漫画已下载章节如下
2026-09-24 01:20:03 - mkk_pika - database.py:245 - INFO - ['第1集']
2026-09-24 01:20:05 - mkk_pika - main.py:348 - INFO - ==================== 漫画信息 ====================
                                   漫画ID：5ced63e452c88a706444b0f8
                                   标题：(砲雷撃戦! よーい! 四十三戦目) TEAP (プリンセス?プリンシパル)
                                   作者：刈り残し (つたの葉)
                                   是否完结：否
                                   总页数：20
                                   分类：同人,短篇,純愛,百合花園
                                   章节数：1
                                   最后更新时间：2019-05-28T16:37:56.222Z
                                   =================================================
2026-09-24 01:20:05 - mkk_pika - database.py:101 - INFO - 保存成功：(砲雷撃戦! よーい! 四十三戦目) TEAP (プリンセス?プリンシパル)
2026-09-24 01:20:05 - mkk_pika - main.py:35 - INFO - 开始检查ぬら次郎的沙雕魔圆本合集（无H内容）是否存在未下载章节
2026-09-24 01:20:05 - mkk_pika - main.py:45 - INFO - 正在下载:[ぬら次郎的沙雕魔圆本合集（无H内容）]-[ぬら次郎]-[['同人', '短篇', '圓神領域']]-[total_pages:175]
2026-09-24 01:20:05 - mkk_pika - main.py:49 - INFO - [{'_id': '5ca7603dd76f945a1d3f8aa9', 'title': 'ままならぬ（不顺心）', 'order': 1, 'updated_at': '2019-04-05T02:38:56.212Z', 'id': '5ca7603dd76f945a1d3f8aa9'}, {'_id': '5ca7603dd76f945a1d3f8aaa', 'title': '叛逆円環會議', 'order': 2, 'updated_at': '2019-04-05T02:44:27.041Z', 'id': '5ca7603dd76f945a1d3f8aaa'}, {'_id': '5ca7603dd76f945a1d3f8aab', 'title': 'ゆめまくらに立つ（站在梦枕旁）', 'order': 3, 'updated_at': '2019-04-05T02:46:48.326Z', 'id': '5ca7603dd76f945a1d3f8aab'}, {'_id': '5ca8b7dcbad98959ecdfbdf0', 'title': 'わたしが恋した悪魔さん（我爱上了恶魔）', 'order': 4, 'updated_at': '2019-04-05T15:28:15.116Z', 'id': '5ca8b7dcbad98959ecdfbdf0'}, {'_id': '5cb21017c91a7a579a265b2c', 'title': '吼姆便當', 'order': 5, 'updated_at': '2019-04-13T04:48:14.858Z', 'id': '5cb21017c91a7a579a265b2c'}, {'_id': '5cb21017c91a7a579a265b2d', 'title': '天使vs恶魔', 'order': 6, 'updated_at': '2019-04-13T04:49:13.648Z', 'id': '5cb21017c91a7a579a265b2d'}, {'_id': '5cb21017c91a7a579a265b2e', 'title': '天使vs恶魔round2', 'order': 7, 'updated_at': '2019-04-13T04:49:53.408Z', 'id': '5cb21017c91a7a579a265b2e'}, {'_id': '5cb21017c91a7a579a265b2f', 'title': '两只布偶', 'order': 8, 'updated_at': '2019-04-13T04:50:28.615Z', 'id': '5cb21017c91a7a579a265b2f'}, {'_id': '5cb21017c91a7a579a265b30', 'title': '爱呦', 'order': 9, 'updated_at': '2019-04-13T04:51:07.622Z', 'id': '5cb21017c91a7a579a265b30'}, {'_id': '5cb21017c91a7a579a265b31', 'title': '发情的QB', 'order': 10, 'updated_at': '2019-04-13T04:51:43.426Z', 'id': '5cb21017c91a7a579a265b31'}, {'_id': '5cb979eb90707c7edc5e12d5', 'title': '恶魔的布丁', 'order': 11, 'updated_at': '2019-04-18T17:41:04.269Z', 'id': '5cb979eb90707c7edc5e12d5'}, {'_id': '5cb979eb90707c7edc5e12d6', 'title': '节分', 'order': 12, 'updated_at': '2019-04-18T17:41:47.373Z', 'id': '5cb979eb90707c7edc5e12d6'}, {'_id': '5cb979eb90707c7edc5e12d7', 'title': '悲伤的圆环组', 'order': 13, 'updated_at': '2019-04-18T17:42:40.517Z', 'id': '5cb979eb90707c7edc5e12d7'}, {'_id': '5ced63f46ca8f8704c63acdf', 'title': '番茄酱', 'order': 14, 'updated_at': '2019-05-28T14:46:30.510Z', 'id': '5ced63f46ca8f8704c63acdf'}]
2026-09-24 01:20:05 - mkk_pika - database.py:215 - INFO - 第一次下载该漫画，记录数据库中
2026-09-24 01:20:06 - mkk_pika - main.py:83 - INFO - 找到 17 张图片在:ままならぬ（不顺心）
2026-09-24 01:20:06 - mkk_pika - main.py:112 - INFO - [episode:ままならぬ（不顺心）] downloaded:    17, total:  17, progress:100%
2026-09-24 01:20:06 - mkk_pika - database.py:238 - INFO - 数据库更新已下载章节
2026-09-24 01:20:06 - mkk_pika - database.py:244 - INFO - 该漫画已下载章节如下
2026-09-24 01:20:06 - mkk_pika - database.py:245 - INFO - ['ままならぬ（不顺心）']
2026-09-24 01:20:08 - mkk_pika - main.py:83 - INFO - 找到 23 张图片在:叛逆円環會議
2026-09-24 01:20:08 - mkk_pika - main.py:112 - INFO - [episode:叛逆円環會議    ] downloaded:    23, total:  23, progress:100%
2026-09-24 01:20:08 - mkk_pika - database.py:238 - INFO - 数据库更新已下载章节
2026-09-24 01:20:08 - mkk_pika - database.py:244 - INFO - 该漫画已下载章节如下
2026-09-24 01:20:08 - mkk_pika - database.py:245 - INFO - ['ままならぬ（不顺心）', '叛逆円環會議']
2026-09-24 01:20:10 - mkk_pika - main.py:83 - INFO - 找到 28 张图片在:ゆめまくらに立つ（站在梦枕旁）
2026-09-24 01:20:11 - mkk_pika - main.py:112 - INFO - [episode:ゆめまくらに立つ（站在梦枕旁）] downloaded:    28, total:  28, progress:100%
2026-09-24 01:20:11 - mkk_pika - database.py:238 - INFO - 数据库更新已下载章节
2026-09-24 01:20:11 - mkk_pika - database.py:244 - INFO - 该漫画已下载章节如下
2026-09-24 01:20:11 - mkk_pika - database.py:245 - INFO - ['ままならぬ（不顺心）', '叛逆円環會議', 'ゆめまくらに立つ（站在梦枕旁）']
2026-09-24 01:20:13 - mkk_pika - main.py:83 - INFO - 找到 25 张图片在:わたしが恋した悪魔さん（我爱上了恶魔）
2026-09-24 01:20:13 - mkk_pika - main.py:112 - INFO - [episode:わたしが恋した悪魔さん（我爱上了恶魔）] downloaded:    25, total:  25, progress:100%
2026-09-24 01:20:13 - mkk_pika - database.py:238 - INFO - 数据库更新已下载章节
2026-09-24 01:20:13 - mkk_pika - database.py:244 - INFO - 该漫画已下载章节如下
2026-09-24 01:20:13 - mkk_pika - database.py:245 - INFO - ['ままならぬ（不顺心）', '叛逆円環會議', 'ゆめまくらに立つ（站在梦枕旁）', 'わたしが恋した悪魔さん（我爱上了恶魔）']
2026-09-24 01:20:15 - mkk_pika - main.py:83 - INFO - 找到 13 张图片在:吼姆便當
2026-09-24 01:20:16 - mkk_pika - main.py:112 - INFO - [episode:吼姆便當      ] downloaded:    13, total:  13, progress:100%
2026-09-24 01:20:16 - mkk_pika - database.py:238 - INFO - 数据库更新已下载章节
2026-09-24 01:20:16 - mkk_pika - database.py:244 - INFO - 该漫画已下载章节如下
2026-09-24 01:20:16 - mkk_pika - database.py:245 - INFO - ['ままならぬ（不顺心）', '叛逆円環會議', 'ゆめまくらに立つ（站在梦枕旁）', 'わたしが恋した悪魔さん（我爱上了恶魔）', '吼姆便當']
2026-09-24 01:20:17 - mkk_pika - main.py:83 - INFO - 找到 12 张图片在:天使vs恶魔
2026-09-24 01:20:18 - mkk_pika - main.py:112 - INFO - [episode:天使vs恶魔    ] downloaded:    12, total:  12, progress:100%
2026-09-24 01:20:18 - mkk_pika - database.py:238 - INFO - 数据库更新已下载章节
2026-09-24 01:20:18 - mkk_pika - database.py:244 - INFO - 该漫画已下载章节如下
2026-09-24 01:20:18 - mkk_pika - database.py:245 - INFO - ['ままならぬ（不顺心）', '叛逆円環會議', 'ゆめまくらに立つ（站在梦枕旁）', 'わたしが恋した悪魔さん（我爱上了恶魔）', '吼姆便當', '天使vs恶魔']
2026-09-24 01:20:19 - mkk_pika - main.py:83 - INFO - 找到 8 张图片在:天使vs恶魔round2
2026-09-24 01:20:19 - mkk_pika - main.py:112 - INFO - [episode:天使vs恶魔round2] downloaded:     8, total:   8, progress:100%
2026-09-24 01:20:19 - mkk_pika - database.py:238 - INFO - 数据库更新已下载章节
2026-09-24 01:20:19 - mkk_pika - database.py:244 - INFO - 该漫画已下载章节如下
2026-09-24 01:20:19 - mkk_pika - database.py:245 - INFO - ['ままならぬ（不顺心）', '叛逆円環會議', 'ゆめまくらに立つ（站在梦枕旁）', 'わたしが恋した悪魔さん（我爱上了恶魔）', '吼姆便當', '天使vs恶魔', '天使vs恶魔round2']
2026-09-24 01:20:21 - mkk_pika - main.py:83 - INFO - 找到 6 张图片在:两只布偶
2026-09-24 01:20:21 - mkk_pika - main.py:112 - INFO - [episode:两只布偶      ] downloaded:     6, total:   6, progress:100%
2026-09-24 01:20:21 - mkk_pika - database.py:238 - INFO - 数据库更新已下载章节
2026-09-24 01:20:21 - mkk_pika - database.py:244 - INFO - 该漫画已下载章节如下
2026-09-24 01:20:21 - mkk_pika - database.py:245 - INFO - ['ままならぬ（不顺心）', '叛逆円環會議', 'ゆめまくらに立つ（站在梦枕旁）', 'わたしが恋した悪魔さん（我爱上了恶魔）', '吼姆便當', '天使vs恶魔', '天使vs恶魔round2', '两只布偶']
2026-09-24 01:20:23 - mkk_pika - main.py:83 - INFO - 找到 4 张图片在:爱呦
2026-09-24 01:20:23 - mkk_pika - main.py:112 - INFO - [episode:爱呦        ] downloaded:     4, total:   4, progress:100%
2026-09-24 01:20:23 - mkk_pika - database.py:238 - INFO - 数据库更新已下载章节
2026-09-24 01:20:23 - mkk_pika - database.py:244 - INFO - 该漫画已下载章节如下
2026-09-24 01:20:23 - mkk_pika - database.py:245 - INFO - ['ままならぬ（不顺心）', '叛逆円環會議', 'ゆめまくらに立つ（站在梦枕旁）', 'わたしが恋した悪魔さん（我爱上了恶魔）', '吼姆便當', '天使vs恶魔', '天使vs恶魔round2', '两只布偶', '爱呦']
2026-09-24 01:20:24 - mkk_pika - main.py:83 - INFO - 找到 7 张图片在:发情的QB
2026-09-24 01:20:25 - mkk_pika - main.py:112 - INFO - [episode:发情的QB     ] downloaded:     7, total:   7, progress:100%
2026-09-24 01:20:25 - mkk_pika - database.py:238 - INFO - 数据库更新已下载章节
2026-09-24 01:20:25 - mkk_pika - database.py:244 - INFO - 该漫画已下载章节如下
2026-09-24 01:20:25 - mkk_pika - database.py:245 - INFO - ['ままならぬ（不顺心）', '叛逆円環會議', 'ゆめまくらに立つ（站在梦枕旁）', 'わたしが恋した悪魔さん（我爱上了恶魔）', '吼姆便當', '天使vs恶魔', '天使vs恶魔round2', '两只布偶', '爱呦', '发情的QB']
2026-09-24 01:20:26 - mkk_pika - main.py:83 - INFO - 找到 7 张图片在:恶魔的布丁
2026-09-24 01:20:26 - mkk_pika - main.py:112 - INFO - [episode:恶魔的布丁     ] downloaded:     7, total:   7, progress:100%
2026-09-24 01:20:26 - mkk_pika - database.py:238 - INFO - 数据库更新已下载章节
2026-09-24 01:20:26 - mkk_pika - database.py:244 - INFO - 该漫画已下载章节如下
2026-09-24 01:20:26 - mkk_pika - database.py:245 - INFO - ['ままならぬ（不顺心）', '叛逆円環會議', 'ゆめまくらに立つ（站在梦枕旁）', 'わたしが恋した悪魔さん（我爱上了恶魔）', '吼姆便當', '天使vs恶魔', '天使vs恶魔round2', '两只布偶', '爱呦', '发情的QB', '恶魔的布丁']
2026-09-24 01:20:28 - mkk_pika - main.py:83 - INFO - 找到 7 张图片在:节分
2026-09-24 01:20:28 - mkk_pika - main.py:112 - INFO - [episode:节分        ] downloaded:     7, total:   7, progress:100%
2026-09-24 01:20:28 - mkk_pika - database.py:238 - INFO - 数据库更新已下载章节
2026-09-24 01:20:28 - mkk_pika - database.py:244 - INFO - 该漫画已下载章节如下
2026-09-24 01:20:28 - mkk_pika - database.py:245 - INFO - ['ままならぬ（不顺心）', '叛逆円環會議', 'ゆめまくらに立つ（站在梦枕旁）', 'わたしが恋した悪魔さん（我爱上了恶魔）', '吼姆便當', '天使vs恶魔', '天使vs恶魔round2', '两只布偶', '爱呦', '发情的QB', '恶魔的布丁', '节分']
2026-09-24 01:20:30 - mkk_pika - main.py:83 - INFO - 找到 7 张图片在:悲伤的圆环组
2026-09-24 01:20:30 - mkk_pika - main.py:112 - INFO - [episode:悲伤的圆环组    ] downloaded:     7, total:   7, progress:100%
2026-09-24 01:20:30 - mkk_pika - database.py:238 - INFO - 数据库更新已下载章节
2026-09-24 01:20:30 - mkk_pika - database.py:244 - INFO - 该漫画已下载章节如下
2026-09-24 01:20:30 - mkk_pika - database.py:245 - INFO - ['ままならぬ（不顺心）', '叛逆円環會議', 'ゆめまくらに立つ（站在梦枕旁）', 'わたしが恋した悪魔さん（我爱上了恶魔）', '吼姆便當', '天使vs恶魔', '天使vs恶魔round2', '两只布偶', '爱呦', '发情的QB', '恶魔的布丁', '节分', '悲伤的圆环组']
2026-09-24 01:20:32 - mkk_pika - main.py:83 - INFO - 找到 11 张图片在:番茄酱
2026-09-24 01:20:32 - mkk_pika - main.py:112 - INFO - [episode:番茄酱       ] downloaded:    11, total:  11, progress:100%
2026-09-24 01:20:32 - mkk_pika - database.py:238 - INFO - 数据库更新已下载章节
2026-09-24 01:20:32 - mkk_pika - database.py:244 - INFO - 该漫画已下载章节如下
2026-09-24 01:20:32 - mkk_pika - database.py:245 - INFO - ['ままならぬ（不顺心）', '叛逆円環會議', 'ゆめまくらに立つ（站在梦枕旁）', 'わたしが恋した悪魔さん（我爱上了恶魔）', '吼姆便當', '天使vs恶魔', '天使vs恶魔round2', '两只布偶', '爱呦', '发情的QB', '恶魔的布丁', '节分', '悲伤的圆环组', '番茄酱']
2026-09-24 01:20:34 - mkk_pika - main.py:348 - INFO - ==================== 漫画信息 ====================
                                   漫画ID：5ca7603dd76f945a1d3f8aa8
                                   标题：ぬら次郎的沙雕魔圆本合集（无H内容）
                                   作者：ぬら次郎
                                   是否完结：否
                                   总页数：175
                                   分类：同人,短篇,圓神領域
                                   章节数：14
                                   最后更新时间：2019-05-28T16:38:12.771Z
                                   =================================================
2026-09-24 01:20:34 - mkk_pika - database.py:101 - INFO - 保存成功：ぬら次郎的沙雕魔圆本合集（无H内容）
2026-09-24 01:20:34 - mkk_pika - main.py:35 - INFO - 开始检查(C89) 直葉ちゃん交姦日記 (ソードアート・オンライン) [中国翻訳]是否存在未下载章节
2026-09-24 01:20:34 - mkk_pika - main.py:45 - INFO - 正在下载:[(C89) 直葉ちゃん交姦日記 (ソードアート・オンライン) [中国翻訳]]-[waterwheel (白田太)]-[['短篇', '同人', 'SAO 刀劍神域']]-[total_pages:18]
2026-09-24 01:20:34 - mkk_pika - main.py:49 - INFO - [{'_id': '5ced64206ca8f8704c63ad00', 'title': '第1集', 'order': 1, 'updated_at': '2019-05-28T15:14:09.522Z', 'id': '5ced64206ca8f8704c63ad00'}]
2026-09-24 01:20:34 - mkk_pika - database.py:215 - INFO - 第一次下载该漫画，记录数据库中
2026-09-24 01:20:35 - mkk_pika - main.py:83 - INFO - 找到 18 张图片在:第1集
2026-09-24 01:20:35 - mkk_pika - main.py:112 - INFO - [episode:第1集       ] downloaded:    18, total:  18, progress:100%
2026-09-24 01:20:35 - mkk_pika - database.py:238 - INFO - 数据库更新已下载章节
2026-09-24 01:20:35 - mkk_pika - database.py:244 - INFO - 该漫画已下载章节如下
2026-09-24 01:20:35 - mkk_pika - database.py:245 - INFO - ['第1集']
2026-09-24 01:20:37 - mkk_pika - main.py:348 - INFO - ==================== 漫画信息 ====================
                                   漫画ID：5ced64206ca8f8704c63acff
                                   标题：(C89) 直葉ちゃん交姦日記 (ソードアート・オンライン) [中国翻訳]
                                   作者：waterwheel (白田太)
                                   是否完结：是
                                   总页数：18
                                   分类：短篇,同人,SAO 刀劍神域
                                   章节数：1
                                   最后更新时间：2019-05-28T16:38:56.966Z
                                   =================================================
2026-09-24 01:20:37 - mkk_pika - database.py:101 - INFO - 保存成功：(C89) 直葉ちゃん交姦日記 (ソードアート・オンライン) [中国翻訳]
2026-09-24 01:20:37 - mkk_pika - main.py:35 - INFO - 开始检查 (C95)全身コンドーム ドスケベ婦長の定期検診 (Fate/Grand Order) [中国翻訳]是否存在未下载章节
2026-09-24 01:20:37 - mkk_pika - main.py:45 - INFO - 正在下载:[ (C95)全身コンドーム ドスケベ婦長の定期検診 (Fate/Grand Order) [中国翻訳]]-[武蔵堂 (ムサシノセカイ)]-[['短篇', '同人', '純愛', '扶他樂園', 'Fate']]-[total_pages:6]
2026-09-24 01:20:37 - mkk_pika - main.py:49 - INFO - [{'_id': '5cee28c36ca8f8704c63ae26', 'title': '第1集', 'order': 1, 'updated_at': '2019-05-28T16:46:13.314Z', 'id': '5cee28c36ca8f8704c63ae26'}]
2026-09-24 01:20:37 - mkk_pika - database.py:215 - INFO - 第一次下载该漫画，记录数据库中
2026-09-24 01:20:38 - mkk_pika - main.py:83 - INFO - 找到 6 张图片在:第1集
2026-09-24 01:20:38 - mkk_pika - main.py:112 - INFO - [episode:第1集       ] downloaded:     6, total:   6, progress:100%
2026-09-24 01:20:38 - mkk_pika - database.py:238 - INFO - 数据库更新已下载章节
2026-09-24 01:20:38 - mkk_pika - database.py:244 - INFO - 该漫画已下载章节如下
2026-09-24 01:20:38 - mkk_pika - database.py:245 - INFO - ['第1集']
2026-09-24 01:20:39 - mkk_pika - main.py:348 - INFO - ==================== 漫画信息 ====================
                                   漫画ID：5cee28c36ca8f8704c63ae25
                                   标题： (C95)全身コンドーム ドスケベ婦長の定期検診 (Fate/Grand Order) [中国翻訳]
                                   作者：武蔵堂 (ムサシノセカイ)
                                   是否完结：是
                                   总页数：6
                                   分类：短篇,同人,純愛,扶他樂園,Fate
                                   章节数：1
                                   最后更新时间：2019-05-29T06:37:55.350Z
                                   =================================================
2026-09-24 01:20:39 - mkk_pika - database.py:101 - INFO - 保存成功： (C95)全身コンドーム ドスケベ婦長の定期検診 (Fate/Grand Order) [中国翻訳]
2026-09-24 01:20:39 - mkk_pika - main.py:35 - INFO - 开始检查催眠家庭教師の淫行2 是否存在未下载章节
2026-09-24 01:20:39 - mkk_pika - main.py:45 - INFO - 正在下载:[催眠家庭教師の淫行2 ]-[せみもぐら (由家)]-[['同人', '短篇']]-[total_pages:21]
2026-09-24 01:20:39 - mkk_pika - main.py:49 - INFO - [{'_id': '5cee2a376ca8f8704c63ae2f', 'title': '第1集', 'order': 1, 'updated_at': '2019-05-29T03:16:30.132Z', 'id': '5cee2a376ca8f8704c63ae2f'}]
2026-09-24 01:20:39 - mkk_pika - database.py:215 - INFO - 第一次下载该漫画，记录数据库中
2026-09-24 01:20:40 - mkk_pika - main.py:83 - INFO - 找到 21 张图片在:第1集
2026-09-24 01:20:41 - mkk_pika - main.py:112 - INFO - [episode:第1集       ] downloaded:    21, total:  21, progress:100%
2026-09-24 01:20:41 - mkk_pika - database.py:238 - INFO - 数据库更新已下载章节
2026-09-24 01:20:41 - mkk_pika - database.py:244 - INFO - 该漫画已下载章节如下
2026-09-24 01:20:41 - mkk_pika - database.py:245 - INFO - ['第1集']
2026-09-24 01:20:42 - mkk_pika - main.py:348 - INFO - ==================== 漫画信息 ====================
                                   漫画ID：5cee2a376ca8f8704c63ae2e
                                   标题：催眠家庭教師の淫行2 
                                   作者：せみもぐら (由家)
                                   是否完结：是
                                   总页数：21
                                   分类：同人,短篇
                                   章节数：1
                                   最后更新时间：2019-05-29T06:44:07.058Z
                                   =================================================
2026-09-24 01:20:42 - mkk_pika - database.py:101 - INFO - 保存成功：催眠家庭教師の淫行2 
2026-09-24 01:20:42 - mkk_pika - main.py:35 - INFO - 开始检查里守ハイラ淫法帖是否存在未下载章节
2026-09-24 01:20:43 - mkk_pika - main.py:45 - INFO - 正在下载:[里守ハイラ淫法帖]-[VOLVOX (おぽこむ)]-[['短篇']]-[total_pages:29]
2026-09-24 01:20:43 - mkk_pika - main.py:49 - INFO - [{'_id': '5cee2a47f70b36705e427c62', 'title': '第1集', 'order': 1, 'updated_at': '2019-05-29T03:19:56.601Z', 'id': '5cee2a47f70b36705e427c62'}]
2026-09-24 01:20:43 - mkk_pika - database.py:215 - INFO - 第一次下载该漫画，记录数据库中
2026-09-24 01:20:43 - mkk_pika - main.py:83 - INFO - 找到 29 张图片在:第1集
2026-09-24 01:20:44 - mkk_pika - main.py:112 - INFO - [episode:第1集       ] downloaded:    29, total:  29, progress:100%
2026-09-24 01:20:44 - mkk_pika - database.py:238 - INFO - 数据库更新已下载章节
2026-09-24 01:20:44 - mkk_pika - database.py:244 - INFO - 该漫画已下载章节如下
2026-09-24 01:20:44 - mkk_pika - database.py:245 - INFO - ['第1集']
2026-09-24 01:20:46 - mkk_pika - main.py:348 - INFO - ==================== 漫画信息 ====================
                                   漫画ID：5cee2a47f70b36705e427c61
                                   标题：里守ハイラ淫法帖
                                   作者：VOLVOX (おぽこむ)
                                   是否完结：是
                                   总页数：29
                                   分类：短篇
                                   章节数：1
                                   最后更新时间：2019-05-29T06:44:23.241Z
                                   =================================================
2026-09-24 01:20:46 - mkk_pika - database.py:101 - INFO - 保存成功：里守ハイラ淫法帖
2026-09-24 01:20:46 - mkk_pika - main.py:35 - INFO - 开始检查(COMIC1☆12) 恋する大悪魔 (ガヴリールドロップアウト是否存在未下载章节
2026-09-24 01:20:46 - mkk_pika - main.py:45 - INFO - 正在下载:[(COMIC1☆12) 恋する大悪魔 (ガヴリールドロップアウト]-[もすきーと音。 (ぐれーともす)]-[['同人', '短篇']]-[total_pages:56]
2026-09-24 01:20:46 - mkk_pika - main.py:49 - INFO - [{'_id': '59f2858ea4f2084a8902e4f5', 'title': '第1集', 'order': 1, 'updated_at': '2017-10-26T20:07:53.239Z', 'id': '59f2858ea4f2084a8902e4f5'}, {'_id': '5cee2a5352c88a706444b351', 'title': '无修', 'order': 2, 'updated_at': '2019-05-29T03:44:36.661Z', 'id': '5cee2a5352c88a706444b351'}]
2026-09-24 01:20:46 - mkk_pika - database.py:215 - INFO - 第一次下载该漫画，记录数据库中
2026-09-24 01:20:46 - mkk_pika - main.py:83 - INFO - 找到 28 张图片在:第1集
2026-09-24 01:20:47 - mkk_pika - main.py:112 - INFO - [episode:第1集       ] downloaded:    28, total:  28, progress:100%
2026-09-24 01:20:47 - mkk_pika - database.py:238 - INFO - 数据库更新已下载章节
2026-09-24 01:20:47 - mkk_pika - database.py:244 - INFO - 该漫画已下载章节如下
2026-09-24 01:20:47 - mkk_pika - database.py:245 - INFO - ['第1集']
2026-09-24 01:20:49 - mkk_pika - main.py:83 - INFO - 找到 28 张图片在:无修
2026-09-24 01:20:50 - mkk_pika - main.py:112 - INFO - [episode:无修        ] downloaded:    28, total:  28, progress:100%
2026-09-24 01:20:50 - mkk_pika - database.py:238 - INFO - 数据库更新已下载章节
2026-09-24 01:20:50 - mkk_pika - database.py:244 - INFO - 该漫画已下载章节如下
2026-09-24 01:20:50 - mkk_pika - database.py:245 - INFO - ['第1集', '无修']
2026-09-24 01:20:51 - mkk_pika - main.py:348 - INFO - ==================== 漫画信息 ====================
                                   漫画ID：59f2858ea4f2084a8902e4f4
                                   标题：(COMIC1☆12) 恋する大悪魔 (ガヴリールドロップアウト
                                   作者：もすきーと音。 (ぐれーともす)
                                   是否完结：是
                                   总页数：56
                                   分类：同人,短篇
                                   章节数：2
                                   最后更新时间：2019-05-29T06:44:35.648Z
                                   =================================================
2026-09-24 01:20:51 - mkk_pika - database.py:101 - INFO - 保存成功：(COMIC1☆12) 恋する大悪魔 (ガヴリールドロップアウト
2026-09-24 01:20:51 - mkk_pika - main.py:35 - INFO - 开始检查再会ホスピタル (COMIC快楽天ビースト 2018年6月号)[無修正]是否存在未下载章节
2026-09-24 01:20:52 - mkk_pika - main.py:45 - INFO - 正在下载:[再会ホスピタル (COMIC快楽天ビースト 2018年6月号)[無修正]]-[羽月ユウト]-[['短篇', '純愛']]-[total_pages:18]
2026-09-24 01:20:52 - mkk_pika - main.py:49 - INFO - [{'_id': '5cee2a6c52c88a706444b3b2', 'title': '第1集', 'order': 1, 'updated_at': '2019-05-29T05:02:34.431Z', 'id': '5cee2a6c52c88a706444b3b2'}]
2026-09-24 01:20:52 - mkk_pika - database.py:215 - INFO - 第一次下载该漫画，记录数据库中
2026-09-24 01:20:52 - mkk_pika - main.py:83 - INFO - 找到 18 张图片在:第1集
2026-09-24 01:20:53 - mkk_pika - main.py:112 - INFO - [episode:第1集       ] downloaded:    18, total:  18, progress:100%
2026-09-24 01:20:53 - mkk_pika - database.py:238 - INFO - 数据库更新已下载章节
2026-09-24 01:20:53 - mkk_pika - database.py:244 - INFO - 该漫画已下载章节如下
2026-09-24 01:20:53 - mkk_pika - database.py:245 - INFO - ['第1集']
2026-09-24 01:20:54 - mkk_pika - main.py:348 - INFO - ==================== 漫画信息 ====================
                                   漫画ID：5cee2a6c52c88a706444b3b1
                                   标题：再会ホスピタル (COMIC快楽天ビースト 2018年6月号)[無修正]
                                   作者：羽月ユウト
                                   是否完结：否
                                   总页数：18
                                   分类：短篇,純愛
                                   章节数：1
                                   最后更新时间：2019-05-29T06:45:00.234Z
                                   =================================================
2026-09-24 01:20:54 - mkk_pika - database.py:101 - INFO - 保存成功：再会ホスピタル (COMIC快楽天ビースト 2018年6月号)[無修正]
2026-09-24 01:20:54 - mkk_pika - main.py:35 - INFO - 开始检查(C94) エプロンガハマさんは欲情中。 (やはり俺の青春ラブコメはまちがっている。) [中国翻訳]是否存在未下载章节
2026-09-24 01:20:55 - mkk_pika - main.py:45 - INFO - 正在下载:[(C94) エプロンガハマさんは欲情中。 (やはり俺の青春ラブコメはまちがっている。) [中国翻訳]]-[studio A (稲鳴四季)]-[['短篇', '純愛', '同人']]-[total_pages:28]
2026-09-24 01:20:55 - mkk_pika - main.py:49 - INFO - [{'_id': '5cee99f66ca8f8704c63b5b6', 'title': '第1集', 'order': 1, 'updated_at': '2019-05-29T11:30:46.846Z', 'id': '5cee99f66ca8f8704c63b5b6'}]
2026-09-24 01:20:55 - mkk_pika - database.py:215 - INFO - 第一次下载该漫画，记录数据库中
2026-09-24 01:20:55 - mkk_pika - main.py:83 - INFO - 找到 28 张图片在:第1集
2026-09-24 01:20:56 - mkk_pika - main.py:112 - INFO - [episode:第1集       ] downloaded:    28, total:  28, progress:100%
2026-09-24 01:20:56 - mkk_pika - database.py:238 - INFO - 数据库更新已下载章节
2026-09-24 01:20:56 - mkk_pika - database.py:244 - INFO - 该漫画已下载章节如下
2026-09-24 01:20:56 - mkk_pika - database.py:245 - INFO - ['第1集']
2026-09-24 01:20:57 - mkk_pika - main.py:348 - INFO - ==================== 漫画信息 ====================
                                   漫画ID：5cee99f66ca8f8704c63b5b5
                                   标题：(C94) エプロンガハマさんは欲情中。 (やはり俺の青春ラブコメはまちがっている。) [中国翻訳]
                                   作者：studio A (稲鳴四季)
                                   是否完结：是
                                   总页数：28
                                   分类：短篇,純愛,同人
                                   章节数：1
                                   最后更新时间：2019-05-29T14:40:54.158Z
                                   =================================================
2026-09-24 01:20:57 - mkk_pika - database.py:101 - INFO - 保存成功：(C94) エプロンガハマさんは欲情中。 (やはり俺の青春ラブコメはまちがっている。) [中国翻訳]
2026-09-24 01:20:57 - mkk_pika - main.py:35 - INFO - 开始检查 同罪者 (COMIC 快楽天 2019年3月号) [中国翻訳] [DL版]是否存在未下载章节
2026-09-24 01:20:57 - mkk_pika - main.py:45 - INFO - 正在下载:[ 同罪者 (COMIC 快楽天 2019年3月号) [中国翻訳] [DL版]]-[ぼーかん]-[['短篇']]-[total_pages:20]
2026-09-24 01:20:57 - mkk_pika - main.py:49 - INFO - [{'_id': '5cee9a5a6ca8f8704c63b5d4', 'title': '第1集', 'order': 1, 'updated_at': '2019-05-29T12:08:40.837Z', 'id': '5cee9a5a6ca8f8704c63b5d4'}]
2026-09-24 01:20:57 - mkk_pika - database.py:215 - INFO - 第一次下载该漫画，记录数据库中
2026-09-24 01:20:58 - mkk_pika - main.py:83 - INFO - 找到 20 张图片在:第1集
2026-09-24 01:20:59 - mkk_pika - main.py:112 - INFO - [episode:第1集       ] downloaded:    20, total:  20, progress:100%
2026-09-24 01:20:59 - mkk_pika - database.py:238 - INFO - 数据库更新已下载章节
2026-09-24 01:20:59 - mkk_pika - database.py:244 - INFO - 该漫画已下载章节如下
2026-09-24 01:20:59 - mkk_pika - database.py:245 - INFO - ['第1集']
2026-09-24 01:21:00 - mkk_pika - main.py:348 - INFO - ==================== 漫画信息 ====================
                                   漫画ID：5cee9a5a6ca8f8704c63b5d3
                                   标题： 同罪者 (COMIC 快楽天 2019年3月号) [中国翻訳] [DL版]
                                   作者：ぼーかん
                                   是否完结：是
                                   总页数：20
                                   分类：短篇
                                   章节数：1
                                   最后更新时间：2019-05-29T14:42:34.497Z
                                   =================================================
2026-09-24 01:21:00 - mkk_pika - database.py:101 - INFO - 保存成功： 同罪者 (COMIC 快楽天 2019年3月号) [中国翻訳] [DL版]
2026-09-24 01:21:00 - mkk_pika - main.py:35 - INFO - 开始检查(C91)  COSBITCH! Marked-girls Origin Vol.1 (艦隊これくしょん -艦これ-) [中国翻訳]是否存在未下载章节
2026-09-24 01:21:00 - mkk_pika - main.py:45 - INFO - 正在下载:[(C91)  COSBITCH! Marked-girls Origin Vol.1 (艦隊これくしょん -艦これ-) [中国翻訳]]-[Marked-two(スガヒデオ)]-[['短篇', '同人', '艦隊收藏']]-[total_pages:27]
2026-09-24 01:21:00 - mkk_pika - main.py:49 - INFO - [{'_id': '5cee9aa46ca8f8704c63b611', 'title': '第1集', 'order': 1, 'updated_at': '2019-05-29T12:28:25.676Z', 'id': '5cee9aa46ca8f8704c63b611'}]
2026-09-24 01:21:00 - mkk_pika - database.py:215 - INFO - 第一次下载该漫画，记录数据库中
2026-09-24 01:21:01 - mkk_pika - main.py:83 - INFO - 找到 27 张图片在:第1集
2026-09-24 01:21:02 - mkk_pika - main.py:112 - INFO - [episode:第1集       ] downloaded:    27, total:  27, progress:100%
2026-09-24 01:21:02 - mkk_pika - database.py:238 - INFO - 数据库更新已下载章节
2026-09-24 01:21:02 - mkk_pika - database.py:244 - INFO - 该漫画已下载章节如下
2026-09-24 01:21:02 - mkk_pika - database.py:245 - INFO - ['第1集']
2026-09-24 01:21:03 - mkk_pika - main.py:348 - INFO - ==================== 漫画信息 ====================
                                   漫画ID：5cee9aa46ca8f8704c63b610
                                   标题：(C91)  COSBITCH! Marked-girls Origin Vol.1 (艦隊これくしょん -艦これ-) [中国翻訳]
                                   作者：Marked-two(スガヒデオ)
                                   是否完结：是
                                   总页数：27
                                   分类：短篇,同人,艦隊收藏
                                   章节数：1
                                   最后更新时间：2019-05-29T14:43:48.450Z
                                   =================================================
2026-09-24 01:21:03 - mkk_pika - database.py:101 - INFO - 保存成功：(C91)  COSBITCH! Marked-girls Origin Vol.1 (艦隊これくしょん -艦これ-) [中国翻訳]
2026-09-24 01:21:03 - mkk_pika - main.py:35 - INFO - 开始检查(COMIC1☆15) Chris Luck Overflow 2 (この素晴らしい世界に祝福を!) [中国翻訳]是否存在未下载章节
2026-09-24 01:21:04 - mkk_pika - main.py:45 - INFO - 正在下载:[(COMIC1☆15) Chris Luck Overflow 2 (この素晴らしい世界に祝福を!) [中国翻訳]]-[AERIAL RAVE (Jacky)]-[['短篇', '同人', '強暴']]-[total_pages:26]
2026-09-24 01:21:04 - mkk_pika - main.py:49 - INFO - [{'_id': '5cee9b3b6ca8f8704c63b73e', 'title': '第1集', 'order': 1, 'updated_at': '2019-05-29T12:45:24.442Z', 'id': '5cee9b3b6ca8f8704c63b73e'}]
2026-09-24 01:21:04 - mkk_pika - database.py:215 - INFO - 第一次下载该漫画，记录数据库中
2026-09-24 01:21:04 - mkk_pika - main.py:83 - INFO - 找到 26 张图片在:第1集
2026-09-24 01:21:05 - mkk_pika - main.py:112 - INFO - [episode:第1集       ] downloaded:    26, total:  26, progress:100%
2026-09-24 01:21:05 - mkk_pika - database.py:238 - INFO - 数据库更新已下载章节
2026-09-24 01:21:05 - mkk_pika - database.py:244 - INFO - 该漫画已下载章节如下
2026-09-24 01:21:05 - mkk_pika - database.py:245 - INFO - ['第1集']
2026-09-24 01:21:07 - mkk_pika - main.py:348 - INFO - ==================== 漫画信息 ====================
                                   漫画ID：5cee9b3b6ca8f8704c63b73d
                                   标题：(COMIC1☆15) Chris Luck Overflow 2 (この素晴らしい世界に祝福を!) [中国翻訳]
                                   作者：AERIAL RAVE (Jacky)
                                   是否完结：是
                                   总页数：26
                                   分类：短篇,同人,強暴
                                   章节数：1
                                   最后更新时间：2019-05-29T14:46:19.359Z
                                   =================================================
2026-09-24 01:21:07 - mkk_pika - database.py:101 - INFO - 保存成功：(COMIC1☆15) Chris Luck Overflow 2 (この素晴らしい世界に祝福を!) [中国翻訳]
2026-09-24 01:21:07 - mkk_pika - main.py:35 - INFO - 开始检查オタくんとギャル子ちゃん  (COMIC アンスリウム 2018年10月号) [中国翻訳] [DL版]是否存在未下载章节
2026-09-24 01:21:07 - mkk_pika - main.py:45 - INFO - 正在下载:[オタくんとギャル子ちゃん  (COMIC アンスリウム 2018年10月号) [中国翻訳] [DL版]]-[おかゆさん]-[['短篇']]-[total_pages:54]
2026-09-24 01:21:07 - mkk_pika - main.py:49 - INFO - [{'_id': '5ced63a5f70b36705e427987', 'title': '前編', 'order': 1, 'updated_at': '2019-05-29T14:46:39.651Z', 'id': '5ced63a5f70b36705e427987'}, {'_id': '5cee9b4f6ca8f8704c63b759', 'title': '中篇', 'order': 2, 'updated_at': '2019-05-29T11:21:36.939Z', 'id': '5cee9b4f6ca8f8704c63b759'}, {'_id': '5cee9b4f6ca8f8704c63b75a', 'title': '后篇', 'order': 3, 'updated_at': '2019-05-29T13:04:58.398Z', 'id': '5cee9b4f6ca8f8704c63b75a'}]
2026-09-24 01:21:07 - mkk_pika - database.py:215 - INFO - 第一次下载该漫画，记录数据库中
2026-09-24 01:21:08 - mkk_pika - main.py:83 - INFO - 找到 16 张图片在:前編
2026-09-24 01:21:09 - mkk_pika - main.py:112 - INFO - [episode:前編        ] downloaded:    16, total:  16, progress:100%
2026-09-24 01:21:09 - mkk_pika - database.py:238 - INFO - 数据库更新已下载章节
2026-09-24 01:21:09 - mkk_pika - database.py:244 - INFO - 该漫画已下载章节如下
2026-09-24 01:21:09 - mkk_pika - database.py:245 - INFO - ['前編']
2026-09-24 01:21:11 - mkk_pika - main.py:83 - INFO - 找到 18 张图片在:中篇
2026-09-24 01:21:11 - mkk_pika - main.py:112 - INFO - [episode:中篇        ] downloaded:    18, total:  18, progress:100%
2026-09-24 01:21:11 - mkk_pika - database.py:238 - INFO - 数据库更新已下载章节
2026-09-24 01:21:11 - mkk_pika - database.py:244 - INFO - 该漫画已下载章节如下
2026-09-24 01:21:11 - mkk_pika - database.py:245 - INFO - ['前編', '中篇']
2026-09-24 01:21:13 - mkk_pika - main.py:83 - INFO - 找到 20 张图片在:后篇
2026-09-24 01:21:13 - mkk_pika - main.py:112 - INFO - [episode:后篇        ] downloaded:    20, total:  20, progress:100%
2026-09-24 01:21:13 - mkk_pika - database.py:238 - INFO - 数据库更新已下载章节
2026-09-24 01:21:13 - mkk_pika - database.py:244 - INFO - 该漫画已下载章节如下
2026-09-24 01:21:13 - mkk_pika - database.py:245 - INFO - ['前編', '中篇', '后篇']
2026-09-24 01:21:15 - mkk_pika - main.py:348 - INFO - ==================== 漫画信息 ====================
                                   漫画ID：5ced63a5f70b36705e427986
                                   标题：オタくんとギャル子ちゃん  (COMIC アンスリウム 2018年10月号) [中国翻訳] [DL版]
                                   作者：おかゆさん
                                   是否完结：是
                                   总页数：54
                                   分类：短篇
                                   章节数：3
                                   最后更新时间：2019-05-29T14:46:39.644Z
                                   =================================================
2026-09-24 01:21:15 - mkk_pika - database.py:101 - INFO - 保存成功：オタくんとギャル子ちゃん  (COMIC アンスリウム 2018年10月号) [中国翻訳] [DL版]
2026-09-24 01:21:15 - mkk_pika - main.py:35 - INFO - 开始检查(C95) 召喚された女の子は皆ふたなり改造されちゃう弊カルデア (Fate Grand Order)是否存在未下载章节
2026-09-24 01:21:15 - mkk_pika - main.py:45 - INFO - 正在下载:[(C95) 召喚された女の子は皆ふたなり改造されちゃう弊カルデア (Fate Grand Order)]-[水中ホワイト (かるぴ)]-[['短篇', '同人', '扶他樂園', 'Fate']]-[total_pages:38]
2026-09-24 01:21:15 - mkk_pika - main.py:49 - INFO - [{'_id': '5c5d4887ad486f7e5da2b073', 'title': '第1集', 'order': 1, 'updated_at': '2019-01-31T21:56:35.063Z', 'id': '5c5d4887ad486f7e5da2b073'}, {'_id': '5cee9b929489ac7052a8e642', 'title': '汉化', 'order': 2, 'updated_at': '2019-05-29T13:10:07.165Z', 'id': '5cee9b929489ac7052a8e642'}]
2026-09-24 01:21:15 - mkk_pika - database.py:215 - INFO - 第一次下载该漫画，记录数据库中
2026-09-24 01:21:16 - mkk_pika - main.py:83 - INFO - 找到 18 张图片在:第1集
2026-09-24 01:21:16 - mkk_pika - main.py:112 - INFO - [episode:第1集       ] downloaded:    18, total:  18, progress:100%
2026-09-24 01:21:16 - mkk_pika - database.py:238 - INFO - 数据库更新已下载章节
2026-09-24 01:21:16 - mkk_pika - database.py:244 - INFO - 该漫画已下载章节如下
2026-09-24 01:21:16 - mkk_pika - database.py:245 - INFO - ['第1集']
2026-09-24 01:21:18 - mkk_pika - main.py:83 - INFO - 找到 20 张图片在:汉化
2026-09-24 01:21:18 - mkk_pika - main.py:112 - INFO - [episode:汉化        ] downloaded:    20, total:  20, progress:100%
2026-09-24 01:21:18 - mkk_pika - database.py:238 - INFO - 数据库更新已下载章节
2026-09-24 01:21:18 - mkk_pika - database.py:244 - INFO - 该漫画已下载章节如下
2026-09-24 01:21:18 - mkk_pika - database.py:245 - INFO - ['第1集', '汉化']
2026-09-24 01:21:20 - mkk_pika - main.py:348 - INFO - ==================== 漫画信息 ====================
                                   漫画ID：5c5d4887ad486f7e5da2b072
                                   标题：(C95) 召喚された女の子は皆ふたなり改造されちゃう弊カルデア (Fate Grand Order)
                                   作者：水中ホワイト (かるぴ)
                                   是否完结：是
                                   总页数：38
                                   分类：短篇,同人,扶他樂園,Fate
                                   章节数：2
                                   最后更新时间：2019-05-29T14:47:46.690Z
                                   =================================================
2026-09-24 01:21:20 - mkk_pika - database.py:101 - INFO - 保存成功：(C95) 召喚された女の子は皆ふたなり改造されちゃう弊カルデア (Fate Grand Order)
2026-09-24 01:21:20 - mkk_pika - main.py:35 - INFO - 开始检查 双星神姬 エレクシャール 是否存在未下载章节
2026-09-24 01:21:20 - mkk_pika - main.py:45 - INFO - 正在下载:[ 双星神姬 エレクシャール ]-[かるぴ]-[['短篇', '扶他樂園', '非人類']]-[total_pages:12]
2026-09-24 01:21:20 - mkk_pika - main.py:49 - INFO - [{'_id': '5cee9bb3f70b36705e4285f0', 'title': '第1集', 'order': 1, 'updated_at': '2019-05-29T13:33:37.455Z', 'id': '5cee9bb3f70b36705e4285f0'}]
2026-09-24 01:21:20 - mkk_pika - database.py:215 - INFO - 第一次下载该漫画，记录数据库中
2026-09-24 01:21:21 - mkk_pika - main.py:83 - INFO - 找到 12 张图片在:第1集
2026-09-24 01:21:21 - mkk_pika - main.py:112 - INFO - [episode:第1集       ] downloaded:    12, total:  12, progress:100%
2026-09-24 01:21:21 - mkk_pika - database.py:238 - INFO - 数据库更新已下载章节
2026-09-24 01:21:21 - mkk_pika - database.py:244 - INFO - 该漫画已下载章节如下
2026-09-24 01:21:21 - mkk_pika - database.py:245 - INFO - ['第1集']
2026-09-24 01:21:22 - mkk_pika - main.py:348 - INFO - ==================== 漫画信息 ====================
                                   漫画ID：5cee9bb3f70b36705e4285ef
                                   标题： 双星神姬 エレクシャール 
                                   作者：かるぴ
                                   是否完结：是
                                   总页数：12
                                   分类：短篇,扶他樂園,非人類
                                   章节数：1
                                   最后更新时间：2019-05-29T14:48:19.043Z
                                   =================================================
2026-09-24 01:21:22 - mkk_pika - database.py:101 - INFO - 保存成功： 双星神姬 エレクシャール 
2026-09-24 01:21:22 - mkk_pika - main.py:35 - INFO - 开始检查(C66)  メイ・ウォンはすごい中原の覇者 (カレイドスター) [中国翻訳]是否存在未下载章节
2026-09-24 01:21:23 - mkk_pika - main.py:45 - INFO - 正在下载:[(C66)  メイ・ウォンはすごい中原の覇者 (カレイドスター) [中国翻訳]]-[JUMBOMAX (石原そうか)]-[['短篇', '同人']]-[total_pages:31]
2026-09-24 01:21:23 - mkk_pika - main.py:49 - INFO - [{'_id': '5cee9c1152c88a706444ba42', 'title': '第1集', 'order': 1, 'updated_at': '2019-05-29T13:54:59.688Z', 'id': '5cee9c1152c88a706444ba42'}]
2026-09-24 01:21:23 - mkk_pika - database.py:215 - INFO - 第一次下载该漫画，记录数据库中
2026-09-24 01:21:23 - mkk_pika - main.py:83 - INFO - 找到 31 张图片在:第1集
2026-09-24 01:21:24 - mkk_pika - main.py:112 - INFO - [episode:第1集       ] downloaded:    31, total:  31, progress:100%
2026-09-24 01:21:24 - mkk_pika - database.py:238 - INFO - 数据库更新已下载章节
2026-09-24 01:21:24 - mkk_pika - database.py:244 - INFO - 该漫画已下载章节如下
2026-09-24 01:21:24 - mkk_pika - database.py:245 - INFO - ['第1集']
2026-09-24 01:21:26 - mkk_pika - main.py:348 - INFO - ==================== 漫画信息 ====================
                                   漫画ID：5cee9c1152c88a706444ba41
                                   标题：(C66)  メイ・ウォンはすごい中原の覇者 (カレイドスター) [中国翻訳]
                                   作者：JUMBOMAX (石原そうか)
                                   是否完结：是
                                   总页数：31
                                   分类：短篇,同人
                                   章节数：1
                                   最后更新时间：2019-05-29T14:49:53.097Z
                                   =================================================
2026-09-24 01:21:26 - mkk_pika - database.py:101 - INFO - 保存成功：(C66)  メイ・ウォンはすごい中原の覇者 (カレイドスター) [中国翻訳]
2026-09-24 01:21:26 - mkk_pika - main.py:35 - INFO - 开始检查せんぱい、○○しましょうか？ (COMIC 快楽天 2018年2月号) [無修正]是否存在未下载章节
2026-09-24 01:21:26 - mkk_pika - main.py:45 - INFO - 正在下载:[せんぱい、○○しましょうか？ (COMIC 快楽天 2018年2月号) [無修正]]-[さくま司]-[['短篇', '純愛']]-[total_pages:19]
2026-09-24 01:21:26 - mkk_pika - main.py:49 - INFO - [{'_id': '5cee9c7652c88a706444ba79', 'title': '第1集', 'order': 1, 'updated_at': '2019-05-29T14:19:11.691Z', 'id': '5cee9c7652c88a706444ba79'}]
2026-09-24 01:21:26 - mkk_pika - database.py:215 - INFO - 第一次下载该漫画，记录数据库中
2026-09-24 01:21:27 - mkk_pika - main.py:83 - INFO - 找到 19 张图片在:第1集
2026-09-24 01:21:27 - mkk_pika - main.py:112 - INFO - [episode:第1集       ] downloaded:    19, total:  19, progress:100%
2026-09-24 01:21:27 - mkk_pika - database.py:238 - INFO - 数据库更新已下载章节
2026-09-24 01:21:27 - mkk_pika - database.py:244 - INFO - 该漫画已下载章节如下
2026-09-24 01:21:27 - mkk_pika - database.py:245 - INFO - ['第1集']
2026-09-24 01:21:29 - mkk_pika - main.py:348 - INFO - ==================== 漫画信息 ====================
                                   漫画ID：5cee9c7652c88a706444ba78
                                   标题：せんぱい、○○しましょうか？ (COMIC 快楽天 2018年2月号) [無修正]
                                   作者：さくま司
                                   是否完结：否
                                   总页数：19
                                   分类：短篇,純愛
                                   章节数：1
                                   最后更新时间：2019-05-29T14:51:34.208Z
                                   =================================================
2026-09-24 01:21:29 - mkk_pika - database.py:101 - INFO - 保存成功：せんぱい、○○しましょうか？ (COMIC 快楽天 2018年2月号) [無修正]
2026-09-24 01:21:29 - mkk_pika - main.py:35 - INFO - 开始检查 ボウニュウ＆シスターズ (ガールズ&パンツァー) [中国翻訳] [DL版]是否存在未下载章节
2026-09-24 01:21:29 - mkk_pika - main.py:45 - INFO - 正在下载:[ ボウニュウ＆シスターズ (ガールズ&パンツァー) [中国翻訳] [DL版]]-[ぷちオタ落描き ]-[['短篇', '同人']]-[total_pages:14]
2026-09-24 01:21:29 - mkk_pika - main.py:49 - INFO - [{'_id': '5ceea9606ca8f8704c63c769', 'title': '第1集', 'order': 1, 'updated_at': '2019-05-29T14:51:26.712Z', 'id': '5ceea9606ca8f8704c63c769'}]
2026-09-24 01:21:29 - mkk_pika - database.py:215 - INFO - 第一次下载该漫画，记录数据库中
2026-09-24 01:21:29 - mkk_pika - main.py:83 - INFO - 找到 14 张图片在:第1集
2026-09-24 01:21:30 - mkk_pika - main.py:112 - INFO - [episode:第1集       ] downloaded:    14, total:  14, progress:100%
2026-09-24 01:21:30 - mkk_pika - database.py:238 - INFO - 数据库更新已下载章节
2026-09-24 01:21:30 - mkk_pika - database.py:244 - INFO - 该漫画已下载章节如下
2026-09-24 01:21:30 - mkk_pika - database.py:245 - INFO - ['第1集']
2026-09-24 01:21:32 - mkk_pika - main.py:348 - INFO - ==================== 漫画信息 ====================
                                   漫画ID：5ceea9606ca8f8704c63c768
                                   标题： ボウニュウ＆シスターズ (ガールズ&パンツァー) [中国翻訳] [DL版]
                                   作者：ぷちオタ落描き 
                                   是否完结：是
                                   总页数：14
                                   分类：短篇,同人
                                   章节数：1
                                   最后更新时间：2019-05-29T15:46:40.569Z
                                   =================================================
2026-09-24 01:21:32 - mkk_pika - database.py:101 - INFO - 保存成功： ボウニュウ＆シスターズ (ガールズ&パンツァー) [中国翻訳] [DL版]
2026-09-24 01:21:32 - mkk_pika - main.py:35 - INFO - 开始检查Poppy Love (League of Legends)是否存在未下载章节
2026-09-24 01:21:32 - mkk_pika - main.py:45 - INFO - 正在下载:[Poppy Love (League of Legends)]-[Kinom]-[['同人', '短篇', '妹妹系', '純愛']]-[total_pages:25]
2026-09-24 01:21:32 - mkk_pika - main.py:49 - INFO - [{'_id': '5cef8fb452c88a706444c25d', 'title': '第1集', 'order': 1, 'updated_at': '2019-05-29T13:10:42.342Z', 'id': '5cef8fb452c88a706444c25d'}]
2026-09-24 01:21:32 - mkk_pika - database.py:215 - INFO - 第一次下载该漫画，记录数据库中
2026-09-24 01:21:33 - mkk_pika - main.py:83 - INFO - 找到 25 张图片在:第1集
2026-09-24 01:21:34 - mkk_pika - main.py:112 - INFO - [episode:第1集       ] downloaded:    25, total:  25, progress:100%
2026-09-24 01:21:34 - mkk_pika - database.py:238 - INFO - 数据库更新已下载章节
2026-09-24 01:21:34 - mkk_pika - database.py:244 - INFO - 该漫画已下载章节如下
2026-09-24 01:21:34 - mkk_pika - database.py:245 - INFO - ['第1集']
2026-09-24 01:21:35 - mkk_pika - main.py:348 - INFO - ==================== 漫画信息 ====================
                                   漫画ID：5cef8fb452c88a706444c25c
                                   标题：Poppy Love (League of Legends)
                                   作者：Kinom
                                   是否完结：是
                                   总页数：25
                                   分类：同人,短篇,妹妹系,純愛
                                   章节数：1
                                   最后更新时间：2019-05-30T08:09:24.399Z
                                   =================================================
2026-09-24 01:21:35 - mkk_pika - database.py:101 - INFO - 保存成功：Poppy Love (League of Legends)
2026-09-24 01:21:35 - mkk_pika - main.py:35 - INFO - 开始检查(C80) 南の島で危機100発 (魔法少女リリカルなのは) [中国翻訳]是否存在未下载章节
2026-09-24 01:21:36 - mkk_pika - main.py:45 - INFO - 正在下载:[(C80) 南の島で危機100発 (魔法少女リリカルなのは) [中国翻訳]]-[メタボ喫茶異臭騒ぎ (いたちょう、カキコ)]-[['短篇', '同人', '強暴']]-[total_pages:41]
2026-09-24 01:21:36 - mkk_pika - main.py:49 - INFO - [{'_id': '5cef8ff752c88a706444c278', 'title': '第1集', 'order': 1, 'updated_at': '2019-05-29T16:07:11.790Z', 'id': '5cef8ff752c88a706444c278'}]
2026-09-24 01:21:36 - mkk_pika - database.py:215 - INFO - 第一次下载该漫画，记录数据库中
2026-09-24 01:21:36 - mkk_pika - main.py:83 - INFO - 找到 41 张图片在:第1集
2026-09-24 01:21:38 - mkk_pika - main.py:112 - INFO - [episode:第1集       ] downloaded:    41, total:  41, progress:100%
2026-09-24 01:21:38 - mkk_pika - database.py:238 - INFO - 数据库更新已下载章节
2026-09-24 01:21:38 - mkk_pika - database.py:244 - INFO - 该漫画已下载章节如下
2026-09-24 01:21:38 - mkk_pika - database.py:245 - INFO - ['第1集']
2026-09-24 01:21:39 - mkk_pika - main.py:348 - INFO - ==================== 漫画信息 ====================
                                   漫画ID：5cef8ff752c88a706444c277
                                   标题：(C80) 南の島で危機100発 (魔法少女リリカルなのは) [中国翻訳]
                                   作者：メタボ喫茶異臭騒ぎ (いたちょう、カキコ)
                                   是否完结：是
                                   总页数：41
                                   分类：短篇,同人,強暴
                                   章节数：1
                                   最后更新时间：2019-05-30T08:10:31.466Z
                                   =================================================
2026-09-24 01:21:39 - mkk_pika - database.py:101 - INFO - 保存成功：(C80) 南の島で危機100発 (魔法少女リリカルなのは) [中国翻訳]
2026-09-24 01:21:39 - mkk_pika - main.py:35 - INFO - 开始检查新魔王に捕まった三人是否存在未下载章节
2026-09-24 01:21:40 - mkk_pika - main.py:45 - INFO - 正在下载:[新魔王に捕まった三人]-[Dining]-[['短篇', '非人類']]-[total_pages:25]
2026-09-24 01:21:40 - mkk_pika - main.py:49 - INFO - [{'_id': '5cef90196ca8f8704c63cef5', 'title': '第1集', 'order': 1, 'updated_at': '2019-05-29T16:54:50.616Z', 'id': '5cef90196ca8f8704c63cef5'}]
2026-09-24 01:21:40 - mkk_pika - database.py:215 - INFO - 第一次下载该漫画，记录数据库中
2026-09-24 01:21:40 - mkk_pika - main.py:83 - INFO - 找到 25 张图片在:第1集
2026-09-24 01:21:41 - mkk_pika - main.py:112 - INFO - [episode:第1集       ] downloaded:    25, total:  25, progress:100%
2026-09-24 01:21:41 - mkk_pika - database.py:238 - INFO - 数据库更新已下载章节
2026-09-24 01:21:41 - mkk_pika - database.py:244 - INFO - 该漫画已下载章节如下
2026-09-24 01:21:41 - mkk_pika - database.py:245 - INFO - ['第1集']
2026-09-24 01:21:42 - mkk_pika - main.py:348 - INFO - ==================== 漫画信息 ====================
                                   漫画ID：5cef90196ca8f8704c63cef4
                                   标题：新魔王に捕まった三人
                                   作者：Dining
                                   是否完结：是
                                   总页数：25
                                   分类：短篇,非人類
                                   章节数：1
                                   最后更新时间：2019-05-30T08:11:05.256Z
                                   =================================================
2026-09-24 01:21:42 - mkk_pika - database.py:101 - INFO - 保存成功：新魔王に捕まった三人
2026-09-24 01:21:42 - mkk_pika - main.py:35 - INFO - 开始检查 今夜だけは傍にいなさいっ (明るく楽しくキモチよく) [中国翻訳]是否存在未下载章节
2026-09-24 01:21:43 - mkk_pika - main.py:45 - INFO - 正在下载:[ 今夜だけは傍にいなさいっ (明るく楽しくキモチよく) [中国翻訳]]-[メネア・ザ・ドッグ]-[['短篇']]-[total_pages:80]
2026-09-24 01:21:43 - mkk_pika - main.py:49 - INFO - [{'_id': '5cef912ef70b36705e428d9f', 'title': '第1集', 'order': 1, 'updated_at': '2019-05-29T17:16:34.993Z', 'id': '5cef912ef70b36705e428d9f'}, {'_id': '5cef912ef70b36705e428da0', 'title': 'いつだって傍にいなさい', 'order': 2, 'updated_at': '2019-05-29T21:49:37.665Z', 'id': '5cef912ef70b36705e428da0'}, {'_id': '5cef912ef70b36705e428da1', 'title': 'これからも傍にいなさい', 'order': 3, 'updated_at': '2019-05-29T21:41:55.462Z', 'id': '5cef912ef70b36705e428da1'}]
2026-09-24 01:21:43 - mkk_pika - database.py:215 - INFO - 第一次下载该漫画，记录数据库中
2026-09-24 01:21:43 - mkk_pika - main.py:83 - INFO - 找到 29 张图片在:第1集
2026-09-24 01:21:44 - mkk_pika - main.py:112 - INFO - [episode:第1集       ] downloaded:    29, total:  29, progress:100%
2026-09-24 01:21:44 - mkk_pika - database.py:238 - INFO - 数据库更新已下载章节
2026-09-24 01:21:44 - mkk_pika - database.py:244 - INFO - 该漫画已下载章节如下
2026-09-24 01:21:44 - mkk_pika - database.py:245 - INFO - ['第1集']
2026-09-24 01:21:46 - mkk_pika - main.py:83 - INFO - 找到 24 张图片在:いつだって傍にいなさい
2026-09-24 01:21:47 - mkk_pika - main.py:112 - INFO - [episode:いつだって傍にいなさい] downloaded:    24, total:  24, progress:100%
2026-09-24 01:21:47 - mkk_pika - database.py:238 - INFO - 数据库更新已下载章节
2026-09-24 01:21:47 - mkk_pika - database.py:244 - INFO - 该漫画已下载章节如下
2026-09-24 01:21:47 - mkk_pika - database.py:245 - INFO - ['第1集', 'いつだって傍にいなさい']
2026-09-24 01:21:48 - mkk_pika - main.py:83 - INFO - 找到 27 张图片在:これからも傍にいなさい
2026-09-24 01:21:49 - mkk_pika - main.py:112 - INFO - [episode:これからも傍にいなさい] downloaded:    27, total:  27, progress:100%
2026-09-24 01:21:49 - mkk_pika - database.py:238 - INFO - 数据库更新已下载章节
2026-09-24 01:21:49 - mkk_pika - database.py:244 - INFO - 该漫画已下载章节如下
2026-09-24 01:21:49 - mkk_pika - database.py:245 - INFO - ['第1集', 'いつだって傍にいなさい', 'これからも傍にいなさい']
2026-09-24 01:21:51 - mkk_pika - main.py:348 - INFO - ==================== 漫画信息 ====================
                                   漫画ID：5cef912ef70b36705e428d9e
                                   标题： 今夜だけは傍にいなさいっ (明るく楽しくキモチよく) [中国翻訳]
                                   作者：メネア・ザ・ドッグ
                                   是否完结：是
                                   总页数：80
                                   分类：短篇
                                   章节数：3
                                   最后更新时间：2019-05-30T08:15:42.479Z
                                   =================================================
2026-09-24 01:21:51 - mkk_pika - database.py:101 - INFO - 保存成功： 今夜だけは傍にいなさいっ (明るく楽しくキモチよく) [中国翻訳]
2026-09-24 01:21:51 - mkk_pika - main.py:35 - INFO - 开始检查けもかのばなし2是否存在未下载章节
2026-09-24 01:21:51 - mkk_pika - main.py:45 - INFO - 正在下载:[けもかのばなし2]-[マボ（moffle）]-[['短篇', '純愛', '非人類']]-[total_pages:32]
2026-09-24 01:21:51 - mkk_pika - main.py:49 - INFO - [{'_id': '5cefa0059489ac7052a8efb1', 'title': '第1集', 'order': 1, 'updated_at': '2019-05-30T07:20:03.710Z', 'id': '5cefa0059489ac7052a8efb1'}]
2026-09-24 01:21:51 - mkk_pika - database.py:215 - INFO - 第一次下载该漫画，记录数据库中
2026-09-24 01:21:52 - mkk_pika - main.py:83 - INFO - 找到 32 张图片在:第1集
2026-09-24 01:21:53 - mkk_pika - main.py:112 - INFO - [episode:第1集       ] downloaded:    32, total:  32, progress:100%
2026-09-24 01:21:53 - mkk_pika - database.py:238 - INFO - 数据库更新已下载章节
2026-09-24 01:21:53 - mkk_pika - database.py:244 - INFO - 该漫画已下载章节如下
2026-09-24 01:21:53 - mkk_pika - database.py:245 - INFO - ['第1集']
2026-09-24 01:21:54 - mkk_pika - main.py:348 - INFO - ==================== 漫画信息 ====================
                                   漫画ID：5cefa0059489ac7052a8efb0
                                   标题：けもかのばなし2
                                   作者：マボ（moffle）
                                   是否完结：是
                                   总页数：32
                                   分类：短篇,純愛,非人類
                                   章节数：1
                                   最后更新时间：2019-05-30T09:19:01.321Z
                                   =================================================
2026-09-24 01:21:54 - mkk_pika - database.py:101 - INFO - 保存成功：けもかのばなし2
2026-09-24 01:21:54 - mkk_pika - main.py:35 - INFO - 开始检查スカサハちゃんといっしょ是否存在未下载章节
2026-09-24 01:21:54 - mkk_pika - main.py:45 - INFO - 正在下载:[スカサハちゃんといっしょ]-[ami-だぶつ]-[['短篇', '同人', '純愛', 'Fate']]-[total_pages:54]
2026-09-24 01:21:54 - mkk_pika - main.py:49 - INFO - [{'_id': '5cebb2b64d846e7f2f91a12f', 'title': '第1集', 'order': 1, 'updated_at': '2019-05-25T11:10:04.639Z', 'id': '5cebb2b64d846e7f2f91a12f'}, {'_id': '5cefa04952c88a706444c465', 'title': '汉化', 'order': 2, 'updated_at': '2019-05-30T08:09:10.901Z', 'id': '5cefa04952c88a706444c465'}]
2026-09-24 01:21:54 - mkk_pika - database.py:215 - INFO - 第一次下载该漫画，记录数据库中
2026-09-24 01:21:55 - mkk_pika - main.py:83 - INFO - 找到 26 张图片在:第1集
2026-09-24 01:21:56 - mkk_pika - main.py:112 - INFO - [episode:第1集       ] downloaded:    26, total:  26, progress:100%
2026-09-24 01:21:56 - mkk_pika - database.py:238 - INFO - 数据库更新已下载章节
2026-09-24 01:21:56 - mkk_pika - database.py:244 - INFO - 该漫画已下载章节如下
2026-09-24 01:21:56 - mkk_pika - database.py:245 - INFO - ['第1集']
2026-09-24 01:21:57 - mkk_pika - main.py:83 - INFO - 找到 28 张图片在:汉化
2026-09-24 01:21:58 - mkk_pika - main.py:112 - INFO - [episode:汉化        ] downloaded:    28, total:  28, progress:100%
2026-09-24 01:21:58 - mkk_pika - database.py:238 - INFO - 数据库更新已下载章节
2026-09-24 01:21:58 - mkk_pika - database.py:244 - INFO - 该漫画已下载章节如下
2026-09-24 01:21:58 - mkk_pika - database.py:245 - INFO - ['第1集', '汉化']
2026-09-24 01:22:00 - mkk_pika - main.py:348 - INFO - ==================== 漫画信息 ====================
                                   漫画ID：5cebb2b64d846e7f2f91a12e
                                   标题：スカサハちゃんといっしょ
                                   作者：ami-だぶつ
                                   是否完结：是
                                   总页数：54
                                   分类：短篇,同人,純愛,Fate
                                   章节数：2
                                   最后更新时间：2019-05-30T09:20:09.094Z
                                   =================================================
2026-09-24 01:22:00 - mkk_pika - database.py:101 - INFO - 保存成功：スカサハちゃんといっしょ
2026-09-24 01:22:00 - mkk_pika - main.py:35 - INFO - 开始检查ナツカゼ！ NATUKAZE!是否存在未下载章节
2026-09-24 01:22:00 - mkk_pika - main.py:45 - INFO - 正在下载:[ナツカゼ！ NATUKAZE!]-[関西オレンジ (荒井啓)]-[['長篇']]-[total_pages:191]
2026-09-24 01:22:00 - mkk_pika - main.py:49 - INFO - [{'_id': '5cefac116ca8f8704c63d344', 'title': '第1集', 'order': 1, 'updated_at': '2019-05-30T04:53:08.598Z', 'id': '5cefac116ca8f8704c63d344'}, {'_id': '5cefac116ca8f8704c63d345', 'title': '第2集', 'order': 2, 'updated_at': '2019-05-30T04:56:58.309Z', 'id': '5cefac116ca8f8704c63d345'}, {'_id': '5cefac116ca8f8704c63d346', 'title': '第3集', 'order': 3, 'updated_at': '2019-05-30T05:03:19.245Z', 'id': '5cefac116ca8f8704c63d346'}, {'_id': '5cefac116ca8f8704c63d347', 'title': '第4集', 'order': 4, 'updated_at': '2019-05-30T05:06:44.674Z', 'id': '5cefac116ca8f8704c63d347'}, {'_id': '5cefac116ca8f8704c63d348', 'title': '第5集', 'order': 5, 'updated_at': '2019-05-30T05:08:12.830Z', 'id': '5cefac116ca8f8704c63d348'}, {'_id': '5cefac116ca8f8704c63d349', 'title': '第6集', 'order': 6, 'updated_at': '2019-05-30T05:14:12.926Z', 'id': '5cefac116ca8f8704c63d349'}]
2026-09-24 01:22:00 - mkk_pika - database.py:215 - INFO - 第一次下载该漫画，记录数据库中
2026-09-24 01:22:01 - mkk_pika - main.py:83 - INFO - 找到 23 张图片在:第1集
2026-09-24 01:22:01 - mkk_pika - main.py:112 - INFO - [episode:第1集       ] downloaded:    23, total:  23, progress:100%
2026-09-24 01:22:01 - mkk_pika - database.py:238 - INFO - 数据库更新已下载章节
2026-09-24 01:22:01 - mkk_pika - database.py:244 - INFO - 该漫画已下载章节如下
2026-09-24 01:22:01 - mkk_pika - database.py:245 - INFO - ['第1集']
2026-09-24 01:22:03 - mkk_pika - main.py:83 - INFO - 找到 31 张图片在:第2集
2026-09-24 01:22:03 - mkk_pika - main.py:112 - INFO - [episode:第2集       ] downloaded:    31, total:  31, progress:100%
2026-09-24 01:22:03 - mkk_pika - database.py:238 - INFO - 数据库更新已下载章节
2026-09-24 01:22:03 - mkk_pika - database.py:244 - INFO - 该漫画已下载章节如下
2026-09-24 01:22:03 - mkk_pika - database.py:245 - INFO - ['第1集', '第2集']
2026-09-24 01:22:05 - mkk_pika - main.py:83 - INFO - 找到 41 张图片在:第3集
2026-09-24 01:22:07 - mkk_pika - main.py:112 - INFO - [episode:第3集       ] downloaded:    41, total:  41, progress:100%
2026-09-24 01:22:07 - mkk_pika - database.py:238 - INFO - 数据库更新已下载章节
2026-09-24 01:22:07 - mkk_pika - database.py:244 - INFO - 该漫画已下载章节如下
2026-09-24 01:22:07 - mkk_pika - database.py:245 - INFO - ['第1集', '第2集', '第3集']
2026-09-24 01:22:08 - mkk_pika - main.py:83 - INFO - 找到 27 张图片在:第4集
2026-09-24 01:22:09 - mkk_pika - main.py:112 - INFO - [episode:第4集       ] downloaded:    27, total:  27, progress:100%
2026-09-24 01:22:09 - mkk_pika - database.py:238 - INFO - 数据库更新已下载章节
2026-09-24 01:22:09 - mkk_pika - database.py:244 - INFO - 该漫画已下载章节如下
2026-09-24 01:22:09 - mkk_pika - database.py:245 - INFO - ['第1集', '第2集', '第3集', '第4集']
2026-09-24 01:22:11 - mkk_pika - main.py:83 - INFO - 找到 29 张图片在:第5集
2026-09-24 01:22:12 - mkk_pika - main.py:112 - INFO - [episode:第5集       ] downloaded:    29, total:  29, progress:100%
2026-09-24 01:22:12 - mkk_pika - database.py:238 - INFO - 数据库更新已下载章节
2026-09-24 01:22:12 - mkk_pika - database.py:244 - INFO - 该漫画已下载章节如下
2026-09-24 01:22:12 - mkk_pika - database.py:245 - INFO - ['第1集', '第2集', '第3集', '第4集', '第5集']
2026-09-24 01:22:13 - mkk_pika - main.py:83 - INFO - 找到 40 张图片在:第6集
2026-09-24 01:22:14 - mkk_pika - main.py:112 - INFO - [episode:第6集       ] downloaded:    40, total:  40, progress:100%
2026-09-24 01:22:14 - mkk_pika - database.py:238 - INFO - 数据库更新已下载章节
2026-09-24 01:22:14 - mkk_pika - database.py:244 - INFO - 该漫画已下载章节如下
2026-09-24 01:22:14 - mkk_pika - database.py:245 - INFO - ['第1集', '第2集', '第3集', '第4集', '第5集', '第6集']
2026-09-24 01:22:16 - mkk_pika - main.py:348 - INFO - ==================== 漫画信息 ====================
                                   漫画ID：5cefac116ca8f8704c63d343
                                   标题：ナツカゼ！ NATUKAZE!
                                   作者：関西オレンジ (荒井啓)
                                   是否完结：否
                                   总页数：191
                                   分类：長篇
                                   章节数：6
                                   最后更新时间：2019-05-30T10:10:25.387Z
                                   =================================================
2026-09-24 01:22:16 - mkk_pika - database.py:101 - INFO - 保存成功：ナツカゼ！ NATUKAZE!
2026-09-24 01:22:16 - mkk_pika - main.py:35 - INFO - 开始检查とりっくsister (COMIC BAVEL 2018年6月号)[無修正]是否存在未下载章节
2026-09-24 01:22:16 - mkk_pika - main.py:45 - INFO - 正在下载:[とりっくsister (COMIC BAVEL 2018年6月号)[無修正]]-[ぷよちゃ]-[['短篇', '純愛', '妹妹系']]-[total_pages:24]
2026-09-24 01:22:16 - mkk_pika - main.py:49 - INFO - [{'_id': '5cefac5e9489ac7052a8f10f', 'title': '第1集', 'order': 1, 'updated_at': '2019-05-30T06:48:58.584Z', 'id': '5cefac5e9489ac7052a8f10f'}]
2026-09-24 01:22:16 - mkk_pika - database.py:215 - INFO - 第一次下载该漫画，记录数据库中
2026-09-24 01:22:17 - mkk_pika - main.py:83 - INFO - 找到 24 张图片在:第1集
2026-09-24 01:22:18 - mkk_pika - main.py:112 - INFO - [episode:第1集       ] downloaded:    24, total:  24, progress:100%
2026-09-24 01:22:18 - mkk_pika - database.py:238 - INFO - 数据库更新已下载章节
2026-09-24 01:22:18 - mkk_pika - database.py:244 - INFO - 该漫画已下载章节如下
2026-09-24 01:22:18 - mkk_pika - database.py:245 - INFO - ['第1集']
2026-09-24 01:22:19 - mkk_pika - main.py:348 - INFO - ==================== 漫画信息 ====================
                                   漫画ID：5cefac5e9489ac7052a8f10e
                                   标题：とりっくsister (COMIC BAVEL 2018年6月号)[無修正]
                                   作者：ぷよちゃ
                                   是否完结：否
                                   总页数：24
                                   分类：短篇,純愛,妹妹系
                                   章节数：1
                                   最后更新时间：2019-05-30T10:11:42.610Z
                                   =================================================
2026-09-24 01:22:19 - mkk_pika - database.py:101 - INFO - 保存成功：とりっくsister (COMIC BAVEL 2018年6月号)[無修正]
2026-09-24 01:22:19 - mkk_pika - main.py:35 - INFO - 开始检查愚妻の戯れ 愚妻的戲弄是否存在未下载章节
2026-09-24 01:22:19 - mkk_pika - main.py:45 - INFO - 正在下载:[愚妻の戯れ 愚妻的戲弄]-[宏式]-[['長篇', '短篇', '人妻', 'NTR', '強暴', '單行本', 'SM']]-[total_pages:197]
2026-09-24 01:22:19 - mkk_pika - main.py:49 - INFO - [{'_id': '5cf00fc86ca8f8704c63d881', 'title': '社保人妻的單行本', 'order': 1, 'updated_at': '2019-05-29T17:04:04.055Z', 'id': '5cf00fc86ca8f8704c63d881'}]
2026-09-24 01:22:19 - mkk_pika - database.py:215 - INFO - 第一次下载该漫画，记录数据库中
2026-09-24 01:22:21 - mkk_pika - main.py:83 - INFO - 找到 197 张图片在:社保人妻的單行本
2026-09-24 01:22:26 - mkk_pika - main.py:112 - INFO - [episode:社保人妻的單行本  ] downloaded:   197, total: 197, progress:100%
2026-09-24 01:22:26 - mkk_pika - database.py:238 - INFO - 数据库更新已下载章节
2026-09-24 01:22:26 - mkk_pika - database.py:244 - INFO - 该漫画已下载章节如下
2026-09-24 01:22:26 - mkk_pika - database.py:245 - INFO - ['社保人妻的單行本']
2026-09-24 01:22:27 - mkk_pika - main.py:348 - INFO - ==================== 漫画信息 ====================
                                   漫画ID：5cf00fc86ca8f8704c63d880
                                   标题：愚妻の戯れ 愚妻的戲弄
                                   作者：宏式
                                   是否完结：是
                                   总页数：197
                                   分类：長篇,短篇,人妻,NTR,強暴,單行本,SM
                                   章节数：1
                                   最后更新时间：2019-05-30T17:15:52.964Z
                                   =================================================
2026-09-24 01:22:27 - mkk_pika - database.py:101 - INFO - 保存成功：愚妻の戯れ 愚妻的戲弄
2026-09-24 01:22:27 - mkk_pika - main.py:35 - INFO - 开始检查-10(COMIC快楽天2015-10)[無修正]是否存在未下载章节
2026-09-24 01:22:27 - mkk_pika - main.py:45 - INFO - 正在下载:[-10(COMIC快楽天2015-10)[無修正]]-[きい]-[['短篇']]-[total_pages:20]
2026-09-24 01:22:27 - mkk_pika - main.py:49 - INFO - [{'_id': '5cf010009489ac7052a8f832', 'title': '第1集', 'order': 1, 'updated_at': '2019-05-30T12:05:42.175Z', 'id': '5cf010009489ac7052a8f832'}]
2026-09-24 01:22:27 - mkk_pika - database.py:215 - INFO - 第一次下载该漫画，记录数据库中
2026-09-24 01:22:28 - mkk_pika - main.py:83 - INFO - 找到 20 张图片在:第1集
2026-09-24 01:22:29 - mkk_pika - main.py:112 - INFO - [episode:第1集       ] downloaded:    20, total:  20, progress:100%
2026-09-24 01:22:29 - mkk_pika - database.py:238 - INFO - 数据库更新已下载章节
2026-09-24 01:22:29 - mkk_pika - database.py:244 - INFO - 该漫画已下载章节如下
2026-09-24 01:22:29 - mkk_pika - database.py:245 - INFO - ['第1集']
2026-09-24 01:22:30 - mkk_pika - main.py:348 - INFO - ==================== 漫画信息 ====================
                                   漫画ID：5cf010009489ac7052a8f831
                                   标题：-10(COMIC快楽天2015-10)[無修正]
                                   作者：きい
                                   是否完结：否
                                   总页数：20
                                   分类：短篇
                                   章节数：1
                                   最后更新时间：2019-05-30T17:16:48.314Z
                                   =================================================
2026-09-24 01:22:30 - mkk_pika - database.py:101 - INFO - 保存成功：-10(COMIC快楽天2015-10)[無修正]
2026-09-24 01:22:30 - mkk_pika - main.py:35 - INFO - 开始检查事後のおたのしみ (COMIC アンスリウム 2019年5月号) [中国翻訳] [DL版]是否存在未下载章节
2026-09-24 01:22:30 - mkk_pika - main.py:45 - INFO - 正在下载:[事後のおたのしみ (COMIC アンスリウム 2019年5月号) [中国翻訳] [DL版]]-[おかゆさん]-[['短篇']]-[total_pages:12]
2026-09-24 01:22:30 - mkk_pika - main.py:49 - INFO - [{'_id': '5cf010c86ca8f8704c63d97c', 'title': '第1集', 'order': 1, 'updated_at': '2019-05-30T13:45:34.296Z', 'id': '5cf010c86ca8f8704c63d97c'}]
2026-09-24 01:22:30 - mkk_pika - database.py:215 - INFO - 第一次下载该漫画，记录数据库中
2026-09-24 01:22:32 - mkk_pika - main.py:83 - INFO - 找到 12 张图片在:第1集
2026-09-24 01:22:32 - mkk_pika - main.py:112 - INFO - [episode:第1集       ] downloaded:    12, total:  12, progress:100%
2026-09-24 01:22:32 - mkk_pika - database.py:238 - INFO - 数据库更新已下载章节
2026-09-24 01:22:32 - mkk_pika - database.py:244 - INFO - 该漫画已下载章节如下
2026-09-24 01:22:32 - mkk_pika - database.py:245 - INFO - ['第1集']
2026-09-24 01:22:33 - mkk_pika - main.py:348 - INFO - ==================== 漫画信息 ====================
                                   漫画ID：5cf010c86ca8f8704c63d97b
                                   标题：事後のおたのしみ (COMIC アンスリウム 2019年5月号) [中国翻訳] [DL版]
                                   作者：おかゆさん
                                   是否完结：是
                                   总页数：12
                                   分类：短篇
                                   章节数：1
                                   最后更新时间：2019-05-30T17:20:08.215Z
                                   =================================================
2026-09-24 01:22:33 - mkk_pika - database.py:101 - INFO - 保存成功：事後のおたのしみ (COMIC アンスリウム 2019年5月号) [中国翻訳] [DL版]
2026-09-24 01:22:33 - mkk_pika - main.py:35 - INFO - 开始检查(COMIC1☆15)艦娘着妊 Prinz Eugen & Bismarck 出産返済母胎提供 (艦隊これくしょん -艦これ-) [中国翻訳]是否存在未下载章节
2026-09-24 01:22:34 - mkk_pika - main.py:45 - INFO - 正在下载:[(COMIC1☆15)艦娘着妊 Prinz Eugen & Bismarck 出産返済母胎提供 (艦隊これくしょん -艦これ-) [中国翻訳]]-[悪転奏進 (黒糖ニッケ)]-[['短篇', '同人', '艦隊收藏']]-[total_pages:39]
2026-09-24 01:22:34 - mkk_pika - main.py:49 - INFO - [{'_id': '5cf0111f6ca8f8704c63d98a', 'title': '第1集', 'order': 1, 'updated_at': '2019-05-30T14:42:21.620Z', 'id': '5cf0111f6ca8f8704c63d98a'}]
2026-09-24 01:22:34 - mkk_pika - database.py:215 - INFO - 第一次下载该漫画，记录数据库中
2026-09-24 01:22:34 - mkk_pika - main.py:83 - INFO - 找到 39 张图片在:第1集
2026-09-24 01:22:36 - mkk_pika - main.py:112 - INFO - [episode:第1集       ] downloaded:    39, total:  39, progress:100%
2026-09-24 01:22:36 - mkk_pika - database.py:238 - INFO - 数据库更新已下载章节
2026-09-24 01:22:36 - mkk_pika - database.py:244 - INFO - 该漫画已下载章节如下
2026-09-24 01:22:36 - mkk_pika - database.py:245 - INFO - ['第1集']
2026-09-24 01:22:37 - mkk_pika - main.py:348 - INFO - ==================== 漫画信息 ====================
                                   漫画ID：5cf0111f6ca8f8704c63d989
                                   标题：(COMIC1☆15)艦娘着妊 Prinz Eugen & Bismarck 出産返済母胎提供 (艦隊これくしょん -艦これ-) [中国翻訳]
                                   作者：悪転奏進 (黒糖ニッケ)
                                   是否完结：是
                                   总页数：39
                                   分类：短篇,同人,艦隊收藏
                                   章节数：1
                                   最后更新时间：2019-05-30T17:21:35.755Z
                                   =================================================
2026-09-24 01:22:37 - mkk_pika - database.py:101 - INFO - 保存成功：(COMIC1☆15)艦娘着妊 Prinz Eugen & Bismarck 出産返済母胎提供 (艦隊これくしょん -艦これ-) [中国翻訳]
2026-09-24 01:22:37 - mkk_pika - main.py:35 - INFO - 开始检查Space Pitfall〜宇宙の落としアナ〜 [中国翻訳] [DL版]是否存在未下载章节
2026-09-24 01:22:37 - mkk_pika - main.py:45 - INFO - 正在下载:[Space Pitfall〜宇宙の落としアナ〜 [中国翻訳] [DL版]]-[いちまつ]-[['短篇', '強暴', 'NTR']]-[total_pages:20]
2026-09-24 01:22:37 - mkk_pika - main.py:49 - INFO - [{'_id': '5cf011399489ac7052a8f910', 'title': '第1集', 'order': 1, 'updated_at': '2019-05-30T16:09:24.884Z', 'id': '5cf011399489ac7052a8f910'}]
2026-09-24 01:22:37 - mkk_pika - database.py:215 - INFO - 第一次下载该漫画，记录数据库中
2026-09-24 01:22:38 - mkk_pika - main.py:83 - INFO - 找到 20 张图片在:第1集
2026-09-24 01:22:39 - mkk_pika - main.py:112 - INFO - [episode:第1集       ] downloaded:    20, total:  20, progress:100%
2026-09-24 01:22:39 - mkk_pika - database.py:238 - INFO - 数据库更新已下载章节
2026-09-24 01:22:39 - mkk_pika - database.py:244 - INFO - 该漫画已下载章节如下
2026-09-24 01:22:39 - mkk_pika - database.py:245 - INFO - ['第1集']
2026-09-24 01:22:40 - mkk_pika - main.py:348 - INFO - ==================== 漫画信息 ====================
                                   漫画ID：5cf011399489ac7052a8f90f
                                   标题：Space Pitfall〜宇宙の落としアナ〜 [中国翻訳] [DL版]
                                   作者：いちまつ
                                   是否完结：是
                                   总页数：20
                                   分类：短篇,強暴,NTR
                                   章节数：1
                                   最后更新时间：2019-05-30T17:22:01.597Z
                                   =================================================
2026-09-24 01:22:40 - mkk_pika - database.py:101 - INFO - 保存成功：Space Pitfall〜宇宙の落としアナ〜 [中国翻訳] [DL版]
2026-09-24 01:22:40 - mkk_pika - main.py:35 - INFO - 开始检查(C95) 根暗眼鏡♀の本 [中国翻訳]是否存在未下载章节
2026-09-24 01:22:40 - mkk_pika - main.py:45 - INFO - 正在下载:[(C95) 根暗眼鏡♀の本 [中国翻訳]]-[妄想エンジン (コロツケ)]-[['短篇']]-[total_pages:27]
2026-09-24 01:22:40 - mkk_pika - main.py:49 - INFO - [{'_id': '5cf01145f70b36705e4295e8', 'title': '第1集', 'order': 1, 'updated_at': '2019-05-30T16:21:32.562Z', 'id': '5cf01145f70b36705e4295e8'}]
2026-09-24 01:22:40 - mkk_pika - database.py:215 - INFO - 第一次下载该漫画，记录数据库中
2026-09-24 01:22:41 - mkk_pika - main.py:83 - INFO - 找到 27 张图片在:第1集
2026-09-24 01:22:42 - mkk_pika - main.py:112 - INFO - [episode:第1集       ] downloaded:    27, total:  27, progress:100%
2026-09-24 01:22:42 - mkk_pika - database.py:238 - INFO - 数据库更新已下载章节
2026-09-24 01:22:42 - mkk_pika - database.py:244 - INFO - 该漫画已下载章节如下
2026-09-24 01:22:42 - mkk_pika - database.py:245 - INFO - ['第1集']
2026-09-24 01:22:43 - mkk_pika - main.py:348 - INFO - ==================== 漫画信息 ====================
                                   漫画ID：5cf01145f70b36705e4295e7
                                   标题：(C95) 根暗眼鏡♀の本 [中国翻訳]
                                   作者：妄想エンジン (コロツケ)
                                   是否完结：是
                                   总页数：27
                                   分类：短篇
                                   章节数：1
                                   最后更新时间：2019-05-30T17:22:13.006Z
                                   =================================================
2026-09-24 01:22:43 - mkk_pika - database.py:101 - INFO - 保存成功：(C95) 根暗眼鏡♀の本 [中国翻訳]
2026-09-24 01:22:43 - mkk_pika - main.py:35 - INFO - 开始检查(COMIC1☆15) ドスケベ後輩の粘膜奉仕旅館 (Fate/Grand Order)是否存在未下载章节
2026-09-24 01:22:43 - mkk_pika - main.py:45 - INFO - 正在下载:[(COMIC1☆15) ドスケベ後輩の粘膜奉仕旅館 (Fate/Grand Order)]-[たぬきんぐすりーぷ (ドラチェフ)]-[['短篇', '同人', 'Fate', 'NTR']]-[total_pages:83]
2026-09-24 01:22:43 - mkk_pika - main.py:49 - INFO - [{'_id': '5cd8261f9d628a316595cf3d', 'title': '第1集', 'order': 1, 'updated_at': '2019-05-08T21:12:42.270Z', 'id': '5cd8261f9d628a316595cf3d'}, {'_id': '5ce82815e45baa7f2909cb2d', 'title': '汉化', 'order': 2, 'updated_at': '2019-05-24T14:21:32.753Z', 'id': '5ce82815e45baa7f2909cb2d'}, {'_id': '5cf0114b6ca8f8704c63d9b2', 'title': '汉化2', 'order': 3, 'updated_at': '2019-05-30T17:18:04.065Z', 'id': '5cf0114b6ca8f8704c63d9b2'}]
2026-09-24 01:22:43 - mkk_pika - database.py:215 - INFO - 第一次下载该漫画，记录数据库中
2026-09-24 01:22:44 - mkk_pika - main.py:83 - INFO - 找到 27 张图片在:第1集
2026-09-24 01:22:44 - mkk_pika - main.py:112 - INFO - [episode:第1集       ] downloaded:    27, total:  27, progress:100%
2026-09-24 01:22:44 - mkk_pika - database.py:238 - INFO - 数据库更新已下载章节
2026-09-24 01:22:44 - mkk_pika - database.py:244 - INFO - 该漫画已下载章节如下
2026-09-24 01:22:44 - mkk_pika - database.py:245 - INFO - ['第1集']
2026-09-24 01:22:46 - mkk_pika - main.py:83 - INFO - 找到 29 张图片在:汉化
2026-09-24 01:22:47 - mkk_pika - main.py:112 - INFO - [episode:汉化        ] downloaded:    29, total:  29, progress:100%
2026-09-24 01:22:47 - mkk_pika - database.py:238 - INFO - 数据库更新已下载章节
2026-09-24 01:22:47 - mkk_pika - database.py:244 - INFO - 该漫画已下载章节如下
2026-09-24 01:22:47 - mkk_pika - database.py:245 - INFO - ['第1集', '汉化']
2026-09-24 01:22:49 - mkk_pika - main.py:83 - INFO - 找到 27 张图片在:汉化2
2026-09-24 01:22:49 - mkk_pika - main.py:112 - INFO - [episode:汉化2       ] downloaded:    27, total:  27, progress:100%
2026-09-24 01:22:49 - mkk_pika - database.py:238 - INFO - 数据库更新已下载章节
2026-09-24 01:22:49 - mkk_pika - database.py:244 - INFO - 该漫画已下载章节如下
2026-09-24 01:22:49 - mkk_pika - database.py:245 - INFO - ['第1集', '汉化', '汉化2']
2026-09-24 01:22:52 - mkk_pika - main.py:348 - INFO - ==================== 漫画信息 ====================
                                   漫画ID：5cd8261f9d628a316595cf3c
                                   标题：(COMIC1☆15) ドスケベ後輩の粘膜奉仕旅館 (Fate/Grand Order)
                                   作者：たぬきんぐすりーぷ (ドラチェフ)
                                   是否完结：是
                                   总页数：83
                                   分类：短篇,同人,Fate,NTR
                                   章节数：3
                                   最后更新时间：2019-05-30T17:22:19.251Z
                                   =================================================
2026-09-24 01:22:52 - mkk_pika - database.py:101 - INFO - 保存成功：(COMIC1☆15) ドスケベ後輩の粘膜奉仕旅館 (Fate/Grand Order)
2026-09-24 01:22:52 - mkk_pika - main.py:35 - INFO - 开始检查半人半狐の放課後ライフ是否存在未下载章节
2026-09-24 01:22:52 - mkk_pika - main.py:45 - INFO - 正在下载:[半人半狐の放課後ライフ]-[Edge Driver (大刃じゅん)]-[['短篇', '非人類']]-[total_pages:33]
2026-09-24 01:22:52 - mkk_pika - main.py:49 - INFO - [{'_id': '5cf15d7e52c88a706444cda0', 'title': '第1集', 'order': 1, 'updated_at': '2019-05-30T20:40:38.309Z', 'id': '5cf15d7e52c88a706444cda0'}]
2026-09-24 01:22:52 - mkk_pika - database.py:215 - INFO - 第一次下载该漫画，记录数据库中
2026-09-24 01:22:53 - mkk_pika - main.py:83 - INFO - 找到 33 张图片在:第1集
2026-09-24 01:22:54 - mkk_pika - main.py:112 - INFO - [episode:第1集       ] downloaded:    33, total:  33, progress:100%
2026-09-24 01:22:54 - mkk_pika - database.py:238 - INFO - 数据库更新已下载章节
2026-09-24 01:22:54 - mkk_pika - database.py:244 - INFO - 该漫画已下载章节如下
2026-09-24 01:22:54 - mkk_pika - database.py:245 - INFO - ['第1集']
2026-09-24 01:22:55 - mkk_pika - main.py:348 - INFO - ==================== 漫画信息 ====================
                                   漫画ID：5cf15d7e52c88a706444cd9f
                                   标题：半人半狐の放課後ライフ
                                   作者：Edge Driver (大刃じゅん)
                                   是否完结：否
                                   总页数：33
                                   分类：短篇,非人類
                                   章节数：1
                                   最后更新时间：2019-05-31T16:59:42.193Z
                                   =================================================
2026-09-24 01:22:55 - mkk_pika - database.py:101 - INFO - 保存成功：半人半狐の放課後ライフ
2026-09-24 01:22:55 - mkk_pika - main.py:35 - INFO - 开始检查休日の過ごし方 (COMIC快楽天 2018年4月号)[無修正]是否存在未下载章节
2026-09-24 01:22:55 - mkk_pika - main.py:45 - INFO - 正在下载:[休日の過ごし方 (COMIC快楽天 2018年4月号)[無修正]]-[ももこ]-[['短篇', '純愛', '人妻']]-[total_pages:21]
2026-09-24 01:22:55 - mkk_pika - main.py:49 - INFO - [{'_id': '5cf15db2f70b36705e429bf3', 'title': '第1集', 'order': 1, 'updated_at': '2019-05-31T02:48:51.243Z', 'id': '5cf15db2f70b36705e429bf3'}]
2026-09-24 01:22:55 - mkk_pika - database.py:215 - INFO - 第一次下载该漫画，记录数据库中
2026-09-24 01:22:56 - mkk_pika - main.py:83 - INFO - 找到 21 张图片在:第1集
2026-09-24 01:22:57 - mkk_pika - main.py:112 - INFO - [episode:第1集       ] downloaded:    21, total:  21, progress:100%
2026-09-24 01:22:57 - mkk_pika - database.py:238 - INFO - 数据库更新已下载章节
2026-09-24 01:22:57 - mkk_pika - database.py:244 - INFO - 该漫画已下载章节如下
2026-09-24 01:22:57 - mkk_pika - database.py:245 - INFO - ['第1集']
2026-09-24 01:22:58 - mkk_pika - main.py:348 - INFO - ==================== 漫画信息 ====================
                                   漫画ID：5cf15db2f70b36705e429bf2
                                   标题：休日の過ごし方 (COMIC快楽天 2018年4月号)[無修正]
                                   作者：ももこ
                                   是否完结：否
                                   总页数：21
                                   分类：短篇,純愛,人妻
                                   章节数：1
                                   最后更新时间：2019-05-31T17:00:34.824Z
                                   =================================================
2026-09-24 01:22:58 - mkk_pika - database.py:101 - INFO - 保存成功：休日の過ごし方 (COMIC快楽天 2018年4月号)[無修正]
2026-09-24 01:22:58 - mkk_pika - main.py:35 - INFO - 开始检查精裝追男姐是否存在未下载章节
2026-09-24 01:22:58 - mkk_pika - main.py:45 - INFO - 正在下载:[精裝追男姐]-[師走の翁]-[['長篇', '單行本']]-[total_pages:231]
2026-09-24 01:22:58 - mkk_pika - main.py:49 - INFO - [{'_id': '5cf15e14f70b36705e429c53', 'title': '1-6', 'order': 1, 'updated_at': '2019-05-31T03:47:46.307Z', 'id': '5cf15e14f70b36705e429c53'}]
2026-09-24 01:22:58 - mkk_pika - database.py:215 - INFO - 第一次下载该漫画，记录数据库中
2026-09-24 01:23:00 - mkk_pika - main.py:83 - INFO - 找到 231 张图片在:1－6
2026-09-24 01:23:05 - mkk_pika - main.py:112 - INFO - [episode:1-6       ] downloaded:   231, total: 231, progress:100%
2026-09-24 01:23:05 - mkk_pika - database.py:238 - INFO - 数据库更新已下载章节
2026-09-24 01:23:05 - mkk_pika - database.py:244 - INFO - 该漫画已下载章节如下
2026-09-24 01:23:05 - mkk_pika - database.py:245 - INFO - ['1-6']
2026-09-24 01:23:07 - mkk_pika - main.py:348 - INFO - ==================== 漫画信息 ====================
                                   漫画ID：5cf15e14f70b36705e429c52
                                   标题：精裝追男姐
                                   作者：師走の翁
                                   是否完结：是
                                   总页数：231
                                   分类：長篇,單行本
                                   章节数：1
                                   最后更新时间：2019-05-31T17:02:12.742Z
                                   =================================================
2026-09-24 01:23:07 - mkk_pika - database.py:101 - INFO - 保存成功：精裝追男姐
2026-09-24 01:23:07 - mkk_pika - main.py:35 - INFO - 开始检查刻印 (変身ヒロイン アンソロジーコミックス) [中国翻訳]是否存在未下载章节
2026-09-24 01:23:07 - mkk_pika - main.py:45 - INFO - 正在下载:[刻印 (変身ヒロイン アンソロジーコミックス) [中国翻訳]]-[冬和こたつ]-[['短篇', '非人類']]-[total_pages:18]
2026-09-24 01:23:07 - mkk_pika - main.py:49 - INFO - [{'_id': '5cf15e526ca8f8704c63dfb2', 'title': '第1集', 'order': 1, 'updated_at': '2019-05-31T08:07:51.379Z', 'id': '5cf15e526ca8f8704c63dfb2'}]
2026-09-24 01:23:07 - mkk_pika - database.py:215 - INFO - 第一次下载该漫画，记录数据库中
2026-09-24 01:23:07 - mkk_pika - main.py:83 - INFO - 找到 18 张图片在:第1集
2026-09-24 01:23:08 - mkk_pika - main.py:112 - INFO - [episode:第1集       ] downloaded:    18, total:  18, progress:100%
2026-09-24 01:23:08 - mkk_pika - database.py:238 - INFO - 数据库更新已下载章节
2026-09-24 01:23:08 - mkk_pika - database.py:244 - INFO - 该漫画已下载章节如下
2026-09-24 01:23:08 - mkk_pika - database.py:245 - INFO - ['第1集']
2026-09-24 01:23:10 - mkk_pika - main.py:348 - INFO - ==================== 漫画信息 ====================
                                   漫画ID：5cf15e526ca8f8704c63dfb1
                                   标题：刻印 (変身ヒロイン アンソロジーコミックス) [中国翻訳]
                                   作者：冬和こたつ
                                   是否完结：是
                                   总页数：18
                                   分类：短篇,非人類
                                   章节数：1
                                   最后更新时间：2019-05-31T17:03:14.166Z
                                   =================================================
2026-09-24 01:23:10 - mkk_pika - database.py:101 - INFO - 保存成功：刻印 (変身ヒロイン アンソロジーコミックス) [中国翻訳]
2026-09-24 01:23:10 - mkk_pika - main.py:35 - INFO - 开始检查日陰の詩 (COMIC 快楽天 2018年4月号)[無修正]是否存在未下载章节
2026-09-24 01:23:11 - mkk_pika - main.py:45 - INFO - 正在下载:[日陰の詩 (COMIC 快楽天 2018年4月号)[無修正]]-[きい]-[['短篇', '純愛']]-[total_pages:22]
2026-09-24 01:23:11 - mkk_pika - main.py:49 - INFO - [{'_id': '5cf15e7f6ca8f8704c63dfc6', 'title': '第1集', 'order': 1, 'updated_at': '2019-05-31T08:09:01.501Z', 'id': '5cf15e7f6ca8f8704c63dfc6'}]
2026-09-24 01:23:11 - mkk_pika - database.py:215 - INFO - 第一次下载该漫画，记录数据库中
2026-09-24 01:23:11 - mkk_pika - main.py:83 - INFO - 找到 22 张图片在:第1集
2026-09-24 01:23:12 - mkk_pika - main.py:112 - INFO - [episode:第1集       ] downloaded:    22, total:  22, progress:100%
2026-09-24 01:23:12 - mkk_pika - database.py:238 - INFO - 数据库更新已下载章节
2026-09-24 01:23:12 - mkk_pika - database.py:244 - INFO - 该漫画已下载章节如下
2026-09-24 01:23:12 - mkk_pika - database.py:245 - INFO - ['第1集']
2026-09-24 01:23:13 - mkk_pika - main.py:348 - INFO - ==================== 漫画信息 ====================
                                   漫画ID：5cf15e7f6ca8f8704c63dfc5
                                   标题：日陰の詩 (COMIC 快楽天 2018年4月号)[無修正]
                                   作者：きい
                                   是否完结：否
                                   总页数：22
                                   分类：短篇,純愛
                                   章节数：1
                                   最后更新时间：2019-05-31T17:03:59.639Z
                                   =================================================
2026-09-24 01:23:13 - mkk_pika - database.py:101 - INFO - 保存成功：日陰の詩 (COMIC 快楽天 2018年4月号)[無修正]
2026-09-24 01:23:13 - mkk_pika - main.py:35 - INFO - 开始检查羽川ラブドール (化物語) [中国翻訳] [DL版]是否存在未下载章节
2026-09-24 01:23:13 - mkk_pika - main.py:45 - INFO - 正在下载:[羽川ラブドール (化物語) [中国翻訳] [DL版]]-[アヘ丸 (ヘンリーク)]-[['短篇', '同人']]-[total_pages:31]
2026-09-24 01:23:13 - mkk_pika - main.py:49 - INFO - [{'_id': '5cf15ea96ca8f8704c63dfde', 'title': '第1集', 'order': 1, 'updated_at': '2019-05-31T08:19:25.878Z', 'id': '5cf15ea96ca8f8704c63dfde'}]
2026-09-24 01:23:13 - mkk_pika - database.py:215 - INFO - 第一次下载该漫画，记录数据库中
2026-09-24 01:23:14 - mkk_pika - main.py:83 - INFO - 找到 31 张图片在:第1集
2026-09-24 01:23:15 - mkk_pika - main.py:112 - INFO - [episode:第1集       ] downloaded:    31, total:  31, progress:100%
2026-09-24 01:23:15 - mkk_pika - database.py:238 - INFO - 数据库更新已下载章节
2026-09-24 01:23:15 - mkk_pika - database.py:244 - INFO - 该漫画已下载章节如下
2026-09-24 01:23:15 - mkk_pika - database.py:245 - INFO - ['第1集']
2026-09-24 01:23:16 - mkk_pika - main.py:348 - INFO - ==================== 漫画信息 ====================
                                   漫画ID：5cf15ea96ca8f8704c63dfdd
                                   标题：羽川ラブドール (化物語) [中国翻訳] [DL版]
                                   作者：アヘ丸 (ヘンリーク)
                                   是否完结：是
                                   总页数：31
                                   分类：短篇,同人
                                   章节数：1
                                   最后更新时间：2019-05-31T17:04:41.854Z
                                   =================================================
2026-09-24 01:23:16 - mkk_pika - database.py:101 - INFO - 保存成功：羽川ラブドール (化物語) [中国翻訳] [DL版]
2026-09-24 01:23:16 - mkk_pika - main.py:35 - INFO - 开始检查かるであそーぷぶっく このサーヴァントでお願いします♥ (Fate/Grand Order) [中国翻訳]是否存在未下载章节
2026-09-24 01:23:17 - mkk_pika - main.py:45 - INFO - 正在下载:[かるであそーぷぶっく このサーヴァントでお願いします♥ (Fate/Grand Order) [中国翻訳]]-[かおかおいやん (自家太郎)]-[['短篇', '同人', 'Fate']]-[total_pages:23]
2026-09-24 01:23:17 - mkk_pika - main.py:49 - INFO - [{'_id': '5cf15ebc9489ac7052a9000d', 'title': '第1集', 'order': 1, 'updated_at': '2019-05-31T08:57:32.551Z', 'id': '5cf15ebc9489ac7052a9000d'}]
2026-09-24 01:23:17 - mkk_pika - database.py:215 - INFO - 第一次下载该漫画，记录数据库中
2026-09-24 01:23:17 - mkk_pika - main.py:83 - INFO - 找到 23 张图片在:第1集
2026-09-24 01:23:18 - mkk_pika - main.py:112 - INFO - [episode:第1集       ] downloaded:    23, total:  23, progress:100%
2026-09-24 01:23:18 - mkk_pika - database.py:238 - INFO - 数据库更新已下载章节
2026-09-24 01:23:18 - mkk_pika - database.py:244 - INFO - 该漫画已下载章节如下
2026-09-24 01:23:18 - mkk_pika - database.py:245 - INFO - ['第1集']
2026-09-24 01:23:19 - mkk_pika - main.py:348 - INFO - ==================== 漫画信息 ====================
                                   漫画ID：5cf15ebc9489ac7052a9000c
                                   标题：かるであそーぷぶっく このサーヴァントでお願いします♥ (Fate/Grand Order) [中国翻訳]
                                   作者：かおかおいやん (自家太郎)
                                   是否完结：是
                                   总页数：23
                                   分类：短篇,同人,Fate
                                   章节数：1
                                   最后更新时间：2019-05-31T17:05:00.827Z
                                   =================================================
2026-09-24 01:23:19 - mkk_pika - database.py:101 - INFO - 保存成功：かるであそーぷぶっく このサーヴァントでお願いします♥ (Fate/Grand Order) [中国翻訳]
2026-09-24 01:23:19 - mkk_pika - main.py:35 - INFO - 开始检查提督艶習帖是否存在未下载章节
2026-09-24 01:23:19 - mkk_pika - main.py:45 - INFO - 正在下载:[提督艶習帖]-[麻雀有限会社58 (旅烏)]-[['同人', '短篇', '姐姐系', '艦隊收藏']]-[total_pages:25]
2026-09-24 01:23:19 - mkk_pika - main.py:49 - INFO - [{'_id': '5cf15f089489ac7052a90027', 'title': '第1集', 'order': 1, 'updated_at': '2019-05-30T14:52:35.021Z', 'id': '5cf15f089489ac7052a90027'}]
2026-09-24 01:23:19 - mkk_pika - database.py:215 - INFO - 第一次下载该漫画，记录数据库中
2026-09-24 01:23:20 - mkk_pika - main.py:83 - INFO - 找到 25 张图片在:第1集
2026-09-24 01:23:21 - mkk_pika - main.py:112 - INFO - [episode:第1集       ] downloaded:    25, total:  25, progress:100%
2026-09-24 01:23:21 - mkk_pika - database.py:238 - INFO - 数据库更新已下载章节
2026-09-24 01:23:21 - mkk_pika - database.py:244 - INFO - 该漫画已下载章节如下
2026-09-24 01:23:21 - mkk_pika - database.py:245 - INFO - ['第1集']
2026-09-24 01:23:22 - mkk_pika - main.py:348 - INFO - ==================== 漫画信息 ====================
                                   漫画ID：5cf15f089489ac7052a90026
                                   标题：提督艶習帖
                                   作者：麻雀有限会社58 (旅烏)
                                   是否完结：否
                                   总页数：25
                                   分类：同人,短篇,姐姐系,艦隊收藏
                                   章节数：1
                                   最后更新时间：2019-05-31T17:06:16.460Z
                                   =================================================
2026-09-24 01:23:22 - mkk_pika - database.py:101 - INFO - 保存成功：提督艶習帖
2026-09-24 01:23:22 - mkk_pika - main.py:35 - INFO - 开始检查廃課金ガールが課金しなくなった理由是否存在未下载章节
2026-09-24 01:23:23 - mkk_pika - main.py:45 - INFO - 正在下载:[廃課金ガールが課金しなくなった理由]-[MoonPhase (ゆらん)]-[['短篇', '姐姐系']]-[total_pages:25]
2026-09-24 01:23:23 - mkk_pika - main.py:49 - INFO - [{'_id': '5cf15f68f70b36705e429d8a', 'title': '第1集', 'order': 1, 'updated_at': '2019-05-30T15:16:39.157Z', 'id': '5cf15f68f70b36705e429d8a'}]
2026-09-24 01:23:23 - mkk_pika - database.py:215 - INFO - 第一次下载该漫画，记录数据库中
2026-09-24 01:23:23 - mkk_pika - main.py:83 - INFO - 找到 25 张图片在:第1集
2026-09-24 01:23:24 - mkk_pika - main.py:112 - INFO - [episode:第1集       ] downloaded:    25, total:  25, progress:100%
2026-09-24 01:23:24 - mkk_pika - database.py:238 - INFO - 数据库更新已下载章节
2026-09-24 01:23:24 - mkk_pika - database.py:244 - INFO - 该漫画已下载章节如下
2026-09-24 01:23:24 - mkk_pika - database.py:245 - INFO - ['第1集']
2026-09-24 01:23:25 - mkk_pika - main.py:348 - INFO - ==================== 漫画信息 ====================
                                   漫画ID：5cf15f68f70b36705e429d89
                                   标题：廃課金ガールが課金しなくなった理由
                                   作者：MoonPhase (ゆらん)
                                   是否完结：否
                                   总页数：25
                                   分类：短篇,姐姐系
                                   章节数：1
                                   最后更新时间：2019-05-31T17:07:52.822Z
                                   =================================================
2026-09-24 01:23:25 - mkk_pika - database.py:101 - INFO - 保存成功：廃課金ガールが課金しなくなった理由
2026-09-24 01:23:25 - mkk_pika - main.py:35 - INFO - 开始检查おっぱいωラヴァーズ 柔嫩雙乳ω的愛人們是否存在未下载章节
2026-09-24 01:23:26 - mkk_pika - main.py:45 - INFO - 正在下载:[おっぱいωラヴァーズ 柔嫩雙乳ω的愛人們]-[もみやま]-[['長篇', '短篇', '純愛', '後宮閃光', '單行本', '姐姐系', '妹妹系']]-[total_pages:225]
2026-09-24 01:23:26 - mkk_pika - main.py:49 - INFO - [{'_id': '5cf15f746ca8f8704c63e01b', 'title': '被柔乳包圍的單行本', 'order': 1, 'updated_at': '2019-05-29T16:59:14.889Z', 'id': '5cf15f746ca8f8704c63e01b'}]
2026-09-24 01:23:26 - mkk_pika - database.py:215 - INFO - 第一次下载该漫画，记录数据库中
2026-09-24 01:23:28 - mkk_pika - main.py:83 - INFO - 找到 225 张图片在:被柔乳包圍的單行本
2026-09-24 01:23:33 - mkk_pika - main.py:112 - INFO - [episode:被柔乳包圍的單行本 ] downloaded:   225, total: 225, progress:100%
2026-09-24 01:23:33 - mkk_pika - database.py:238 - INFO - 数据库更新已下载章节
2026-09-24 01:23:33 - mkk_pika - database.py:244 - INFO - 该漫画已下载章节如下
2026-09-24 01:23:33 - mkk_pika - database.py:245 - INFO - ['被柔乳包圍的單行本']
2026-09-24 01:23:34 - mkk_pika - main.py:348 - INFO - ==================== 漫画信息 ====================
                                   漫画ID：5cf15f746ca8f8704c63e01a
                                   标题：おっぱいωラヴァーズ 柔嫩雙乳ω的愛人們
                                   作者：もみやま
                                   是否完结：是
                                   总页数：225
                                   分类：長篇,短篇,純愛,後宮閃光,單行本,姐姐系,妹妹系
                                   章节数：1
                                   最后更新时间：2019-05-31T17:08:04.673Z
                                   =================================================
2026-09-24 01:23:34 - mkk_pika - database.py:101 - INFO - 保存成功：おっぱいωラヴァーズ 柔嫩雙乳ω的愛人們
2026-09-24 01:23:34 - mkk_pika - main.py:35 - INFO - 开始检查(C92)shutter chance!! (ラブライブ! サンシャイン!!) [中国翻訳]是否存在未下载章节
2026-09-24 01:23:35 - mkk_pika - main.py:45 - INFO - 正在下载:[(C92)shutter chance!! (ラブライブ! サンシャイン!!) [中国翻訳]]-[ macdoll (士嬢マコ(・c_・ ))]-[['同人', '短篇', '扶他樂園']]-[total_pages:23]
2026-09-24 01:23:35 - mkk_pika - main.py:49 - INFO - [{'_id': '5cf1604552c88a706444d089', 'title': '第1集', 'order': 1, 'updated_at': '2019-05-31T10:24:02.147Z', 'id': '5cf1604552c88a706444d089'}]
2026-09-24 01:23:35 - mkk_pika - database.py:215 - INFO - 第一次下载该漫画，记录数据库中
2026-09-24 01:23:35 - mkk_pika - main.py:83 - INFO - 找到 23 张图片在:第1集
2026-09-24 01:23:36 - mkk_pika - main.py:112 - INFO - [episode:第1集       ] downloaded:    23, total:  23, progress:100%
2026-09-24 01:23:36 - mkk_pika - database.py:238 - INFO - 数据库更新已下载章节
2026-09-24 01:23:36 - mkk_pika - database.py:244 - INFO - 该漫画已下载章节如下
2026-09-24 01:23:36 - mkk_pika - database.py:245 - INFO - ['第1集']
2026-09-24 01:23:37 - mkk_pika - main.py:348 - INFO - ==================== 漫画信息 ====================
                                   漫画ID：5cf1604552c88a706444d088
                                   标题：(C92)shutter chance!! (ラブライブ! サンシャイン!!) [中国翻訳]
                                   作者： macdoll (士嬢マコ(・c_・ ))
                                   是否完结：是
                                   总页数：23
                                   分类：同人,短篇,扶他樂園
                                   章节数：1
                                   最后更新时间：2019-05-31T17:11:33.237Z
                                   =================================================
2026-09-24 01:23:37 - mkk_pika - database.py:101 - INFO - 保存成功：(C92)shutter chance!! (ラブライブ! サンシャイン!!) [中国翻訳]
2026-09-24 01:23:37 - mkk_pika - main.py:35 - INFO - 开始检查(C93) すいっちんぐ (アイドルマスターミリオンライブ!) [中国翻訳]是否存在未下载章节
2026-09-24 01:23:37 - mkk_pika - main.py:45 - INFO - 正在下载:[(C93) すいっちんぐ (アイドルマスターミリオンライブ!) [中国翻訳]]-[ 激浪Director (ヨシカ)]-[['同人', '短篇', '全彩']]-[total_pages:27]
2026-09-24 01:23:37 - mkk_pika - main.py:49 - INFO - [{'_id': '5cf160779489ac7052a90043', 'title': '第1集', 'order': 1, 'updated_at': '2019-05-31T10:43:19.239Z', 'id': '5cf160779489ac7052a90043'}]
2026-09-24 01:23:37 - mkk_pika - database.py:215 - INFO - 第一次下载该漫画，记录数据库中
2026-09-24 01:23:38 - mkk_pika - main.py:83 - INFO - 找到 27 张图片在:第1集
2026-09-24 01:23:39 - mkk_pika - main.py:112 - INFO - [episode:第1集       ] downloaded:    27, total:  27, progress:100%
2026-09-24 01:23:39 - mkk_pika - database.py:238 - INFO - 数据库更新已下载章节
2026-09-24 01:23:39 - mkk_pika - database.py:244 - INFO - 该漫画已下载章节如下
2026-09-24 01:23:39 - mkk_pika - database.py:245 - INFO - ['第1集']
2026-09-24 01:23:40 - mkk_pika - main.py:348 - INFO - ==================== 漫画信息 ====================
                                   漫画ID：5cf160779489ac7052a90042
                                   标题：(C93) すいっちんぐ (アイドルマスターミリオンライブ!) [中国翻訳]
                                   作者： 激浪Director (ヨシカ)
                                   是否完结：是
                                   总页数：27
                                   分类：同人,短篇,全彩
                                   章节数：1
                                   最后更新时间：2019-05-31T17:12:23.578Z
                                   =================================================
2026-09-24 01:23:40 - mkk_pika - database.py:101 - INFO - 保存成功：(C93) すいっちんぐ (アイドルマスターミリオンライブ!) [中国翻訳]
2026-09-24 01:23:40 - mkk_pika - main.py:35 - INFO - 开始检查龍捲狩獵記 (ワンパンマン)是否存在未下载章节
2026-09-24 01:23:40 - mkk_pika - main.py:45 - INFO - 正在下载:[龍捲狩獵記 (ワンパンマン)]-[SoLo]-[['同人', '短篇', 'SM', '足の恋']]-[total_pages:14]
2026-09-24 01:23:40 - mkk_pika - main.py:49 - INFO - [{'_id': '5cf1608b52c88a706444d0a2', 'title': '足控警告', 'order': 1, 'updated_at': '2019-05-31T10:51:57.621Z', 'id': '5cf1608b52c88a706444d0a2'}]
2026-09-24 01:23:40 - mkk_pika - database.py:215 - INFO - 第一次下载该漫画，记录数据库中
2026-09-24 01:23:41 - mkk_pika - main.py:83 - INFO - 找到 14 张图片在:足控警告
2026-09-24 01:23:41 - mkk_pika - main.py:112 - INFO - [episode:足控警告      ] downloaded:    14, total:  14, progress:100%
2026-09-24 01:23:41 - mkk_pika - database.py:238 - INFO - 数据库更新已下载章节
2026-09-24 01:23:41 - mkk_pika - database.py:244 - INFO - 该漫画已下载章节如下
2026-09-24 01:23:41 - mkk_pika - database.py:245 - INFO - ['足控警告']
2026-09-24 01:23:42 - mkk_pika - main.py:348 - INFO - ==================== 漫画信息 ====================
                                   漫画ID：5cf1608b52c88a706444d0a1
                                   标题：龍捲狩獵記 (ワンパンマン)
                                   作者：SoLo
                                   是否完结：是
                                   总页数：14
                                   分类：同人,短篇,SM,足の恋
                                   章节数：1
                                   最后更新时间：2019-05-31T17:12:43.354Z
                                   =================================================
2026-09-24 01:23:42 - mkk_pika - database.py:101 - INFO - 保存成功：龍捲狩獵記 (ワンパンマン)
2026-09-24 01:23:42 - mkk_pika - main.py:35 - INFO - 开始检查師匠が海魔にヌルヌルにされる本是否存在未下载章节
2026-09-24 01:23:43 - mkk_pika - main.py:45 - INFO - 正在下载:[師匠が海魔にヌルヌルにされる本]-[Misty Wind]-[['同人', '短篇', '非人類', 'Fate']]-[total_pages:44]
2026-09-24 01:23:43 - mkk_pika - main.py:49 - INFO - [{'_id': '5cebb117e45baa7f2909e1bf', 'title': '第1集', 'order': 1, 'updated_at': '2019-05-25T10:34:41.312Z', 'id': '5cebb117e45baa7f2909e1bf'}, {'_id': '5cf160d752c88a706444d100', 'title': '汉化', 'order': 2, 'updated_at': '2019-05-31T11:19:05.301Z', 'id': '5cf160d752c88a706444d100'}]
2026-09-24 01:23:43 - mkk_pika - database.py:215 - INFO - 第一次下载该漫画，记录数据库中
2026-09-24 01:23:43 - mkk_pika - main.py:83 - INFO - 找到 21 张图片在:第1集
2026-09-24 01:23:44 - mkk_pika - main.py:112 - INFO - [episode:第1集       ] downloaded:    21, total:  21, progress:100%
2026-09-24 01:23:44 - mkk_pika - database.py:238 - INFO - 数据库更新已下载章节
2026-09-24 01:23:44 - mkk_pika - database.py:244 - INFO - 该漫画已下载章节如下
2026-09-24 01:23:44 - mkk_pika - database.py:245 - INFO - ['第1集']
2026-09-24 01:23:46 - mkk_pika - main.py:83 - INFO - 找到 23 张图片在:汉化
2026-09-24 01:23:47 - mkk_pika - main.py:112 - INFO - [episode:汉化        ] downloaded:    23, total:  23, progress:100%
2026-09-24 01:23:47 - mkk_pika - database.py:238 - INFO - 数据库更新已下载章节
2026-09-24 01:23:47 - mkk_pika - database.py:244 - INFO - 该漫画已下载章节如下
2026-09-24 01:23:47 - mkk_pika - database.py:245 - INFO - ['第1集', '汉化']
2026-09-24 01:23:48 - mkk_pika - main.py:348 - INFO - ==================== 漫画信息 ====================
                                   漫画ID：5cebb117e45baa7f2909e1be
                                   标题：師匠が海魔にヌルヌルにされる本
                                   作者：Misty Wind
                                   是否完结：是
                                   总页数：44
                                   分类：同人,短篇,非人類,Fate
                                   章节数：2
                                   最后更新时间：2019-05-31T17:13:59.241Z
                                   =================================================
2026-09-24 01:23:48 - mkk_pika - database.py:101 - INFO - 保存成功：師匠が海魔にヌルヌルにされる本
2026-09-24 01:23:48 - mkk_pika - main.py:35 - INFO - 开始检查 秘密の近親セックス大好き姉弟 [中国翻訳]是否存在未下载章节
2026-09-24 01:23:49 - mkk_pika - main.py:45 - INFO - 正在下载:[ 秘密の近親セックス大好き姉弟 [中国翻訳]]-[NTラボ (NTロボ)]-[['短篇', 'NTR']]-[total_pages:32]
2026-09-24 01:23:49 - mkk_pika - main.py:49 - INFO - [{'_id': '5cf160ef52c88a706444d11e', 'title': '第1集', 'order': 1, 'updated_at': '2019-05-31T11:51:43.681Z', 'id': '5cf160ef52c88a706444d11e'}]
2026-09-24 01:23:49 - mkk_pika - database.py:215 - INFO - 第一次下载该漫画，记录数据库中
2026-09-24 01:23:49 - mkk_pika - main.py:83 - INFO - 找到 32 张图片在:第1集
2026-09-24 01:23:50 - mkk_pika - main.py:112 - INFO - [episode:第1集       ] downloaded:    32, total:  32, progress:100%
2026-09-24 01:23:50 - mkk_pika - database.py:238 - INFO - 数据库更新已下载章节
2026-09-24 01:23:50 - mkk_pika - database.py:244 - INFO - 该漫画已下载章节如下
2026-09-24 01:23:50 - mkk_pika - database.py:245 - INFO - ['第1集']
2026-09-24 01:23:52 - mkk_pika - main.py:348 - INFO - ==================== 漫画信息 ====================
                                   漫画ID：5cf160ef52c88a706444d11d
                                   标题： 秘密の近親セックス大好き姉弟 [中国翻訳]
                                   作者：NTラボ (NTロボ)
                                   是否完结：是
                                   总页数：32
                                   分类：短篇,NTR
                                   章节数：1
                                   最后更新时间：2019-05-31T17:14:23.207Z
                                   =================================================
2026-09-24 01:23:52 - mkk_pika - database.py:101 - INFO - 保存成功： 秘密の近親セックス大好き姉弟 [中国翻訳]
2026-09-24 01:23:52 - mkk_pika - main.py:35 - INFO - 开始检查(C95) インフェルノ 人妻不倫温泉旅行 (Fate Grand Order)是否存在未下载章节
2026-09-24 01:23:52 - mkk_pika - main.py:45 - INFO - 正在下载:[(C95) インフェルノ 人妻不倫温泉旅行 (Fate Grand Order)]-[大正ロマネスク (遠野すいか)]-[['同人', '人妻', 'Fate', '短篇']]-[total_pages:57]
2026-09-24 01:23:52 - mkk_pika - main.py:49 - INFO - [{'_id': '5cf160fb9489ac7052a90135', 'title': '汉化', 'order': 1, 'updated_at': '2021-09-29T12:13:22.153Z', 'id': '5cf160fb9489ac7052a90135'}, {'_id': '61545862fae2ba0131641219', 'title': '补档', 'order': 2, 'updated_at': '2021-09-28T14:17:59.490Z', 'id': '61545862fae2ba0131641219'}]
2026-09-24 01:23:52 - mkk_pika - database.py:215 - INFO - 第一次下载该漫画，记录数据库中
2026-09-24 01:23:52 - mkk_pika - main.py:83 - INFO - 找到 29 张图片在:汉化
2026-09-24 01:23:53 - mkk_pika - main.py:112 - INFO - [episode:汉化        ] downloaded:    29, total:  29, progress:100%
2026-09-24 01:23:53 - mkk_pika - database.py:238 - INFO - 数据库更新已下载章节
2026-09-24 01:23:53 - mkk_pika - database.py:244 - INFO - 该漫画已下载章节如下
2026-09-24 01:23:53 - mkk_pika - database.py:245 - INFO - ['汉化']
2026-09-24 01:23:55 - mkk_pika - main.py:83 - INFO - 找到 28 张图片在:补档
2026-09-24 01:23:56 - mkk_pika - main.py:112 - INFO - [episode:补档        ] downloaded:    28, total:  28, progress:100%
2026-09-24 01:23:56 - mkk_pika - database.py:238 - INFO - 数据库更新已下载章节
2026-09-24 01:23:56 - mkk_pika - database.py:244 - INFO - 该漫画已下载章节如下
2026-09-24 01:23:56 - mkk_pika - database.py:245 - INFO - ['汉化', '补档']
2026-09-24 01:23:57 - mkk_pika - main.py:348 - INFO - ==================== 漫画信息 ====================
                                   漫画ID：5c55094267de1e0859464aa3
                                   标题：(C95) インフェルノ 人妻不倫温泉旅行 (Fate Grand Order)
                                   作者：大正ロマネスク (遠野すいか)
                                   是否完结：是
                                   总页数：57
                                   分类：同人,人妻,Fate,短篇
                                   章节数：2
                                   最后更新时间：2019-05-31T17:14:35.491Z
                                   =================================================
2026-09-24 01:23:57 - mkk_pika - database.py:101 - INFO - 保存成功：(C95) インフェルノ 人妻不倫温泉旅行 (Fate Grand Order)
2026-09-24 01:23:57 - mkk_pika - main.py:35 - INFO - 开始检查 おいでよ！くのいちの里 参～激闘！シノビ棒倒しの巻～ [中国翻訳] [DL版]是否存在未下载章节
2026-09-24 01:23:57 - mkk_pika - main.py:45 - INFO - 正在下载:[ おいでよ！くのいちの里 参～激闘！シノビ棒倒しの巻～ [中国翻訳] [DL版]]-[公儀あんみつ (一煉托生)]-[['短篇', '純愛', '後宮閃光']]-[total_pages:27]
2026-09-24 01:23:57 - mkk_pika - main.py:49 - INFO - [{'_id': '5cf161819489ac7052a90242', 'title': '第1集', 'order': 1, 'updated_at': '2019-05-31T14:30:47.758Z', 'id': '5cf161819489ac7052a90242'}]
2026-09-24 01:23:57 - mkk_pika - database.py:215 - INFO - 第一次下载该漫画，记录数据库中
2026-09-24 01:23:58 - mkk_pika - main.py:83 - INFO - 找到 27 张图片在:第1集
2026-09-24 01:23:59 - mkk_pika - main.py:112 - INFO - [episode:第1集       ] downloaded:    27, total:  27, progress:100%
2026-09-24 01:23:59 - mkk_pika - database.py:238 - INFO - 数据库更新已下载章节
2026-09-24 01:23:59 - mkk_pika - database.py:244 - INFO - 该漫画已下载章节如下
2026-09-24 01:23:59 - mkk_pika - database.py:245 - INFO - ['第1集']
2026-09-24 01:24:00 - mkk_pika - main.py:348 - INFO - ==================== 漫画信息 ====================
                                   漫画ID：5cf161819489ac7052a90241
                                   标题： おいでよ！くのいちの里 参～激闘！シノビ棒倒しの巻～ [中国翻訳] [DL版]
                                   作者：公儀あんみつ (一煉托生)
                                   是否完结：是
                                   总页数：27
                                   分类：短篇,純愛,後宮閃光
                                   章节数：1
                                   最后更新时间：2019-05-31T17:16:49.307Z
                                   =================================================
2026-09-24 01:24:00 - mkk_pika - database.py:101 - INFO - 保存成功： おいでよ！くのいちの里 参～激闘！シノビ棒倒しの巻～ [中国翻訳] [DL版]
2026-09-24 01:24:00 - mkk_pika - main.py:35 - INFO - 开始检查(COMIC1☆9)  みかんがおしえてあげる MILKEY ORANGE 2 (To LOVEる ダークネス) [中国翻訳]是否存在未下载章节
2026-09-24 01:24:00 - mkk_pika - main.py:45 - INFO - 正在下载:[(COMIC1☆9)  みかんがおしえてあげる MILKEY ORANGE 2 (To LOVEる ダークネス) [中国翻訳]]-[sin-maniax (轟真)]-[['同人', '短篇', 'NTR']]-[total_pages:22]
2026-09-24 01:24:00 - mkk_pika - main.py:49 - INFO - [{'_id': '5cf162189489ac7052a9029d', 'title': '第1集', 'order': 1, 'updated_at': '2019-05-31T15:26:36.105Z', 'id': '5cf162189489ac7052a9029d'}]
2026-09-24 01:24:00 - mkk_pika - database.py:215 - INFO - 第一次下载该漫画，记录数据库中
2026-09-24 01:24:01 - mkk_pika - main.py:83 - INFO - 找到 22 张图片在:第1集
2026-09-24 01:24:02 - mkk_pika - main.py:112 - INFO - [episode:第1集       ] downloaded:    22, total:  22, progress:100%
2026-09-24 01:24:02 - mkk_pika - database.py:238 - INFO - 数据库更新已下载章节
2026-09-24 01:24:02 - mkk_pika - database.py:244 - INFO - 该漫画已下载章节如下
2026-09-24 01:24:02 - mkk_pika - database.py:245 - INFO - ['第1集']
2026-09-24 01:24:03 - mkk_pika - main.py:348 - INFO - ==================== 漫画信息 ====================
                                   漫画ID：5cf162189489ac7052a9029c
                                   标题：(COMIC1☆9)  みかんがおしえてあげる MILKEY ORANGE 2 (To LOVEる ダークネス) [中国翻訳]
                                   作者：sin-maniax (轟真)
                                   是否完结：是
                                   总页数：22
                                   分类：同人,短篇,NTR
                                   章节数：1
                                   最后更新时间：2019-05-31T17:19:20.479Z
                                   =================================================
2026-09-24 01:24:03 - mkk_pika - database.py:101 - INFO - 保存成功：(COMIC1☆9)  みかんがおしえてあげる MILKEY ORANGE 2 (To LOVEる ダークネス) [中国翻訳]
2026-09-24 01:24:03 - mkk_pika - main.py:35 - INFO - 开始检查(C91)  サファイアさんとスケベする?2 (ラストピリオド)[中国翻訳]是否存在未下载章节
2026-09-24 01:24:03 - mkk_pika - main.py:45 - INFO - 正在下载:[(C91)  サファイアさんとスケベする?2 (ラストピリオド)[中国翻訳]]-[ぶーち]-[['短篇', '同人']]-[total_pages:28]
2026-09-24 01:24:03 - mkk_pika - main.py:49 - INFO - [{'_id': '5cf162349489ac7052a902b5', 'title': '第1集', 'order': 1, 'updated_at': '2019-05-31T16:56:20.460Z', 'id': '5cf162349489ac7052a902b5'}]
2026-09-24 01:24:03 - mkk_pika - database.py:215 - INFO - 第一次下载该漫画，记录数据库中
2026-09-24 01:24:04 - mkk_pika - main.py:83 - INFO - 找到 28 张图片在:第1集
2026-09-24 01:24:05 - mkk_pika - main.py:112 - INFO - [episode:第1集       ] downloaded:    28, total:  28, progress:100%
2026-09-24 01:24:05 - mkk_pika - database.py:238 - INFO - 数据库更新已下载章节
2026-09-24 01:24:05 - mkk_pika - database.py:244 - INFO - 该漫画已下载章节如下
2026-09-24 01:24:05 - mkk_pika - database.py:245 - INFO - ['第1集']
2026-09-24 01:24:06 - mkk_pika - main.py:348 - INFO - ==================== 漫画信息 ====================
                                   漫画ID：5cf162349489ac7052a902b4
                                   标题：(C91)  サファイアさんとスケベする?2 (ラストピリオド)[中国翻訳]
                                   作者：ぶーち
                                   是否完结：是
                                   总页数：28
                                   分类：短篇,同人
                                   章节数：1
                                   最后更新时间：2019-05-31T17:19:48.046Z
                                   =================================================
2026-09-24 01:24:06 - mkk_pika - database.py:101 - INFO - 保存成功：(C91)  サファイアさんとスケベする?2 (ラストピリオド)[中国翻訳]
2026-09-24 01:24:06 - mkk_pika - main.py:35 - INFO - 开始检查(C95) ホルスの目 (Overwatch)是否存在未下载章节
2026-09-24 01:24:06 - mkk_pika - main.py:45 - INFO - 正在下载:[(C95) ホルスの目 (Overwatch)]-[プレミアムバゲット (防水鳩)]-[['同人', '短篇', '扶他樂園']]-[total_pages:87]
2026-09-24 01:24:06 - mkk_pika - main.py:49 - INFO - [{'_id': '5abdbc2a8f62012f766317d6', 'title': '生肉', 'order': 1, 'updated_at': '2019-06-01T07:43:20.106Z', 'id': '5abdbc2a8f62012f766317d6'}, {'_id': '5cf22c9852c88a706444d756', 'title': '汉化', 'order': 2, 'updated_at': '2019-06-01T07:20:20.108Z', 'id': '5cf22c9852c88a706444d756'}]
2026-09-24 01:24:06 - mkk_pika - database.py:215 - INFO - 第一次下载该漫画，记录数据库中
2026-09-24 01:24:07 - mkk_pika - main.py:83 - INFO - 找到 40 张图片在:生肉
2026-09-24 01:24:08 - mkk_pika - main.py:112 - INFO - [episode:生肉        ] downloaded:    40, total:  40, progress:100%
2026-09-24 01:24:08 - mkk_pika - database.py:238 - INFO - 数据库更新已下载章节
2026-09-24 01:24:08 - mkk_pika - database.py:244 - INFO - 该漫画已下载章节如下
2026-09-24 01:24:08 - mkk_pika - database.py:245 - INFO - ['生肉']
2026-09-24 01:24:10 - mkk_pika - main.py:83 - INFO - 找到 47 张图片在:汉化
2026-09-24 01:24:11 - mkk_pika - main.py:112 - INFO - [episode:汉化        ] downloaded:    47, total:  47, progress:100%
2026-09-24 01:24:11 - mkk_pika - database.py:238 - INFO - 数据库更新已下载章节
2026-09-24 01:24:11 - mkk_pika - database.py:244 - INFO - 该漫画已下载章节如下
2026-09-24 01:24:11 - mkk_pika - database.py:245 - INFO - ['生肉', '汉化']
2026-09-24 01:24:13 - mkk_pika - main.py:348 - INFO - ==================== 漫画信息 ====================
                                   漫画ID：5abdbc2a8f62012f766317d5
                                   标题：(C95) ホルスの目 (Overwatch)
                                   作者：プレミアムバゲット (防水鳩)
                                   是否完结：是
                                   总页数：87
                                   分类：同人,短篇,扶他樂園
                                   章节数：2
                                   最后更新时间：2019-06-01T07:43:20.099Z
                                   =================================================
2026-09-24 01:24:13 - mkk_pika - database.py:101 - INFO - 保存成功：(C95) ホルスの目 (Overwatch)
2026-09-24 01:24:13 - mkk_pika - main.py:35 - INFO - 开始检查指揮官今日もだしすぎです! (アズールレーン) [中国翻訳] [DL版]是否存在未下载章节
2026-09-24 01:24:13 - mkk_pika - main.py:45 - INFO - 正在下载:[指揮官今日もだしすぎです! (アズールレーン) [中国翻訳] [DL版]]-[Contamination (eigetu)]-[['短篇', '同人', '純愛']]-[total_pages:11]
2026-09-24 01:24:13 - mkk_pika - main.py:49 - INFO - [{'_id': '5cf23e209489ac7052a906bc', 'title': '第1集', 'order': 1, 'updated_at': '2019-05-31T17:31:50.599Z', 'id': '5cf23e209489ac7052a906bc'}]
2026-09-24 01:24:13 - mkk_pika - database.py:215 - INFO - 第一次下载该漫画，记录数据库中
2026-09-24 01:24:13 - mkk_pika - main.py:83 - INFO - 找到 11 张图片在:第1集
2026-09-24 01:24:14 - mkk_pika - main.py:112 - INFO - [episode:第1集       ] downloaded:    11, total:  11, progress:100%
2026-09-24 01:24:14 - mkk_pika - database.py:238 - INFO - 数据库更新已下载章节
2026-09-24 01:24:14 - mkk_pika - database.py:244 - INFO - 该漫画已下载章节如下
2026-09-24 01:24:14 - mkk_pika - database.py:245 - INFO - ['第1集']
2026-09-24 01:24:15 - mkk_pika - main.py:348 - INFO - ==================== 漫画信息 ====================
                                   漫画ID：5cf23e209489ac7052a906bb
                                   标题：指揮官今日もだしすぎです! (アズールレーン) [中国翻訳] [DL版]
                                   作者：Contamination (eigetu)
                                   是否完结：是
                                   总页数：11
                                   分类：短篇,同人,純愛
                                   章节数：1
                                   最后更新时间：2019-06-01T08:58:08.677Z
                                   =================================================
2026-09-24 01:24:15 - mkk_pika - database.py:101 - INFO - 保存成功：指揮官今日もだしすぎです! (アズールレーン) [中国翻訳] [DL版]
2026-09-24 01:24:15 - mkk_pika - main.py:35 - INFO - 开始检查(COMIC1☆12)  新人だから子守りを任されました…。 (NEW GAME!) [中国翻訳]是否存在未下载章节
2026-09-24 01:24:15 - mkk_pika - main.py:45 - INFO - 正在下载:[(COMIC1☆12)  新人だから子守りを任されました…。 (NEW GAME!) [中国翻訳]]-[サークルフィオレ (えかきびと)]-[['短篇', '同人']]-[total_pages:35]
2026-09-24 01:24:15 - mkk_pika - main.py:49 - INFO - [{'_id': '5cf23e3c9489ac7052a906c9', 'title': '第1集', 'order': 1, 'updated_at': '2019-05-31T17:47:52.971Z', 'id': '5cf23e3c9489ac7052a906c9'}]
2026-09-24 01:24:15 - mkk_pika - database.py:215 - INFO - 第一次下载该漫画，记录数据库中
2026-09-24 01:24:16 - mkk_pika - main.py:83 - INFO - 找到 35 张图片在:第1集
2026-09-24 01:24:17 - mkk_pika - main.py:112 - INFO - [episode:第1集       ] downloaded:    35, total:  35, progress:100%
2026-09-24 01:24:17 - mkk_pika - database.py:238 - INFO - 数据库更新已下载章节
2026-09-24 01:24:17 - mkk_pika - database.py:244 - INFO - 该漫画已下载章节如下
2026-09-24 01:24:17 - mkk_pika - database.py:245 - INFO - ['第1集']
2026-09-24 01:24:18 - mkk_pika - main.py:348 - INFO - ==================== 漫画信息 ====================
                                   漫画ID：5cf23e3c9489ac7052a906c8
                                   标题：(COMIC1☆12)  新人だから子守りを任されました…。 (NEW GAME!) [中国翻訳]
                                   作者：サークルフィオレ (えかきびと)
                                   是否完结：是
                                   总页数：35
                                   分类：短篇,同人
                                   章节数：1
                                   最后更新时间：2019-06-01T08:58:36.349Z
                                   =================================================
2026-09-24 01:24:18 - mkk_pika - database.py:101 - INFO - 保存成功：(COMIC1☆12)  新人だから子守りを任されました…。 (NEW GAME!) [中国翻訳]
2026-09-24 01:24:18 - mkk_pika - main.py:35 - INFO - 开始检查大丈夫!!全然まだ冬じゃん! [中国翻訳]是否存在未下载章节
2026-09-24 01:24:19 - mkk_pika - main.py:45 - INFO - 正在下载:[大丈夫!!全然まだ冬じゃん! [中国翻訳]]-[Caramel Macchiato (M木)]-[['短篇', '同人', '全彩']]-[total_pages:19]
2026-09-24 01:24:19 - mkk_pika - main.py:49 - INFO - [{'_id': '5cf23e636ca8f8704c63e6c4', 'title': '第1集', 'order': 1, 'updated_at': '2019-05-31T17:52:36.957Z', 'id': '5cf23e636ca8f8704c63e6c4'}]
2026-09-24 01:24:19 - mkk_pika - database.py:215 - INFO - 第一次下载该漫画，记录数据库中
2026-09-24 01:24:19 - mkk_pika - main.py:83 - INFO - 找到 19 张图片在:第1集
2026-09-24 01:24:20 - mkk_pika - main.py:112 - INFO - [episode:第1集       ] downloaded:    19, total:  19, progress:100%
2026-09-24 01:24:20 - mkk_pika - database.py:238 - INFO - 数据库更新已下载章节
2026-09-24 01:24:20 - mkk_pika - database.py:244 - INFO - 该漫画已下载章节如下
2026-09-24 01:24:20 - mkk_pika - database.py:245 - INFO - ['第1集']
2026-09-24 01:24:21 - mkk_pika - main.py:348 - INFO - ==================== 漫画信息 ====================
                                   漫画ID：5cf23e636ca8f8704c63e6c3
                                   标题：大丈夫!!全然まだ冬じゃん! [中国翻訳]
                                   作者：Caramel Macchiato (M木)
                                   是否完结：是
                                   总页数：19
                                   分类：短篇,同人,全彩
                                   章节数：1
                                   最后更新时间：2019-06-01T08:59:15.923Z
                                   =================================================
2026-09-24 01:24:21 - mkk_pika - database.py:101 - INFO - 保存成功：大丈夫!!全然まだ冬じゃん! [中国翻訳]
2026-09-24 01:24:21 - mkk_pika - main.py:35 - INFO - 开始检查(COMIC1☆15) カレー味のカレー (上野さんは不器用)是否存在未下载章节
2026-09-24 01:24:22 - mkk_pika - main.py:45 - INFO - 正在下载:[(COMIC1☆15) カレー味のカレー (上野さんは不器用)]-[あったまろ。 (こたつ。)]-[['短篇', '同人']]-[total_pages:35]
2026-09-24 01:24:22 - mkk_pika - main.py:49 - INFO - [{'_id': '5cc96b92083941411cc0e847', 'title': '第1集', 'order': 1, 'updated_at': '2019-04-30T12:53:45.088Z', 'id': '5cc96b92083941411cc0e847'}, {'_id': '5cf23e77f70b36705e42a47a', 'title': '汉化', 'order': 2, 'updated_at': '2019-05-31T17:58:46.844Z', 'id': '5cf23e77f70b36705e42a47a'}]
2026-09-24 01:24:22 - mkk_pika - database.py:215 - INFO - 第一次下载该漫画，记录数据库中
2026-09-24 01:24:22 - mkk_pika - main.py:83 - INFO - 找到 16 张图片在:第1集
2026-09-24 01:24:23 - mkk_pika - main.py:112 - INFO - [episode:第1集       ] downloaded:    16, total:  16, progress:100%
2026-09-24 01:24:23 - mkk_pika - database.py:238 - INFO - 数据库更新已下载章节
2026-09-24 01:24:23 - mkk_pika - database.py:244 - INFO - 该漫画已下载章节如下
2026-09-24 01:24:23 - mkk_pika - database.py:245 - INFO - ['第1集']
2026-09-24 01:24:24 - mkk_pika - main.py:83 - INFO - 找到 19 张图片在:汉化
2026-09-24 01:24:25 - mkk_pika - main.py:112 - INFO - [episode:汉化        ] downloaded:    19, total:  19, progress:100%
2026-09-24 01:24:25 - mkk_pika - database.py:238 - INFO - 数据库更新已下载章节
2026-09-24 01:24:25 - mkk_pika - database.py:244 - INFO - 该漫画已下载章节如下
2026-09-24 01:24:25 - mkk_pika - database.py:245 - INFO - ['第1集', '汉化']
2026-09-24 01:24:26 - mkk_pika - main.py:348 - INFO - ==================== 漫画信息 ====================
                                   漫画ID：5cc96b92083941411cc0e846
                                   标题：(COMIC1☆15) カレー味のカレー (上野さんは不器用)
                                   作者：あったまろ。 (こたつ。)
                                   是否完结：是
                                   总页数：35
                                   分类：短篇,同人
                                   章节数：2
                                   最后更新时间：2019-06-01T08:59:35.546Z
                                   =================================================
2026-09-24 01:24:26 - mkk_pika - database.py:101 - INFO - 保存成功：(COMIC1☆15) カレー味のカレー (上野さんは不器用)
2026-09-24 01:24:26 - mkk_pika - main.py:35 - INFO - 开始检查Girls & GoblinSlayer (ゴブリンスレイヤー)是否存在未下载章节
2026-09-24 01:24:26 - mkk_pika - main.py:45 - INFO - 正在下载:[Girls & GoblinSlayer (ゴブリンスレイヤー)]-[綿120パーセント (めんようじゃん)]-[['同人', '短篇', '全彩', '後宮閃光']]-[total_pages:21]
2026-09-24 01:24:26 - mkk_pika - main.py:49 - INFO - [{'_id': '5cf23f5552c88a706444da1a', 'title': '第1集', 'order': 1, 'updated_at': '2019-06-01T04:40:01.738Z', 'id': '5cf23f5552c88a706444da1a'}]
2026-09-24 01:24:26 - mkk_pika - database.py:215 - INFO - 第一次下载该漫画，记录数据库中
2026-09-24 01:24:27 - mkk_pika - main.py:83 - INFO - 找到 21 张图片在:第1集
2026-09-24 01:24:28 - mkk_pika - main.py:112 - INFO - [episode:第1集       ] downloaded:    21, total:  21, progress:100%
2026-09-24 01:24:28 - mkk_pika - database.py:238 - INFO - 数据库更新已下载章节
2026-09-24 01:24:28 - mkk_pika - database.py:244 - INFO - 该漫画已下载章节如下
2026-09-24 01:24:28 - mkk_pika - database.py:245 - INFO - ['第1集']
2026-09-24 01:24:29 - mkk_pika - main.py:348 - INFO - ==================== 漫画信息 ====================
                                   漫画ID：5cf23f5552c88a706444da19
                                   标题：Girls & GoblinSlayer (ゴブリンスレイヤー)
                                   作者：綿120パーセント (めんようじゃん)
                                   是否完结：是
                                   总页数：21
                                   分类：同人,短篇,全彩,後宮閃光
                                   章节数：1
                                   最后更新时间：2019-06-01T09:03:17.429Z
                                   =================================================
2026-09-24 01:24:29 - mkk_pika - database.py:101 - INFO - 保存成功：Girls & GoblinSlayer (ゴブリンスレイヤー)
2026-09-24 01:24:29 - mkk_pika - main.py:35 - INFO - 开始检查VictimGirls 17 SOS -savage our souls- (艦隊これくしょん-艦これ-) [中国翻訳]是否存在未下载章节
2026-09-24 01:24:29 - mkk_pika - main.py:45 - INFO - 正在下载:[VictimGirls 17 SOS -savage our souls- (艦隊これくしょん-艦これ-) [中国翻訳]]-[Fatalpulse (朝凪)]-[['短篇', '同人', '強暴', '艦隊收藏']]-[total_pages:40]
2026-09-24 01:24:29 - mkk_pika - main.py:49 - INFO - [{'_id': '5cf23f666ca8f8704c63e6d9', 'title': '第1集', 'order': 1, 'updated_at': '2019-05-31T10:09:45.374Z', 'id': '5cf23f666ca8f8704c63e6d9'}]
2026-09-24 01:24:29 - mkk_pika - database.py:215 - INFO - 第一次下载该漫画，记录数据库中
2026-09-24 01:24:30 - mkk_pika - main.py:83 - INFO - 找到 40 张图片在:第1集
2026-09-24 01:24:31 - mkk_pika - main.py:112 - INFO - [episode:第1集       ] downloaded:    40, total:  40, progress:100%
2026-09-24 01:24:31 - mkk_pika - database.py:238 - INFO - 数据库更新已下载章节
2026-09-24 01:24:31 - mkk_pika - database.py:244 - INFO - 该漫画已下载章节如下
2026-09-24 01:24:31 - mkk_pika - database.py:245 - INFO - ['第1集']
2026-09-24 01:24:33 - mkk_pika - main.py:348 - INFO - ==================== 漫画信息 ====================
                                   漫画ID：5cf23f666ca8f8704c63e6d8
                                   标题：VictimGirls 17 SOS -savage our souls- (艦隊これくしょん-艦これ-) [中国翻訳]
                                   作者：Fatalpulse (朝凪)
                                   是否完结：否
                                   总页数：40
                                   分类：短篇,同人,強暴,艦隊收藏
                                   章节数：1
                                   最后更新时间：2019-06-01T09:03:34.707Z
                                   =================================================
2026-09-24 01:24:33 - mkk_pika - database.py:101 - INFO - 保存成功：VictimGirls 17 SOS -savage our souls- (艦隊これくしょん-艦これ-) [中国翻訳]
2026-09-24 01:24:33 - mkk_pika - main.py:35 - INFO - 开始检查(コミティア120)小さな恋人はこむぎいろ[中国翻訳]是否存在未下载章节
2026-09-24 01:24:33 - mkk_pika - main.py:45 - INFO - 正在下载:[(コミティア120)小さな恋人はこむぎいろ[中国翻訳]]-[とんずら道中 (かざわ)]-[['短篇', '純愛', '妹妹系']]-[total_pages:25]
2026-09-24 01:24:33 - mkk_pika - main.py:49 - INFO - [{'_id': '5cf23fa29489ac7052a907dc', 'title': '酸唧唧', 'order': 1, 'updated_at': '2019-06-01T06:01:52.437Z', 'id': '5cf23fa29489ac7052a907dc'}]
2026-09-24 01:24:33 - mkk_pika - database.py:215 - INFO - 第一次下载该漫画，记录数据库中
2026-09-24 01:24:33 - mkk_pika - main.py:83 - INFO - 找到 25 张图片在:酸唧唧
2026-09-24 01:24:34 - mkk_pika - main.py:112 - INFO - [episode:酸唧唧       ] downloaded:    25, total:  25, progress:100%
2026-09-24 01:24:34 - mkk_pika - database.py:238 - INFO - 数据库更新已下载章节
2026-09-24 01:24:34 - mkk_pika - database.py:244 - INFO - 该漫画已下载章节如下
2026-09-24 01:24:34 - mkk_pika - database.py:245 - INFO - ['酸唧唧']
2026-09-24 01:24:35 - mkk_pika - main.py:348 - INFO - ==================== 漫画信息 ====================
                                   漫画ID：5cf23fa29489ac7052a907db
                                   标题：(コミティア120)小さな恋人はこむぎいろ[中国翻訳]
                                   作者：とんずら道中 (かざわ)
                                   是否完结：是
                                   总页数：25
                                   分类：短篇,純愛,妹妹系
                                   章节数：1
                                   最后更新时间：2019-06-01T09:04:34.453Z
                                   =================================================
2026-09-24 01:24:35 - mkk_pika - database.py:101 - INFO - 保存成功：(コミティア120)小さな恋人はこむぎいろ[中国翻訳]
2026-09-24 01:24:35 - mkk_pika - main.py:35 - INFO - 开始检查エローナ オークの淫紋に侵された女騎士の末路 是否存在未下载章节
2026-09-24 01:24:36 - mkk_pika - main.py:45 - INFO - 正在下载:[エローナ オークの淫紋に侵された女騎士の末路 ]-[山田ゴゴゴ]-[['長篇', '非人類', '強暴', 'NTR']]-[total_pages:217]
2026-09-24 01:24:36 - mkk_pika - main.py:49 - INFO - [{'_id': '5bd9afcc93708b0c874a2bd8', 'title': '第1集', 'order': 1, 'updated_at': '2018-10-31T09:48:58.417Z', 'id': '5bd9afcc93708b0c874a2bd8'}, {'_id': '5c1fa66f8832d260ab5f7b3b', 'title': '完结篇', 'order': 2, 'updated_at': '2018-12-22T03:04:39.997Z', 'id': '5c1fa66f8832d260ab5f7b3b'}, {'_id': '5cf23fc89489ac7052a907f6', 'title': 'エピローグ 雌豚追憶', 'order': 3, 'updated_at': '2019-06-01T07:11:08.119Z', 'id': '5cf23fc89489ac7052a907f6'}]
2026-09-24 01:24:36 - mkk_pika - database.py:215 - INFO - 第一次下载该漫画，记录数据库中
2026-09-24 01:24:37 - mkk_pika - main.py:83 - INFO - 找到 155 张图片在:第1集
2026-09-24 01:24:41 - mkk_pika - main.py:112 - INFO - [episode:第1集       ] downloaded:   155, total: 155, progress:100%
2026-09-24 01:24:41 - mkk_pika - database.py:238 - INFO - 数据库更新已下载章节
2026-09-24 01:24:41 - mkk_pika - database.py:244 - INFO - 该漫画已下载章节如下
2026-09-24 01:24:41 - mkk_pika - database.py:245 - INFO - ['第1集']
2026-09-24 01:24:43 - mkk_pika - main.py:83 - INFO - 找到 30 张图片在:完结篇
2026-09-24 01:24:44 - mkk_pika - main.py:112 - INFO - [episode:完结篇       ] downloaded:    30, total:  30, progress:100%
2026-09-24 01:24:44 - mkk_pika - database.py:238 - INFO - 数据库更新已下载章节
2026-09-24 01:24:44 - mkk_pika - database.py:244 - INFO - 该漫画已下载章节如下
2026-09-24 01:24:44 - mkk_pika - database.py:245 - INFO - ['第1集', '完结篇']
2026-09-24 01:24:45 - mkk_pika - main.py:83 - INFO - 找到 32 张图片在:エピローグ雌豚追憶
2026-09-24 01:24:46 - mkk_pika - main.py:112 - INFO - [episode:エピローグ 雌豚追憶] downloaded:    32, total:  32, progress:100%
2026-09-24 01:24:46 - mkk_pika - database.py:238 - INFO - 数据库更新已下载章节
2026-09-24 01:24:46 - mkk_pika - database.py:244 - INFO - 该漫画已下载章节如下
2026-09-24 01:24:46 - mkk_pika - database.py:245 - INFO - ['第1集', '完结篇', 'エピローグ 雌豚追憶']
2026-09-24 01:24:48 - mkk_pika - main.py:348 - INFO - ==================== 漫画信息 ====================
                                   漫画ID：5bd9afcc93708b0c874a2bd7
                                   标题：エローナ オークの淫紋に侵された女騎士の末路 
                                   作者：山田ゴゴゴ
                                   是否完结：是
                                   总页数：217
                                   分类：長篇,非人類,強暴,NTR
                                   章节数：3
                                   最后更新时间：2019-06-01T09:05:12.647Z
                                   =================================================
2026-09-24 01:24:48 - mkk_pika - database.py:101 - INFO - 保存成功：エローナ オークの淫紋に侵された女騎士の末路 
2026-09-24 01:24:48 - mkk_pika - main.py:35 - INFO - 开始检查わたちん!!是否存在未下载章节
2026-09-24 01:24:48 - mkk_pika - main.py:45 - INFO - 正在下载:[わたちん!!]-[スタジオた～ (狂一郎)]-[['同人', '短篇', '扶他樂園']]-[total_pages:27]
2026-09-24 01:24:48 - mkk_pika - main.py:49 - INFO - [{'_id': '5cf23fdb9489ac7052a90818', 'title': '第1集', 'order': 1, 'updated_at': '2019-06-01T07:16:55.525Z', 'id': '5cf23fdb9489ac7052a90818'}]
2026-09-24 01:24:48 - mkk_pika - database.py:215 - INFO - 第一次下载该漫画，记录数据库中
2026-09-24 01:24:49 - mkk_pika - main.py:83 - INFO - 找到 27 张图片在:第1集
2026-09-24 01:24:49 - mkk_pika - main.py:112 - INFO - [episode:第1集       ] downloaded:    27, total:  27, progress:100%
2026-09-24 01:24:49 - mkk_pika - database.py:238 - INFO - 数据库更新已下载章节
2026-09-24 01:24:49 - mkk_pika - database.py:244 - INFO - 该漫画已下载章节如下
2026-09-24 01:24:49 - mkk_pika - database.py:245 - INFO - ['第1集']
2026-09-24 01:24:51 - mkk_pika - main.py:348 - INFO - ==================== 漫画信息 ====================
                                   漫画ID：5cf23fdb9489ac7052a90817
                                   标题：わたちん!!
                                   作者：スタジオた～ (狂一郎)
                                   是否完结：否
                                   总页数：27
                                   分类：同人,短篇,扶他樂園
                                   章节数：1
                                   最后更新时间：2019-06-01T09:05:31.278Z
                                   =================================================
2026-09-24 01:24:51 - mkk_pika - database.py:101 - INFO - 保存成功：わたちん!!
2026-09-24 01:24:51 - mkk_pika - main.py:35 - INFO - 开始检查(COMIC1☆15) 佐々木千枝と催眠ドスケベひがいしゃの会 (アイドルマスター シンデレラガールズ) [中国翻訳]是否存在未下载章节
2026-09-24 01:24:51 - mkk_pika - main.py:45 - INFO - 正在下载:[(COMIC1☆15) 佐々木千枝と催眠ドスケベひがいしゃの会 (アイドルマスター シンデレラガールズ) [中国翻訳]]-[闇に蠢く (どくろさん)]-[['短篇', '同人', 'NTR', '強暴']]-[total_pages:23]
2026-09-24 01:24:51 - mkk_pika - main.py:49 - INFO - [{'_id': '5cf23ff46ca8f8704c63e9ee', 'title': '第1集', 'order': 1, 'updated_at': '2019-06-01T07:17:02.226Z', 'id': '5cf23ff46ca8f8704c63e9ee'}]
2026-09-24 01:24:51 - mkk_pika - database.py:215 - INFO - 第一次下载该漫画，记录数据库中
2026-09-24 01:24:52 - mkk_pika - main.py:83 - INFO - 找到 23 张图片在:第1集
2026-09-24 01:24:52 - mkk_pika - main.py:112 - INFO - [episode:第1集       ] downloaded:    23, total:  23, progress:100%
2026-09-24 01:24:52 - mkk_pika - database.py:238 - INFO - 数据库更新已下载章节
2026-09-24 01:24:52 - mkk_pika - database.py:244 - INFO - 该漫画已下载章节如下
2026-09-24 01:24:52 - mkk_pika - database.py:245 - INFO - ['第1集']
2026-09-24 01:24:54 - mkk_pika - main.py:348 - INFO - ==================== 漫画信息 ====================
                                   漫画ID：5cf23ff46ca8f8704c63e9ed
                                   标题：(COMIC1☆15) 佐々木千枝と催眠ドスケベひがいしゃの会 (アイドルマスター シンデレラガールズ) [中国翻訳]
                                   作者：闇に蠢く (どくろさん)
                                   是否完结：是
                                   总页数：23
                                   分类：短篇,同人,NTR,強暴
                                   章节数：1
                                   最后更新时间：2019-06-01T09:05:56.443Z
                                   =================================================
2026-09-24 01:24:54 - mkk_pika - database.py:101 - INFO - 保存成功：(COMIC1☆15) 佐々木千枝と催眠ドスケベひがいしゃの会 (アイドルマスター シンデレラガールズ) [中国翻訳]
2026-09-24 01:24:54 - mkk_pika - main.py:380 - INFO - 本次任务下载完毕
2026-09-24 01:24:54 - mkk_pika - database.py:173 - INFO - 数据库连接已关闭
