2026-08-17 23:31:44 - mkk_pika - main.py:193 - INFO - =======================================================================
2026-08-17 23:31:44 - mkk_pika - database.py:61 - INFO - 表和索引初始化成功
2026-08-17 23:31:44 - mkk_pika - main.py:197 - INFO - 已经累计下载18928本漫画
2026-08-17 23:31:44 - mkk_pika - api.py:87 - INFO - 登录成功
2026-08-17 23:31:45 - mkk_pika - main.py:203 - INFO - 收藏夹共计0本漫画
2026-08-17 23:31:45 - mkk_pika - main.py:206 - INFO - 开始下载收藏夹内未下载内容
2026-08-17 23:31:45 - mkk_pika - main.py:266 - INFO - 收藏夹内容下载完毕
2026-08-17 23:31:45 - mkk_pika - main.py:268 - INFO - 开始下载订阅内容
2026-08-17 23:31:45 - mkk_pika - database.py:258 - INFO - 根据ID查询到标题：萝莉 -> I am not you！〜尤藍が入れ替わる話〜 | 蓝，I am not 尤！~尤蓝身体交换的故事~
2026-08-17 23:31:45 - mkk_pika - database.py:101 - INFO - 保存成功：I am not you！〜尤藍が入れ替わる話〜 | 蓝，I am not 尤！~尤蓝身体交换的故事~
2026-08-17 23:31:45 - mkk_pika - main.py:273 - INFO - 关键词萝莉找到1本漫画
2026-08-17 23:31:45 - mkk_pika - database.py:258 - INFO - 根据ID查询到标题：蘿莉 -> 
2026-08-17 23:31:46 - mkk_pika - database.py:101 - INFO - 保存成功：[PIXIV] AIうえお (118437861)（AI）
2026-08-17 23:31:46 - mkk_pika - main.py:273 - INFO - 关键词蘿莉找到29本漫画
2026-08-17 23:31:46 - mkk_pika - main.py:275 - INFO - 订阅内容共计30本漫画
2026-08-17 23:31:46 - mkk_pika - main.py:35 - INFO - 开始检查エロ本大好きなガキが女の子な訳ねえだろ!! | 喜欢看小黄漫的小鬼怎么可会是女生呢‼是否存在未下载章节
2026-08-17 23:31:46 - mkk_pika - database.py:203 - INFO - 查询数据库中是否已存在第1話
2026-08-17 23:31:46 - mkk_pika - main.py:51 - INFO - エロ本大好きなガキが女の子な訳ねえだろ!! | 喜欢看小黄漫的小鬼怎么可会是女生呢‼中没有可下载章节
2026-08-17 23:31:46 - mkk_pika - main.py:292 - INFO - ==================== 漫画信息 ====================
                                漫画ID：6a8081af071b81393d2308a6
                                标题：エロ本大好きなガキが女の子な訳ねえだろ!! | 喜欢看小黄漫的小鬼怎么可会是女生呢‼
                                作者：Rev3 (もんちゃんrev3)
                                是否完结：是
                                总页数：38
                                分类：短篇
                                章节数：1
                                最后更新时间：2026-08-15T15:11:43.862Z
                                =================================================
2026-08-17 23:31:46 - mkk_pika - database.py:101 - INFO - 保存成功：エロ本大好きなガキが女の子な訳ねえだろ!! | 喜欢看小黄漫的小鬼怎么可会是女生呢‼
2026-08-17 23:31:46 - mkk_pika - main.py:35 - INFO - 开始检查TYPE-80 (名探偵プリキュア!)是否存在未下载章节
2026-08-17 23:31:47 - mkk_pika - main.py:45 - INFO - 正在下载:[TYPE-80 (名探偵プリキュア!)]-[TYPE-57 (Frunbell)]-[['短篇', '同人', '強暴', '非人類']]-[total_pages:-1]
2026-08-17 23:31:47 - mkk_pika - main.py:49 - INFO - [{'_id': '6a8342c0eba8b00aaca4e672', 'title': '第1話', 'order': 1, 'updated_at': '2026-08-17T11:15:35.729Z', 'id': '6a8342c0eba8b00aaca4e672'}]
2026-08-17 23:31:47 - mkk_pika - database.py:215 - INFO - 第一次下载该漫画，记录数据库中
2026-08-17 23:31:47 - mkk_pika - main.py:83 - INFO - 找到 24 张图片在:第1話
2026-08-17 23:31:48 - mkk_pika - main.py:112 - INFO - [episode:第1話       ] downloaded:    24, total:  24, progress:100%
2026-08-17 23:31:48 - mkk_pika - database.py:238 - INFO - 数据库更新已下载章节
2026-08-17 23:31:48 - mkk_pika - database.py:244 - INFO - 该漫画已下载章节如下
2026-08-17 23:31:48 - mkk_pika - database.py:245 - INFO - ['第1話']
2026-08-17 23:31:49 - mkk_pika - main.py:292 - INFO - ==================== 漫画信息 ====================
                                漫画ID：6a8342c0eba8b00aaca4e671
                                标题：TYPE-80 (名探偵プリキュア!)
                                作者：TYPE-57 (Frunbell)
                                是否完结：是
                                总页数：24
                                分类：短篇,同人,強暴,非人類
                                章节数：1
                                最后更新时间：2026-08-17T17:20:00.184Z
                                =================================================
2026-08-17 23:31:49 - mkk_pika - database.py:101 - INFO - 保存成功：TYPE-80 (名探偵プリキュア!)
2026-08-17 23:31:49 - mkk_pika - main.py:35 - INFO - 开始检查ケイちゃんのドーパミン依存治療法 (ブルーアーカイブ)是否存在未下载章节
2026-08-17 23:31:50 - mkk_pika - main.py:45 - INFO - 正在下载:[ケイちゃんのドーパミン依存治療法 (ブルーアーカイブ)]-[やきとり海春 (umiHAL)]-[['同人', '短篇']]-[total_pages:-1]
2026-08-17 23:31:50 - mkk_pika - main.py:49 - INFO - [{'_id': '6a8342a71ce0c86ebea7ea81', 'title': '第1話', 'order': 1, 'updated_at': '2026-08-17T11:05:50.777Z', 'id': '6a8342a71ce0c86ebea7ea81'}]
2026-08-17 23:31:50 - mkk_pika - database.py:215 - INFO - 第一次下载该漫画，记录数据库中
2026-08-17 23:31:50 - mkk_pika - main.py:83 - INFO - 找到 23 张图片在:第1話
2026-08-17 23:31:51 - mkk_pika - main.py:112 - INFO - [episode:第1話       ] downloaded:    23, total:  23, progress:100%
2026-08-17 23:31:51 - mkk_pika - database.py:238 - INFO - 数据库更新已下载章节
2026-08-17 23:31:51 - mkk_pika - database.py:244 - INFO - 该漫画已下载章节如下
2026-08-17 23:31:51 - mkk_pika - database.py:245 - INFO - ['第1話']
2026-08-17 23:31:52 - mkk_pika - main.py:292 - INFO - ==================== 漫画信息 ====================
                                漫画ID：6a8342a71ce0c86ebea7ea80
                                标题：ケイちゃんのドーパミン依存治療法 (ブルーアーカイブ)
                                作者：やきとり海春 (umiHAL)
                                是否完结：是
                                总页数：23
                                分类：同人,短篇
                                章节数：1
                                最后更新时间：2026-08-17T17:19:35.690Z
                                =================================================
2026-08-17 23:31:52 - mkk_pika - database.py:101 - INFO - 保存成功：ケイちゃんのドーパミン依存治療法 (ブルーアーカイブ)
2026-08-17 23:31:52 - mkk_pika - main.py:35 - INFO - 开始检查ケイちゃんはマゾなんだよね? (ブルーアーカイブ)是否存在未下载章节
2026-08-17 23:31:52 - mkk_pika - main.py:45 - INFO - 正在下载:[ケイちゃんはマゾなんだよね? (ブルーアーカイブ)]-[砥部酒蔵 (砥部ふり)]-[['同人', '短篇']]-[total_pages:-1]
2026-08-17 23:31:52 - mkk_pika - main.py:49 - INFO - [{'_id': '6a8342901ce0c86ebea7ea67', 'title': '第1話', 'order': 1, 'updated_at': '2026-08-17T09:35:36.515Z', 'id': '6a8342901ce0c86ebea7ea67'}]
2026-08-17 23:31:52 - mkk_pika - database.py:215 - INFO - 第一次下载该漫画，记录数据库中
2026-08-17 23:31:53 - mkk_pika - main.py:83 - INFO - 找到 20 张图片在:第1話
2026-08-17 23:31:53 - mkk_pika - main.py:112 - INFO - [episode:第1話       ] downloaded:    20, total:  20, progress:100%
2026-08-17 23:31:53 - mkk_pika - database.py:238 - INFO - 数据库更新已下载章节
2026-08-17 23:31:53 - mkk_pika - database.py:244 - INFO - 该漫画已下载章节如下
2026-08-17 23:31:53 - mkk_pika - database.py:245 - INFO - ['第1話']
2026-08-17 23:31:55 - mkk_pika - main.py:292 - INFO - ==================== 漫画信息 ====================
                                漫画ID：6a8342901ce0c86ebea7ea66
                                标题：ケイちゃんはマゾなんだよね? (ブルーアーカイブ)
                                作者：砥部酒蔵 (砥部ふり)
                                是否完结：是
                                总页数：20
                                分类：同人,短篇
                                章节数：1
                                最后更新时间：2026-08-17T17:19:12.028Z
                                =================================================
2026-08-17 23:31:55 - mkk_pika - database.py:101 - INFO - 保存成功：ケイちゃんはマゾなんだよね? (ブルーアーカイブ)
2026-08-17 23:31:55 - mkk_pika - main.py:35 - INFO - 开始检查輪堂鈴音の輿入れマゾ開花 是否存在未下载章节
2026-08-17 23:31:55 - mkk_pika - main.py:45 - INFO - 正在下载:[輪堂鈴音の輿入れマゾ開花 ]-[覇娘 (猫耳花音)]-[['短篇']]-[total_pages:-1]
2026-08-17 23:31:55 - mkk_pika - main.py:49 - INFO - [{'_id': '6a8341b0b1801322647f0af8', 'title': '第1話', 'order': 1, 'updated_at': '2026-08-17T08:56:27.799Z', 'id': '6a8341b0b1801322647f0af8'}]
2026-08-17 23:31:55 - mkk_pika - database.py:215 - INFO - 第一次下载该漫画，记录数据库中
2026-08-17 23:31:55 - mkk_pika - main.py:83 - INFO - 找到 26 张图片在:第1話
2026-08-17 23:31:57 - mkk_pika - main.py:112 - INFO - [episode:第1話       ] downloaded:    26, total:  26, progress:100%
2026-08-17 23:31:57 - mkk_pika - database.py:238 - INFO - 数据库更新已下载章节
2026-08-17 23:31:57 - mkk_pika - database.py:244 - INFO - 该漫画已下载章节如下
2026-08-17 23:31:57 - mkk_pika - database.py:245 - INFO - ['第1話']
2026-08-17 23:31:58 - mkk_pika - main.py:292 - INFO - ==================== 漫画信息 ====================
                                漫画ID：6a8341b0b1801322647f0af7
                                标题：輪堂鈴音の輿入れマゾ開花 
                                作者：覇娘 (猫耳花音)
                                是否完结：是
                                总页数：26
                                分类：短篇
                                章节数：1
                                最后更新时间：2026-08-17T17:15:28.144Z
                                =================================================
2026-08-17 23:31:58 - mkk_pika - database.py:101 - INFO - 保存成功：輪堂鈴音の輿入れマゾ開花 
2026-08-17 23:31:58 - mkk_pika - main.py:35 - INFO - 开始检查アリケイクエスト (ブルーアーカイブ)是否存在未下载章节
2026-08-17 23:31:58 - mkk_pika - main.py:45 - INFO - 正在下载:[アリケイクエスト (ブルーアーカイブ)]-[半里プラザー (半里バード)]-[['同人', '短篇']]-[total_pages:-1]
2026-08-17 23:31:58 - mkk_pika - main.py:49 - INFO - [{'_id': '6a8340f01ce0c86ebea7e959', 'title': '第1話', 'order': 1, 'updated_at': '2026-08-17T06:08:51.716Z', 'id': '6a8340f01ce0c86ebea7e959'}]
2026-08-17 23:31:58 - mkk_pika - database.py:215 - INFO - 第一次下载该漫画，记录数据库中
2026-08-17 23:31:59 - mkk_pika - main.py:83 - INFO - 找到 25 张图片在:第1話
2026-08-17 23:32:00 - mkk_pika - main.py:112 - INFO - [episode:第1話       ] downloaded:    25, total:  25, progress:100%
2026-08-17 23:32:00 - mkk_pika - database.py:238 - INFO - 数据库更新已下载章节
2026-08-17 23:32:00 - mkk_pika - database.py:244 - INFO - 该漫画已下载章节如下
2026-08-17 23:32:00 - mkk_pika - database.py:245 - INFO - ['第1話']
2026-08-17 23:32:01 - mkk_pika - main.py:292 - INFO - ==================== 漫画信息 ====================
                                漫画ID：6a8340f01ce0c86ebea7e958
                                标题：アリケイクエスト (ブルーアーカイブ)
                                作者：半里プラザー (半里バード)
                                是否完结：是
                                总页数：25
                                分类：同人,短篇
                                章节数：1
                                最后更新时间：2026-08-17T17:12:16.461Z
                                =================================================
2026-08-17 23:32:01 - mkk_pika - database.py:101 - INFO - 保存成功：アリケイクエスト (ブルーアーカイブ)
2026-08-17 23:32:01 - mkk_pika - main.py:35 - INFO - 开始检查エンジェルハメ撮りちゅー | 妄想天使的性爱实拍过程—是否存在未下载章节
2026-08-17 23:32:01 - mkk_pika - main.py:45 - INFO - 正在下载:[エンジェルハメ撮りちゅー | 妄想天使的性爱实拍过程—]-[HBO (変熊)]-[['短篇']]-[total_pages:-1]
2026-08-17 23:32:01 - mkk_pika - main.py:49 - INFO - [{'_id': '6a83426eb038000abe5ed883', 'title': '第1話', 'order': 1, 'updated_at': '2026-08-12T16:56:57.895Z', 'id': '6a83426eb038000abe5ed883'}]
2026-08-17 23:32:01 - mkk_pika - database.py:215 - INFO - 第一次下载该漫画，记录数据库中
2026-08-17 23:32:02 - mkk_pika - main.py:83 - INFO - 找到 29 张图片在:第1話
2026-08-17 23:32:03 - mkk_pika - main.py:112 - INFO - [episode:第1話       ] downloaded:    29, total:  29, progress:100%
2026-08-17 23:32:03 - mkk_pika - database.py:238 - INFO - 数据库更新已下载章节
2026-08-17 23:32:03 - mkk_pika - database.py:244 - INFO - 该漫画已下载章节如下
2026-08-17 23:32:03 - mkk_pika - database.py:245 - INFO - ['第1話']
2026-08-17 23:32:04 - mkk_pika - main.py:292 - INFO - ==================== 漫画信息 ====================
                                漫画ID：6a83426eb038000abe5ed882
                                标题：エンジェルハメ撮りちゅー | 妄想天使的性爱实拍过程—
                                作者：HBO (変熊)
                                是否完结：是
                                总页数：29
                                分类：短篇
                                章节数：1
                                最后更新时间：2026-08-17T17:18:38.967Z
                                =================================================
2026-08-17 23:32:04 - mkk_pika - database.py:101 - INFO - 保存成功：エンジェルハメ撮りちゅー | 妄想天使的性爱实拍过程—
2026-08-17 23:32:04 - mkk_pika - main.py:35 - INFO - 开始检查クラスメイト♀が私のことエロい目で見てたんだけどっ!? | 班上的女同学一直在用色色的眼神看我来着！？是否存在未下载章节
2026-08-17 23:32:04 - mkk_pika - main.py:45 - INFO - 正在下载:[クラスメイト♀が私のことエロい目で見てたんだけどっ!? | 班上的女同学一直在用色色的眼神看我来着！？]-[きんだーがーでん (としぞう)]-[['短篇', '百合花園']]-[total_pages:-1]
2026-08-17 23:32:04 - mkk_pika - main.py:49 - INFO - [{'_id': '6a834230eba8b00aaca4e5ba', 'title': '第1話', 'order': 1, 'updated_at': '2026-08-12T17:09:20.780Z', 'id': '6a834230eba8b00aaca4e5ba'}]
2026-08-17 23:32:04 - mkk_pika - database.py:215 - INFO - 第一次下载该漫画，记录数据库中
2026-08-17 23:32:05 - mkk_pika - main.py:83 - INFO - 找到 37 张图片在:第1話
2026-08-17 23:32:07 - mkk_pika - main.py:112 - INFO - [episode:第1話       ] downloaded:    37, total:  37, progress:100%
2026-08-17 23:32:07 - mkk_pika - database.py:238 - INFO - 数据库更新已下载章节
2026-08-17 23:32:07 - mkk_pika - database.py:244 - INFO - 该漫画已下载章节如下
2026-08-17 23:32:07 - mkk_pika - database.py:245 - INFO - ['第1話']
2026-08-17 23:32:08 - mkk_pika - main.py:292 - INFO - ==================== 漫画信息 ====================
                                漫画ID：6a834230eba8b00aaca4e5b9
                                标题：クラスメイト♀が私のことエロい目で見てたんだけどっ!? | 班上的女同学一直在用色色的眼神看我来着！？
                                作者：きんだーがーでん (としぞう)
                                是否完结：是
                                总页数：37
                                分类：短篇,百合花園
                                章节数：1
                                最后更新时间：2026-08-17T17:17:36.798Z
                                =================================================
2026-08-17 23:32:08 - mkk_pika - database.py:101 - INFO - 保存成功：クラスメイト♀が私のことエロい目で見てたんだけどっ!? | 班上的女同学一直在用色色的眼神看我来着！？
2026-08-17 23:32:08 - mkk_pika - main.py:35 - INFO - 开始检查姪と過ごす８日目~ショッピングモール編｜和外甥女度过的第八天 购物商场篇[Digital]是否存在未下载章节
2026-08-17 23:32:08 - mkk_pika - main.py:45 - INFO - 正在下载:[姪と過ごす８日目~ショッピングモール編｜和外甥女度过的第八天 购物商场篇[Digital]]-[ありくいVライン (おおおおありくい)]-[['短篇']]-[total_pages:-1]
2026-08-17 23:32:08 - mkk_pika - main.py:49 - INFO - [{'_id': '6a8340e71ce0c86ebea7e926', 'title': '第1話', 'order': 1, 'updated_at': '2026-08-16T21:00:02.964Z', 'id': '6a8340e71ce0c86ebea7e926'}]
2026-08-17 23:32:08 - mkk_pika - database.py:215 - INFO - 第一次下载该漫画，记录数据库中
2026-08-17 23:32:09 - mkk_pika - main.py:83 - INFO - 找到 46 张图片在:第1話
2026-08-17 23:32:10 - mkk_pika - main.py:112 - INFO - [episode:第1話       ] downloaded:    46, total:  46, progress:100%
2026-08-17 23:32:10 - mkk_pika - database.py:238 - INFO - 数据库更新已下载章节
2026-08-17 23:32:10 - mkk_pika - database.py:244 - INFO - 该漫画已下载章节如下
2026-08-17 23:32:10 - mkk_pika - database.py:245 - INFO - ['第1話']
2026-08-17 23:32:12 - mkk_pika - main.py:292 - INFO - ==================== 漫画信息 ====================
                                漫画ID：6a8340e71ce0c86ebea7e925
                                标题：姪と過ごす８日目~ショッピングモール編｜和外甥女度过的第八天 购物商场篇[Digital]
                                作者：ありくいVライン (おおおおありくい)
                                是否完结：是
                                总页数：46
                                分类：短篇
                                章节数：1
                                最后更新时间：2026-08-17T17:12:07.778Z
                                =================================================
2026-08-17 23:32:12 - mkk_pika - database.py:101 - INFO - 保存成功：姪と過ごす８日目~ショッピングモール編｜和外甥女度过的第八天 购物商场篇[Digital]
2026-08-17 23:32:12 - mkk_pika - main.py:35 - INFO - 开始检查キサ危機 | 妃咲危机是否存在未下载章节
2026-08-17 23:32:12 - mkk_pika - main.py:45 - INFO - 正在下载:[キサ危機 | 妃咲危机]-[Horizontal World (またのんき▼)]-[['同人', '短篇', '純愛']]-[total_pages:-1]
2026-08-17 23:32:12 - mkk_pika - main.py:49 - INFO - [{'_id': '6a8340cbb1801322647f09c4', 'title': '熟肉', 'order': 1, 'updated_at': '2026-08-16T20:07:28.760Z', 'id': '6a8340cbb1801322647f09c4'}, {'_id': '6a8340cbb1801322647f09c5', 'title': '生肉', 'order': 2, 'updated_at': '2026-08-16T20:10:52.177Z', 'id': '6a8340cbb1801322647f09c5'}]
2026-08-17 23:32:12 - mkk_pika - database.py:215 - INFO - 第一次下载该漫画，记录数据库中
2026-08-17 23:32:12 - mkk_pika - main.py:83 - INFO - 找到 28 张图片在:熟肉
2026-08-17 23:32:13 - mkk_pika - main.py:112 - INFO - [episode:熟肉        ] downloaded:    28, total:  28, progress:100%
2026-08-17 23:32:13 - mkk_pika - database.py:238 - INFO - 数据库更新已下载章节
2026-08-17 23:32:13 - mkk_pika - database.py:244 - INFO - 该漫画已下载章节如下
2026-08-17 23:32:13 - mkk_pika - database.py:245 - INFO - ['熟肉']
2026-08-17 23:32:15 - mkk_pika - main.py:83 - INFO - 找到 27 张图片在:生肉
2026-08-17 23:32:16 - mkk_pika - main.py:112 - INFO - [episode:生肉        ] downloaded:    27, total:  27, progress:100%
2026-08-17 23:32:16 - mkk_pika - database.py:238 - INFO - 数据库更新已下载章节
2026-08-17 23:32:16 - mkk_pika - database.py:244 - INFO - 该漫画已下载章节如下
2026-08-17 23:32:16 - mkk_pika - database.py:245 - INFO - ['熟肉', '生肉']
2026-08-17 23:32:17 - mkk_pika - main.py:292 - INFO - ==================== 漫画信息 ====================
                                漫画ID：6a8340cbb1801322647f09c3
                                标题：キサ危機 | 妃咲危机
                                作者：Horizontal World (またのんき▼)
                                是否完结：是
                                总页数：55
                                分类：同人,短篇,純愛
                                章节数：2
                                最后更新时间：2026-08-17T17:11:39.935Z
                                =================================================
2026-08-17 23:32:17 - mkk_pika - database.py:101 - INFO - 保存成功：キサ危機 | 妃咲危机
2026-08-17 23:32:17 - mkk_pika - main.py:35 - INFO - 开始检查この身体は膀胱の容量が少なすぎです!! | 这副身体的膀胱容量也未免太小了吧!!是否存在未下载章节
2026-08-17 23:32:17 - mkk_pika - main.py:45 - INFO - 正在下载:[この身体は膀胱の容量が少なすぎです!! | 这副身体的膀胱容量也未免太小了吧!!]-[みるくプリン (ジャムしぃ)]-[['短篇', '同人', '純愛']]-[total_pages:-1]
2026-08-17 23:32:17 - mkk_pika - main.py:49 - INFO - [{'_id': '6a83408d1ce0c86ebea7e8c8', 'title': '熟肉', 'order': 1, 'updated_at': '2026-08-16T16:06:47.282Z', 'id': '6a83408d1ce0c86ebea7e8c8'}, {'_id': '6a83408d1ce0c86ebea7e8c9', 'title': '生肉', 'order': 2, 'updated_at': '2026-08-16T16:08:17.546Z', 'id': '6a83408d1ce0c86ebea7e8c9'}]
2026-08-17 23:32:17 - mkk_pika - database.py:215 - INFO - 第一次下载该漫画，记录数据库中
2026-08-17 23:32:18 - mkk_pika - main.py:83 - INFO - 找到 22 张图片在:熟肉
2026-08-17 23:32:19 - mkk_pika - main.py:112 - INFO - [episode:熟肉        ] downloaded:    22, total:  22, progress:100%
2026-08-17 23:32:19 - mkk_pika - database.py:238 - INFO - 数据库更新已下载章节
2026-08-17 23:32:19 - mkk_pika - database.py:244 - INFO - 该漫画已下载章节如下
2026-08-17 23:32:19 - mkk_pika - database.py:245 - INFO - ['熟肉']
2026-08-17 23:32:20 - mkk_pika - main.py:83 - INFO - 找到 21 张图片在:生肉
2026-08-17 23:32:21 - mkk_pika - main.py:112 - INFO - [episode:生肉        ] downloaded:    21, total:  21, progress:100%
2026-08-17 23:32:21 - mkk_pika - database.py:238 - INFO - 数据库更新已下载章节
2026-08-17 23:32:21 - mkk_pika - database.py:244 - INFO - 该漫画已下载章节如下
2026-08-17 23:32:21 - mkk_pika - database.py:245 - INFO - ['熟肉', '生肉']
2026-08-17 23:32:22 - mkk_pika - main.py:292 - INFO - ==================== 漫画信息 ====================
                                漫画ID：6a83408d1ce0c86ebea7e8c7
                                标题：この身体は膀胱の容量が少なすぎです!! | 这副身体的膀胱容量也未免太小了吧!!
                                作者：みるくプリン (ジャムしぃ)
                                是否完结：是
                                总页数：43
                                分类：短篇,同人,純愛
                                章节数：2
                                最后更新时间：2026-08-17T17:10:37.635Z
                                =================================================
2026-08-17 23:32:22 - mkk_pika - database.py:101 - INFO - 保存成功：この身体は膀胱の容量が少なすぎです!! | 这副身体的膀胱容量也未免太小了吧!!
2026-08-17 23:32:22 - mkk_pika - main.py:35 - INFO - 开始检查助けて!しゅくだい屋さん是否存在未下载章节
2026-08-17 23:32:23 - mkk_pika - main.py:45 - INFO - 正在下载:[助けて!しゅくだい屋さん]-[あるふぁべっと]-[['短篇']]-[total_pages:-1]
2026-08-17 23:32:23 - mkk_pika - main.py:49 - INFO - [{'_id': '6a8340451ce0c86ebea7e867', 'title': '第1話', 'order': 1, 'updated_at': '2026-08-16T13:23:36.529Z', 'id': '6a8340451ce0c86ebea7e867'}]
2026-08-17 23:32:23 - mkk_pika - database.py:215 - INFO - 第一次下载该漫画，记录数据库中
2026-08-17 23:32:23 - mkk_pika - main.py:83 - INFO - 找到 18 张图片在:第1話
2026-08-17 23:32:24 - mkk_pika - main.py:112 - INFO - [episode:第1話       ] downloaded:    18, total:  18, progress:100%
2026-08-17 23:32:24 - mkk_pika - database.py:238 - INFO - 数据库更新已下载章节
2026-08-17 23:32:24 - mkk_pika - database.py:244 - INFO - 该漫画已下载章节如下
2026-08-17 23:32:24 - mkk_pika - database.py:245 - INFO - ['第1話']
2026-08-17 23:32:25 - mkk_pika - main.py:292 - INFO - ==================== 漫画信息 ====================
                                漫画ID：6a8340451ce0c86ebea7e866
                                标题：助けて!しゅくだい屋さん
                                作者：あるふぁべっと
                                是否完结：否
                                总页数：18
                                分类：短篇
                                章节数：1
                                最后更新时间：2026-08-17T17:09:25.378Z
                                =================================================
2026-08-17 23:32:25 - mkk_pika - database.py:101 - INFO - 保存成功：助けて!しゅくだい屋さん
2026-08-17 23:32:25 - mkk_pika - main.py:35 - INFO - 开始检查ヒカリでしゅっぽり是否存在未下载章节
2026-08-17 23:32:26 - mkk_pika - main.py:45 - INFO - 正在下载:[ヒカリでしゅっぽり]-[わ風 (よ式)]-[['短篇', '同人']]-[total_pages:-1]
2026-08-17 23:32:26 - mkk_pika - main.py:49 - INFO - [{'_id': '6a833ff26b4526228aeeecfb', 'title': '第1話', 'order': 1, 'updated_at': '2026-08-16T12:47:00.851Z', 'id': '6a833ff26b4526228aeeecfb'}]
2026-08-17 23:32:26 - mkk_pika - database.py:215 - INFO - 第一次下载该漫画，记录数据库中
2026-08-17 23:32:26 - mkk_pika - main.py:83 - INFO - 找到 8 张图片在:第1話
2026-08-17 23:32:27 - mkk_pika - main.py:112 - INFO - [episode:第1話       ] downloaded:     8, total:   8, progress:100%
2026-08-17 23:32:27 - mkk_pika - database.py:238 - INFO - 数据库更新已下载章节
2026-08-17 23:32:27 - mkk_pika - database.py:244 - INFO - 该漫画已下载章节如下
2026-08-17 23:32:27 - mkk_pika - database.py:245 - INFO - ['第1話']
2026-08-17 23:32:28 - mkk_pika - main.py:292 - INFO - ==================== 漫画信息 ====================
                                漫画ID：6a833ff26b4526228aeeecfa
                                标题：ヒカリでしゅっぽり
                                作者：わ風 (よ式)
                                是否完结：否
                                总页数：8
                                分类：短篇,同人
                                章节数：1
                                最后更新时间：2026-08-17T17:08:02.761Z
                                =================================================
2026-08-17 23:32:28 - mkk_pika - database.py:101 - INFO - 保存成功：ヒカリでしゅっぽり
2026-08-17 23:32:28 - mkk_pika - main.py:35 - INFO - 开始检查いたずら門主様をわからせる本是否存在未下载章节
2026-08-17 23:32:28 - mkk_pika - main.py:45 - INFO - 正在下载:[いたずら門主様をわからせる本]-[げるまにうむ (なぎと)]-[['短篇', '同人']]-[total_pages:-1]
2026-08-17 23:32:28 - mkk_pika - main.py:49 - INFO - [{'_id': '6a7b665e911fbf0872a99fa5', 'title': '生肉', 'order': 1, 'updated_at': '2026-08-17T17:07:37.034Z', 'id': '6a7b665e911fbf0872a99fa5'}, {'_id': '6a833fd925d48a229b184cd1', 'title': '熟肉', 'order': 2, 'updated_at': '2026-08-16T12:39:39.117Z', 'id': '6a833fd925d48a229b184cd1'}]
2026-08-17 23:32:28 - mkk_pika - database.py:215 - INFO - 第一次下载该漫画，记录数据库中
2026-08-17 23:32:29 - mkk_pika - main.py:83 - INFO - 找到 39 张图片在:生肉
2026-08-17 23:32:30 - mkk_pika - main.py:112 - INFO - [episode:生肉        ] downloaded:    39, total:  39, progress:100%
2026-08-17 23:32:30 - mkk_pika - database.py:238 - INFO - 数据库更新已下载章节
2026-08-17 23:32:30 - mkk_pika - database.py:244 - INFO - 该漫画已下载章节如下
2026-08-17 23:32:30 - mkk_pika - database.py:245 - INFO - ['生肉']
2026-08-17 23:32:32 - mkk_pika - main.py:83 - INFO - 找到 39 张图片在:熟肉
2026-08-17 23:32:34 - mkk_pika - main.py:112 - INFO - [episode:熟肉        ] downloaded:    39, total:  39, progress:100%
2026-08-17 23:32:34 - mkk_pika - database.py:238 - INFO - 数据库更新已下载章节
2026-08-17 23:32:34 - mkk_pika - database.py:244 - INFO - 该漫画已下载章节如下
2026-08-17 23:32:34 - mkk_pika - database.py:245 - INFO - ['生肉', '熟肉']
2026-08-17 23:32:35 - mkk_pika - main.py:292 - INFO - ==================== 漫画信息 ====================
                                漫画ID：6a7b665e911fbf0872a99fa4
                                标题：いたずら門主様をわからせる本
                                作者：げるまにうむ (なぎと)
                                是否完结：否
                                总页数：78
                                分类：短篇,同人
                                章节数：2
                                最后更新时间：2026-08-17T17:07:37.025Z
                                =================================================
2026-08-17 23:32:35 - mkk_pika - database.py:101 - INFO - 保存成功：いたずら門主様をわからせる本
2026-08-17 23:32:35 - mkk_pika - main.py:35 - INFO - 开始检查私がいるじゃないですか! (ブルーアーカイブ)是否存在未下载章节
2026-08-17 23:32:35 - mkk_pika - main.py:45 - INFO - 正在下载:[私がいるじゃないですか! (ブルーアーカイブ)]-[H×3I (平野河重)]-[['同人', '短篇']]-[total_pages:-1]
2026-08-17 23:32:35 - mkk_pika - main.py:49 - INFO - [{'_id': '6a81d6c435142330bd6cbec5', 'title': '第1話', 'order': 1, 'updated_at': '2026-08-16T07:29:40.739Z', 'id': '6a81d6c435142330bd6cbec5'}]
2026-08-17 23:32:35 - mkk_pika - database.py:215 - INFO - 第一次下载该漫画，记录数据库中
2026-08-17 23:32:36 - mkk_pika - main.py:83 - INFO - 找到 33 张图片在:第1話
2026-08-17 23:32:37 - mkk_pika - main.py:112 - INFO - [episode:第1話       ] downloaded:    33, total:  33, progress:100%
2026-08-17 23:32:37 - mkk_pika - database.py:238 - INFO - 数据库更新已下载章节
2026-08-17 23:32:37 - mkk_pika - database.py:244 - INFO - 该漫画已下载章节如下
2026-08-17 23:32:37 - mkk_pika - database.py:245 - INFO - ['第1話']
2026-08-17 23:32:38 - mkk_pika - main.py:292 - INFO - ==================== 漫画信息 ====================
                                漫画ID：6a81d6c435142330bd6cbec4
                                标题：私がいるじゃないですか! (ブルーアーカイブ)
                                作者：H×3I (平野河重)
                                是否完结：是
                                总页数：33
                                分类：同人,短篇
                                章节数：1
                                最后更新时间：2026-08-16T15:27:00.987Z
                                =================================================
2026-08-17 23:32:38 - mkk_pika - database.py:101 - INFO - 保存成功：私がいるじゃないですか! (ブルーアーカイブ)
2026-08-17 23:32:38 - mkk_pika - main.py:35 - INFO - 开始检查ケイラブ (ブルーアーカイブ)是否存在未下载章节
2026-08-17 23:32:38 - mkk_pika - database.py:203 - INFO - 查询数据库中是否已存在角都九阳个人汉化
2026-08-17 23:32:38 - mkk_pika - database.py:203 - INFO - 查询数据库中是否已存在牛肉XSoulDmashi汉化
2026-08-17 23:32:38 - mkk_pika - main.py:45 - INFO - 正在下载:[ケイラブ (ブルーアーカイブ)]-[るなばれ (棗麗)]-[['同人', '短篇']]-[total_pages:-1]
2026-08-17 23:32:38 - mkk_pika - main.py:49 - INFO - [{'_id': '6a80825b3681976e058732fe', 'title': '角都九阳个人汉化', 'order': 1, 'updated_at': '2026-08-16T15:26:49.736Z', 'id': '6a80825b3681976e058732fe'}, {'_id': '6a81d6b935142330bd6cbe9a', 'title': '牛肉XSoulDmashi汉化', 'order': 2, 'updated_at': '2026-08-16T07:11:16.118Z', 'id': '6a81d6b935142330bd6cbe9a'}]
2026-08-17 23:32:39 - mkk_pika - main.py:83 - INFO - 找到 38 张图片在:角都九阳个人汉化
2026-08-17 23:32:41 - mkk_pika - main.py:112 - INFO - [episode:角都九阳个人汉化  ] downloaded:    38, total:  38, progress:100%
2026-08-17 23:32:41 - mkk_pika - database.py:238 - INFO - 数据库更新已下载章节
2026-08-17 23:32:41 - mkk_pika - database.py:244 - INFO - 该漫画已下载章节如下
2026-08-17 23:32:41 - mkk_pika - database.py:245 - INFO - ['第1話', '角都九阳个人汉化']
2026-08-17 23:32:42 - mkk_pika - main.py:83 - INFO - 找到 39 张图片在:牛肉XSoulDmashi汉化
2026-08-17 23:32:44 - mkk_pika - main.py:112 - INFO - [episode:牛肉XSoulDmashi汉化] downloaded:    39, total:  39, progress:100%
2026-08-17 23:32:44 - mkk_pika - database.py:238 - INFO - 数据库更新已下载章节
2026-08-17 23:32:44 - mkk_pika - database.py:244 - INFO - 该漫画已下载章节如下
2026-08-17 23:32:44 - mkk_pika - database.py:245 - INFO - ['第1話', '角都九阳个人汉化', '牛肉XSoulDmashi汉化']
2026-08-17 23:32:45 - mkk_pika - main.py:292 - INFO - ==================== 漫画信息 ====================
                                漫画ID：6a80825b3681976e058732fd
                                标题：ケイラブ (ブルーアーカイブ)
                                作者：るなばれ (棗麗)
                                是否完结：是
                                总页数：77
                                分类：同人,短篇
                                章节数：2
                                最后更新时间：2026-08-16T15:26:49.728Z
                                =================================================
2026-08-17 23:32:45 - mkk_pika - database.py:101 - INFO - 保存成功：ケイラブ (ブルーアーカイブ)
2026-08-17 23:32:45 - mkk_pika - main.py:35 - INFO - 开始检查隣の子 是否存在未下载章节
2026-08-17 23:32:45 - mkk_pika - main.py:45 - INFO - 正在下载:[隣の子 ]-[ひやかけごはん (小矢部亮)]-[['短篇']]-[total_pages:-1]
2026-08-17 23:32:45 - mkk_pika - main.py:49 - INFO - [{'_id': '6a81d6901e5c2c6ed0ed8ef3', 'title': '第1話', 'order': 1, 'updated_at': '2026-08-16T07:07:18.510Z', 'id': '6a81d6901e5c2c6ed0ed8ef3'}]
2026-08-17 23:32:45 - mkk_pika - database.py:215 - INFO - 第一次下载该漫画，记录数据库中
2026-08-17 23:32:46 - mkk_pika - main.py:83 - INFO - 找到 29 张图片在:第1話
2026-08-17 23:32:47 - mkk_pika - main.py:112 - INFO - [episode:第1話       ] downloaded:    29, total:  29, progress:100%
2026-08-17 23:32:47 - mkk_pika - database.py:238 - INFO - 数据库更新已下载章节
2026-08-17 23:32:47 - mkk_pika - database.py:244 - INFO - 该漫画已下载章节如下
2026-08-17 23:32:47 - mkk_pika - database.py:245 - INFO - ['第1話']
2026-08-17 23:32:48 - mkk_pika - main.py:292 - INFO - ==================== 漫画信息 ====================
                                漫画ID：6a81d6901e5c2c6ed0ed8ef2
                                标题：隣の子 
                                作者：ひやかけごはん (小矢部亮)
                                是否完结：是
                                总页数：29
                                分类：短篇
                                章节数：1
                                最后更新时间：2026-08-16T15:26:08.329Z
                                =================================================
2026-08-17 23:32:48 - mkk_pika - database.py:101 - INFO - 保存成功：隣の子 
2026-08-17 23:32:48 - mkk_pika - main.py:35 - INFO - 开始检查キヴォトスの発情期 ココナの場合 | 基沃托斯的发情期 春原心奈篇是否存在未下载章节
2026-08-17 23:32:49 - mkk_pika - main.py:45 - INFO - 正在下载:[キヴォトスの発情期 ココナの場合 | 基沃托斯的发情期 春原心奈篇]-[ ミミ好きミミ尽ク。 (れおねこ)]-[['短篇', '純愛', '同人']]-[total_pages:-1]
2026-08-17 23:32:49 - mkk_pika - main.py:49 - INFO - [{'_id': '6a81d6661e5c2c6ed0ed8df3', 'title': '熟肉', 'order': 1, 'updated_at': '2026-08-15T20:01:30.523Z', 'id': '6a81d6661e5c2c6ed0ed8df3'}, {'_id': '6a81d6661e5c2c6ed0ed8df4', 'title': '生肉', 'order': 2, 'updated_at': '2026-08-15T20:04:23.253Z', 'id': '6a81d6661e5c2c6ed0ed8df4'}]
2026-08-17 23:32:49 - mkk_pika - database.py:215 - INFO - 第一次下载该漫画，记录数据库中
2026-08-17 23:32:49 - mkk_pika - main.py:83 - INFO - 找到 32 张图片在:熟肉
2026-08-17 23:32:51 - mkk_pika - main.py:112 - INFO - [episode:熟肉        ] downloaded:    32, total:  32, progress:100%
2026-08-17 23:32:51 - mkk_pika - database.py:238 - INFO - 数据库更新已下载章节
2026-08-17 23:32:51 - mkk_pika - database.py:244 - INFO - 该漫画已下载章节如下
2026-08-17 23:32:51 - mkk_pika - database.py:245 - INFO - ['熟肉']
2026-08-17 23:32:52 - mkk_pika - main.py:83 - INFO - 找到 32 张图片在:生肉
2026-08-17 23:32:54 - mkk_pika - main.py:112 - INFO - [episode:生肉        ] downloaded:    32, total:  32, progress:100%
2026-08-17 23:32:54 - mkk_pika - database.py:238 - INFO - 数据库更新已下载章节
2026-08-17 23:32:54 - mkk_pika - database.py:244 - INFO - 该漫画已下载章节如下
2026-08-17 23:32:54 - mkk_pika - database.py:245 - INFO - ['熟肉', '生肉']
2026-08-17 23:32:55 - mkk_pika - main.py:292 - INFO - ==================== 漫画信息 ====================
                                漫画ID：6a81d6661e5c2c6ed0ed8df2
                                标题：キヴォトスの発情期 ココナの場合 | 基沃托斯的发情期 春原心奈篇
                                作者： ミミ好きミミ尽ク。 (れおねこ)
                                是否完结：是
                                总页数：64
                                分类：短篇,純愛,同人
                                章节数：2
                                最后更新时间：2026-08-16T15:25:26.774Z
                                =================================================
2026-08-17 23:32:55 - mkk_pika - database.py:101 - INFO - 保存成功：キヴォトスの発情期 ココナの場合 | 基沃托斯的发情期 春原心奈篇
2026-08-17 23:32:55 - mkk_pika - main.py:35 - INFO - 开始检查超ラブラブいもうと是否存在未下载章节
2026-08-17 23:32:55 - mkk_pika - main.py:45 - INFO - 正在下载:[超ラブラブいもうと]-[ホーミング]-[['單行本', '妹妹系']]-[total_pages:-1]
2026-08-17 23:32:55 - mkk_pika - main.py:49 - INFO - [{'_id': '6a81d5dc1ce0c86ebea7d75f', 'title': '第1話', 'order': 1, 'updated_at': '2026-08-15T17:35:45.169Z', 'id': '6a81d5dc1ce0c86ebea7d75f'}]
2026-08-17 23:32:55 - mkk_pika - database.py:215 - INFO - 第一次下载该漫画，记录数据库中
2026-08-17 23:32:57 - mkk_pika - main.py:83 - INFO - 找到 221 张图片在:第1話
2026-08-17 23:32:58 - mkk_pika - main.py:24 - WARNING - Attempt 1 failed for https://storage-b.picacomic.com/static/tobs/sub_storage_1/a2/fa/a2fa9bc8-71a5-4779-bb9e-99207cecd2cc.jpg, status code: 502
2026-08-17 23:33:06 - mkk_pika - main.py:112 - INFO - [episode:第1話       ] downloaded:   221, total: 221, progress:100%
2026-08-17 23:33:06 - mkk_pika - database.py:238 - INFO - 数据库更新已下载章节
2026-08-17 23:33:06 - mkk_pika - database.py:244 - INFO - 该漫画已下载章节如下
2026-08-17 23:33:06 - mkk_pika - database.py:245 - INFO - ['第1話']
2026-08-17 23:33:07 - mkk_pika - main.py:292 - INFO - ==================== 漫画信息 ====================
                                漫画ID：6a81d5dc1ce0c86ebea7d75e
                                标题：超ラブラブいもうと
                                作者：ホーミング
                                是否完结：是
                                总页数：221
                                分类：單行本,妹妹系
                                章节数：1
                                最后更新时间：2026-08-16T15:23:08.872Z
                                =================================================
2026-08-17 23:33:07 - mkk_pika - database.py:101 - INFO - 保存成功：超ラブラブいもうと
2026-08-17 23:33:07 - mkk_pika - main.py:35 - INFO - 开始检查夜勤先生は世話が焼ける！ (ブルーアーカイブ)是否存在未下载章节
2026-08-17 23:33:08 - mkk_pika - main.py:45 - INFO - 正在下载:[夜勤先生は世話が焼ける！ (ブルーアーカイブ)]-[レオナト工房 (Leonat)]-[['短篇', '同人']]-[total_pages:-1]
2026-08-17 23:33:08 - mkk_pika - main.py:49 - INFO - [{'_id': '6a81d5bb3681976e05874019', 'title': '第1話', 'order': 1, 'updated_at': '2026-08-15T15:01:24.187Z', 'id': '6a81d5bb3681976e05874019'}]
2026-08-17 23:33:08 - mkk_pika - database.py:215 - INFO - 第一次下载该漫画，记录数据库中
2026-08-17 23:33:08 - mkk_pika - main.py:83 - INFO - 找到 63 张图片在:第1話
2026-08-17 23:33:11 - mkk_pika - main.py:112 - INFO - [episode:第1話       ] downloaded:    63, total:  63, progress:100%
2026-08-17 23:33:11 - mkk_pika - database.py:238 - INFO - 数据库更新已下载章节
2026-08-17 23:33:11 - mkk_pika - database.py:244 - INFO - 该漫画已下载章节如下
2026-08-17 23:33:11 - mkk_pika - database.py:245 - INFO - ['第1話']
2026-08-17 23:33:12 - mkk_pika - main.py:292 - INFO - ==================== 漫画信息 ====================
                                漫画ID：6a81d5bb3681976e05874018
                                标题：夜勤先生は世話が焼ける！ (ブルーアーカイブ)
                                作者：レオナト工房 (Leonat)
                                是否完结：是
                                总页数：58
                                分类：短篇,同人
                                章节数：1
                                最后更新时间：2026-08-16T15:22:35.053Z
                                =================================================
2026-08-17 23:33:12 - mkk_pika - database.py:101 - INFO - 保存成功：夜勤先生は世話が焼ける！ (ブルーアーカイブ)
2026-08-17 23:33:12 - mkk_pika - main.py:35 - INFO - 开始检查ぼくたちのスーパーアプリ是否存在未下载章节
2026-08-17 23:33:12 - mkk_pika - database.py:203 - INFO - 查询数据库中是否已存在第3-4話
2026-08-17 23:33:12 - mkk_pika - database.py:203 - INFO - 查询数据库中是否已存在第5話 保健室でオナニー見られて処女喪失編
2026-08-17 23:33:12 - mkk_pika - database.py:203 - INFO - 查询数据库中是否已存在第6話 処女だったのにクラスメートに輪姦されてイきまくり編
2026-08-17 23:33:12 - mkk_pika - database.py:203 - INFO - 查询数据库中是否已存在第7話 角オナさせられちゃうスポーツ少女本庄ちゃん編
2026-08-17 23:33:12 - mkk_pika - database.py:203 - INFO - 查询数据库中是否已存在第8話 無理やりなのにバイブ責めセックスでマジイキさせられちゃう編
2026-08-17 23:33:12 - mkk_pika - main.py:51 - INFO - ぼくたちのスーパーアプリ中没有可下载章节
2026-08-17 23:33:12 - mkk_pika - main.py:292 - INFO - ==================== 漫画信息 ====================
                                漫画ID：65f023f32daabb45fba8a91c
                                标题：ぼくたちのスーパーアプリ
                                作者：stereorange (○蜜柑)
                                是否完结：否
                                总页数：200
                                分类：長篇
                                章节数：5
                                最后更新时间：2026-08-15T15:19:49.989Z
                                =================================================
2026-08-17 23:33:12 - mkk_pika - database.py:101 - INFO - 保存成功：ぼくたちのスーパーアプリ
2026-08-17 23:33:12 - mkk_pika - main.py:35 - INFO - 开始检查自宅に侵入された女の子~処女喪失中出しレイプ~ 是否存在未下载章节
2026-08-17 23:33:13 - mkk_pika - database.py:203 - INFO - 查询数据库中是否已存在第1話
2026-08-17 23:33:13 - mkk_pika - main.py:51 - INFO - 自宅に侵入された女の子~処女喪失中出しレイプ~ 中没有可下载章节
2026-08-17 23:33:13 - mkk_pika - main.py:292 - INFO - ==================== 漫画信息 ====================
                                漫画ID：6a8082bf071b81393d2308fa
                                标题：自宅に侵入された女の子~処女喪失中出しレイプ~ 
                                作者：うさぎのゆめ
                                是否完结：是
                                总页数：23
                                分类：強暴,短篇
                                章节数：1
                                最后更新时间：2026-08-15T15:16:15.420Z
                                =================================================
2026-08-17 23:33:13 - mkk_pika - database.py:101 - INFO - 保存成功：自宅に侵入された女の子~処女喪失中出しレイプ~ 
2026-08-17 23:33:13 - mkk_pika - main.py:35 - INFO - 开始检查ニヤニヤ教授とおさんぽする本 (ブルーアーカイブ)是否存在未下载章节
2026-08-17 23:33:13 - mkk_pika - database.py:203 - INFO - 查询数据库中是否已存在第1話
2026-08-17 23:33:13 - mkk_pika - main.py:51 - INFO - ニヤニヤ教授とおさんぽする本 (ブルーアーカイブ)中没有可下载章节
2026-08-17 23:33:14 - mkk_pika - main.py:292 - INFO - ==================== 漫画信息 ====================
                                漫画ID：6a80824b3681976e058732e9
                                标题：ニヤニヤ教授とおさんぽする本 (ブルーアーカイブ)
                                作者：AmazingSweets (はるいちご)
                                是否完结：是
                                总页数：15
                                分类：同人,短篇
                                章节数：1
                                最后更新时间：2026-08-15T15:14:19.063Z
                                =================================================
2026-08-17 23:33:14 - mkk_pika - database.py:101 - INFO - 保存成功：ニヤニヤ教授とおさんぽする本 (ブルーアーカイブ)
2026-08-17 23:33:14 - mkk_pika - main.py:35 - INFO - 开始检查エロ本大好きなガキが女の子な訳ねえだろ!! | 喜欢看小黄漫的小鬼怎么可会是女生呢‼是否存在未下载章节
2026-08-17 23:33:14 - mkk_pika - database.py:203 - INFO - 查询数据库中是否已存在第1話
2026-08-17 23:33:14 - mkk_pika - main.py:51 - INFO - エロ本大好きなガキが女の子な訳ねえだろ!! | 喜欢看小黄漫的小鬼怎么可会是女生呢‼中没有可下载章节
2026-08-17 23:33:14 - mkk_pika - main.py:292 - INFO - ==================== 漫画信息 ====================
                                漫画ID：6a8081af071b81393d2308a6
                                标题：エロ本大好きなガキが女の子な訳ねえだろ!! | 喜欢看小黄漫的小鬼怎么可会是女生呢‼
                                作者：Rev3 (もんちゃんrev3)
                                是否完结：是
                                总页数：38
                                分类：短篇
                                章节数：1
                                最后更新时间：2026-08-15T15:11:43.862Z
                                =================================================
2026-08-17 23:33:14 - mkk_pika - database.py:101 - INFO - 保存成功：エロ本大好きなガキが女の子な訳ねえだろ!! | 喜欢看小黄漫的小鬼怎么可会是女生呢‼
2026-08-17 23:33:14 - mkk_pika - main.py:35 - INFO - 开始检查望星なつきの性の目ざめ是否存在未下载章节
2026-08-17 23:33:14 - mkk_pika - database.py:203 - INFO - 查询数据库中是否已存在第1話
2026-08-17 23:33:14 - mkk_pika - main.py:51 - INFO - 望星なつきの性の目ざめ中没有可下载章节
2026-08-17 23:33:14 - mkk_pika - main.py:292 - INFO - ==================== 漫画信息 ====================
                                漫画ID：6a8080ee35142330bd6cad6e
                                标题：望星なつきの性の目ざめ
                                作者：waterwheel (白田太)
                                是否完结：是
                                总页数：29
                                分类：短篇
                                章节数：1
                                最后更新时间：2026-08-15T15:08:30.175Z
                                =================================================
2026-08-17 23:33:14 - mkk_pika - database.py:101 - INFO - 保存成功：望星なつきの性の目ざめ
2026-08-17 23:33:14 - mkk_pika - main.py:35 - INFO - 开始检查オキツネ様にお願い！ | 向狐仙大人许愿！是否存在未下载章节
2026-08-17 23:33:15 - mkk_pika - database.py:203 - INFO - 查询数据库中是否已存在第1話
2026-08-17 23:33:15 - mkk_pika - main.py:51 - INFO - オキツネ様にお願い！ | 向狐仙大人许愿！中没有可下载章节
2026-08-17 23:33:15 - mkk_pika - main.py:292 - INFO - ==================== 漫画信息 ====================
                                漫画ID：6a8080ea071b81393d23074f
                                标题：オキツネ様にお願い！ | 向狐仙大人许愿！
                                作者：かむね
                                是否完结：是
                                总页数：18
                                分类：短篇
                                章节数：1
                                最后更新时间：2026-08-15T15:08:26.425Z
                                =================================================
2026-08-17 23:33:15 - mkk_pika - database.py:101 - INFO - 保存成功：オキツネ様にお願い！ | 向狐仙大人许愿！
2026-08-17 23:33:15 - mkk_pika - main.py:35 - INFO - 开始检查マッサージおじさん是否存在未下载章节
2026-08-17 23:33:15 - mkk_pika - database.py:203 - INFO - 查询数据库中是否已存在第1話
2026-08-17 23:33:15 - mkk_pika - main.py:51 - INFO - マッサージおじさん中没有可下载章节
2026-08-17 23:33:15 - mkk_pika - main.py:292 - INFO - ==================== 漫画信息 ====================
                                漫画ID：6a8080df3681976e05872f73
                                标题：マッサージおじさん
                                作者：上田裕
                                是否完结：否
                                总页数：16
                                分类：短篇
                                章节数：1
                                最后更新时间：2026-08-15T15:08:15.937Z
                                =================================================
2026-08-17 23:33:15 - mkk_pika - database.py:101 - INFO - 保存成功：マッサージおじさん
2026-08-17 23:33:15 - mkk_pika - main.py:35 - INFO - 开始检查自慰復讐是否存在未下载章节
2026-08-17 23:33:16 - mkk_pika - database.py:203 - INFO - 查询数据库中是否已存在第1話（種豚経営）
2026-08-17 23:33:16 - mkk_pika - database.py:203 - INFO - 查询数据库中是否已存在第1話（山樱汉化）
2026-08-17 23:33:16 - mkk_pika - database.py:203 - INFO - 查询数据库中是否已存在第2話（種豚経営）
2026-08-17 23:33:16 - mkk_pika - database.py:203 - INFO - 查询数据库中是否已存在第2話（山樱汉化）
2026-08-17 23:33:16 - mkk_pika - database.py:203 - INFO - 查询数据库中是否已存在第3話（山樱汉化）
2026-08-17 23:33:16 - mkk_pika - database.py:203 - INFO - 查询数据库中是否已存在第4話（一匙咖啡豆汉化组）
2026-08-17 23:33:16 - mkk_pika - main.py:51 - INFO - 自慰復讐中没有可下载章节
2026-08-17 23:33:16 - mkk_pika - main.py:292 - INFO - ==================== 漫画信息 ====================
                                漫画ID：63c57806153f2820bb9dbbc4
                                标题：自慰復讐
                                作者：Tera Stellar (mei)
                                是否完结：否
                                总页数：119
                                分类：長篇
                                章节数：6
                                最后更新时间：2026-08-14T19:01:23.193Z
                                =================================================
2026-08-17 23:33:16 - mkk_pika - database.py:101 - INFO - 保存成功：自慰復讐
2026-08-17 23:33:16 - mkk_pika - main.py:35 - INFO - 开始检查しょうびっち [DL版][中国翻译][進行中]是否存在未下载章节
2026-08-17 23:33:16 - mkk_pika - database.py:203 - INFO - 查询数据库中是否已存在生肉
2026-08-17 23:33:16 - mkk_pika - database.py:203 - INFO - 查询数据库中是否已存在第1話6月12日（土）
2026-08-17 23:33:16 - mkk_pika - database.py:203 - INFO - 查询数据库中是否已存在第2+3話もっと知りたい1-2
2026-08-17 23:33:16 - mkk_pika - database.py:203 - INFO - 查询数据库中是否已存在第4話日常の中のフラグ
2026-08-17 23:33:16 - mkk_pika - main.py:51 - INFO - しょうびっち [DL版][中国翻译][進行中]中没有可下载章节
2026-08-17 23:33:16 - mkk_pika - main.py:292 - INFO - ==================== 漫画信息 ====================
                                漫画ID：62c84278b3b0a812db28afc4
                                标题：しょうびっち [DL版][中国翻译][進行中]
                                作者：さらだ
                                是否完结：否
                                总页数：318
                                分类：長篇,單行本,妹妹系
                                章节数：4
                                最后更新时间：2026-08-14T19:01:04.750Z
                                =================================================
2026-08-17 23:33:16 - mkk_pika - database.py:101 - INFO - 保存成功：しょうびっち [DL版][中国翻译][進行中]
2026-08-17 23:33:16 - mkk_pika - main.py:35 - INFO - 开始检查大事な娘を送り出した。是否存在未下载章节
2026-08-17 23:33:17 - mkk_pika - database.py:203 - INFO - 查询数据库中是否已存在第1話
2026-08-17 23:33:17 - mkk_pika - main.py:51 - INFO - 大事な娘を送り出した。中没有可下载章节
2026-08-17 23:33:17 - mkk_pika - main.py:292 - INFO - ==================== 漫画信息 ====================
                                漫画ID：6a7b65c6be2816074344d54c
                                标题：大事な娘を送り出した。
                                作者：無糖クリニック (610cc)
                                是否完结：是
                                总页数：38
                                分类：短篇
                                章节数：1
                                最后更新时间：2026-08-11T18:11:18.803Z
                                =================================================
2026-08-17 23:33:17 - mkk_pika - database.py:101 - INFO - 保存成功：大事な娘を送り出した。
2026-08-17 23:33:17 - mkk_pika - main.py:323 - INFO - 订阅内容内容下载完毕
2026-08-17 23:33:17 - mkk_pika - main.py:324 - INFO - 开始分批下载全部章节
2026-08-17 23:33:17 - mkk_pika - database.py:280 - INFO - 表和索引初始化成功
2026-08-17 23:33:17 - mkk_pika - main.py:177 - INFO - 已经下载了1428页，一共7084页，现在开始添加第1429页
2026-08-17 23:33:18 - mkk_pika - database.py:318 - INFO - 保存成功
2026-08-17 23:33:18 - mkk_pika - main.py:177 - INFO - 已经下载了1429页，一共7084页，现在开始添加第1430页
2026-08-17 23:33:19 - mkk_pika - database.py:318 - INFO - 保存成功
2026-08-17 23:33:19 - mkk_pika - main.py:177 - INFO - 已经下载了1430页，一共7084页，现在开始添加第1431页
2026-08-17 23:33:19 - mkk_pika - database.py:318 - INFO - 保存成功
2026-08-17 23:33:20 - mkk_pika - main.py:177 - INFO - 已经下载了1431页，一共7084页，现在开始添加第1432页
2026-08-17 23:33:20 - mkk_pika - database.py:318 - INFO - 保存成功
2026-08-17 23:33:20 - mkk_pika - main.py:177 - INFO - 已经下载了1432页，一共7084页，现在开始添加第1433页
2026-08-17 23:33:21 - mkk_pika - database.py:318 - INFO - 保存成功
2026-08-17 23:33:21 - mkk_pika - main.py:331 - INFO - 分批下载共计40本漫画
2026-08-17 23:33:21 - mkk_pika - main.py:35 - INFO - 开始检查性職者！ 膣射精し指導 膣射精指導是否存在未下载章节
2026-08-17 23:33:21 - mkk_pika - main.py:45 - INFO - 正在下载:[性職者！ 膣射精し指導 膣射精指導]-[鬼窪浩久]-[['長篇', 'SM', '強暴']]-[total_pages:169]
2026-08-17 23:33:21 - mkk_pika - main.py:49 - INFO - [{'_id': '5c63b3fa03c61c272de99d04', 'title': '一集全', 'order': 1, 'updated_at': '2019-02-12T14:41:54.626Z', 'id': '5c63b3fa03c61c272de99d04'}]
2026-08-17 23:33:21 - mkk_pika - database.py:215 - INFO - 第一次下载该漫画，记录数据库中
2026-08-17 23:33:23 - mkk_pika - main.py:83 - INFO - 找到 169 张图片在:一集全
2026-08-17 23:33:32 - mkk_pika - main.py:112 - INFO - [episode:一集全       ] downloaded:   169, total: 169, progress:100%
2026-08-17 23:33:32 - mkk_pika - database.py:238 - INFO - 数据库更新已下载章节
2026-08-17 23:33:32 - mkk_pika - database.py:244 - INFO - 该漫画已下载章节如下
2026-08-17 23:33:32 - mkk_pika - database.py:245 - INFO - ['一集全']
2026-08-17 23:33:33 - mkk_pika - main.py:348 - INFO - ==================== 漫画信息 ====================
                                   漫画ID：5c63b3fa03c61c272de99d03
                                   标题：性職者！ 膣射精し指導 膣射精指導
                                   作者：鬼窪浩久
                                   是否完结：是
                                   总页数：169
                                   分类：長篇,SM,強暴
                                   章节数：1
                                   最后更新时间：2019-02-13T06:06:50.409Z
                                   =================================================
2026-08-17 23:33:33 - mkk_pika - database.py:101 - INFO - 保存成功：性職者！ 膣射精し指導 膣射精指導
2026-08-17 23:33:33 - mkk_pika - main.py:35 - INFO - 开始检查 (C95) 聖なる夜の贈り物 (Fate Grand Order)是否存在未下载章节
2026-08-17 23:33:34 - mkk_pika - main.py:45 - INFO - 正在下载:[ (C95) 聖なる夜の贈り物 (Fate Grand Order)]-[無口遮欄 (ちやみ)]-[['短篇', '同人', 'Fate']]-[total_pages:26]
2026-08-17 23:33:34 - mkk_pika - main.py:49 - INFO - [{'_id': '5c63b4660f7c1c77f101e3f2', 'title': '第1集', 'order': 1, 'updated_at': '2019-02-12T14:57:40.499Z', 'id': '5c63b4660f7c1c77f101e3f2'}]
2026-08-17 23:33:34 - mkk_pika - database.py:215 - INFO - 第一次下载该漫画，记录数据库中
2026-08-17 23:33:34 - mkk_pika - main.py:83 - INFO - 找到 26 张图片在:第1集
2026-08-17 23:33:35 - mkk_pika - main.py:112 - INFO - [episode:第1集       ] downloaded:    26, total:  26, progress:100%
2026-08-17 23:33:35 - mkk_pika - database.py:238 - INFO - 数据库更新已下载章节
2026-08-17 23:33:35 - mkk_pika - database.py:244 - INFO - 该漫画已下载章节如下
2026-08-17 23:33:35 - mkk_pika - database.py:245 - INFO - ['第1集']
2026-08-17 23:33:37 - mkk_pika - main.py:348 - INFO - ==================== 漫画信息 ====================
                                   漫画ID：5c63b4660f7c1c77f101e3f1
                                   标题： (C95) 聖なる夜の贈り物 (Fate Grand Order)
                                   作者：無口遮欄 (ちやみ)
                                   是否完结：是
                                   总页数：26
                                   分类：短篇,同人,Fate
                                   章节数：1
                                   最后更新时间：2019-02-13T06:08:38.407Z
                                   =================================================
2026-08-17 23:33:37 - mkk_pika - database.py:101 - INFO - 保存成功： (C95) 聖なる夜の贈り物 (Fate Grand Order)
2026-08-17 23:33:37 - mkk_pika - main.py:35 - INFO - 开始检查ケモ耳彼女はありなし (東方Project)是否存在未下载章节
2026-08-17 23:33:37 - mkk_pika - main.py:45 - INFO - 正在下载:[ケモ耳彼女はありなし (東方Project)]-[Drink it! (オード)]-[['短篇', '同人', '東方', '純愛', '百合花園']]-[total_pages:16]
2026-08-17 23:33:37 - mkk_pika - main.py:49 - INFO - [{'_id': '5c63b5628cce1677e93c7196', 'title': '第1集', 'order': 1, 'updated_at': '2019-02-12T15:02:00.771Z', 'id': '5c63b5628cce1677e93c7196'}]
2026-08-17 23:33:37 - mkk_pika - database.py:215 - INFO - 第一次下载该漫画，记录数据库中
2026-08-17 23:33:38 - mkk_pika - main.py:83 - INFO - 找到 16 张图片在:第1集
2026-08-17 23:33:39 - mkk_pika - main.py:112 - INFO - [episode:第1集       ] downloaded:    16, total:  16, progress:100%
2026-08-17 23:33:39 - mkk_pika - database.py:238 - INFO - 数据库更新已下载章节
2026-08-17 23:33:39 - mkk_pika - database.py:244 - INFO - 该漫画已下载章节如下
2026-08-17 23:33:39 - mkk_pika - database.py:245 - INFO - ['第1集']
2026-08-17 23:33:40 - mkk_pika - main.py:348 - INFO - ==================== 漫画信息 ====================
                                   漫画ID：5c63b5628cce1677e93c7195
                                   标题：ケモ耳彼女はありなし (東方Project)
                                   作者：Drink it! (オード)
                                   是否完结：是
                                   总页数：16
                                   分类：短篇,同人,東方,純愛,百合花園
                                   章节数：1
                                   最后更新时间：2019-02-13T06:12:50.634Z
                                   =================================================
2026-08-17 23:33:40 - mkk_pika - database.py:101 - INFO - 保存成功：ケモ耳彼女はありなし (東方Project)
2026-08-17 23:33:40 - mkk_pika - main.py:35 - INFO - 开始检查ファン特別交流会 (アイドルマスター ミリオンライブ!)是否存在未下载章节
2026-08-17 23:33:41 - mkk_pika - main.py:45 - INFO - 正在下载:[ファン特別交流会 (アイドルマスター ミリオンライブ!)]-[ぷらはぷりぱ (リンスン)]-[['短篇', '同人']]-[total_pages:21]
2026-08-17 23:33:41 - mkk_pika - main.py:49 - INFO - [{'_id': '5c63b5783ef608781ce67a79', 'title': '第1集', 'order': 1, 'updated_at': '2019-02-12T15:07:53.851Z', 'id': '5c63b5783ef608781ce67a79'}]
2026-08-17 23:33:41 - mkk_pika - database.py:215 - INFO - 第一次下载该漫画，记录数据库中
2026-08-17 23:33:41 - mkk_pika - main.py:83 - INFO - 找到 21 张图片在:第1集
2026-08-17 23:33:43 - mkk_pika - main.py:112 - INFO - [episode:第1集       ] downloaded:    21, total:  21, progress:100%
2026-08-17 23:33:43 - mkk_pika - database.py:238 - INFO - 数据库更新已下载章节
2026-08-17 23:33:43 - mkk_pika - database.py:244 - INFO - 该漫画已下载章节如下
2026-08-17 23:33:43 - mkk_pika - database.py:245 - INFO - ['第1集']
2026-08-17 23:33:44 - mkk_pika - main.py:348 - INFO - ==================== 漫画信息 ====================
                                   漫画ID：5c63b5783ef608781ce67a78
                                   标题：ファン特別交流会 (アイドルマスター ミリオンライブ!)
                                   作者：ぷらはぷりぱ (リンスン)
                                   是否完结：是
                                   总页数：21
                                   分类：短篇,同人
                                   章节数：1
                                   最后更新时间：2019-02-13T06:13:12.583Z
                                   =================================================
2026-08-17 23:33:44 - mkk_pika - database.py:101 - INFO - 保存成功：ファン特別交流会 (アイドルマスター ミリオンライブ!)
2026-08-17 23:33:44 - mkk_pika - main.py:35 - INFO - 开始检查甘い姦計是否存在未下载章节
2026-08-17 23:33:45 - mkk_pika - main.py:45 - INFO - 正在下载:[甘い姦計]-[鬼窪浩久]-[['長篇', 'SM', '單行本', '強暴']]-[total_pages:167]
2026-08-17 23:33:45 - mkk_pika - main.py:49 - INFO - [{'_id': '5c63b5963ef608781ce67a91', 'title': '一集全', 'order': 1, 'updated_at': '2019-02-12T15:42:38.530Z', 'id': '5c63b5963ef608781ce67a91'}]
2026-08-17 23:33:45 - mkk_pika - database.py:215 - INFO - 第一次下载该漫画，记录数据库中
2026-08-17 23:33:47 - mkk_pika - main.py:83 - INFO - 找到 167 张图片在:一集全
2026-08-17 23:34:05 - mkk_pika - main.py:112 - INFO - [episode:一集全       ] downloaded:   167, total: 167, progress:100%
2026-08-17 23:34:05 - mkk_pika - database.py:238 - INFO - 数据库更新已下载章节
2026-08-17 23:34:05 - mkk_pika - database.py:244 - INFO - 该漫画已下载章节如下
2026-08-17 23:34:05 - mkk_pika - database.py:245 - INFO - ['一集全']
2026-08-17 23:34:06 - mkk_pika - main.py:348 - INFO - ==================== 漫画信息 ====================
                                   漫画ID：5c63b5963ef608781ce67a90
                                   标题：甘い姦計
                                   作者：鬼窪浩久
                                   是否完结：是
                                   总页数：167
                                   分类：長篇,SM,單行本,強暴
                                   章节数：1
                                   最后更新时间：2019-02-13T06:13:42.376Z
                                   =================================================
2026-08-17 23:34:06 - mkk_pika - database.py:101 - INFO - 保存成功：甘い姦計
2026-08-17 23:34:06 - mkk_pika - main.py:35 - INFO - 开始检查(C95)  三蔵ちゃんとサバキャン是否存在未下载章节
2026-08-17 23:34:07 - mkk_pika - main.py:45 - INFO - 正在下载:[(C95)  三蔵ちゃんとサバキャン]-[Take Out (是露巣)]-[['短篇', '同人', 'Fate', '強暴']]-[total_pages:60]
2026-08-17 23:34:07 - mkk_pika - main.py:49 - INFO - [{'_id': '5c3da26339881462c858ca97', 'title': '第1集', 'order': 1, 'updated_at': '2019-01-12T04:06:27.868Z', 'id': '5c3da26339881462c858ca97'}, {'_id': '5c63b740ddedbe522e5d77b5', 'title': '汉化', 'order': 2, 'updated_at': '2019-02-12T17:41:54.173Z', 'id': '5c63b740ddedbe522e5d77b5'}]
2026-08-17 23:34:07 - mkk_pika - database.py:215 - INFO - 第一次下载该漫画，记录数据库中
2026-08-17 23:34:07 - mkk_pika - main.py:83 - INFO - 找到 30 张图片在:第1集
2026-08-17 23:34:11 - mkk_pika - main.py:112 - INFO - [episode:第1集       ] downloaded:    30, total:  30, progress:100%
2026-08-17 23:34:11 - mkk_pika - database.py:238 - INFO - 数据库更新已下载章节
2026-08-17 23:34:11 - mkk_pika - database.py:244 - INFO - 该漫画已下载章节如下
2026-08-17 23:34:11 - mkk_pika - database.py:245 - INFO - ['第1集']
2026-08-17 23:34:13 - mkk_pika - main.py:83 - INFO - 找到 30 张图片在:汉化
2026-08-17 23:34:14 - mkk_pika - main.py:112 - INFO - [episode:汉化        ] downloaded:    30, total:  30, progress:100%
2026-08-17 23:34:14 - mkk_pika - database.py:238 - INFO - 数据库更新已下载章节
2026-08-17 23:34:14 - mkk_pika - database.py:244 - INFO - 该漫画已下载章节如下
2026-08-17 23:34:14 - mkk_pika - database.py:245 - INFO - ['第1集', '汉化']
2026-08-17 23:34:16 - mkk_pika - main.py:348 - INFO - ==================== 漫画信息 ====================
                                   漫画ID：5c3da26339881462c858ca96
                                   标题：(C95)  三蔵ちゃんとサバキャン
                                   作者：Take Out (是露巣)
                                   是否完结：是
                                   总页数：60
                                   分类：短篇,同人,Fate,強暴
                                   章节数：2
                                   最后更新时间：2019-02-13T06:20:48.509Z
                                   =================================================
2026-08-17 23:34:16 - mkk_pika - database.py:101 - INFO - 保存成功：(C95)  三蔵ちゃんとサバキャン
2026-08-17 23:34:16 - mkk_pika - main.py:35 - INFO - 开始检查 身の程知らず (ガールズフォーム Vol.18)是否存在未下载章节
2026-08-17 23:34:16 - mkk_pika - main.py:45 - INFO - 正在下载:[ 身の程知らず (ガールズフォーム Vol.18)]-[武者サブ]-[['短篇', 'SM']]-[total_pages:17]
2026-08-17 23:34:16 - mkk_pika - main.py:49 - INFO - [{'_id': '5c63b759aa42e426f5f9abb3', 'title': '第1集', 'order': 1, 'updated_at': '2019-02-12T17:53:25.830Z', 'id': '5c63b759aa42e426f5f9abb3'}]
2026-08-17 23:34:16 - mkk_pika - database.py:215 - INFO - 第一次下载该漫画，记录数据库中
2026-08-17 23:34:16 - mkk_pika - main.py:83 - INFO - 找到 17 张图片在:第1集
2026-08-17 23:34:20 - mkk_pika - main.py:112 - INFO - [episode:第1集       ] downloaded:    17, total:  17, progress:100%
2026-08-17 23:34:20 - mkk_pika - database.py:238 - INFO - 数据库更新已下载章节
2026-08-17 23:34:20 - mkk_pika - database.py:244 - INFO - 该漫画已下载章节如下
2026-08-17 23:34:20 - mkk_pika - database.py:245 - INFO - ['第1集']
2026-08-17 23:34:21 - mkk_pika - main.py:348 - INFO - ==================== 漫画信息 ====================
                                   漫画ID：5c63b759aa42e426f5f9abb2
                                   标题： 身の程知らず (ガールズフォーム Vol.18)
                                   作者：武者サブ
                                   是否完结：是
                                   总页数：17
                                   分类：短篇,SM
                                   章节数：1
                                   最后更新时间：2019-02-13T06:21:13.586Z
                                   =================================================
2026-08-17 23:34:21 - mkk_pika - database.py:101 - INFO - 保存成功： 身の程知らず (ガールズフォーム Vol.18)
2026-08-17 23:34:21 - mkk_pika - main.py:35 - INFO - 开始检查お気に召すママ (Web コミックトウテツ Vol.10)是否存在未下载章节
2026-08-17 23:34:21 - mkk_pika - main.py:45 - INFO - 正在下载:[お気に召すママ (Web コミックトウテツ Vol.10)]-[江戸しげズ]-[['短篇', '人妻']]-[total_pages:17]
2026-08-17 23:34:21 - mkk_pika - main.py:49 - INFO - [{'_id': '5c63b779ba425b26fb9e4a3a', 'title': '第1集', 'order': 1, 'updated_at': '2019-02-12T17:58:53.490Z', 'id': '5c63b779ba425b26fb9e4a3a'}]
2026-08-17 23:34:21 - mkk_pika - database.py:215 - INFO - 第一次下载该漫画，记录数据库中
2026-08-17 23:34:22 - mkk_pika - main.py:83 - INFO - 找到 17 张图片在:第1集
2026-08-17 23:34:23 - mkk_pika - main.py:112 - INFO - [episode:第1集       ] downloaded:    17, total:  17, progress:100%
2026-08-17 23:34:23 - mkk_pika - database.py:238 - INFO - 数据库更新已下载章节
2026-08-17 23:34:23 - mkk_pika - database.py:244 - INFO - 该漫画已下载章节如下
2026-08-17 23:34:23 - mkk_pika - database.py:245 - INFO - ['第1集']
2026-08-17 23:34:24 - mkk_pika - main.py:348 - INFO - ==================== 漫画信息 ====================
                                   漫画ID：5c63b779ba425b26fb9e4a39
                                   标题：お気に召すママ (Web コミックトウテツ Vol.10)
                                   作者：江戸しげズ
                                   是否完结：是
                                   总页数：17
                                   分类：短篇,人妻
                                   章节数：1
                                   最后更新时间：2019-02-13T06:21:45.103Z
                                   =================================================
2026-08-17 23:34:24 - mkk_pika - database.py:101 - INFO - 保存成功：お気に召すママ (Web コミックトウテツ Vol.10)
2026-08-17 23:34:24 - mkk_pika - main.py:35 - INFO - 开始检查(サンクリ2015 Autumn)  これが枕声優! (それが声優!)是否存在未下载章节
2026-08-17 23:34:27 - mkk_pika - main.py:45 - INFO - 正在下载:[(サンクリ2015 Autumn)  これが枕声優! (それが声優!)]-[おほしさま堂 (GEKO)]-[['同人', '短篇', '強暴']]-[total_pages:20]
2026-08-17 23:34:27 - mkk_pika - main.py:49 - INFO - [{'_id': '5c63b7c463877e51eac1d6cc', 'title': '第1集', 'order': 1, 'updated_at': '2019-02-12T18:15:48.924Z', 'id': '5c63b7c463877e51eac1d6cc'}]
2026-08-17 23:34:27 - mkk_pika - database.py:215 - INFO - 第一次下载该漫画，记录数据库中
2026-08-17 23:34:28 - mkk_pika - main.py:83 - INFO - 找到 20 张图片在:第1集
2026-08-17 23:34:31 - mkk_pika - main.py:112 - INFO - [episode:第1集       ] downloaded:    20, total:  20, progress:100%
2026-08-17 23:34:31 - mkk_pika - database.py:238 - INFO - 数据库更新已下载章节
2026-08-17 23:34:31 - mkk_pika - database.py:244 - INFO - 该漫画已下载章节如下
2026-08-17 23:34:31 - mkk_pika - database.py:245 - INFO - ['第1集']
2026-08-17 23:34:33 - mkk_pika - main.py:348 - INFO - ==================== 漫画信息 ====================
                                   漫画ID：5c63b7c463877e51eac1d6cb
                                   标题：(サンクリ2015 Autumn)  これが枕声優! (それが声優!)
                                   作者：おほしさま堂 (GEKO)
                                   是否完结：是
                                   总页数：20
                                   分类：同人,短篇,強暴
                                   章节数：1
                                   最后更新时间：2019-02-13T06:23:00.600Z
                                   =================================================
2026-08-17 23:34:33 - mkk_pika - database.py:101 - INFO - 保存成功：(サンクリ2015 Autumn)  これが枕声優! (それが声優!)
2026-08-17 23:34:33 - mkk_pika - main.py:35 - INFO - 开始检查黒い奉仕活動 (COMIC 高 Vol.1)是否存在未下载章节
2026-08-17 23:34:33 - mkk_pika - main.py:45 - INFO - 正在下载:[黒い奉仕活動 (COMIC 高 Vol.1)]-[ぶるまにあん]-[['短篇', '純愛']]-[total_pages:24]
2026-08-17 23:34:33 - mkk_pika - main.py:49 - INFO - [{'_id': '5c63b7f33dc0530c018ab973', 'title': '第1集', 'order': 1, 'updated_at': '2019-02-12T18:41:58.543Z', 'id': '5c63b7f33dc0530c018ab973'}]
2026-08-17 23:34:33 - mkk_pika - database.py:215 - INFO - 第一次下载该漫画，记录数据库中
2026-08-17 23:34:34 - mkk_pika - main.py:83 - INFO - 找到 24 张图片在:第1集
2026-08-17 23:34:36 - mkk_pika - main.py:112 - INFO - [episode:第1集       ] downloaded:    24, total:  24, progress:100%
2026-08-17 23:34:36 - mkk_pika - database.py:238 - INFO - 数据库更新已下载章节
2026-08-17 23:34:36 - mkk_pika - database.py:244 - INFO - 该漫画已下载章节如下
2026-08-17 23:34:36 - mkk_pika - database.py:245 - INFO - ['第1集']
2026-08-17 23:34:38 - mkk_pika - main.py:348 - INFO - ==================== 漫画信息 ====================
                                   漫画ID：5c63b7f33dc0530c018ab972
                                   标题：黒い奉仕活動 (COMIC 高 Vol.1)
                                   作者：ぶるまにあん
                                   是否完结：是
                                   总页数：24
                                   分类：短篇,純愛
                                   章节数：1
                                   最后更新时间：2019-02-13T06:23:47.714Z
                                   =================================================
2026-08-17 23:34:38 - mkk_pika - database.py:101 - INFO - 保存成功：黒い奉仕活動 (COMIC 高 Vol.1)
2026-08-17 23:34:38 - mkk_pika - main.py:35 - INFO - 开始检查(C95) 春乳是否存在未下载章节
2026-08-17 23:34:38 - mkk_pika - main.py:45 - INFO - 正在下载:[(C95) 春乳]-[乙女気分 (三色網戸。)]-[['短篇', '人妻', '強暴']]-[total_pages:32]
2026-08-17 23:34:38 - mkk_pika - main.py:49 - INFO - [{'_id': '5c63b859421dc00bc8547e44', 'title': '第1集', 'order': 1, 'updated_at': '2019-02-12T18:56:40.987Z', 'id': '5c63b859421dc00bc8547e44'}]
2026-08-17 23:34:38 - mkk_pika - database.py:215 - INFO - 第一次下载该漫画，记录数据库中
2026-08-17 23:34:38 - mkk_pika - main.py:83 - INFO - 找到 32 张图片在:第1集
2026-08-17 23:34:40 - mkk_pika - main.py:112 - INFO - [episode:第1集       ] downloaded:    32, total:  32, progress:100%
2026-08-17 23:34:40 - mkk_pika - database.py:238 - INFO - 数据库更新已下载章节
2026-08-17 23:34:40 - mkk_pika - database.py:244 - INFO - 该漫画已下载章节如下
2026-08-17 23:34:40 - mkk_pika - database.py:245 - INFO - ['第1集']
2026-08-17 23:34:41 - mkk_pika - main.py:348 - INFO - ==================== 漫画信息 ====================
                                   漫画ID：5c63b859421dc00bc8547e43
                                   标题：(C95) 春乳
                                   作者：乙女気分 (三色網戸。)
                                   是否完结：是
                                   总页数：32
                                   分类：短篇,人妻,強暴
                                   章节数：1
                                   最后更新时间：2019-02-13T06:25:29.843Z
                                   =================================================
2026-08-17 23:34:41 - mkk_pika - database.py:101 - INFO - 保存成功：(C95) 春乳
2026-08-17 23:34:41 - mkk_pika - main.py:35 - INFO - 开始检查(C95)パンは杯 ワインは愛 (Fate/Grand Order)是否存在未下载章节
2026-08-17 23:34:42 - mkk_pika - main.py:45 - INFO - 正在下载:[(C95)パンは杯 ワインは愛 (Fate/Grand Order)]-[でんでんぼっち]-[['短篇', '同人', 'Fate', '純愛', '百合花園']]-[total_pages:22]
2026-08-17 23:34:42 - mkk_pika - main.py:49 - INFO - [{'_id': '5c63b9b00f7c1c77f101e766', 'title': '第1集', 'order': 1, 'updated_at': '2019-02-13T01:44:11.581Z', 'id': '5c63b9b00f7c1c77f101e766'}]
2026-08-17 23:34:42 - mkk_pika - database.py:215 - INFO - 第一次下载该漫画，记录数据库中
2026-08-17 23:34:42 - mkk_pika - main.py:83 - INFO - 找到 22 张图片在:第1集
2026-08-17 23:34:44 - mkk_pika - main.py:112 - INFO - [episode:第1集       ] downloaded:    22, total:  22, progress:100%
2026-08-17 23:34:44 - mkk_pika - database.py:238 - INFO - 数据库更新已下载章节
2026-08-17 23:34:44 - mkk_pika - database.py:244 - INFO - 该漫画已下载章节如下
2026-08-17 23:34:44 - mkk_pika - database.py:245 - INFO - ['第1集']
2026-08-17 23:34:45 - mkk_pika - main.py:348 - INFO - ==================== 漫画信息 ====================
                                   漫画ID：5c63b9b00f7c1c77f101e765
                                   标题：(C95)パンは杯 ワインは愛 (Fate/Grand Order)
                                   作者：でんでんぼっち
                                   是否完结：是
                                   总页数：22
                                   分类：短篇,同人,Fate,純愛,百合花園
                                   章节数：1
                                   最后更新时间：2019-02-13T06:31:12.495Z
                                   =================================================
2026-08-17 23:34:45 - mkk_pika - database.py:101 - INFO - 保存成功：(C95)パンは杯 ワインは愛 (Fate/Grand Order)
2026-08-17 23:34:45 - mkk_pika - main.py:35 - INFO - 开始检查曇天ライブラリー (東方Project)是否存在未下载章节
2026-08-17 23:34:45 - mkk_pika - main.py:45 - INFO - 正在下载:[曇天ライブラリー (東方Project)]-[白ネギ屋 (miya9)]-[['短篇', '同人', '東方', '純愛']]-[total_pages:32]
2026-08-17 23:34:45 - mkk_pika - main.py:49 - INFO - [{'_id': '5c63b9c88cce1677e93c721b', 'title': '第1集', 'order': 1, 'updated_at': '2019-02-13T01:50:54.924Z', 'id': '5c63b9c88cce1677e93c721b'}]
2026-08-17 23:34:45 - mkk_pika - database.py:215 - INFO - 第一次下载该漫画，记录数据库中
2026-08-17 23:34:46 - mkk_pika - main.py:83 - INFO - 找到 32 张图片在:第1集
2026-08-17 23:34:47 - mkk_pika - main.py:112 - INFO - [episode:第1集       ] downloaded:    32, total:  32, progress:100%
2026-08-17 23:34:47 - mkk_pika - database.py:238 - INFO - 数据库更新已下载章节
2026-08-17 23:34:47 - mkk_pika - database.py:244 - INFO - 该漫画已下载章节如下
2026-08-17 23:34:47 - mkk_pika - database.py:245 - INFO - ['第1集']
2026-08-17 23:34:49 - mkk_pika - main.py:348 - INFO - ==================== 漫画信息 ====================
                                   漫画ID：5c63b9c88cce1677e93c721a
                                   标题：曇天ライブラリー (東方Project)
                                   作者：白ネギ屋 (miya9)
                                   是否完结：是
                                   总页数：32
                                   分类：短篇,同人,東方,純愛
                                   章节数：1
                                   最后更新时间：2019-02-13T06:31:36.084Z
                                   =================================================
2026-08-17 23:34:49 - mkk_pika - database.py:101 - INFO - 保存成功：曇天ライブラリー (東方Project)
2026-08-17 23:34:49 - mkk_pika - main.py:35 - INFO - 开始检查提督に突撃いたしましょう (艦隊これくしょん -艦これ-)是否存在未下载章节
2026-08-17 23:34:49 - mkk_pika - main.py:45 - INFO - 正在下载:[提督に突撃いたしましょう (艦隊これくしょん -艦これ-)]-[D.N.A.Lab. (ミヤスリサ)]-[['短篇', '同人', '艦隊收藏', '純愛']]-[total_pages:27]
2026-08-17 23:34:49 - mkk_pika - main.py:49 - INFO - [{'_id': '5c63b9fe8539b178125afec5', 'title': '第1集', 'order': 1, 'updated_at': '2019-02-13T01:56:45.534Z', 'id': '5c63b9fe8539b178125afec5'}]
2026-08-17 23:34:49 - mkk_pika - database.py:215 - INFO - 第一次下载该漫画，记录数据库中
2026-08-17 23:34:49 - mkk_pika - main.py:83 - INFO - 找到 27 张图片在:第1集
2026-08-17 23:34:51 - mkk_pika - main.py:112 - INFO - [episode:第1集       ] downloaded:    27, total:  27, progress:100%
2026-08-17 23:34:51 - mkk_pika - database.py:238 - INFO - 数据库更新已下载章节
2026-08-17 23:34:51 - mkk_pika - database.py:244 - INFO - 该漫画已下载章节如下
2026-08-17 23:34:51 - mkk_pika - database.py:245 - INFO - ['第1集']
2026-08-17 23:34:52 - mkk_pika - main.py:348 - INFO - ==================== 漫画信息 ====================
                                   漫画ID：5c63b9fe8539b178125afec4
                                   标题：提督に突撃いたしましょう (艦隊これくしょん -艦これ-)
                                   作者：D.N.A.Lab. (ミヤスリサ)
                                   是否完结：是
                                   总页数：27
                                   分类：短篇,同人,艦隊收藏,純愛
                                   章节数：1
                                   最后更新时间：2019-02-13T06:32:30.310Z
                                   =================================================
2026-08-17 23:34:52 - mkk_pika - database.py:101 - INFO - 保存成功：提督に突撃いたしましょう (艦隊これくしょん -艦これ-)
2026-08-17 23:34:52 - mkk_pika - main.py:35 - INFO - 开始检查シェアハウスへようこそ（歡迎來到共享分租公寓）是否存在未下载章节
2026-08-17 23:34:52 - mkk_pika - main.py:45 - INFO - 正在下载:[シェアハウスへようこそ（歡迎來到共享分租公寓）]-[左橋レンヤ]-[['長篇', '單行本', '後宮閃光']]-[total_pages:202]
2026-08-17 23:34:52 - mkk_pika - main.py:49 - INFO - [{'_id': '5c63baf248d6430bf28e0012', 'title': '一集全', 'order': 1, 'updated_at': '2019-02-13T03:30:09.021Z', 'id': '5c63baf248d6430bf28e0012'}]
2026-08-17 23:34:52 - mkk_pika - database.py:215 - INFO - 第一次下载该漫画，记录数据库中
2026-08-17 23:34:54 - mkk_pika - main.py:83 - INFO - 找到 202 张图片在:一集全
2026-08-17 23:35:03 - mkk_pika - main.py:112 - INFO - [episode:一集全       ] downloaded:   202, total: 202, progress:100%
2026-08-17 23:35:03 - mkk_pika - database.py:238 - INFO - 数据库更新已下载章节
2026-08-17 23:35:03 - mkk_pika - database.py:244 - INFO - 该漫画已下载章节如下
2026-08-17 23:35:03 - mkk_pika - database.py:245 - INFO - ['一集全']
2026-08-17 23:35:04 - mkk_pika - main.py:348 - INFO - ==================== 漫画信息 ====================
                                   漫画ID：5c63baf248d6430bf28e0011
                                   标题：シェアハウスへようこそ（歡迎來到共享分租公寓）
                                   作者：左橋レンヤ
                                   是否完结：是
                                   总页数：202
                                   分类：長篇,單行本,後宮閃光
                                   章节数：1
                                   最后更新时间：2019-02-13T06:36:34.017Z
                                   =================================================
2026-08-17 23:35:04 - mkk_pika - database.py:101 - INFO - 保存成功：シェアハウスへようこそ（歡迎來到共享分租公寓）
2026-08-17 23:35:04 - mkk_pika - main.py:35 - INFO - 开始检查義理なら兄妹戀愛してもいいよね（義妹戀愛也應該沒問題）是否存在未下载章节
2026-08-17 23:35:05 - mkk_pika - main.py:45 - INFO - 正在下载:[義理なら兄妹戀愛してもいいよね（義妹戀愛也應該沒問題）]-[志乃武丹英]-[['長篇', '單行本', 'SM']]-[total_pages:192]
2026-08-17 23:35:05 - mkk_pika - main.py:49 - INFO - [{'_id': '5c63bb0a4571b50bc28b1c09', 'title': '一集全', 'order': 1, 'updated_at': '2019-02-13T03:40:08.561Z', 'id': '5c63bb0a4571b50bc28b1c09'}]
2026-08-17 23:35:05 - mkk_pika - database.py:215 - INFO - 第一次下载该漫画，记录数据库中
2026-08-17 23:35:06 - mkk_pika - main.py:83 - INFO - 找到 192 张图片在:一集全
2026-08-17 23:35:13 - mkk_pika - main.py:112 - INFO - [episode:一集全       ] downloaded:   192, total: 192, progress:100%
2026-08-17 23:35:13 - mkk_pika - database.py:238 - INFO - 数据库更新已下载章节
2026-08-17 23:35:13 - mkk_pika - database.py:244 - INFO - 该漫画已下载章节如下
2026-08-17 23:35:13 - mkk_pika - database.py:245 - INFO - ['一集全']
2026-08-17 23:35:15 - mkk_pika - main.py:348 - INFO - ==================== 漫画信息 ====================
                                   漫画ID：5c63bb0a4571b50bc28b1c08
                                   标题：義理なら兄妹戀愛してもいいよね（義妹戀愛也應該沒問題）
                                   作者：志乃武丹英
                                   是否完结：是
                                   总页数：192
                                   分类：長篇,單行本,SM
                                   章节数：1
                                   最后更新时间：2019-02-13T06:36:58.879Z
                                   =================================================
2026-08-17 23:35:15 - mkk_pika - database.py:101 - INFO - 保存成功：義理なら兄妹戀愛してもいいよね（義妹戀愛也應該沒問題）
2026-08-17 23:35:15 - mkk_pika - main.py:35 - INFO - 开始检查公眾欲情是否存在未下载章节
2026-08-17 23:35:15 - mkk_pika - main.py:45 - INFO - 正在下载:[公眾欲情]-[橋田鎮]-[['長篇', '單行本', 'SM']]-[total_pages:208]
2026-08-17 23:35:15 - mkk_pika - main.py:49 - INFO - [{'_id': '5c63bbfa0f7c1c77f101e81d', 'title': '一集全', 'order': 1, 'updated_at': '2019-02-13T03:49:41.680Z', 'id': '5c63bbfa0f7c1c77f101e81d'}]
2026-08-17 23:35:15 - mkk_pika - database.py:215 - INFO - 第一次下载该漫画，记录数据库中
2026-08-17 23:35:17 - mkk_pika - main.py:83 - INFO - 找到 208 张图片在:一集全
2026-08-17 23:35:19 - mkk_pika - main.py:24 - WARNING - Attempt 1 failed for https://storage1.picacomic.com/static/38a1e1a5-be8f-4176-bc15-9529b3bd7e45.jpg, status code: 502
2026-08-17 23:35:26 - mkk_pika - main.py:112 - INFO - [episode:一集全       ] downloaded:   208, total: 208, progress:100%
2026-08-17 23:35:26 - mkk_pika - database.py:238 - INFO - 数据库更新已下载章节
2026-08-17 23:35:26 - mkk_pika - database.py:244 - INFO - 该漫画已下载章节如下
2026-08-17 23:35:26 - mkk_pika - database.py:245 - INFO - ['一集全']
2026-08-17 23:35:27 - mkk_pika - main.py:348 - INFO - ==================== 漫画信息 ====================
                                   漫画ID：5c63bbfa0f7c1c77f101e81c
                                   标题：公眾欲情
                                   作者：橋田鎮
                                   是否完结：是
                                   总页数：208
                                   分类：長篇,單行本,SM
                                   章节数：1
                                   最后更新时间：2019-02-13T06:40:58.786Z
                                   =================================================
2026-08-17 23:35:27 - mkk_pika - database.py:101 - INFO - 保存成功：公眾欲情
2026-08-17 23:35:27 - mkk_pika - main.py:35 - INFO - 开始检查萌芽生娘是否存在未下载章节
2026-08-17 23:35:27 - mkk_pika - main.py:45 - INFO - 正在下载:[萌芽生娘]-[橋田鎮]-[['單行本', '長篇', 'SM', '強暴']]-[total_pages:191]
2026-08-17 23:35:27 - mkk_pika - main.py:49 - INFO - [{'_id': '5c63bc2c3dc0530c018abbee', 'title': '一集全', 'order': 1, 'updated_at': '2019-02-13T03:57:15.893Z', 'id': '5c63bc2c3dc0530c018abbee'}]
2026-08-17 23:35:27 - mkk_pika - database.py:215 - INFO - 第一次下载该漫画，记录数据库中
2026-08-17 23:35:29 - mkk_pika - main.py:83 - INFO - 找到 191 张图片在:一集全
2026-08-17 23:35:32 - mkk_pika - main.py:112 - INFO - [episode:一集全       ] downloaded:   191, total: 191, progress:100%
2026-08-17 23:35:32 - mkk_pika - database.py:238 - INFO - 数据库更新已下载章节
2026-08-17 23:35:32 - mkk_pika - database.py:244 - INFO - 该漫画已下载章节如下
2026-08-17 23:35:32 - mkk_pika - database.py:245 - INFO - ['一集全']
2026-08-17 23:35:34 - mkk_pika - main.py:348 - INFO - ==================== 漫画信息 ====================
                                   漫画ID：5c63bc2c3dc0530c018abbed
                                   标题：萌芽生娘
                                   作者：橋田鎮
                                   是否完结：是
                                   总页数：191
                                   分类：單行本,長篇,SM,強暴
                                   章节数：1
                                   最后更新时间：2019-02-13T06:41:48.076Z
                                   =================================================
2026-08-17 23:35:34 - mkk_pika - database.py:101 - INFO - 保存成功：萌芽生娘
2026-08-17 23:35:34 - mkk_pika - main.py:35 - INFO - 开始检查いとしのみゆ先生(蘿莉型的美由老師)是否存在未下载章节
2026-08-17 23:35:34 - mkk_pika - main.py:45 - INFO - 正在下载:[いとしのみゆ先生(蘿莉型的美由老師)]-[いーむす・アキ]-[['長篇', '單行本', '純愛']]-[total_pages:229]
2026-08-17 23:35:34 - mkk_pika - main.py:49 - INFO - [{'_id': '5c63bd668539b178125b00d0', 'title': '一集全', 'order': 1, 'updated_at': '2019-02-13T04:16:48.012Z', 'id': '5c63bd668539b178125b00d0'}]
2026-08-17 23:35:34 - mkk_pika - database.py:215 - INFO - 第一次下载该漫画，记录数据库中
2026-08-17 23:35:36 - mkk_pika - main.py:83 - INFO - 找到 229 张图片在:一集全
2026-08-17 23:35:45 - mkk_pika - main.py:112 - INFO - [episode:一集全       ] downloaded:   229, total: 229, progress:100%
2026-08-17 23:35:45 - mkk_pika - database.py:238 - INFO - 数据库更新已下载章节
2026-08-17 23:35:45 - mkk_pika - database.py:244 - INFO - 该漫画已下载章节如下
2026-08-17 23:35:45 - mkk_pika - database.py:245 - INFO - ['一集全']
2026-08-17 23:35:47 - mkk_pika - main.py:348 - INFO - ==================== 漫画信息 ====================
                                   漫画ID：5c63bd668539b178125b00cf
                                   标题：いとしのみゆ先生(蘿莉型的美由老師)
                                   作者：いーむす・アキ
                                   是否完结：是
                                   总页数：229
                                   分类：長篇,單行本,純愛
                                   章节数：1
                                   最后更新时间：2019-02-13T06:47:02.772Z
                                   =================================================
2026-08-17 23:35:47 - mkk_pika - database.py:101 - INFO - 保存成功：いとしのみゆ先生(蘿莉型的美由老師)
2026-08-17 23:35:47 - mkk_pika - main.py:35 - INFO - 开始检查いじくり上手の高木さん (からかい上手の高木さん)是否存在未下载章节
2026-08-17 23:35:47 - mkk_pika - main.py:45 - INFO - 正在下载:[いじくり上手の高木さん (からかい上手の高木さん)]-[ぽぽちち (八尋ぽち)]-[['短篇', '同人', '純愛']]-[total_pages:30]
2026-08-17 23:35:47 - mkk_pika - main.py:49 - INFO - [{'_id': '5c63bdaf421dc00bc8547ee7', 'title': '第1集', 'order': 1, 'updated_at': '2019-02-13T03:40:40.812Z', 'id': '5c63bdaf421dc00bc8547ee7'}]
2026-08-17 23:35:47 - mkk_pika - database.py:215 - INFO - 第一次下载该漫画，记录数据库中
2026-08-17 23:35:48 - mkk_pika - main.py:83 - INFO - 找到 30 张图片在:第1集
2026-08-17 23:35:49 - mkk_pika - main.py:112 - INFO - [episode:第1集       ] downloaded:    30, total:  30, progress:100%
2026-08-17 23:35:49 - mkk_pika - database.py:238 - INFO - 数据库更新已下载章节
2026-08-17 23:35:49 - mkk_pika - database.py:244 - INFO - 该漫画已下载章节如下
2026-08-17 23:35:49 - mkk_pika - database.py:245 - INFO - ['第1集']
2026-08-17 23:35:50 - mkk_pika - main.py:348 - INFO - ==================== 漫画信息 ====================
                                   漫画ID：5c63bdaf421dc00bc8547ee6
                                   标题：いじくり上手の高木さん (からかい上手の高木さん)
                                   作者：ぽぽちち (八尋ぽち)
                                   是否完结：否
                                   总页数：30
                                   分类：短篇,同人,純愛
                                   章节数：1
                                   最后更新时间：2019-02-13T06:48:15.350Z
                                   =================================================
2026-08-17 23:35:50 - mkk_pika - database.py:101 - INFO - 保存成功：いじくり上手の高木さん (からかい上手の高木さん)
2026-08-17 23:35:50 - mkk_pika - main.py:35 - INFO - 开始检查わくわくふれあい動物園是否存在未下载章节
2026-08-17 23:35:50 - mkk_pika - main.py:45 - INFO - 正在下载:[わくわくふれあい動物園]-[ぷりてゐ]-[['短篇', '非人類']]-[total_pages:16]
2026-08-17 23:35:50 - mkk_pika - main.py:49 - INFO - [{'_id': '5c63be88d8b53f51f0692798', 'title': '第1集', 'order': 1, 'updated_at': '2019-02-13T06:06:53.831Z', 'id': '5c63be88d8b53f51f0692798'}]
2026-08-17 23:35:50 - mkk_pika - database.py:215 - INFO - 第一次下载该漫画，记录数据库中
2026-08-17 23:35:51 - mkk_pika - main.py:83 - INFO - 找到 16 张图片在:第1集
2026-08-17 23:35:52 - mkk_pika - main.py:112 - INFO - [episode:第1集       ] downloaded:    16, total:  16, progress:100%
2026-08-17 23:35:52 - mkk_pika - database.py:238 - INFO - 数据库更新已下载章节
2026-08-17 23:35:52 - mkk_pika - database.py:244 - INFO - 该漫画已下载章节如下
2026-08-17 23:35:52 - mkk_pika - database.py:245 - INFO - ['第1集']
2026-08-17 23:35:53 - mkk_pika - main.py:348 - INFO - ==================== 漫画信息 ====================
                                   漫画ID：5c63be88d8b53f51f0692797
                                   标题：わくわくふれあい動物園
                                   作者：ぷりてゐ
                                   是否完结：是
                                   总页数：16
                                   分类：短篇,非人類
                                   章节数：1
                                   最后更新时间：2019-02-13T06:51:52.585Z
                                   =================================================
2026-08-17 23:35:53 - mkk_pika - database.py:101 - INFO - 保存成功：わくわくふれあい動物園
2026-08-17 23:35:53 - mkk_pika - main.py:35 - INFO - 开始检查B-Trayal 4 (BORUTO -ボルト-)是否存在未下载章节
2026-08-17 23:35:53 - mkk_pika - main.py:45 - INFO - 正在下载:[B-Trayal 4 (BORUTO -ボルト-)]-[Merkonig]-[['短篇', '同人', '人妻', 'SM', 'NTR']]-[total_pages:15]
2026-08-17 23:35:53 - mkk_pika - main.py:49 - INFO - [{'_id': '5c63e7973dc0530c018abeb7', 'title': '第1集', 'order': 1, 'updated_at': '2019-02-13T07:49:21.937Z', 'id': '5c63e7973dc0530c018abeb7'}]
2026-08-17 23:35:53 - mkk_pika - database.py:215 - INFO - 第一次下载该漫画，记录数据库中
2026-08-17 23:35:54 - mkk_pika - main.py:83 - INFO - 找到 15 张图片在:第1集
2026-08-17 23:35:55 - mkk_pika - main.py:112 - INFO - [episode:第1集       ] downloaded:    15, total:  15, progress:100%
2026-08-17 23:35:55 - mkk_pika - database.py:238 - INFO - 数据库更新已下载章节
2026-08-17 23:35:55 - mkk_pika - database.py:244 - INFO - 该漫画已下载章节如下
2026-08-17 23:35:55 - mkk_pika - database.py:245 - INFO - ['第1集']
2026-08-17 23:35:56 - mkk_pika - main.py:348 - INFO - ==================== 漫画信息 ====================
                                   漫画ID：5c63e7973dc0530c018abeb6
                                   标题：B-Trayal 4 (BORUTO -ボルト-)
                                   作者：Merkonig
                                   是否完结：是
                                   总页数：15
                                   分类：短篇,同人,人妻,SM,NTR
                                   章节数：1
                                   最后更新时间：2019-02-13T09:47:03.790Z
                                   =================================================
2026-08-17 23:35:56 - mkk_pika - database.py:101 - INFO - 保存成功：B-Trayal 4 (BORUTO -ボルト-)
2026-08-17 23:35:56 - mkk_pika - main.py:35 - INFO - 开始检查(C95)あなたのヤミ鎮守府4 (艦隊これくしょん -艦これ-)是否存在未下载章节
2026-08-17 23:35:57 - mkk_pika - main.py:45 - INFO - 正在下载:[(C95)あなたのヤミ鎮守府4 (艦隊これくしょん -艦これ-)]-[BETEMIUS (バシウス)]-[['短篇', '同人', '艦隊收藏', '後宮閃光']]-[total_pages:40]
2026-08-17 23:35:57 - mkk_pika - main.py:49 - INFO - [{'_id': '5c63e7c38cce1677e93c75d4', 'title': '第1集', 'order': 1, 'updated_at': '2019-02-13T08:00:48.950Z', 'id': '5c63e7c38cce1677e93c75d4'}]
2026-08-17 23:35:57 - mkk_pika - database.py:215 - INFO - 第一次下载该漫画，记录数据库中
2026-08-17 23:35:57 - mkk_pika - main.py:83 - INFO - 找到 40 张图片在:第1集
2026-08-17 23:35:59 - mkk_pika - main.py:112 - INFO - [episode:第1集       ] downloaded:    40, total:  40, progress:100%
2026-08-17 23:35:59 - mkk_pika - database.py:238 - INFO - 数据库更新已下载章节
2026-08-17 23:35:59 - mkk_pika - database.py:244 - INFO - 该漫画已下载章节如下
2026-08-17 23:35:59 - mkk_pika - database.py:245 - INFO - ['第1集']
2026-08-17 23:36:00 - mkk_pika - main.py:348 - INFO - ==================== 漫画信息 ====================
                                   漫画ID：5c63e7c38cce1677e93c75d3
                                   标题：(C95)あなたのヤミ鎮守府4 (艦隊これくしょん -艦これ-)
                                   作者：BETEMIUS (バシウス)
                                   是否完结：是
                                   总页数：40
                                   分类：短篇,同人,艦隊收藏,後宮閃光
                                   章节数：1
                                   最后更新时间：2019-02-13T09:47:47.531Z
                                   =================================================
2026-08-17 23:36:00 - mkk_pika - database.py:101 - INFO - 保存成功：(C95)あなたのヤミ鎮守府4 (艦隊これくしょん -艦これ-)
2026-08-17 23:36:00 - mkk_pika - main.py:35 - INFO - 开始检查 (C95)曙ちゃんは罵りたい! (艦隊これくしょん -艦これ-)是否存在未下载章节
2026-08-17 23:36:00 - mkk_pika - main.py:45 - INFO - 正在下载:[ (C95)曙ちゃんは罵りたい! (艦隊これくしょん -艦これ-)]-[TIES (タケイオーキ)]-[['同人', '艦隊收藏', '短篇', '純愛']]-[total_pages:28]
2026-08-17 23:36:00 - mkk_pika - main.py:49 - INFO - [{'_id': '5c64357c3dc0530c018ac1e2', 'title': '第1集', 'order': 1, 'updated_at': '2019-02-13T11:38:10.889Z', 'id': '5c64357c3dc0530c018ac1e2'}]
2026-08-17 23:36:00 - mkk_pika - database.py:215 - INFO - 第一次下载该漫画，记录数据库中
2026-08-17 23:36:01 - mkk_pika - main.py:83 - INFO - 找到 28 张图片在:第1集
2026-08-17 23:36:02 - mkk_pika - main.py:112 - INFO - [episode:第1集       ] downloaded:    28, total:  28, progress:100%
2026-08-17 23:36:02 - mkk_pika - database.py:238 - INFO - 数据库更新已下载章节
2026-08-17 23:36:02 - mkk_pika - database.py:244 - INFO - 该漫画已下载章节如下
2026-08-17 23:36:02 - mkk_pika - database.py:245 - INFO - ['第1集']
2026-08-17 23:36:03 - mkk_pika - main.py:348 - INFO - ==================== 漫画信息 ====================
                                   漫画ID：5c64357c3dc0530c018ac1e1
                                   标题： (C95)曙ちゃんは罵りたい! (艦隊これくしょん -艦これ-)
                                   作者：TIES (タケイオーキ)
                                   是否完结：是
                                   总页数：28
                                   分类：同人,艦隊收藏,短篇,純愛
                                   章节数：1
                                   最后更新时间：2019-02-13T15:19:24.553Z
                                   =================================================
2026-08-17 23:36:03 - mkk_pika - database.py:101 - INFO - 保存成功： (C95)曙ちゃんは罵りたい! (艦隊これくしょん -艦これ-)
2026-08-17 23:36:03 - mkk_pika - main.py:35 - INFO - 开始检查(C95)PRIVATE AFFAIR (艦隊これくしょん -艦これ-)是否存在未下载章节
2026-08-17 23:36:04 - mkk_pika - main.py:45 - INFO - 正在下载:[(C95)PRIVATE AFFAIR (艦隊これくしょん -艦これ-)]-[くまのとおるみち (くまだ)]-[['短篇', '同人', '艦隊收藏', '純愛']]-[total_pages:24]
2026-08-17 23:36:04 - mkk_pika - main.py:49 - INFO - [{'_id': '5c6435f43ef608781ce684be', 'title': '第1集', 'order': 1, 'updated_at': '2019-02-13T11:42:15.388Z', 'id': '5c6435f43ef608781ce684be'}]
2026-08-17 23:36:04 - mkk_pika - database.py:215 - INFO - 第一次下载该漫画，记录数据库中
2026-08-17 23:36:04 - mkk_pika - main.py:83 - INFO - 找到 24 张图片在:第1集
2026-08-17 23:36:05 - mkk_pika - main.py:112 - INFO - [episode:第1集       ] downloaded:    24, total:  24, progress:100%
2026-08-17 23:36:05 - mkk_pika - database.py:238 - INFO - 数据库更新已下载章节
2026-08-17 23:36:05 - mkk_pika - database.py:244 - INFO - 该漫画已下载章节如下
2026-08-17 23:36:05 - mkk_pika - database.py:245 - INFO - ['第1集']
2026-08-17 23:36:07 - mkk_pika - main.py:348 - INFO - ==================== 漫画信息 ====================
                                   漫画ID：5c6435f43ef608781ce684bd
                                   标题：(C95)PRIVATE AFFAIR (艦隊これくしょん -艦これ-)
                                   作者：くまのとおるみち (くまだ)
                                   是否完结：是
                                   总页数：24
                                   分类：短篇,同人,艦隊收藏,純愛
                                   章节数：1
                                   最后更新时间：2019-02-13T15:21:24.374Z
                                   =================================================
2026-08-17 23:36:07 - mkk_pika - database.py:101 - INFO - 保存成功：(C95)PRIVATE AFFAIR (艦隊これくしょん -艦これ-)
2026-08-17 23:36:07 - mkk_pika - main.py:35 - INFO - 开始检查(C95)最愛のネロ。 (Fate/Grand Order)是否存在未下载章节
2026-08-17 23:36:07 - mkk_pika - main.py:45 - INFO - 正在下载:[(C95)最愛のネロ。 (Fate/Grand Order)]-[たいけん部！ (大気KEN)]-[['短篇', '同人', 'Fate', '純愛']]-[total_pages:20]
2026-08-17 23:36:07 - mkk_pika - main.py:49 - INFO - [{'_id': '5c6436453dc0530c018ac208', 'title': '第1集', 'order': 1, 'updated_at': '2019-02-13T11:46:53.790Z', 'id': '5c6436453dc0530c018ac208'}]
2026-08-17 23:36:07 - mkk_pika - database.py:215 - INFO - 第一次下载该漫画，记录数据库中
2026-08-17 23:36:07 - mkk_pika - main.py:83 - INFO - 找到 20 张图片在:第1集
2026-08-17 23:36:08 - mkk_pika - main.py:112 - INFO - [episode:第1集       ] downloaded:    20, total:  20, progress:100%
2026-08-17 23:36:08 - mkk_pika - database.py:238 - INFO - 数据库更新已下载章节
2026-08-17 23:36:08 - mkk_pika - database.py:244 - INFO - 该漫画已下载章节如下
2026-08-17 23:36:08 - mkk_pika - database.py:245 - INFO - ['第1集']
2026-08-17 23:36:10 - mkk_pika - main.py:348 - INFO - ==================== 漫画信息 ====================
                                   漫画ID：5c6436453dc0530c018ac207
                                   标题：(C95)最愛のネロ。 (Fate/Grand Order)
                                   作者：たいけん部！ (大気KEN)
                                   是否完结：是
                                   总页数：20
                                   分类：短篇,同人,Fate,純愛
                                   章节数：1
                                   最后更新时间：2019-02-13T15:22:45.061Z
                                   =================================================
2026-08-17 23:36:10 - mkk_pika - database.py:101 - INFO - 保存成功：(C95)最愛のネロ。 (Fate/Grand Order)
2026-08-17 23:36:10 - mkk_pika - main.py:35 - INFO - 开始检查Sweet Blue (ゼルダの伝説 ブレス オブ ザ ワイルド)是否存在未下载章节
2026-08-17 23:36:10 - mkk_pika - main.py:45 - INFO - 正在下载:[Sweet Blue (ゼルダの伝説 ブレス オブ ザ ワイルド)]-[さくら缶 (海棠深月)]-[['短篇', '同人', '純愛']]-[total_pages:22]
2026-08-17 23:36:10 - mkk_pika - main.py:49 - INFO - [{'_id': '5c64366e3dc0530c018ac220', 'title': '第1集', 'order': 1, 'updated_at': '2019-02-13T11:55:23.777Z', 'id': '5c64366e3dc0530c018ac220'}]
2026-08-17 23:36:10 - mkk_pika - database.py:215 - INFO - 第一次下载该漫画，记录数据库中
2026-08-17 23:36:10 - mkk_pika - main.py:83 - INFO - 找到 22 张图片在:第1集
2026-08-17 23:36:11 - mkk_pika - main.py:112 - INFO - [episode:第1集       ] downloaded:    22, total:  22, progress:100%
2026-08-17 23:36:11 - mkk_pika - database.py:238 - INFO - 数据库更新已下载章节
2026-08-17 23:36:11 - mkk_pika - database.py:244 - INFO - 该漫画已下载章节如下
2026-08-17 23:36:11 - mkk_pika - database.py:245 - INFO - ['第1集']
2026-08-17 23:36:13 - mkk_pika - main.py:348 - INFO - ==================== 漫画信息 ====================
                                   漫画ID：5c64366e3dc0530c018ac21f
                                   标题：Sweet Blue (ゼルダの伝説 ブレス オブ ザ ワイルド)
                                   作者：さくら缶 (海棠深月)
                                   是否完结：是
                                   总页数：22
                                   分类：短篇,同人,純愛
                                   章节数：1
                                   最后更新时间：2019-02-13T15:23:26.624Z
                                   =================================================
2026-08-17 23:36:13 - mkk_pika - database.py:101 - INFO - 保存成功：Sweet Blue (ゼルダの伝説 ブレス オブ ザ ワイルド)
2026-08-17 23:36:13 - mkk_pika - main.py:35 - INFO - 开始检查(C95)秩序クラッシュ (グランブルーファンタジー)是否存在未下载章节
2026-08-17 23:36:13 - mkk_pika - main.py:45 - INFO - 正在下载:[(C95)秩序クラッシュ (グランブルーファンタジー)]-[いっきづか (きづかかずき)]-[['短篇', '同人', '碧藍幻想', '後宮閃光']]-[total_pages:26]
2026-08-17 23:36:13 - mkk_pika - main.py:49 - INFO - [{'_id': '5c6436808539b178125b0a8a', 'title': '第1集', 'order': 1, 'updated_at': '2019-02-13T11:59:59.743Z', 'id': '5c6436808539b178125b0a8a'}]
2026-08-17 23:36:13 - mkk_pika - database.py:215 - INFO - 第一次下载该漫画，记录数据库中
2026-08-17 23:36:13 - mkk_pika - main.py:83 - INFO - 找到 26 张图片在:第1集
2026-08-17 23:36:15 - mkk_pika - main.py:112 - INFO - [episode:第1集       ] downloaded:    26, total:  26, progress:100%
2026-08-17 23:36:15 - mkk_pika - database.py:238 - INFO - 数据库更新已下载章节
2026-08-17 23:36:15 - mkk_pika - database.py:244 - INFO - 该漫画已下载章节如下
2026-08-17 23:36:15 - mkk_pika - database.py:245 - INFO - ['第1集']
2026-08-17 23:36:16 - mkk_pika - main.py:348 - INFO - ==================== 漫画信息 ====================
                                   漫画ID：5c6436808539b178125b0a89
                                   标题：(C95)秩序クラッシュ (グランブルーファンタジー)
                                   作者：いっきづか (きづかかずき)
                                   是否完结：是
                                   总页数：26
                                   分类：短篇,同人,碧藍幻想,後宮閃光
                                   章节数：1
                                   最后更新时间：2019-02-13T15:23:44.859Z
                                   =================================================
2026-08-17 23:36:16 - mkk_pika - database.py:101 - INFO - 保存成功：(C95)秩序クラッシュ (グランブルーファンタジー)
2026-08-17 23:36:16 - mkk_pika - main.py:35 - INFO - 开始检查イジメラレ～「女」の僕と飼い主3人～ 8是否存在未下载章节
2026-08-17 23:36:16 - mkk_pika - main.py:45 - INFO - 正在下载:[イジメラレ～「女」の僕と飼い主3人～ 8]-[早乙女もこ乃]-[['短篇', '性轉換']]-[total_pages:39]
2026-08-17 23:36:16 - mkk_pika - main.py:49 - INFO - [{'_id': '5c643710d8b53f51f0692adb', 'title': '第1集', 'order': 1, 'updated_at': '2019-02-13T12:23:12.828Z', 'id': '5c643710d8b53f51f0692adb'}]
2026-08-17 23:36:16 - mkk_pika - database.py:215 - INFO - 第一次下载该漫画，记录数据库中
2026-08-17 23:36:17 - mkk_pika - main.py:83 - INFO - 找到 39 张图片在:第1集
2026-08-17 23:36:18 - mkk_pika - main.py:112 - INFO - [episode:第1集       ] downloaded:    39, total:  39, progress:100%
2026-08-17 23:36:18 - mkk_pika - database.py:238 - INFO - 数据库更新已下载章节
2026-08-17 23:36:18 - mkk_pika - database.py:244 - INFO - 该漫画已下载章节如下
2026-08-17 23:36:18 - mkk_pika - database.py:245 - INFO - ['第1集']
2026-08-17 23:36:20 - mkk_pika - main.py:348 - INFO - ==================== 漫画信息 ====================
                                   漫画ID：5c643710d8b53f51f0692ada
                                   标题：イジメラレ～「女」の僕と飼い主3人～ 8
                                   作者：早乙女もこ乃
                                   是否完结：否
                                   总页数：39
                                   分类：短篇,性轉換
                                   章节数：1
                                   最后更新时间：2019-02-13T15:26:08.864Z
                                   =================================================
2026-08-17 23:36:20 - mkk_pika - database.py:101 - INFO - 保存成功：イジメラレ～「女」の僕と飼い主3人～ 8
2026-08-17 23:36:20 - mkk_pika - main.py:35 - INFO - 开始检查成年版イクとイルカさん おともだちもいっしょ編 (19与海豚桑 朋友也一起玩耍）是否存在未下载章节
2026-08-17 23:36:20 - mkk_pika - main.py:45 - INFO - 正在下载:[成年版イクとイルカさん おともだちもいっしょ編 (19与海豚桑 朋友也一起玩耍）]-[あっち系美少女 (炒りたて将軍)]-[['短篇', '同人', '後宮閃光', '非人類', '艦隊收藏']]-[total_pages:27]
2026-08-17 23:36:20 - mkk_pika - main.py:49 - INFO - [{'_id': '5c64374548d6430bf28e058d', 'title': '第1集', 'order': 1, 'updated_at': '2019-02-13T12:39:01.799Z', 'id': '5c64374548d6430bf28e058d'}]
2026-08-17 23:36:20 - mkk_pika - database.py:215 - INFO - 第一次下载该漫画，记录数据库中
2026-08-17 23:36:20 - mkk_pika - main.py:83 - INFO - 找到 27 张图片在:第1集
2026-08-17 23:36:22 - mkk_pika - main.py:112 - INFO - [episode:第1集       ] downloaded:    27, total:  27, progress:100%
2026-08-17 23:36:22 - mkk_pika - database.py:238 - INFO - 数据库更新已下载章节
2026-08-17 23:36:22 - mkk_pika - database.py:244 - INFO - 该漫画已下载章节如下
2026-08-17 23:36:22 - mkk_pika - database.py:245 - INFO - ['第1集']
2026-08-17 23:36:23 - mkk_pika - main.py:348 - INFO - ==================== 漫画信息 ====================
                                   漫画ID：5c64374548d6430bf28e058c
                                   标题：成年版イクとイルカさん おともだちもいっしょ編 (19与海豚桑 朋友也一起玩耍）
                                   作者：あっち系美少女 (炒りたて将軍)
                                   是否完结：是
                                   总页数：27
                                   分类：短篇,同人,後宮閃光,非人類,艦隊收藏
                                   章节数：1
                                   最后更新时间：2019-02-13T15:27:01.928Z
                                   =================================================
2026-08-17 23:36:23 - mkk_pika - database.py:101 - INFO - 保存成功：成年版イクとイルカさん おともだちもいっしょ編 (19与海豚桑 朋友也一起玩耍）
2026-08-17 23:36:23 - mkk_pika - main.py:35 - INFO - 开始检查(C95)ねこ娘を牝にしたい2 (ゲゲゲの鬼太郎)是否存在未下载章节
2026-08-17 23:36:23 - mkk_pika - main.py:45 - INFO - 正在下载:[(C95)ねこ娘を牝にしたい2 (ゲゲゲの鬼太郎)]-[BLUE GARNET (芹沢克己)]-[['短篇', '同人', '非人類', '強暴']]-[total_pages:30]
2026-08-17 23:36:23 - mkk_pika - main.py:49 - INFO - [{'_id': '5c6438094571b50bc28b20f1', 'title': '第1集', 'order': 1, 'updated_at': '2019-02-13T13:17:20.870Z', 'id': '5c6438094571b50bc28b20f1'}]
2026-08-17 23:36:23 - mkk_pika - database.py:215 - INFO - 第一次下载该漫画，记录数据库中
2026-08-17 23:36:24 - mkk_pika - main.py:83 - INFO - 找到 30 张图片在:第1集
2026-08-17 23:36:25 - mkk_pika - main.py:112 - INFO - [episode:第1集       ] downloaded:    30, total:  30, progress:100%
2026-08-17 23:36:25 - mkk_pika - database.py:238 - INFO - 数据库更新已下载章节
2026-08-17 23:36:25 - mkk_pika - database.py:244 - INFO - 该漫画已下载章节如下
2026-08-17 23:36:25 - mkk_pika - database.py:245 - INFO - ['第1集']
2026-08-17 23:36:26 - mkk_pika - main.py:348 - INFO - ==================== 漫画信息 ====================
                                   漫画ID：5c6438094571b50bc28b20f0
                                   标题：(C95)ねこ娘を牝にしたい2 (ゲゲゲの鬼太郎)
                                   作者：BLUE GARNET (芹沢克己)
                                   是否完结：是
                                   总页数：30
                                   分类：短篇,同人,非人類,強暴
                                   章节数：1
                                   最后更新时间：2019-02-13T15:30:17.478Z
                                   =================================================
2026-08-17 23:36:26 - mkk_pika - database.py:101 - INFO - 保存成功：(C95)ねこ娘を牝にしたい2 (ゲゲゲの鬼太郎)
2026-08-17 23:36:26 - mkk_pika - main.py:35 - INFO - 开始检查(C95)獣欲教室 (東方Project)是否存在未下载章节
2026-08-17 23:36:27 - mkk_pika - main.py:45 - INFO - 正在下载:[(C95)獣欲教室 (東方Project)]-[武装カルシウム (竹刈シウム)]-[['短篇', '同人', '東方', '強暴', '非人類']]-[total_pages:62]
2026-08-17 23:36:27 - mkk_pika - main.py:49 - INFO - [{'_id': '5c6438260f7c1c77f101f628', 'title': '第1集', 'order': 1, 'updated_at': '2019-02-13T13:25:58.461Z', 'id': '5c6438260f7c1c77f101f628'}]
2026-08-17 23:36:27 - mkk_pika - database.py:215 - INFO - 第一次下载该漫画，记录数据库中
2026-08-17 23:36:27 - mkk_pika - main.py:83 - INFO - 找到 62 张图片在:第1集
2026-08-17 23:36:30 - mkk_pika - main.py:112 - INFO - [episode:第1集       ] downloaded:    62, total:  62, progress:100%
2026-08-17 23:36:30 - mkk_pika - database.py:238 - INFO - 数据库更新已下载章节
2026-08-17 23:36:30 - mkk_pika - database.py:244 - INFO - 该漫画已下载章节如下
2026-08-17 23:36:30 - mkk_pika - database.py:245 - INFO - ['第1集']
2026-08-17 23:36:31 - mkk_pika - main.py:348 - INFO - ==================== 漫画信息 ====================
                                   漫画ID：5c6438260f7c1c77f101f627
                                   标题：(C95)獣欲教室 (東方Project)
                                   作者：武装カルシウム (竹刈シウム)
                                   是否完结：是
                                   总页数：62
                                   分类：短篇,同人,東方,強暴,非人類
                                   章节数：1
                                   最后更新时间：2019-02-13T15:30:46.299Z
                                   =================================================
2026-08-17 23:36:31 - mkk_pika - database.py:101 - INFO - 保存成功：(C95)獣欲教室 (東方Project)
2026-08-17 23:36:31 - mkk_pika - main.py:35 - INFO - 开始检查せっくすあしすたんと是否存在未下载章节
2026-08-17 23:36:31 - mkk_pika - main.py:45 - INFO - 正在下载:[せっくすあしすたんと]-[薺屋本舗 (7zu7)]-[['短篇']]-[total_pages:24]
2026-08-17 23:36:31 - mkk_pika - main.py:49 - INFO - [{'_id': '5c6438380f7c1c77f101f668', 'title': '第1集', 'order': 1, 'updated_at': '2019-02-13T13:36:19.239Z', 'id': '5c6438380f7c1c77f101f668'}]
2026-08-17 23:36:31 - mkk_pika - database.py:215 - INFO - 第一次下载该漫画，记录数据库中
2026-08-17 23:36:32 - mkk_pika - main.py:83 - INFO - 找到 24 张图片在:第1集
2026-08-17 23:36:33 - mkk_pika - main.py:112 - INFO - [episode:第1集       ] downloaded:    24, total:  24, progress:100%
2026-08-17 23:36:33 - mkk_pika - database.py:238 - INFO - 数据库更新已下载章节
2026-08-17 23:36:33 - mkk_pika - database.py:244 - INFO - 该漫画已下载章节如下
2026-08-17 23:36:33 - mkk_pika - database.py:245 - INFO - ['第1集']
2026-08-17 23:36:34 - mkk_pika - main.py:348 - INFO - ==================== 漫画信息 ====================
                                   漫画ID：5c6438380f7c1c77f101f667
                                   标题：せっくすあしすたんと
                                   作者：薺屋本舗 (7zu7)
                                   是否完结：是
                                   总页数：24
                                   分类：短篇
                                   章节数：1
                                   最后更新时间：2019-02-13T15:31:04.242Z
                                   =================================================
2026-08-17 23:36:34 - mkk_pika - database.py:101 - INFO - 保存成功：せっくすあしすたんと
2026-08-17 23:36:34 - mkk_pika - main.py:35 - INFO - 开始检查淫辱の音是否存在未下载章节
2026-08-17 23:36:35 - mkk_pika - main.py:45 - INFO - 正在下载:[淫辱の音]-[紫月秋夜]-[['長篇']]-[total_pages:195]
2026-08-17 23:36:35 - mkk_pika - main.py:49 - INFO - [{'_id': '5c643a6703c61c272de9a3ed', 'title': '第1集', 'order': 1, 'updated_at': '2019-02-13T15:00:54.499Z', 'id': '5c643a6703c61c272de9a3ed'}]
2026-08-17 23:36:35 - mkk_pika - database.py:215 - INFO - 第一次下载该漫画，记录数据库中
2026-08-17 23:36:36 - mkk_pika - main.py:83 - INFO - 找到 195 张图片在:第1集
2026-08-17 23:36:44 - mkk_pika - main.py:112 - INFO - [episode:第1集       ] downloaded:   195, total: 195, progress:100%
2026-08-17 23:36:44 - mkk_pika - database.py:238 - INFO - 数据库更新已下载章节
2026-08-17 23:36:44 - mkk_pika - database.py:244 - INFO - 该漫画已下载章节如下
2026-08-17 23:36:44 - mkk_pika - database.py:245 - INFO - ['第1集']
2026-08-17 23:36:46 - mkk_pika - main.py:348 - INFO - ==================== 漫画信息 ====================
                                   漫画ID：5c643a6703c61c272de9a3ec
                                   标题：淫辱の音
                                   作者：紫月秋夜
                                   是否完结：否
                                   总页数：195
                                   分类：長篇
                                   章节数：1
                                   最后更新时间：2019-02-13T15:40:23.169Z
                                   =================================================
2026-08-17 23:36:46 - mkk_pika - database.py:101 - INFO - 保存成功：淫辱の音
2026-08-17 23:36:46 - mkk_pika - main.py:35 - INFO - 开始检查不思議の国は種付け日和 (不思議の国のアリス)是否存在未下载章节
2026-08-17 23:36:46 - mkk_pika - main.py:45 - INFO - 正在下载:[不思議の国は種付け日和 (不思議の国のアリス)]-[世捨人な漫画描き (ともきとものり)]-[['短篇', '同人', '後宮閃光', '妹妹系']]-[total_pages:40]
2026-08-17 23:36:46 - mkk_pika - main.py:49 - INFO - [{'_id': '5c643a7903c61c272de9a4b4', 'title': '第1集', 'order': 1, 'updated_at': '2019-02-13T13:45:05.769Z', 'id': '5c643a7903c61c272de9a4b4'}]
2026-08-17 23:36:46 - mkk_pika - database.py:215 - INFO - 第一次下载该漫画，记录数据库中
2026-08-17 23:36:46 - mkk_pika - main.py:83 - INFO - 找到 40 张图片在:第1集
2026-08-17 23:36:48 - mkk_pika - main.py:112 - INFO - [episode:第1集       ] downloaded:    40, total:  40, progress:100%
2026-08-17 23:36:48 - mkk_pika - database.py:238 - INFO - 数据库更新已下载章节
2026-08-17 23:36:48 - mkk_pika - database.py:244 - INFO - 该漫画已下载章节如下
2026-08-17 23:36:48 - mkk_pika - database.py:245 - INFO - ['第1集']
2026-08-17 23:36:50 - mkk_pika - main.py:348 - INFO - ==================== 漫画信息 ====================
                                   漫画ID：5c643a7903c61c272de9a4b3
                                   标题：不思議の国は種付け日和 (不思議の国のアリス)
                                   作者：世捨人な漫画描き (ともきとものり)
                                   是否完结：是
                                   总页数：40
                                   分类：短篇,同人,後宮閃光,妹妹系
                                   章节数：1
                                   最后更新时间：2019-02-13T15:40:41.265Z
                                   =================================================
2026-08-17 23:36:50 - mkk_pika - database.py:101 - INFO - 保存成功：不思議の国は種付け日和 (不思議の国のアリス)
2026-08-17 23:36:50 - mkk_pika - main.py:35 - INFO - 开始检查纲手对鸣人的惩罚是否存在未下载章节
2026-08-17 23:36:50 - mkk_pika - main.py:45 - INFO - 正在下载:[纲手对鸣人的惩罚]-[蛹虎次郎]-[['全彩', '短篇', '同人']]-[total_pages:23]
2026-08-17 23:36:50 - mkk_pika - main.py:49 - INFO - [{'_id': '5c643ae18cce1677e93c8043', 'title': '第1集', 'order': 1, 'updated_at': '2019-02-13T15:19:14.035Z', 'id': '5c643ae18cce1677e93c8043'}]
2026-08-17 23:36:50 - mkk_pika - database.py:215 - INFO - 第一次下载该漫画，记录数据库中
2026-08-17 23:36:50 - mkk_pika - main.py:83 - INFO - 找到 23 张图片在:第1集
2026-08-17 23:36:51 - mkk_pika - main.py:112 - INFO - [episode:第1集       ] downloaded:    23, total:  23, progress:100%
2026-08-17 23:36:51 - mkk_pika - database.py:238 - INFO - 数据库更新已下载章节
2026-08-17 23:36:51 - mkk_pika - database.py:244 - INFO - 该漫画已下载章节如下
2026-08-17 23:36:51 - mkk_pika - database.py:245 - INFO - ['第1集']
2026-08-17 23:36:53 - mkk_pika - main.py:348 - INFO - ==================== 漫画信息 ====================
                                   漫画ID：5c643ae18cce1677e93c8042
                                   标题：纲手对鸣人的惩罚
                                   作者：蛹虎次郎
                                   是否完结：否
                                   总页数：23
                                   分类：全彩,短篇,同人
                                   章节数：1
                                   最后更新时间：2019-02-13T15:42:25.807Z
                                   =================================================
2026-08-17 23:36:53 - mkk_pika - database.py:101 - INFO - 保存成功：纲手对鸣人的惩罚
2026-08-17 23:36:53 - mkk_pika - main.py:35 - INFO - 开始检查手办色影（瓶儿）是否存在未下载章节
2026-08-17 23:36:53 - mkk_pika - main.py:45 - INFO - 正在下载:[手办色影（瓶儿）]-[宝塔熊天王]-[['全彩', '長篇', '同人']]-[total_pages:68]
2026-08-17 23:36:53 - mkk_pika - main.py:49 - INFO - [{'_id': '5c6562af03c61c272de9ab17', 'title': '第1集', 'order': 1, 'updated_at': '2019-02-13T03:01:21.001Z', 'id': '5c6562af03c61c272de9ab17'}]
2026-08-17 23:36:53 - mkk_pika - database.py:215 - INFO - 第一次下载该漫画，记录数据库中
2026-08-17 23:36:54 - mkk_pika - main.py:83 - INFO - 找到 68 张图片在:第1集
2026-08-17 23:36:57 - mkk_pika - main.py:112 - INFO - [episode:第1集       ] downloaded:    68, total:  68, progress:100%
2026-08-17 23:36:57 - mkk_pika - database.py:238 - INFO - 数据库更新已下载章节
2026-08-17 23:36:57 - mkk_pika - database.py:244 - INFO - 该漫画已下载章节如下
2026-08-17 23:36:57 - mkk_pika - database.py:245 - INFO - ['第1集']
2026-08-17 23:36:58 - mkk_pika - main.py:348 - INFO - ==================== 漫画信息 ====================
                                   漫画ID：5c6562af03c61c272de9ab16
                                   标题：手办色影（瓶儿）
                                   作者：宝塔熊天王
                                   是否完结：是
                                   总页数：68
                                   分类：全彩,長篇,同人
                                   章节数：1
                                   最后更新时间：2019-02-14T12:44:31.317Z
                                   =================================================
2026-08-17 23:36:58 - mkk_pika - database.py:101 - INFO - 保存成功：手办色影（瓶儿）
2026-08-17 23:36:58 - mkk_pika - main.py:35 - INFO - 开始检查ドクドクドクター ( ハモハモハーモニー)是否存在未下载章节
2026-08-17 23:36:58 - mkk_pika - main.py:45 - INFO - 正在下载:[ドクドクドクター ( ハモハモハーモニー)]-[じゃんぬだっく]-[['短篇']]-[total_pages:16]
2026-08-17 23:36:58 - mkk_pika - main.py:49 - INFO - [{'_id': '5c65632c4571b50bc28b2788', 'title': '第1集', 'order': 1, 'updated_at': '2019-02-13T16:40:40.116Z', 'id': '5c65632c4571b50bc28b2788'}]
2026-08-17 23:36:58 - mkk_pika - database.py:215 - INFO - 第一次下载该漫画，记录数据库中
2026-08-17 23:36:59 - mkk_pika - main.py:83 - INFO - 找到 16 张图片在:第1集
2026-08-17 23:37:00 - mkk_pika - main.py:112 - INFO - [episode:第1集       ] downloaded:    16, total:  16, progress:100%
2026-08-17 23:37:00 - mkk_pika - database.py:238 - INFO - 数据库更新已下载章节
2026-08-17 23:37:00 - mkk_pika - database.py:244 - INFO - 该漫画已下载章节如下
2026-08-17 23:37:00 - mkk_pika - database.py:245 - INFO - ['第1集']
2026-08-17 23:37:01 - mkk_pika - main.py:348 - INFO - ==================== 漫画信息 ====================
                                   漫画ID：5c65632c4571b50bc28b2787
                                   标题：ドクドクドクター ( ハモハモハーモニー)
                                   作者：じゃんぬだっく
                                   是否完结：是
                                   总页数：16
                                   分类：短篇
                                   章节数：1
                                   最后更新时间：2019-02-14T12:46:36.462Z
                                   =================================================
2026-08-17 23:37:01 - mkk_pika - database.py:101 - INFO - 保存成功：ドクドクドクター ( ハモハモハーモニー)
2026-08-17 23:37:01 - mkk_pika - main.py:35 - INFO - 开始检查描き下ろし (猥婦アウト) 是否存在未下载章节
2026-08-17 23:37:01 - mkk_pika - main.py:45 - INFO - 正在下载:[描き下ろし (猥婦アウト) ]-[夏庵]-[['短篇', '人妻']]-[total_pages:6]
2026-08-17 23:37:01 - mkk_pika - main.py:49 - INFO - [{'_id': '5c6563733ef608781ce690b5', 'title': '第1集', 'order': 1, 'updated_at': '2019-02-13T16:57:01.590Z', 'id': '5c6563733ef608781ce690b5'}]
2026-08-17 23:37:01 - mkk_pika - database.py:215 - INFO - 第一次下载该漫画，记录数据库中
2026-08-17 23:37:02 - mkk_pika - main.py:83 - INFO - 找到 6 张图片在:第1集
2026-08-17 23:37:02 - mkk_pika - main.py:112 - INFO - [episode:第1集       ] downloaded:     6, total:   6, progress:100%
2026-08-17 23:37:02 - mkk_pika - database.py:238 - INFO - 数据库更新已下载章节
2026-08-17 23:37:02 - mkk_pika - database.py:244 - INFO - 该漫画已下载章节如下
2026-08-17 23:37:02 - mkk_pika - database.py:245 - INFO - ['第1集']
2026-08-17 23:37:03 - mkk_pika - main.py:348 - INFO - ==================== 漫画信息 ====================
                                   漫画ID：5c6563733ef608781ce690b4
                                   标题：描き下ろし (猥婦アウト) 
                                   作者：夏庵
                                   是否完结：是
                                   总页数：6
                                   分类：短篇,人妻
                                   章节数：1
                                   最后更新时间：2019-02-14T12:47:47.752Z
                                   =================================================
2026-08-17 23:37:03 - mkk_pika - database.py:101 - INFO - 保存成功：描き下ろし (猥婦アウト) 
2026-08-17 23:37:03 - mkk_pika - main.py:35 - INFO - 开始检查 Nイマジネーション (猥婦アウト)是否存在未下载章节
2026-08-17 23:37:03 - mkk_pika - main.py:45 - INFO - 正在下载:[ Nイマジネーション (猥婦アウト)]-[夏庵]-[['短篇']]-[total_pages:6]
2026-08-17 23:37:03 - mkk_pika - main.py:49 - INFO - [{'_id': '5c65639b0f7c1c77f1020253', 'title': '第1集', 'order': 1, 'updated_at': '2019-02-13T17:07:03.076Z', 'id': '5c65639b0f7c1c77f1020253'}]
2026-08-17 23:37:03 - mkk_pika - database.py:215 - INFO - 第一次下载该漫画，记录数据库中
2026-08-17 23:37:04 - mkk_pika - main.py:83 - INFO - 找到 6 张图片在:第1集
2026-08-17 23:37:04 - mkk_pika - main.py:112 - INFO - [episode:第1集       ] downloaded:     6, total:   6, progress:100%
2026-08-17 23:37:04 - mkk_pika - database.py:238 - INFO - 数据库更新已下载章节
2026-08-17 23:37:04 - mkk_pika - database.py:244 - INFO - 该漫画已下载章节如下
2026-08-17 23:37:04 - mkk_pika - database.py:245 - INFO - ['第1集']
2026-08-17 23:37:06 - mkk_pika - main.py:348 - INFO - ==================== 漫画信息 ====================
                                   漫画ID：5c65639b0f7c1c77f1020252
                                   标题： Nイマジネーション (猥婦アウト)
                                   作者：夏庵
                                   是否完结：是
                                   总页数：6
                                   分类：短篇
                                   章节数：1
                                   最后更新时间：2019-02-14T12:48:27.314Z
                                   =================================================
2026-08-17 23:37:06 - mkk_pika - database.py:101 - INFO - 保存成功： Nイマジネーション (猥婦アウト)
2026-08-17 23:37:06 - mkk_pika - main.py:380 - INFO - 本次任务下载完毕
2026-08-17 23:37:06 - mkk_pika - database.py:173 - INFO - 数据库连接已关闭
