2026-09-25 01:24:30 - mkk_pika - main.py:193 - INFO - =======================================================================
2026-09-25 01:24:30 - mkk_pika - database.py:61 - INFO - 表和索引初始化成功
2026-09-25 01:24:30 - mkk_pika - main.py:197 - INFO - 已经累计下载21578本漫画
2026-09-25 01:24:30 - mkk_pika - api.py:87 - INFO - 登录成功
2026-09-25 01:24:30 - mkk_pika - main.py:203 - INFO - 收藏夹共计0本漫画
2026-09-25 01:24:31 - mkk_pika - main.py:206 - INFO - 开始下载收藏夹内未下载内容
2026-09-25 01:24:31 - mkk_pika - main.py:266 - INFO - 收藏夹内容下载完毕
2026-09-25 01:24:31 - mkk_pika - main.py:268 - INFO - 开始下载订阅内容
2026-09-25 01:24:31 - mkk_pika - database.py:258 - INFO - 根据ID查询到标题：萝莉 -> 八朔 [DL版]
2026-09-25 01:24:31 - mkk_pika - database.py:101 - INFO - 保存成功：八朔 [DL版]
2026-09-25 01:24:31 - mkk_pika - main.py:273 - INFO - 关键词萝莉找到1本漫画
2026-09-25 01:24:31 - mkk_pika - database.py:258 - INFO - 根据ID查询到标题：蘿莉 -> チラ見せチャレンジ（AI）
2026-09-25 01:24:32 - mkk_pika - database.py:101 - INFO - 保存成功：無理やりやられちゃう白スクちゃん（AI）
2026-09-25 01:24:32 - mkk_pika - main.py:273 - INFO - 关键词蘿莉找到2本漫画
2026-09-25 01:24:32 - mkk_pika - main.py:275 - INFO - 订阅内容共计3本漫画
2026-09-25 01:24:32 - mkk_pika - main.py:35 - INFO - 开始检查おじさんとのエッチにハマっちゃった女の子| 沉迷于和大叔做爱的女孩 [中国翻訳]是否存在未下载章节
2026-09-25 01:24:32 - mkk_pika - database.py:203 - INFO - 查询数据库中是否已存在熟肉
2026-09-25 01:24:32 - mkk_pika - main.py:51 - INFO - おじさんとのエッチにハマっちゃった女の子| 沉迷于和大叔做爱的女孩 [中国翻訳]中没有可下载章节
2026-09-25 01:24:32 - mkk_pika - main.py:292 - INFO - ==================== 漫画信息 ====================
                                漫画ID：6ab29da0b060df0a51c37655
                                标题：おじさんとのエッチにハマっちゃった女の子| 沉迷于和大叔做爱的女孩 [中国翻訳]
                                作者：木小屋Me (きごみー)
                                是否完结：是
                                总页数：33
                                分类：短篇
                                章节数：1
                                最后更新时间：2026-09-22T15:24:16.617Z
                                =================================================
2026-09-25 01:24:32 - mkk_pika - database.py:101 - INFO - 保存成功：おじさんとのエッチにハマっちゃった女の子| 沉迷于和大叔做爱的女孩 [中国翻訳]
2026-09-25 01:24:32 - mkk_pika - main.py:35 - INFO - 开始检查囚えて犯して孕ませて是否存在未下载章节
2026-09-25 01:24:33 - mkk_pika - main.py:45 - INFO - 正在下载:[囚えて犯して孕ませて]-[干支門三十四]-[['長篇', '單行本']]-[total_pages:-1]
2026-09-25 01:24:33 - mkk_pika - main.py:49 - INFO - [{'_id': '66acfc3b69476246a98307fc', 'title': '生肉', 'order': 1, 'updated_at': '2026-09-24T15:59:39.706Z', 'id': '66acfc3b69476246a98307fc'}, {'_id': '6ab548ebe923844e0328efa3', 'title': '熟肉', 'order': 2, 'updated_at': '2026-09-24T11:56:57.989Z', 'id': '6ab548ebe923844e0328efa3'}]
2026-09-25 01:24:33 - mkk_pika - database.py:215 - INFO - 第一次下载该漫画，记录数据库中
2026-09-25 01:24:35 - mkk_pika - main.py:83 - INFO - 找到 212 张图片在:生肉
2026-09-25 01:24:42 - mkk_pika - main.py:112 - INFO - [episode:生肉        ] downloaded:   212, total: 212, progress:100%
2026-09-25 01:24:42 - mkk_pika - database.py:238 - INFO - 数据库更新已下载章节
2026-09-25 01:24:42 - mkk_pika - database.py:244 - INFO - 该漫画已下载章节如下
2026-09-25 01:24:42 - mkk_pika - database.py:245 - INFO - ['生肉']
2026-09-25 01:24:45 - mkk_pika - main.py:83 - INFO - 找到 212 张图片在:熟肉
2026-09-25 01:24:50 - mkk_pika - main.py:112 - INFO - [episode:熟肉        ] downloaded:   212, total: 212, progress:100%
2026-09-25 01:24:50 - mkk_pika - database.py:238 - INFO - 数据库更新已下载章节
2026-09-25 01:24:50 - mkk_pika - database.py:244 - INFO - 该漫画已下载章节如下
2026-09-25 01:24:50 - mkk_pika - database.py:245 - INFO - ['生肉', '熟肉']
2026-09-25 01:24:52 - mkk_pika - main.py:292 - INFO - ==================== 漫画信息 ====================
                                漫画ID：66acfc3b69476246a98307fb
                                标题：囚えて犯して孕ませて
                                作者：干支門三十四
                                是否完结：否
                                总页数：424
                                分类：長篇,單行本
                                章节数：2
                                最后更新时间：2026-09-24T15:59:39.697Z
                                =================================================
2026-09-25 01:24:52 - mkk_pika - database.py:101 - INFO - 保存成功：囚えて犯して孕ませて
2026-09-25 01:24:52 - mkk_pika - main.py:35 - INFO - 开始检查【嘘】怪盗団のスポンサー様には絶対に逆らえないるるかちゃん。 (名探偵プリキュア!)是否存在未下载章节
2026-09-25 01:24:52 - mkk_pika - main.py:45 - INFO - 正在下载:[【嘘】怪盗団のスポンサー様には絶対に逆らえないるるかちゃん。 (名探偵プリキュア!)]-[しを堂。 (しを。)]-[['同人', '短篇']]-[total_pages:-1]
2026-09-25 01:24:52 - mkk_pika - main.py:49 - INFO - [{'_id': '6ab546d2c6fc5212c99583dd', 'title': '第1話', 'order': 1, 'updated_at': '2026-09-22T06:00:08.711Z', 'id': '6ab546d2c6fc5212c99583dd'}]
2026-09-25 01:24:52 - mkk_pika - database.py:215 - INFO - 第一次下载该漫画，记录数据库中
2026-09-25 01:24:52 - mkk_pika - main.py:83 - INFO - 找到 24 张图片在:第1話
2026-09-25 01:24:53 - mkk_pika - main.py:112 - INFO - [episode:第1話       ] downloaded:    24, total:  24, progress:100%
2026-09-25 01:24:53 - mkk_pika - database.py:238 - INFO - 数据库更新已下载章节
2026-09-25 01:24:53 - mkk_pika - database.py:244 - INFO - 该漫画已下载章节如下
2026-09-25 01:24:53 - mkk_pika - database.py:245 - INFO - ['第1話']
2026-09-25 01:24:54 - mkk_pika - main.py:292 - INFO - ==================== 漫画信息 ====================
                                漫画ID：6ab546d2c6fc5212c99583dc
                                标题：【嘘】怪盗団のスポンサー様には絶対に逆らえないるるかちゃん。 (名探偵プリキュア!)
                                作者：しを堂。 (しを。)
                                是否完结：是
                                总页数：24
                                分类：同人,短篇
                                章节数：1
                                最后更新时间：2026-09-24T15:50:42.578Z
                                =================================================
2026-09-25 01:24:54 - mkk_pika - database.py:101 - INFO - 保存成功：【嘘】怪盗団のスポンサー様には絶対に逆らえないるるかちゃん。 (名探偵プリキュア!)
2026-09-25 01:24:54 - mkk_pika - main.py:323 - INFO - 订阅内容内容下载完毕
2026-09-25 01:24:54 - mkk_pika - main.py:324 - INFO - 开始分批下载全部章节
2026-09-25 01:24:54 - mkk_pika - database.py:280 - INFO - 表和索引初始化成功
2026-09-25 01:24:55 - mkk_pika - main.py:177 - INFO - 已经下载了1681页，一共7169页，现在开始添加第1682页
2026-09-25 01:24:55 - mkk_pika - database.py:318 - INFO - 保存成功
2026-09-25 01:24:55 - mkk_pika - main.py:177 - INFO - 已经下载了1682页，一共7169页，现在开始添加第1683页
2026-09-25 01:24:56 - mkk_pika - database.py:318 - INFO - 保存成功
2026-09-25 01:24:56 - mkk_pika - main.py:177 - INFO - 已经下载了1683页，一共7169页，现在开始添加第1684页
2026-09-25 01:24:57 - mkk_pika - database.py:318 - INFO - 保存成功
2026-09-25 01:24:58 - mkk_pika - main.py:177 - INFO - 已经下载了1684页，一共7169页，现在开始添加第1685页
2026-09-25 01:24:58 - mkk_pika - database.py:318 - INFO - 保存成功
2026-09-25 01:24:58 - mkk_pika - main.py:177 - INFO - 已经下载了1685页，一共7169页，现在开始添加第1686页
2026-09-25 01:24:59 - mkk_pika - database.py:318 - INFO - 保存成功
2026-09-25 01:24:59 - mkk_pika - main.py:177 - INFO - 已经下载了1686页，一共7169页，现在开始添加第1687页
2026-09-25 01:25:00 - mkk_pika - database.py:318 - INFO - 保存成功
2026-09-25 01:25:00 - mkk_pika - main.py:177 - INFO - 已经下载了1687页，一共7169页，现在开始添加第1688页
2026-09-25 01:25:01 - mkk_pika - database.py:318 - INFO - 保存成功
2026-09-25 01:25:01 - mkk_pika - main.py:331 - INFO - 分批下载共计67本漫画
2026-09-25 01:25:01 - mkk_pika - main.py:35 - INFO - 开始检查(C90)  夏色サンクチュアリ (艦隊これくしょん -艦これ-) [中国翻訳]是否存在未下载章节
2026-09-25 01:25:01 - mkk_pika - main.py:45 - INFO - 正在下载:[(C90)  夏色サンクチュアリ (艦隊これくしょん -艦これ-) [中国翻訳]]-[ChocolateAddiction (蜜葵ぽんず)]-[['短篇', '同人', '全彩', '艦隊收藏']]-[total_pages:21]
2026-09-25 01:25:01 - mkk_pika - main.py:49 - INFO - [{'_id': '5cf240186ca8f8704c63ea07', 'title': '第1集', 'order': 1, 'updated_at': '2019-06-01T08:01:56.914Z', 'id': '5cf240186ca8f8704c63ea07'}]
2026-09-25 01:25:01 - mkk_pika - database.py:215 - INFO - 第一次下载该漫画，记录数据库中
2026-09-25 01:25:01 - mkk_pika - main.py:83 - INFO - 找到 21 张图片在:第1集
2026-09-25 01:25:02 - mkk_pika - main.py:112 - INFO - [episode:第1集       ] downloaded:    21, total:  21, progress:100%
2026-09-25 01:25:02 - mkk_pika - database.py:238 - INFO - 数据库更新已下载章节
2026-09-25 01:25:02 - mkk_pika - database.py:244 - INFO - 该漫画已下载章节如下
2026-09-25 01:25:02 - mkk_pika - database.py:245 - INFO - ['第1集']
2026-09-25 01:25:04 - mkk_pika - main.py:348 - INFO - ==================== 漫画信息 ====================
                                   漫画ID：5cf240186ca8f8704c63ea06
                                   标题：(C90)  夏色サンクチュアリ (艦隊これくしょん -艦これ-) [中国翻訳]
                                   作者：ChocolateAddiction (蜜葵ぽんず)
                                   是否完结：是
                                   总页数：21
                                   分类：短篇,同人,全彩,艦隊收藏
                                   章节数：1
                                   最后更新时间：2019-06-01T09:06:32.079Z
                                   =================================================
2026-09-25 01:25:04 - mkk_pika - database.py:101 - INFO - 保存成功：(C90)  夏色サンクチュアリ (艦隊これくしょん -艦これ-) [中国翻訳]
2026-09-25 01:25:04 - mkk_pika - main.py:35 - INFO - 开始检查六ツ乳アイランド (COMIC失楽天 2018年7月号)[無修正]是否存在未下载章节
2026-09-25 01:25:04 - mkk_pika - main.py:45 - INFO - 正在下载:[六ツ乳アイランド (COMIC失楽天 2018年7月号)[無修正]]-[南乃さざん]-[['短篇', '全彩', '後宮閃光']]-[total_pages:10]
2026-09-25 01:25:04 - mkk_pika - main.py:49 - INFO - [{'_id': '5cf2404652c88a706444db76', 'title': '第1集', 'order': 1, 'updated_at': '2019-06-01T08:18:29.360Z', 'id': '5cf2404652c88a706444db76'}]
2026-09-25 01:25:04 - mkk_pika - database.py:215 - INFO - 第一次下载该漫画，记录数据库中
2026-09-25 01:25:04 - mkk_pika - main.py:83 - INFO - 找到 10 张图片在:第1集
2026-09-25 01:25:05 - mkk_pika - main.py:112 - INFO - [episode:第1集       ] downloaded:    10, total:  10, progress:100%
2026-09-25 01:25:05 - mkk_pika - database.py:238 - INFO - 数据库更新已下载章节
2026-09-25 01:25:05 - mkk_pika - database.py:244 - INFO - 该漫画已下载章节如下
2026-09-25 01:25:05 - mkk_pika - database.py:245 - INFO - ['第1集']
2026-09-25 01:25:06 - mkk_pika - main.py:348 - INFO - ==================== 漫画信息 ====================
                                   漫画ID：5cf2404652c88a706444db75
                                   标题：六ツ乳アイランド (COMIC失楽天 2018年7月号)[無修正]
                                   作者：南乃さざん
                                   是否完结：否
                                   总页数：10
                                   分类：短篇,全彩,後宮閃光
                                   章节数：1
                                   最后更新时间：2019-06-01T09:07:18.145Z
                                   =================================================
2026-09-25 01:25:06 - mkk_pika - database.py:101 - INFO - 保存成功：六ツ乳アイランド (COMIC失楽天 2018年7月号)[無修正]
2026-09-25 01:25:06 - mkk_pika - main.py:35 - INFO - 开始检查美人三姉妹とラブホ始めましたっ！ 美人三姉妹們一起來開始經營賓館！ 上是否存在未下载章节
2026-09-25 01:25:07 - mkk_pika - main.py:45 - INFO - 正在下载:[美人三姉妹とラブホ始めましたっ！ 美人三姉妹們一起來開始經營賓館！ 上]-[ありのひろし]-[['長篇', '短篇', '純愛', '後宮閃光', '單行本', '姐姐系', '妹妹系', 'SM']]-[total_pages:207]
2026-09-25 01:25:07 - mkk_pika - main.py:49 - INFO - [{'_id': '5cf2a86752c88a706444dcb3', 'title': '社保美人三姉妹的單行本', 'order': 1, 'updated_at': '2019-05-29T16:48:04.051Z', 'id': '5cf2a86752c88a706444dcb3'}]
2026-09-25 01:25:07 - mkk_pika - database.py:215 - INFO - 第一次下载该漫画，记录数据库中
2026-09-25 01:25:09 - mkk_pika - main.py:83 - INFO - 找到 207 张图片在:社保美人三姉妹的單行本
2026-09-25 01:25:16 - mkk_pika - main.py:112 - INFO - [episode:社保美人三姉妹的單行本] downloaded:   207, total: 207, progress:100%
2026-09-25 01:25:16 - mkk_pika - database.py:238 - INFO - 数据库更新已下载章节
2026-09-25 01:25:16 - mkk_pika - database.py:244 - INFO - 该漫画已下载章节如下
2026-09-25 01:25:16 - mkk_pika - database.py:245 - INFO - ['社保美人三姉妹的單行本']
2026-09-25 01:25:17 - mkk_pika - main.py:348 - INFO - ==================== 漫画信息 ====================
                                   漫画ID：5cf2a86752c88a706444dcb2
                                   标题：美人三姉妹とラブホ始めましたっ！ 美人三姉妹們一起來開始經營賓館！ 上
                                   作者：ありのひろし
                                   是否完结：是
                                   总页数：207
                                   分类：長篇,短篇,純愛,後宮閃光,單行本,姐姐系,妹妹系,SM
                                   章节数：1
                                   最后更新时间：2019-06-01T16:31:35.439Z
                                   =================================================
2026-09-25 01:25:17 - mkk_pika - database.py:101 - INFO - 保存成功：美人三姉妹とラブホ始めましたっ！ 美人三姉妹們一起來開始經營賓館！ 上
2026-09-25 01:25:17 - mkk_pika - main.py:35 - INFO - 开始检查 ロリは後ろから[Chinese]是否存在未下载章节
2026-09-25 01:25:17 - mkk_pika - main.py:45 - INFO - 正在下载:[ ロリは後ろから[Chinese]]-[NAiK]-[['短篇', '純愛']]-[total_pages:4]
2026-09-25 01:25:17 - mkk_pika - main.py:49 - INFO - [{'_id': '5cf2a8e99489ac7052a90952', 'title': '第1集', 'order': 1, 'updated_at': '2019-06-01T15:33:22.530Z', 'id': '5cf2a8e99489ac7052a90952'}]
2026-09-25 01:25:17 - mkk_pika - database.py:215 - INFO - 第一次下载该漫画，记录数据库中
2026-09-25 01:25:18 - mkk_pika - main.py:83 - INFO - 找到 4 张图片在:第1集
2026-09-25 01:25:18 - mkk_pika - main.py:112 - INFO - [episode:第1集       ] downloaded:     4, total:   4, progress:100%
2026-09-25 01:25:18 - mkk_pika - database.py:238 - INFO - 数据库更新已下载章节
2026-09-25 01:25:18 - mkk_pika - database.py:244 - INFO - 该漫画已下载章节如下
2026-09-25 01:25:18 - mkk_pika - database.py:245 - INFO - ['第1集']
2026-09-25 01:25:20 - mkk_pika - main.py:348 - INFO - ==================== 漫画信息 ====================
                                   漫画ID：5cf2a8e99489ac7052a90951
                                   标题： ロリは後ろから[Chinese]
                                   作者：NAiK
                                   是否完结：否
                                   总页数：4
                                   分类：短篇,純愛
                                   章节数：1
                                   最后更新时间：2019-06-01T16:33:45.494Z
                                   =================================================
2026-09-25 01:25:20 - mkk_pika - database.py:101 - INFO - 保存成功： ロリは後ろから[Chinese]
2026-09-25 01:25:20 - mkk_pika - main.py:35 - INFO - 开始检查地獄の種付け妖精 (東方Project) [中国翻訳] [DL版]是否存在未下载章节
2026-09-25 01:25:20 - mkk_pika - main.py:45 - INFO - 正在下载:[地獄の種付け妖精 (東方Project) [中国翻訳] [DL版]]-[穴ふたつ (ヱナジー)]-[['短篇', '同人', '東方']]-[total_pages:17]
2026-09-25 01:25:20 - mkk_pika - main.py:49 - INFO - [{'_id': '5cf2a8f4f70b36705e42a727', 'title': '第1集', 'order': 1, 'updated_at': '2019-06-01T15:35:00.688Z', 'id': '5cf2a8f4f70b36705e42a727'}]
2026-09-25 01:25:20 - mkk_pika - database.py:215 - INFO - 第一次下载该漫画，记录数据库中
2026-09-25 01:25:20 - mkk_pika - main.py:83 - INFO - 找到 17 张图片在:第1集
2026-09-25 01:25:22 - mkk_pika - main.py:112 - INFO - [episode:第1集       ] downloaded:    17, total:  17, progress:100%
2026-09-25 01:25:22 - mkk_pika - database.py:238 - INFO - 数据库更新已下载章节
2026-09-25 01:25:22 - mkk_pika - database.py:244 - INFO - 该漫画已下载章节如下
2026-09-25 01:25:22 - mkk_pika - database.py:245 - INFO - ['第1集']
2026-09-25 01:25:23 - mkk_pika - main.py:348 - INFO - ==================== 漫画信息 ====================
                                   漫画ID：5cf2a8f4f70b36705e42a726
                                   标题：地獄の種付け妖精 (東方Project) [中国翻訳] [DL版]
                                   作者：穴ふたつ (ヱナジー)
                                   是否完结：是
                                   总页数：17
                                   分类：短篇,同人,東方
                                   章节数：1
                                   最后更新时间：2019-06-01T16:33:56.824Z
                                   =================================================
2026-09-25 01:25:23 - mkk_pika - database.py:101 - INFO - 保存成功：地獄の種付け妖精 (東方Project) [中国翻訳] [DL版]
2026-09-25 01:25:23 - mkk_pika - main.py:35 - INFO - 开始检查不給布丁就搗蛋 (プリンセスコネクト)是否存在未下载章节
2026-09-25 01:25:23 - mkk_pika - main.py:45 - INFO - 正在下载:[不給布丁就搗蛋 (プリンセスコネクト)]-[MountainHan]-[['全彩', '短篇', '同人']]-[total_pages:21]
2026-09-25 01:25:23 - mkk_pika - main.py:49 - INFO - [{'_id': '5cf359ecf70b36705e42a929', 'title': '第1集', 'order': 1, 'updated_at': '2019-06-02T02:07:49.035Z', 'id': '5cf359ecf70b36705e42a929'}]
2026-09-25 01:25:23 - mkk_pika - database.py:215 - INFO - 第一次下载该漫画，记录数据库中
2026-09-25 01:25:24 - mkk_pika - main.py:83 - INFO - 找到 21 张图片在:第1集
2026-09-25 01:25:25 - mkk_pika - main.py:112 - INFO - [episode:第1集       ] downloaded:    21, total:  21, progress:100%
2026-09-25 01:25:25 - mkk_pika - database.py:238 - INFO - 数据库更新已下载章节
2026-09-25 01:25:25 - mkk_pika - database.py:244 - INFO - 该漫画已下载章节如下
2026-09-25 01:25:25 - mkk_pika - database.py:245 - INFO - ['第1集']
2026-09-25 01:25:26 - mkk_pika - main.py:348 - INFO - ==================== 漫画信息 ====================
                                   漫画ID：5cf359ecf70b36705e42a928
                                   标题：不給布丁就搗蛋 (プリンセスコネクト)
                                   作者：MountainHan
                                   是否完结：是
                                   总页数：21
                                   分类：全彩,短篇,同人
                                   章节数：1
                                   最后更新时间：2019-06-02T05:09:00.334Z
                                   =================================================
2026-09-25 01:25:26 - mkk_pika - database.py:101 - INFO - 保存成功：不給布丁就搗蛋 (プリンセスコネクト)
2026-09-25 01:25:26 - mkk_pika - main.py:35 - INFO - 开始检查 堕淫の紋章 断章～雌堕ちアクト編 (ドラゴンクエストヒーローズ) [中国翻訳] [DL版]是否存在未下载章节
2026-09-25 01:25:26 - mkk_pika - main.py:45 - INFO - 正在下载:[ 堕淫の紋章 断章～雌堕ちアクト編 (ドラゴンクエストヒーローズ) [中国翻訳] [DL版]]-[黄泉比良坂 (bbsacon)]-[['短篇', '同人', '非人類', '強暴']]-[total_pages:28]
2026-09-25 01:25:26 - mkk_pika - main.py:49 - INFO - [{'_id': '5cf35a029489ac7052a90b64', 'title': '第1集', 'order': 1, 'updated_at': '2019-06-02T02:11:41.342Z', 'id': '5cf35a029489ac7052a90b64'}]
2026-09-25 01:25:26 - mkk_pika - database.py:215 - INFO - 第一次下载该漫画，记录数据库中
2026-09-25 01:25:27 - mkk_pika - main.py:83 - INFO - 找到 28 张图片在:第1集
2026-09-25 01:25:28 - mkk_pika - main.py:112 - INFO - [episode:第1集       ] downloaded:    28, total:  28, progress:100%
2026-09-25 01:25:28 - mkk_pika - database.py:238 - INFO - 数据库更新已下载章节
2026-09-25 01:25:28 - mkk_pika - database.py:244 - INFO - 该漫画已下载章节如下
2026-09-25 01:25:28 - mkk_pika - database.py:245 - INFO - ['第1集']
2026-09-25 01:25:29 - mkk_pika - main.py:348 - INFO - ==================== 漫画信息 ====================
                                   漫画ID：5cf35a029489ac7052a90b63
                                   标题： 堕淫の紋章 断章～雌堕ちアクト編 (ドラゴンクエストヒーローズ) [中国翻訳] [DL版]
                                   作者：黄泉比良坂 (bbsacon)
                                   是否完结：是
                                   总页数：28
                                   分类：短篇,同人,非人類,強暴
                                   章节数：1
                                   最后更新时间：2019-06-02T05:09:22.622Z
                                   =================================================
2026-09-25 01:25:29 - mkk_pika - database.py:101 - INFO - 保存成功： 堕淫の紋章 断章～雌堕ちアクト編 (ドラゴンクエストヒーローズ) [中国翻訳] [DL版]
2026-09-25 01:25:29 - mkk_pika - main.py:35 - INFO - 开始检查Seiteki Emma是否存在未下载章节
2026-09-25 01:25:29 - mkk_pika - main.py:45 - INFO - 正在下载:[Seiteki Emma]-[ぎんハハ]-[['全彩', '同人', '短篇']]-[total_pages:20]
2026-09-25 01:25:29 - mkk_pika - main.py:49 - INFO - [{'_id': '5cf35a32f70b36705e42a942', 'title': '全彩无字', 'order': 1, 'updated_at': '2019-06-02T02:16:18.640Z', 'id': '5cf35a32f70b36705e42a942'}, {'_id': '5cf35a32f70b36705e42a943', 'title': '黑白有字', 'order': 2, 'updated_at': '2019-06-02T02:18:25.582Z', 'id': '5cf35a32f70b36705e42a943'}]
2026-09-25 01:25:29 - mkk_pika - database.py:215 - INFO - 第一次下载该漫画，记录数据库中
2026-09-25 01:25:30 - mkk_pika - main.py:83 - INFO - 找到 6 张图片在:全彩无字
2026-09-25 01:25:30 - mkk_pika - main.py:112 - INFO - [episode:全彩无字      ] downloaded:     6, total:   6, progress:100%
2026-09-25 01:25:30 - mkk_pika - database.py:238 - INFO - 数据库更新已下载章节
2026-09-25 01:25:30 - mkk_pika - database.py:244 - INFO - 该漫画已下载章节如下
2026-09-25 01:25:30 - mkk_pika - database.py:245 - INFO - ['全彩无字']
2026-09-25 01:25:32 - mkk_pika - main.py:83 - INFO - 找到 14 张图片在:黑白有字
2026-09-25 01:25:32 - mkk_pika - main.py:112 - INFO - [episode:黑白有字      ] downloaded:    14, total:  14, progress:100%
2026-09-25 01:25:32 - mkk_pika - database.py:238 - INFO - 数据库更新已下载章节
2026-09-25 01:25:32 - mkk_pika - database.py:244 - INFO - 该漫画已下载章节如下
2026-09-25 01:25:32 - mkk_pika - database.py:245 - INFO - ['全彩无字', '黑白有字']
2026-09-25 01:25:34 - mkk_pika - main.py:348 - INFO - ==================== 漫画信息 ====================
                                   漫画ID：5cf35a32f70b36705e42a941
                                   标题：Seiteki Emma
                                   作者：ぎんハハ
                                   是否完结：否
                                   总页数：20
                                   分类：全彩,同人,短篇
                                   章节数：2
                                   最后更新时间：2019-06-02T05:10:10.789Z
                                   =================================================
2026-09-25 01:25:34 - mkk_pika - database.py:101 - INFO - 保存成功：Seiteki Emma
2026-09-25 01:25:34 - mkk_pika - main.py:35 - INFO - 开始检查永遠、買います ～魔法で「姫」にされた勇者と、魔王のものがたり～是否存在未下载章节
2026-09-25 01:25:34 - mkk_pika - main.py:45 - INFO - 正在下载:[永遠、買います ～魔法で「姫」にされた勇者と、魔王のものがたり～]-[真城の秘宝館 (柊ぽぷら、真城悠)]-[['性轉換', '百合花園', '全彩', '短篇']]-[total_pages:54]
2026-09-25 01:25:34 - mkk_pika - main.py:49 - INFO - [{'_id': '5cf35a3c6ca8f8704c63f6e4', 'title': '第1集', 'order': 1, 'updated_at': '2019-06-02T03:16:21.405Z', 'id': '5cf35a3c6ca8f8704c63f6e4'}]
2026-09-25 01:25:34 - mkk_pika - database.py:215 - INFO - 第一次下载该漫画，记录数据库中
2026-09-25 01:25:35 - mkk_pika - main.py:83 - INFO - 找到 53 张图片在:第1集
2026-09-25 01:25:37 - mkk_pika - main.py:112 - INFO - [episode:第1集       ] downloaded:    53, total:  53, progress:100%
2026-09-25 01:25:37 - mkk_pika - database.py:238 - INFO - 数据库更新已下载章节
2026-09-25 01:25:37 - mkk_pika - database.py:244 - INFO - 该漫画已下载章节如下
2026-09-25 01:25:37 - mkk_pika - database.py:245 - INFO - ['第1集']
2026-09-25 01:25:39 - mkk_pika - main.py:348 - INFO - ==================== 漫画信息 ====================
                                   漫画ID：5cf35a3c6ca8f8704c63f6e3
                                   标题：永遠、買います ～魔法で「姫」にされた勇者と、魔王のものがたり～
                                   作者：真城の秘宝館 (柊ぽぷら、真城悠)
                                   是否完结：是
                                   总页数：54
                                   分类：性轉換,百合花園,全彩,短篇
                                   章节数：1
                                   最后更新时间：2019-06-02T05:10:20.484Z
                                   =================================================
2026-09-25 01:25:39 - mkk_pika - database.py:101 - INFO - 保存成功：永遠、買います ～魔法で「姫」にされた勇者と、魔王のものがたり～
2026-09-25 01:25:39 - mkk_pika - main.py:35 - INFO - 开始检查(C87)くろねこ 是否存在未下载章节
2026-09-25 01:25:39 - mkk_pika - main.py:45 - INFO - 正在下载:[(C87)くろねこ ]-[ 魚骨工造 (カポ) ]-[['短篇', '純愛']]-[total_pages:24]
2026-09-25 01:25:39 - mkk_pika - main.py:49 - INFO - [{'_id': '5cf35a5bf70b36705e42a959', 'title': '第1集', 'order': 1, 'updated_at': '2019-06-02T03:54:25.601Z', 'id': '5cf35a5bf70b36705e42a959'}]
2026-09-25 01:25:39 - mkk_pika - database.py:215 - INFO - 第一次下载该漫画，记录数据库中
2026-09-25 01:25:40 - mkk_pika - main.py:83 - INFO - 找到 24 张图片在:第1集
2026-09-25 01:25:41 - mkk_pika - main.py:112 - INFO - [episode:第1集       ] downloaded:    24, total:  24, progress:100%
2026-09-25 01:25:41 - mkk_pika - database.py:238 - INFO - 数据库更新已下载章节
2026-09-25 01:25:41 - mkk_pika - database.py:244 - INFO - 该漫画已下载章节如下
2026-09-25 01:25:41 - mkk_pika - database.py:245 - INFO - ['第1集']
2026-09-25 01:25:42 - mkk_pika - main.py:348 - INFO - ==================== 漫画信息 ====================
                                   漫画ID：5cf35a5bf70b36705e42a958
                                   标题：(C87)くろねこ 
                                   作者： 魚骨工造 (カポ) 
                                   是否完结：是
                                   总页数：24
                                   分类：短篇,純愛
                                   章节数：1
                                   最后更新时间：2019-06-02T05:10:51.462Z
                                   =================================================
2026-09-25 01:25:42 - mkk_pika - database.py:101 - INFO - 保存成功：(C87)くろねこ 
2026-09-25 01:25:42 - mkk_pika - main.py:35 - INFO - 开始检查古見さんは、H妄想症です。 (古見さんは、コミュ症です。) [DL版]是否存在未下载章节
2026-09-25 01:25:42 - mkk_pika - main.py:45 - INFO - 正在下载:[古見さんは、H妄想症です。 (古見さんは、コミュ症です。) [DL版]]-[月風町 (沃克羊)]-[['同人', '全彩', '短篇', '純愛']]-[total_pages:60]
2026-09-25 01:25:42 - mkk_pika - main.py:49 - INFO - [{'_id': '5cf35a69f70b36705e42a973', 'title': '第1集', 'order': 1, 'updated_at': '2019-06-02T03:54:18.403Z', 'id': '5cf35a69f70b36705e42a973'}, {'_id': '5cf35a69f70b36705e42a974', 'title': '汉化', 'order': 2, 'updated_at': '2019-06-02T05:08:43.957Z', 'id': '5cf35a69f70b36705e42a974'}]
2026-09-25 01:25:42 - mkk_pika - database.py:215 - INFO - 第一次下载该漫画，记录数据库中
2026-09-25 01:25:43 - mkk_pika - main.py:83 - INFO - 找到 30 张图片在:第1集
2026-09-25 01:25:44 - mkk_pika - main.py:112 - INFO - [episode:第1集       ] downloaded:    30, total:  30, progress:100%
2026-09-25 01:25:44 - mkk_pika - database.py:238 - INFO - 数据库更新已下载章节
2026-09-25 01:25:44 - mkk_pika - database.py:244 - INFO - 该漫画已下载章节如下
2026-09-25 01:25:44 - mkk_pika - database.py:245 - INFO - ['第1集']
2026-09-25 01:25:46 - mkk_pika - main.py:83 - INFO - 找到 30 张图片在:汉化
2026-09-25 01:25:47 - mkk_pika - main.py:112 - INFO - [episode:汉化        ] downloaded:    30, total:  30, progress:100%
2026-09-25 01:25:47 - mkk_pika - database.py:238 - INFO - 数据库更新已下载章节
2026-09-25 01:25:47 - mkk_pika - database.py:244 - INFO - 该漫画已下载章节如下
2026-09-25 01:25:47 - mkk_pika - database.py:245 - INFO - ['第1集', '汉化']
2026-09-25 01:25:48 - mkk_pika - main.py:348 - INFO - ==================== 漫画信息 ====================
                                   漫画ID：5cf35a69f70b36705e42a972
                                   标题：古見さんは、H妄想症です。 (古見さんは、コミュ症です。) [DL版]
                                   作者：月風町 (沃克羊)
                                   是否完结：是
                                   总页数：60
                                   分类：同人,全彩,短篇,純愛
                                   章节数：2
                                   最后更新时间：2019-06-02T05:11:05.072Z
                                   =================================================
2026-09-25 01:25:48 - mkk_pika - database.py:101 - INFO - 保存成功：古見さんは、H妄想症です。 (古見さんは、コミュ症です。) [DL版]
2026-09-25 01:25:48 - mkk_pika - main.py:35 - INFO - 开始检查人妻・真帆さんの寝取られビデオレター [中国翻訳] [DL版]是否存在未下载章节
2026-09-25 01:25:48 - mkk_pika - main.py:45 - INFO - 正在下载:[人妻・真帆さんの寝取られビデオレター [中国翻訳] [DL版]]-[DOZA Village (どざむら)]-[['短篇', '人妻', 'NTR']]-[total_pages:37]
2026-09-25 01:25:48 - mkk_pika - main.py:49 - INFO - [{'_id': '5cf3879752c88a706444dfc7', 'title': '第1集', 'order': 1, 'updated_at': '2019-06-02T06:59:52.898Z', 'id': '5cf3879752c88a706444dfc7'}]
2026-09-25 01:25:48 - mkk_pika - database.py:215 - INFO - 第一次下载该漫画，记录数据库中
2026-09-25 01:25:49 - mkk_pika - main.py:83 - INFO - 找到 37 张图片在:第1集
2026-09-25 01:25:50 - mkk_pika - main.py:112 - INFO - [episode:第1集       ] downloaded:    37, total:  37, progress:100%
2026-09-25 01:25:50 - mkk_pika - database.py:238 - INFO - 数据库更新已下载章节
2026-09-25 01:25:50 - mkk_pika - database.py:244 - INFO - 该漫画已下载章节如下
2026-09-25 01:25:50 - mkk_pika - database.py:245 - INFO - ['第1集']
2026-09-25 01:25:52 - mkk_pika - main.py:348 - INFO - ==================== 漫画信息 ====================
                                   漫画ID：5cf3879752c88a706444dfc6
                                   标题：人妻・真帆さんの寝取られビデオレター [中国翻訳] [DL版]
                                   作者：DOZA Village (どざむら)
                                   是否完结：是
                                   总页数：37
                                   分类：短篇,人妻,NTR
                                   章节数：1
                                   最后更新时间：2019-06-02T08:23:51.276Z
                                   =================================================
2026-09-25 01:25:52 - mkk_pika - database.py:101 - INFO - 保存成功：人妻・真帆さんの寝取られビデオレター [中国翻訳] [DL版]
2026-09-25 01:25:52 - mkk_pika - main.py:35 - INFO - 开始检查ドスケベ教室 超好色的教室是否存在未下载章节
2026-09-25 01:25:52 - mkk_pika - main.py:45 - INFO - 正在下载:[ドスケベ教室 超好色的教室]-[たらかん]-[['長篇', '短篇', '純愛', '後宮閃光', '單行本']]-[total_pages:201]
2026-09-25 01:25:52 - mkk_pika - main.py:49 - INFO - [{'_id': '5cf3c07652c88a706444e366', 'title': '全班都是後宮的單行本', 'order': 1, 'updated_at': '2019-05-29T16:52:46.481Z', 'id': '5cf3c07652c88a706444e366'}]
2026-09-25 01:25:52 - mkk_pika - database.py:215 - INFO - 第一次下载该漫画，记录数据库中
2026-09-25 01:25:54 - mkk_pika - main.py:83 - INFO - 找到 201 张图片在:全班都是後宮的單行本
2026-09-25 01:26:01 - mkk_pika - main.py:112 - INFO - [episode:全班都是後宮的單行本] downloaded:   201, total: 201, progress:100%
2026-09-25 01:26:01 - mkk_pika - database.py:238 - INFO - 数据库更新已下载章节
2026-09-25 01:26:01 - mkk_pika - database.py:244 - INFO - 该漫画已下载章节如下
2026-09-25 01:26:01 - mkk_pika - database.py:245 - INFO - ['全班都是後宮的單行本']
2026-09-25 01:26:02 - mkk_pika - main.py:348 - INFO - ==================== 漫画信息 ====================
                                   漫画ID：5cf3c07652c88a706444e365
                                   标题：ドスケベ教室 超好色的教室
                                   作者：たらかん
                                   是否完结：是
                                   总页数：201
                                   分类：長篇,短篇,純愛,後宮閃光,單行本
                                   章节数：1
                                   最后更新时间：2019-06-02T12:26:30.873Z
                                   =================================================
2026-09-25 01:26:02 - mkk_pika - database.py:101 - INFO - 保存成功：ドスケベ教室 超好色的教室
2026-09-25 01:26:02 - mkk_pika - main.py:35 - INFO - 开始检查(COMIC1☆15) 静読の後に… (Fate/Grand Order) [中国翻訳]是否存在未下载章节
2026-09-25 01:26:02 - mkk_pika - main.py:45 - INFO - 正在下载:[(COMIC1☆15) 静読の後に… (Fate/Grand Order) [中国翻訳]]-[南方ヒトガクシキ (仲村レグラ)]-[['短篇', '同人', '純愛', 'Fate']]-[total_pages:30]
2026-09-25 01:26:02 - mkk_pika - main.py:49 - INFO - [{'_id': '5cf3c0956ca8f8704c63f8ed', 'title': '第1集', 'order': 1, 'updated_at': '2019-06-02T11:26:22.677Z', 'id': '5cf3c0956ca8f8704c63f8ed'}]
2026-09-25 01:26:02 - mkk_pika - database.py:215 - INFO - 第一次下载该漫画，记录数据库中
2026-09-25 01:26:03 - mkk_pika - main.py:83 - INFO - 找到 30 张图片在:第1集
2026-09-25 01:26:04 - mkk_pika - main.py:112 - INFO - [episode:第1集       ] downloaded:    30, total:  30, progress:100%
2026-09-25 01:26:04 - mkk_pika - database.py:238 - INFO - 数据库更新已下载章节
2026-09-25 01:26:04 - mkk_pika - database.py:244 - INFO - 该漫画已下载章节如下
2026-09-25 01:26:04 - mkk_pika - database.py:245 - INFO - ['第1集']
2026-09-25 01:26:06 - mkk_pika - main.py:348 - INFO - ==================== 漫画信息 ====================
                                   漫画ID：5cf3c0956ca8f8704c63f8ec
                                   标题：(COMIC1☆15) 静読の後に… (Fate/Grand Order) [中国翻訳]
                                   作者：南方ヒトガクシキ (仲村レグラ)
                                   是否完结：是
                                   总页数：30
                                   分类：短篇,同人,純愛,Fate
                                   章节数：1
                                   最后更新时间：2019-06-02T12:27:01.817Z
                                   =================================================
2026-09-25 01:26:06 - mkk_pika - database.py:101 - INFO - 保存成功：(COMIC1☆15) 静読の後に… (Fate/Grand Order) [中国翻訳]
2026-09-25 01:26:06 - mkk_pika - main.py:35 - INFO - 开始检查(C95) 浜風快楽ニ堕ツ (艦隊これくしょん -艦これ-) [中国翻訳]是否存在未下载章节
2026-09-25 01:26:06 - mkk_pika - main.py:45 - INFO - 正在下载:[(C95) 浜風快楽ニ堕ツ (艦隊これくしょん -艦これ-) [中国翻訳]]-[モノクロモミジ (由那)]-[['短篇', '同人', '艦隊收藏', '強暴']]-[total_pages:23]
2026-09-25 01:26:06 - mkk_pika - main.py:49 - INFO - [{'_id': '5cf3d28e6ca8f8704c63f9df', 'title': '第1集', 'order': 1, 'updated_at': '2019-06-02T12:27:19.075Z', 'id': '5cf3d28e6ca8f8704c63f9df'}]
2026-09-25 01:26:06 - mkk_pika - database.py:215 - INFO - 第一次下载该漫画，记录数据库中
2026-09-25 01:26:06 - mkk_pika - main.py:83 - INFO - 找到 23 张图片在:第1集
2026-09-25 01:26:07 - mkk_pika - main.py:112 - INFO - [episode:第1集       ] downloaded:    23, total:  23, progress:100%
2026-09-25 01:26:07 - mkk_pika - database.py:238 - INFO - 数据库更新已下载章节
2026-09-25 01:26:07 - mkk_pika - database.py:244 - INFO - 该漫画已下载章节如下
2026-09-25 01:26:07 - mkk_pika - database.py:245 - INFO - ['第1集']
2026-09-25 01:26:09 - mkk_pika - main.py:348 - INFO - ==================== 漫画信息 ====================
                                   漫画ID：5cf3d28e6ca8f8704c63f9de
                                   标题：(C95) 浜風快楽ニ堕ツ (艦隊これくしょん -艦これ-) [中国翻訳]
                                   作者：モノクロモミジ (由那)
                                   是否完结：是
                                   总页数：23
                                   分类：短篇,同人,艦隊收藏,強暴
                                   章节数：1
                                   最后更新时间：2019-06-02T13:43:42.244Z
                                   =================================================
2026-09-25 01:26:09 - mkk_pika - database.py:101 - INFO - 保存成功：(C95) 浜風快楽ニ堕ツ (艦隊これくしょん -艦これ-) [中国翻訳]
2026-09-25 01:26:09 - mkk_pika - main.py:35 - INFO - 开始检查カミナリノチハレ是否存在未下载章节
2026-09-25 01:26:09 - mkk_pika - main.py:45 - INFO - 正在下载:[カミナリノチハレ]-[すたぢおヲルト (ヲルト)]-[['同人', '短篇', '純愛', '艦隊收藏']]-[total_pages:28]
2026-09-25 01:26:09 - mkk_pika - main.py:49 - INFO - [{'_id': '5cf3d2d76ca8f8704c63f9f8', 'title': '第1集', 'order': 1, 'updated_at': '2019-06-02T13:17:47.084Z', 'id': '5cf3d2d76ca8f8704c63f9f8'}]
2026-09-25 01:26:09 - mkk_pika - database.py:215 - INFO - 第一次下载该漫画，记录数据库中
2026-09-25 01:26:09 - mkk_pika - main.py:83 - INFO - 找到 28 张图片在:第1集
2026-09-25 01:26:11 - mkk_pika - main.py:112 - INFO - [episode:第1集       ] downloaded:    28, total:  28, progress:100%
2026-09-25 01:26:11 - mkk_pika - database.py:238 - INFO - 数据库更新已下载章节
2026-09-25 01:26:11 - mkk_pika - database.py:244 - INFO - 该漫画已下载章节如下
2026-09-25 01:26:11 - mkk_pika - database.py:245 - INFO - ['第1集']
2026-09-25 01:26:12 - mkk_pika - main.py:348 - INFO - ==================== 漫画信息 ====================
                                   漫画ID：5cf3d2d76ca8f8704c63f9f7
                                   标题：カミナリノチハレ
                                   作者：すたぢおヲルト (ヲルト)
                                   是否完结：否
                                   总页数：28
                                   分类：同人,短篇,純愛,艦隊收藏
                                   章节数：1
                                   最后更新时间：2019-06-02T13:44:55.289Z
                                   =================================================
2026-09-25 01:26:12 - mkk_pika - database.py:101 - INFO - 保存成功：カミナリノチハレ
2026-09-25 01:26:12 - mkk_pika - main.py:35 - INFO - 开始检查おねうさ (美少女戦士セーラームーン) [中国翻訳]是否存在未下载章节
2026-09-25 01:26:12 - mkk_pika - main.py:45 - INFO - 正在下载:[おねうさ (美少女戦士セーラームーン) [中国翻訳]]-[GLAMOUR WORKS]-[['短篇', '同人', '全彩', '強暴']]-[total_pages:50]
2026-09-25 01:26:12 - mkk_pika - main.py:49 - INFO - [{'_id': '5cf3d2f3f70b36705e42ac14', 'title': '第1集', 'order': 1, 'updated_at': '2019-06-02T13:26:35.531Z', 'id': '5cf3d2f3f70b36705e42ac14'}]
2026-09-25 01:26:12 - mkk_pika - database.py:215 - INFO - 第一次下载该漫画，记录数据库中
2026-09-25 01:26:14 - mkk_pika - main.py:83 - INFO - 找到 50 张图片在:第1集
2026-09-25 01:26:16 - mkk_pika - main.py:112 - INFO - [episode:第1集       ] downloaded:    50, total:  50, progress:100%
2026-09-25 01:26:16 - mkk_pika - database.py:238 - INFO - 数据库更新已下载章节
2026-09-25 01:26:16 - mkk_pika - database.py:244 - INFO - 该漫画已下载章节如下
2026-09-25 01:26:16 - mkk_pika - database.py:245 - INFO - ['第1集']
2026-09-25 01:26:17 - mkk_pika - main.py:348 - INFO - ==================== 漫画信息 ====================
                                   漫画ID：5cf3d2f3f70b36705e42ac13
                                   标题：おねうさ (美少女戦士セーラームーン) [中国翻訳]
                                   作者：GLAMOUR WORKS
                                   是否完结：是
                                   总页数：50
                                   分类：短篇,同人,全彩,強暴
                                   章节数：1
                                   最后更新时间：2019-06-02T13:45:23.982Z
                                   =================================================
2026-09-25 01:26:17 - mkk_pika - database.py:101 - INFO - 保存成功：おねうさ (美少女戦士セーラームーン) [中国翻訳]
2026-09-25 01:26:17 - mkk_pika - main.py:35 - INFO - 开始检查 卑猥妹おなるちゃん (干物妹! うまるちゃん) [中国翻訳] [DL版]是否存在未下载章节
2026-09-25 01:26:17 - mkk_pika - main.py:45 - INFO - 正在下载:[ 卑猥妹おなるちゃん (干物妹! うまるちゃん) [中国翻訳] [DL版]]-[スクランブル養老院 (はにわはお)]-[['短篇', '同人', '妹妹系']]-[total_pages:17]
2026-09-25 01:26:17 - mkk_pika - main.py:49 - INFO - [{'_id': '5cf414059489ac7052a911c2', 'title': '第1集', 'order': 1, 'updated_at': '2019-06-02T14:06:15.006Z', 'id': '5cf414059489ac7052a911c2'}]
2026-09-25 01:26:17 - mkk_pika - database.py:215 - INFO - 第一次下载该漫画，记录数据库中
2026-09-25 01:26:18 - mkk_pika - main.py:83 - INFO - 找到 17 张图片在:第1集
2026-09-25 01:26:19 - mkk_pika - main.py:112 - INFO - [episode:第1集       ] downloaded:    17, total:  17, progress:100%
2026-09-25 01:26:19 - mkk_pika - database.py:238 - INFO - 数据库更新已下载章节
2026-09-25 01:26:19 - mkk_pika - database.py:244 - INFO - 该漫画已下载章节如下
2026-09-25 01:26:19 - mkk_pika - database.py:245 - INFO - ['第1集']
2026-09-25 01:26:20 - mkk_pika - main.py:348 - INFO - ==================== 漫画信息 ====================
                                   漫画ID：5cf414059489ac7052a911c1
                                   标题： 卑猥妹おなるちゃん (干物妹! うまるちゃん) [中国翻訳] [DL版]
                                   作者：スクランブル養老院 (はにわはお)
                                   是否完结：是
                                   总页数：17
                                   分类：短篇,同人,妹妹系
                                   章节数：1
                                   最后更新时间：2019-06-02T18:23:01.715Z
                                   =================================================
2026-09-25 01:26:20 - mkk_pika - database.py:101 - INFO - 保存成功： 卑猥妹おなるちゃん (干物妹! うまるちゃん) [中国翻訳] [DL版]
2026-09-25 01:26:20 - mkk_pika - main.py:35 - INFO - 开始检查(C92) とらぶるガールズ (ToLoveる ダークネス) [中国翻訳]是否存在未下载章节
2026-09-25 01:26:20 - mkk_pika - main.py:45 - INFO - 正在下载:[(C92) とらぶるガールズ (ToLoveる ダークネス) [中国翻訳]]-[ぶれいんでっど (Eiジ)]-[['短篇', '同人', '純愛', '後宮閃光']]-[total_pages:34]
2026-09-25 01:26:20 - mkk_pika - main.py:49 - INFO - [{'_id': '5cf4146e6ca8f8704c63fc27', 'title': '第1集', 'order': 1, 'updated_at': '2019-06-02T16:35:17.894Z', 'id': '5cf4146e6ca8f8704c63fc27'}]
2026-09-25 01:26:20 - mkk_pika - database.py:215 - INFO - 第一次下载该漫画，记录数据库中
2026-09-25 01:26:21 - mkk_pika - main.py:83 - INFO - 找到 34 张图片在:第1集
2026-09-25 01:26:22 - mkk_pika - main.py:112 - INFO - [episode:第1集       ] downloaded:    34, total:  34, progress:100%
2026-09-25 01:26:22 - mkk_pika - database.py:238 - INFO - 数据库更新已下载章节
2026-09-25 01:26:22 - mkk_pika - database.py:244 - INFO - 该漫画已下载章节如下
2026-09-25 01:26:22 - mkk_pika - database.py:245 - INFO - ['第1集']
2026-09-25 01:26:24 - mkk_pika - main.py:348 - INFO - ==================== 漫画信息 ====================
                                   漫画ID：5cf4146e6ca8f8704c63fc26
                                   标题：(C92) とらぶるガールズ (ToLoveる ダークネス) [中国翻訳]
                                   作者：ぶれいんでっど (Eiジ)
                                   是否完结：是
                                   总页数：34
                                   分类：短篇,同人,純愛,後宮閃光
                                   章节数：1
                                   最后更新时间：2019-06-02T18:24:46.786Z
                                   =================================================
2026-09-25 01:26:24 - mkk_pika - database.py:101 - INFO - 保存成功：(C92) とらぶるガールズ (ToLoveる ダークネス) [中国翻訳]
2026-09-25 01:26:24 - mkk_pika - main.py:35 - INFO - 开始检查(COMIC1☆15)盾の勇者と奴隷の少女 (盾の勇者の成り上がり) [中国翻訳]是否存在未下载章节
2026-09-25 01:26:24 - mkk_pika - main.py:45 - INFO - 正在下载:[(COMIC1☆15)盾の勇者と奴隷の少女 (盾の勇者の成り上がり) [中国翻訳]]-[スカポン堂 (香川友信、矢野たくみ)]-[['短篇', '同人', '非人類', '純愛']]-[total_pages:24]
2026-09-25 01:26:24 - mkk_pika - main.py:49 - INFO - [{'_id': '5cf4148ff70b36705e42b08c', 'title': '第1集', 'order': 1, 'updated_at': '2019-06-02T17:08:27.333Z', 'id': '5cf4148ff70b36705e42b08c'}]
2026-09-25 01:26:24 - mkk_pika - database.py:215 - INFO - 第一次下载该漫画，记录数据库中
2026-09-25 01:26:24 - mkk_pika - main.py:83 - INFO - 找到 24 张图片在:第1集
2026-09-25 01:26:25 - mkk_pika - main.py:112 - INFO - [episode:第1集       ] downloaded:    24, total:  24, progress:100%
2026-09-25 01:26:25 - mkk_pika - database.py:238 - INFO - 数据库更新已下载章节
2026-09-25 01:26:25 - mkk_pika - database.py:244 - INFO - 该漫画已下载章节如下
2026-09-25 01:26:25 - mkk_pika - database.py:245 - INFO - ['第1集']
2026-09-25 01:26:27 - mkk_pika - main.py:348 - INFO - ==================== 漫画信息 ====================
                                   漫画ID：5cf4148ff70b36705e42b08b
                                   标题：(COMIC1☆15)盾の勇者と奴隷の少女 (盾の勇者の成り上がり) [中国翻訳]
                                   作者：スカポン堂 (香川友信、矢野たくみ)
                                   是否完结：是
                                   总页数：24
                                   分类：短篇,同人,非人類,純愛
                                   章节数：1
                                   最后更新时间：2019-06-02T18:25:19.345Z
                                   =================================================
2026-09-25 01:26:27 - mkk_pika - database.py:101 - INFO - 保存成功：(COMIC1☆15)盾の勇者と奴隷の少女 (盾の勇者の成り上がり) [中国翻訳]
2026-09-25 01:26:27 - mkk_pika - main.py:35 - INFO - 开始检查対魔巫女ヨリヒメ (東方Project) [DL版] [中国翻訳]是否存在未下载章节
2026-09-25 01:26:27 - mkk_pika - main.py:45 - INFO - 正在下载:[対魔巫女ヨリヒメ (東方Project) [DL版] [中国翻訳]]-[8cm (8000)]-[['短篇', '同人', '東方', '扶他樂園']]-[total_pages:21]
2026-09-25 01:26:27 - mkk_pika - main.py:49 - INFO - [{'_id': '5cf414bbf70b36705e42b0a6', 'title': '第1集', 'order': 1, 'updated_at': '2019-06-02T17:17:58.205Z', 'id': '5cf414bbf70b36705e42b0a6'}]
2026-09-25 01:26:27 - mkk_pika - database.py:215 - INFO - 第一次下载该漫画，记录数据库中
2026-09-25 01:26:28 - mkk_pika - main.py:83 - INFO - 找到 21 张图片在:第1集
2026-09-25 01:26:29 - mkk_pika - main.py:112 - INFO - [episode:第1集       ] downloaded:    21, total:  21, progress:100%
2026-09-25 01:26:29 - mkk_pika - database.py:238 - INFO - 数据库更新已下载章节
2026-09-25 01:26:29 - mkk_pika - database.py:244 - INFO - 该漫画已下载章节如下
2026-09-25 01:26:29 - mkk_pika - database.py:245 - INFO - ['第1集']
2026-09-25 01:26:30 - mkk_pika - main.py:348 - INFO - ==================== 漫画信息 ====================
                                   漫画ID：5cf414bbf70b36705e42b0a5
                                   标题：対魔巫女ヨリヒメ (東方Project) [DL版] [中国翻訳]
                                   作者：8cm (8000)
                                   是否完结：是
                                   总页数：21
                                   分类：短篇,同人,東方,扶他樂園
                                   章节数：1
                                   最后更新时间：2019-06-02T18:26:03.888Z
                                   =================================================
2026-09-25 01:26:30 - mkk_pika - database.py:101 - INFO - 保存成功：対魔巫女ヨリヒメ (東方Project) [DL版] [中国翻訳]
2026-09-25 01:26:30 - mkk_pika - main.py:35 - INFO - 开始检查極甘妹のヒキコモリ矯正計画!是否存在未下载章节
2026-09-25 01:26:30 - mkk_pika - main.py:45 - INFO - 正在下载:[極甘妹のヒキコモリ矯正計画!]-[ココアホリック (ユイザキカズヤ)]-[['短篇', '純愛', '妹妹系', '同人']]-[total_pages:38]
2026-09-25 01:26:30 - mkk_pika - main.py:49 - INFO - [{'_id': '5cf49de7c19a885e13c5edf3', 'title': '第1集', 'order': 1, 'updated_at': '2019-06-03T01:05:23.878Z', 'id': '5cf49de7c19a885e13c5edf3'}]
2026-09-25 01:26:30 - mkk_pika - database.py:215 - INFO - 第一次下载该漫画，记录数据库中
2026-09-25 01:26:31 - mkk_pika - main.py:83 - INFO - 找到 38 张图片在:第1集
2026-09-25 01:26:32 - mkk_pika - main.py:112 - INFO - [episode:第1集       ] downloaded:    38, total:  38, progress:100%
2026-09-25 01:26:32 - mkk_pika - database.py:238 - INFO - 数据库更新已下载章节
2026-09-25 01:26:32 - mkk_pika - database.py:244 - INFO - 该漫画已下载章节如下
2026-09-25 01:26:32 - mkk_pika - database.py:245 - INFO - ['第1集']
2026-09-25 01:26:34 - mkk_pika - main.py:348 - INFO - ==================== 漫画信息 ====================
                                   漫画ID：5cf49de7c19a885e13c5edf2
                                   标题：極甘妹のヒキコモリ矯正計画!
                                   作者：ココアホリック (ユイザキカズヤ)
                                   是否完结：否
                                   总页数：38
                                   分类：短篇,純愛,妹妹系,同人
                                   章节数：1
                                   最后更新时间：2019-06-03T04:11:19.831Z
                                   =================================================
2026-09-25 01:26:34 - mkk_pika - database.py:101 - INFO - 保存成功：極甘妹のヒキコモリ矯正計画!
2026-09-25 01:26:34 - mkk_pika - main.py:35 - INFO - 开始检查真剣で私に恋しなさい!S Adult Edition ～新ヒロイン編～ (真剣で私に恋しなさい!)是否存在未下载章节
2026-09-25 01:26:34 - mkk_pika - main.py:45 - INFO - 正在下载:[真剣で私に恋しなさい!S Adult Edition ～新ヒロイン編～ (真剣で私に恋しなさい!)]-[やがみだい]-[['同人', '長篇', '純愛', '後宮閃光', '單行本', '妹妹系', '姐姐系']]-[total_pages:200]
2026-09-25 01:26:34 - mkk_pika - main.py:49 - INFO - [{'_id': '5cc7f343def0ae32efcae104', 'title': '开篇及目录', 'order': 1, 'updated_at': '2019-04-30T06:07:39.385Z', 'id': '5cc7f343def0ae32efcae104'}, {'_id': '5cc7f343def0ae32efcae105', 'title': '松永燕篇（上）', 'order': 2, 'updated_at': '2019-04-30T06:19:22.608Z', 'id': '5cc7f343def0ae32efcae105'}, {'_id': '5cc7f343def0ae32efcae106', 'title': '松永燕篇（下）', 'order': 3, 'updated_at': '2019-04-30T06:24:12.791Z', 'id': '5cc7f343def0ae32efcae106'}, {'_id': '5cc9dd43b0b4253343b824f9', 'title': '九鬼纹白篇（上）', 'order': 4, 'updated_at': '2019-05-01T16:09:21.358Z', 'id': '5cc9dd43b0b4253343b824f9'}, {'_id': '5cc9dd43b0b4253343b824fa', 'title': '九鬼纹白篇（下）', 'order': 5, 'updated_at': '2019-05-01T16:19:04.110Z', 'id': '5cc9dd43b0b4253343b824fa'}, {'_id': '5ccb09a55525277ad2d2baed', 'title': '板垣辰子篇（上）', 'order': 6, 'updated_at': '2019-05-02T12:35:10.597Z', 'id': '5ccb09a55525277ad2d2baed'}, {'_id': '5ccb09a55525277ad2d2baee', 'title': '板垣辰子篇（三姐妹）', 'order': 7, 'updated_at': '2019-05-02T12:59:29.527Z', 'id': '5ccb09a55525277ad2d2baee'}, {'_id': '5ccb09a55525277ad2d2baef', 'title': '不死川心篇（上）', 'order': 8, 'updated_at': '2019-05-02T13:03:55.601Z', 'id': '5ccb09a55525277ad2d2baef'}, {'_id': '5ccb09a55525277ad2d2baf0', 'title': '不死川心篇（下）', 'order': 9, 'updated_at': '2019-05-02T13:07:12.353Z', 'id': '5ccb09a55525277ad2d2baf0'}, {'_id': '5cf50bb75836025e0b0de934', 'title': '真留路线（上）', 'order': 10, 'updated_at': '2019-05-25T07:53:28.040Z', 'id': '5cf50bb75836025e0b0de934'}, {'_id': '5cf50bb75836025e0b0de935', 'title': '真留路线（下）', 'order': 11, 'updated_at': '2019-05-25T08:09:24.304Z', 'id': '5cf50bb75836025e0b0de935'}]
2026-09-25 01:26:34 - mkk_pika - database.py:215 - INFO - 第一次下载该漫画，记录数据库中
2026-09-25 01:26:35 - mkk_pika - main.py:83 - INFO - 找到 3 张图片在:开篇及目录
2026-09-25 01:26:35 - mkk_pika - main.py:112 - INFO - [episode:开篇及目录     ] downloaded:     3, total:   3, progress:100%
2026-09-25 01:26:35 - mkk_pika - database.py:238 - INFO - 数据库更新已下载章节
2026-09-25 01:26:35 - mkk_pika - database.py:244 - INFO - 该漫画已下载章节如下
2026-09-25 01:26:35 - mkk_pika - database.py:245 - INFO - ['开篇及目录']
2026-09-25 01:26:37 - mkk_pika - main.py:83 - INFO - 找到 20 张图片在:松永燕篇（上）
2026-09-25 01:26:38 - mkk_pika - main.py:112 - INFO - [episode:松永燕篇（上）   ] downloaded:    20, total:  20, progress:100%
2026-09-25 01:26:38 - mkk_pika - database.py:238 - INFO - 数据库更新已下载章节
2026-09-25 01:26:38 - mkk_pika - database.py:244 - INFO - 该漫画已下载章节如下
2026-09-25 01:26:38 - mkk_pika - database.py:245 - INFO - ['开篇及目录', '松永燕篇（上）']
2026-09-25 01:26:40 - mkk_pika - main.py:83 - INFO - 找到 20 张图片在:松永燕篇（下）
2026-09-25 01:26:41 - mkk_pika - main.py:112 - INFO - [episode:松永燕篇（下）   ] downloaded:    20, total:  20, progress:100%
2026-09-25 01:26:41 - mkk_pika - database.py:238 - INFO - 数据库更新已下载章节
2026-09-25 01:26:41 - mkk_pika - database.py:244 - INFO - 该漫画已下载章节如下
2026-09-25 01:26:41 - mkk_pika - database.py:245 - INFO - ['开篇及目录', '松永燕篇（上）', '松永燕篇（下）']
2026-09-25 01:26:42 - mkk_pika - main.py:83 - INFO - 找到 20 张图片在:九鬼纹白篇（上）
2026-09-25 01:26:43 - mkk_pika - main.py:112 - INFO - [episode:九鬼纹白篇（上）  ] downloaded:    20, total:  20, progress:100%
2026-09-25 01:26:43 - mkk_pika - database.py:238 - INFO - 数据库更新已下载章节
2026-09-25 01:26:43 - mkk_pika - database.py:244 - INFO - 该漫画已下载章节如下
2026-09-25 01:26:43 - mkk_pika - database.py:245 - INFO - ['开篇及目录', '松永燕篇（上）', '松永燕篇（下）', '九鬼纹白篇（上）']
2026-09-25 01:26:45 - mkk_pika - main.py:83 - INFO - 找到 20 张图片在:九鬼纹白篇（下）
2026-09-25 01:26:46 - mkk_pika - main.py:112 - INFO - [episode:九鬼纹白篇（下）  ] downloaded:    20, total:  20, progress:100%
2026-09-25 01:26:46 - mkk_pika - database.py:238 - INFO - 数据库更新已下载章节
2026-09-25 01:26:46 - mkk_pika - database.py:244 - INFO - 该漫画已下载章节如下
2026-09-25 01:26:46 - mkk_pika - database.py:245 - INFO - ['开篇及目录', '松永燕篇（上）', '松永燕篇（下）', '九鬼纹白篇（上）', '九鬼纹白篇（下）']
2026-09-25 01:26:47 - mkk_pika - main.py:83 - INFO - 找到 20 张图片在:板垣辰子篇（上）
2026-09-25 01:26:49 - mkk_pika - main.py:112 - INFO - [episode:板垣辰子篇（上）  ] downloaded:    20, total:  20, progress:100%
2026-09-25 01:26:49 - mkk_pika - database.py:238 - INFO - 数据库更新已下载章节
2026-09-25 01:26:49 - mkk_pika - database.py:244 - INFO - 该漫画已下载章节如下
2026-09-25 01:26:49 - mkk_pika - database.py:245 - INFO - ['开篇及目录', '松永燕篇（上）', '松永燕篇（下）', '九鬼纹白篇（上）', '九鬼纹白篇（下）', '板垣辰子篇（上）']
2026-09-25 01:26:50 - mkk_pika - main.py:83 - INFO - 找到 21 张图片在:板垣辰子篇（三姐妹）
2026-09-25 01:26:52 - mkk_pika - main.py:112 - INFO - [episode:板垣辰子篇（三姐妹）] downloaded:    21, total:  21, progress:100%
2026-09-25 01:26:52 - mkk_pika - database.py:238 - INFO - 数据库更新已下载章节
2026-09-25 01:26:52 - mkk_pika - database.py:244 - INFO - 该漫画已下载章节如下
2026-09-25 01:26:52 - mkk_pika - database.py:245 - INFO - ['开篇及目录', '松永燕篇（上）', '松永燕篇（下）', '九鬼纹白篇（上）', '九鬼纹白篇（下）', '板垣辰子篇（上）', '板垣辰子篇（三姐妹）']
2026-09-25 01:26:54 - mkk_pika - main.py:83 - INFO - 找到 20 张图片在:不死川心篇（上）
2026-09-25 01:26:55 - mkk_pika - main.py:112 - INFO - [episode:不死川心篇（上）  ] downloaded:    20, total:  20, progress:100%
2026-09-25 01:26:55 - mkk_pika - database.py:238 - INFO - 数据库更新已下载章节
2026-09-25 01:26:55 - mkk_pika - database.py:244 - INFO - 该漫画已下载章节如下
2026-09-25 01:26:55 - mkk_pika - database.py:245 - INFO - ['开篇及目录', '松永燕篇（上）', '松永燕篇（下）', '九鬼纹白篇（上）', '九鬼纹白篇（下）', '板垣辰子篇（上）', '板垣辰子篇（三姐妹）', '不死川心篇（上）']
2026-09-25 01:26:56 - mkk_pika - main.py:83 - INFO - 找到 16 张图片在:不死川心篇（下）
2026-09-25 01:26:57 - mkk_pika - main.py:112 - INFO - [episode:不死川心篇（下）  ] downloaded:    16, total:  16, progress:100%
2026-09-25 01:26:57 - mkk_pika - database.py:238 - INFO - 数据库更新已下载章节
2026-09-25 01:26:57 - mkk_pika - database.py:244 - INFO - 该漫画已下载章节如下
2026-09-25 01:26:57 - mkk_pika - database.py:245 - INFO - ['开篇及目录', '松永燕篇（上）', '松永燕篇（下）', '九鬼纹白篇（上）', '九鬼纹白篇（下）', '板垣辰子篇（上）', '板垣辰子篇（三姐妹）', '不死川心篇（上）', '不死川心篇（下）']
2026-09-25 01:26:59 - mkk_pika - main.py:83 - INFO - 找到 20 张图片在:真留路线（上）
2026-09-25 01:26:59 - mkk_pika - main.py:112 - INFO - [episode:真留路线（上）   ] downloaded:    20, total:  20, progress:100%
2026-09-25 01:26:59 - mkk_pika - database.py:238 - INFO - 数据库更新已下载章节
2026-09-25 01:26:59 - mkk_pika - database.py:244 - INFO - 该漫画已下载章节如下
2026-09-25 01:26:59 - mkk_pika - database.py:245 - INFO - ['开篇及目录', '松永燕篇（上）', '松永燕篇（下）', '九鬼纹白篇（上）', '九鬼纹白篇（下）', '板垣辰子篇（上）', '板垣辰子篇（三姐妹）', '不死川心篇（上）', '不死川心篇（下）', '真留路线（上）']
2026-09-25 01:27:01 - mkk_pika - main.py:83 - INFO - 找到 21 张图片在:真留路线（下）
2026-09-25 01:27:02 - mkk_pika - main.py:112 - INFO - [episode:真留路线（下）   ] downloaded:    21, total:  21, progress:100%
2026-09-25 01:27:02 - mkk_pika - database.py:238 - INFO - 数据库更新已下载章节
2026-09-25 01:27:02 - mkk_pika - database.py:244 - INFO - 该漫画已下载章节如下
2026-09-25 01:27:02 - mkk_pika - database.py:245 - INFO - ['开篇及目录', '松永燕篇（上）', '松永燕篇（下）', '九鬼纹白篇（上）', '九鬼纹白篇（下）', '板垣辰子篇（上）', '板垣辰子篇（三姐妹）', '不死川心篇（上）', '不死川心篇（下）', '真留路线（上）', '真留路线（下）']
2026-09-25 01:27:03 - mkk_pika - main.py:348 - INFO - ==================== 漫画信息 ====================
                                   漫画ID：5cc7f343def0ae32efcae103
                                   标题：真剣で私に恋しなさい!S Adult Edition ～新ヒロイン編～ (真剣で私に恋しなさい!)
                                   作者：やがみだい
                                   是否完结：是
                                   总页数：200
                                   分类：同人,長篇,純愛,後宮閃光,單行本,妹妹系,姐姐系
                                   章节数：11
                                   最后更新时间：2019-06-03T11:59:51.310Z
                                   =================================================
2026-09-25 01:27:03 - mkk_pika - database.py:101 - INFO - 保存成功：真剣で私に恋しなさい!S Adult Edition ～新ヒロイン編～ (真剣で私に恋しなさい!)
2026-09-25 01:27:03 - mkk_pika - main.py:35 - INFO - 开始检查僕のスーパーハーレム銭湯～乙女のなかに男は僕だけ～ 我的後宮選妃般的超級錢湯是否存在未下载章节
2026-09-25 01:27:04 - mkk_pika - main.py:45 - INFO - 正在下载:[僕のスーパーハーレム銭湯～乙女のなかに男は僕だけ～ 我的後宮選妃般的超級錢湯]-[鳳まひろ]-[['長篇', '純愛', '後宮閃光', 'SM', '單行本', '姐姐系', '妹妹系']]-[total_pages:203]
2026-09-25 01:27:04 - mkk_pika - main.py:49 - INFO - [{'_id': '5cf50bdf9791d95e1f7e4361', 'title': '社保處女後宮的單行本', 'order': 1, 'updated_at': '2019-05-29T17:13:22.352Z', 'id': '5cf50bdf9791d95e1f7e4361'}]
2026-09-25 01:27:04 - mkk_pika - database.py:215 - INFO - 第一次下载该漫画，记录数据库中
2026-09-25 01:27:06 - mkk_pika - main.py:83 - INFO - 找到 203 张图片在:社保處女後宮的單行本
2026-09-25 01:27:12 - mkk_pika - main.py:112 - INFO - [episode:社保處女後宮的單行本] downloaded:   203, total: 203, progress:100%
2026-09-25 01:27:12 - mkk_pika - database.py:238 - INFO - 数据库更新已下载章节
2026-09-25 01:27:12 - mkk_pika - database.py:244 - INFO - 该漫画已下载章节如下
2026-09-25 01:27:12 - mkk_pika - database.py:245 - INFO - ['社保處女後宮的單行本']
2026-09-25 01:27:14 - mkk_pika - main.py:348 - INFO - ==================== 漫画信息 ====================
                                   漫画ID：5cf50bdf9791d95e1f7e4360
                                   标题：僕のスーパーハーレム銭湯～乙女のなかに男は僕だけ～ 我的後宮選妃般的超級錢湯
                                   作者：鳳まひろ
                                   是否完结：是
                                   总页数：203
                                   分类：長篇,純愛,後宮閃光,SM,單行本,姐姐系,妹妹系
                                   章节数：1
                                   最后更新时间：2019-06-03T12:00:31.881Z
                                   =================================================
2026-09-25 01:27:14 - mkk_pika - database.py:101 - INFO - 保存成功：僕のスーパーハーレム銭湯～乙女のなかに男は僕だけ～ 我的後宮選妃般的超級錢湯
2026-09-25 01:27:14 - mkk_pika - main.py:35 - INFO - 开始检查おねがいスカサハ様!!是否存在未下载章节
2026-09-25 01:27:14 - mkk_pika - main.py:45 - INFO - 正在下载:[おねがいスカサハ様!!]-[迷宮の犬小屋]-[['短篇', '純愛', '同人', 'Fate']]-[total_pages:58]
2026-09-25 01:27:14 - mkk_pika - main.py:49 - INFO - [{'_id': '5cebb108cec84b7f43a439af', 'title': '第1集', 'order': 1, 'updated_at': '2019-05-25T10:13:28.581Z', 'id': '5cebb108cec84b7f43a439af'}, {'_id': '5cf562df9791d95e1f7e460b', 'title': '汉化', 'order': 2, 'updated_at': '2019-06-03T16:25:45.112Z', 'id': '5cf562df9791d95e1f7e460b'}]
2026-09-25 01:27:14 - mkk_pika - database.py:215 - INFO - 第一次下载该漫画，记录数据库中
2026-09-25 01:27:15 - mkk_pika - main.py:83 - INFO - 找到 28 张图片在:第1集
2026-09-25 01:27:16 - mkk_pika - main.py:112 - INFO - [episode:第1集       ] downloaded:    28, total:  28, progress:100%
2026-09-25 01:27:16 - mkk_pika - database.py:238 - INFO - 数据库更新已下载章节
2026-09-25 01:27:16 - mkk_pika - database.py:244 - INFO - 该漫画已下载章节如下
2026-09-25 01:27:16 - mkk_pika - database.py:245 - INFO - ['第1集']
2026-09-25 01:27:17 - mkk_pika - main.py:83 - INFO - 找到 30 张图片在:汉化
2026-09-25 01:27:19 - mkk_pika - main.py:112 - INFO - [episode:汉化        ] downloaded:    30, total:  30, progress:100%
2026-09-25 01:27:19 - mkk_pika - database.py:238 - INFO - 数据库更新已下载章节
2026-09-25 01:27:19 - mkk_pika - database.py:244 - INFO - 该漫画已下载章节如下
2026-09-25 01:27:19 - mkk_pika - database.py:245 - INFO - ['第1集', '汉化']
2026-09-25 01:27:20 - mkk_pika - main.py:348 - INFO - ==================== 漫画信息 ====================
                                   漫画ID：5cebb108cec84b7f43a439ae
                                   标题：おねがいスカサハ様!!
                                   作者：迷宮の犬小屋
                                   是否完结：是
                                   总页数：58
                                   分类：短篇,純愛,同人,Fate
                                   章节数：2
                                   最后更新时间：2019-06-03T18:11:43.930Z
                                   =================================================
2026-09-25 01:27:20 - mkk_pika - database.py:101 - INFO - 保存成功：おねがいスカサハ様!!
2026-09-25 01:27:20 - mkk_pika - main.py:35 - INFO - 开始检查催眠アリス ～思いのままに犯りまくりっ～ (東方Project) [中国翻訳]是否存在未下载章节
2026-09-25 01:27:20 - mkk_pika - main.py:45 - INFO - 正在下载:[催眠アリス ～思いのままに犯りまくりっ～ (東方Project) [中国翻訳]]-[エロマズン (まー九郎)]-[['短篇', '同人', '東方', '強暴']]-[total_pages:44]
2026-09-25 01:27:20 - mkk_pika - main.py:49 - INFO - [{'_id': '5cf56b4bc19a885e13c5f2b9', 'title': '第1集', 'order': 1, 'updated_at': '2019-06-03T13:17:29.073Z', 'id': '5cf56b4bc19a885e13c5f2b9'}]
2026-09-25 01:27:20 - mkk_pika - database.py:215 - INFO - 第一次下载该漫画，记录数据库中
2026-09-25 01:27:21 - mkk_pika - main.py:83 - INFO - 找到 44 张图片在:第1集
2026-09-25 01:27:23 - mkk_pika - main.py:112 - INFO - [episode:第1集       ] downloaded:    44, total:  44, progress:100%
2026-09-25 01:27:23 - mkk_pika - database.py:238 - INFO - 数据库更新已下载章节
2026-09-25 01:27:23 - mkk_pika - database.py:244 - INFO - 该漫画已下载章节如下
2026-09-25 01:27:23 - mkk_pika - database.py:245 - INFO - ['第1集']
2026-09-25 01:27:24 - mkk_pika - main.py:348 - INFO - ==================== 漫画信息 ====================
                                   漫画ID：5cf56b4bc19a885e13c5f2b8
                                   标题：催眠アリス ～思いのままに犯りまくりっ～ (東方Project) [中国翻訳]
                                   作者：エロマズン (まー九郎)
                                   是否完结：否
                                   总页数：44
                                   分类：短篇,同人,東方,強暴
                                   章节数：1
                                   最后更新时间：2019-06-03T18:47:39.280Z
                                   =================================================
2026-09-25 01:27:24 - mkk_pika - database.py:101 - INFO - 保存成功：催眠アリス ～思いのままに犯りまくりっ～ (東方Project) [中国翻訳]
2026-09-25 01:27:24 - mkk_pika - main.py:35 - INFO - 开始检查(C95) バンドガールズイン混浴サウナ (BanG Dream!) [中国翻訳]是否存在未下载章节
2026-09-25 01:27:24 - mkk_pika - main.py:45 - INFO - 正在下载:[(C95) バンドガールズイン混浴サウナ (BanG Dream!) [中国翻訳]]-[日本ダンディ (松野すすむ)]-[['短篇', '同人']]-[total_pages:26]
2026-09-25 01:27:24 - mkk_pika - main.py:49 - INFO - [{'_id': '5cf56b979791d95e1f7e46eb', 'title': '第1集', 'order': 1, 'updated_at': '2019-06-03T17:46:45.098Z', 'id': '5cf56b979791d95e1f7e46eb'}]
2026-09-25 01:27:24 - mkk_pika - database.py:215 - INFO - 第一次下载该漫画，记录数据库中
2026-09-25 01:27:25 - mkk_pika - main.py:83 - INFO - 找到 26 张图片在:第1集
2026-09-25 01:27:26 - mkk_pika - main.py:112 - INFO - [episode:第1集       ] downloaded:    26, total:  26, progress:100%
2026-09-25 01:27:26 - mkk_pika - database.py:238 - INFO - 数据库更新已下载章节
2026-09-25 01:27:26 - mkk_pika - database.py:244 - INFO - 该漫画已下载章节如下
2026-09-25 01:27:26 - mkk_pika - database.py:245 - INFO - ['第1集']
2026-09-25 01:27:28 - mkk_pika - main.py:348 - INFO - ==================== 漫画信息 ====================
                                   漫画ID：5cf56b979791d95e1f7e46ea
                                   标题：(C95) バンドガールズイン混浴サウナ (BanG Dream!) [中国翻訳]
                                   作者：日本ダンディ (松野すすむ)
                                   是否完结：是
                                   总页数：26
                                   分类：短篇,同人
                                   章节数：1
                                   最后更新时间：2019-06-03T18:48:55.147Z
                                   =================================================
2026-09-25 01:27:28 - mkk_pika - database.py:101 - INFO - 保存成功：(C95) バンドガールズイン混浴サウナ (BanG Dream!) [中国翻訳]
2026-09-25 01:27:28 - mkk_pika - main.py:35 - INFO - 开始检查染メラレ 1-2 [中国翻訳]是否存在未下载章节
2026-09-25 01:27:28 - mkk_pika - main.py:45 - INFO - 正在下载:[染メラレ 1-2 [中国翻訳]]-[越山弱衰]-[['短篇', '人妻', 'NTR']]-[total_pages:100]
2026-09-25 01:27:28 - mkk_pika - main.py:49 - INFO - [{'_id': '5ce42588730f0d528df7571d', 'title': '第1~2集', 'order': 1, 'updated_at': '2019-05-21T14:09:43.244Z', 'id': '5ce42588730f0d528df7571d'}, {'_id': '5cf5e5839b08af5e2db708f6', 'title': '第3集', 'order': 2, 'updated_at': '2019-06-03T19:10:02.863Z', 'id': '5cf5e5839b08af5e2db708f6'}, {'_id': '5cf5e5839b08af5e2db708f7', 'title': '第4集', 'order': 3, 'updated_at': '2019-06-03T19:10:51.638Z', 'id': '5cf5e5839b08af5e2db708f7'}, {'_id': '5cf5e5839b08af5e2db708f8', 'title': '第5集', 'order': 4, 'updated_at': '2019-06-03T19:12:10.127Z', 'id': '5cf5e5839b08af5e2db708f8'}]
2026-09-25 01:27:28 - mkk_pika - database.py:215 - INFO - 第一次下载该漫画，记录数据库中
2026-09-25 01:27:28 - mkk_pika - main.py:83 - INFO - 找到 40 张图片在:第1~2集
2026-09-25 01:27:30 - mkk_pika - main.py:112 - INFO - [episode:第1~2集     ] downloaded:    40, total:  40, progress:100%
2026-09-25 01:27:30 - mkk_pika - database.py:238 - INFO - 数据库更新已下载章节
2026-09-25 01:27:30 - mkk_pika - database.py:244 - INFO - 该漫画已下载章节如下
2026-09-25 01:27:30 - mkk_pika - database.py:245 - INFO - ['第1~2集']
2026-09-25 01:27:31 - mkk_pika - main.py:83 - INFO - 找到 20 张图片在:第3集
2026-09-25 01:27:32 - mkk_pika - main.py:112 - INFO - [episode:第3集       ] downloaded:    20, total:  20, progress:100%
2026-09-25 01:27:32 - mkk_pika - database.py:238 - INFO - 数据库更新已下载章节
2026-09-25 01:27:32 - mkk_pika - database.py:244 - INFO - 该漫画已下载章节如下
2026-09-25 01:27:32 - mkk_pika - database.py:245 - INFO - ['第1~2集', '第3集']
2026-09-25 01:27:34 - mkk_pika - main.py:83 - INFO - 找到 20 张图片在:第4集
2026-09-25 01:27:34 - mkk_pika - main.py:112 - INFO - [episode:第4集       ] downloaded:    20, total:  20, progress:100%
2026-09-25 01:27:34 - mkk_pika - database.py:238 - INFO - 数据库更新已下载章节
2026-09-25 01:27:34 - mkk_pika - database.py:244 - INFO - 该漫画已下载章节如下
2026-09-25 01:27:34 - mkk_pika - database.py:245 - INFO - ['第1~2集', '第3集', '第4集']
2026-09-25 01:27:36 - mkk_pika - main.py:83 - INFO - 找到 20 张图片在:第5集
2026-09-25 01:27:37 - mkk_pika - main.py:112 - INFO - [episode:第5集       ] downloaded:    20, total:  20, progress:100%
2026-09-25 01:27:37 - mkk_pika - database.py:238 - INFO - 数据库更新已下载章节
2026-09-25 01:27:37 - mkk_pika - database.py:244 - INFO - 该漫画已下载章节如下
2026-09-25 01:27:37 - mkk_pika - database.py:245 - INFO - ['第1~2集', '第3集', '第4集', '第5集']
2026-09-25 01:27:38 - mkk_pika - main.py:348 - INFO - ==================== 漫画信息 ====================
                                   漫画ID：5ce42588730f0d528df7571c
                                   标题：染メラレ 1-2 [中国翻訳]
                                   作者：越山弱衰
                                   是否完结：是
                                   总页数：100
                                   分类：短篇,人妻,NTR
                                   章节数：4
                                   最后更新时间：2019-06-04T03:29:07.256Z
                                   =================================================
2026-09-25 01:27:38 - mkk_pika - database.py:101 - INFO - 保存成功：染メラレ 1-2 [中国翻訳]
2026-09-25 01:27:38 - mkk_pika - main.py:35 - INFO - 开始检查ランドリーの園（洗涤之园）是否存在未下载章节
2026-09-25 01:27:38 - mkk_pika - main.py:45 - INFO - 正在下载:[ランドリーの園（洗涤之园）]-[GREONE (んめ)]-[['短篇', '純愛', '非人類']]-[total_pages:34]
2026-09-25 01:27:38 - mkk_pika - main.py:49 - INFO - [{'_id': '5cf5e5ad5836025e0b0dec4d', 'title': '第1集', 'order': 1, 'updated_at': '2019-06-03T20:55:50.011Z', 'id': '5cf5e5ad5836025e0b0dec4d'}]
2026-09-25 01:27:38 - mkk_pika - database.py:215 - INFO - 第一次下载该漫画，记录数据库中
2026-09-25 01:27:39 - mkk_pika - main.py:83 - INFO - 找到 34 张图片在:第1集
2026-09-25 01:27:40 - mkk_pika - main.py:112 - INFO - [episode:第1集       ] downloaded:    34, total:  34, progress:100%
2026-09-25 01:27:40 - mkk_pika - database.py:238 - INFO - 数据库更新已下载章节
2026-09-25 01:27:40 - mkk_pika - database.py:244 - INFO - 该漫画已下载章节如下
2026-09-25 01:27:40 - mkk_pika - database.py:245 - INFO - ['第1集']
2026-09-25 01:27:42 - mkk_pika - main.py:348 - INFO - ==================== 漫画信息 ====================
                                   漫画ID：5cf5e5ad5836025e0b0dec4c
                                   标题：ランドリーの園（洗涤之园）
                                   作者：GREONE (んめ)
                                   是否完结：否
                                   总页数：34
                                   分类：短篇,純愛,非人類
                                   章节数：1
                                   最后更新时间：2019-06-04T03:29:49.667Z
                                   =================================================
2026-09-25 01:27:42 - mkk_pika - database.py:101 - INFO - 保存成功：ランドリーの園（洗涤之园）
2026-09-25 01:27:42 - mkk_pika - main.py:35 - INFO - 开始检查我的朋友♂♀可爱到让人头痛！ 是否存在未下载章节
2026-09-25 01:27:42 - mkk_pika - main.py:45 - INFO - 正在下载:[我的朋友♂♀可爱到让人头痛！ ]-[太田顕喜 × 春夏冬アタル]-[['長篇', '性轉換']]-[total_pages:39]
2026-09-25 01:27:42 - mkk_pika - main.py:49 - INFO - [{'_id': '5c9c5141a181613f68a368ec', 'title': '第1集', 'order': 1, 'updated_at': '2019-03-27T20:45:37.564Z', 'id': '5c9c5141a181613f68a368ec'}, {'_id': '5cf5e5bac19a885e13c5f405', 'title': '第2集', 'order': 2, 'updated_at': '2019-06-03T23:49:14.370Z', 'id': '5cf5e5bac19a885e13c5f405'}]
2026-09-25 01:27:42 - mkk_pika - database.py:215 - INFO - 第一次下载该漫画，记录数据库中
2026-09-25 01:27:42 - mkk_pika - main.py:83 - INFO - 找到 20 张图片在:第1集
2026-09-25 01:27:43 - mkk_pika - main.py:112 - INFO - [episode:第1集       ] downloaded:    20, total:  20, progress:100%
2026-09-25 01:27:43 - mkk_pika - database.py:238 - INFO - 数据库更新已下载章节
2026-09-25 01:27:43 - mkk_pika - database.py:244 - INFO - 该漫画已下载章节如下
2026-09-25 01:27:43 - mkk_pika - database.py:245 - INFO - ['第1集']
2026-09-25 01:27:45 - mkk_pika - main.py:83 - INFO - 找到 19 张图片在:第2集
2026-09-25 01:27:46 - mkk_pika - main.py:112 - INFO - [episode:第2集       ] downloaded:    19, total:  19, progress:100%
2026-09-25 01:27:46 - mkk_pika - database.py:238 - INFO - 数据库更新已下载章节
2026-09-25 01:27:46 - mkk_pika - database.py:244 - INFO - 该漫画已下载章节如下
2026-09-25 01:27:46 - mkk_pika - database.py:245 - INFO - ['第1集', '第2集']
2026-09-25 01:27:47 - mkk_pika - main.py:348 - INFO - ==================== 漫画信息 ====================
                                   漫画ID：5c9c5141a181613f68a368eb
                                   标题：我的朋友♂♀可爱到让人头痛！ 
                                   作者：太田顕喜 × 春夏冬アタル
                                   是否完结：否
                                   总页数：39
                                   分类：長篇,性轉換
                                   章节数：2
                                   最后更新时间：2019-06-04T03:30:02.347Z
                                   =================================================
2026-09-25 01:27:47 - mkk_pika - database.py:101 - INFO - 保存成功：我的朋友♂♀可爱到让人头痛！ 
2026-09-25 01:27:47 - mkk_pika - main.py:35 - INFO - 开始检查夕日红VS宇智波鼬是否存在未下载章节
2026-09-25 01:27:47 - mkk_pika - main.py:45 - INFO - 正在下载:[夕日红VS宇智波鼬]-[宇智波麻痹]-[['全彩', '同人', '強暴', '短篇', 'NTR']]-[total_pages:8]
2026-09-25 01:27:47 - mkk_pika - main.py:49 - INFO - [{'_id': '5cf5e6409b08af5e2db70936', 'title': '第1集', 'order': 1, 'updated_at': '2019-06-04T02:55:48.283Z', 'id': '5cf5e6409b08af5e2db70936'}]
2026-09-25 01:27:47 - mkk_pika - database.py:215 - INFO - 第一次下载该漫画，记录数据库中
2026-09-25 01:27:48 - mkk_pika - main.py:83 - INFO - 找到 8 张图片在:第1集
2026-09-25 01:27:48 - mkk_pika - main.py:112 - INFO - [episode:第1集       ] downloaded:     8, total:   8, progress:100%
2026-09-25 01:27:48 - mkk_pika - database.py:238 - INFO - 数据库更新已下载章节
2026-09-25 01:27:48 - mkk_pika - database.py:244 - INFO - 该漫画已下载章节如下
2026-09-25 01:27:48 - mkk_pika - database.py:245 - INFO - ['第1集']
2026-09-25 01:27:49 - mkk_pika - main.py:348 - INFO - ==================== 漫画信息 ====================
                                   漫画ID：5cf5e6409b08af5e2db70935
                                   标题：夕日红VS宇智波鼬
                                   作者：宇智波麻痹
                                   是否完结：否
                                   总页数：8
                                   分类：全彩,同人,強暴,短篇,NTR
                                   章节数：1
                                   最后更新时间：2019-06-04T03:32:16.290Z
                                   =================================================
2026-09-25 01:27:49 - mkk_pika - database.py:101 - INFO - 保存成功：夕日红VS宇智波鼬
2026-09-25 01:27:49 - mkk_pika - main.py:35 - INFO - 开始检查美咲告訴我的事情不管是什麼都想告訴別人是否存在未下载章节
2026-09-25 01:27:50 - mkk_pika - main.py:45 - INFO - 正在下载:[美咲告訴我的事情不管是什麼都想告訴別人]-[LETRA(滝太郎)]-[['同人', '百合花園', '純愛']]-[total_pages:34]
2026-09-25 01:27:50 - mkk_pika - main.py:49 - INFO - [{'_id': '5cf612789791d95e1f7e4bd0', 'title': '第1集', 'order': 1, 'updated_at': '2019-06-04T05:08:56.137Z', 'id': '5cf612789791d95e1f7e4bd0'}]
2026-09-25 01:27:50 - mkk_pika - database.py:215 - INFO - 第一次下载该漫画，记录数据库中
2026-09-25 01:27:50 - mkk_pika - main.py:83 - INFO - 找到 34 张图片在:第1集
2026-09-25 01:27:52 - mkk_pika - main.py:112 - INFO - [episode:第1集       ] downloaded:    34, total:  34, progress:100%
2026-09-25 01:27:52 - mkk_pika - database.py:238 - INFO - 数据库更新已下载章节
2026-09-25 01:27:52 - mkk_pika - database.py:244 - INFO - 该漫画已下载章节如下
2026-09-25 01:27:52 - mkk_pika - database.py:245 - INFO - ['第1集']
2026-09-25 01:27:53 - mkk_pika - main.py:348 - INFO - ==================== 漫画信息 ====================
                                   漫画ID：5cf612789791d95e1f7e4bcf
                                   标题：美咲告訴我的事情不管是什麼都想告訴別人
                                   作者：LETRA(滝太郎)
                                   是否完结：否
                                   总页数：34
                                   分类：同人,百合花園,純愛
                                   章节数：1
                                   最后更新时间：2019-06-04T06:40:56.429Z
                                   =================================================
2026-09-25 01:27:53 - mkk_pika - database.py:101 - INFO - 保存成功：美咲告訴我的事情不管是什麼都想告訴別人
2026-09-25 01:27:53 - mkk_pika - main.py:35 - INFO - 开始检查(COMIC1☆11)催眠性指導 2・5 経過観察是否存在未下载章节
2026-09-25 01:27:54 - mkk_pika - main.py:45 - INFO - 正在下载:[(COMIC1☆11)催眠性指導 2・5 経過観察]-[50on! (愛上陸)]-[['短篇']]-[total_pages:19]
2026-09-25 01:27:54 - mkk_pika - main.py:49 - INFO - [{'_id': '5cf637cf9791d95e1f7e4c8f', 'title': '第1集', 'order': 1, 'updated_at': '2019-06-04T04:05:03.488Z', 'id': '5cf637cf9791d95e1f7e4c8f'}]
2026-09-25 01:27:54 - mkk_pika - database.py:215 - INFO - 第一次下载该漫画，记录数据库中
2026-09-25 01:27:54 - mkk_pika - main.py:83 - INFO - 找到 19 张图片在:第1集
2026-09-25 01:27:55 - mkk_pika - main.py:112 - INFO - [episode:第1集       ] downloaded:    19, total:  19, progress:100%
2026-09-25 01:27:55 - mkk_pika - database.py:238 - INFO - 数据库更新已下载章节
2026-09-25 01:27:55 - mkk_pika - database.py:244 - INFO - 该漫画已下载章节如下
2026-09-25 01:27:55 - mkk_pika - database.py:245 - INFO - ['第1集']
2026-09-25 01:27:57 - mkk_pika - main.py:348 - INFO - ==================== 漫画信息 ====================
                                   漫画ID：5cf637cf9791d95e1f7e4c8e
                                   标题：(COMIC1☆11)催眠性指導 2・5 経過観察
                                   作者：50on! (愛上陸)
                                   是否完结：否
                                   总页数：19
                                   分类：短篇
                                   章节数：1
                                   最后更新时间：2019-06-04T09:20:15.594Z
                                   =================================================
2026-09-25 01:27:57 - mkk_pika - database.py:101 - INFO - 保存成功：(COMIC1☆11)催眠性指導 2・5 経過観察
2026-09-25 01:27:57 - mkk_pika - main.py:35 - INFO - 开始检查魔王とヒミツ部屋是否存在未下载章节
2026-09-25 01:27:57 - mkk_pika - main.py:45 - INFO - 正在下载:[魔王とヒミツ部屋]-[おかゆさん]-[['短篇', '非人類']]-[total_pages:18]
2026-09-25 01:27:57 - mkk_pika - main.py:49 - INFO - [{'_id': '5cf63830c19a885e13c5f8e9', 'title': '第1集', 'order': 1, 'updated_at': '2019-06-04T05:32:07.035Z', 'id': '5cf63830c19a885e13c5f8e9'}]
2026-09-25 01:27:57 - mkk_pika - database.py:215 - INFO - 第一次下载该漫画，记录数据库中
2026-09-25 01:27:57 - mkk_pika - main.py:83 - INFO - 找到 18 张图片在:第1集
2026-09-25 01:27:58 - mkk_pika - main.py:112 - INFO - [episode:第1集       ] downloaded:    18, total:  18, progress:100%
2026-09-25 01:27:58 - mkk_pika - database.py:238 - INFO - 数据库更新已下载章节
2026-09-25 01:27:58 - mkk_pika - database.py:244 - INFO - 该漫画已下载章节如下
2026-09-25 01:27:58 - mkk_pika - database.py:245 - INFO - ['第1集']
2026-09-25 01:27:59 - mkk_pika - main.py:348 - INFO - ==================== 漫画信息 ====================
                                   漫画ID：5cf63830c19a885e13c5f8e8
                                   标题：魔王とヒミツ部屋
                                   作者：おかゆさん
                                   是否完结：是
                                   总页数：18
                                   分类：短篇,非人類
                                   章节数：1
                                   最后更新时间：2019-06-04T09:21:52.229Z
                                   =================================================
2026-09-25 01:27:59 - mkk_pika - database.py:101 - INFO - 保存成功：魔王とヒミツ部屋
2026-09-25 01:27:59 - mkk_pika - main.py:35 - INFO - 开始检查(COMIC1☆15)  青春ブラックタイムキラー (青春ブタ野郎はバニーガール先輩の夢を見ない) [中国翻訳]是否存在未下载章节
2026-09-25 01:28:00 - mkk_pika - main.py:45 - INFO - 正在下载:[(COMIC1☆15)  青春ブラックタイムキラー (青春ブタ野郎はバニーガール先輩の夢を見ない) [中国翻訳]]-[G-SCAN CORP. (佐藤茶菓子)]-[['短篇', '同人', '純愛']]-[total_pages:26]
2026-09-25 01:28:00 - mkk_pika - main.py:49 - INFO - [{'_id': '5cf638539b08af5e2db70d11', 'title': '第1集', 'order': 1, 'updated_at': '2019-06-04T06:38:23.550Z', 'id': '5cf638539b08af5e2db70d11'}]
2026-09-25 01:28:00 - mkk_pika - database.py:215 - INFO - 第一次下载该漫画，记录数据库中
2026-09-25 01:28:00 - mkk_pika - main.py:83 - INFO - 找到 26 张图片在:第1集
2026-09-25 01:28:03 - mkk_pika - main.py:112 - INFO - [episode:第1集       ] downloaded:    26, total:  26, progress:100%
2026-09-25 01:28:03 - mkk_pika - database.py:238 - INFO - 数据库更新已下载章节
2026-09-25 01:28:03 - mkk_pika - database.py:244 - INFO - 该漫画已下载章节如下
2026-09-25 01:28:03 - mkk_pika - database.py:245 - INFO - ['第1集']
2026-09-25 01:28:04 - mkk_pika - main.py:348 - INFO - ==================== 漫画信息 ====================
                                   漫画ID：5cf638539b08af5e2db70d10
                                   标题：(COMIC1☆15)  青春ブラックタイムキラー (青春ブタ野郎はバニーガール先輩の夢を見ない) [中国翻訳]
                                   作者：G-SCAN CORP. (佐藤茶菓子)
                                   是否完结：是
                                   总页数：26
                                   分类：短篇,同人,純愛
                                   章节数：1
                                   最后更新时间：2019-06-04T09:22:27.266Z
                                   =================================================
2026-09-25 01:28:04 - mkk_pika - database.py:101 - INFO - 保存成功：(COMIC1☆15)  青春ブラックタイムキラー (青春ブタ野郎はバニーガール先輩の夢を見ない) [中国翻訳]
2026-09-25 01:28:04 - mkk_pika - main.py:35 - INFO - 开始检查温泉宿♨でチャラ男に喰われたむち♡むち♡母ちゃん。 [中国翻訳] [無修正]是否存在未下载章节
2026-09-25 01:28:04 - mkk_pika - main.py:45 - INFO - 正在下载:[温泉宿♨でチャラ男に喰われたむち♡むち♡母ちゃん。 [中国翻訳] [無修正]]-[モスキートマン]-[['全彩', '短篇', '人妻']]-[total_pages:42]
2026-09-25 01:28:04 - mkk_pika - main.py:49 - INFO - [{'_id': '5cf638999791d95e1f7e4cc8', 'title': '第1集', 'order': 1, 'updated_at': '2019-06-04T07:19:44.996Z', 'id': '5cf638999791d95e1f7e4cc8'}]
2026-09-25 01:28:04 - mkk_pika - database.py:215 - INFO - 第一次下载该漫画，记录数据库中
2026-09-25 01:28:05 - mkk_pika - main.py:83 - INFO - 找到 42 张图片在:第1集
2026-09-25 01:28:07 - mkk_pika - main.py:112 - INFO - [episode:第1集       ] downloaded:    42, total:  42, progress:100%
2026-09-25 01:28:07 - mkk_pika - database.py:238 - INFO - 数据库更新已下载章节
2026-09-25 01:28:07 - mkk_pika - database.py:244 - INFO - 该漫画已下载章节如下
2026-09-25 01:28:07 - mkk_pika - database.py:245 - INFO - ['第1集']
2026-09-25 01:28:08 - mkk_pika - main.py:348 - INFO - ==================== 漫画信息 ====================
                                   漫画ID：5cf638999791d95e1f7e4cc7
                                   标题：温泉宿♨でチャラ男に喰われたむち♡むち♡母ちゃん。 [中国翻訳] [無修正]
                                   作者：モスキートマン
                                   是否完结：是
                                   总页数：42
                                   分类：全彩,短篇,人妻
                                   章节数：1
                                   最后更新时间：2019-06-04T09:23:37.577Z
                                   =================================================
2026-09-25 01:28:08 - mkk_pika - database.py:101 - INFO - 保存成功：温泉宿♨でチャラ男に喰われたむち♡むち♡母ちゃん。 [中国翻訳] [無修正]
2026-09-25 01:28:08 - mkk_pika - main.py:35 - INFO - 开始检查(COMIC1☆11)  日曜×同人 (化物語)是否存在未下载章节
2026-09-25 01:28:08 - mkk_pika - main.py:45 - INFO - 正在下载:[(COMIC1☆11)  日曜×同人 (化物語)]-[RADIOSTAR (工藤洋)]-[['短篇', '同人', 'NTR']]-[total_pages:20]
2026-09-25 01:28:08 - mkk_pika - main.py:49 - INFO - [{'_id': '5cf63932c19a885e13c60667', 'title': '第1集', 'order': 1, 'updated_at': '2019-06-04T08:35:51.898Z', 'id': '5cf63932c19a885e13c60667'}]
2026-09-25 01:28:08 - mkk_pika - database.py:215 - INFO - 第一次下载该漫画，记录数据库中
2026-09-25 01:28:09 - mkk_pika - main.py:83 - INFO - 找到 20 张图片在:第1集
2026-09-25 01:28:10 - mkk_pika - main.py:112 - INFO - [episode:第1集       ] downloaded:    20, total:  20, progress:100%
2026-09-25 01:28:10 - mkk_pika - database.py:238 - INFO - 数据库更新已下载章节
2026-09-25 01:28:10 - mkk_pika - database.py:244 - INFO - 该漫画已下载章节如下
2026-09-25 01:28:10 - mkk_pika - database.py:245 - INFO - ['第1集']
2026-09-25 01:28:11 - mkk_pika - main.py:348 - INFO - ==================== 漫画信息 ====================
                                   漫画ID：5cf63932c19a885e13c60666
                                   标题：(COMIC1☆11)  日曜×同人 (化物語)
                                   作者：RADIOSTAR (工藤洋)
                                   是否完结：是
                                   总页数：20
                                   分类：短篇,同人,NTR
                                   章节数：1
                                   最后更新时间：2019-06-04T09:26:10.664Z
                                   =================================================
2026-09-25 01:28:11 - mkk_pika - database.py:101 - INFO - 保存成功：(COMIC1☆11)  日曜×同人 (化物語)
2026-09-25 01:28:11 - mkk_pika - main.py:35 - INFO - 开始检查(C95)  美波だって誘惑しますよ? (アイドルマスター シンデレラガールズ)[中国翻訳]是否存在未下载章节
2026-09-25 01:28:12 - mkk_pika - main.py:45 - INFO - 正在下载:[(C95)  美波だって誘惑しますよ? (アイドルマスター シンデレラガールズ)[中国翻訳]]-[てろめあな (ぐすたふ)]-[['短篇', '同人', '純愛']]-[total_pages:71]
2026-09-25 01:28:12 - mkk_pika - main.py:49 - INFO - [{'_id': '5cf6394d5836025e0b0df1b5', 'title': '第1集', 'order': 1, 'updated_at': '2019-06-04T09:03:22.555Z', 'id': '5cf6394d5836025e0b0df1b5'}]
2026-09-25 01:28:12 - mkk_pika - database.py:215 - INFO - 第一次下载该漫画，记录数据库中
2026-09-25 01:28:12 - mkk_pika - main.py:83 - INFO - 找到 71 张图片在:第1集
2026-09-25 01:28:15 - mkk_pika - main.py:112 - INFO - [episode:第1集       ] downloaded:    71, total:  71, progress:100%
2026-09-25 01:28:15 - mkk_pika - database.py:238 - INFO - 数据库更新已下载章节
2026-09-25 01:28:15 - mkk_pika - database.py:244 - INFO - 该漫画已下载章节如下
2026-09-25 01:28:15 - mkk_pika - database.py:245 - INFO - ['第1集']
2026-09-25 01:28:16 - mkk_pika - main.py:348 - INFO - ==================== 漫画信息 ====================
                                   漫画ID：5cf6394d5836025e0b0df1b4
                                   标题：(C95)  美波だって誘惑しますよ? (アイドルマスター シンデレラガールズ)[中国翻訳]
                                   作者：てろめあな (ぐすたふ)
                                   是否完结：是
                                   总页数：71
                                   分类：短篇,同人,純愛
                                   章节数：1
                                   最后更新时间：2019-06-04T09:26:37.959Z
                                   =================================================
2026-09-25 01:28:16 - mkk_pika - database.py:101 - INFO - 保存成功：(C95)  美波だって誘惑しますよ? (アイドルマスター シンデレラガールズ)[中国翻訳]
2026-09-25 01:28:16 - mkk_pika - main.py:35 - INFO - 开始检查(秋季例大祭4)  東方臭いフェチ合同誌 ～臭気例大祭～幽雅に臭え、乙女の臭い-Border of smell- (東方Project)是否存在未下载章节
2026-09-25 01:28:17 - mkk_pika - main.py:45 - INFO - 正在下载:[(秋季例大祭4)  東方臭いフェチ合同誌 ～臭気例大祭～幽雅に臭え、乙女の臭い-Border of smell- (東方Project)]-[汐留project (よろず)]-[['短篇', '同人', '足の恋', '東方']]-[total_pages:158]
2026-09-25 01:28:17 - mkk_pika - main.py:49 - INFO - [{'_id': '5cf661ab9b08af5e2db70e53', 'title': '第1集', 'order': 1, 'updated_at': '2019-06-04T09:49:48.034Z', 'id': '5cf661ab9b08af5e2db70e53'}]
2026-09-25 01:28:17 - mkk_pika - database.py:215 - INFO - 第一次下载该漫画，记录数据库中
2026-09-25 01:28:18 - mkk_pika - main.py:83 - INFO - 找到 158 张图片在:第1集
2026-09-25 01:28:25 - mkk_pika - main.py:112 - INFO - [episode:第1集       ] downloaded:   158, total: 158, progress:100%
2026-09-25 01:28:25 - mkk_pika - database.py:238 - INFO - 数据库更新已下载章节
2026-09-25 01:28:25 - mkk_pika - database.py:244 - INFO - 该漫画已下载章节如下
2026-09-25 01:28:25 - mkk_pika - database.py:245 - INFO - ['第1集']
2026-09-25 01:28:26 - mkk_pika - main.py:348 - INFO - ==================== 漫画信息 ====================
                                   漫画ID：5cf661ab9b08af5e2db70e52
                                   标题：(秋季例大祭4)  東方臭いフェチ合同誌 ～臭気例大祭～幽雅に臭え、乙女の臭い-Border of smell- (東方Project)
                                   作者：汐留project (よろず)
                                   是否完结：是
                                   总页数：158
                                   分类：短篇,同人,足の恋,東方
                                   章节数：1
                                   最后更新时间：2019-06-04T12:18:51.894Z
                                   =================================================
2026-09-25 01:28:26 - mkk_pika - database.py:101 - INFO - 保存成功：(秋季例大祭4)  東方臭いフェチ合同誌 ～臭気例大祭～幽雅に臭え、乙女の臭い-Border of smell- (東方Project)
2026-09-25 01:28:26 - mkk_pika - main.py:35 - INFO - 开始检查(C91)  たまに甘やかしてくれたらいいよ (ラブライブ!)[中国翻訳]是否存在未下载章节
2026-09-25 01:28:26 - mkk_pika - main.py:45 - INFO - 正在下载:[(C91)  たまに甘やかしてくれたらいいよ (ラブライブ!)[中国翻訳]]-[ファイヤーワークス (秋太郎)]-[['短篇', '同人', '百合花園', 'Love Live']]-[total_pages:38]
2026-09-25 01:28:26 - mkk_pika - main.py:49 - INFO - [{'_id': '5cf661c35836025e0b0df379', 'title': '第1集', 'order': 1, 'updated_at': '2019-06-04T10:34:46.102Z', 'id': '5cf661c35836025e0b0df379'}]
2026-09-25 01:28:26 - mkk_pika - database.py:215 - INFO - 第一次下载该漫画，记录数据库中
2026-09-25 01:28:27 - mkk_pika - main.py:83 - INFO - 找到 38 张图片在:第1集
2026-09-25 01:28:28 - mkk_pika - main.py:112 - INFO - [episode:第1集       ] downloaded:    38, total:  38, progress:100%
2026-09-25 01:28:28 - mkk_pika - database.py:238 - INFO - 数据库更新已下载章节
2026-09-25 01:28:28 - mkk_pika - database.py:244 - INFO - 该漫画已下载章节如下
2026-09-25 01:28:28 - mkk_pika - database.py:245 - INFO - ['第1集']
2026-09-25 01:28:30 - mkk_pika - main.py:348 - INFO - ==================== 漫画信息 ====================
                                   漫画ID：5cf661c35836025e0b0df378
                                   标题：(C91)  たまに甘やかしてくれたらいいよ (ラブライブ!)[中国翻訳]
                                   作者：ファイヤーワークス (秋太郎)
                                   是否完结：否
                                   总页数：38
                                   分类：短篇,同人,百合花園,Love Live
                                   章节数：1
                                   最后更新时间：2019-06-04T12:19:15.690Z
                                   =================================================
2026-09-25 01:28:30 - mkk_pika - database.py:101 - INFO - 保存成功：(C91)  たまに甘やかしてくれたらいいよ (ラブライブ!)[中国翻訳]
2026-09-25 01:28:30 - mkk_pika - main.py:35 - INFO - 开始检查Milky Memory 乳白色的淫靡記憶是否存在未下载章节
2026-09-25 01:28:30 - mkk_pika - main.py:45 - INFO - 正在下载:[Milky Memory 乳白色的淫靡記憶]-[鈴玉レンリ]-[['長篇', '短篇', '純愛', '單行本', '姐姐系', '妹妹系']]-[total_pages:206]
2026-09-25 01:28:30 - mkk_pika - main.py:49 - INFO - [{'_id': '5cf661d89b08af5e2db70ef3', 'title': '淫靡的乳白色記憶單行本', 'order': 1, 'updated_at': '2019-05-29T17:07:30.723Z', 'id': '5cf661d89b08af5e2db70ef3'}]
2026-09-25 01:28:30 - mkk_pika - database.py:215 - INFO - 第一次下载该漫画，记录数据库中
2026-09-25 01:28:33 - mkk_pika - main.py:83 - INFO - 找到 206 张图片在:淫靡的乳白色記憶單行本
2026-09-25 01:28:39 - mkk_pika - main.py:112 - INFO - [episode:淫靡的乳白色記憶單行本] downloaded:   206, total: 206, progress:100%
2026-09-25 01:28:39 - mkk_pika - database.py:238 - INFO - 数据库更新已下载章节
2026-09-25 01:28:39 - mkk_pika - database.py:244 - INFO - 该漫画已下载章节如下
2026-09-25 01:28:39 - mkk_pika - database.py:245 - INFO - ['淫靡的乳白色記憶單行本']
2026-09-25 01:28:41 - mkk_pika - main.py:348 - INFO - ==================== 漫画信息 ====================
                                   漫画ID：5cf661d89b08af5e2db70ef2
                                   标题：Milky Memory 乳白色的淫靡記憶
                                   作者：鈴玉レンリ
                                   是否完结：是
                                   总页数：206
                                   分类：長篇,短篇,純愛,單行本,姐姐系,妹妹系
                                   章节数：1
                                   最后更新时间：2019-06-04T12:19:36.512Z
                                   =================================================
2026-09-25 01:28:41 - mkk_pika - database.py:101 - INFO - 保存成功：Milky Memory 乳白色的淫靡記憶
2026-09-25 01:28:41 - mkk_pika - main.py:35 - INFO - 开始检查放課後の個人授業 [中国翻訳]是否存在未下载章节
2026-09-25 01:28:41 - mkk_pika - main.py:45 - INFO - 正在下载:[放課後の個人授業 [中国翻訳]]-[おちこち亭 (唯乃くしゃみ)]-[['短篇']]-[total_pages:24]
2026-09-25 01:28:41 - mkk_pika - main.py:49 - INFO - [{'_id': '5cf661ef5836025e0b0df3a1', 'title': '第1集', 'order': 1, 'updated_at': '2019-06-04T11:35:15.103Z', 'id': '5cf661ef5836025e0b0df3a1'}]
2026-09-25 01:28:41 - mkk_pika - database.py:215 - INFO - 第一次下载该漫画，记录数据库中
2026-09-25 01:28:41 - mkk_pika - main.py:83 - INFO - 找到 24 张图片在:第1集
2026-09-25 01:28:43 - mkk_pika - main.py:112 - INFO - [episode:第1集       ] downloaded:    24, total:  24, progress:100%
2026-09-25 01:28:43 - mkk_pika - database.py:238 - INFO - 数据库更新已下载章节
2026-09-25 01:28:43 - mkk_pika - database.py:244 - INFO - 该漫画已下载章节如下
2026-09-25 01:28:43 - mkk_pika - database.py:245 - INFO - ['第1集']
2026-09-25 01:28:44 - mkk_pika - main.py:348 - INFO - ==================== 漫画信息 ====================
                                   漫画ID：5cf661ef5836025e0b0df3a0
                                   标题：放課後の個人授業 [中国翻訳]
                                   作者：おちこち亭 (唯乃くしゃみ)
                                   是否完结：是
                                   总页数：24
                                   分类：短篇
                                   章节数：1
                                   最后更新时间：2019-06-04T12:19:59.579Z
                                   =================================================
2026-09-25 01:28:44 - mkk_pika - database.py:101 - INFO - 保存成功：放課後の個人授業 [中国翻訳]
2026-09-25 01:28:44 - mkk_pika - main.py:35 - INFO - 开始检查 月が綺麗ですね。 (月ノ美兎)是否存在未下载章节
2026-09-25 01:28:45 - mkk_pika - main.py:45 - INFO - 正在下载:[ 月が綺麗ですね。 (月ノ美兎)]-[にしん三振 (ニシン)]-[['短篇', '同人', '扶他樂園']]-[total_pages:30]
2026-09-25 01:28:45 - mkk_pika - main.py:49 - INFO - [{'_id': '5cf6620b9791d95e1f7e4ef0', 'title': '第1集', 'order': 1, 'updated_at': '2019-06-04T11:54:28.268Z', 'id': '5cf6620b9791d95e1f7e4ef0'}]
2026-09-25 01:28:45 - mkk_pika - database.py:215 - INFO - 第一次下载该漫画，记录数据库中
2026-09-25 01:28:45 - mkk_pika - main.py:83 - INFO - 找到 30 张图片在:第1集
2026-09-25 01:28:46 - mkk_pika - main.py:112 - INFO - [episode:第1集       ] downloaded:    30, total:  30, progress:100%
2026-09-25 01:28:46 - mkk_pika - database.py:238 - INFO - 数据库更新已下载章节
2026-09-25 01:28:46 - mkk_pika - database.py:244 - INFO - 该漫画已下载章节如下
2026-09-25 01:28:46 - mkk_pika - database.py:245 - INFO - ['第1集']
2026-09-25 01:28:48 - mkk_pika - main.py:348 - INFO - ==================== 漫画信息 ====================
                                   漫画ID：5cf6620b9791d95e1f7e4eef
                                   标题： 月が綺麗ですね。 (月ノ美兎)
                                   作者：にしん三振 (ニシン)
                                   是否完结：是
                                   总页数：30
                                   分类：短篇,同人,扶他樂園
                                   章节数：1
                                   最后更新时间：2019-06-04T12:20:27.879Z
                                   =================================================
2026-09-25 01:28:48 - mkk_pika - database.py:101 - INFO - 保存成功： 月が綺麗ですね。 (月ノ美兎)
2026-09-25 01:28:48 - mkk_pika - main.py:35 - INFO - 开始检查泡のお姫様/泡泡的公主大人是否存在未下载章节
2026-09-25 01:28:48 - mkk_pika - main.py:45 - INFO - 正在下载:[泡のお姫様/泡泡的公主大人]-[木谷椎]-[['單行本']]-[total_pages:209]
2026-09-25 01:28:48 - mkk_pika - main.py:49 - INFO - [{'_id': '5cf72ef04d989203d7fcbf26', 'title': 'A', 'order': 1, 'updated_at': '2019-06-04T12:44:17.553Z', 'id': '5cf72ef04d989203d7fcbf26'}, {'_id': '5cf72ef04d989203d7fcbf27', 'title': 'B', 'order': 2, 'updated_at': '2019-06-04T12:45:14.651Z', 'id': '5cf72ef04d989203d7fcbf27'}]
2026-09-25 01:28:48 - mkk_pika - database.py:215 - INFO - 第一次下载该漫画，记录数据库中
2026-09-25 01:28:50 - mkk_pika - main.py:83 - INFO - 找到 201 张图片在:A
2026-09-25 01:28:56 - mkk_pika - main.py:112 - INFO - [episode:A         ] downloaded:   201, total: 201, progress:100%
2026-09-25 01:28:56 - mkk_pika - database.py:238 - INFO - 数据库更新已下载章节
2026-09-25 01:28:56 - mkk_pika - database.py:244 - INFO - 该漫画已下载章节如下
2026-09-25 01:28:56 - mkk_pika - database.py:245 - INFO - ['A']
2026-09-25 01:28:58 - mkk_pika - main.py:83 - INFO - 找到 8 张图片在:B
2026-09-25 01:28:58 - mkk_pika - main.py:112 - INFO - [episode:B         ] downloaded:     8, total:   8, progress:100%
2026-09-25 01:28:58 - mkk_pika - database.py:238 - INFO - 数据库更新已下载章节
2026-09-25 01:28:58 - mkk_pika - database.py:244 - INFO - 该漫画已下载章节如下
2026-09-25 01:28:58 - mkk_pika - database.py:245 - INFO - ['A', 'B']
2026-09-25 01:28:59 - mkk_pika - main.py:348 - INFO - ==================== 漫画信息 ====================
                                   漫画ID：5cf72ef04d989203d7fcbf25
                                   标题：泡のお姫様/泡泡的公主大人
                                   作者：木谷椎
                                   是否完结：否
                                   总页数：209
                                   分类：單行本
                                   章节数：2
                                   最后更新时间：2019-06-05T02:54:40.176Z
                                   =================================================
2026-09-25 01:28:59 - mkk_pika - database.py:101 - INFO - 保存成功：泡のお姫様/泡泡的公主大人
2026-09-25 01:28:59 - mkk_pika - main.py:35 - INFO - 开始检查皮り身の針是否存在未下载章节
2026-09-25 01:29:00 - mkk_pika - main.py:45 - INFO - 正在下载:[皮り身の針]-[ちろたた]-[['短篇', '姐姐系', '性轉換']]-[total_pages:85]
2026-09-25 01:29:00 - mkk_pika - main.py:49 - INFO - [{'_id': '5cf72f4a1bc14703c53af47d', 'title': '第1集', 'order': 1, 'updated_at': '2019-07-21T19:07:05.332Z', 'id': '5cf72f4a1bc14703c53af47d'}, {'_id': '5cf72f4a1bc14703c53af47e', 'title': '喪失之城3', 'order': 2, 'updated_at': '2019-06-04T13:36:32.615Z', 'id': '5cf72f4a1bc14703c53af47e'}, {'_id': '5cf72f4a1bc14703c53af47f', 'title': '道殤5-7', 'order': 3, 'updated_at': '2019-06-04T13:37:11.047Z', 'id': '5cf72f4a1bc14703c53af47f'}]
2026-09-25 01:29:00 - mkk_pika - database.py:215 - INFO - 第一次下载该漫画，记录数据库中
2026-09-25 01:29:00 - mkk_pika - main.py:83 - INFO - 找到 22 张图片在:第1集
2026-09-25 01:29:01 - mkk_pika - main.py:112 - INFO - [episode:第1集       ] downloaded:    22, total:  22, progress:100%
2026-09-25 01:29:01 - mkk_pika - database.py:238 - INFO - 数据库更新已下载章节
2026-09-25 01:29:01 - mkk_pika - database.py:244 - INFO - 该漫画已下载章节如下
2026-09-25 01:29:01 - mkk_pika - database.py:245 - INFO - ['第1集']
2026-09-25 01:29:03 - mkk_pika - main.py:83 - INFO - 找到 15 张图片在:喪失之城3
2026-09-25 01:29:03 - mkk_pika - main.py:112 - INFO - [episode:喪失之城3     ] downloaded:    15, total:  15, progress:100%
2026-09-25 01:29:03 - mkk_pika - database.py:238 - INFO - 数据库更新已下载章节
2026-09-25 01:29:03 - mkk_pika - database.py:244 - INFO - 该漫画已下载章节如下
2026-09-25 01:29:03 - mkk_pika - database.py:245 - INFO - ['第1集', '喪失之城3']
2026-09-25 01:29:05 - mkk_pika - main.py:83 - INFO - 找到 48 张图片在:道殤5－7
2026-09-25 01:29:06 - mkk_pika - main.py:112 - INFO - [episode:道殤5-7     ] downloaded:    48, total:  48, progress:100%
2026-09-25 01:29:06 - mkk_pika - database.py:238 - INFO - 数据库更新已下载章节
2026-09-25 01:29:06 - mkk_pika - database.py:244 - INFO - 该漫画已下载章节如下
2026-09-25 01:29:06 - mkk_pika - database.py:245 - INFO - ['第1集', '喪失之城3', '道殤5-7']
2026-09-25 01:29:08 - mkk_pika - main.py:348 - INFO - ==================== 漫画信息 ====================
                                   漫画ID：5cf72f4a1bc14703c53af47c
                                   标题：皮り身の針
                                   作者：ちろたた
                                   是否完结：是
                                   总页数：85
                                   分类：短篇,姐姐系,性轉換
                                   章节数：3
                                   最后更新时间：2019-06-05T02:56:10.502Z
                                   =================================================
2026-09-25 01:29:08 - mkk_pika - database.py:101 - INFO - 保存成功：皮り身の針
2026-09-25 01:29:08 - mkk_pika - main.py:35 - INFO - 开始检查えんちゅー娘是否存在未下载章节
2026-09-25 01:29:08 - mkk_pika - main.py:45 - INFO - 正在下载:[えんちゅー娘]-[昭嶋しゅん]-[['單行本']]-[total_pages:212]
2026-09-25 01:29:08 - mkk_pika - main.py:49 - INFO - [{'_id': '5cf7317460705403ded8cdb6', 'title': '1集', 'order': 1, 'updated_at': '2019-06-04T13:25:31.049Z', 'id': '5cf7317460705403ded8cdb6'}]
2026-09-25 01:29:08 - mkk_pika - database.py:215 - INFO - 第一次下载该漫画，记录数据库中
2026-09-25 01:29:10 - mkk_pika - main.py:83 - INFO - 找到 212 张图片在:1集
2026-09-25 01:29:19 - mkk_pika - main.py:112 - INFO - [episode:1集        ] downloaded:   212, total: 212, progress:100%
2026-09-25 01:29:19 - mkk_pika - database.py:238 - INFO - 数据库更新已下载章节
2026-09-25 01:29:19 - mkk_pika - database.py:244 - INFO - 该漫画已下载章节如下
2026-09-25 01:29:19 - mkk_pika - database.py:245 - INFO - ['1集']
2026-09-25 01:29:20 - mkk_pika - main.py:348 - INFO - ==================== 漫画信息 ====================
                                   漫画ID：5cf7317460705403ded8cdb5
                                   标题：えんちゅー娘
                                   作者：昭嶋しゅん
                                   是否完结：否
                                   总页数：212
                                   分类：單行本
                                   章节数：1
                                   最后更新时间：2019-06-05T03:05:24.306Z
                                   =================================================
2026-09-25 01:29:20 - mkk_pika - database.py:101 - INFO - 保存成功：えんちゅー娘
2026-09-25 01:29:20 - mkk_pika - main.py:35 - INFO - 开始检查サポ待ち少女/等待援交少女是否存在未下载章节
2026-09-25 01:29:20 - mkk_pika - main.py:45 - INFO - 正在下载:[サポ待ち少女/等待援交少女]-[昭嶋しゅん]-[['單行本']]-[total_pages:423]
2026-09-25 01:29:20 - mkk_pika - main.py:49 - INFO - [{'_id': '5cf731b71bc14703c53af4f9', 'title': '1集', 'order': 1, 'updated_at': '2019-06-04T14:21:45.810Z', 'id': '5cf731b71bc14703c53af4f9'}]
2026-09-25 01:29:20 - mkk_pika - database.py:215 - INFO - 第一次下载该漫画，记录数据库中
2026-09-25 01:29:24 - mkk_pika - main.py:83 - INFO - 找到 423 张图片在:1集
2026-09-25 01:29:41 - mkk_pika - main.py:112 - INFO - [episode:1集        ] downloaded:   423, total: 423, progress:100%
2026-09-25 01:29:41 - mkk_pika - database.py:238 - INFO - 数据库更新已下载章节
2026-09-25 01:29:41 - mkk_pika - database.py:244 - INFO - 该漫画已下载章节如下
2026-09-25 01:29:41 - mkk_pika - database.py:245 - INFO - ['1集']
2026-09-25 01:29:42 - mkk_pika - main.py:348 - INFO - ==================== 漫画信息 ====================
                                   漫画ID：5cf731b71bc14703c53af4f8
                                   标题：サポ待ち少女/等待援交少女
                                   作者：昭嶋しゅん
                                   是否完结：否
                                   总页数：423
                                   分类：單行本
                                   章节数：1
                                   最后更新时间：2019-06-05T03:06:31.090Z
                                   =================================================
2026-09-25 01:29:42 - mkk_pika - database.py:101 - INFO - 保存成功：サポ待ち少女/等待援交少女
2026-09-25 01:29:42 - mkk_pika - main.py:35 - INFO - 开始检查妈妈的红头发(续)是否存在未下载章节
2026-09-25 01:29:43 - mkk_pika - main.py:45 - INFO - 正在下载:[妈妈的红头发(续)]-[悠悠奇侠]-[['短篇', '同人', '全彩', '人妻', 'NTR']]-[total_pages:25]
2026-09-25 01:29:43 - mkk_pika - main.py:49 - INFO - [{'_id': '5cf7322ff590d403cab20c13', 'title': '第1集', 'order': 1, 'updated_at': '2019-06-05T12:20:19.596Z', 'id': '5cf7322ff590d403cab20c13'}]
2026-09-25 01:29:43 - mkk_pika - database.py:215 - INFO - 第一次下载该漫画，记录数据库中
2026-09-25 01:29:43 - mkk_pika - main.py:83 - INFO - 找到 25 张图片在:第1集
2026-09-25 01:29:44 - mkk_pika - main.py:112 - INFO - [episode:第1集       ] downloaded:    25, total:  25, progress:100%
2026-09-25 01:29:44 - mkk_pika - database.py:238 - INFO - 数据库更新已下载章节
2026-09-25 01:29:44 - mkk_pika - database.py:244 - INFO - 该漫画已下载章节如下
2026-09-25 01:29:44 - mkk_pika - database.py:245 - INFO - ['第1集']
2026-09-25 01:29:45 - mkk_pika - main.py:348 - INFO - ==================== 漫画信息 ====================
                                   漫画ID：5cf7322ff590d403cab20c12
                                   标题：妈妈的红头发(续)
                                   作者：悠悠奇侠
                                   是否完结：否
                                   总页数：25
                                   分类：短篇,同人,全彩,人妻,NTR
                                   章节数：1
                                   最后更新时间：2019-06-05T03:08:31.264Z
                                   =================================================
2026-09-25 01:29:45 - mkk_pika - database.py:101 - INFO - 保存成功：妈妈的红头发(续)
2026-09-25 01:29:45 - mkk_pika - main.py:35 - INFO - 开始检查(COMIC1☆15)  ねこみみ☆アタッチメント (少女前線) [中国翻訳]是否存在未下载章节
2026-09-25 01:29:46 - mkk_pika - main.py:45 - INFO - 正在下载:[(COMIC1☆15)  ねこみみ☆アタッチメント (少女前線) [中国翻訳]]-[ぞんびと愉快な仲間たち (すーぱーぞんび)]-[['短篇', '同人']]-[total_pages:14]
2026-09-25 01:29:46 - mkk_pika - main.py:49 - INFO - [{'_id': '5cf732604d989203d7fcc31a', 'title': '第1集', 'order': 1, 'updated_at': '2019-06-04T15:11:16.565Z', 'id': '5cf732604d989203d7fcc31a'}]
2026-09-25 01:29:46 - mkk_pika - database.py:215 - INFO - 第一次下载该漫画，记录数据库中
2026-09-25 01:29:46 - mkk_pika - main.py:83 - INFO - 找到 14 张图片在:第1集
2026-09-25 01:29:47 - mkk_pika - main.py:112 - INFO - [episode:第1集       ] downloaded:    14, total:  14, progress:100%
2026-09-25 01:29:47 - mkk_pika - database.py:238 - INFO - 数据库更新已下载章节
2026-09-25 01:29:47 - mkk_pika - database.py:244 - INFO - 该漫画已下载章节如下
2026-09-25 01:29:47 - mkk_pika - database.py:245 - INFO - ['第1集']
2026-09-25 01:29:48 - mkk_pika - main.py:348 - INFO - ==================== 漫画信息 ====================
                                   漫画ID：5cf732604d989203d7fcc319
                                   标题：(COMIC1☆15)  ねこみみ☆アタッチメント (少女前線) [中国翻訳]
                                   作者：ぞんびと愉快な仲間たち (すーぱーぞんび)
                                   是否完结：是
                                   总页数：14
                                   分类：短篇,同人
                                   章节数：1
                                   最后更新时间：2019-06-05T03:09:20.950Z
                                   =================================================
2026-09-25 01:29:48 - mkk_pika - database.py:101 - INFO - 保存成功：(COMIC1☆15)  ねこみみ☆アタッチメント (少女前線) [中国翻訳]
2026-09-25 01:29:48 - mkk_pika - main.py:35 - INFO - 开始检查(ふたけっと12.5)  ふたなり天子ちゃんに踏まれて掘られる本 (東方Project) [中国翻訳]是否存在未下载章节
2026-09-25 01:29:48 - mkk_pika - main.py:45 - INFO - 正在下载:[(ふたけっと12.5)  ふたなり天子ちゃんに踏まれて掘られる本 (東方Project) [中国翻訳]]-[Mebiusの環 (Nyx)]-[['同人', '短篇', '扶他樂園', '足の恋', '東方']]-[total_pages:28]
2026-09-25 01:29:48 - mkk_pika - main.py:49 - INFO - [{'_id': '5cf732c01bc14703c53af6d1', 'title': '第1集', 'order': 1, 'updated_at': '2019-06-04T15:27:09.979Z', 'id': '5cf732c01bc14703c53af6d1'}]
2026-09-25 01:29:48 - mkk_pika - database.py:215 - INFO - 第一次下载该漫画，记录数据库中
2026-09-25 01:29:49 - mkk_pika - main.py:83 - INFO - 找到 28 张图片在:第1集
2026-09-25 01:29:50 - mkk_pika - main.py:112 - INFO - [episode:第1集       ] downloaded:    28, total:  28, progress:100%
2026-09-25 01:29:50 - mkk_pika - database.py:238 - INFO - 数据库更新已下载章节
2026-09-25 01:29:50 - mkk_pika - database.py:244 - INFO - 该漫画已下载章节如下
2026-09-25 01:29:50 - mkk_pika - database.py:245 - INFO - ['第1集']
2026-09-25 01:29:51 - mkk_pika - main.py:348 - INFO - ==================== 漫画信息 ====================
                                   漫画ID：5cf732c01bc14703c53af6d0
                                   标题：(ふたけっと12.5)  ふたなり天子ちゃんに踏まれて掘られる本 (東方Project) [中国翻訳]
                                   作者：Mebiusの環 (Nyx)
                                   是否完结：是
                                   总页数：28
                                   分类：同人,短篇,扶他樂園,足の恋,東方
                                   章节数：1
                                   最后更新时间：2019-06-05T03:10:56.098Z
                                   =================================================
2026-09-25 01:29:51 - mkk_pika - database.py:101 - INFO - 保存成功：(ふたけっと12.5)  ふたなり天子ちゃんに踏まれて掘られる本 (東方Project) [中国翻訳]
2026-09-25 01:29:51 - mkk_pika - main.py:35 - INFO - 开始检查 痴女教師に童貞汁を奪われて [中国翻訳]是否存在未下载章节
2026-09-25 01:29:51 - mkk_pika - main.py:45 - INFO - 正在下载:[ 痴女教師に童貞汁を奪われて [中国翻訳]]-[おちこち亭 (唯乃くしゃみ)]-[['短篇']]-[total_pages:27]
2026-09-25 01:29:51 - mkk_pika - main.py:49 - INFO - [{'_id': '5cf732dc60705403ded8cf78', 'title': '第1集', 'order': 1, 'updated_at': '2019-06-04T16:56:48.347Z', 'id': '5cf732dc60705403ded8cf78'}]
2026-09-25 01:29:51 - mkk_pika - database.py:215 - INFO - 第一次下载该漫画，记录数据库中
2026-09-25 01:29:52 - mkk_pika - main.py:83 - INFO - 找到 27 张图片在:第1集
2026-09-25 01:29:53 - mkk_pika - main.py:112 - INFO - [episode:第1集       ] downloaded:    27, total:  27, progress:100%
2026-09-25 01:29:53 - mkk_pika - database.py:238 - INFO - 数据库更新已下载章节
2026-09-25 01:29:53 - mkk_pika - database.py:244 - INFO - 该漫画已下载章节如下
2026-09-25 01:29:53 - mkk_pika - database.py:245 - INFO - ['第1集']
2026-09-25 01:29:54 - mkk_pika - main.py:348 - INFO - ==================== 漫画信息 ====================
                                   漫画ID：5cf732dc60705403ded8cf77
                                   标题： 痴女教師に童貞汁を奪われて [中国翻訳]
                                   作者：おちこち亭 (唯乃くしゃみ)
                                   是否完结：是
                                   总页数：27
                                   分类：短篇
                                   章节数：1
                                   最后更新时间：2019-06-05T03:11:24.824Z
                                   =================================================
2026-09-25 01:29:54 - mkk_pika - database.py:101 - INFO - 保存成功： 痴女教師に童貞汁を奪われて [中国翻訳]
2026-09-25 01:29:54 - mkk_pika - main.py:35 - INFO - 开始检查(COMIC1☆15) private ~episode arisa (BanG Dream!) [中国翻訳]是否存在未下载章节
2026-09-25 01:29:55 - mkk_pika - main.py:45 - INFO - 正在下载:[(COMIC1☆15) private ~episode arisa (BanG Dream!) [中国翻訳]]-[すみっこの王様 (すみおー)]-[['短篇', '純愛', '同人']]-[total_pages:21]
2026-09-25 01:29:55 - mkk_pika - main.py:49 - INFO - [{'_id': '5cf7333560705403ded8cfb3', 'title': '第1集', 'order': 1, 'updated_at': '2019-06-04T18:04:58.541Z', 'id': '5cf7333560705403ded8cfb3'}]
2026-09-25 01:29:55 - mkk_pika - database.py:215 - INFO - 第一次下载该漫画，记录数据库中
2026-09-25 01:29:56 - mkk_pika - main.py:83 - INFO - 找到 21 张图片在:第1集
2026-09-25 01:29:57 - mkk_pika - main.py:112 - INFO - [episode:第1集       ] downloaded:    21, total:  21, progress:100%
2026-09-25 01:29:57 - mkk_pika - database.py:238 - INFO - 数据库更新已下载章节
2026-09-25 01:29:57 - mkk_pika - database.py:244 - INFO - 该漫画已下载章节如下
2026-09-25 01:29:57 - mkk_pika - database.py:245 - INFO - ['第1集']
2026-09-25 01:29:58 - mkk_pika - main.py:348 - INFO - ==================== 漫画信息 ====================
                                   漫画ID：5cf7333560705403ded8cfb2
                                   标题：(COMIC1☆15) private ~episode arisa (BanG Dream!) [中国翻訳]
                                   作者：すみっこの王様 (すみおー)
                                   是否完结：是
                                   总页数：21
                                   分类：短篇,純愛,同人
                                   章节数：1
                                   最后更新时间：2019-06-05T03:12:53.581Z
                                   =================================================
2026-09-25 01:29:58 - mkk_pika - database.py:101 - INFO - 保存成功：(COMIC1☆15) private ~episode arisa (BanG Dream!) [中国翻訳]
2026-09-25 01:29:58 - mkk_pika - main.py:35 - INFO - 开始检查母と息子の姦美な調教講座 2 [中国翻訳]是否存在未下载章节
2026-09-25 01:29:58 - mkk_pika - main.py:45 - INFO - 正在下载:[母と息子の姦美な調教講座 2 [中国翻訳]]-[鬼窪浩久、滝れーき]-[['長篇', '人妻', 'SM']]-[total_pages:206]
2026-09-25 01:29:58 - mkk_pika - main.py:49 - INFO - [{'_id': '5cf7335460705403ded8cfca', 'title': '第1集', 'order': 1, 'updated_at': '2019-06-04T17:37:41.334Z', 'id': '5cf7335460705403ded8cfca'}]
2026-09-25 01:29:58 - mkk_pika - database.py:215 - INFO - 第一次下载该漫画，记录数据库中
2026-09-25 01:30:00 - mkk_pika - main.py:83 - INFO - 找到 206 张图片在:第1集
2026-09-25 01:30:10 - mkk_pika - main.py:112 - INFO - [episode:第1集       ] downloaded:   206, total: 206, progress:100%
2026-09-25 01:30:10 - mkk_pika - database.py:238 - INFO - 数据库更新已下载章节
2026-09-25 01:30:10 - mkk_pika - database.py:244 - INFO - 该漫画已下载章节如下
2026-09-25 01:30:10 - mkk_pika - database.py:245 - INFO - ['第1集']
2026-09-25 01:30:11 - mkk_pika - main.py:348 - INFO - ==================== 漫画信息 ====================
                                   漫画ID：5cf7335460705403ded8cfc9
                                   标题：母と息子の姦美な調教講座 2 [中国翻訳]
                                   作者：鬼窪浩久、滝れーき
                                   是否完结：是
                                   总页数：206
                                   分类：長篇,人妻,SM
                                   章节数：1
                                   最后更新时间：2019-06-05T03:13:24.051Z
                                   =================================================
2026-09-25 01:30:11 - mkk_pika - database.py:101 - INFO - 保存成功：母と息子の姦美な調教講座 2 [中国翻訳]
2026-09-25 01:30:11 - mkk_pika - main.py:35 - INFO - 开始检查耻物手办二号是否存在未下载章节
2026-09-25 01:30:11 - mkk_pika - main.py:45 - INFO - 正在下载:[耻物手办二号]-[linr]-[['純愛']]-[total_pages:79]
2026-09-25 01:30:11 - mkk_pika - main.py:49 - INFO - [{'_id': '5cf5e628c19a885e13c5f41b', 'title': '[场景]和雏菊一起学习', 'order': 1, 'updated_at': '2019-06-04T02:05:58.656Z', 'id': '5cf5e628c19a885e13c5f41b'}, {'_id': '5cf5e628c19a885e13c5f41c', 'title': '[换装/魔改]海王星', 'order': 2, 'updated_at': '2019-06-04T01:59:27.708Z', 'id': '5cf5e628c19a885e13c5f41c'}, {'_id': '5cf5e628c19a885e13c5f41d', 'title': '[场景]瓶儿的自娱自乐', 'order': 3, 'updated_at': '2019-06-04T02:10:05.631Z', 'id': '5cf5e628c19a885e13c5f41d'}, {'_id': '5cf7339760705403ded8d099', 'title': '[场景]电车上的玻璃娘', 'order': 4, 'updated_at': '2019-06-05T02:57:02.963Z', 'id': '5cf7339760705403ded8d099'}]
2026-09-25 01:30:11 - mkk_pika - database.py:215 - INFO - 第一次下载该漫画，记录数据库中
2026-09-25 01:30:12 - mkk_pika - main.py:83 - INFO - 找到 38 张图片在:[场景]和雏菊一起学习
2026-09-25 01:30:13 - mkk_pika - main.py:112 - INFO - [episode:[场景]和雏菊一起学习] downloaded:    38, total:  38, progress:100%
2026-09-25 01:30:13 - mkk_pika - database.py:238 - INFO - 数据库更新已下载章节
2026-09-25 01:30:13 - mkk_pika - database.py:244 - INFO - 该漫画已下载章节如下
2026-09-25 01:30:13 - mkk_pika - database.py:245 - INFO - ['[场景]和雏菊一起学习']
2026-09-25 01:30:15 - mkk_pika - main.py:83 - INFO - 找到 46 张图片在:[换装／魔改]海王星
2026-09-25 01:30:16 - mkk_pika - main.py:112 - INFO - [episode:[换装/魔改]海王星] downloaded:    46, total:  46, progress:100%
2026-09-25 01:30:16 - mkk_pika - database.py:238 - INFO - 数据库更新已下载章节
2026-09-25 01:30:16 - mkk_pika - database.py:244 - INFO - 该漫画已下载章节如下
2026-09-25 01:30:16 - mkk_pika - database.py:245 - INFO - ['[场景]和雏菊一起学习', '[换装/魔改]海王星']
2026-09-25 01:30:18 - mkk_pika - main.py:83 - INFO - 找到 22 张图片在:[场景]瓶儿的自娱自乐
2026-09-25 01:30:19 - mkk_pika - main.py:112 - INFO - [episode:[场景]瓶儿的自娱自乐] downloaded:    22, total:  22, progress:100%
2026-09-25 01:30:19 - mkk_pika - database.py:238 - INFO - 数据库更新已下载章节
2026-09-25 01:30:19 - mkk_pika - database.py:244 - INFO - 该漫画已下载章节如下
2026-09-25 01:30:19 - mkk_pika - database.py:245 - INFO - ['[场景]和雏菊一起学习', '[换装/魔改]海王星', '[场景]瓶儿的自娱自乐']
2026-09-25 01:30:20 - mkk_pika - main.py:83 - INFO - 找到 30 张图片在:[场景]电车上的玻璃娘
2026-09-25 01:30:21 - mkk_pika - main.py:112 - INFO - [episode:[场景]电车上的玻璃娘] downloaded:    30, total:  30, progress:100%
2026-09-25 01:30:21 - mkk_pika - database.py:238 - INFO - 数据库更新已下载章节
2026-09-25 01:30:21 - mkk_pika - database.py:244 - INFO - 该漫画已下载章节如下
2026-09-25 01:30:21 - mkk_pika - database.py:245 - INFO - ['[场景]和雏菊一起学习', '[换装/魔改]海王星', '[场景]瓶儿的自娱自乐', '[场景]电车上的玻璃娘']
2026-09-25 01:30:23 - mkk_pika - main.py:348 - INFO - ==================== 漫画信息 ====================
                                   漫画ID：5cf5e628c19a885e13c5f41a
                                   标题：耻物手办二号
                                   作者：linr
                                   是否完结：否
                                   总页数：79
                                   分类：純愛
                                   章节数：4
                                   最后更新时间：2019-06-05T03:14:31.052Z
                                   =================================================
2026-09-25 01:30:23 - mkk_pika - database.py:101 - INFO - 保存成功：耻物手办二号
2026-09-25 01:30:23 - mkk_pika - main.py:35 - INFO - 开始检查 文豪に猫 (コミックホットミルク 2019年7月号) [中国翻訳] [DL版]是否存在未下载章节
2026-09-25 01:30:23 - mkk_pika - main.py:45 - INFO - 正在下载:[ 文豪に猫 (コミックホットミルク 2019年7月号) [中国翻訳] [DL版]]-[水平線]-[['短篇', '純愛']]-[total_pages:20]
2026-09-25 01:30:23 - mkk_pika - main.py:49 - INFO - [{'_id': '5cf7b3bbb9fb042871cb3ab3', 'title': '第1集', 'order': 1, 'updated_at': '2019-06-05T07:11:57.518Z', 'id': '5cf7b3bbb9fb042871cb3ab3'}]
2026-09-25 01:30:23 - mkk_pika - database.py:215 - INFO - 第一次下载该漫画，记录数据库中
2026-09-25 01:30:24 - mkk_pika - main.py:83 - INFO - 找到 20 张图片在:第1集
2026-09-25 01:30:25 - mkk_pika - main.py:112 - INFO - [episode:第1集       ] downloaded:    20, total:  20, progress:100%
2026-09-25 01:30:25 - mkk_pika - database.py:238 - INFO - 数据库更新已下载章节
2026-09-25 01:30:25 - mkk_pika - database.py:244 - INFO - 该漫画已下载章节如下
2026-09-25 01:30:25 - mkk_pika - database.py:245 - INFO - ['第1集']
2026-09-25 01:30:26 - mkk_pika - main.py:348 - INFO - ==================== 漫画信息 ====================
                                   漫画ID：5cf7b3bbb9fb042871cb3ab2
                                   标题： 文豪に猫 (コミックホットミルク 2019年7月号) [中国翻訳] [DL版]
                                   作者：水平線
                                   是否完结：是
                                   总页数：20
                                   分类：短篇,純愛
                                   章节数：1
                                   最后更新时间：2019-06-05T12:21:15.044Z
                                   =================================================
2026-09-25 01:30:26 - mkk_pika - database.py:101 - INFO - 保存成功： 文豪に猫 (コミックホットミルク 2019年7月号) [中国翻訳] [DL版]
2026-09-25 01:30:26 - mkk_pika - main.py:35 - INFO - 开始检查 彼とわたしと店長の深夜勤務3是否存在未下载章节
2026-09-25 01:30:26 - mkk_pika - main.py:45 - INFO - 正在下载:[ 彼とわたしと店長の深夜勤務3]-[サイクロン (和泉、冷泉)]-[['全彩', '短篇', 'NTR']]-[total_pages:65]
2026-09-25 01:30:26 - mkk_pika - main.py:49 - INFO - [{'_id': '5cf7b454aae1cb28835cd987', 'title': '第1集', 'order': 1, 'updated_at': '2019-06-05T08:49:50.768Z', 'id': '5cf7b454aae1cb28835cd987'}]
2026-09-25 01:30:26 - mkk_pika - database.py:215 - INFO - 第一次下载该漫画，记录数据库中
2026-09-25 01:30:27 - mkk_pika - main.py:83 - INFO - 找到 65 张图片在:第1集
2026-09-25 01:30:29 - mkk_pika - main.py:112 - INFO - [episode:第1集       ] downloaded:    65, total:  65, progress:100%
2026-09-25 01:30:29 - mkk_pika - database.py:238 - INFO - 数据库更新已下载章节
2026-09-25 01:30:29 - mkk_pika - database.py:244 - INFO - 该漫画已下载章节如下
2026-09-25 01:30:29 - mkk_pika - database.py:245 - INFO - ['第1集']
2026-09-25 01:30:31 - mkk_pika - main.py:348 - INFO - ==================== 漫画信息 ====================
                                   漫画ID：5cf7b454aae1cb28835cd986
                                   标题： 彼とわたしと店長の深夜勤務3
                                   作者：サイクロン (和泉、冷泉)
                                   是否完结：是
                                   总页数：65
                                   分类：全彩,短篇,NTR
                                   章节数：1
                                   最后更新时间：2019-06-05T12:23:48.234Z
                                   =================================================
2026-09-25 01:30:31 - mkk_pika - database.py:101 - INFO - 保存成功： 彼とわたしと店長の深夜勤務3
2026-09-25 01:30:31 - mkk_pika - main.py:35 - INFO - 开始检查やはり俺は変態ラブコメがいい。3 (やはり俺の青春ラブコメはまちがっている。) [中国翻訳]是否存在未下载章节
2026-09-25 01:30:31 - mkk_pika - main.py:45 - INFO - 正在下载:[やはり俺は変態ラブコメがいい。3 (やはり俺の青春ラブコメはまちがっている。) [中国翻訳]]-[拡張パーツ (YOSHIKI)]-[['純愛', '同人', '短篇']]-[total_pages:24]
2026-09-25 01:30:31 - mkk_pika - main.py:49 - INFO - [{'_id': '5cf7b4aebd69252876b30bd8', 'title': '第1集', 'order': 1, 'updated_at': '2019-06-05T10:26:26.132Z', 'id': '5cf7b4aebd69252876b30bd8'}]
2026-09-25 01:30:31 - mkk_pika - database.py:215 - INFO - 第一次下载该漫画，记录数据库中
2026-09-25 01:30:31 - mkk_pika - main.py:83 - INFO - 找到 24 张图片在:第1集
2026-09-25 01:30:32 - mkk_pika - main.py:112 - INFO - [episode:第1集       ] downloaded:    24, total:  24, progress:100%
2026-09-25 01:30:32 - mkk_pika - database.py:238 - INFO - 数据库更新已下载章节
2026-09-25 01:30:32 - mkk_pika - database.py:244 - INFO - 该漫画已下载章节如下
2026-09-25 01:30:32 - mkk_pika - database.py:245 - INFO - ['第1集']
2026-09-25 01:30:34 - mkk_pika - main.py:348 - INFO - ==================== 漫画信息 ====================
                                   漫画ID：5cf7b4aebd69252876b30bd7
                                   标题：やはり俺は変態ラブコメがいい。3 (やはり俺の青春ラブコメはまちがっている。) [中国翻訳]
                                   作者：拡張パーツ (YOSHIKI)
                                   是否完结：否
                                   总页数：24
                                   分类：純愛,同人,短篇
                                   章节数：1
                                   最后更新时间：2019-06-05T12:25:18.702Z
                                   =================================================
2026-09-25 01:30:34 - mkk_pika - database.py:101 - INFO - 保存成功：やはり俺は変態ラブコメがいい。3 (やはり俺の青春ラブコメはまちがっている。) [中国翻訳]
2026-09-25 01:30:34 - mkk_pika - main.py:35 - INFO - 开始检查(C93)  KMC是否存在未下载章节
2026-09-25 01:30:34 - mkk_pika - main.py:45 - INFO - 正在下载:[(C93)  KMC]-[Mogullaz (もぐらず)]-[['短篇']]-[total_pages:26]
2026-09-25 01:30:34 - mkk_pika - main.py:49 - INFO - [{'_id': '5cf91156b9fb042871cb43d8', 'title': '第1集', 'order': 1, 'updated_at': '2019-06-05T16:09:03.130Z', 'id': '5cf91156b9fb042871cb43d8'}]
2026-09-25 01:30:34 - mkk_pika - database.py:215 - INFO - 第一次下载该漫画，记录数据库中
2026-09-25 01:30:34 - mkk_pika - main.py:83 - INFO - 找到 26 张图片在:第1集
2026-09-25 01:30:36 - mkk_pika - main.py:112 - INFO - [episode:第1集       ] downloaded:    26, total:  26, progress:100%
2026-09-25 01:30:36 - mkk_pika - database.py:238 - INFO - 数据库更新已下载章节
2026-09-25 01:30:36 - mkk_pika - database.py:244 - INFO - 该漫画已下载章节如下
2026-09-25 01:30:36 - mkk_pika - database.py:245 - INFO - ['第1集']
2026-09-25 01:30:37 - mkk_pika - main.py:348 - INFO - ==================== 漫画信息 ====================
                                   漫画ID：5cf91156b9fb042871cb43d7
                                   标题：(C93)  KMC
                                   作者：Mogullaz (もぐらず)
                                   是否完结：是
                                   总页数：26
                                   分类：短篇
                                   章节数：1
                                   最后更新时间：2019-06-06T13:12:54.336Z
                                   =================================================
2026-09-25 01:30:37 - mkk_pika - database.py:101 - INFO - 保存成功：(C93)  KMC
2026-09-25 01:30:37 - mkk_pika - main.py:35 - INFO - 开始检查OP-SEX (ワンピース) [中国翻訳] [DL版]是否存在未下载章节
2026-09-25 01:30:37 - mkk_pika - main.py:45 - INFO - 正在下载:[OP-SEX (ワンピース) [中国翻訳] [DL版]]-[真面目屋 (isao)]-[['短篇', '同人']]-[total_pages:36]
2026-09-25 01:30:37 - mkk_pika - main.py:49 - INFO - [{'_id': '5cf911e3b9fb042871cb43f4', 'title': '第1集', 'order': 1, 'updated_at': '2019-06-05T16:24:39.514Z', 'id': '5cf911e3b9fb042871cb43f4'}]
2026-09-25 01:30:37 - mkk_pika - database.py:215 - INFO - 第一次下载该漫画，记录数据库中
2026-09-25 01:30:38 - mkk_pika - main.py:83 - INFO - 找到 36 张图片在:第1集
2026-09-25 01:30:40 - mkk_pika - main.py:112 - INFO - [episode:第1集       ] downloaded:    36, total:  36, progress:100%
2026-09-25 01:30:40 - mkk_pika - database.py:238 - INFO - 数据库更新已下载章节
2026-09-25 01:30:40 - mkk_pika - database.py:244 - INFO - 该漫画已下载章节如下
2026-09-25 01:30:40 - mkk_pika - database.py:245 - INFO - ['第1集']
2026-09-25 01:30:41 - mkk_pika - main.py:348 - INFO - ==================== 漫画信息 ====================
                                   漫画ID：5cf911e3b9fb042871cb43f3
                                   标题：OP-SEX (ワンピース) [中国翻訳] [DL版]
                                   作者：真面目屋 (isao)
                                   是否完结：是
                                   总页数：36
                                   分类：短篇,同人
                                   章节数：1
                                   最后更新时间：2019-06-06T13:15:15.203Z
                                   =================================================
2026-09-25 01:30:41 - mkk_pika - database.py:101 - INFO - 保存成功：OP-SEX (ワンピース) [中国翻訳] [DL版]
2026-09-25 01:30:41 - mkk_pika - main.py:35 - INFO - 开始检查(C94)  揉メグル (アイドルマスターシャイニーカラーズ) [中国翻訳]是否存在未下载章节
2026-09-25 01:30:41 - mkk_pika - main.py:45 - INFO - 正在下载:[(C94)  揉メグル (アイドルマスターシャイニーカラーズ) [中国翻訳]]-[エソラnote (間島白幸)]-[['短篇', '同人', '強暴']]-[total_pages:20]
2026-09-25 01:30:41 - mkk_pika - main.py:49 - INFO - [{'_id': '5cf91215bd69252876b311b3', 'title': '第1集', 'order': 1, 'updated_at': '2019-06-05T16:59:40.952Z', 'id': '5cf91215bd69252876b311b3'}]
2026-09-25 01:30:41 - mkk_pika - database.py:215 - INFO - 第一次下载该漫画，记录数据库中
2026-09-25 01:30:42 - mkk_pika - main.py:83 - INFO - 找到 20 张图片在:第1集
2026-09-25 01:30:43 - mkk_pika - main.py:112 - INFO - [episode:第1集       ] downloaded:    20, total:  20, progress:100%
2026-09-25 01:30:43 - mkk_pika - database.py:238 - INFO - 数据库更新已下载章节
2026-09-25 01:30:43 - mkk_pika - database.py:244 - INFO - 该漫画已下载章节如下
2026-09-25 01:30:43 - mkk_pika - database.py:245 - INFO - ['第1集']
2026-09-25 01:30:44 - mkk_pika - main.py:348 - INFO - ==================== 漫画信息 ====================
                                   漫画ID：5cf91215bd69252876b311b2
                                   标题：(C94)  揉メグル (アイドルマスターシャイニーカラーズ) [中国翻訳]
                                   作者：エソラnote (間島白幸)
                                   是否完结：是
                                   总页数：20
                                   分类：短篇,同人,強暴
                                   章节数：1
                                   最后更新时间：2019-06-06T13:16:05.040Z
                                   =================================================
2026-09-25 01:30:44 - mkk_pika - database.py:101 - INFO - 保存成功：(C94)  揉メグル (アイドルマスターシャイニーカラーズ) [中国翻訳]
2026-09-25 01:30:44 - mkk_pika - main.py:35 - INFO - 开始检查 ルートエピソードinリサ姉 (Bang Dream!) [中国翻訳]是否存在未下载章节
2026-09-25 01:30:44 - mkk_pika - main.py:45 - INFO - 正在下载:[ ルートエピソードinリサ姉 (Bang Dream!) [中国翻訳]]-[ももチョコ (桃の缶詰)]-[['短篇', '同人']]-[total_pages:22]
2026-09-25 01:30:44 - mkk_pika - main.py:49 - INFO - [{'_id': '5cf96602bd69252876b3138c', 'title': '第1集', 'order': 1, 'updated_at': '2019-06-05T17:53:55.905Z', 'id': '5cf96602bd69252876b3138c'}]
2026-09-25 01:30:44 - mkk_pika - database.py:215 - INFO - 第一次下载该漫画，记录数据库中
2026-09-25 01:30:45 - mkk_pika - main.py:83 - INFO - 找到 22 张图片在:第1集
2026-09-25 01:30:46 - mkk_pika - main.py:112 - INFO - [episode:第1集       ] downloaded:    22, total:  22, progress:100%
2026-09-25 01:30:46 - mkk_pika - database.py:238 - INFO - 数据库更新已下载章节
2026-09-25 01:30:46 - mkk_pika - database.py:244 - INFO - 该漫画已下载章节如下
2026-09-25 01:30:46 - mkk_pika - database.py:245 - INFO - ['第1集']
2026-09-25 01:30:47 - mkk_pika - main.py:348 - INFO - ==================== 漫画信息 ====================
                                   漫画ID：5cf96602bd69252876b3138b
                                   标题： ルートエピソードinリサ姉 (Bang Dream!) [中国翻訳]
                                   作者：ももチョコ (桃の缶詰)
                                   是否完结：是
                                   总页数：22
                                   分类：短篇,同人
                                   章节数：1
                                   最后更新时间：2019-06-06T19:14:10.557Z
                                   =================================================
2026-09-25 01:30:47 - mkk_pika - database.py:101 - INFO - 保存成功： ルートエピソードinリサ姉 (Bang Dream!) [中国翻訳]
2026-09-25 01:30:47 - mkk_pika - main.py:35 - INFO - 开始检查U.M.E.Project ALGOLAGNIA 是否存在未下载章节
2026-09-25 01:30:48 - mkk_pika - main.py:45 - INFO - 正在下载:[U.M.E.Project ALGOLAGNIA ]-[ukyo_rst]-[['SM', '百合花園']]-[total_pages:27]
2026-09-25 01:30:48 - mkk_pika - main.py:49 - INFO - [{'_id': '5cf9661a9732602889ecea80', 'title': '第1集', 'order': 1, 'updated_at': '2019-06-05T22:48:50.435Z', 'id': '5cf9661a9732602889ecea80'}]
2026-09-25 01:30:48 - mkk_pika - database.py:215 - INFO - 第一次下载该漫画，记录数据库中
2026-09-25 01:30:48 - mkk_pika - main.py:83 - INFO - 找到 28 张图片在:第1集
2026-09-25 01:30:49 - mkk_pika - main.py:112 - INFO - [episode:第1集       ] downloaded:    28, total:  28, progress:100%
2026-09-25 01:30:49 - mkk_pika - database.py:238 - INFO - 数据库更新已下载章节
2026-09-25 01:30:49 - mkk_pika - database.py:244 - INFO - 该漫画已下载章节如下
2026-09-25 01:30:49 - mkk_pika - database.py:245 - INFO - ['第1集']
2026-09-25 01:30:51 - mkk_pika - main.py:348 - INFO - ==================== 漫画信息 ====================
                                   漫画ID：5cf9661a9732602889ecea7f
                                   标题：U.M.E.Project ALGOLAGNIA 
                                   作者：ukyo_rst
                                   是否完结：是
                                   总页数：27
                                   分类：SM,百合花園
                                   章节数：1
                                   最后更新时间：2019-06-06T19:14:34.756Z
                                   =================================================
2026-09-25 01:30:51 - mkk_pika - database.py:101 - INFO - 保存成功：U.M.E.Project ALGOLAGNIA 
2026-09-25 01:30:51 - mkk_pika - main.py:35 - INFO - 开始检查(C80)Fictional sex(我的朋友很少)是否存在未下载章节
2026-09-25 01:30:51 - mkk_pika - main.py:45 - INFO - 正在下载:[(C80)Fictional sex(我的朋友很少)]-[いちごぱんつ(カグユヅ)]-[['同人', '短篇', '純愛']]-[total_pages:26]
2026-09-25 01:30:51 - mkk_pika - main.py:49 - INFO - [{'_id': '5cf96633b9fb042871cb46b2', 'title': '第1集', 'order': 1, 'updated_at': '2019-06-05T11:24:18.128Z', 'id': '5cf96633b9fb042871cb46b2'}]
2026-09-25 01:30:51 - mkk_pika - database.py:215 - INFO - 第一次下载该漫画，记录数据库中
2026-09-25 01:30:51 - mkk_pika - main.py:83 - INFO - 找到 26 张图片在:第1集
2026-09-25 01:30:53 - mkk_pika - main.py:112 - INFO - [episode:第1集       ] downloaded:    26, total:  26, progress:100%
2026-09-25 01:30:53 - mkk_pika - database.py:238 - INFO - 数据库更新已下载章节
2026-09-25 01:30:53 - mkk_pika - database.py:244 - INFO - 该漫画已下载章节如下
2026-09-25 01:30:53 - mkk_pika - database.py:245 - INFO - ['第1集']
2026-09-25 01:30:54 - mkk_pika - main.py:348 - INFO - ==================== 漫画信息 ====================
                                   漫画ID：5cf96633b9fb042871cb46b1
                                   标题：(C80)Fictional sex(我的朋友很少)
                                   作者：いちごぱんつ(カグユヅ)
                                   是否完结：是
                                   总页数：26
                                   分类：同人,短篇,純愛
                                   章节数：1
                                   最后更新时间：2019-06-06T19:14:59.761Z
                                   =================================================
2026-09-25 01:30:54 - mkk_pika - database.py:101 - INFO - 保存成功：(C80)Fictional sex(我的朋友很少)
2026-09-25 01:30:54 - mkk_pika - main.py:35 - INFO - 开始检查(C85) 好色寷灡 (魔法禁书目录)是否存在未下载章节
2026-09-25 01:30:54 - mkk_pika - main.py:45 - INFO - 正在下载:[(C85) 好色寷灡 (魔法禁书目录)]-[SAZ (soba)]-[['短篇', '同人', '純愛']]-[total_pages:22]
2026-09-25 01:30:54 - mkk_pika - main.py:49 - INFO - [{'_id': '5cf96654b9fb042871cb46ce', 'title': '第1集', 'order': 1, 'updated_at': '2019-06-05T11:00:05.854Z', 'id': '5cf96654b9fb042871cb46ce'}]
2026-09-25 01:30:54 - mkk_pika - database.py:215 - INFO - 第一次下载该漫画，记录数据库中
2026-09-25 01:30:55 - mkk_pika - main.py:83 - INFO - 找到 22 张图片在:第1集
2026-09-25 01:30:56 - mkk_pika - main.py:112 - INFO - [episode:第1集       ] downloaded:    22, total:  22, progress:100%
2026-09-25 01:30:56 - mkk_pika - database.py:238 - INFO - 数据库更新已下载章节
2026-09-25 01:30:56 - mkk_pika - database.py:244 - INFO - 该漫画已下载章节如下
2026-09-25 01:30:56 - mkk_pika - database.py:245 - INFO - ['第1集']
2026-09-25 01:30:57 - mkk_pika - main.py:348 - INFO - ==================== 漫画信息 ====================
                                   漫画ID：5cf96654b9fb042871cb46cd
                                   标题：(C85) 好色寷灡 (魔法禁书目录)
                                   作者：SAZ (soba)
                                   是否完结：是
                                   总页数：22
                                   分类：短篇,同人,純愛
                                   章节数：1
                                   最后更新时间：2019-06-06T19:15:32.207Z
                                   =================================================
2026-09-25 01:30:57 - mkk_pika - database.py:101 - INFO - 保存成功：(C85) 好色寷灡 (魔法禁书目录)
2026-09-25 01:30:57 - mkk_pika - main.py:35 - INFO - 开始检查(C88) 奏色寷缠 (魔法禁书目录)是否存在未下载章节
2026-09-25 01:30:57 - mkk_pika - main.py:45 - INFO - 正在下载:[(C88) 奏色寷缠 (魔法禁书目录)]-[SAZ (soba)]-[['同人', '短篇', '純愛']]-[total_pages:13]
2026-09-25 01:30:57 - mkk_pika - main.py:49 - INFO - [{'_id': '5cf966729732602889ecea9e', 'title': '第1集', 'order': 1, 'updated_at': '2019-06-05T07:15:39.616Z', 'id': '5cf966729732602889ecea9e'}]
2026-09-25 01:30:57 - mkk_pika - database.py:215 - INFO - 第一次下载该漫画，记录数据库中
2026-09-25 01:30:58 - mkk_pika - main.py:83 - INFO - 找到 13 张图片在:第1集
2026-09-25 01:30:58 - mkk_pika - main.py:112 - INFO - [episode:第1集       ] downloaded:    13, total:  13, progress:100%
2026-09-25 01:30:58 - mkk_pika - database.py:238 - INFO - 数据库更新已下载章节
2026-09-25 01:30:58 - mkk_pika - database.py:244 - INFO - 该漫画已下载章节如下
2026-09-25 01:30:58 - mkk_pika - database.py:245 - INFO - ['第1集']
2026-09-25 01:31:00 - mkk_pika - main.py:348 - INFO - ==================== 漫画信息 ====================
                                   漫画ID：5cf966729732602889ecea9d
                                   标题：(C88) 奏色寷缠 (魔法禁书目录)
                                   作者：SAZ (soba)
                                   是否完结：是
                                   总页数：13
                                   分类：同人,短篇,純愛
                                   章节数：1
                                   最后更新时间：2019-06-06T19:16:02.561Z
                                   =================================================
2026-09-25 01:31:00 - mkk_pika - database.py:101 - INFO - 保存成功：(C88) 奏色寷缠 (魔法禁书目录)
2026-09-25 01:31:00 - mkk_pika - main.py:35 - INFO - 开始检查(C86)蜂色丰艳 (魔法禁书目录) 是否存在未下载章节
2026-09-25 01:31:00 - mkk_pika - main.py:45 - INFO - 正在下载:[(C86)蜂色丰艳 (魔法禁书目录) ]-[SAZ (soba)]-[['短篇', '純愛', '同人']]-[total_pages:-7]
2026-09-25 01:31:00 - mkk_pika - main.py:49 - INFO - [{'_id': '5cf96684b9fb042871cb46e6', 'title': '第1集', 'order': 1, 'updated_at': '2019-06-05T07:12:34.816Z', 'id': '5cf96684b9fb042871cb46e6'}]
2026-09-25 01:31:00 - mkk_pika - database.py:215 - INFO - 第一次下载该漫画，记录数据库中
2026-09-25 01:31:00 - mkk_pika - main.py:83 - INFO - 找到 24 张图片在:第1集
2026-09-25 01:31:01 - mkk_pika - main.py:112 - INFO - [episode:第1集       ] downloaded:    24, total:  24, progress:100%
2026-09-25 01:31:01 - mkk_pika - database.py:238 - INFO - 数据库更新已下载章节
2026-09-25 01:31:01 - mkk_pika - database.py:244 - INFO - 该漫画已下载章节如下
2026-09-25 01:31:01 - mkk_pika - database.py:245 - INFO - ['第1集']
2026-09-25 01:31:03 - mkk_pika - main.py:348 - INFO - ==================== 漫画信息 ====================
                                   漫画ID：5cf96684b9fb042871cb46e5
                                   标题：(C86)蜂色丰艳 (魔法禁书目录) 
                                   作者：SAZ (soba)
                                   是否完结：是
                                   总页数：-7
                                   分类：短篇,純愛,同人
                                   章节数：1
                                   最后更新时间：2019-06-06T19:16:20.334Z
                                   =================================================
2026-09-25 01:31:03 - mkk_pika - database.py:101 - INFO - 保存成功：(C86)蜂色丰艳 (魔法禁书目录) 
2026-09-25 01:31:03 - mkk_pika - main.py:35 - INFO - 开始检查詩織 第三章 闇の刻印 上巻 新装版 (ときめきメモリアル) 是否存在未下载章节
2026-09-25 01:31:03 - mkk_pika - main.py:45 - INFO - 正在下载:[詩織 第三章 闇の刻印 上巻 新装版 (ときめきメモリアル) ]-[HIGH RISK REVOLUTION (あいざわひろし)]-[['同人', '短篇']]-[total_pages:50]
2026-09-25 01:31:03 - mkk_pika - main.py:49 - INFO - [{'_id': '5cf966d0aae1cb28835ce0bd', 'title': '第1集', 'order': 1, 'updated_at': '2019-06-06T04:49:06.466Z', 'id': '5cf966d0aae1cb28835ce0bd'}]
2026-09-25 01:31:03 - mkk_pika - database.py:215 - INFO - 第一次下载该漫画，记录数据库中
2026-09-25 01:31:04 - mkk_pika - main.py:83 - INFO - 找到 50 张图片在:第1集
2026-09-25 01:31:06 - mkk_pika - main.py:112 - INFO - [episode:第1集       ] downloaded:    50, total:  50, progress:100%
2026-09-25 01:31:06 - mkk_pika - database.py:238 - INFO - 数据库更新已下载章节
2026-09-25 01:31:06 - mkk_pika - database.py:244 - INFO - 该漫画已下载章节如下
2026-09-25 01:31:06 - mkk_pika - database.py:245 - INFO - ['第1集']
2026-09-25 01:31:07 - mkk_pika - main.py:348 - INFO - ==================== 漫画信息 ====================
                                   漫画ID：5cf966d0aae1cb28835ce0bc
                                   标题：詩織 第三章 闇の刻印 上巻 新装版 (ときめきメモリアル) 
                                   作者：HIGH RISK REVOLUTION (あいざわひろし)
                                   是否完结：是
                                   总页数：50
                                   分类：同人,短篇
                                   章节数：1
                                   最后更新时间：2019-06-06T19:17:36.063Z
                                   =================================================
2026-09-25 01:31:07 - mkk_pika - database.py:101 - INFO - 保存成功：詩織 第三章 闇の刻印 上巻 新装版 (ときめきメモリアル) 
2026-09-25 01:31:07 - mkk_pika - main.py:380 - INFO - 本次任务下载完毕
2026-09-25 01:31:07 - mkk_pika - database.py:173 - INFO - 数据库连接已关闭
