2026-07-26 00:08:23 - mkk_pika - main.py:193 - INFO - =======================================================================
2026-07-26 00:08:23 - mkk_pika - database.py:61 - INFO - 表和索引初始化成功
2026-07-26 00:08:23 - mkk_pika - main.py:197 - INFO - 已经累计下载17704本漫画
2026-07-26 00:08:24 - mkk_pika - api.py:87 - INFO - 登录成功
2026-07-26 00:08:24 - mkk_pika - main.py:203 - INFO - 收藏夹共计0本漫画
2026-07-26 00:08:24 - mkk_pika - main.py:206 - INFO - 开始下载收藏夹内未下载内容
2026-07-26 00:08:24 - mkk_pika - main.py:266 - INFO - 收藏夹内容下载完毕
2026-07-26 00:08:24 - mkk_pika - main.py:268 - INFO - 开始下载订阅内容
2026-07-26 00:08:24 - mkk_pika - database.py:258 - INFO - 根据ID查询到标题：萝莉 -> TSロリおじさんの冒険 前戯編 | TS萝莉中年大叔的冒险 前戏篇
2026-07-26 00:08:25 - mkk_pika - database.py:101 - INFO - 保存成功：TSロリおじさんの冒険 前戯編 | TS萝莉中年大叔的冒险 前戏篇
2026-07-26 00:08:25 - mkk_pika - main.py:273 - INFO - 关键词萝莉找到1本漫画
2026-07-26 00:08:25 - mkk_pika - database.py:258 - INFO - 根据ID查询到标题：蘿莉 -> エルフと結ぶ縁。
2026-07-26 00:08:26 - mkk_pika - database.py:101 - INFO - 保存成功：[Pixiv] Nyako (87118066) part.8（AI）
2026-07-26 00:08:26 - mkk_pika - main.py:273 - INFO - 关键词蘿莉找到3本漫画
2026-07-26 00:08:26 - mkk_pika - main.py:275 - INFO - 订阅内容共计4本漫画
2026-07-26 00:08:26 - mkk_pika - main.py:35 - INFO - 开始检查バイト中のゆ〜わく是否存在未下载章节
2026-07-26 00:08:26 - mkk_pika - database.py:203 - INFO - 查询数据库中是否已存在第1話
2026-07-26 00:08:26 - mkk_pika - main.py:51 - INFO - バイト中のゆ〜わく中没有可下载章节
2026-07-26 00:08:26 - mkk_pika - main.py:292 - INFO - ==================== 漫画信息 ====================
                                漫画ID：6a6397d265bf3e38d164dfa0
                                标题：バイト中のゆ〜わく
                                作者：スミヅミ
                                是否完结：是
                                总页数：26
                                分类：短篇,純愛
                                章节数：1
                                最后更新时间：2026-07-24T16:50:26.165Z
                                =================================================
2026-07-26 00:08:26 - mkk_pika - database.py:101 - INFO - 保存成功：バイト中のゆ〜わく
2026-07-26 00:08:26 - mkk_pika - main.py:35 - INFO - 开始检查姪っ子とひみつのごっこあそび♡ 是否存在未下载章节
2026-07-26 00:08:27 - mkk_pika - main.py:45 - INFO - 正在下载:[姪っ子とひみつのごっこあそび♡ ]-[星川ランガ]-[['短篇']]-[total_pages:-1]
2026-07-26 00:08:27 - mkk_pika - main.py:49 - INFO - [{'_id': '6a64dedd8d33212602c32d8e', 'title': '第1話', 'order': 1, 'updated_at': '2026-07-25T09:17:47.983Z', 'id': '6a64dedd8d33212602c32d8e'}]
2026-07-26 00:08:27 - mkk_pika - database.py:215 - INFO - 第一次下载该漫画，记录数据库中
2026-07-26 00:08:27 - mkk_pika - main.py:83 - INFO - 找到 22 张图片在:第1話
2026-07-26 00:08:28 - mkk_pika - main.py:112 - INFO - [episode:第1話       ] downloaded:    22, total:  22, progress:100%
2026-07-26 00:08:28 - mkk_pika - database.py:238 - INFO - 数据库更新已下载章节
2026-07-26 00:08:28 - mkk_pika - database.py:244 - INFO - 该漫画已下载章节如下
2026-07-26 00:08:28 - mkk_pika - database.py:245 - INFO - ['第1話']
2026-07-26 00:08:29 - mkk_pika - main.py:292 - INFO - ==================== 漫画信息 ====================
                                漫画ID：6a64dedd8d33212602c32d8d
                                标题：姪っ子とひみつのごっこあそび♡ 
                                作者：星川ランガ
                                是否完结：是
                                总页数：22
                                分类：短篇
                                章节数：1
                                最后更新时间：2026-07-25T16:05:49.136Z
                                =================================================
2026-07-26 00:08:29 - mkk_pika - database.py:101 - INFO - 保存成功：姪っ子とひみつのごっこあそび♡ 
2026-07-26 00:08:29 - mkk_pika - main.py:35 - INFO - 开始检查ヤマノメスと雑に交尾する本 (ヤマノススメのえろほん3)是否存在未下载章节
2026-07-26 00:08:29 - mkk_pika - main.py:45 - INFO - 正在下载:[ヤマノメスと雑に交尾する本 (ヤマノススメのえろほん3)]-[かぎむし (かぎむし)]-[['同人', '短篇', 'NTR']]-[total_pages:-1]
2026-07-26 00:08:29 - mkk_pika - main.py:49 - INFO - [{'_id': '6a64dc964efc90258555e32f', 'title': '第1話', 'order': 1, 'updated_at': '2026-07-24T12:51:06.298Z', 'id': '6a64dc964efc90258555e32f'}]
2026-07-26 00:08:29 - mkk_pika - database.py:215 - INFO - 第一次下载该漫画，记录数据库中
2026-07-26 00:08:30 - mkk_pika - main.py:83 - INFO - 找到 21 张图片在:第1話
2026-07-26 00:08:30 - mkk_pika - main.py:112 - INFO - [episode:第1話       ] downloaded:    21, total:  21, progress:100%
2026-07-26 00:08:30 - mkk_pika - database.py:238 - INFO - 数据库更新已下载章节
2026-07-26 00:08:30 - mkk_pika - database.py:244 - INFO - 该漫画已下载章节如下
2026-07-26 00:08:30 - mkk_pika - database.py:245 - INFO - ['第1話']
2026-07-26 00:08:32 - mkk_pika - main.py:292 - INFO - ==================== 漫画信息 ====================
                                漫画ID：6a64dc964efc90258555e32e
                                标题：ヤマノメスと雑に交尾する本 (ヤマノススメのえろほん3)
                                作者：かぎむし (かぎむし)
                                是否完结：是
                                总页数：21
                                分类：同人,短篇,NTR
                                章节数：1
                                最后更新时间：2026-07-25T15:56:06.176Z
                                =================================================
2026-07-26 00:08:32 - mkk_pika - database.py:101 - INFO - 保存成功：ヤマノメスと雑に交尾する本 (ヤマノススメのえろほん3)
2026-07-26 00:08:32 - mkk_pika - main.py:35 - INFO - 开始检查バイト中のゆ〜わく是否存在未下载章节
2026-07-26 00:08:32 - mkk_pika - database.py:203 - INFO - 查询数据库中是否已存在第1話
2026-07-26 00:08:32 - mkk_pika - main.py:51 - INFO - バイト中のゆ〜わく中没有可下载章节
2026-07-26 00:08:32 - mkk_pika - main.py:292 - INFO - ==================== 漫画信息 ====================
                                漫画ID：6a6397d265bf3e38d164dfa0
                                标题：バイト中のゆ〜わく
                                作者：スミヅミ
                                是否完结：是
                                总页数：26
                                分类：短篇,純愛
                                章节数：1
                                最后更新时间：2026-07-24T16:50:26.165Z
                                =================================================
2026-07-26 00:08:32 - mkk_pika - database.py:101 - INFO - 保存成功：バイト中のゆ〜わく
2026-07-26 00:08:32 - mkk_pika - main.py:323 - INFO - 订阅内容内容下载完毕
2026-07-26 00:08:32 - mkk_pika - main.py:324 - INFO - 开始分批下载全部章节
2026-07-26 00:08:32 - mkk_pika - database.py:280 - INFO - 表和索引初始化成功
2026-07-26 00:08:33 - mkk_pika - main.py:177 - INFO - 已经下载了1318页，一共7036页，现在开始添加第1319页
2026-07-26 00:08:33 - mkk_pika - database.py:318 - INFO - 保存成功
2026-07-26 00:08:34 - mkk_pika - main.py:177 - INFO - 已经下载了1319页，一共7036页，现在开始添加第1320页
2026-07-26 00:08:34 - mkk_pika - database.py:318 - INFO - 保存成功
2026-07-26 00:08:34 - mkk_pika - main.py:177 - INFO - 已经下载了1320页，一共7036页，现在开始添加第1321页
2026-07-26 00:08:35 - mkk_pika - database.py:318 - INFO - 保存成功
2026-07-26 00:08:35 - mkk_pika - main.py:177 - INFO - 已经下载了1321页，一共7036页，现在开始添加第1322页
2026-07-26 00:08:36 - mkk_pika - database.py:318 - INFO - 保存成功
2026-07-26 00:08:36 - mkk_pika - main.py:177 - INFO - 已经下载了1322页，一共7036页，现在开始添加第1323页
2026-07-26 00:08:37 - mkk_pika - database.py:318 - INFO - 保存成功
2026-07-26 00:08:37 - mkk_pika - main.py:331 - INFO - 分批下载共计63本漫画
2026-07-26 00:08:37 - mkk_pika - main.py:35 - INFO - 开始检查たくじ本GOLD2018ふゆ (アイドルマスター シンデレラガールズ)是否存在未下载章节
2026-07-26 00:08:37 - mkk_pika - main.py:45 - INFO - 正在下载:[たくじ本GOLD2018ふゆ (アイドルマスター シンデレラガールズ)]-[Number2 (たくじ)]-[['同人', '全彩', '短篇']]-[total_pages:13]
2026-07-26 00:08:37 - mkk_pika - main.py:49 - INFO - [{'_id': '5c2dd156f3c9c21befadb699', 'title': '第1集', 'order': 1, 'updated_at': '2019-01-02T18:07:53.155Z', 'id': '5c2dd156f3c9c21befadb699'}]
2026-07-26 00:08:37 - mkk_pika - database.py:215 - INFO - 第一次下载该漫画，记录数据库中
2026-07-26 00:08:37 - mkk_pika - main.py:83 - INFO - 找到 13 张图片在:第1集
2026-07-26 00:08:38 - mkk_pika - main.py:112 - INFO - [episode:第1集       ] downloaded:    13, total:  13, progress:100%
2026-07-26 00:08:38 - mkk_pika - database.py:238 - INFO - 数据库更新已下载章节
2026-07-26 00:08:38 - mkk_pika - database.py:244 - INFO - 该漫画已下载章节如下
2026-07-26 00:08:38 - mkk_pika - database.py:245 - INFO - ['第1集']
2026-07-26 00:08:39 - mkk_pika - main.py:348 - INFO - ==================== 漫画信息 ====================
                                   漫画ID：5c2dd156f3c9c21befadb698
                                   标题：たくじ本GOLD2018ふゆ (アイドルマスター シンデレラガールズ)
                                   作者：Number2 (たくじ)
                                   是否完结：是
                                   总页数：13
                                   分类：同人,全彩,短篇
                                   章节数：1
                                   最后更新时间：2019-01-03T09:09:42.570Z
                                   =================================================
2026-07-26 00:08:39 - mkk_pika - database.py:101 - INFO - 保存成功：たくじ本GOLD2018ふゆ (アイドルマスター シンデレラガールズ)
2026-07-26 00:08:39 - mkk_pika - main.py:35 - INFO - 开始检查ふしぎなおくりもの是否存在未下载章节
2026-07-26 00:08:39 - mkk_pika - main.py:45 - INFO - 正在下载:[ふしぎなおくりもの]-[かじぐるみ (かじうら)]-[['純愛', '非人類', '短篇', '同人']]-[total_pages:24]
2026-07-26 00:08:39 - mkk_pika - main.py:49 - INFO - [{'_id': '5c2dd178f3c9c21befadb6a8', 'title': '第1集', 'order': 1, 'updated_at': '2019-01-02T21:31:35.229Z', 'id': '5c2dd178f3c9c21befadb6a8'}]
2026-07-26 00:08:39 - mkk_pika - database.py:215 - INFO - 第一次下载该漫画，记录数据库中
2026-07-26 00:08:40 - mkk_pika - main.py:83 - INFO - 找到 24 张图片在:第1集
2026-07-26 00:08:41 - mkk_pika - main.py:112 - INFO - [episode:第1集       ] downloaded:    24, total:  24, progress:100%
2026-07-26 00:08:41 - mkk_pika - database.py:238 - INFO - 数据库更新已下载章节
2026-07-26 00:08:41 - mkk_pika - database.py:244 - INFO - 该漫画已下载章节如下
2026-07-26 00:08:41 - mkk_pika - database.py:245 - INFO - ['第1集']
2026-07-26 00:08:42 - mkk_pika - main.py:348 - INFO - ==================== 漫画信息 ====================
                                   漫画ID：5c2dd178f3c9c21befadb6a7
                                   标题：ふしぎなおくりもの
                                   作者：かじぐるみ (かじうら)
                                   是否完结：否
                                   总页数：24
                                   分类：純愛,非人類,短篇,同人
                                   章节数：1
                                   最后更新时间：2019-01-03T09:10:16.410Z
                                   =================================================
2026-07-26 00:08:42 - mkk_pika - database.py:101 - INFO - 保存成功：ふしぎなおくりもの
2026-07-26 00:08:42 - mkk_pika - main.py:35 - INFO - 开始检查メガネ吸血種の浮気ごっこ是否存在未下载章节
2026-07-26 00:08:42 - mkk_pika - main.py:45 - INFO - 正在下载:[メガネ吸血種の浮気ごっこ]-[ヒツジ企画 (むねしろ)]-[['短篇', '同人', 'NTR', '非人類', 'Fate']]-[total_pages:27]
2026-07-26 00:08:42 - mkk_pika - main.py:49 - INFO - [{'_id': '5c2dd18f84147c72496480d6', 'title': '第1集', 'order': 1, 'updated_at': '2019-01-03T02:27:36.803Z', 'id': '5c2dd18f84147c72496480d6'}]
2026-07-26 00:08:42 - mkk_pika - database.py:215 - INFO - 第一次下载该漫画，记录数据库中
2026-07-26 00:08:43 - mkk_pika - main.py:83 - INFO - 找到 27 张图片在:第1集
2026-07-26 00:08:43 - mkk_pika - main.py:112 - INFO - [episode:第1集       ] downloaded:    27, total:  27, progress:100%
2026-07-26 00:08:43 - mkk_pika - database.py:238 - INFO - 数据库更新已下载章节
2026-07-26 00:08:43 - mkk_pika - database.py:244 - INFO - 该漫画已下载章节如下
2026-07-26 00:08:43 - mkk_pika - database.py:245 - INFO - ['第1集']
2026-07-26 00:08:45 - mkk_pika - main.py:348 - INFO - ==================== 漫画信息 ====================
                                   漫画ID：5c2dd18f84147c72496480d5
                                   标题：メガネ吸血種の浮気ごっこ
                                   作者：ヒツジ企画 (むねしろ)
                                   是否完结：是
                                   总页数：27
                                   分类：短篇,同人,NTR,非人類,Fate
                                   章节数：1
                                   最后更新时间：2019-01-03T09:10:39.846Z
                                   =================================================
2026-07-26 00:08:45 - mkk_pika - database.py:101 - INFO - 保存成功：メガネ吸血種の浮気ごっこ
2026-07-26 00:08:45 - mkk_pika - main.py:35 - INFO - 开始检查 立香君の災難?2 ～狙われた子羊!?～是否存在未下载章节
2026-07-26 00:08:45 - mkk_pika - main.py:45 - INFO - 正在下载:[ 立香君の災難?2 ～狙われた子羊!?～]-[Z.A.P. (ズッキーニ)]-[['同人', '短篇', 'Fate']]-[total_pages:21]
2026-07-26 00:08:45 - mkk_pika - main.py:49 - INFO - [{'_id': '5c2dd1a09063e71bb9ba0ef2', 'title': '第1集', 'order': 1, 'updated_at': '2019-01-03T02:33:05.868Z', 'id': '5c2dd1a09063e71bb9ba0ef2'}]
2026-07-26 00:08:45 - mkk_pika - database.py:215 - INFO - 第一次下载该漫画，记录数据库中
2026-07-26 00:08:46 - mkk_pika - main.py:83 - INFO - 找到 21 张图片在:第1集
2026-07-26 00:08:46 - mkk_pika - main.py:112 - INFO - [episode:第1集       ] downloaded:    21, total:  21, progress:100%
2026-07-26 00:08:46 - mkk_pika - database.py:238 - INFO - 数据库更新已下载章节
2026-07-26 00:08:46 - mkk_pika - database.py:244 - INFO - 该漫画已下载章节如下
2026-07-26 00:08:46 - mkk_pika - database.py:245 - INFO - ['第1集']
2026-07-26 00:08:47 - mkk_pika - main.py:348 - INFO - ==================== 漫画信息 ====================
                                   漫画ID：5c2dd1a09063e71bb9ba0ef1
                                   标题： 立香君の災難?2 ～狙われた子羊!?～
                                   作者：Z.A.P. (ズッキーニ)
                                   是否完结：是
                                   总页数：21
                                   分类：同人,短篇,Fate
                                   章节数：1
                                   最后更新时间：2019-01-03T09:10:56.622Z
                                   =================================================
2026-07-26 00:08:47 - mkk_pika - database.py:101 - INFO - 保存成功： 立香君の災難?2 ～狙われた子羊!?～
2026-07-26 00:08:47 - mkk_pika - main.py:35 - INFO - 开始检查(C95) HORNY BUNNY (グランブルーファンタジー)是否存在未下载章节
2026-07-26 00:08:48 - mkk_pika - main.py:45 - INFO - 正在下载:[(C95) HORNY BUNNY (グランブルーファンタジー)]-[Handful☆Happiness! (七原冬雪)]-[['同人', '碧藍幻想', '短篇']]-[total_pages:29]
2026-07-26 00:08:48 - mkk_pika - main.py:49 - INFO - [{'_id': '5c2dd225f3c9c21befadb6c3', 'title': '第1集', 'order': 1, 'updated_at': '2019-01-03T02:44:08.895Z', 'id': '5c2dd225f3c9c21befadb6c3'}]
2026-07-26 00:08:48 - mkk_pika - database.py:215 - INFO - 第一次下载该漫画，记录数据库中
2026-07-26 00:08:49 - mkk_pika - main.py:83 - INFO - 找到 29 张图片在:第1集
2026-07-26 00:08:49 - mkk_pika - main.py:112 - INFO - [episode:第1集       ] downloaded:    29, total:  29, progress:100%
2026-07-26 00:08:49 - mkk_pika - database.py:238 - INFO - 数据库更新已下载章节
2026-07-26 00:08:49 - mkk_pika - database.py:244 - INFO - 该漫画已下载章节如下
2026-07-26 00:08:49 - mkk_pika - database.py:245 - INFO - ['第1集']
2026-07-26 00:08:50 - mkk_pika - main.py:348 - INFO - ==================== 漫画信息 ====================
                                   漫画ID：5c2dd225f3c9c21befadb6c2
                                   标题：(C95) HORNY BUNNY (グランブルーファンタジー)
                                   作者：Handful☆Happiness! (七原冬雪)
                                   是否完结：是
                                   总页数：29
                                   分类：同人,碧藍幻想,短篇
                                   章节数：1
                                   最后更新时间：2019-01-03T09:13:09.209Z
                                   =================================================
2026-07-26 00:08:50 - mkk_pika - database.py:101 - INFO - 保存成功：(C95) HORNY BUNNY (グランブルーファンタジー)
2026-07-26 00:08:50 - mkk_pika - main.py:35 - INFO - 开始检查(C95) 浜風の悩みゴト (艦隊これくしょん -艦これ-) 是否存在未下载章节
2026-07-26 00:08:51 - mkk_pika - main.py:45 - INFO - 正在下载:[(C95) 浜風の悩みゴト (艦隊これくしょん -艦これ-) ]-[踏切前 (ふみきり)]-[['同人', '短篇', '艦隊收藏']]-[total_pages:17]
2026-07-26 00:08:51 - mkk_pika - main.py:49 - INFO - [{'_id': '5c2dd2398929fe1bf05cbdaf', 'title': '第1集', 'order': 1, 'updated_at': '2019-01-03T02:48:55.832Z', 'id': '5c2dd2398929fe1bf05cbdaf'}]
2026-07-26 00:08:51 - mkk_pika - database.py:215 - INFO - 第一次下载该漫画，记录数据库中
2026-07-26 00:08:51 - mkk_pika - main.py:83 - INFO - 找到 17 张图片在:第1集
2026-07-26 00:08:52 - mkk_pika - main.py:112 - INFO - [episode:第1集       ] downloaded:    17, total:  17, progress:100%
2026-07-26 00:08:52 - mkk_pika - database.py:238 - INFO - 数据库更新已下载章节
2026-07-26 00:08:52 - mkk_pika - database.py:244 - INFO - 该漫画已下载章节如下
2026-07-26 00:08:52 - mkk_pika - database.py:245 - INFO - ['第1集']
2026-07-26 00:08:53 - mkk_pika - main.py:348 - INFO - ==================== 漫画信息 ====================
                                   漫画ID：5c2dd2398929fe1bf05cbdae
                                   标题：(C95) 浜風の悩みゴト (艦隊これくしょん -艦これ-) 
                                   作者：踏切前 (ふみきり)
                                   是否完结：是
                                   总页数：17
                                   分类：同人,短篇,艦隊收藏
                                   章节数：1
                                   最后更新时间：2019-01-03T09:13:29.522Z
                                   =================================================
2026-07-26 00:08:53 - mkk_pika - database.py:101 - INFO - 保存成功：(C95) 浜風の悩みゴト (艦隊これくしょん -艦これ-) 
2026-07-26 00:08:53 - mkk_pika - main.py:35 - INFO - 开始检查ふたなり彼女 -成長編- 是否存在未下载章节
2026-07-26 00:08:53 - mkk_pika - main.py:45 - INFO - 正在下载:[ふたなり彼女 -成長編- ]-[エフ屋 (メッシィ)]-[['短篇', '扶他樂園']]-[total_pages:24]
2026-07-26 00:08:53 - mkk_pika - main.py:49 - INFO - [{'_id': '5c2dd2a69063e71bb9ba0f4d', 'title': '第1集', 'order': 1, 'updated_at': '2019-01-03T02:59:43.651Z', 'id': '5c2dd2a69063e71bb9ba0f4d'}]
2026-07-26 00:08:53 - mkk_pika - database.py:215 - INFO - 第一次下载该漫画，记录数据库中
2026-07-26 00:08:54 - mkk_pika - main.py:83 - INFO - 找到 24 张图片在:第1集
2026-07-26 00:08:54 - mkk_pika - main.py:112 - INFO - [episode:第1集       ] downloaded:    24, total:  24, progress:100%
2026-07-26 00:08:54 - mkk_pika - database.py:238 - INFO - 数据库更新已下载章节
2026-07-26 00:08:54 - mkk_pika - database.py:244 - INFO - 该漫画已下载章节如下
2026-07-26 00:08:54 - mkk_pika - database.py:245 - INFO - ['第1集']
2026-07-26 00:08:56 - mkk_pika - main.py:348 - INFO - ==================== 漫画信息 ====================
                                   漫画ID：5c2dd2a69063e71bb9ba0f4c
                                   标题：ふたなり彼女 -成長編- 
                                   作者：エフ屋 (メッシィ)
                                   是否完结：是
                                   总页数：24
                                   分类：短篇,扶他樂園
                                   章节数：1
                                   最后更新时间：2019-01-03T09:15:18.443Z
                                   =================================================
2026-07-26 00:08:56 - mkk_pika - database.py:101 - INFO - 保存成功：ふたなり彼女 -成長編- 
2026-07-26 00:08:56 - mkk_pika - main.py:35 - INFO - 开始检查とあるエルフを引き取りまして 春眠の日是否存在未下载章节
2026-07-26 00:08:56 - mkk_pika - main.py:45 - INFO - 正在下载:[とあるエルフを引き取りまして 春眠の日]-[SlapStickStrike (ステルス改行)]-[['短篇', '純愛', '姐姐系']]-[total_pages:27]
2026-07-26 00:08:56 - mkk_pika - main.py:49 - INFO - [{'_id': '5c2dd367a660eb4466f206a8', 'title': '第1集', 'order': 1, 'updated_at': '2018-12-10T12:52:57.399Z', 'id': '5c2dd367a660eb4466f206a8'}]
2026-07-26 00:08:56 - mkk_pika - database.py:215 - INFO - 第一次下载该漫画，记录数据库中
2026-07-26 00:08:57 - mkk_pika - main.py:83 - INFO - 找到 27 张图片在:第1集
2026-07-26 00:08:57 - mkk_pika - main.py:112 - INFO - [episode:第1集       ] downloaded:    27, total:  27, progress:100%
2026-07-26 00:08:57 - mkk_pika - database.py:238 - INFO - 数据库更新已下载章节
2026-07-26 00:08:57 - mkk_pika - database.py:244 - INFO - 该漫画已下载章节如下
2026-07-26 00:08:57 - mkk_pika - database.py:245 - INFO - ['第1集']
2026-07-26 00:08:58 - mkk_pika - main.py:348 - INFO - ==================== 漫画信息 ====================
                                   漫画ID：5c2dd367a660eb4466f206a7
                                   标题：とあるエルフを引き取りまして 春眠の日
                                   作者：SlapStickStrike (ステルス改行)
                                   是否完结：否
                                   总页数：27
                                   分类：短篇,純愛,姐姐系
                                   章节数：1
                                   最后更新时间：2019-01-03T09:18:31.150Z
                                   =================================================
2026-07-26 00:08:58 - mkk_pika - database.py:101 - INFO - 保存成功：とあるエルフを引き取りまして 春眠の日
2026-07-26 00:08:58 - mkk_pika - main.py:35 - INFO - 开始检查ろり&ふた Vol.12 (小林さんちのメイドラゴン)是否存在未下载章节
2026-07-26 00:08:59 - mkk_pika - main.py:45 - INFO - 正在下载:[ろり&ふた Vol.12 (小林さんちのメイドラゴン)]-[Achromic (夢双月)]-[['同人', '短篇', '扶他樂園']]-[total_pages:36]
2026-07-26 00:08:59 - mkk_pika - main.py:49 - INFO - [{'_id': '5c2dd39b411842206aaccdf9', 'title': '第1集', 'order': 1, 'updated_at': '2019-01-03T03:12:51.356Z', 'id': '5c2dd39b411842206aaccdf9'}]
2026-07-26 00:08:59 - mkk_pika - database.py:215 - INFO - 第一次下载该漫画，记录数据库中
2026-07-26 00:08:59 - mkk_pika - main.py:83 - INFO - 找到 36 张图片在:第1集
2026-07-26 00:09:00 - mkk_pika - main.py:112 - INFO - [episode:第1集       ] downloaded:    36, total:  36, progress:100%
2026-07-26 00:09:00 - mkk_pika - database.py:238 - INFO - 数据库更新已下载章节
2026-07-26 00:09:00 - mkk_pika - database.py:244 - INFO - 该漫画已下载章节如下
2026-07-26 00:09:00 - mkk_pika - database.py:245 - INFO - ['第1集']
2026-07-26 00:09:01 - mkk_pika - main.py:348 - INFO - ==================== 漫画信息 ====================
                                   漫画ID：5c2dd39b411842206aaccdf8
                                   标题：ろり&ふた Vol.12 (小林さんちのメイドラゴン)
                                   作者：Achromic (夢双月)
                                   是否完结：是
                                   总页数：36
                                   分类：同人,短篇,扶他樂園
                                   章节数：1
                                   最后更新时间：2019-01-03T09:19:23.509Z
                                   =================================================
2026-07-26 00:09:01 - mkk_pika - database.py:101 - INFO - 保存成功：ろり&ふた Vol.12 (小林さんちのメイドラゴン)
2026-07-26 00:09:01 - mkk_pika - main.py:35 - INFO - 开始检查(C95) ヴィーナスインフェクション (ポケットモンスター サン･ムーン)是否存在未下载章节
2026-07-26 00:09:02 - mkk_pika - main.py:45 - INFO - 正在下载:[(C95) ヴィーナスインフェクション (ポケットモンスター サン･ムーン)]-[バンサンカン (ばん!)]-[['同人', '短篇', '人妻']]-[total_pages:22]
2026-07-26 00:09:02 - mkk_pika - main.py:49 - INFO - [{'_id': '5c2dd3aab82c217251891981', 'title': '第1集', 'order': 1, 'updated_at': '2019-01-03T03:15:20.004Z', 'id': '5c2dd3aab82c217251891981'}]
2026-07-26 00:09:02 - mkk_pika - database.py:215 - INFO - 第一次下载该漫画，记录数据库中
2026-07-26 00:09:02 - mkk_pika - main.py:83 - INFO - 找到 22 张图片在:第1集
2026-07-26 00:09:03 - mkk_pika - main.py:112 - INFO - [episode:第1集       ] downloaded:    22, total:  22, progress:100%
2026-07-26 00:09:03 - mkk_pika - database.py:238 - INFO - 数据库更新已下载章节
2026-07-26 00:09:03 - mkk_pika - database.py:244 - INFO - 该漫画已下载章节如下
2026-07-26 00:09:03 - mkk_pika - database.py:245 - INFO - ['第1集']
2026-07-26 00:09:04 - mkk_pika - main.py:348 - INFO - ==================== 漫画信息 ====================
                                   漫画ID：5c2dd3aab82c217251891980
                                   标题：(C95) ヴィーナスインフェクション (ポケットモンスター サン･ムーン)
                                   作者：バンサンカン (ばん!)
                                   是否完结：是
                                   总页数：22
                                   分类：同人,短篇,人妻
                                   章节数：1
                                   最后更新时间：2019-01-03T09:19:38.761Z
                                   =================================================
2026-07-26 00:09:04 - mkk_pika - database.py:101 - INFO - 保存成功：(C95) ヴィーナスインフェクション (ポケットモンスター サン･ムーン)
2026-07-26 00:09:04 - mkk_pika - main.py:35 - INFO - 开始检查(遊宴雀) みすちんちん (東方Project)是否存在未下载章节
2026-07-26 00:09:04 - mkk_pika - main.py:45 - INFO - 正在下载:[(遊宴雀) みすちんちん (東方Project)]-[圧縮工房 (テラzip)]-[['同人', '短篇', '東方']]-[total_pages:25]
2026-07-26 00:09:04 - mkk_pika - main.py:49 - INFO - [{'_id': '5c2dd3e184147c7249648214', 'title': '第1集', 'order': 1, 'updated_at': '2019-01-03T03:19:55.407Z', 'id': '5c2dd3e184147c7249648214'}]
2026-07-26 00:09:04 - mkk_pika - database.py:215 - INFO - 第一次下载该漫画，记录数据库中
2026-07-26 00:09:05 - mkk_pika - main.py:83 - INFO - 找到 25 张图片在:第1集
2026-07-26 00:09:06 - mkk_pika - main.py:112 - INFO - [episode:第1集       ] downloaded:    25, total:  25, progress:100%
2026-07-26 00:09:06 - mkk_pika - database.py:238 - INFO - 数据库更新已下载章节
2026-07-26 00:09:06 - mkk_pika - database.py:244 - INFO - 该漫画已下载章节如下
2026-07-26 00:09:06 - mkk_pika - database.py:245 - INFO - ['第1集']
2026-07-26 00:09:07 - mkk_pika - main.py:348 - INFO - ==================== 漫画信息 ====================
                                   漫画ID：5c2dd3e184147c7249648213
                                   标题：(遊宴雀) みすちんちん (東方Project)
                                   作者：圧縮工房 (テラzip)
                                   是否完结：是
                                   总页数：25
                                   分类：同人,短篇,東方
                                   章节数：1
                                   最后更新时间：2019-01-03T09:20:33.550Z
                                   =================================================
2026-07-26 00:09:07 - mkk_pika - database.py:101 - INFO - 保存成功：(遊宴雀) みすちんちん (東方Project)
2026-07-26 00:09:07 - mkk_pika - main.py:35 - INFO - 开始检查(C95) 放課後中出しプロデュースされちゃってます (アイドルマスター シャイニーカラーズ)是否存在未下载章节
2026-07-26 00:09:07 - mkk_pika - main.py:45 - INFO - 正在下载:[(C95) 放課後中出しプロデュースされちゃってます (アイドルマスター シャイニーカラーズ)]-[Number2 (たくじ)]-[['短篇', '同人', '全彩']]-[total_pages:24]
2026-07-26 00:09:07 - mkk_pika - main.py:49 - INFO - [{'_id': '5c2dd3f52bfd547280f6a270', 'title': '第1集', 'order': 1, 'updated_at': '2019-01-03T03:23:14.031Z', 'id': '5c2dd3f52bfd547280f6a270'}]
2026-07-26 00:09:07 - mkk_pika - database.py:215 - INFO - 第一次下载该漫画，记录数据库中
2026-07-26 00:09:08 - mkk_pika - main.py:83 - INFO - 找到 24 张图片在:第1集
2026-07-26 00:09:08 - mkk_pika - main.py:112 - INFO - [episode:第1集       ] downloaded:    24, total:  24, progress:100%
2026-07-26 00:09:08 - mkk_pika - database.py:238 - INFO - 数据库更新已下载章节
2026-07-26 00:09:08 - mkk_pika - database.py:244 - INFO - 该漫画已下载章节如下
2026-07-26 00:09:08 - mkk_pika - database.py:245 - INFO - ['第1集']
2026-07-26 00:09:09 - mkk_pika - main.py:348 - INFO - ==================== 漫画信息 ====================
                                   漫画ID：5c2dd3f52bfd547280f6a26f
                                   标题：(C95) 放課後中出しプロデュースされちゃってます (アイドルマスター シャイニーカラーズ)
                                   作者：Number2 (たくじ)
                                   是否完结：是
                                   总页数：24
                                   分类：短篇,同人,全彩
                                   章节数：1
                                   最后更新时间：2019-01-03T09:20:53.640Z
                                   =================================================
2026-07-26 00:09:09 - mkk_pika - database.py:101 - INFO - 保存成功：(C95) 放課後中出しプロデュースされちゃってます (アイドルマスター シャイニーカラーズ)
2026-07-26 00:09:09 - mkk_pika - main.py:35 - INFO - 开始检查サーヴァントみこっチューバー玉藻ちゃん是否存在未下载章节
2026-07-26 00:09:10 - mkk_pika - main.py:45 - INFO - 正在下载:[サーヴァントみこっチューバー玉藻ちゃん]-[やみつき本舗 (ワイズスピーク)]-[['同人', '短篇', 'Fate']]-[total_pages:51]
2026-07-26 00:09:10 - mkk_pika - main.py:49 - INFO - [{'_id': '5bb18ef8383dc25ab304c685', 'title': '生肉', 'order': 1, 'updated_at': '2019-01-03T09:21:45.658Z', 'id': '5bb18ef8383dc25ab304c685'}, {'_id': '5c2dd42916e7a320a17f5628', 'title': '熟肉', 'order': 2, 'updated_at': '2018-12-11T12:11:35.425Z', 'id': '5c2dd42916e7a320a17f5628'}]
2026-07-26 00:09:10 - mkk_pika - database.py:215 - INFO - 第一次下载该漫画，记录数据库中
2026-07-26 00:09:10 - mkk_pika - main.py:83 - INFO - 找到 26 张图片在:生肉
2026-07-26 00:09:11 - mkk_pika - main.py:112 - INFO - [episode:生肉        ] downloaded:    26, total:  26, progress:100%
2026-07-26 00:09:11 - mkk_pika - database.py:238 - INFO - 数据库更新已下载章节
2026-07-26 00:09:11 - mkk_pika - database.py:244 - INFO - 该漫画已下载章节如下
2026-07-26 00:09:11 - mkk_pika - database.py:245 - INFO - ['生肉']
2026-07-26 00:09:12 - mkk_pika - main.py:83 - INFO - 找到 25 张图片在:熟肉
2026-07-26 00:09:13 - mkk_pika - main.py:112 - INFO - [episode:熟肉        ] downloaded:    25, total:  25, progress:100%
2026-07-26 00:09:13 - mkk_pika - database.py:238 - INFO - 数据库更新已下载章节
2026-07-26 00:09:13 - mkk_pika - database.py:244 - INFO - 该漫画已下载章节如下
2026-07-26 00:09:13 - mkk_pika - database.py:245 - INFO - ['生肉', '熟肉']
2026-07-26 00:09:15 - mkk_pika - main.py:348 - INFO - ==================== 漫画信息 ====================
                                   漫画ID：5bb18ef8383dc25ab304c684
                                   标题：サーヴァントみこっチューバー玉藻ちゃん
                                   作者：やみつき本舗 (ワイズスピーク)
                                   是否完结：否
                                   总页数：51
                                   分类：同人,短篇,Fate
                                   章节数：2
                                   最后更新时间：2019-01-03T09:21:45.634Z
                                   =================================================
2026-07-26 00:09:15 - mkk_pika - database.py:101 - INFO - 保存成功：サーヴァントみこっチューバー玉藻ちゃん
2026-07-26 00:09:15 - mkk_pika - main.py:35 - INFO - 开始检查私の、お兄ちゃん 描きおろし (私の、お兄ちゃん 総集編) 是否存在未下载章节
2026-07-26 00:09:15 - mkk_pika - main.py:45 - INFO - 正在下载:[私の、お兄ちゃん 描きおろし (私の、お兄ちゃん 総集編) ]-[TIES (タケイオーキ)]-[['短篇', '妹妹系', 'NTR']]-[total_pages:22]
2026-07-26 00:09:15 - mkk_pika - main.py:49 - INFO - [{'_id': '5c2dd44424ea73445e009456', 'title': '第1集', 'order': 1, 'updated_at': '2019-01-03T03:51:32.118Z', 'id': '5c2dd44424ea73445e009456'}]
2026-07-26 00:09:15 - mkk_pika - database.py:215 - INFO - 第一次下载该漫画，记录数据库中
2026-07-26 00:09:16 - mkk_pika - main.py:83 - INFO - 找到 22 张图片在:第1集
2026-07-26 00:09:16 - mkk_pika - main.py:112 - INFO - [episode:第1集       ] downloaded:    22, total:  22, progress:100%
2026-07-26 00:09:16 - mkk_pika - database.py:238 - INFO - 数据库更新已下载章节
2026-07-26 00:09:16 - mkk_pika - database.py:244 - INFO - 该漫画已下载章节如下
2026-07-26 00:09:16 - mkk_pika - database.py:245 - INFO - ['第1集']
2026-07-26 00:09:17 - mkk_pika - main.py:348 - INFO - ==================== 漫画信息 ====================
                                   漫画ID：5c2dd44424ea73445e009455
                                   标题：私の、お兄ちゃん 描きおろし (私の、お兄ちゃん 総集編) 
                                   作者：TIES (タケイオーキ)
                                   是否完结：是
                                   总页数：22
                                   分类：短篇,妹妹系,NTR
                                   章节数：1
                                   最后更新时间：2019-01-03T09:22:12.720Z
                                   =================================================
2026-07-26 00:09:17 - mkk_pika - database.py:101 - INFO - 保存成功：私の、お兄ちゃん 描きおろし (私の、お兄ちゃん 総集編) 
2026-07-26 00:09:17 - mkk_pika - main.py:35 - INFO - 开始检查鏡の中のCHERRIES CC (カードキャプターさくら)是否存在未下载章节
2026-07-26 00:09:18 - mkk_pika - main.py:45 - INFO - 正在下载:[鏡の中のCHERRIES CC (カードキャプターさくら)]-[モロトフカクテル (大輪田泊)]-[['同人', '短篇', '強暴']]-[total_pages:35]
2026-07-26 00:09:18 - mkk_pika - main.py:49 - INFO - [{'_id': '5c2dd4afb82c2172518919b4', 'title': '第1集', 'order': 1, 'updated_at': '2019-01-03T04:04:18.512Z', 'id': '5c2dd4afb82c2172518919b4'}]
2026-07-26 00:09:18 - mkk_pika - database.py:215 - INFO - 第一次下载该漫画，记录数据库中
2026-07-26 00:09:18 - mkk_pika - main.py:83 - INFO - 找到 35 张图片在:第1集
2026-07-26 00:09:19 - mkk_pika - main.py:112 - INFO - [episode:第1集       ] downloaded:    35, total:  35, progress:100%
2026-07-26 00:09:19 - mkk_pika - database.py:238 - INFO - 数据库更新已下载章节
2026-07-26 00:09:19 - mkk_pika - database.py:244 - INFO - 该漫画已下载章节如下
2026-07-26 00:09:19 - mkk_pika - database.py:245 - INFO - ['第1集']
2026-07-26 00:09:21 - mkk_pika - main.py:348 - INFO - ==================== 漫画信息 ====================
                                   漫画ID：5c2dd4afb82c2172518919b3
                                   标题：鏡の中のCHERRIES CC (カードキャプターさくら)
                                   作者：モロトフカクテル (大輪田泊)
                                   是否完结：是
                                   总页数：35
                                   分类：同人,短篇,強暴
                                   章节数：1
                                   最后更新时间：2019-01-03T09:23:59.687Z
                                   =================================================
2026-07-26 00:09:21 - mkk_pika - database.py:101 - INFO - 保存成功：鏡の中のCHERRIES CC (カードキャプターさくら)
2026-07-26 00:09:21 - mkk_pika - main.py:35 - INFO - 开始检查お姉さんの性生活についての考察是否存在未下载章节
2026-07-26 00:09:21 - mkk_pika - main.py:45 - INFO - 正在下载:[お姉さんの性生活についての考察]-[えびふらい]-[['長篇', '單行本', '姐姐系']]-[total_pages:183]
2026-07-26 00:09:21 - mkk_pika - main.py:49 - INFO - [{'_id': '5c2dd4bf2bfd547280f6a2b4', 'title': '第1集', 'order': 1, 'updated_at': '2019-01-03T04:13:33.462Z', 'id': '5c2dd4bf2bfd547280f6a2b4'}]
2026-07-26 00:09:21 - mkk_pika - database.py:215 - INFO - 第一次下载该漫画，记录数据库中
2026-07-26 00:09:24 - mkk_pika - main.py:83 - INFO - 找到 183 张图片在:第1集
2026-07-26 00:09:27 - mkk_pika - main.py:112 - INFO - [episode:第1集       ] downloaded:   183, total: 183, progress:100%
2026-07-26 00:09:27 - mkk_pika - database.py:238 - INFO - 数据库更新已下载章节
2026-07-26 00:09:27 - mkk_pika - database.py:244 - INFO - 该漫画已下载章节如下
2026-07-26 00:09:27 - mkk_pika - database.py:245 - INFO - ['第1集']
2026-07-26 00:09:28 - mkk_pika - main.py:348 - INFO - ==================== 漫画信息 ====================
                                   漫画ID：5c2dd4bf2bfd547280f6a2b3
                                   标题：お姉さんの性生活についての考察
                                   作者：えびふらい
                                   是否完结：是
                                   总页数：183
                                   分类：長篇,單行本,姐姐系
                                   章节数：1
                                   最后更新时间：2019-01-03T09:24:15.747Z
                                   =================================================
2026-07-26 00:09:28 - mkk_pika - database.py:101 - INFO - 保存成功：お姉さんの性生活についての考察
2026-07-26 00:09:28 - mkk_pika - main.py:35 - INFO - 开始检查ご注文はくびわですか- (ご注文はうさぎですか-)是否存在未下载章节
2026-07-26 00:09:28 - mkk_pika - main.py:45 - INFO - 正在下载:[ご注文はくびわですか- (ご注文はうさぎですか-)]-[あとりえひなた (ひなた悠)]-[['全彩', '同人', '短篇']]-[total_pages:9]
2026-07-26 00:09:28 - mkk_pika - main.py:49 - INFO - [{'_id': '5c2dd538f3c9c21befadb6ec', 'title': '第1集', 'order': 1, 'updated_at': '2019-01-03T06:46:10.790Z', 'id': '5c2dd538f3c9c21befadb6ec'}]
2026-07-26 00:09:28 - mkk_pika - database.py:215 - INFO - 第一次下载该漫画，记录数据库中
2026-07-26 00:09:29 - mkk_pika - main.py:83 - INFO - 找到 9 张图片在:第1集
2026-07-26 00:09:29 - mkk_pika - main.py:112 - INFO - [episode:第1集       ] downloaded:     9, total:   9, progress:100%
2026-07-26 00:09:29 - mkk_pika - database.py:238 - INFO - 数据库更新已下载章节
2026-07-26 00:09:29 - mkk_pika - database.py:244 - INFO - 该漫画已下载章节如下
2026-07-26 00:09:29 - mkk_pika - database.py:245 - INFO - ['第1集']
2026-07-26 00:09:30 - mkk_pika - main.py:348 - INFO - ==================== 漫画信息 ====================
                                   漫画ID：5c2dd538f3c9c21befadb6eb
                                   标题：ご注文はくびわですか- (ご注文はうさぎですか-)
                                   作者：あとりえひなた (ひなた悠)
                                   是否完结：是
                                   总页数：9
                                   分类：全彩,同人,短篇
                                   章节数：1
                                   最后更新时间：2019-01-03T09:26:16.890Z
                                   =================================================
2026-07-26 00:09:30 - mkk_pika - database.py:101 - INFO - 保存成功：ご注文はくびわですか- (ご注文はうさぎですか-)
2026-07-26 00:09:30 - mkk_pika - main.py:35 - INFO - 开始检查人狼匂に吠ゆれば山彦声に吠ゆ (東方Project)是否存在未下载章节
2026-07-26 00:09:31 - mkk_pika - main.py:45 - INFO - 正在下载:[人狼匂に吠ゆれば山彦声に吠ゆ (東方Project)]-[Animal Passion (茹でピー)]-[['同人', '短篇', '純愛', '非人類', '東方', '扶他樂園']]-[total_pages:26]
2026-07-26 00:09:31 - mkk_pika - main.py:49 - INFO - [{'_id': '5c2dd59084147c724964827f', 'title': '第1集', 'order': 1, 'updated_at': '2019-01-03T07:28:32.639Z', 'id': '5c2dd59084147c724964827f'}]
2026-07-26 00:09:31 - mkk_pika - database.py:215 - INFO - 第一次下载该漫画，记录数据库中
2026-07-26 00:09:31 - mkk_pika - main.py:83 - INFO - 找到 26 张图片在:第1集
2026-07-26 00:09:32 - mkk_pika - main.py:112 - INFO - [episode:第1集       ] downloaded:    26, total:  26, progress:100%
2026-07-26 00:09:32 - mkk_pika - database.py:238 - INFO - 数据库更新已下载章节
2026-07-26 00:09:32 - mkk_pika - database.py:244 - INFO - 该漫画已下载章节如下
2026-07-26 00:09:32 - mkk_pika - database.py:245 - INFO - ['第1集']
2026-07-26 00:09:33 - mkk_pika - main.py:348 - INFO - ==================== 漫画信息 ====================
                                   漫画ID：5c2dd59084147c724964827e
                                   标题：人狼匂に吠ゆれば山彦声に吠ゆ (東方Project)
                                   作者：Animal Passion (茹でピー)
                                   是否完结：否
                                   总页数：26
                                   分类：同人,短篇,純愛,非人類,東方,扶他樂園
                                   章节数：1
                                   最后更新时间：2019-01-03T09:27:44.938Z
                                   =================================================
2026-07-26 00:09:33 - mkk_pika - database.py:101 - INFO - 保存成功：人狼匂に吠ゆれば山彦声に吠ゆ (東方Project)
2026-07-26 00:09:33 - mkk_pika - main.py:35 - INFO - 开始检查断罪の教会是否存在未下载章节
2026-07-26 00:09:34 - mkk_pika - main.py:45 - INFO - 正在下载:[断罪の教会]-[おとちち]-[['短篇', 'SM']]-[total_pages:21]
2026-07-26 00:09:34 - mkk_pika - main.py:49 - INFO - [{'_id': '5c2dd5aec561e744309e5b66', 'title': '第1集', 'order': 1, 'updated_at': '2019-01-03T09:20:06.077Z', 'id': '5c2dd5aec561e744309e5b66'}]
2026-07-26 00:09:34 - mkk_pika - database.py:215 - INFO - 第一次下载该漫画，记录数据库中
2026-07-26 00:09:35 - mkk_pika - main.py:83 - INFO - 找到 21 张图片在:第1集
2026-07-26 00:09:35 - mkk_pika - main.py:112 - INFO - [episode:第1集       ] downloaded:    21, total:  21, progress:100%
2026-07-26 00:09:35 - mkk_pika - database.py:238 - INFO - 数据库更新已下载章节
2026-07-26 00:09:35 - mkk_pika - database.py:244 - INFO - 该漫画已下载章节如下
2026-07-26 00:09:35 - mkk_pika - database.py:245 - INFO - ['第1集']
2026-07-26 00:09:36 - mkk_pika - main.py:348 - INFO - ==================== 漫画信息 ====================
                                   漫画ID：5c2dd5aec561e744309e5b65
                                   标题：断罪の教会
                                   作者：おとちち
                                   是否完结：是
                                   总页数：21
                                   分类：短篇,SM
                                   章节数：1
                                   最后更新时间：2019-01-03T09:28:14.191Z
                                   =================================================
2026-07-26 00:09:36 - mkk_pika - database.py:101 - INFO - 保存成功：断罪の教会
2026-07-26 00:09:36 - mkk_pika - main.py:35 - INFO - 开始检查(C93) 指揮官教えてくれ…私はあと何回周回すればいい  (アズールレーン)是否存在未下载章节
2026-07-26 00:09:37 - mkk_pika - main.py:45 - INFO - 正在下载:[(C93) 指揮官教えてくれ…私はあと何回周回すればいい  (アズールレーン)]-[Tonari]-[['短篇', '同人', '艦隊收藏']]-[total_pages:27]
2026-07-26 00:09:37 - mkk_pika - main.py:49 - INFO - [{'_id': '5c2ef9b68929fe1bf05cc2ad', 'title': '第1集', 'order': 1, 'updated_at': '2019-01-03T11:22:48.431Z', 'id': '5c2ef9b68929fe1bf05cc2ad'}]
2026-07-26 00:09:37 - mkk_pika - database.py:215 - INFO - 第一次下载该漫画，记录数据库中
2026-07-26 00:09:37 - mkk_pika - main.py:83 - INFO - 找到 27 张图片在:第1集
2026-07-26 00:09:38 - mkk_pika - main.py:112 - INFO - [episode:第1集       ] downloaded:    27, total:  27, progress:100%
2026-07-26 00:09:38 - mkk_pika - database.py:238 - INFO - 数据库更新已下载章节
2026-07-26 00:09:38 - mkk_pika - database.py:244 - INFO - 该漫画已下载章节如下
2026-07-26 00:09:38 - mkk_pika - database.py:245 - INFO - ['第1集']
2026-07-26 00:09:39 - mkk_pika - main.py:348 - INFO - ==================== 漫画信息 ====================
                                   漫画ID：5c2ef9b68929fe1bf05cc2ac
                                   标题：(C93) 指揮官教えてくれ…私はあと何回周回すればいい  (アズールレーン)
                                   作者：Tonari
                                   是否完结：否
                                   总页数：27
                                   分类：短篇,同人,艦隊收藏
                                   章节数：1
                                   最后更新时间：2019-01-04T06:14:14.513Z
                                   =================================================
2026-07-26 00:09:39 - mkk_pika - database.py:101 - INFO - 保存成功：(C93) 指揮官教えてくれ…私はあと何回周回すればいい  (アズールレーン)
2026-07-26 00:09:39 - mkk_pika - main.py:35 - INFO - 开始检查発情期多摩ちゃんと!是否存在未下载章节
2026-07-26 00:09:40 - mkk_pika - main.py:45 - INFO - 正在下载:[発情期多摩ちゃんと!]-[キャンドゥーなう! (見習い雑兵)]-[['同人', '短篇', '艦隊收藏']]-[total_pages:21]
2026-07-26 00:09:40 - mkk_pika - main.py:49 - INFO - [{'_id': '5c2ef9e22bfd547280f6a98f', 'title': '第1集', 'order': 1, 'updated_at': '2019-01-03T11:41:50.216Z', 'id': '5c2ef9e22bfd547280f6a98f'}]
2026-07-26 00:09:40 - mkk_pika - database.py:215 - INFO - 第一次下载该漫画，记录数据库中
2026-07-26 00:09:40 - mkk_pika - main.py:83 - INFO - 找到 21 张图片在:第1集
2026-07-26 00:09:41 - mkk_pika - main.py:112 - INFO - [episode:第1集       ] downloaded:    21, total:  21, progress:100%
2026-07-26 00:09:41 - mkk_pika - database.py:238 - INFO - 数据库更新已下载章节
2026-07-26 00:09:41 - mkk_pika - database.py:244 - INFO - 该漫画已下载章节如下
2026-07-26 00:09:41 - mkk_pika - database.py:245 - INFO - ['第1集']
2026-07-26 00:09:42 - mkk_pika - main.py:348 - INFO - ==================== 漫画信息 ====================
                                   漫画ID：5c2ef9e22bfd547280f6a98e
                                   标题：発情期多摩ちゃんと!
                                   作者：キャンドゥーなう! (見習い雑兵)
                                   是否完结：否
                                   总页数：21
                                   分类：同人,短篇,艦隊收藏
                                   章节数：1
                                   最后更新时间：2019-01-04T06:14:58.133Z
                                   =================================================
2026-07-26 00:09:42 - mkk_pika - database.py:101 - INFO - 保存成功：発情期多摩ちゃんと!
2026-07-26 00:09:42 - mkk_pika - main.py:35 - INFO - 开始检查UMP家族計画(少女前線)是否存在未下载章节
2026-07-26 00:09:42 - mkk_pika - main.py:45 - INFO - 正在下载:[UMP家族計画(少女前線)]-[ZIGZAG (Hirno)]-[['同人', '短篇']]-[total_pages:27]
2026-07-26 00:09:42 - mkk_pika - main.py:49 - INFO - [{'_id': '5c2efa3b411842206aacd18b', 'title': '第1集', 'order': 1, 'updated_at': '2019-01-03T13:06:08.607Z', 'id': '5c2efa3b411842206aacd18b'}]
2026-07-26 00:09:42 - mkk_pika - database.py:215 - INFO - 第一次下载该漫画，记录数据库中
2026-07-26 00:09:43 - mkk_pika - main.py:83 - INFO - 找到 27 张图片在:第1集
2026-07-26 00:09:43 - mkk_pika - main.py:112 - INFO - [episode:第1集       ] downloaded:    27, total:  27, progress:100%
2026-07-26 00:09:43 - mkk_pika - database.py:238 - INFO - 数据库更新已下载章节
2026-07-26 00:09:43 - mkk_pika - database.py:244 - INFO - 该漫画已下载章节如下
2026-07-26 00:09:43 - mkk_pika - database.py:245 - INFO - ['第1集']
2026-07-26 00:09:45 - mkk_pika - main.py:348 - INFO - ==================== 漫画信息 ====================
                                   漫画ID：5c2efa3b411842206aacd18a
                                   标题：UMP家族計画(少女前線)
                                   作者：ZIGZAG (Hirno)
                                   是否完结：否
                                   总页数：27
                                   分类：同人,短篇
                                   章节数：1
                                   最后更新时间：2019-01-04T06:16:27.701Z
                                   =================================================
2026-07-26 00:09:45 - mkk_pika - database.py:101 - INFO - 保存成功：UMP家族計画(少女前線)
2026-07-26 00:09:45 - mkk_pika - main.py:35 - INFO - 开始检查ジャンヌとオルタがショタマスターとズッコンバッコンする本是否存在未下载章节
2026-07-26 00:09:45 - mkk_pika - main.py:45 - INFO - 正在下载:[ジャンヌとオルタがショタマスターとズッコンバッコンする本]-[第846格納庫 (846号)]-[['短篇', '同人', 'Fate']]-[total_pages:31]
2026-07-26 00:09:45 - mkk_pika - main.py:49 - INFO - [{'_id': '5c2efb52b82c217251892213', 'title': '第1集', 'order': 1, 'updated_at': '2019-01-04T02:26:37.516Z', 'id': '5c2efb52b82c217251892213'}]
2026-07-26 00:09:45 - mkk_pika - database.py:215 - INFO - 第一次下载该漫画，记录数据库中
2026-07-26 00:09:46 - mkk_pika - main.py:83 - INFO - 找到 31 张图片在:第1集
2026-07-26 00:09:46 - mkk_pika - main.py:112 - INFO - [episode:第1集       ] downloaded:    31, total:  31, progress:100%
2026-07-26 00:09:46 - mkk_pika - database.py:238 - INFO - 数据库更新已下载章节
2026-07-26 00:09:46 - mkk_pika - database.py:244 - INFO - 该漫画已下载章节如下
2026-07-26 00:09:46 - mkk_pika - database.py:245 - INFO - ['第1集']
2026-07-26 00:09:47 - mkk_pika - main.py:348 - INFO - ==================== 漫画信息 ====================
                                   漫画ID：5c2efb52b82c217251892212
                                   标题：ジャンヌとオルタがショタマスターとズッコンバッコンする本
                                   作者：第846格納庫 (846号)
                                   是否完结：是
                                   总页数：31
                                   分类：短篇,同人,Fate
                                   章节数：1
                                   最后更新时间：2019-01-04T06:21:06.437Z
                                   =================================================
2026-07-26 00:09:47 - mkk_pika - database.py:101 - INFO - 保存成功：ジャンヌとオルタがショタマスターとズッコンバッコンする本
2026-07-26 00:09:47 - mkk_pika - main.py:35 - INFO - 开始检查(C95) おばけなんていないッ! (少女前線)是否存在未下载章节
2026-07-26 00:09:48 - mkk_pika - main.py:45 - INFO - 正在下载:[(C95) おばけなんていないッ! (少女前線)]-[アーシアン (消火器)]-[['同人', '短篇']]-[total_pages:27]
2026-07-26 00:09:48 - mkk_pika - main.py:49 - INFO - [{'_id': '5c2efbb51c2dc42064e82a2d', 'title': '第1集', 'order': 1, 'updated_at': '2019-01-04T02:40:12.558Z', 'id': '5c2efbb51c2dc42064e82a2d'}]
2026-07-26 00:09:48 - mkk_pika - database.py:215 - INFO - 第一次下载该漫画，记录数据库中
2026-07-26 00:09:48 - mkk_pika - main.py:83 - INFO - 找到 27 张图片在:第1集
2026-07-26 00:09:49 - mkk_pika - main.py:112 - INFO - [episode:第1集       ] downloaded:    27, total:  27, progress:100%
2026-07-26 00:09:49 - mkk_pika - database.py:238 - INFO - 数据库更新已下载章节
2026-07-26 00:09:49 - mkk_pika - database.py:244 - INFO - 该漫画已下载章节如下
2026-07-26 00:09:49 - mkk_pika - database.py:245 - INFO - ['第1集']
2026-07-26 00:09:50 - mkk_pika - main.py:348 - INFO - ==================== 漫画信息 ====================
                                   漫画ID：5c2efbb51c2dc42064e82a2c
                                   标题：(C95) おばけなんていないッ! (少女前線)
                                   作者：アーシアン (消火器)
                                   是否完结：是
                                   总页数：27
                                   分类：同人,短篇
                                   章节数：1
                                   最后更新时间：2019-01-04T06:22:45.776Z
                                   =================================================
2026-07-26 00:09:50 - mkk_pika - database.py:101 - INFO - 保存成功：(C95) おばけなんていないッ! (少女前線)
2026-07-26 00:09:50 - mkk_pika - main.py:35 - INFO - 开始检查Sister Complex是否存在未下载章节
2026-07-26 00:09:50 - mkk_pika - main.py:45 - INFO - 正在下载:[Sister Complex]-[JACK-POT (じゅら)]-[['短篇', '姐姐系']]-[total_pages:26]
2026-07-26 00:09:50 - mkk_pika - main.py:49 - INFO - [{'_id': '5c2efbcf16e7a320a17f59c4', 'title': '第1集', 'order': 1, 'updated_at': '2019-01-04T02:42:36.572Z', 'id': '5c2efbcf16e7a320a17f59c4'}]
2026-07-26 00:09:50 - mkk_pika - database.py:215 - INFO - 第一次下载该漫画，记录数据库中
2026-07-26 00:09:51 - mkk_pika - main.py:83 - INFO - 找到 26 张图片在:第1集
2026-07-26 00:09:52 - mkk_pika - main.py:112 - INFO - [episode:第1集       ] downloaded:    26, total:  26, progress:100%
2026-07-26 00:09:52 - mkk_pika - database.py:238 - INFO - 数据库更新已下载章节
2026-07-26 00:09:52 - mkk_pika - database.py:244 - INFO - 该漫画已下载章节如下
2026-07-26 00:09:52 - mkk_pika - database.py:245 - INFO - ['第1集']
2026-07-26 00:09:53 - mkk_pika - main.py:348 - INFO - ==================== 漫画信息 ====================
                                   漫画ID：5c2efbcf16e7a320a17f59c3
                                   标题：Sister Complex
                                   作者：JACK-POT (じゅら)
                                   是否完结：是
                                   总页数：26
                                   分类：短篇,姐姐系
                                   章节数：1
                                   最后更新时间：2019-01-04T06:23:11.007Z
                                   =================================================
2026-07-26 00:09:53 - mkk_pika - database.py:101 - INFO - 保存成功：Sister Complex
2026-07-26 00:09:53 - mkk_pika - main.py:35 - INFO - 开始检查(C95) 麻衣先輩といちゃつきたい♥ (青春ブタ野郎はバニーガール先輩の夢を見ない) 是否存在未下载章节
2026-07-26 00:09:53 - mkk_pika - main.py:45 - INFO - 正在下载:[(C95) 麻衣先輩といちゃつきたい♥ (青春ブタ野郎はバニーガール先輩の夢を見ない) ]-[P:P (おりょう)]-[['同人', '短篇']]-[total_pages:24]
2026-07-26 00:09:53 - mkk_pika - main.py:49 - INFO - [{'_id': '5c2efd1716e7a320a17f59e8', 'title': '第1集', 'order': 1, 'updated_at': '2019-01-04T02:47:17.771Z', 'id': '5c2efd1716e7a320a17f59e8'}]
2026-07-26 00:09:53 - mkk_pika - database.py:215 - INFO - 第一次下载该漫画，记录数据库中
2026-07-26 00:09:54 - mkk_pika - main.py:83 - INFO - 找到 24 张图片在:第1集
2026-07-26 00:09:54 - mkk_pika - main.py:112 - INFO - [episode:第1集       ] downloaded:    24, total:  24, progress:100%
2026-07-26 00:09:54 - mkk_pika - database.py:238 - INFO - 数据库更新已下载章节
2026-07-26 00:09:54 - mkk_pika - database.py:244 - INFO - 该漫画已下载章节如下
2026-07-26 00:09:54 - mkk_pika - database.py:245 - INFO - ['第1集']
2026-07-26 00:09:56 - mkk_pika - main.py:348 - INFO - ==================== 漫画信息 ====================
                                   漫画ID：5c2efd1716e7a320a17f59e7
                                   标题：(C95) 麻衣先輩といちゃつきたい♥ (青春ブタ野郎はバニーガール先輩の夢を見ない) 
                                   作者：P:P (おりょう)
                                   是否完结：是
                                   总页数：24
                                   分类：同人,短篇
                                   章节数：1
                                   最后更新时间：2019-01-04T06:28:39.125Z
                                   =================================================
2026-07-26 00:09:56 - mkk_pika - database.py:101 - INFO - 保存成功：(C95) 麻衣先輩といちゃつきたい♥ (青春ブタ野郎はバニーガール先輩の夢を見ない) 
2026-07-26 00:09:56 - mkk_pika - main.py:35 - INFO - 开始检查(C94) Fate/Gentle Order 4「リリィ」 (Fate/Grand Order)是否存在未下载章节
2026-07-26 00:09:56 - mkk_pika - main.py:45 - INFO - 正在下载:[(C94) Fate/Gentle Order 4「リリィ」 (Fate/Grand Order)]-[けんじゃたいむ (MANA)]-[['同人', '短篇', '全彩', 'Fate']]-[total_pages:21]
2026-07-26 00:09:56 - mkk_pika - main.py:49 - INFO - [{'_id': '5c2efda2c561e744309e5ebd', 'title': '第1集', 'order': 1, 'updated_at': '2019-01-04T03:00:56.498Z', 'id': '5c2efda2c561e744309e5ebd'}]
2026-07-26 00:09:56 - mkk_pika - database.py:215 - INFO - 第一次下载该漫画，记录数据库中
2026-07-26 00:09:57 - mkk_pika - main.py:83 - INFO - 找到 21 张图片在:第1集
2026-07-26 00:09:57 - mkk_pika - main.py:112 - INFO - [episode:第1集       ] downloaded:    21, total:  21, progress:100%
2026-07-26 00:09:57 - mkk_pika - database.py:238 - INFO - 数据库更新已下载章节
2026-07-26 00:09:57 - mkk_pika - database.py:244 - INFO - 该漫画已下载章节如下
2026-07-26 00:09:57 - mkk_pika - database.py:245 - INFO - ['第1集']
2026-07-26 00:09:59 - mkk_pika - main.py:348 - INFO - ==================== 漫画信息 ====================
                                   漫画ID：5c2efda2c561e744309e5ebc
                                   标题：(C94) Fate/Gentle Order 4「リリィ」 (Fate/Grand Order)
                                   作者：けんじゃたいむ (MANA)
                                   是否完结：是
                                   总页数：21
                                   分类：同人,短篇,全彩,Fate
                                   章节数：1
                                   最后更新时间：2019-01-04T06:30:58.498Z
                                   =================================================
2026-07-26 00:09:59 - mkk_pika - database.py:101 - INFO - 保存成功：(C94) Fate/Gentle Order 4「リリィ」 (Fate/Grand Order)
2026-07-26 00:09:59 - mkk_pika - main.py:35 - INFO - 开始检查異世界ハーレム物語 3-3.5是否存在未下载章节
2026-07-26 00:09:59 - mkk_pika - main.py:45 - INFO - 正在下载:[異世界ハーレム物語 3-3.5]-[しまぱん (立花オミナ)]-[['長篇', '後宮閃光']]-[total_pages:62]
2026-07-26 00:09:59 - mkk_pika - main.py:49 - INFO - [{'_id': '5c2efdd21c2dc42064e82a4d', 'title': '第1集', 'order': 1, 'updated_at': '2019-01-04T03:04:29.906Z', 'id': '5c2efdd21c2dc42064e82a4d'}]
2026-07-26 00:09:59 - mkk_pika - database.py:215 - INFO - 第一次下载该漫画，记录数据库中
2026-07-26 00:10:00 - mkk_pika - main.py:83 - INFO - 找到 62 张图片在:第1集
2026-07-26 00:10:01 - mkk_pika - main.py:112 - INFO - [episode:第1集       ] downloaded:    62, total:  62, progress:100%
2026-07-26 00:10:01 - mkk_pika - database.py:238 - INFO - 数据库更新已下载章节
2026-07-26 00:10:01 - mkk_pika - database.py:244 - INFO - 该漫画已下载章节如下
2026-07-26 00:10:01 - mkk_pika - database.py:245 - INFO - ['第1集']
2026-07-26 00:10:02 - mkk_pika - main.py:348 - INFO - ==================== 漫画信息 ====================
                                   漫画ID：5c2efdd21c2dc42064e82a4c
                                   标题：異世界ハーレム物語 3-3.5
                                   作者：しまぱん (立花オミナ)
                                   是否完结：否
                                   总页数：62
                                   分类：長篇,後宮閃光
                                   章节数：1
                                   最后更新时间：2019-01-04T06:31:46.216Z
                                   =================================================
2026-07-26 00:10:02 - mkk_pika - database.py:101 - INFO - 保存成功：異世界ハーレム物語 3-3.5
2026-07-26 00:10:02 - mkk_pika - main.py:35 - INFO - 开始检查コスプレ彼女 #マシュ (Fate/Grand Order)是否存在未下载章节
2026-07-26 00:10:03 - mkk_pika - main.py:45 - INFO - 正在下载:[コスプレ彼女 #マシュ (Fate/Grand Order)]-[OrangeMaru (JP06)]-[['同人', '短篇', 'Fate']]-[total_pages:20]
2026-07-26 00:10:03 - mkk_pika - main.py:49 - INFO - [{'_id': '5c2efe0eb82c217251892247', 'title': '第1集', 'order': 1, 'updated_at': '2019-01-04T03:34:01.592Z', 'id': '5c2efe0eb82c217251892247'}]
2026-07-26 00:10:03 - mkk_pika - database.py:215 - INFO - 第一次下载该漫画，记录数据库中
2026-07-26 00:10:03 - mkk_pika - main.py:83 - INFO - 找到 20 张图片在:第1集
2026-07-26 00:10:04 - mkk_pika - main.py:112 - INFO - [episode:第1集       ] downloaded:    20, total:  20, progress:100%
2026-07-26 00:10:04 - mkk_pika - database.py:238 - INFO - 数据库更新已下载章节
2026-07-26 00:10:04 - mkk_pika - database.py:244 - INFO - 该漫画已下载章节如下
2026-07-26 00:10:04 - mkk_pika - database.py:245 - INFO - ['第1集']
2026-07-26 00:10:05 - mkk_pika - main.py:348 - INFO - ==================== 漫画信息 ====================
                                   漫画ID：5c2efe0eb82c217251892246
                                   标题：コスプレ彼女 #マシュ (Fate/Grand Order)
                                   作者：OrangeMaru (JP06)
                                   是否完结：是
                                   总页数：20
                                   分类：同人,短篇,Fate
                                   章节数：1
                                   最后更新时间：2019-01-04T06:32:46.530Z
                                   =================================================
2026-07-26 00:10:05 - mkk_pika - database.py:101 - INFO - 保存成功：コスプレ彼女 #マシュ (Fate/Grand Order)
2026-07-26 00:10:05 - mkk_pika - main.py:35 - INFO - 开始检查刪除 是否存在未下载章节
2026-07-26 00:10:05 - mkk_pika - main.py:45 - INFO - 正在下载:[刪除 ]-[]-[['同人', '艦隊收藏']]-[total_pages:1]
2026-07-26 00:10:05 - mkk_pika - main.py:49 - INFO - [{'_id': '5cb3330afda86240f5dd7384', 'title': '第1集', 'order': 1, 'updated_at': '2019-04-13T18:00:04.892Z', 'id': '5cb3330afda86240f5dd7384'}]
2026-07-26 00:10:05 - mkk_pika - database.py:215 - INFO - 第一次下载该漫画，记录数据库中
2026-07-26 00:10:06 - mkk_pika - main.py:83 - INFO - 找到 1 张图片在:第1集
2026-07-26 00:10:06 - mkk_pika - main.py:112 - INFO - [episode:第1集       ] downloaded:     1, total:   1, progress:100%
2026-07-26 00:10:06 - mkk_pika - database.py:238 - INFO - 数据库更新已下载章节
2026-07-26 00:10:06 - mkk_pika - database.py:244 - INFO - 该漫画已下载章节如下
2026-07-26 00:10:06 - mkk_pika - database.py:245 - INFO - ['第1集']
2026-07-26 00:10:07 - mkk_pika - main.py:348 - INFO - ==================== 漫画信息 ====================
                                   漫画ID：5c2efe3816e7a320a17f5a04
                                   标题：刪除 
                                   作者：
                                   是否完结：否
                                   总页数：1
                                   分类：同人,艦隊收藏
                                   章节数：1
                                   最后更新时间：2019-01-04T06:33:28.038Z
                                   =================================================
2026-07-26 00:10:07 - mkk_pika - database.py:101 - INFO - 保存成功：刪除 
2026-07-26 00:10:07 - mkk_pika - main.py:35 - INFO - 开始检查万誘引力の法則是否存在未下载章节
2026-07-26 00:10:08 - mkk_pika - main.py:45 - INFO - 正在下载:[万誘引力の法則]-[春待氷柱 (市町村)]-[['短篇', '純愛', '百合花園']]-[total_pages:32]
2026-07-26 00:10:08 - mkk_pika - main.py:49 - INFO - [{'_id': '5c2efeb41c2dc42064e82a91', 'title': '第1集', 'order': 1, 'updated_at': '2019-01-04T04:55:43.525Z', 'id': '5c2efeb41c2dc42064e82a91'}]
2026-07-26 00:10:08 - mkk_pika - database.py:215 - INFO - 第一次下载该漫画，记录数据库中
2026-07-26 00:10:08 - mkk_pika - main.py:83 - INFO - 找到 32 张图片在:第1集
2026-07-26 00:10:09 - mkk_pika - main.py:112 - INFO - [episode:第1集       ] downloaded:    32, total:  32, progress:100%
2026-07-26 00:10:09 - mkk_pika - database.py:238 - INFO - 数据库更新已下载章节
2026-07-26 00:10:09 - mkk_pika - database.py:244 - INFO - 该漫画已下载章节如下
2026-07-26 00:10:09 - mkk_pika - database.py:245 - INFO - ['第1集']
2026-07-26 00:10:10 - mkk_pika - main.py:348 - INFO - ==================== 漫画信息 ====================
                                   漫画ID：5c2efeb41c2dc42064e82a90
                                   标题：万誘引力の法則
                                   作者：春待氷柱 (市町村)
                                   是否完结：是
                                   总页数：32
                                   分类：短篇,純愛,百合花園
                                   章节数：1
                                   最后更新时间：2019-01-04T06:35:32.683Z
                                   =================================================
2026-07-26 00:10:10 - mkk_pika - database.py:101 - INFO - 保存成功：万誘引力の法則
2026-07-26 00:10:10 - mkk_pika - main.py:35 - INFO - 开始检查キミヲ想是否存在未下载章节
2026-07-26 00:10:11 - mkk_pika - main.py:45 - INFO - 正在下载:[キミヲ想]-[うにゃ]-[['同人', '短篇', '純愛', '百合花園', '東方']]-[total_pages:31]
2026-07-26 00:10:11 - mkk_pika - main.py:49 - INFO - [{'_id': '5c2eff3316e7a320a17f5a44', 'title': '第1集', 'order': 1, 'updated_at': '2019-01-04T05:06:46.069Z', 'id': '5c2eff3316e7a320a17f5a44'}]
2026-07-26 00:10:11 - mkk_pika - database.py:215 - INFO - 第一次下载该漫画，记录数据库中
2026-07-26 00:10:11 - mkk_pika - main.py:83 - INFO - 找到 31 张图片在:第1集
2026-07-26 00:10:12 - mkk_pika - main.py:112 - INFO - [episode:第1集       ] downloaded:    31, total:  31, progress:100%
2026-07-26 00:10:12 - mkk_pika - database.py:238 - INFO - 数据库更新已下载章节
2026-07-26 00:10:12 - mkk_pika - database.py:244 - INFO - 该漫画已下载章节如下
2026-07-26 00:10:12 - mkk_pika - database.py:245 - INFO - ['第1集']
2026-07-26 00:10:13 - mkk_pika - main.py:348 - INFO - ==================== 漫画信息 ====================
                                   漫画ID：5c2eff3316e7a320a17f5a43
                                   标题：キミヲ想
                                   作者：うにゃ
                                   是否完结：是
                                   总页数：31
                                   分类：同人,短篇,純愛,百合花園,東方
                                   章节数：1
                                   最后更新时间：2019-01-04T06:37:39.232Z
                                   =================================================
2026-07-26 00:10:13 - mkk_pika - database.py:101 - INFO - 保存成功：キミヲ想
2026-07-26 00:10:13 - mkk_pika - main.py:35 - INFO - 开始检查adoucir是否存在未下载章节
2026-07-26 00:10:13 - mkk_pika - main.py:45 - INFO - 正在下载:[adoucir]-[あそか]-[['同人', '短篇', '純愛', '百合花園']]-[total_pages:26]
2026-07-26 00:10:13 - mkk_pika - main.py:49 - INFO - [{'_id': '5c2eff47b82c217251892265', 'title': '第1集', 'order': 1, 'updated_at': '2019-01-04T05:16:28.731Z', 'id': '5c2eff47b82c217251892265'}]
2026-07-26 00:10:13 - mkk_pika - database.py:215 - INFO - 第一次下载该漫画，记录数据库中
2026-07-26 00:10:14 - mkk_pika - main.py:83 - INFO - 找到 26 张图片在:第1集
2026-07-26 00:10:15 - mkk_pika - main.py:112 - INFO - [episode:第1集       ] downloaded:    26, total:  26, progress:100%
2026-07-26 00:10:15 - mkk_pika - database.py:238 - INFO - 数据库更新已下载章节
2026-07-26 00:10:15 - mkk_pika - database.py:244 - INFO - 该漫画已下载章节如下
2026-07-26 00:10:15 - mkk_pika - database.py:245 - INFO - ['第1集']
2026-07-26 00:10:16 - mkk_pika - main.py:348 - INFO - ==================== 漫画信息 ====================
                                   漫画ID：5c2eff47b82c217251892264
                                   标题：adoucir
                                   作者：あそか
                                   是否完结：是
                                   总页数：26
                                   分类：同人,短篇,純愛,百合花園
                                   章节数：1
                                   最后更新时间：2019-01-04T06:37:59.928Z
                                   =================================================
2026-07-26 00:10:16 - mkk_pika - database.py:101 - INFO - 保存成功：adoucir
2026-07-26 00:10:16 - mkk_pika - main.py:35 - INFO - 开始检查港湾棲姫が来い!! (艦隊これくしょん -艦これ-) 是否存在未下载章节
2026-07-26 00:10:16 - mkk_pika - main.py:45 - INFO - 正在下载:[港湾棲姫が来い!! (艦隊これくしょん -艦これ-) ]-[パリンと割れる (ねよんさん)]-[['同人', '短篇', '純愛', '姐姐系', '非人類', '艦隊收藏']]-[total_pages:19]
2026-07-26 00:10:16 - mkk_pika - main.py:49 - INFO - [{'_id': '5c2effa0ff0f55209d9cb2cf', 'title': '第1集', 'order': 1, 'updated_at': '2019-01-04T05:44:57.403Z', 'id': '5c2effa0ff0f55209d9cb2cf'}]
2026-07-26 00:10:16 - mkk_pika - database.py:215 - INFO - 第一次下载该漫画，记录数据库中
2026-07-26 00:10:17 - mkk_pika - main.py:83 - INFO - 找到 19 张图片在:第1集
2026-07-26 00:10:17 - mkk_pika - main.py:112 - INFO - [episode:第1集       ] downloaded:    19, total:  19, progress:100%
2026-07-26 00:10:17 - mkk_pika - database.py:238 - INFO - 数据库更新已下载章节
2026-07-26 00:10:17 - mkk_pika - database.py:244 - INFO - 该漫画已下载章节如下
2026-07-26 00:10:17 - mkk_pika - database.py:245 - INFO - ['第1集']
2026-07-26 00:10:18 - mkk_pika - main.py:348 - INFO - ==================== 漫画信息 ====================
                                   漫画ID：5c2effa0ff0f55209d9cb2ce
                                   标题：港湾棲姫が来い!! (艦隊これくしょん -艦これ-) 
                                   作者：パリンと割れる (ねよんさん)
                                   是否完结：是
                                   总页数：19
                                   分类：同人,短篇,純愛,姐姐系,非人類,艦隊收藏
                                   章节数：1
                                   最后更新时间：2019-01-04T06:39:28.699Z
                                   =================================================
2026-07-26 00:10:18 - mkk_pika - database.py:101 - INFO - 保存成功：港湾棲姫が来い!! (艦隊これくしょん -艦これ-) 
2026-07-26 00:10:18 - mkk_pika - main.py:35 - INFO - 开始检查大鳳が深海棲艦に堕チタラ (艦隊これくしょん -艦これ-) 是否存在未下载章节
2026-07-26 00:10:19 - mkk_pika - main.py:45 - INFO - 正在下载:[大鳳が深海棲艦に堕チタラ (艦隊これくしょん -艦これ-) ]-[かみしき (守月史貴)]-[['短篇', '同人', '純愛', '非人類', '艦隊收藏']]-[total_pages:15]
2026-07-26 00:10:19 - mkk_pika - main.py:49 - INFO - [{'_id': '5c2effd1ff0f55209d9cb2e4', 'title': '第1集', 'order': 1, 'updated_at': '2019-01-04T05:57:44.467Z', 'id': '5c2effd1ff0f55209d9cb2e4'}]
2026-07-26 00:10:19 - mkk_pika - database.py:215 - INFO - 第一次下载该漫画，记录数据库中
2026-07-26 00:10:19 - mkk_pika - main.py:83 - INFO - 找到 15 张图片在:第1集
2026-07-26 00:10:20 - mkk_pika - main.py:112 - INFO - [episode:第1集       ] downloaded:    15, total:  15, progress:100%
2026-07-26 00:10:20 - mkk_pika - database.py:238 - INFO - 数据库更新已下载章节
2026-07-26 00:10:20 - mkk_pika - database.py:244 - INFO - 该漫画已下载章节如下
2026-07-26 00:10:20 - mkk_pika - database.py:245 - INFO - ['第1集']
2026-07-26 00:10:21 - mkk_pika - main.py:348 - INFO - ==================== 漫画信息 ====================
                                   漫画ID：5c2effd1ff0f55209d9cb2e3
                                   标题：大鳳が深海棲艦に堕チタラ (艦隊これくしょん -艦これ-) 
                                   作者：かみしき (守月史貴)
                                   是否完结：是
                                   总页数：15
                                   分类：短篇,同人,純愛,非人類,艦隊收藏
                                   章节数：1
                                   最后更新时间：2019-01-04T06:40:17.393Z
                                   =================================================
2026-07-26 00:10:21 - mkk_pika - database.py:101 - INFO - 保存成功：大鳳が深海棲艦に堕チタラ (艦隊これくしょん -艦これ-) 
2026-07-26 00:10:21 - mkk_pika - main.py:35 - INFO - 开始检查 ラーメンより行列のデキる小泉さん (ラーメン大好き小泉さん)是否存在未下载章节
2026-07-26 00:10:21 - mkk_pika - main.py:45 - INFO - 正在下载:[ ラーメンより行列のデキる小泉さん (ラーメン大好き小泉さん)]-[僥倖酒 (ごん。、黒齋)]-[['同人', '短篇', '強暴']]-[total_pages:14]
2026-07-26 00:10:21 - mkk_pika - main.py:49 - INFO - [{'_id': '5c2effe4411842206aacd1cc', 'title': '第1集', 'order': 1, 'updated_at': '2019-01-04T06:27:07.330Z', 'id': '5c2effe4411842206aacd1cc'}]
2026-07-26 00:10:21 - mkk_pika - database.py:215 - INFO - 第一次下载该漫画，记录数据库中
2026-07-26 00:10:22 - mkk_pika - main.py:83 - INFO - 找到 14 张图片在:第1集
2026-07-26 00:10:22 - mkk_pika - main.py:112 - INFO - [episode:第1集       ] downloaded:    14, total:  14, progress:100%
2026-07-26 00:10:22 - mkk_pika - database.py:238 - INFO - 数据库更新已下载章节
2026-07-26 00:10:22 - mkk_pika - database.py:244 - INFO - 该漫画已下载章节如下
2026-07-26 00:10:22 - mkk_pika - database.py:245 - INFO - ['第1集']
2026-07-26 00:10:24 - mkk_pika - main.py:348 - INFO - ==================== 漫画信息 ====================
                                   漫画ID：5c2effe4411842206aacd1cb
                                   标题： ラーメンより行列のデキる小泉さん (ラーメン大好き小泉さん)
                                   作者：僥倖酒 (ごん。、黒齋)
                                   是否完结：是
                                   总页数：14
                                   分类：同人,短篇,強暴
                                   章节数：1
                                   最后更新时间：2019-01-04T06:40:36.560Z
                                   =================================================
2026-07-26 00:10:24 - mkk_pika - database.py:101 - INFO - 保存成功： ラーメンより行列のデキる小泉さん (ラーメン大好き小泉さん)
2026-07-26 00:10:24 - mkk_pika - main.py:35 - INFO - 开始检查すずくまゆりゆりちょーきょー 是否存在未下载章节
2026-07-26 00:10:24 - mkk_pika - main.py:45 - INFO - 正在下载:[すずくまゆりゆりちょーきょー ]-[あいいろさくら (相川りょう)]-[['百合花園', '短篇', 'SM', '艦隊收藏']]-[total_pages:24]
2026-07-26 00:10:24 - mkk_pika - main.py:49 - INFO - [{'_id': '5c2f0a69b82c2172518922d4', 'title': '第1集', 'order': 1, 'updated_at': '2019-01-04T06:56:30.487Z', 'id': '5c2f0a69b82c2172518922d4'}]
2026-07-26 00:10:24 - mkk_pika - database.py:215 - INFO - 第一次下载该漫画，记录数据库中
2026-07-26 00:10:24 - mkk_pika - main.py:83 - INFO - 找到 24 张图片在:第1集
2026-07-26 00:10:25 - mkk_pika - main.py:112 - INFO - [episode:第1集       ] downloaded:    24, total:  24, progress:100%
2026-07-26 00:10:25 - mkk_pika - database.py:238 - INFO - 数据库更新已下载章节
2026-07-26 00:10:25 - mkk_pika - database.py:244 - INFO - 该漫画已下载章节如下
2026-07-26 00:10:25 - mkk_pika - database.py:245 - INFO - ['第1集']
2026-07-26 00:10:26 - mkk_pika - main.py:348 - INFO - ==================== 漫画信息 ====================
                                   漫画ID：5c2f0a69b82c2172518922d3
                                   标题：すずくまゆりゆりちょーきょー 
                                   作者：あいいろさくら (相川りょう)
                                   是否完结：是
                                   总页数：24
                                   分类：百合花園,短篇,SM,艦隊收藏
                                   章节数：1
                                   最后更新时间：2019-01-04T07:25:29.277Z
                                   =================================================
2026-07-26 00:10:26 - mkk_pika - database.py:101 - INFO - 保存成功：すずくまゆりゆりちょーきょー 
2026-07-26 00:10:26 - mkk_pika - main.py:35 - INFO - 开始检查恥辱の痴漢電車3 ～人妻車内強制授乳～是否存在未下载章节
2026-07-26 00:10:26 - mkk_pika - main.py:45 - INFO - 正在下载:[恥辱の痴漢電車3 ～人妻車内強制授乳～]-[Sugar＊Berry＊Syrup (クロエ)]-[['短篇', 'NTR', '人妻']]-[total_pages:27]
2026-07-26 00:10:26 - mkk_pika - main.py:49 - INFO - [{'_id': '5c2f0a88a660eb4466f20a6c', 'title': '第1集', 'order': 1, 'updated_at': '2019-01-04T07:21:42.499Z', 'id': '5c2f0a88a660eb4466f20a6c'}]
2026-07-26 00:10:26 - mkk_pika - database.py:215 - INFO - 第一次下载该漫画，记录数据库中
2026-07-26 00:10:27 - mkk_pika - main.py:83 - INFO - 找到 27 张图片在:第1集
2026-07-26 00:10:28 - mkk_pika - main.py:112 - INFO - [episode:第1集       ] downloaded:    27, total:  27, progress:100%
2026-07-26 00:10:28 - mkk_pika - database.py:238 - INFO - 数据库更新已下载章节
2026-07-26 00:10:28 - mkk_pika - database.py:244 - INFO - 该漫画已下载章节如下
2026-07-26 00:10:28 - mkk_pika - database.py:245 - INFO - ['第1集']
2026-07-26 00:10:29 - mkk_pika - main.py:348 - INFO - ==================== 漫画信息 ====================
                                   漫画ID：5c2f0a88a660eb4466f20a6b
                                   标题：恥辱の痴漢電車3 ～人妻車内強制授乳～
                                   作者：Sugar＊Berry＊Syrup (クロエ)
                                   是否完结：是
                                   总页数：27
                                   分类：短篇,NTR,人妻
                                   章节数：1
                                   最后更新时间：2019-01-04T07:26:00.194Z
                                   =================================================
2026-07-26 00:10:29 - mkk_pika - database.py:101 - INFO - 保存成功：恥辱の痴漢電車3 ～人妻車内強制授乳～
2026-07-26 00:10:29 - mkk_pika - main.py:35 - INFO - 开始检查さすおに！ (魔法科高校の劣等生)是否存在未下载章节
2026-07-26 00:10:30 - mkk_pika - main.py:45 - INFO - 正在下载:[さすおに！ (魔法科高校の劣等生)]-[赤兎 (復八磨直兎)]-[['同人', '短篇', '後宮閃光', '妹妹系']]-[total_pages:43]
2026-07-26 00:10:30 - mkk_pika - main.py:49 - INFO - [{'_id': '5c2f2f662bfd547280f6ab8f', 'title': '第1集', 'order': 1, 'updated_at': '2019-01-04T08:22:30.530Z', 'id': '5c2f2f662bfd547280f6ab8f'}]
2026-07-26 00:10:30 - mkk_pika - database.py:215 - INFO - 第一次下载该漫画，记录数据库中
2026-07-26 00:10:31 - mkk_pika - main.py:83 - INFO - 找到 43 张图片在:第1集
2026-07-26 00:10:32 - mkk_pika - main.py:112 - INFO - [episode:第1集       ] downloaded:    43, total:  43, progress:100%
2026-07-26 00:10:32 - mkk_pika - database.py:238 - INFO - 数据库更新已下载章节
2026-07-26 00:10:32 - mkk_pika - database.py:244 - INFO - 该漫画已下载章节如下
2026-07-26 00:10:32 - mkk_pika - database.py:245 - INFO - ['第1集']
2026-07-26 00:10:33 - mkk_pika - main.py:348 - INFO - ==================== 漫画信息 ====================
                                   漫画ID：5c2f2f662bfd547280f6ab8e
                                   标题：さすおに！ (魔法科高校の劣等生)
                                   作者：赤兎 (復八磨直兎)
                                   是否完结：是
                                   总页数：43
                                   分类：同人,短篇,後宮閃光,妹妹系
                                   章节数：1
                                   最后更新时间：2019-01-04T10:03:18.132Z
                                   =================================================
2026-07-26 00:10:33 - mkk_pika - database.py:101 - INFO - 保存成功：さすおに！ (魔法科高校の劣等生)
2026-07-26 00:10:33 - mkk_pika - main.py:35 - INFO - 开始检查街头误会是否存在未下载章节
2026-07-26 00:10:33 - mkk_pika - main.py:45 - INFO - 正在下载:[街头误会]-[987726782]-[['全彩', '長篇', '強暴', '扶他樂園']]-[total_pages:49]
2026-07-26 00:10:33 - mkk_pika - main.py:49 - INFO - [{'_id': '5c2f2f761c2dc42064e82bb8', 'title': '第1集', 'order': 1, 'updated_at': '2019-01-04T08:28:02.318Z', 'id': '5c2f2f761c2dc42064e82bb8'}, {'_id': '5c2f2f761c2dc42064e82bb9', 'title': '第2集', 'order': 2, 'updated_at': '2019-01-04T08:29:27.937Z', 'id': '5c2f2f761c2dc42064e82bb9'}]
2026-07-26 00:10:33 - mkk_pika - database.py:215 - INFO - 第一次下载该漫画，记录数据库中
2026-07-26 00:10:34 - mkk_pika - main.py:83 - INFO - 找到 26 张图片在:第1集
2026-07-26 00:10:34 - mkk_pika - main.py:112 - INFO - [episode:第1集       ] downloaded:    26, total:  26, progress:100%
2026-07-26 00:10:34 - mkk_pika - database.py:238 - INFO - 数据库更新已下载章节
2026-07-26 00:10:34 - mkk_pika - database.py:244 - INFO - 该漫画已下载章节如下
2026-07-26 00:10:34 - mkk_pika - database.py:245 - INFO - ['第1集']
2026-07-26 00:10:36 - mkk_pika - main.py:83 - INFO - 找到 23 张图片在:第2集
2026-07-26 00:10:36 - mkk_pika - main.py:112 - INFO - [episode:第2集       ] downloaded:    23, total:  23, progress:100%
2026-07-26 00:10:36 - mkk_pika - database.py:238 - INFO - 数据库更新已下载章节
2026-07-26 00:10:36 - mkk_pika - database.py:244 - INFO - 该漫画已下载章节如下
2026-07-26 00:10:36 - mkk_pika - database.py:245 - INFO - ['第1集', '第2集']
2026-07-26 00:10:38 - mkk_pika - main.py:348 - INFO - ==================== 漫画信息 ====================
                                   漫画ID：5c2f2f761c2dc42064e82bb7
                                   标题：街头误会
                                   作者：987726782
                                   是否完结：是
                                   总页数：49
                                   分类：全彩,長篇,強暴,扶他樂園
                                   章节数：2
                                   最后更新时间：2019-01-04T10:03:34.292Z
                                   =================================================
2026-07-26 00:10:38 - mkk_pika - database.py:101 - INFO - 保存成功：街头误会
2026-07-26 00:10:38 - mkk_pika - main.py:35 - INFO - 开始检查(C95) オナ友!!えろど～じんごっこ是否存在未下载章节
2026-07-26 00:10:38 - mkk_pika - main.py:45 - INFO - 正在下载:[(C95) オナ友!!えろど～じんごっこ]-[にゅう工房 (にゅう)]-[['短篇']]-[total_pages:26]
2026-07-26 00:10:38 - mkk_pika - main.py:49 - INFO - [{'_id': '5c2f2fc7b82c21725189247e', 'title': '第1集', 'order': 1, 'updated_at': '2019-01-04T09:16:23.281Z', 'id': '5c2f2fc7b82c21725189247e'}]
2026-07-26 00:10:38 - mkk_pika - database.py:215 - INFO - 第一次下载该漫画，记录数据库中
2026-07-26 00:10:39 - mkk_pika - main.py:83 - INFO - 找到 26 张图片在:第1集
2026-07-26 00:10:39 - mkk_pika - main.py:112 - INFO - [episode:第1集       ] downloaded:    26, total:  26, progress:100%
2026-07-26 00:10:39 - mkk_pika - database.py:238 - INFO - 数据库更新已下载章节
2026-07-26 00:10:39 - mkk_pika - database.py:244 - INFO - 该漫画已下载章节如下
2026-07-26 00:10:39 - mkk_pika - database.py:245 - INFO - ['第1集']
2026-07-26 00:10:40 - mkk_pika - main.py:348 - INFO - ==================== 漫画信息 ====================
                                   漫画ID：5c2f2fc7b82c21725189247d
                                   标题：(C95) オナ友!!えろど～じんごっこ
                                   作者：にゅう工房 (にゅう)
                                   是否完结：是
                                   总页数：26
                                   分类：短篇
                                   章节数：1
                                   最后更新时间：2019-01-04T10:04:55.262Z
                                   =================================================
2026-07-26 00:10:40 - mkk_pika - database.py:101 - INFO - 保存成功：(C95) オナ友!!えろど～じんごっこ
2026-07-26 00:10:40 - mkk_pika - main.py:35 - INFO - 开始检查(FF32) 幹你■川 (けものフレンズ)是否存在未下载章节
2026-07-26 00:10:41 - mkk_pika - main.py:45 - INFO - 正在下载:[(FF32) 幹你■川 (けものフレンズ)]-[卡滋馬]-[['同人', '短篇']]-[total_pages:22]
2026-07-26 00:10:41 - mkk_pika - main.py:49 - INFO - [{'_id': '5c2f2fd62ffd0b728a847aa1', 'title': '第1集', 'order': 1, 'updated_at': '2019-01-04T09:20:44.789Z', 'id': '5c2f2fd62ffd0b728a847aa1'}]
2026-07-26 00:10:41 - mkk_pika - database.py:215 - INFO - 第一次下载该漫画，记录数据库中
2026-07-26 00:10:41 - mkk_pika - main.py:83 - INFO - 找到 22 张图片在:第1集
2026-07-26 00:10:42 - mkk_pika - main.py:112 - INFO - [episode:第1集       ] downloaded:    22, total:  22, progress:100%
2026-07-26 00:10:42 - mkk_pika - database.py:238 - INFO - 数据库更新已下载章节
2026-07-26 00:10:42 - mkk_pika - database.py:244 - INFO - 该漫画已下载章节如下
2026-07-26 00:10:42 - mkk_pika - database.py:245 - INFO - ['第1集']
2026-07-26 00:10:43 - mkk_pika - main.py:348 - INFO - ==================== 漫画信息 ====================
                                   漫画ID：5c2f2fd62ffd0b728a847aa0
                                   标题：(FF32) 幹你■川 (けものフレンズ)
                                   作者：卡滋馬
                                   是否完结：是
                                   总页数：22
                                   分类：同人,短篇
                                   章节数：1
                                   最后更新时间：2019-01-04T10:05:10.415Z
                                   =================================================
2026-07-26 00:10:43 - mkk_pika - database.py:101 - INFO - 保存成功：(FF32) 幹你■川 (けものフレンズ)
2026-07-26 00:10:43 - mkk_pika - main.py:35 - INFO - 开始检查私が虜になって犯る是否存在未下载章节
2026-07-26 00:10:43 - mkk_pika - main.py:45 - INFO - 正在下载:[私が虜になって犯る]-[井雲泰助]-[['長篇', '姐姐系']]-[total_pages:212]
2026-07-26 00:10:43 - mkk_pika - main.py:49 - INFO - [{'_id': '5c2f2fe62bfd547280f6abd6', 'title': '第1集', 'order': 1, 'updated_at': '2019-01-04T09:21:12.442Z', 'id': '5c2f2fe62bfd547280f6abd6'}]
2026-07-26 00:10:43 - mkk_pika - database.py:215 - INFO - 第一次下载该漫画，记录数据库中
2026-07-26 00:10:45 - mkk_pika - main.py:83 - INFO - 找到 212 张图片在:第1集
2026-07-26 00:10:49 - mkk_pika - main.py:112 - INFO - [episode:第1集       ] downloaded:   212, total: 212, progress:100%
2026-07-26 00:10:49 - mkk_pika - database.py:238 - INFO - 数据库更新已下载章节
2026-07-26 00:10:49 - mkk_pika - database.py:244 - INFO - 该漫画已下载章节如下
2026-07-26 00:10:49 - mkk_pika - database.py:245 - INFO - ['第1集']
2026-07-26 00:10:51 - mkk_pika - main.py:348 - INFO - ==================== 漫画信息 ====================
                                   漫画ID：5c2f2fe62bfd547280f6abd5
                                   标题：私が虜になって犯る
                                   作者：井雲泰助
                                   是否完结：是
                                   总页数：212
                                   分类：長篇,姐姐系
                                   章节数：1
                                   最后更新时间：2019-01-04T10:05:26.651Z
                                   =================================================
2026-07-26 00:10:51 - mkk_pika - database.py:101 - INFO - 保存成功：私が虜になって犯る
2026-07-26 00:10:51 - mkk_pika - main.py:35 - INFO - 开始检查(C95) C9-37 ジャンヌオルタちゃんとゆるふわSM (Fate/Grand Order) 是否存在未下载章节
2026-07-26 00:10:51 - mkk_pika - main.py:45 - INFO - 正在下载:[(C95) C9-37 ジャンヌオルタちゃんとゆるふわSM (Fate/Grand Order) ]-[Crazy9 (いちたか)]-[['短篇', '同人', 'Fate']]-[total_pages:32]
2026-07-26 00:10:51 - mkk_pika - main.py:49 - INFO - [{'_id': '5c2f2ff9b82c21725189249c', 'title': '第1集', 'order': 1, 'updated_at': '2019-01-04T09:26:34.416Z', 'id': '5c2f2ff9b82c21725189249c'}]
2026-07-26 00:10:51 - mkk_pika - database.py:215 - INFO - 第一次下载该漫画，记录数据库中
2026-07-26 00:10:52 - mkk_pika - main.py:83 - INFO - 找到 32 张图片在:第1集
2026-07-26 00:10:52 - mkk_pika - main.py:112 - INFO - [episode:第1集       ] downloaded:    32, total:  32, progress:100%
2026-07-26 00:10:52 - mkk_pika - database.py:238 - INFO - 数据库更新已下载章节
2026-07-26 00:10:52 - mkk_pika - database.py:244 - INFO - 该漫画已下载章节如下
2026-07-26 00:10:52 - mkk_pika - database.py:245 - INFO - ['第1集']
2026-07-26 00:10:54 - mkk_pika - main.py:348 - INFO - ==================== 漫画信息 ====================
                                   漫画ID：5c2f2ff9b82c21725189249b
                                   标题：(C95) C9-37 ジャンヌオルタちゃんとゆるふわSM (Fate/Grand Order) 
                                   作者：Crazy9 (いちたか)
                                   是否完结：是
                                   总页数：32
                                   分类：短篇,同人,Fate
                                   章节数：1
                                   最后更新时间：2019-01-04T10:05:45.491Z
                                   =================================================
2026-07-26 00:10:54 - mkk_pika - database.py:101 - INFO - 保存成功：(C95) C9-37 ジャンヌオルタちゃんとゆるふわSM (Fate/Grand Order) 
2026-07-26 00:10:54 - mkk_pika - main.py:35 - INFO - 开始检查(C95) ゾンビランド処女 (ゾンビランドサガ)是否存在未下载章节
2026-07-26 00:10:54 - mkk_pika - main.py:45 - INFO - 正在下载:[(C95) ゾンビランド処女 (ゾンビランドサガ)]-[ぽぽちち (八尋ぽち)]-[['同人', '短篇']]-[total_pages:21]
2026-07-26 00:10:54 - mkk_pika - main.py:49 - INFO - [{'_id': '5c2f30082bfd547280f6acae', 'title': '第1集', 'order': 1, 'updated_at': '2019-01-04T09:32:29.419Z', 'id': '5c2f30082bfd547280f6acae'}]
2026-07-26 00:10:54 - mkk_pika - database.py:215 - INFO - 第一次下载该漫画，记录数据库中
2026-07-26 00:10:55 - mkk_pika - main.py:83 - INFO - 找到 21 张图片在:第1集
2026-07-26 00:10:55 - mkk_pika - main.py:112 - INFO - [episode:第1集       ] downloaded:    21, total:  21, progress:100%
2026-07-26 00:10:55 - mkk_pika - database.py:238 - INFO - 数据库更新已下载章节
2026-07-26 00:10:55 - mkk_pika - database.py:244 - INFO - 该漫画已下载章节如下
2026-07-26 00:10:55 - mkk_pika - database.py:245 - INFO - ['第1集']
2026-07-26 00:10:56 - mkk_pika - main.py:348 - INFO - ==================== 漫画信息 ====================
                                   漫画ID：5c2f30082bfd547280f6acad
                                   标题：(C95) ゾンビランド処女 (ゾンビランドサガ)
                                   作者：ぽぽちち (八尋ぽち)
                                   是否完结：是
                                   总页数：21
                                   分类：同人,短篇
                                   章节数：1
                                   最后更新时间：2019-01-04T10:06:00.846Z
                                   =================================================
2026-07-26 00:10:56 - mkk_pika - database.py:101 - INFO - 保存成功：(C95) ゾンビランド処女 (ゾンビランドサガ)
2026-07-26 00:10:56 - mkk_pika - main.py:35 - INFO - 开始检查僕の母さんは友人の牝犬是否存在未下载章节
2026-07-26 00:10:57 - mkk_pika - main.py:45 - INFO - 正在下载:[僕の母さんは友人の牝犬]-[唄飛鳥]-[['長篇', '人妻', 'NTR']]-[total_pages:201]
2026-07-26 00:10:57 - mkk_pika - main.py:49 - INFO - [{'_id': '5c2f30152bfd547280f6acc5', 'title': '第1集', 'order': 1, 'updated_at': '2019-01-04T09:39:14.456Z', 'id': '5c2f30152bfd547280f6acc5'}]
2026-07-26 00:10:57 - mkk_pika - database.py:215 - INFO - 第一次下载该漫画，记录数据库中
2026-07-26 00:10:59 - mkk_pika - main.py:83 - INFO - 找到 201 张图片在:第1集
2026-07-26 00:11:02 - mkk_pika - main.py:112 - INFO - [episode:第1集       ] downloaded:   201, total: 201, progress:100%
2026-07-26 00:11:02 - mkk_pika - database.py:238 - INFO - 数据库更新已下载章节
2026-07-26 00:11:02 - mkk_pika - database.py:244 - INFO - 该漫画已下载章节如下
2026-07-26 00:11:02 - mkk_pika - database.py:245 - INFO - ['第1集']
2026-07-26 00:11:03 - mkk_pika - main.py:348 - INFO - ==================== 漫画信息 ====================
                                   漫画ID：5c2f30152bfd547280f6acc4
                                   标题：僕の母さんは友人の牝犬
                                   作者：唄飛鳥
                                   是否完结：否
                                   总页数：201
                                   分类：長篇,人妻,NTR
                                   章节数：1
                                   最后更新时间：2019-01-04T10:06:13.243Z
                                   =================================================
2026-07-26 00:11:03 - mkk_pika - database.py:101 - INFO - 保存成功：僕の母さんは友人の牝犬
2026-07-26 00:11:03 - mkk_pika - main.py:35 - INFO - 开始检查 ハッスル! 団地妻♥是否存在未下载章节
2026-07-26 00:11:04 - mkk_pika - main.py:45 - INFO - 正在下载:[ ハッスル! 団地妻♥]-[英丸]-[['長篇', '人妻']]-[total_pages:316]
2026-07-26 00:11:04 - mkk_pika - main.py:49 - INFO - [{'_id': '5c2f33041e840173904530bf', 'title': '第1集', 'order': 1, 'updated_at': '2019-01-04T10:02:20.960Z', 'id': '5c2f33041e840173904530bf'}, {'_id': '5c2f33041e840173904530c0', 'title': '第2集', 'order': 2, 'updated_at': '2019-01-04T10:10:09.887Z', 'id': '5c2f33041e840173904530c0'}]
2026-07-26 00:11:04 - mkk_pika - database.py:215 - INFO - 第一次下载该漫画，记录数据库中
2026-07-26 00:11:06 - mkk_pika - main.py:83 - INFO - 找到 179 张图片在:第1集
2026-07-26 00:11:08 - mkk_pika - main.py:112 - INFO - [episode:第1集       ] downloaded:   179, total: 179, progress:100%
2026-07-26 00:11:08 - mkk_pika - database.py:238 - INFO - 数据库更新已下载章节
2026-07-26 00:11:08 - mkk_pika - database.py:244 - INFO - 该漫画已下载章节如下
2026-07-26 00:11:08 - mkk_pika - database.py:245 - INFO - ['第1集']
2026-07-26 00:11:11 - mkk_pika - main.py:83 - INFO - 找到 176 张图片在:第2集
2026-07-26 00:11:14 - mkk_pika - main.py:112 - INFO - [episode:第2集       ] downloaded:   176, total: 176, progress:100%
2026-07-26 00:11:14 - mkk_pika - database.py:238 - INFO - 数据库更新已下载章节
2026-07-26 00:11:14 - mkk_pika - database.py:244 - INFO - 该漫画已下载章节如下
2026-07-26 00:11:14 - mkk_pika - database.py:245 - INFO - ['第1集', '第2集']
2026-07-26 00:11:16 - mkk_pika - main.py:348 - INFO - ==================== 漫画信息 ====================
                                   漫画ID：5c2f33041e840173904530be
                                   标题： ハッスル! 団地妻♥
                                   作者：英丸
                                   是否完结：是
                                   总页数：316
                                   分类：長篇,人妻
                                   章节数：2
                                   最后更新时间：2019-01-04T10:18:44.985Z
                                   =================================================
2026-07-26 00:11:16 - mkk_pika - database.py:101 - INFO - 保存成功： ハッスル! 団地妻♥
2026-07-26 00:11:16 - mkk_pika - main.py:35 - INFO - 开始检查性ZONE是否存在未下载章节
2026-07-26 00:11:16 - mkk_pika - main.py:45 - INFO - 正在下载:[性ZONE]-[サバイバル刃]-[['長篇', 'SM', '強暴', '非人類', 'NTR']]-[total_pages:194]
2026-07-26 00:11:16 - mkk_pika - main.py:49 - INFO - [{'_id': '5c2f8402529ed24568c6da34', 'title': '第1集', 'order': 1, 'updated_at': '2019-01-04T11:58:58.074Z', 'id': '5c2f8402529ed24568c6da34'}]
2026-07-26 00:11:16 - mkk_pika - database.py:215 - INFO - 第一次下载该漫画，记录数据库中
2026-07-26 00:11:18 - mkk_pika - main.py:83 - INFO - 找到 194 张图片在:第1集
2026-07-26 00:11:21 - mkk_pika - main.py:112 - INFO - [episode:第1集       ] downloaded:   194, total: 194, progress:100%
2026-07-26 00:11:21 - mkk_pika - database.py:238 - INFO - 数据库更新已下载章节
2026-07-26 00:11:21 - mkk_pika - database.py:244 - INFO - 该漫画已下载章节如下
2026-07-26 00:11:21 - mkk_pika - database.py:245 - INFO - ['第1集']
2026-07-26 00:11:22 - mkk_pika - main.py:348 - INFO - ==================== 漫画信息 ====================
                                   漫画ID：5c2f8402529ed24568c6da33
                                   标题：性ZONE
                                   作者：サバイバル刃
                                   是否完结：是
                                   总页数：194
                                   分类：長篇,SM,強暴,非人類,NTR
                                   章节数：1
                                   最后更新时间：2019-01-04T16:04:18.272Z
                                   =================================================
2026-07-26 00:11:22 - mkk_pika - database.py:101 - INFO - 保存成功：性ZONE
2026-07-26 00:11:22 - mkk_pika - main.py:35 - INFO - 开始检查海滩杀机！是否存在未下载章节
2026-07-26 00:11:23 - mkk_pika - main.py:45 - INFO - 正在下载:[海滩杀机！]-[987726782]-[['全彩', '長篇']]-[total_pages:54]
2026-07-26 00:11:23 - mkk_pika - main.py:49 - INFO - [{'_id': '5c305f161edbd91f42575ab5', 'title': '第1集', 'order': 1, 'updated_at': '2019-01-04T08:35:06.625Z', 'id': '5c305f161edbd91f42575ab5'}, {'_id': '5c305f161edbd91f42575ab6', 'title': '第2集', 'order': 2, 'updated_at': '2019-01-04T08:36:24.477Z', 'id': '5c305f161edbd91f42575ab6'}, {'_id': '5c305f161edbd91f42575ab7', 'title': '第3集', 'order': 3, 'updated_at': '2019-01-04T08:37:03.742Z', 'id': '5c305f161edbd91f42575ab7'}]
2026-07-26 00:11:23 - mkk_pika - database.py:215 - INFO - 第一次下载该漫画，记录数据库中
2026-07-26 00:11:23 - mkk_pika - main.py:83 - INFO - 找到 20 张图片在:第1集
2026-07-26 00:11:24 - mkk_pika - main.py:112 - INFO - [episode:第1集       ] downloaded:    20, total:  20, progress:100%
2026-07-26 00:11:24 - mkk_pika - database.py:238 - INFO - 数据库更新已下载章节
2026-07-26 00:11:24 - mkk_pika - database.py:244 - INFO - 该漫画已下载章节如下
2026-07-26 00:11:24 - mkk_pika - database.py:245 - INFO - ['第1集']
2026-07-26 00:11:25 - mkk_pika - main.py:83 - INFO - 找到 22 张图片在:第2集
2026-07-26 00:11:26 - mkk_pika - main.py:112 - INFO - [episode:第2集       ] downloaded:    22, total:  22, progress:100%
2026-07-26 00:11:26 - mkk_pika - database.py:238 - INFO - 数据库更新已下载章节
2026-07-26 00:11:26 - mkk_pika - database.py:244 - INFO - 该漫画已下载章节如下
2026-07-26 00:11:26 - mkk_pika - database.py:245 - INFO - ['第1集', '第2集']
2026-07-26 00:11:27 - mkk_pika - main.py:83 - INFO - 找到 12 张图片在:第3集
2026-07-26 00:11:27 - mkk_pika - main.py:112 - INFO - [episode:第3集       ] downloaded:    12, total:  12, progress:100%
2026-07-26 00:11:27 - mkk_pika - database.py:238 - INFO - 数据库更新已下载章节
2026-07-26 00:11:27 - mkk_pika - database.py:244 - INFO - 该漫画已下载章节如下
2026-07-26 00:11:27 - mkk_pika - database.py:245 - INFO - ['第1集', '第2集', '第3集']
2026-07-26 00:11:29 - mkk_pika - main.py:348 - INFO - ==================== 漫画信息 ====================
                                   漫画ID：5c305f161edbd91f42575ab4
                                   标题：海滩杀机！
                                   作者：987726782
                                   是否完结：是
                                   总页数：54
                                   分类：全彩,長篇
                                   章节数：3
                                   最后更新时间：2019-01-05T07:39:02.624Z
                                   =================================================
2026-07-26 00:11:29 - mkk_pika - database.py:101 - INFO - 保存成功：海滩杀机！
2026-07-26 00:11:29 - mkk_pika - main.py:35 - INFO - 开始检查(C92) 雷ちゃんは司令官に何でもしたい (艦隊これくしょん -艦これ-)是否存在未下载章节
2026-07-26 00:11:29 - mkk_pika - main.py:45 - INFO - 正在下载:[(C92) 雷ちゃんは司令官に何でもしたい (艦隊これくしょん -艦これ-)]-[ ねちょらぽっど (なんぷぅ)]-[['短篇', '同人']]-[total_pages:31]
2026-07-26 00:11:29 - mkk_pika - main.py:49 - INFO - [{'_id': '5c305fb41edbd91f42575af0', 'title': '第1集', 'order': 1, 'updated_at': '2019-01-04T14:45:47.331Z', 'id': '5c305fb41edbd91f42575af0'}]
2026-07-26 00:11:29 - mkk_pika - database.py:215 - INFO - 第一次下载该漫画，记录数据库中
2026-07-26 00:11:30 - mkk_pika - main.py:83 - INFO - 找到 31 张图片在:第1集
2026-07-26 00:11:30 - mkk_pika - main.py:112 - INFO - [episode:第1集       ] downloaded:    31, total:  31, progress:100%
2026-07-26 00:11:30 - mkk_pika - database.py:238 - INFO - 数据库更新已下载章节
2026-07-26 00:11:30 - mkk_pika - database.py:244 - INFO - 该漫画已下载章节如下
2026-07-26 00:11:30 - mkk_pika - database.py:245 - INFO - ['第1集']
2026-07-26 00:11:32 - mkk_pika - main.py:348 - INFO - ==================== 漫画信息 ====================
                                   漫画ID：5c305fb41edbd91f42575aef
                                   标题：(C92) 雷ちゃんは司令官に何でもしたい (艦隊これくしょん -艦これ-)
                                   作者： ねちょらぽっど (なんぷぅ)
                                   是否完结：否
                                   总页数：31
                                   分类：短篇,同人
                                   章节数：1
                                   最后更新时间：2019-01-05T07:41:40.831Z
                                   =================================================
2026-07-26 00:11:32 - mkk_pika - database.py:101 - INFO - 保存成功：(C92) 雷ちゃんは司令官に何でもしたい (艦隊これくしょん -艦これ-)
2026-07-26 00:11:32 - mkk_pika - main.py:35 - INFO - 开始检查(COMIC1☆10) BiBi♥Lesson (ラブライブ!)是否存在未下载章节
2026-07-26 00:11:32 - mkk_pika - main.py:45 - INFO - 正在下载:[(COMIC1☆10) BiBi♥Lesson (ラブライブ!)]-[にのこや (にの子)]-[['短篇', '同人', 'Love Live']]-[total_pages:31]
2026-07-26 00:11:32 - mkk_pika - main.py:49 - INFO - [{'_id': '5c305fdacebde71f6d8e1bf3', 'title': '第1集', 'order': 1, 'updated_at': '2019-01-04T15:08:32.201Z', 'id': '5c305fdacebde71f6d8e1bf3'}]
2026-07-26 00:11:32 - mkk_pika - database.py:215 - INFO - 第一次下载该漫画，记录数据库中
2026-07-26 00:11:33 - mkk_pika - main.py:83 - INFO - 找到 31 张图片在:第1集
2026-07-26 00:11:33 - mkk_pika - main.py:112 - INFO - [episode:第1集       ] downloaded:    31, total:  31, progress:100%
2026-07-26 00:11:33 - mkk_pika - database.py:238 - INFO - 数据库更新已下载章节
2026-07-26 00:11:33 - mkk_pika - database.py:244 - INFO - 该漫画已下载章节如下
2026-07-26 00:11:33 - mkk_pika - database.py:245 - INFO - ['第1集']
2026-07-26 00:11:35 - mkk_pika - main.py:348 - INFO - ==================== 漫画信息 ====================
                                   漫画ID：5c305fdacebde71f6d8e1bf2
                                   标题：(COMIC1☆10) BiBi♥Lesson (ラブライブ!)
                                   作者：にのこや (にの子)
                                   是否完结：否
                                   总页数：31
                                   分类：短篇,同人,Love Live
                                   章节数：1
                                   最后更新时间：2019-01-05T07:42:18.878Z
                                   =================================================
2026-07-26 00:11:35 - mkk_pika - database.py:101 - INFO - 保存成功：(COMIC1☆10) BiBi♥Lesson (ラブライブ!)
2026-07-26 00:11:35 - mkk_pika - main.py:35 - INFO - 开始检查叛逆のダミー ウェルロッド編是否存在未下载章节
2026-07-26 00:11:35 - mkk_pika - main.py:45 - INFO - 正在下载:[叛逆のダミー ウェルロッド編]-[MMU2000 (みしまひろじ)]-[['同人', '短篇']]-[total_pages:27]
2026-07-26 00:11:35 - mkk_pika - main.py:49 - INFO - [{'_id': '5c305ff237177d137e885d66', 'title': '第1集', 'order': 1, 'updated_at': '2019-01-04T15:44:54.531Z', 'id': '5c305ff237177d137e885d66'}]
2026-07-26 00:11:35 - mkk_pika - database.py:215 - INFO - 第一次下载该漫画，记录数据库中
2026-07-26 00:11:35 - mkk_pika - main.py:83 - INFO - 找到 27 张图片在:第1集
2026-07-26 00:11:36 - mkk_pika - main.py:112 - INFO - [episode:第1集       ] downloaded:    27, total:  27, progress:100%
2026-07-26 00:11:36 - mkk_pika - database.py:238 - INFO - 数据库更新已下载章节
2026-07-26 00:11:36 - mkk_pika - database.py:244 - INFO - 该漫画已下载章节如下
2026-07-26 00:11:36 - mkk_pika - database.py:245 - INFO - ['第1集']
2026-07-26 00:11:37 - mkk_pika - main.py:348 - INFO - ==================== 漫画信息 ====================
                                   漫画ID：5c305ff237177d137e885d65
                                   标题：叛逆のダミー ウェルロッド編
                                   作者：MMU2000 (みしまひろじ)
                                   是否完结：否
                                   总页数：27
                                   分类：同人,短篇
                                   章节数：1
                                   最后更新时间：2019-01-05T07:42:42.189Z
                                   =================================================
2026-07-26 00:11:37 - mkk_pika - database.py:101 - INFO - 保存成功：叛逆のダミー ウェルロッド編
2026-07-26 00:11:37 - mkk_pika - main.py:35 - INFO - 开始检查居眠り上手の大図書館 (東方Project)是否存在未下载章节
2026-07-26 00:11:38 - mkk_pika - main.py:45 - INFO - 正在下载:[居眠り上手の大図書館 (東方Project)]-[あんみつよもぎ亭 (みちきんぐ)]-[['同人', '短篇', '東方']]-[total_pages:27]
2026-07-26 00:11:38 - mkk_pika - main.py:49 - INFO - [{'_id': '5c3060a7aa113313a98b9a0b', 'title': '第1集', 'order': 1, 'updated_at': '2019-01-04T18:19:10.341Z', 'id': '5c3060a7aa113313a98b9a0b'}]
2026-07-26 00:11:38 - mkk_pika - database.py:215 - INFO - 第一次下载该漫画，记录数据库中
2026-07-26 00:11:38 - mkk_pika - main.py:83 - INFO - 找到 27 张图片在:第1集
2026-07-26 00:11:39 - mkk_pika - main.py:112 - INFO - [episode:第1集       ] downloaded:    27, total:  27, progress:100%
2026-07-26 00:11:39 - mkk_pika - database.py:238 - INFO - 数据库更新已下载章节
2026-07-26 00:11:39 - mkk_pika - database.py:244 - INFO - 该漫画已下载章节如下
2026-07-26 00:11:39 - mkk_pika - database.py:245 - INFO - ['第1集']
2026-07-26 00:11:40 - mkk_pika - main.py:348 - INFO - ==================== 漫画信息 ====================
                                   漫画ID：5c3060a7aa113313a98b9a0a
                                   标题：居眠り上手の大図書館 (東方Project)
                                   作者：あんみつよもぎ亭 (みちきんぐ)
                                   是否完结：是
                                   总页数：27
                                   分类：同人,短篇,東方
                                   章节数：1
                                   最后更新时间：2019-01-05T07:45:43.640Z
                                   =================================================
2026-07-26 00:11:40 - mkk_pika - database.py:101 - INFO - 保存成功：居眠り上手の大図書館 (東方Project)
2026-07-26 00:11:40 - mkk_pika - main.py:35 - INFO - 开始检查バニー★ラヴァーズ (青春ブタ野郎はバニーガール先輩の夢を見ない)是否存在未下载章节
2026-07-26 00:11:40 - mkk_pika - main.py:45 - INFO - 正在下载:[バニー★ラヴァーズ (青春ブタ野郎はバニーガール先輩の夢を見ない)]-[華容道 (松果)]-[['同人', '短篇', '純愛']]-[total_pages:28]
2026-07-26 00:11:40 - mkk_pika - main.py:49 - INFO - [{'_id': '5c33433e1e840173904541fa', 'title': '第1集', 'order': 1, 'updated_at': '2019-01-06T17:09:28.018Z', 'id': '5c33433e1e840173904541fa'}]
2026-07-26 00:11:40 - mkk_pika - database.py:215 - INFO - 第一次下载该漫画，记录数据库中
2026-07-26 00:11:41 - mkk_pika - main.py:83 - INFO - 找到 28 张图片在:第1集
2026-07-26 00:11:41 - mkk_pika - main.py:112 - INFO - [episode:第1集       ] downloaded:    28, total:  28, progress:100%
2026-07-26 00:11:41 - mkk_pika - database.py:238 - INFO - 数据库更新已下载章节
2026-07-26 00:11:41 - mkk_pika - database.py:244 - INFO - 该漫画已下载章节如下
2026-07-26 00:11:41 - mkk_pika - database.py:245 - INFO - ['第1集']
2026-07-26 00:11:43 - mkk_pika - main.py:348 - INFO - ==================== 漫画信息 ====================
                                   漫画ID：5c3060b2aa113313a98b9a27
                                   标题：バニー★ラヴァーズ (青春ブタ野郎はバニーガール先輩の夢を見ない)
                                   作者：華容道 (松果)
                                   是否完结：是
                                   总页数：28
                                   分类：同人,短篇,純愛
                                   章节数：1
                                   最后更新时间：2019-01-05T07:45:54.153Z
                                   =================================================
2026-07-26 00:11:43 - mkk_pika - database.py:101 - INFO - 保存成功：バニー★ラヴァーズ (青春ブタ野郎はバニーガール先輩の夢を見ない)
2026-07-26 00:11:43 - mkk_pika - main.py:35 - INFO - 开始检查 魔術純肛 スカサハ アナル性交是否存在未下载章节
2026-07-26 00:11:43 - mkk_pika - main.py:45 - INFO - 正在下载:[ 魔術純肛 スカサハ アナル性交]-[ユリルラリカ (小島紗、Lazu)]-[['短篇', '同人', 'Fate']]-[total_pages:25]
2026-07-26 00:11:43 - mkk_pika - main.py:49 - INFO - [{'_id': '5c30611a62be1445a4a5cb62', 'title': '第1集', 'order': 1, 'updated_at': '2019-01-05T02:43:58.858Z', 'id': '5c30611a62be1445a4a5cb62'}]
2026-07-26 00:11:43 - mkk_pika - database.py:215 - INFO - 第一次下载该漫画，记录数据库中
2026-07-26 00:11:44 - mkk_pika - main.py:83 - INFO - 找到 25 张图片在:第1集
2026-07-26 00:11:44 - mkk_pika - main.py:112 - INFO - [episode:第1集       ] downloaded:    25, total:  25, progress:100%
2026-07-26 00:11:44 - mkk_pika - database.py:238 - INFO - 数据库更新已下载章节
2026-07-26 00:11:44 - mkk_pika - database.py:244 - INFO - 该漫画已下载章节如下
2026-07-26 00:11:44 - mkk_pika - database.py:245 - INFO - ['第1集']
2026-07-26 00:11:45 - mkk_pika - main.py:348 - INFO - ==================== 漫画信息 ====================
                                   漫画ID：5c30611a62be1445a4a5cb61
                                   标题： 魔術純肛 スカサハ アナル性交
                                   作者：ユリルラリカ (小島紗、Lazu)
                                   是否完结：是
                                   总页数：25
                                   分类：短篇,同人,Fate
                                   章节数：1
                                   最后更新时间：2019-01-05T07:47:38.760Z
                                   =================================================
2026-07-26 00:11:45 - mkk_pika - database.py:101 - INFO - 保存成功： 魔術純肛 スカサハ アナル性交
2026-07-26 00:11:45 - mkk_pika - main.py:35 - INFO - 开始检查(C95) もし女精霊がゴブリンに捕まったら… (ゴブリンスレイヤー)是否存在未下载章节
2026-07-26 00:11:46 - mkk_pika - main.py:45 - INFO - 正在下载:[(C95) もし女精霊がゴブリンに捕まったら… (ゴブリンスレイヤー)]-[Nameless (鬼針草)]-[['短篇', '同人', '強暴', '非人類']]-[total_pages:26]
2026-07-26 00:11:46 - mkk_pika - main.py:49 - INFO - [{'_id': '5c3062111e84017390453661', 'title': '第1集', 'order': 1, 'updated_at': '2019-01-05T03:05:43.646Z', 'id': '5c3062111e84017390453661'}]
2026-07-26 00:11:46 - mkk_pika - database.py:215 - INFO - 第一次下载该漫画，记录数据库中
2026-07-26 00:11:46 - mkk_pika - main.py:83 - INFO - 找到 26 张图片在:第1集
2026-07-26 00:11:47 - mkk_pika - main.py:112 - INFO - [episode:第1集       ] downloaded:    26, total:  26, progress:100%
2026-07-26 00:11:47 - mkk_pika - database.py:238 - INFO - 数据库更新已下载章节
2026-07-26 00:11:47 - mkk_pika - database.py:244 - INFO - 该漫画已下载章节如下
2026-07-26 00:11:47 - mkk_pika - database.py:245 - INFO - ['第1集']
2026-07-26 00:11:48 - mkk_pika - main.py:348 - INFO - ==================== 漫画信息 ====================
                                   漫画ID：5c3062111e84017390453660
                                   标题：(C95) もし女精霊がゴブリンに捕まったら… (ゴブリンスレイヤー)
                                   作者：Nameless (鬼針草)
                                   是否完结：是
                                   总页数：26
                                   分类：短篇,同人,強暴,非人類
                                   章节数：1
                                   最后更新时间：2019-01-05T07:51:45.645Z
                                   =================================================
2026-07-26 00:11:48 - mkk_pika - database.py:101 - INFO - 保存成功：(C95) もし女精霊がゴブリンに捕まったら… (ゴブリンスレイヤー)
2026-07-26 00:11:48 - mkk_pika - main.py:35 - INFO - 开始检查(C95) 魔法少女催眠パコパコーズ3 (Fate/Grand Order、Fate/kaleid liner プリズマ☆イリヤ)是否存在未下载章节
2026-07-26 00:11:48 - mkk_pika - main.py:45 - INFO - 正在下载:[(C95) 魔法少女催眠パコパコーズ3 (Fate/Grand Order、Fate/kaleid liner プリズマ☆イリヤ)]-[乱視と君と。 (santa)]-[['同人', '短篇', 'Fate']]-[total_pages:42]
2026-07-26 00:11:48 - mkk_pika - main.py:49 - INFO - [{'_id': '5c306243ea8bf973be7b6a25', 'title': '第1集', 'order': 1, 'updated_at': '2019-01-05T03:10:33.862Z', 'id': '5c306243ea8bf973be7b6a25'}]
2026-07-26 00:11:48 - mkk_pika - database.py:215 - INFO - 第一次下载该漫画，记录数据库中
2026-07-26 00:11:49 - mkk_pika - main.py:83 - INFO - 找到 42 张图片在:第1集
2026-07-26 00:11:50 - mkk_pika - main.py:112 - INFO - [episode:第1集       ] downloaded:    42, total:  42, progress:100%
2026-07-26 00:11:50 - mkk_pika - database.py:238 - INFO - 数据库更新已下载章节
2026-07-26 00:11:50 - mkk_pika - database.py:244 - INFO - 该漫画已下载章节如下
2026-07-26 00:11:50 - mkk_pika - database.py:245 - INFO - ['第1集']
2026-07-26 00:11:51 - mkk_pika - main.py:348 - INFO - ==================== 漫画信息 ====================
                                   漫画ID：5c306243ea8bf973be7b6a24
                                   标题：(C95) 魔法少女催眠パコパコーズ3 (Fate/Grand Order、Fate/kaleid liner プリズマ☆イリヤ)
                                   作者：乱視と君と。 (santa)
                                   是否完结：是
                                   总页数：42
                                   分类：同人,短篇,Fate
                                   章节数：1
                                   最后更新时间：2019-01-05T07:52:35.054Z
                                   =================================================
2026-07-26 00:11:51 - mkk_pika - database.py:101 - INFO - 保存成功：(C95) 魔法少女催眠パコパコーズ3 (Fate/Grand Order、Fate/kaleid liner プリズマ☆イリヤ)
2026-07-26 00:11:51 - mkk_pika - main.py:35 - INFO - 开始检查(C95) 姫とジャージとエロ下着 (Fate/Grand Order)是否存在未下载章节
2026-07-26 00:11:52 - mkk_pika - main.py:45 - INFO - 正在下载:[(C95) 姫とジャージとエロ下着 (Fate/Grand Order)]-[ねこまた屋 (ねこまたなおみ)]-[['短篇', '同人', 'Fate']]-[total_pages:29]
2026-07-26 00:11:52 - mkk_pika - main.py:49 - INFO - [{'_id': '5c30628437177d137e885d9a', 'title': '第1集', 'order': 1, 'updated_at': '2019-01-05T03:33:49.683Z', 'id': '5c30628437177d137e885d9a'}]
2026-07-26 00:11:52 - mkk_pika - database.py:215 - INFO - 第一次下载该漫画，记录数据库中
2026-07-26 00:11:52 - mkk_pika - main.py:83 - INFO - 找到 29 张图片在:第1集
2026-07-26 00:11:53 - mkk_pika - main.py:112 - INFO - [episode:第1集       ] downloaded:    29, total:  29, progress:100%
2026-07-26 00:11:53 - mkk_pika - database.py:238 - INFO - 数据库更新已下载章节
2026-07-26 00:11:53 - mkk_pika - database.py:244 - INFO - 该漫画已下载章节如下
2026-07-26 00:11:53 - mkk_pika - database.py:245 - INFO - ['第1集']
2026-07-26 00:11:54 - mkk_pika - main.py:348 - INFO - ==================== 漫画信息 ====================
                                   漫画ID：5c30628437177d137e885d99
                                   标题：(C95) 姫とジャージとエロ下着 (Fate/Grand Order)
                                   作者：ねこまた屋 (ねこまたなおみ)
                                   是否完结：是
                                   总页数：29
                                   分类：短篇,同人,Fate
                                   章节数：1
                                   最后更新时间：2019-01-05T07:53:40.714Z
                                   =================================================
2026-07-26 00:11:54 - mkk_pika - database.py:101 - INFO - 保存成功：(C95) 姫とジャージとエロ下着 (Fate/Grand Order)
2026-07-26 00:11:54 - mkk_pika - main.py:35 - INFO - 开始检查D-SCALE是否存在未下载章节
2026-07-26 00:11:54 - mkk_pika - main.py:45 - INFO - 正在下载:[D-SCALE]-[うみのさち (水平線)]-[['短篇']]-[total_pages:25]
2026-07-26 00:11:54 - mkk_pika - main.py:49 - INFO - [{'_id': '5c33431962be1445a4a5d598', 'title': '第1集', 'order': 1, 'updated_at': '2019-01-06T17:06:54.480Z', 'id': '5c33431962be1445a4a5d598'}]
2026-07-26 00:11:54 - mkk_pika - database.py:215 - INFO - 第一次下载该漫画，记录数据库中
2026-07-26 00:11:55 - mkk_pika - main.py:83 - INFO - 找到 25 张图片在:第1集
2026-07-26 00:11:56 - mkk_pika - main.py:112 - INFO - [episode:第1集       ] downloaded:    25, total:  25, progress:100%
2026-07-26 00:11:56 - mkk_pika - database.py:238 - INFO - 数据库更新已下载章节
2026-07-26 00:11:56 - mkk_pika - database.py:244 - INFO - 该漫画已下载章节如下
2026-07-26 00:11:56 - mkk_pika - database.py:245 - INFO - ['第1集']
2026-07-26 00:11:57 - mkk_pika - main.py:348 - INFO - ==================== 漫画信息 ====================
                                   漫画ID：5c3062b3ea8bf973be7b6aae
                                   标题：D-SCALE
                                   作者：うみのさち (水平線)
                                   是否完结：是
                                   总页数：25
                                   分类：短篇
                                   章节数：1
                                   最后更新时间：2019-01-05T07:54:27.108Z
                                   =================================================
2026-07-26 00:11:57 - mkk_pika - database.py:101 - INFO - 保存成功：D-SCALE
2026-07-26 00:11:57 - mkk_pika - main.py:35 - INFO - 开始检查卯月のケモノ (コミック エグゼ 12)是否存在未下载章节
2026-07-26 00:11:57 - mkk_pika - main.py:45 - INFO - 正在下载:[卯月のケモノ (コミック エグゼ 12)]-[日吉ハナ]-[['短篇']]-[total_pages:25]
2026-07-26 00:11:57 - mkk_pika - main.py:49 - INFO - [{'_id': '5c3062c80f82551376468d8d', 'title': '第1集', 'order': 1, 'updated_at': '2019-01-05T04:23:32.833Z', 'id': '5c3062c80f82551376468d8d'}]
2026-07-26 00:11:57 - mkk_pika - database.py:215 - INFO - 第一次下载该漫画，记录数据库中
2026-07-26 00:11:58 - mkk_pika - main.py:83 - INFO - 找到 25 张图片在:第1集
2026-07-26 00:11:58 - mkk_pika - main.py:112 - INFO - [episode:第1集       ] downloaded:    25, total:  25, progress:100%
2026-07-26 00:11:58 - mkk_pika - database.py:238 - INFO - 数据库更新已下载章节
2026-07-26 00:11:58 - mkk_pika - database.py:244 - INFO - 该漫画已下载章节如下
2026-07-26 00:11:58 - mkk_pika - database.py:245 - INFO - ['第1集']
2026-07-26 00:12:00 - mkk_pika - main.py:348 - INFO - ==================== 漫画信息 ====================
                                   漫画ID：5c3062c80f82551376468d8c
                                   标题：卯月のケモノ (コミック エグゼ 12)
                                   作者：日吉ハナ
                                   是否完结：是
                                   总页数：25
                                   分类：短篇
                                   章节数：1
                                   最后更新时间：2019-01-05T07:54:48.527Z
                                   =================================================
2026-07-26 00:12:00 - mkk_pika - database.py:101 - INFO - 保存成功：卯月のケモノ (コミック エグゼ 12)
2026-07-26 00:12:00 - mkk_pika - main.py:35 - INFO - 开始检查絶対に堕ちない姫騎士エルフ VS どんな女でも堕とすオーク軍団是否存在未下载章节
2026-07-26 00:12:00 - mkk_pika - main.py:45 - INFO - 正在下载:[絶対に堕ちない姫騎士エルフ VS どんな女でも堕とすオーク軍団]-[友毒屋 (友吉)]-[['短篇', '全彩', '非人類']]-[total_pages:24]
2026-07-26 00:12:00 - mkk_pika - main.py:49 - INFO - [{'_id': '5c3062d649be9f13b64c4fff', 'title': '第1集', 'order': 1, 'updated_at': '2019-01-05T04:30:03.386Z', 'id': '5c3062d649be9f13b64c4fff'}]
2026-07-26 00:12:00 - mkk_pika - database.py:215 - INFO - 第一次下载该漫画，记录数据库中
2026-07-26 00:12:00 - mkk_pika - main.py:83 - INFO - 找到 24 张图片在:第1集
2026-07-26 00:12:01 - mkk_pika - main.py:112 - INFO - [episode:第1集       ] downloaded:    24, total:  24, progress:100%
2026-07-26 00:12:01 - mkk_pika - database.py:238 - INFO - 数据库更新已下载章节
2026-07-26 00:12:01 - mkk_pika - database.py:244 - INFO - 该漫画已下载章节如下
2026-07-26 00:12:01 - mkk_pika - database.py:245 - INFO - ['第1集']
2026-07-26 00:12:02 - mkk_pika - main.py:348 - INFO - ==================== 漫画信息 ====================
                                   漫画ID：5c3062d649be9f13b64c4ffe
                                   标题：絶対に堕ちない姫騎士エルフ VS どんな女でも堕とすオーク軍団
                                   作者：友毒屋 (友吉)
                                   是否完结：是
                                   总页数：24
                                   分类：短篇,全彩,非人類
                                   章节数：1
                                   最后更新时间：2019-01-05T07:55:02.377Z
                                   =================================================
2026-07-26 00:12:02 - mkk_pika - database.py:101 - INFO - 保存成功：絶対に堕ちない姫騎士エルフ VS どんな女でも堕とすオーク軍団
2026-07-26 00:12:02 - mkk_pika - main.py:35 - INFO - 开始检查 （C95）9A91ちゃんはは指揮官とXXしたい! (少女前線)是否存在未下载章节
2026-07-26 00:12:03 - mkk_pika - main.py:45 - INFO - 正在下载:[ （C95）9A91ちゃんはは指揮官とXXしたい! (少女前線)]-[LAB★CHICKEN (やこぶ)]-[['全彩', '同人', '短篇', '純愛']]-[total_pages:20]
2026-07-26 00:12:03 - mkk_pika - main.py:49 - INFO - [{'_id': '5c3062ef49be9f13b64c501a', 'title': '第1集', 'order': 1, 'updated_at': '2019-01-05T04:48:18.907Z', 'id': '5c3062ef49be9f13b64c501a'}]
2026-07-26 00:12:03 - mkk_pika - database.py:215 - INFO - 第一次下载该漫画，记录数据库中
2026-07-26 00:12:03 - mkk_pika - main.py:83 - INFO - 找到 20 张图片在:第1集
2026-07-26 00:12:04 - mkk_pika - main.py:112 - INFO - [episode:第1集       ] downloaded:    20, total:  20, progress:100%
2026-07-26 00:12:04 - mkk_pika - database.py:238 - INFO - 数据库更新已下载章节
2026-07-26 00:12:04 - mkk_pika - database.py:244 - INFO - 该漫画已下载章节如下
2026-07-26 00:12:04 - mkk_pika - database.py:245 - INFO - ['第1集']
2026-07-26 00:12:05 - mkk_pika - main.py:348 - INFO - ==================== 漫画信息 ====================
                                   漫画ID：5c3062ee49be9f13b64c5019
                                   标题： （C95）9A91ちゃんはは指揮官とXXしたい! (少女前線)
                                   作者：LAB★CHICKEN (やこぶ)
                                   是否完结：是
                                   总页数：20
                                   分类：全彩,同人,短篇,純愛
                                   章节数：1
                                   最后更新时间：2019-01-05T07:55:26.985Z
                                   =================================================
2026-07-26 00:12:05 - mkk_pika - database.py:101 - INFO - 保存成功： （C95）9A91ちゃんはは指揮官とXXしたい! (少女前線)
2026-07-26 00:12:05 - mkk_pika - main.py:35 - INFO - 开始检查 (C95)いなづまとケッコン性活カッコカリ (艦隊これくしょん -艦これ-)是否存在未下载章节
2026-07-26 00:12:06 - mkk_pika - main.py:45 - INFO - 正在下载:[ (C95)いなづまとケッコン性活カッコカリ (艦隊これくしょん -艦これ-)]-[たこ焼き畑 (たこやきよし)]-[['同人', '短篇', '艦隊收藏', '純愛']]-[total_pages:27]
2026-07-26 00:12:06 - mkk_pika - main.py:49 - INFO - [{'_id': '5c30631349be9f13b64c5030', 'title': '第1集', 'order': 1, 'updated_at': '2019-01-05T05:05:37.581Z', 'id': '5c30631349be9f13b64c5030'}]
2026-07-26 00:12:06 - mkk_pika - database.py:215 - INFO - 第一次下载该漫画，记录数据库中
2026-07-26 00:12:07 - mkk_pika - main.py:83 - INFO - 找到 27 张图片在:第1集
2026-07-26 00:12:07 - mkk_pika - main.py:112 - INFO - [episode:第1集       ] downloaded:    27, total:  27, progress:100%
2026-07-26 00:12:07 - mkk_pika - database.py:238 - INFO - 数据库更新已下载章节
2026-07-26 00:12:07 - mkk_pika - database.py:244 - INFO - 该漫画已下载章节如下
2026-07-26 00:12:07 - mkk_pika - database.py:245 - INFO - ['第1集']
2026-07-26 00:12:09 - mkk_pika - main.py:348 - INFO - ==================== 漫画信息 ====================
                                   漫画ID：5c30631349be9f13b64c502f
                                   标题： (C95)いなづまとケッコン性活カッコカリ (艦隊これくしょん -艦これ-)
                                   作者：たこ焼き畑 (たこやきよし)
                                   是否完结：是
                                   总页数：27
                                   分类：同人,短篇,艦隊收藏,純愛
                                   章节数：1
                                   最后更新时间：2019-01-05T07:56:03.411Z
                                   =================================================
2026-07-26 00:12:09 - mkk_pika - database.py:101 - INFO - 保存成功： (C95)いなづまとケッコン性活カッコカリ (艦隊これくしょん -艦これ-)
2026-07-26 00:12:09 - mkk_pika - main.py:380 - INFO - 本次任务下载完毕
2026-07-26 00:12:09 - mkk_pika - database.py:173 - INFO - 数据库连接已关闭
