2026-09-14 00:58:17 - mkk_pika - main.py:193 - INFO - =======================================================================
2026-09-14 00:58:17 - mkk_pika - database.py:61 - INFO - 表和索引初始化成功
2026-09-14 00:58:17 - mkk_pika - main.py:197 - INFO - 已经累计下载20826本漫画
2026-09-14 00:58:17 - mkk_pika - api.py:87 - INFO - 登录成功
2026-09-14 00:58:18 - mkk_pika - main.py:203 - INFO - 收藏夹共计0本漫画
2026-09-14 00:58:18 - mkk_pika - main.py:206 - INFO - 开始下载收藏夹内未下载内容
2026-09-14 00:58:18 - mkk_pika - main.py:266 - INFO - 收藏夹内容下载完毕
2026-09-14 00:58:18 - mkk_pika - main.py:268 - INFO - 开始下载订阅内容
2026-09-14 00:58:18 - mkk_pika - database.py:258 - INFO - 根据ID查询到标题：萝莉 -> 海ちゃんと夏休み 気づいたら俺の家が無防備汗だく○リっ子の休憩スポットになっていた話 | 海妹妹和暑假关于一不小心我家里多了一个汗津津的无防备小萝莉在休息这件事
2026-09-14 00:58:19 - mkk_pika - database.py:101 - INFO - 保存成功：海ちゃんと夏休み 気づいたら俺の家が無防備汗だく○リっ子の休憩スポットになっていた話 | 海妹妹和暑假关于一不小心我家里多了一个汗津津的无防备小萝莉在休息这件事
2026-09-14 00:58:19 - mkk_pika - main.py:273 - INFO - 关键词萝莉找到1本漫画
2026-09-14 00:58:19 - mkk_pika - database.py:258 - INFO - 根据ID查询到标题：蘿莉 -> [Patreon] Clowenqq（AI）
2026-09-14 00:58:19 - mkk_pika - database.py:101 - INFO - 保存成功：[Patreon] Clowenqq（AI）
2026-09-14 00:58:19 - mkk_pika - main.py:273 - INFO - 关键词蘿莉找到1本漫画
2026-09-14 00:58:19 - mkk_pika - main.py:275 - INFO - 订阅内容共计2本漫画
2026-09-14 00:58:19 - mkk_pika - main.py:35 - INFO - 开始检查陽菜ちゃん調教日記|阳菜酱的调教日记 [中国翻译][進行中]是否存在未下载章节
2026-09-14 00:58:20 - mkk_pika - database.py:203 - INFO - 查询数据库中是否已存在第1話熟肉100p
2026-09-14 00:58:20 - mkk_pika - main.py:51 - INFO - 陽菜ちゃん調教日記|阳菜酱的调教日记 [中国翻译][進行中]中没有可下载章节
2026-09-14 00:58:20 - mkk_pika - main.py:292 - INFO - ==================== 漫画信息 ====================
                                漫画ID：68dd17e83c6fe63b068bea88
                                标题：陽菜ちゃん調教日記|阳菜酱的调教日记 [中国翻译][進行中]
                                作者：OKINA
                                是否完结：否
                                总页数：101
                                分类：全彩,長篇,SM
                                章节数：1
                                最后更新时间：2026-09-12T15:23:27.295Z
                                =================================================
2026-09-14 00:58:20 - mkk_pika - database.py:101 - INFO - 保存成功：陽菜ちゃん調教日記|阳菜酱的调教日记 [中国翻译][進行中]
2026-09-14 00:58:20 - mkk_pika - main.py:35 - INFO - 开始检查めぐりあそび | 四季巡游物语是否存在未下载章节
2026-09-14 00:58:20 - mkk_pika - database.py:203 - INFO - 查询数据库中是否已存在夫妻游戏
2026-09-14 00:58:20 - mkk_pika - database.py:203 - INFO - 查询数据库中是否已存在第1話
2026-09-14 00:58:20 - mkk_pika - main.py:45 - INFO - 正在下载:[めぐりあそび | 四季巡游物语]-[あんのみけ]-[['長篇', '單行本']]-[total_pages:-1]
2026-09-14 00:58:20 - mkk_pika - main.py:49 - INFO - [{'_id': '6aa6c3b6afda4d0d7466a5fc', 'title': '夫妻游戏', 'order': 1, 'updated_at': '2026-09-13T12:30:01.841Z', 'id': '6aa6c3b6afda4d0d7466a5fc'}]
2026-09-14 00:58:21 - mkk_pika - main.py:83 - INFO - 找到 10 张图片在:夫妻游戏
2026-09-14 00:58:22 - mkk_pika - main.py:112 - INFO - [episode:夫妻游戏      ] downloaded:    10, total:  10, progress:100%
2026-09-14 00:58:22 - mkk_pika - database.py:238 - INFO - 数据库更新已下载章节
2026-09-14 00:58:22 - mkk_pika - database.py:244 - INFO - 该漫画已下载章节如下
2026-09-14 00:58:22 - mkk_pika - database.py:245 - INFO - ['第1話', '夫妻游戏']
2026-09-14 00:58:23 - mkk_pika - main.py:292 - INFO - ==================== 漫画信息 ====================
                                漫画ID：6a94711231a0f4209c574363
                                标题：めぐりあそび | 四季巡游物语
                                作者：あんのみけ
                                是否完结：是
                                总页数：214
                                分类：長篇,單行本
                                章节数：2
                                最后更新时间：2026-09-13T15:39:34.073Z
                                =================================================
2026-09-14 00:58:23 - mkk_pika - database.py:101 - INFO - 保存成功：めぐりあそび | 四季巡游物语
2026-09-14 00:58:23 - mkk_pika - main.py:323 - INFO - 订阅内容内容下载完毕
2026-09-14 00:58:23 - mkk_pika - main.py:324 - INFO - 开始分批下载全部章节
2026-09-14 00:58:23 - mkk_pika - database.py:280 - INFO - 表和索引初始化成功
2026-09-14 00:58:24 - mkk_pika - main.py:177 - INFO - 已经下载了1611页，一共7143页，现在开始添加第1612页
2026-09-14 00:58:24 - mkk_pika - database.py:318 - INFO - 保存成功
2026-09-14 00:58:24 - mkk_pika - main.py:177 - INFO - 已经下载了1612页，一共7143页，现在开始添加第1613页
2026-09-14 00:58:25 - mkk_pika - database.py:318 - INFO - 保存成功
2026-09-14 00:58:25 - mkk_pika - main.py:177 - INFO - 已经下载了1613页，一共7143页，现在开始添加第1614页
2026-09-14 00:58:26 - mkk_pika - database.py:318 - INFO - 保存成功
2026-09-14 00:58:26 - mkk_pika - main.py:177 - INFO - 已经下载了1614页，一共7143页，现在开始添加第1615页
2026-09-14 00:58:27 - mkk_pika - database.py:318 - INFO - 保存成功
2026-09-14 00:58:27 - mkk_pika - main.py:177 - INFO - 已经下载了1615页，一共7143页，现在开始添加第1616页
2026-09-14 00:58:28 - mkk_pika - database.py:318 - INFO - 保存成功
2026-09-14 00:58:28 - mkk_pika - main.py:177 - INFO - 已经下载了1616页，一共7143页，现在开始添加第1617页
2026-09-14 00:58:29 - mkk_pika - database.py:318 - INFO - 保存成功
2026-09-14 00:58:29 - mkk_pika - main.py:177 - INFO - 已经下载了1617页，一共7143页，现在开始添加第1618页
2026-09-14 00:58:29 - mkk_pika - database.py:318 - INFO - 保存成功
2026-09-14 00:58:29 - mkk_pika - main.py:331 - INFO - 分批下载共计89本漫画
2026-09-14 00:58:29 - mkk_pika - main.py:35 - INFO - 开始检查干物エルフ、子作りをする。 (コミックアンリアル 2019年4月号 Vol.78) [中国翻訳] [DL版]是否存在未下载章节
2026-09-14 00:58:30 - mkk_pika - main.py:45 - INFO - 正在下载:[干物エルフ、子作りをする。 (コミックアンリアル 2019年4月号 Vol.78) [中国翻訳] [DL版]]-[広弥]-[['短篇', '非人類']]-[total_pages:23]
2026-09-14 00:58:30 - mkk_pika - main.py:49 - INFO - [{'_id': '5cc2848b4af82a50baf9f1fe', 'title': '第1集', 'order': 1, 'updated_at': '2019-04-25T18:13:00.900Z', 'id': '5cc2848b4af82a50baf9f1fe'}]
2026-09-14 00:58:30 - mkk_pika - database.py:215 - INFO - 第一次下载该漫画，记录数据库中
2026-09-14 00:58:30 - mkk_pika - main.py:83 - INFO - 找到 23 张图片在:第1集
2026-09-14 00:58:32 - mkk_pika - main.py:112 - INFO - [episode:第1集       ] downloaded:    23, total:  23, progress:100%
2026-09-14 00:58:32 - mkk_pika - database.py:238 - INFO - 数据库更新已下载章节
2026-09-14 00:58:32 - mkk_pika - database.py:244 - INFO - 该漫画已下载章节如下
2026-09-14 00:58:32 - mkk_pika - database.py:245 - INFO - ['第1集']
2026-09-14 00:58:33 - mkk_pika - main.py:348 - INFO - ==================== 漫画信息 ====================
                                   漫画ID：5cc2848b4af82a50baf9f1fd
                                   标题：干物エルフ、子作りをする。 (コミックアンリアル 2019年4月号 Vol.78) [中国翻訳] [DL版]
                                   作者：広弥
                                   是否完结：是
                                   总页数：23
                                   分类：短篇,非人類
                                   章节数：1
                                   最后更新时间：2019-04-26T04:09:47.288Z
                                   =================================================
2026-09-14 00:58:33 - mkk_pika - database.py:101 - INFO - 保存成功：干物エルフ、子作りをする。 (コミックアンリアル 2019年4月号 Vol.78) [中国翻訳] [DL版]
2026-09-14 00:58:33 - mkk_pika - main.py:35 - INFO - 开始检查(COMIC1☆12) エロネロ祭 ～体操服ネロのイキまくり無限絶頂～ (Fate/Grand Order) [中国翻訳]是否存在未下载章节
2026-09-14 00:58:33 - mkk_pika - main.py:45 - INFO - 正在下载:[(COMIC1☆12) エロネロ祭 ～体操服ネロのイキまくり無限絶頂～ (Fate/Grand Order) [中国翻訳]]-[友毒屋 (友吉)]-[['短篇', '同人', '純愛', 'Fate']]-[total_pages:42]
2026-09-14 00:58:33 - mkk_pika - main.py:49 - INFO - [{'_id': '5cc284f842ce9e7eb62f5c4e', 'title': '第1集', 'order': 1, 'updated_at': '2019-04-25T18:24:46.887Z', 'id': '5cc284f842ce9e7eb62f5c4e'}, {'_id': '5cc284f842ce9e7eb62f5c4f', 'title': '第1集', 'order': 2, 'updated_at': '2019-04-25T18:26:49.054Z', 'id': '5cc284f842ce9e7eb62f5c4f'}]
2026-09-14 00:58:33 - mkk_pika - database.py:215 - INFO - 第一次下载该漫画，记录数据库中
2026-09-14 00:58:34 - mkk_pika - main.py:83 - INFO - 找到 21 张图片在:第1集
2026-09-14 00:58:35 - mkk_pika - main.py:112 - INFO - [episode:第1集       ] downloaded:    21, total:  21, progress:100%
2026-09-14 00:58:35 - mkk_pika - database.py:238 - INFO - 数据库更新已下载章节
2026-09-14 00:58:35 - mkk_pika - database.py:244 - INFO - 该漫画已下载章节如下
2026-09-14 00:58:35 - mkk_pika - database.py:245 - INFO - ['第1集']
2026-09-14 00:58:37 - mkk_pika - main.py:83 - INFO - 找到 21 张图片在:第1集
2026-09-14 00:58:37 - mkk_pika - main.py:112 - INFO - [episode:第1集       ] downloaded:    21, total:  21, progress:100%
2026-09-14 00:58:37 - mkk_pika - database.py:238 - INFO - 数据库更新已下载章节
2026-09-14 00:58:37 - mkk_pika - database.py:244 - INFO - 该漫画已下载章节如下
2026-09-14 00:58:37 - mkk_pika - database.py:245 - INFO - ['第1集', '第1集']
2026-09-14 00:58:38 - mkk_pika - main.py:348 - INFO - ==================== 漫画信息 ====================
                                   漫画ID：5cc284f842ce9e7eb62f5c4d
                                   标题：(COMIC1☆12) エロネロ祭 ～体操服ネロのイキまくり無限絶頂～ (Fate/Grand Order) [中国翻訳]
                                   作者：友毒屋 (友吉)
                                   是否完结：是
                                   总页数：42
                                   分类：短篇,同人,純愛,Fate
                                   章节数：2
                                   最后更新时间：2019-04-26T04:11:36.584Z
                                   =================================================
2026-09-14 00:58:38 - mkk_pika - database.py:101 - INFO - 保存成功：(COMIC1☆12) エロネロ祭 ～体操服ネロのイキまくり無限絶頂～ (Fate/Grand Order) [中国翻訳]
2026-09-14 00:58:38 - mkk_pika - main.py:35 - INFO - 开始检查Rainbow color blue apple（虹色青林檎）是否存在未下载章节
2026-09-14 00:58:39 - mkk_pika - main.py:45 - INFO - 正在下载:[Rainbow color blue apple（虹色青林檎）]-[Dogear]-[['同人', '短篇', '性轉換', '非人類', '扶他樂園']]-[total_pages:40]
2026-09-14 00:58:39 - mkk_pika - main.py:49 - INFO - [{'_id': '5cc2851942ce9e7eb62f5c7b', 'title': '第1集', 'order': 1, 'updated_at': '2019-04-25T21:40:33.743Z', 'id': '5cc2851942ce9e7eb62f5c7b'}]
2026-09-14 00:58:39 - mkk_pika - database.py:215 - INFO - 第一次下载该漫画，记录数据库中
2026-09-14 00:58:39 - mkk_pika - main.py:83 - INFO - 找到 40 张图片在:第1集
2026-09-14 00:58:41 - mkk_pika - main.py:112 - INFO - [episode:第1集       ] downloaded:    40, total:  40, progress:100%
2026-09-14 00:58:41 - mkk_pika - database.py:238 - INFO - 数据库更新已下载章节
2026-09-14 00:58:41 - mkk_pika - database.py:244 - INFO - 该漫画已下载章节如下
2026-09-14 00:58:41 - mkk_pika - database.py:245 - INFO - ['第1集']
2026-09-14 00:58:43 - mkk_pika - main.py:348 - INFO - ==================== 漫画信息 ====================
                                   漫画ID：5cc2851942ce9e7eb62f5c7a
                                   标题：Rainbow color blue apple（虹色青林檎）
                                   作者：Dogear
                                   是否完结：否
                                   总页数：40
                                   分类：同人,短篇,性轉換,非人類,扶他樂園
                                   章节数：1
                                   最后更新时间：2019-04-26T04:12:09.917Z
                                   =================================================
2026-09-14 00:58:43 - mkk_pika - database.py:101 - INFO - 保存成功：Rainbow color blue apple（虹色青林檎）
2026-09-14 00:58:43 - mkk_pika - main.py:35 - INFO - 开始检查ベビー&マミー (コミックゼロス #62)[無修正]是否存在未下载章节
2026-09-14 00:58:43 - mkk_pika - main.py:45 - INFO - 正在下载:[ベビー&マミー (コミックゼロス #62)[無修正]]-[富士やま]-[['短篇']]-[total_pages:18]
2026-09-14 00:58:43 - mkk_pika - main.py:49 - INFO - [{'_id': '5cc285397e84e07ebe5b0119', 'title': '第1集', 'order': 1, 'updated_at': '2019-04-25T09:34:45.914Z', 'id': '5cc285397e84e07ebe5b0119'}]
2026-09-14 00:58:43 - mkk_pika - database.py:215 - INFO - 第一次下载该漫画，记录数据库中
2026-09-14 00:58:44 - mkk_pika - main.py:83 - INFO - 找到 18 张图片在:第1集
2026-09-14 00:58:45 - mkk_pika - main.py:112 - INFO - [episode:第1集       ] downloaded:    18, total:  18, progress:100%
2026-09-14 00:58:45 - mkk_pika - database.py:238 - INFO - 数据库更新已下载章节
2026-09-14 00:58:45 - mkk_pika - database.py:244 - INFO - 该漫画已下载章节如下
2026-09-14 00:58:45 - mkk_pika - database.py:245 - INFO - ['第1集']
2026-09-14 00:58:46 - mkk_pika - main.py:348 - INFO - ==================== 漫画信息 ====================
                                   漫画ID：5cc285397e84e07ebe5b0118
                                   标题：ベビー&マミー (コミックゼロス #62)[無修正]
                                   作者：富士やま
                                   是否完结：否
                                   总页数：18
                                   分类：短篇
                                   章节数：1
                                   最后更新时间：2019-04-26T04:12:41.573Z
                                   =================================================
2026-09-14 00:58:46 - mkk_pika - database.py:101 - INFO - 保存成功：ベビー&マミー (コミックゼロス #62)[無修正]
2026-09-14 00:58:46 - mkk_pika - main.py:35 - INFO - 开始检查ふわふわ_ひーりんぐ (COMIC快楽天ビースト 2019年1月号)[無修正]是否存在未下载章节
2026-09-14 00:58:47 - mkk_pika - main.py:45 - INFO - 正在下载:[ふわふわ_ひーりんぐ (COMIC快楽天ビースト 2019年1月号)[無修正]]-[一ノ瀬ランド]-[['短篇', '純愛']]-[total_pages:22]
2026-09-14 00:58:47 - mkk_pika - main.py:49 - INFO - [{'_id': '5cc2855eaad5457ef193b8bc', 'title': '第1集', 'order': 1, 'updated_at': '2019-04-26T01:22:24.196Z', 'id': '5cc2855eaad5457ef193b8bc'}]
2026-09-14 00:58:47 - mkk_pika - database.py:215 - INFO - 第一次下载该漫画，记录数据库中
2026-09-14 00:58:47 - mkk_pika - main.py:83 - INFO - 找到 22 张图片在:第1集
2026-09-14 00:58:49 - mkk_pika - main.py:112 - INFO - [episode:第1集       ] downloaded:    22, total:  22, progress:100%
2026-09-14 00:58:49 - mkk_pika - database.py:238 - INFO - 数据库更新已下载章节
2026-09-14 00:58:49 - mkk_pika - database.py:244 - INFO - 该漫画已下载章节如下
2026-09-14 00:58:49 - mkk_pika - database.py:245 - INFO - ['第1集']
2026-09-14 00:58:50 - mkk_pika - main.py:348 - INFO - ==================== 漫画信息 ====================
                                   漫画ID：5cc2855eaad5457ef193b8bb
                                   标题：ふわふわ_ひーりんぐ (COMIC快楽天ビースト 2019年1月号)[無修正]
                                   作者：一ノ瀬ランド
                                   是否完结：否
                                   总页数：22
                                   分类：短篇,純愛
                                   章节数：1
                                   最后更新时间：2019-04-26T04:13:18.734Z
                                   =================================================
2026-09-14 00:58:50 - mkk_pika - database.py:101 - INFO - 保存成功：ふわふわ_ひーりんぐ (COMIC快楽天ビースト 2019年1月号)[無修正]
2026-09-14 00:58:50 - mkk_pika - main.py:35 - INFO - 开始检查平日泊り (ラブライブ! サンシャイン!!) [DL版]是否存在未下载章节
2026-09-14 00:58:51 - mkk_pika - main.py:45 - INFO - 正在下载:[平日泊り (ラブライブ! サンシャイン!!) [DL版]]-[めざましセット (めざし)]-[['同人', '短篇', '百合花園', '純愛', 'Love Live']]-[total_pages:30]
2026-09-14 00:58:51 - mkk_pika - main.py:49 - INFO - [{'_id': '5cc2858842ce9e7eb62f5ca6', 'title': '第1集', 'order': 1, 'updated_at': '2019-04-26T03:38:47.531Z', 'id': '5cc2858842ce9e7eb62f5ca6'}]
2026-09-14 00:58:51 - mkk_pika - database.py:215 - INFO - 第一次下载该漫画，记录数据库中
2026-09-14 00:58:51 - mkk_pika - main.py:83 - INFO - 找到 30 张图片在:第1集
2026-09-14 00:58:53 - mkk_pika - main.py:112 - INFO - [episode:第1集       ] downloaded:    30, total:  30, progress:100%
2026-09-14 00:58:53 - mkk_pika - database.py:238 - INFO - 数据库更新已下载章节
2026-09-14 00:58:53 - mkk_pika - database.py:244 - INFO - 该漫画已下载章节如下
2026-09-14 00:58:53 - mkk_pika - database.py:245 - INFO - ['第1集']
2026-09-14 00:58:54 - mkk_pika - main.py:348 - INFO - ==================== 漫画信息 ====================
                                   漫画ID：5cc2858842ce9e7eb62f5ca5
                                   标题：平日泊り (ラブライブ! サンシャイン!!) [DL版]
                                   作者：めざましセット (めざし)
                                   是否完结：否
                                   总页数：30
                                   分类：同人,短篇,百合花園,純愛,Love Live
                                   章节数：1
                                   最后更新时间：2019-04-26T04:14:00.666Z
                                   =================================================
2026-09-14 00:58:54 - mkk_pika - database.py:101 - INFO - 保存成功：平日泊り (ラブライブ! サンシャイン!!) [DL版]
2026-09-14 00:58:54 - mkk_pika - main.py:35 - INFO - 开始检查(C94)  カリオストロが堕とされるようです (グランブルーファンタジー) [中国翻訳]是否存在未下载章节
2026-09-14 00:58:54 - mkk_pika - main.py:45 - INFO - 正在下载:[(C94)  カリオストロが堕とされるようです (グランブルーファンタジー) [中国翻訳]]-[モモカワ (み皮)]-[['短篇', '非人類', '碧藍幻想']]-[total_pages:21]
2026-09-14 00:58:54 - mkk_pika - main.py:49 - INFO - [{'_id': '5cc285a3068a2b4e2c57fdfa', 'title': '第1集', 'order': 1, 'updated_at': '2019-04-26T04:03:27.547Z', 'id': '5cc285a3068a2b4e2c57fdfa'}]
2026-09-14 00:58:54 - mkk_pika - database.py:215 - INFO - 第一次下载该漫画，记录数据库中
2026-09-14 00:58:55 - mkk_pika - main.py:83 - INFO - 找到 21 张图片在:第1集
2026-09-14 00:58:56 - mkk_pika - main.py:112 - INFO - [episode:第1集       ] downloaded:    21, total:  21, progress:100%
2026-09-14 00:58:56 - mkk_pika - database.py:238 - INFO - 数据库更新已下载章节
2026-09-14 00:58:56 - mkk_pika - database.py:244 - INFO - 该漫画已下载章节如下
2026-09-14 00:58:56 - mkk_pika - database.py:245 - INFO - ['第1集']
2026-09-14 00:58:58 - mkk_pika - main.py:348 - INFO - ==================== 漫画信息 ====================
                                   漫画ID：5cc285a3068a2b4e2c57fdf9
                                   标题：(C94)  カリオストロが堕とされるようです (グランブルーファンタジー) [中国翻訳]
                                   作者：モモカワ (み皮)
                                   是否完结：是
                                   总页数：21
                                   分类：短篇,非人類,碧藍幻想
                                   章节数：1
                                   最后更新时间：2019-04-26T04:14:27.852Z
                                   =================================================
2026-09-14 00:58:58 - mkk_pika - database.py:101 - INFO - 保存成功：(C94)  カリオストロが堕とされるようです (グランブルーファンタジー) [中国翻訳]
2026-09-14 00:58:58 - mkk_pika - main.py:35 - INFO - 开始检查約束のネバネバランド (約束のネバーランド) [中国翻訳]是否存在未下载章节
2026-09-14 00:58:58 - mkk_pika - main.py:45 - INFO - 正在下载:[約束のネバネバランド (約束のネバーランド) [中国翻訳]]-[我楽多屋 (猫御飯)]-[['短篇', '同人']]-[total_pages:18]
2026-09-14 00:58:58 - mkk_pika - main.py:49 - INFO - [{'_id': '5cc285bdc897694df7ec57d5', 'title': '第1集', 'order': 1, 'updated_at': '2019-04-26T04:10:57.354Z', 'id': '5cc285bdc897694df7ec57d5'}]
2026-09-14 00:58:58 - mkk_pika - database.py:215 - INFO - 第一次下载该漫画，记录数据库中
2026-09-14 00:58:59 - mkk_pika - main.py:83 - INFO - 找到 18 张图片在:第1集
2026-09-14 00:59:00 - mkk_pika - main.py:112 - INFO - [episode:第1集       ] downloaded:    18, total:  18, progress:100%
2026-09-14 00:59:00 - mkk_pika - database.py:238 - INFO - 数据库更新已下载章节
2026-09-14 00:59:00 - mkk_pika - database.py:244 - INFO - 该漫画已下载章节如下
2026-09-14 00:59:00 - mkk_pika - database.py:245 - INFO - ['第1集']
2026-09-14 00:59:01 - mkk_pika - main.py:348 - INFO - ==================== 漫画信息 ====================
                                   漫画ID：5cc285bdc897694df7ec57d4
                                   标题：約束のネバネバランド (約束のネバーランド) [中国翻訳]
                                   作者：我楽多屋 (猫御飯)
                                   是否完结：是
                                   总页数：18
                                   分类：短篇,同人
                                   章节数：1
                                   最后更新时间：2019-04-26T04:14:53.175Z
                                   =================================================
2026-09-14 00:59:01 - mkk_pika - database.py:101 - INFO - 保存成功：約束のネバネバランド (約束のネバーランド) [中国翻訳]
2026-09-14 00:59:01 - mkk_pika - main.py:35 - INFO - 开始检查(C88) かたしぶっ40週＋会場限定本 [中国翻訳]是否存在未下载章节
2026-09-14 00:59:02 - mkk_pika - main.py:45 - INFO - 正在下载:[(C88) かたしぶっ40週＋会場限定本 [中国翻訳]]-[幸せ共和国 (幸せのかたち)]-[['長篇']]-[total_pages:131]
2026-09-14 00:59:02 - mkk_pika - main.py:49 - INFO - [{'_id': '5cc2bf58cf4d8819e15a981f', 'title': '第1集', 'order': 1, 'updated_at': '2019-04-26T05:03:35.991Z', 'id': '5cc2bf58cf4d8819e15a981f'}]
2026-09-14 00:59:02 - mkk_pika - database.py:215 - INFO - 第一次下载该漫画，记录数据库中
2026-09-14 00:59:03 - mkk_pika - main.py:83 - INFO - 找到 131 张图片在:第1集
2026-09-14 00:59:11 - mkk_pika - main.py:112 - INFO - [episode:第1集       ] downloaded:   131, total: 131, progress:100%
2026-09-14 00:59:11 - mkk_pika - database.py:238 - INFO - 数据库更新已下载章节
2026-09-14 00:59:11 - mkk_pika - database.py:244 - INFO - 该漫画已下载章节如下
2026-09-14 00:59:11 - mkk_pika - database.py:245 - INFO - ['第1集']
2026-09-14 00:59:12 - mkk_pika - main.py:348 - INFO - ==================== 漫画信息 ====================
                                   漫画ID：5cc2bf58cf4d8819e15a981e
                                   标题：(C88) かたしぶっ40週＋会場限定本 [中国翻訳]
                                   作者：幸せ共和国 (幸せのかたち)
                                   是否完结：是
                                   总页数：131
                                   分类：長篇
                                   章节数：1
                                   最后更新时间：2019-04-26T08:20:40.634Z
                                   =================================================
2026-09-14 00:59:12 - mkk_pika - database.py:101 - INFO - 保存成功：(C88) かたしぶっ40週＋会場限定本 [中国翻訳]
2026-09-14 00:59:12 - mkk_pika - main.py:35 - INFO - 开始检查 くのいちの密約 中文翻譯是否存在未下载章节
2026-09-14 00:59:13 - mkk_pika - main.py:45 - INFO - 正在下载:[ くのいちの密約 中文翻譯]-[公儀あんみつ (一煉托生)]-[['短篇', '純愛']]-[total_pages:25]
2026-09-14 00:59:13 - mkk_pika - main.py:49 - INFO - [{'_id': '5cc32a56ca60d64e2687fde8', 'title': '第1集', 'order': 1, 'updated_at': '2019-04-26T08:25:42.474Z', 'id': '5cc32a56ca60d64e2687fde8'}]
2026-09-14 00:59:13 - mkk_pika - database.py:215 - INFO - 第一次下载该漫画，记录数据库中
2026-09-14 00:59:13 - mkk_pika - main.py:83 - INFO - 找到 25 张图片在:第1集
2026-09-14 00:59:15 - mkk_pika - main.py:112 - INFO - [episode:第1集       ] downloaded:    25, total:  25, progress:100%
2026-09-14 00:59:15 - mkk_pika - database.py:238 - INFO - 数据库更新已下载章节
2026-09-14 00:59:15 - mkk_pika - database.py:244 - INFO - 该漫画已下载章节如下
2026-09-14 00:59:15 - mkk_pika - database.py:245 - INFO - ['第1集']
2026-09-14 00:59:16 - mkk_pika - main.py:348 - INFO - ==================== 漫画信息 ====================
                                   漫画ID：5cc32a56ca60d64e2687fde7
                                   标题： くのいちの密約 中文翻譯
                                   作者：公儀あんみつ (一煉托生)
                                   是否完结：是
                                   总页数：25
                                   分类：短篇,純愛
                                   章节数：1
                                   最后更新时间：2019-04-26T15:57:10.206Z
                                   =================================================
2026-09-14 00:59:16 - mkk_pika - database.py:101 - INFO - 保存成功： くのいちの密約 中文翻譯
2026-09-14 00:59:16 - mkk_pika - main.py:35 - INFO - 开始检查Love Juice Fountain是否存在未下载章节
2026-09-14 00:59:17 - mkk_pika - main.py:45 - INFO - 正在下载:[Love Juice Fountain]-[木村寧都]-[['長篇']]-[total_pages:198]
2026-09-14 00:59:17 - mkk_pika - main.py:49 - INFO - [{'_id': '5cc32a6ac89bcb50c2e6db64', 'title': '第1集', 'order': 1, 'updated_at': '2019-04-26T08:29:42.402Z', 'id': '5cc32a6ac89bcb50c2e6db64'}]
2026-09-14 00:59:17 - mkk_pika - database.py:215 - INFO - 第一次下载该漫画，记录数据库中
2026-09-14 00:59:19 - mkk_pika - main.py:83 - INFO - 找到 198 张图片在:第1集
2026-09-14 00:59:28 - mkk_pika - main.py:112 - INFO - [episode:第1集       ] downloaded:   198, total: 198, progress:100%
2026-09-14 00:59:28 - mkk_pika - database.py:238 - INFO - 数据库更新已下载章节
2026-09-14 00:59:28 - mkk_pika - database.py:244 - INFO - 该漫画已下载章节如下
2026-09-14 00:59:28 - mkk_pika - database.py:245 - INFO - ['第1集']
2026-09-14 00:59:29 - mkk_pika - main.py:348 - INFO - ==================== 漫画信息 ====================
                                   漫画ID：5cc32a6ac89bcb50c2e6db63
                                   标题：Love Juice Fountain
                                   作者：木村寧都
                                   是否完结：否
                                   总页数：198
                                   分类：長篇
                                   章节数：1
                                   最后更新时间：2019-04-26T15:57:30.634Z
                                   =================================================
2026-09-14 00:59:29 - mkk_pika - database.py:101 - INFO - 保存成功：Love Juice Fountain
2026-09-14 00:59:29 - mkk_pika - main.py:35 - INFO - 开始检查あらわ たわわ是否存在未下载章节
2026-09-14 00:59:29 - mkk_pika - main.py:45 - INFO - 正在下载:[あらわ たわわ]-[シオマネキ]-[['長篇', '純愛', '人妻', 'NTR']]-[total_pages:218]
2026-09-14 00:59:29 - mkk_pika - main.py:49 - INFO - [{'_id': '5cc32a908eff93199a2c01e1', 'title': '第1集', 'order': 1, 'updated_at': '2019-04-26T08:33:06.675Z', 'id': '5cc32a908eff93199a2c01e1'}]
2026-09-14 00:59:29 - mkk_pika - database.py:215 - INFO - 第一次下载该漫画，记录数据库中
2026-09-14 00:59:32 - mkk_pika - main.py:83 - INFO - 找到 218 张图片在:第1集
2026-09-14 00:59:42 - mkk_pika - main.py:112 - INFO - [episode:第1集       ] downloaded:   218, total: 218, progress:100%
2026-09-14 00:59:42 - mkk_pika - database.py:238 - INFO - 数据库更新已下载章节
2026-09-14 00:59:42 - mkk_pika - database.py:244 - INFO - 该漫画已下载章节如下
2026-09-14 00:59:42 - mkk_pika - database.py:245 - INFO - ['第1集']
2026-09-14 00:59:44 - mkk_pika - main.py:348 - INFO - ==================== 漫画信息 ====================
                                   漫画ID：5cc32a908eff93199a2c01e0
                                   标题：あらわ たわわ
                                   作者：シオマネキ
                                   是否完结：否
                                   总页数：218
                                   分类：長篇,純愛,人妻,NTR
                                   章节数：1
                                   最后更新时间：2019-04-26T15:58:08.507Z
                                   =================================================
2026-09-14 00:59:44 - mkk_pika - database.py:101 - INFO - 保存成功：あらわ たわわ
2026-09-14 00:59:44 - mkk_pika - main.py:35 - INFO - 开始检查咲夜vsエロトラップ (東方Project) (中国翻訳)是否存在未下载章节
2026-09-14 00:59:44 - mkk_pika - main.py:45 - INFO - 正在下载:[咲夜vsエロトラップ (東方Project) (中国翻訳)]-[Reverse Noise (やむっ)]-[['短篇', '同人', '非人類', '東方']]-[total_pages:15]
2026-09-14 00:59:44 - mkk_pika - main.py:49 - INFO - [{'_id': '5cc32b0df0799650f7012ff2', 'title': '第1集', 'order': 1, 'updated_at': '2019-04-26T08:43:36.706Z', 'id': '5cc32b0df0799650f7012ff2'}]
2026-09-14 00:59:44 - mkk_pika - database.py:215 - INFO - 第一次下载该漫画，记录数据库中
2026-09-14 00:59:45 - mkk_pika - main.py:83 - INFO - 找到 15 张图片在:第1集
2026-09-14 00:59:45 - mkk_pika - main.py:112 - INFO - [episode:第1集       ] downloaded:    15, total:  15, progress:100%
2026-09-14 00:59:45 - mkk_pika - database.py:238 - INFO - 数据库更新已下载章节
2026-09-14 00:59:45 - mkk_pika - database.py:244 - INFO - 该漫画已下载章节如下
2026-09-14 00:59:45 - mkk_pika - database.py:245 - INFO - ['第1集']
2026-09-14 00:59:47 - mkk_pika - main.py:348 - INFO - ==================== 漫画信息 ====================
                                   漫画ID：5cc32b0df0799650f7012ff1
                                   标题：咲夜vsエロトラップ (東方Project) (中国翻訳)
                                   作者：Reverse Noise (やむっ)
                                   是否完结：是
                                   总页数：15
                                   分类：短篇,同人,非人類,東方
                                   章节数：1
                                   最后更新时间：2019-04-26T16:00:13.815Z
                                   =================================================
2026-09-14 00:59:47 - mkk_pika - database.py:101 - INFO - 保存成功：咲夜vsエロトラップ (東方Project) (中国翻訳)
2026-09-14 00:59:47 - mkk_pika - main.py:35 - INFO - 开始检查レミリアvsエロトラップ (東方Project) (中国翻訳)是否存在未下载章节
2026-09-14 00:59:47 - mkk_pika - main.py:45 - INFO - 正在下载:[レミリアvsエロトラップ (東方Project) (中国翻訳)]-[Reverse Noise (やむっ)]-[['短篇', '同人', '非人類', '東方']]-[total_pages:8]
2026-09-14 00:59:47 - mkk_pika - main.py:49 - INFO - [{'_id': '5cc32b36c89bcb50c2e6dcda', 'title': '第1集', 'order': 1, 'updated_at': '2019-04-26T08:49:35.765Z', 'id': '5cc32b36c89bcb50c2e6dcda'}]
2026-09-14 00:59:47 - mkk_pika - database.py:215 - INFO - 第一次下载该漫画，记录数据库中
2026-09-14 00:59:48 - mkk_pika - main.py:83 - INFO - 找到 8 张图片在:第1集
2026-09-14 00:59:48 - mkk_pika - main.py:112 - INFO - [episode:第1集       ] downloaded:     8, total:   8, progress:100%
2026-09-14 00:59:48 - mkk_pika - database.py:238 - INFO - 数据库更新已下载章节
2026-09-14 00:59:48 - mkk_pika - database.py:244 - INFO - 该漫画已下载章节如下
2026-09-14 00:59:48 - mkk_pika - database.py:245 - INFO - ['第1集']
2026-09-14 00:59:49 - mkk_pika - main.py:348 - INFO - ==================== 漫画信息 ====================
                                   漫画ID：5cc32b36c89bcb50c2e6dcd9
                                   标题：レミリアvsエロトラップ (東方Project) (中国翻訳)
                                   作者：Reverse Noise (やむっ)
                                   是否完结：是
                                   总页数：8
                                   分类：短篇,同人,非人類,東方
                                   章节数：1
                                   最后更新时间：2019-04-26T16:00:54.972Z
                                   =================================================
2026-09-14 00:59:49 - mkk_pika - database.py:101 - INFO - 保存成功：レミリアvsエロトラップ (東方Project) (中国翻訳)
2026-09-14 00:59:49 - mkk_pika - main.py:35 - INFO - 开始检查Artist 宮崎ユウキ是否存在未下载章节
2026-09-14 00:59:49 - mkk_pika - main.py:375 - ERROR - Download failed for Artist 宮崎ユウキ, with Exception:'author'
2026-09-14 00:59:49 - mkk_pika - main.py:35 - INFO - 开始检查絶頂デュエル是否存在未下载章节
2026-09-14 00:59:50 - mkk_pika - main.py:45 - INFO - 正在下载:[絶頂デュエル]-[小桜クマネコ]-[['長篇']]-[total_pages:194]
2026-09-14 00:59:50 - mkk_pika - main.py:49 - INFO - [{'_id': '5cc32bb57e84e07ebe5b0483', 'title': '第1集', 'order': 1, 'updated_at': '2019-04-26T08:49:37.111Z', 'id': '5cc32bb57e84e07ebe5b0483'}]
2026-09-14 00:59:50 - mkk_pika - database.py:215 - INFO - 第一次下载该漫画，记录数据库中
2026-09-14 00:59:52 - mkk_pika - main.py:83 - INFO - 找到 194 张图片在:第1集
2026-09-14 01:00:01 - mkk_pika - main.py:112 - INFO - [episode:第1集       ] downloaded:   194, total: 194, progress:100%
2026-09-14 01:00:01 - mkk_pika - database.py:238 - INFO - 数据库更新已下载章节
2026-09-14 01:00:01 - mkk_pika - database.py:244 - INFO - 该漫画已下载章节如下
2026-09-14 01:00:01 - mkk_pika - database.py:245 - INFO - ['第1集']
2026-09-14 01:00:03 - mkk_pika - main.py:348 - INFO - ==================== 漫画信息 ====================
                                   漫画ID：5cc32bb57e84e07ebe5b0482
                                   标题：絶頂デュエル
                                   作者：小桜クマネコ
                                   是否完结：否
                                   总页数：194
                                   分类：長篇
                                   章节数：1
                                   最后更新时间：2019-04-26T16:03:01.771Z
                                   =================================================
2026-09-14 01:00:03 - mkk_pika - database.py:101 - INFO - 保存成功：絶頂デュエル
2026-09-14 01:00:03 - mkk_pika - main.py:35 - INFO - 开始检查星之守护者的陨落是否存在未下载章节
2026-09-14 01:00:03 - mkk_pika - main.py:45 - INFO - 正在下载:[星之守护者的陨落]-[会发光的小庞凯]-[['全彩', '同人', '短篇', '強暴', '非人類']]-[total_pages:9]
2026-09-14 01:00:03 - mkk_pika - main.py:49 - INFO - [{'_id': '5cc32bc1c897694df7ec5aca', 'title': '第1集', 'order': 1, 'updated_at': '2019-04-26T10:43:24.222Z', 'id': '5cc32bc1c897694df7ec5aca'}]
2026-09-14 01:00:03 - mkk_pika - database.py:215 - INFO - 第一次下载该漫画，记录数据库中
2026-09-14 01:00:04 - mkk_pika - main.py:83 - INFO - 找到 9 张图片在:第1集
2026-09-14 01:00:05 - mkk_pika - main.py:112 - INFO - [episode:第1集       ] downloaded:     9, total:   9, progress:100%
2026-09-14 01:00:05 - mkk_pika - database.py:238 - INFO - 数据库更新已下载章节
2026-09-14 01:00:05 - mkk_pika - database.py:244 - INFO - 该漫画已下载章节如下
2026-09-14 01:00:05 - mkk_pika - database.py:245 - INFO - ['第1集']
2026-09-14 01:00:06 - mkk_pika - main.py:348 - INFO - ==================== 漫画信息 ====================
                                   漫画ID：5cc32bc1c897694df7ec5ac9
                                   标题：星之守护者的陨落
                                   作者：会发光的小庞凯
                                   是否完结：否
                                   总页数：9
                                   分类：全彩,同人,短篇,強暴,非人類
                                   章节数：1
                                   最后更新时间：2019-04-26T16:03:13.319Z
                                   =================================================
2026-09-14 01:00:06 - mkk_pika - database.py:101 - INFO - 保存成功：星之守护者的陨落
2026-09-14 01:00:06 - mkk_pika - main.py:35 - INFO - 开始检查(C95)  浜風ママはチョロインです (艦隊これくしょん -艦これ-) [中国翻訳]是否存在未下载章节
2026-09-14 01:00:06 - mkk_pika - main.py:45 - INFO - 正在下载:[(C95)  浜風ママはチョロインです (艦隊これくしょん -艦これ-) [中国翻訳]]-[にゃんころもちもち (コトバアイ)]-[['短篇', '同人', '艦隊收藏', '純愛']]-[total_pages:20]
2026-09-14 01:00:06 - mkk_pika - main.py:49 - INFO - [{'_id': '5cc32bfa4af82a50baf9f96a', 'title': '第1集', 'order': 1, 'updated_at': '2019-04-26T11:32:02.531Z', 'id': '5cc32bfa4af82a50baf9f96a'}]
2026-09-14 01:00:06 - mkk_pika - database.py:215 - INFO - 第一次下载该漫画，记录数据库中
2026-09-14 01:00:07 - mkk_pika - main.py:83 - INFO - 找到 20 张图片在:第1集
2026-09-14 01:00:08 - mkk_pika - main.py:112 - INFO - [episode:第1集       ] downloaded:    20, total:  20, progress:100%
2026-09-14 01:00:08 - mkk_pika - database.py:238 - INFO - 数据库更新已下载章节
2026-09-14 01:00:08 - mkk_pika - database.py:244 - INFO - 该漫画已下载章节如下
2026-09-14 01:00:08 - mkk_pika - database.py:245 - INFO - ['第1集']
2026-09-14 01:00:09 - mkk_pika - main.py:348 - INFO - ==================== 漫画信息 ====================
                                   漫画ID：5cc32bfa4af82a50baf9f969
                                   标题：(C95)  浜風ママはチョロインです (艦隊これくしょん -艦これ-) [中国翻訳]
                                   作者：にゃんころもちもち (コトバアイ)
                                   是否完结：是
                                   总页数：20
                                   分类：短篇,同人,艦隊收藏,純愛
                                   章节数：1
                                   最后更新时间：2019-04-26T16:04:10.352Z
                                   =================================================
2026-09-14 01:00:09 - mkk_pika - database.py:101 - INFO - 保存成功：(C95)  浜風ママはチョロインです (艦隊これくしょん -艦これ-) [中国翻訳]
2026-09-14 01:00:09 - mkk_pika - main.py:35 - INFO - 开始检查寝取らせていた妻が本当に寝取られるまで～寝取らせ編～ [中国翻訳]是否存在未下载章节
2026-09-14 01:00:10 - mkk_pika - main.py:45 - INFO - 正在下载:[寝取らせていた妻が本当に寝取られるまで～寝取らせ編～ [中国翻訳]]-[つるつるいっぱい]-[['全彩', '短篇', 'NTR', '人妻']]-[total_pages:241]
2026-09-14 01:00:10 - mkk_pika - main.py:49 - INFO - [{'_id': '5cb6ec8a6e6f1e4def87da4e', 'title': '第1集', 'order': 1, 'updated_at': '2019-04-17T05:21:03.030Z', 'id': '5cb6ec8a6e6f1e4def87da4e'}, {'_id': '5cc32c454af82a50baf9f986', 'title': '第2集寝取られ編', 'order': 2, 'updated_at': '2019-04-26T11:54:54.033Z', 'id': '5cc32c454af82a50baf9f986'}]
2026-09-14 01:00:10 - mkk_pika - database.py:215 - INFO - 第一次下载该漫画，记录数据库中
2026-09-14 01:00:11 - mkk_pika - main.py:83 - INFO - 找到 97 张图片在:第1集
2026-09-14 01:00:15 - mkk_pika - main.py:112 - INFO - [episode:第1集       ] downloaded:    97, total:  97, progress:100%
2026-09-14 01:00:15 - mkk_pika - database.py:238 - INFO - 数据库更新已下载章节
2026-09-14 01:00:15 - mkk_pika - database.py:244 - INFO - 该漫画已下载章节如下
2026-09-14 01:00:15 - mkk_pika - database.py:245 - INFO - ['第1集']
2026-09-14 01:00:18 - mkk_pika - main.py:83 - INFO - 找到 144 张图片在:第2集寝取られ編
2026-09-14 01:00:25 - mkk_pika - main.py:112 - INFO - [episode:第2集寝取られ編  ] downloaded:   144, total: 144, progress:100%
2026-09-14 01:00:25 - mkk_pika - database.py:238 - INFO - 数据库更新已下载章节
2026-09-14 01:00:25 - mkk_pika - database.py:244 - INFO - 该漫画已下载章节如下
2026-09-14 01:00:25 - mkk_pika - database.py:245 - INFO - ['第1集', '第2集寝取られ編']
2026-09-14 01:00:27 - mkk_pika - main.py:348 - INFO - ==================== 漫画信息 ====================
                                   漫画ID：5cb6ec8a6e6f1e4def87da4d
                                   标题：寝取らせていた妻が本当に寝取られるまで～寝取らせ編～ [中国翻訳]
                                   作者：つるつるいっぱい
                                   是否完结：是
                                   总页数：241
                                   分类：全彩,短篇,NTR,人妻
                                   章节数：2
                                   最后更新时间：2019-04-26T16:05:25.761Z
                                   =================================================
2026-09-14 01:00:27 - mkk_pika - database.py:101 - INFO - 保存成功：寝取らせていた妻が本当に寝取られるまで～寝取らせ編～ [中国翻訳]
2026-09-14 01:00:27 - mkk_pika - main.py:35 - INFO - 开始检查30才童貞無双 ～戦国パコ姫褐色筋肉女編～ (パコパコビッチ☆ ～メガ盛り！ましまし！ドスケベ肉♥～) [中国翻訳]是否存在未下载章节
2026-09-14 01:00:27 - mkk_pika - main.py:45 - INFO - 正在下载:[30才童貞無双 ～戦国パコ姫褐色筋肉女編～ (パコパコビッチ☆ ～メガ盛り！ましまし！ドスケベ肉♥～) [中国翻訳]]-[安藤裕行]-[['短篇', '強暴']]-[total_pages:19]
2026-09-14 01:00:27 - mkk_pika - main.py:49 - INFO - [{'_id': '5cc32c6b068a2b4e2c5800ff', 'title': '第1集', 'order': 1, 'updated_at': '2019-04-26T12:09:19.545Z', 'id': '5cc32c6b068a2b4e2c5800ff'}]
2026-09-14 01:00:27 - mkk_pika - database.py:215 - INFO - 第一次下载该漫画，记录数据库中
2026-09-14 01:00:28 - mkk_pika - main.py:83 - INFO - 找到 19 张图片在:第1集
2026-09-14 01:00:29 - mkk_pika - main.py:112 - INFO - [episode:第1集       ] downloaded:    19, total:  19, progress:100%
2026-09-14 01:00:29 - mkk_pika - database.py:238 - INFO - 数据库更新已下载章节
2026-09-14 01:00:29 - mkk_pika - database.py:244 - INFO - 该漫画已下载章节如下
2026-09-14 01:00:29 - mkk_pika - database.py:245 - INFO - ['第1集']
2026-09-14 01:00:30 - mkk_pika - main.py:348 - INFO - ==================== 漫画信息 ====================
                                   漫画ID：5cc32c6b068a2b4e2c5800fe
                                   标题：30才童貞無双 ～戦国パコ姫褐色筋肉女編～ (パコパコビッチ☆ ～メガ盛り！ましまし！ドスケベ肉♥～) [中国翻訳]
                                   作者：安藤裕行
                                   是否完结：是
                                   总页数：19
                                   分类：短篇,強暴
                                   章节数：1
                                   最后更新时间：2019-04-26T16:06:03.459Z
                                   =================================================
2026-09-14 01:00:30 - mkk_pika - database.py:101 - INFO - 保存成功：30才童貞無双 ～戦国パコ姫褐色筋肉女編～ (パコパコビッチ☆ ～メガ盛り！ましまし！ドスケベ肉♥～) [中国翻訳]
2026-09-14 01:00:30 - mkk_pika - main.py:35 - INFO - 开始检查 男をメスにするAIママ [中国翻訳]是否存在未下载章节
2026-09-14 01:00:30 - mkk_pika - main.py:45 - INFO - 正在下载:[ 男をメスにするAIママ [中国翻訳]]-[アトリエマゾ (doskoinpo)]-[['短篇', 'SM']]-[total_pages:31]
2026-09-14 01:00:30 - mkk_pika - main.py:49 - INFO - [{'_id': '5cc32cef24f7db50ed3adc1f', 'title': '第1集', 'order': 1, 'updated_at': '2019-04-26T13:11:11.346Z', 'id': '5cc32cef24f7db50ed3adc1f'}]
2026-09-14 01:00:30 - mkk_pika - database.py:215 - INFO - 第一次下载该漫画，记录数据库中
2026-09-14 01:00:31 - mkk_pika - main.py:83 - INFO - 找到 31 张图片在:第1集
2026-09-14 01:00:33 - mkk_pika - main.py:112 - INFO - [episode:第1集       ] downloaded:    31, total:  31, progress:100%
2026-09-14 01:00:33 - mkk_pika - database.py:238 - INFO - 数据库更新已下载章节
2026-09-14 01:00:33 - mkk_pika - database.py:244 - INFO - 该漫画已下载章节如下
2026-09-14 01:00:33 - mkk_pika - database.py:245 - INFO - ['第1集']
2026-09-14 01:00:34 - mkk_pika - main.py:348 - INFO - ==================== 漫画信息 ====================
                                   漫画ID：5cc32cef24f7db50ed3adc1e
                                   标题： 男をメスにするAIママ [中国翻訳]
                                   作者：アトリエマゾ (doskoinpo)
                                   是否完结：是
                                   总页数：31
                                   分类：短篇,SM
                                   章节数：1
                                   最后更新时间：2019-04-26T16:08:15.007Z
                                   =================================================
2026-09-14 01:00:34 - mkk_pika - database.py:101 - INFO - 保存成功： 男をメスにするAIママ [中国翻訳]
2026-09-14 01:00:34 - mkk_pika - main.py:35 - INFO - 开始检查【Pixiv】むほがめ（魔法少女まどか☆マギカ）是否存在未下载章节
2026-09-14 01:00:35 - mkk_pika - main.py:45 - INFO - 正在下载:[【Pixiv】むほがめ（魔法少女まどか☆マギカ）]-[むほがめ]-[['同人', '圓神領域']]-[total_pages:110]
2026-09-14 01:00:35 - mkk_pika - main.py:49 - INFO - [{'_id': '5cc32d35f0799650f7013ade', 'title': '第1集', 'order': 1, 'updated_at': '2019-04-26T13:43:02.365Z', 'id': '5cc32d35f0799650f7013ade'}]
2026-09-14 01:00:35 - mkk_pika - database.py:215 - INFO - 第一次下载该漫画，记录数据库中
2026-09-14 01:00:36 - mkk_pika - main.py:83 - INFO - 找到 110 张图片在:第1集
2026-09-14 01:00:41 - mkk_pika - main.py:112 - INFO - [episode:第1集       ] downloaded:   110, total: 110, progress:100%
2026-09-14 01:00:41 - mkk_pika - database.py:238 - INFO - 数据库更新已下载章节
2026-09-14 01:00:41 - mkk_pika - database.py:244 - INFO - 该漫画已下载章节如下
2026-09-14 01:00:41 - mkk_pika - database.py:245 - INFO - ['第1集']
2026-09-14 01:00:42 - mkk_pika - main.py:348 - INFO - ==================== 漫画信息 ====================
                                   漫画ID：5cc32d35f0799650f7013add
                                   标题：【Pixiv】むほがめ（魔法少女まどか☆マギカ）
                                   作者：むほがめ
                                   是否完结：是
                                   总页数：110
                                   分类：同人,圓神領域
                                   章节数：1
                                   最后更新时间：2019-04-26T16:09:25.565Z
                                   =================================================
2026-09-14 01:00:42 - mkk_pika - database.py:101 - INFO - 保存成功：【Pixiv】むほがめ（魔法少女まどか☆マギカ）
2026-09-14 01:00:42 - mkk_pika - main.py:35 - INFO - 开始检查(C93)スタリングフレグランス (ラブライブ!)[中国翻訳]是否存在未下载章节
2026-09-14 01:00:42 - mkk_pika - main.py:45 - INFO - 正在下载:[(C93)スタリングフレグランス (ラブライブ!)[中国翻訳]]-[さんしきすみれ (モルゲン)]-[['短篇', '同人', '百合花園', 'Love Live']]-[total_pages:32]
2026-09-14 01:00:42 - mkk_pika - main.py:49 - INFO - [{'_id': '5cc32d6e24f7db50ed3adc48', 'title': '第1集', 'order': 1, 'updated_at': '2019-04-26T14:36:54.522Z', 'id': '5cc32d6e24f7db50ed3adc48'}]
2026-09-14 01:00:42 - mkk_pika - database.py:215 - INFO - 第一次下载该漫画，记录数据库中
2026-09-14 01:00:43 - mkk_pika - main.py:83 - INFO - 找到 32 张图片在:第1集
2026-09-14 01:00:45 - mkk_pika - main.py:112 - INFO - [episode:第1集       ] downloaded:    32, total:  32, progress:100%
2026-09-14 01:00:45 - mkk_pika - database.py:238 - INFO - 数据库更新已下载章节
2026-09-14 01:00:45 - mkk_pika - database.py:244 - INFO - 该漫画已下载章节如下
2026-09-14 01:00:45 - mkk_pika - database.py:245 - INFO - ['第1集']
2026-09-14 01:00:47 - mkk_pika - main.py:348 - INFO - ==================== 漫画信息 ====================
                                   漫画ID：5cc32d6e24f7db50ed3adc47
                                   标题：(C93)スタリングフレグランス (ラブライブ!)[中国翻訳]
                                   作者：さんしきすみれ (モルゲン)
                                   是否完结：是
                                   总页数：32
                                   分类：短篇,同人,百合花園,Love Live
                                   章节数：1
                                   最后更新时间：2019-04-26T16:10:22.863Z
                                   =================================================
2026-09-14 01:00:47 - mkk_pika - database.py:101 - INFO - 保存成功：(C93)スタリングフレグランス (ラブライブ!)[中国翻訳]
2026-09-14 01:00:47 - mkk_pika - main.py:35 - INFO - 开始检查たべたいざかり 越來越想吃掉你是否存在未下载章节
2026-09-14 01:00:47 - mkk_pika - main.py:45 - INFO - 正在下载:[たべたいざかり 越來越想吃掉你]-[高坂曇天]-[['長篇', '純愛', '單行本']]-[total_pages:194]
2026-09-14 01:00:47 - mkk_pika - main.py:49 - INFO - [{'_id': '5cc32d8f77755019e05dd1ad', 'title': '可愛女孩來吃你的單行本', 'order': 1, 'updated_at': '2019-04-24T18:07:08.127Z', 'id': '5cc32d8f77755019e05dd1ad'}]
2026-09-14 01:00:47 - mkk_pika - database.py:215 - INFO - 第一次下载该漫画，记录数据库中
2026-09-14 01:00:49 - mkk_pika - main.py:83 - INFO - 找到 194 张图片在:可愛女孩來吃你的單行本
2026-09-14 01:00:58 - mkk_pika - main.py:112 - INFO - [episode:可愛女孩來吃你的單行本] downloaded:   194, total: 194, progress:100%
2026-09-14 01:00:58 - mkk_pika - database.py:238 - INFO - 数据库更新已下载章节
2026-09-14 01:00:58 - mkk_pika - database.py:244 - INFO - 该漫画已下载章节如下
2026-09-14 01:00:58 - mkk_pika - database.py:245 - INFO - ['可愛女孩來吃你的單行本']
2026-09-14 01:00:59 - mkk_pika - main.py:348 - INFO - ==================== 漫画信息 ====================
                                   漫画ID：5cc32d8f77755019e05dd1ac
                                   标题：たべたいざかり 越來越想吃掉你
                                   作者：高坂曇天
                                   是否完结：是
                                   总页数：194
                                   分类：長篇,純愛,單行本
                                   章节数：1
                                   最后更新时间：2019-04-26T16:10:55.205Z
                                   =================================================
2026-09-14 01:00:59 - mkk_pika - database.py:101 - INFO - 保存成功：たべたいざかり 越來越想吃掉你
2026-09-14 01:00:59 - mkk_pika - main.py:35 - INFO - 开始检查(C87)  みっくすふらい+ (艦隊これくしょん -艦これ-) [中国翻訳]是否存在未下载章节
2026-09-14 01:00:59 - mkk_pika - main.py:45 - INFO - 正在下载:[(C87)  みっくすふらい+ (艦隊これくしょん -艦これ-) [中国翻訳]]-[みっくすふらい (たくろう)]-[['短篇', '同人', '艦隊收藏']]-[total_pages:10]
2026-09-14 01:00:59 - mkk_pika - main.py:49 - INFO - [{'_id': '5cc32da4cf4d8819e15a9aa1', 'title': '第1集', 'order': 1, 'updated_at': '2019-04-26T14:59:25.020Z', 'id': '5cc32da4cf4d8819e15a9aa1'}]
2026-09-14 01:00:59 - mkk_pika - database.py:215 - INFO - 第一次下载该漫画，记录数据库中
2026-09-14 01:01:00 - mkk_pika - main.py:83 - INFO - 找到 10 张图片在:第1集
2026-09-14 01:01:00 - mkk_pika - main.py:112 - INFO - [episode:第1集       ] downloaded:    10, total:  10, progress:100%
2026-09-14 01:01:00 - mkk_pika - database.py:238 - INFO - 数据库更新已下载章节
2026-09-14 01:01:00 - mkk_pika - database.py:244 - INFO - 该漫画已下载章节如下
2026-09-14 01:01:00 - mkk_pika - database.py:245 - INFO - ['第1集']
2026-09-14 01:01:02 - mkk_pika - main.py:348 - INFO - ==================== 漫画信息 ====================
                                   漫画ID：5cc32da4cf4d8819e15a9aa0
                                   标题：(C87)  みっくすふらい+ (艦隊これくしょん -艦これ-) [中国翻訳]
                                   作者：みっくすふらい (たくろう)
                                   是否完结：是
                                   总页数：10
                                   分类：短篇,同人,艦隊收藏
                                   章节数：1
                                   最后更新时间：2019-04-26T16:11:16.092Z
                                   =================================================
2026-09-14 01:01:02 - mkk_pika - database.py:101 - INFO - 保存成功：(C87)  みっくすふらい+ (艦隊これくしょん -艦これ-) [中国翻訳]
2026-09-14 01:01:02 - mkk_pika - main.py:35 - INFO - 开始检查(こみトレ24)  RGH (ロボットガールズZ) [中国翻訳]是否存在未下载章节
2026-09-14 01:01:02 - mkk_pika - main.py:45 - INFO - 正在下载:[(こみトレ24)  RGH (ロボットガールズZ) [中国翻訳]]-[North70 (七尾ゆきじ)]-[['短篇', '同人']]-[total_pages:26]
2026-09-14 01:01:02 - mkk_pika - main.py:49 - INFO - [{'_id': '5cc59cf2180dd810f4722556', 'title': '第1集', 'order': 1, 'updated_at': '2019-04-26T16:26:25.211Z', 'id': '5cc59cf2180dd810f4722556'}]
2026-09-14 01:01:02 - mkk_pika - database.py:215 - INFO - 第一次下载该漫画，记录数据库中
2026-09-14 01:01:03 - mkk_pika - main.py:83 - INFO - 找到 26 张图片在:第1集
2026-09-14 01:01:05 - mkk_pika - main.py:112 - INFO - [episode:第1集       ] downloaded:    26, total:  26, progress:100%
2026-09-14 01:01:05 - mkk_pika - database.py:238 - INFO - 数据库更新已下载章节
2026-09-14 01:01:05 - mkk_pika - database.py:244 - INFO - 该漫画已下载章节如下
2026-09-14 01:01:05 - mkk_pika - database.py:245 - INFO - ['第1集']
2026-09-14 01:01:06 - mkk_pika - main.py:348 - INFO - ==================== 漫画信息 ====================
                                   漫画ID：5cc59cf2180dd810f4722555
                                   标题：(こみトレ24)  RGH (ロボットガールズZ) [中国翻訳]
                                   作者：North70 (七尾ゆきじ)
                                   是否完结：是
                                   总页数：26
                                   分类：短篇,同人
                                   章节数：1
                                   最后更新时间：2019-04-28T12:30:42.825Z
                                   =================================================
2026-09-14 01:01:06 - mkk_pika - database.py:101 - INFO - 保存成功：(こみトレ24)  RGH (ロボットガールズZ) [中国翻訳]
2026-09-14 01:01:06 - mkk_pika - main.py:35 - INFO - 开始检查 僕の異世界ハーレム3~3.14 (オリジナル)是否存在未下载章节
2026-09-14 01:01:06 - mkk_pika - main.py:45 - INFO - 正在下载:[ 僕の異世界ハーレム3~3.14 (オリジナル)]-[弥美津峠 (鳳まひろ)]-[['短篇', '純愛', '非人類']]-[total_pages:64]
2026-09-14 01:01:06 - mkk_pika - main.py:49 - INFO - [{'_id': '5cc59d25fbe18a59124a074f', 'title': '第1集', 'order': 1, 'updated_at': '2019-04-26T17:09:19.107Z', 'id': '5cc59d25fbe18a59124a074f'}]
2026-09-14 01:01:06 - mkk_pika - database.py:215 - INFO - 第一次下载该漫画，记录数据库中
2026-09-14 01:01:07 - mkk_pika - main.py:83 - INFO - 找到 64 张图片在:第1集
2026-09-14 01:01:11 - mkk_pika - main.py:112 - INFO - [episode:第1集       ] downloaded:    64, total:  64, progress:100%
2026-09-14 01:01:11 - mkk_pika - database.py:238 - INFO - 数据库更新已下载章节
2026-09-14 01:01:11 - mkk_pika - database.py:244 - INFO - 该漫画已下载章节如下
2026-09-14 01:01:11 - mkk_pika - database.py:245 - INFO - ['第1集']
2026-09-14 01:01:12 - mkk_pika - main.py:348 - INFO - ==================== 漫画信息 ====================
                                   漫画ID：5cc59d25fbe18a59124a074e
                                   标题： 僕の異世界ハーレム3~3.14 (オリジナル)
                                   作者：弥美津峠 (鳳まひろ)
                                   是否完结：是
                                   总页数：64
                                   分类：短篇,純愛,非人類
                                   章节数：1
                                   最后更新时间：2019-04-28T12:31:33.933Z
                                   =================================================
2026-09-14 01:01:12 - mkk_pika - database.py:101 - INFO - 保存成功： 僕の異世界ハーレム3~3.14 (オリジナル)
2026-09-14 01:01:12 - mkk_pika - main.py:35 - INFO - 开始检查P站每周日排鉴赏【周更】是否存在未下载章节
2026-09-14 01:01:12 - mkk_pika - main.py:375 - ERROR - Download failed for P站每周日排鉴赏【周更】, with Exception:'author'
2026-09-14 01:01:12 - mkk_pika - main.py:35 - INFO - 开始检查読めないココロ (COMIC アンスリウム 2018年4月号) [中国翻訳] [DL版]是否存在未下载章节
2026-09-14 01:01:13 - mkk_pika - main.py:45 - INFO - 正在下载:[読めないココロ (COMIC アンスリウム 2018年4月号) [中国翻訳] [DL版]]-[隈吉]-[['短篇', '純愛']]-[total_pages:20]
2026-09-14 01:01:13 - mkk_pika - main.py:49 - INFO - [{'_id': '5cc59d57180dd810f4722574', 'title': '第1集', 'order': 1, 'updated_at': '2019-04-26T18:04:26.537Z', 'id': '5cc59d57180dd810f4722574'}]
2026-09-14 01:01:13 - mkk_pika - database.py:215 - INFO - 第一次下载该漫画，记录数据库中
2026-09-14 01:01:13 - mkk_pika - main.py:83 - INFO - 找到 20 张图片在:第1集
2026-09-14 01:01:15 - mkk_pika - main.py:112 - INFO - [episode:第1集       ] downloaded:    20, total:  20, progress:100%
2026-09-14 01:01:15 - mkk_pika - database.py:238 - INFO - 数据库更新已下载章节
2026-09-14 01:01:15 - mkk_pika - database.py:244 - INFO - 该漫画已下载章节如下
2026-09-14 01:01:15 - mkk_pika - database.py:245 - INFO - ['第1集']
2026-09-14 01:01:16 - mkk_pika - main.py:348 - INFO - ==================== 漫画信息 ====================
                                   漫画ID：5cc59d57180dd810f4722573
                                   标题：読めないココロ (COMIC アンスリウム 2018年4月号) [中国翻訳] [DL版]
                                   作者：隈吉
                                   是否完结：是
                                   总页数：20
                                   分类：短篇,純愛
                                   章节数：1
                                   最后更新时间：2019-04-28T12:32:23.718Z
                                   =================================================
2026-09-14 01:01:16 - mkk_pika - database.py:101 - INFO - 保存成功：読めないココロ (COMIC アンスリウム 2018年4月号) [中国翻訳] [DL版]
2026-09-14 01:01:16 - mkk_pika - main.py:35 - INFO - 开始检查サマーバケーションメモリー (COMIC LO 2019年5月号) [中国翻訳] [DL版]是否存在未下载章节
2026-09-14 01:01:16 - mkk_pika - main.py:45 - INFO - 正在下载:[サマーバケーションメモリー (COMIC LO 2019年5月号) [中国翻訳] [DL版]]-[あいらんどう]-[['短篇', '純愛']]-[total_pages:24]
2026-09-14 01:01:16 - mkk_pika - main.py:49 - INFO - [{'_id': '5cc59dd7dd59c14ad839f7c7', 'title': '第1集', 'order': 1, 'updated_at': '2019-04-27T04:28:07.701Z', 'id': '5cc59dd7dd59c14ad839f7c7'}]
2026-09-14 01:01:16 - mkk_pika - database.py:215 - INFO - 第一次下载该漫画，记录数据库中
2026-09-14 01:01:17 - mkk_pika - main.py:83 - INFO - 找到 24 张图片在:第1集
2026-09-14 01:01:19 - mkk_pika - main.py:112 - INFO - [episode:第1集       ] downloaded:    24, total:  24, progress:100%
2026-09-14 01:01:19 - mkk_pika - database.py:238 - INFO - 数据库更新已下载章节
2026-09-14 01:01:19 - mkk_pika - database.py:244 - INFO - 该漫画已下载章节如下
2026-09-14 01:01:19 - mkk_pika - database.py:245 - INFO - ['第1集']
2026-09-14 01:01:20 - mkk_pika - main.py:348 - INFO - ==================== 漫画信息 ====================
                                   漫画ID：5cc59dd7dd59c14ad839f7c6
                                   标题：サマーバケーションメモリー (COMIC LO 2019年5月号) [中国翻訳] [DL版]
                                   作者：あいらんどう
                                   是否完结：是
                                   总页数：24
                                   分类：短篇,純愛
                                   章节数：1
                                   最后更新时间：2019-04-28T12:34:31.956Z
                                   =================================================
2026-09-14 01:01:20 - mkk_pika - database.py:101 - INFO - 保存成功：サマーバケーションメモリー (COMIC LO 2019年5月号) [中国翻訳] [DL版]
2026-09-14 01:01:20 - mkk_pika - main.py:35 - INFO - 开始检查(C95) お空ちゃんの躾方。 (東方Project) [中国翻訳]是否存在未下载章节
2026-09-14 01:01:20 - mkk_pika - main.py:45 - INFO - 正在下载:[(C95) お空ちゃんの躾方。 (東方Project) [中国翻訳]]-[Satellites (サテツ)]-[['短篇', '同人', '東方']]-[total_pages:10]
2026-09-14 01:01:20 - mkk_pika - main.py:49 - INFO - [{'_id': '5cc59fafe336915725790389', 'title': '第1集', 'order': 1, 'updated_at': '2019-04-27T09:28:11.287Z', 'id': '5cc59fafe336915725790389'}]
2026-09-14 01:01:20 - mkk_pika - database.py:215 - INFO - 第一次下载该漫画，记录数据库中
2026-09-14 01:01:21 - mkk_pika - main.py:83 - INFO - 找到 10 张图片在:第1集
2026-09-14 01:01:21 - mkk_pika - main.py:112 - INFO - [episode:第1集       ] downloaded:    10, total:  10, progress:100%
2026-09-14 01:01:21 - mkk_pika - database.py:238 - INFO - 数据库更新已下载章节
2026-09-14 01:01:21 - mkk_pika - database.py:244 - INFO - 该漫画已下载章节如下
2026-09-14 01:01:21 - mkk_pika - database.py:245 - INFO - ['第1集']
2026-09-14 01:01:23 - mkk_pika - main.py:348 - INFO - ==================== 漫画信息 ====================
                                   漫画ID：5cc59fafe336915725790388
                                   标题：(C95) お空ちゃんの躾方。 (東方Project) [中国翻訳]
                                   作者：Satellites (サテツ)
                                   是否完结：是
                                   总页数：10
                                   分类：短篇,同人,東方
                                   章节数：1
                                   最后更新时间：2019-04-28T12:42:23.083Z
                                   =================================================
2026-09-14 01:01:23 - mkk_pika - database.py:101 - INFO - 保存成功：(C95) お空ちゃんの躾方。 (東方Project) [中国翻訳]
2026-09-14 01:01:23 - mkk_pika - main.py:35 - INFO - 开始检查(C90)  凸凹乳首っくす [中国翻訳]是否存在未下载章节
2026-09-14 01:01:23 - mkk_pika - main.py:45 - INFO - 正在下载:[(C90)  凸凹乳首っくす [中国翻訳]]-[朧百八式 (朧月カケル)]-[['短篇', '百合花園']]-[total_pages:23]
2026-09-14 01:01:23 - mkk_pika - main.py:49 - INFO - [{'_id': '5cc59fb9180dd810f4722710', 'title': '第1集', 'order': 1, 'updated_at': '2019-04-27T09:57:13.728Z', 'id': '5cc59fb9180dd810f4722710'}]
2026-09-14 01:01:23 - mkk_pika - database.py:215 - INFO - 第一次下载该漫画，记录数据库中
2026-09-14 01:01:24 - mkk_pika - main.py:83 - INFO - 找到 23 张图片在:第1集
2026-09-14 01:01:25 - mkk_pika - main.py:112 - INFO - [episode:第1集       ] downloaded:    23, total:  23, progress:100%
2026-09-14 01:01:25 - mkk_pika - database.py:238 - INFO - 数据库更新已下载章节
2026-09-14 01:01:25 - mkk_pika - database.py:244 - INFO - 该漫画已下载章节如下
2026-09-14 01:01:25 - mkk_pika - database.py:245 - INFO - ['第1集']
2026-09-14 01:01:26 - mkk_pika - main.py:348 - INFO - ==================== 漫画信息 ====================
                                   漫画ID：5cc59fb9180dd810f472270f
                                   标题：(C90)  凸凹乳首っくす [中国翻訳]
                                   作者：朧百八式 (朧月カケル)
                                   是否完结：是
                                   总页数：23
                                   分类：短篇,百合花園
                                   章节数：1
                                   最后更新时间：2019-04-28T12:42:33.867Z
                                   =================================================
2026-09-14 01:01:26 - mkk_pika - database.py:101 - INFO - 保存成功：(C90)  凸凹乳首っくす [中国翻訳]
2026-09-14 01:01:26 - mkk_pika - main.py:35 - INFO - 开始检查官能びより 官能好日子是否存在未下载章节
2026-09-14 01:01:27 - mkk_pika - main.py:45 - INFO - 正在下载:[官能びより 官能好日子]-[ヤマダユウヤ]-[['長篇', '純愛', '單行本', '姐姐系', '妹妹系']]-[total_pages:194]
2026-09-14 01:01:27 - mkk_pika - main.py:49 - INFO - [{'_id': '5cc59fd4dd59c14ad839f832', 'title': '官能的單行本', 'order': 1, 'updated_at': '2019-04-24T18:03:57.710Z', 'id': '5cc59fd4dd59c14ad839f832'}]
2026-09-14 01:01:27 - mkk_pika - database.py:215 - INFO - 第一次下载该漫画，记录数据库中
2026-09-14 01:01:29 - mkk_pika - main.py:83 - INFO - 找到 194 张图片在:官能的單行本
2026-09-14 01:01:37 - mkk_pika - main.py:112 - INFO - [episode:官能的單行本    ] downloaded:   194, total: 194, progress:100%
2026-09-14 01:01:37 - mkk_pika - database.py:238 - INFO - 数据库更新已下载章节
2026-09-14 01:01:37 - mkk_pika - database.py:244 - INFO - 该漫画已下载章节如下
2026-09-14 01:01:37 - mkk_pika - database.py:245 - INFO - ['官能的單行本']
2026-09-14 01:01:38 - mkk_pika - main.py:348 - INFO - ==================== 漫画信息 ====================
                                   漫画ID：5cc59fd4dd59c14ad839f831
                                   标题：官能びより 官能好日子
                                   作者：ヤマダユウヤ
                                   是否完结：是
                                   总页数：194
                                   分类：長篇,純愛,單行本,姐姐系,妹妹系
                                   章节数：1
                                   最后更新时间：2019-04-28T12:43:00.874Z
                                   =================================================
2026-09-14 01:01:38 - mkk_pika - database.py:101 - INFO - 保存成功：官能びより 官能好日子
2026-09-14 01:01:38 - mkk_pika - main.py:35 - INFO - 开始检查えっちなギャルJKが巨根絶倫おじさんとパコるやつ。[中国翻訳] [DL版]是否存在未下载章节
2026-09-14 01:01:39 - mkk_pika - main.py:45 - INFO - 正在下载:[えっちなギャルJKが巨根絶倫おじさんとパコるやつ。[中国翻訳] [DL版]]-[EROTOMANIA (Nanae)]-[['短篇', '純愛']]-[total_pages:20]
2026-09-14 01:01:39 - mkk_pika - main.py:49 - INFO - [{'_id': '5cc59fe21b802510c5cefb1f', 'title': '第1集', 'order': 1, 'updated_at': '2019-04-27T10:49:31.883Z', 'id': '5cc59fe21b802510c5cefb1f'}]
2026-09-14 01:01:39 - mkk_pika - database.py:215 - INFO - 第一次下载该漫画，记录数据库中
2026-09-14 01:01:39 - mkk_pika - main.py:83 - INFO - 找到 20 张图片在:第1集
2026-09-14 01:01:40 - mkk_pika - main.py:112 - INFO - [episode:第1集       ] downloaded:    20, total:  20, progress:100%
2026-09-14 01:01:40 - mkk_pika - database.py:238 - INFO - 数据库更新已下载章节
2026-09-14 01:01:40 - mkk_pika - database.py:244 - INFO - 该漫画已下载章节如下
2026-09-14 01:01:40 - mkk_pika - database.py:245 - INFO - ['第1集']
2026-09-14 01:01:42 - mkk_pika - main.py:348 - INFO - ==================== 漫画信息 ====================
                                   漫画ID：5cc59fe21b802510c5cefb1e
                                   标题：えっちなギャルJKが巨根絶倫おじさんとパコるやつ。[中国翻訳] [DL版]
                                   作者：EROTOMANIA (Nanae)
                                   是否完结：是
                                   总页数：20
                                   分类：短篇,純愛
                                   章节数：1
                                   最后更新时间：2019-04-28T12:43:14.049Z
                                   =================================================
2026-09-14 01:01:42 - mkk_pika - database.py:101 - INFO - 保存成功：えっちなギャルJKが巨根絶倫おじさんとパコるやつ。[中国翻訳] [DL版]
2026-09-14 01:01:42 - mkk_pika - main.py:35 - INFO - 开始检查東方山脉 (東方Project) [中国語]是否存在未下载章节
2026-09-14 01:01:42 - mkk_pika - main.py:45 - INFO - 正在下载:[東方山脉 (東方Project) [中国語]]-[MusyneXSK]-[['短篇', '同人', '東方']]-[total_pages:5]
2026-09-14 01:01:42 - mkk_pika - main.py:49 - INFO - [{'_id': '5cc59ffb7dbfd657628c0478', 'title': '第1集', 'order': 1, 'updated_at': '2019-04-27T11:10:46.726Z', 'id': '5cc59ffb7dbfd657628c0478'}]
2026-09-14 01:01:42 - mkk_pika - database.py:215 - INFO - 第一次下载该漫画，记录数据库中
2026-09-14 01:01:43 - mkk_pika - main.py:83 - INFO - 找到 5 张图片在:第1集
2026-09-14 01:01:43 - mkk_pika - main.py:112 - INFO - [episode:第1集       ] downloaded:     5, total:   5, progress:100%
2026-09-14 01:01:43 - mkk_pika - database.py:238 - INFO - 数据库更新已下载章节
2026-09-14 01:01:43 - mkk_pika - database.py:244 - INFO - 该漫画已下载章节如下
2026-09-14 01:01:43 - mkk_pika - database.py:245 - INFO - ['第1集']
2026-09-14 01:01:44 - mkk_pika - main.py:348 - INFO - ==================== 漫画信息 ====================
                                   漫画ID：5cc59ffb7dbfd657628c0477
                                   标题：東方山脉 (東方Project) [中国語]
                                   作者：MusyneXSK
                                   是否完结：是
                                   总页数：5
                                   分类：短篇,同人,東方
                                   章节数：1
                                   最后更新时间：2019-04-28T12:43:39.048Z
                                   =================================================
2026-09-14 01:01:44 - mkk_pika - database.py:101 - INFO - 保存成功：東方山脉 (東方Project) [中国語]
2026-09-14 01:01:44 - mkk_pika - main.py:35 - INFO - 开始检查生意気ギャルの変態穴ズボ趣味 (ANGEL 倶楽部 2017年11月号) [中国翻訳] [DL版]是否存在未下载章节
2026-09-14 01:01:44 - mkk_pika - main.py:45 - INFO - 正在下载:[生意気ギャルの変態穴ズボ趣味 (ANGEL 倶楽部 2017年11月号) [中国翻訳] [DL版]]-[よんたろう]-[['短篇']]-[total_pages:21]
2026-09-14 01:01:44 - mkk_pika - main.py:49 - INFO - [{'_id': '5cc5a09d180dd810f4722741', 'title': '第1集', 'order': 1, 'updated_at': '2019-04-27T11:40:03.002Z', 'id': '5cc5a09d180dd810f4722741'}]
2026-09-14 01:01:44 - mkk_pika - database.py:215 - INFO - 第一次下载该漫画，记录数据库中
2026-09-14 01:01:45 - mkk_pika - main.py:83 - INFO - 找到 21 张图片在:第1集
2026-09-14 01:01:46 - mkk_pika - main.py:112 - INFO - [episode:第1集       ] downloaded:    21, total:  21, progress:100%
2026-09-14 01:01:46 - mkk_pika - database.py:238 - INFO - 数据库更新已下载章节
2026-09-14 01:01:46 - mkk_pika - database.py:244 - INFO - 该漫画已下载章节如下
2026-09-14 01:01:46 - mkk_pika - database.py:245 - INFO - ['第1集']
2026-09-14 01:01:47 - mkk_pika - main.py:348 - INFO - ==================== 漫画信息 ====================
                                   漫画ID：5cc5a09d180dd810f4722740
                                   标题：生意気ギャルの変態穴ズボ趣味 (ANGEL 倶楽部 2017年11月号) [中国翻訳] [DL版]
                                   作者：よんたろう
                                   是否完结：是
                                   总页数：21
                                   分类：短篇
                                   章节数：1
                                   最后更新时间：2019-04-28T12:46:21.767Z
                                   =================================================
2026-09-14 01:01:47 - mkk_pika - database.py:101 - INFO - 保存成功：生意気ギャルの変態穴ズボ趣味 (ANGEL 倶楽部 2017年11月号) [中国翻訳] [DL版]
2026-09-14 01:01:47 - mkk_pika - main.py:35 - INFO - 开始检查(COMIC1☆13) アネサンニョウボウ (ドラゴンクエストXI) [中国翻訳]是否存在未下载章节
2026-09-14 01:01:48 - mkk_pika - main.py:45 - INFO - 正在下载:[(COMIC1☆13) アネサンニョウボウ (ドラゴンクエストXI) [中国翻訳]]-[Quick kick Lee (吉村竜巻)]-[['短篇', '同人']]-[total_pages:26]
2026-09-14 01:01:48 - mkk_pika - main.py:49 - INFO - [{'_id': '5cc5a0c1a814f011081cf1ee', 'title': '第1集', 'order': 1, 'updated_at': '2019-04-27T12:35:34.424Z', 'id': '5cc5a0c1a814f011081cf1ee'}]
2026-09-14 01:01:48 - mkk_pika - database.py:215 - INFO - 第一次下载该漫画，记录数据库中
2026-09-14 01:01:48 - mkk_pika - main.py:83 - INFO - 找到 26 张图片在:第1集
2026-09-14 01:01:50 - mkk_pika - main.py:112 - INFO - [episode:第1集       ] downloaded:    26, total:  26, progress:100%
2026-09-14 01:01:50 - mkk_pika - database.py:238 - INFO - 数据库更新已下载章节
2026-09-14 01:01:50 - mkk_pika - database.py:244 - INFO - 该漫画已下载章节如下
2026-09-14 01:01:50 - mkk_pika - database.py:245 - INFO - ['第1集']
2026-09-14 01:01:51 - mkk_pika - main.py:348 - INFO - ==================== 漫画信息 ====================
                                   漫画ID：5cc5a0c1a814f011081cf1ed
                                   标题：(COMIC1☆13) アネサンニョウボウ (ドラゴンクエストXI) [中国翻訳]
                                   作者：Quick kick Lee (吉村竜巻)
                                   是否完结：是
                                   总页数：26
                                   分类：短篇,同人
                                   章节数：1
                                   最后更新时间：2019-04-28T12:46:57.582Z
                                   =================================================
2026-09-14 01:01:51 - mkk_pika - database.py:101 - INFO - 保存成功：(COMIC1☆13) アネサンニョウボウ (ドラゴンクエストXI) [中国翻訳]
2026-09-14 01:01:51 - mkk_pika - main.py:35 - INFO - 开始检查ものけもの是否存在未下载章节
2026-09-14 01:01:51 - mkk_pika - main.py:45 - INFO - 正在下载:[ものけもの]-[雪野みなと]-[['短篇']]-[total_pages:8]
2026-09-14 01:01:51 - mkk_pika - main.py:49 - INFO - [{'_id': '5cc5a0de180dd810f472275a', 'title': '第1集', 'order': 1, 'updated_at': '2019-04-27T13:51:40.881Z', 'id': '5cc5a0de180dd810f472275a'}]
2026-09-14 01:01:51 - mkk_pika - database.py:215 - INFO - 第一次下载该漫画，记录数据库中
2026-09-14 01:01:52 - mkk_pika - main.py:83 - INFO - 找到 8 张图片在:第1集
2026-09-14 01:01:53 - mkk_pika - main.py:112 - INFO - [episode:第1集       ] downloaded:     8, total:   8, progress:100%
2026-09-14 01:01:53 - mkk_pika - database.py:238 - INFO - 数据库更新已下载章节
2026-09-14 01:01:53 - mkk_pika - database.py:244 - INFO - 该漫画已下载章节如下
2026-09-14 01:01:53 - mkk_pika - database.py:245 - INFO - ['第1集']
2026-09-14 01:01:54 - mkk_pika - main.py:348 - INFO - ==================== 漫画信息 ====================
                                   漫画ID：5cc5a0de180dd810f4722759
                                   标题：ものけもの
                                   作者：雪野みなと
                                   是否完结：是
                                   总页数：8
                                   分类：短篇
                                   章节数：1
                                   最后更新时间：2019-04-28T12:47:26.132Z
                                   =================================================
2026-09-14 01:01:54 - mkk_pika - database.py:101 - INFO - 保存成功：ものけもの
2026-09-14 01:01:54 - mkk_pika - main.py:35 - INFO - 开始检查 オジサン専用穴奴隷ミカ [中国翻訳] [DL版]是否存在未下载章节
2026-09-14 01:01:54 - mkk_pika - main.py:45 - INFO - 正在下载:[ オジサン専用穴奴隷ミカ [中国翻訳] [DL版]]-[V-SLASH (夕霧)]-[['短篇']]-[total_pages:20]
2026-09-14 01:01:54 - mkk_pika - main.py:49 - INFO - [{'_id': '5cc5a0ee1b802510c5cefb42', 'title': '第1集', 'order': 1, 'updated_at': '2019-04-27T14:58:28.754Z', 'id': '5cc5a0ee1b802510c5cefb42'}]
2026-09-14 01:01:54 - mkk_pika - database.py:215 - INFO - 第一次下载该漫画，记录数据库中
2026-09-14 01:01:55 - mkk_pika - main.py:83 - INFO - 找到 20 张图片在:第1集
2026-09-14 01:01:56 - mkk_pika - main.py:112 - INFO - [episode:第1集       ] downloaded:    20, total:  20, progress:100%
2026-09-14 01:01:56 - mkk_pika - database.py:238 - INFO - 数据库更新已下载章节
2026-09-14 01:01:56 - mkk_pika - database.py:244 - INFO - 该漫画已下载章节如下
2026-09-14 01:01:56 - mkk_pika - database.py:245 - INFO - ['第1集']
2026-09-14 01:01:57 - mkk_pika - main.py:348 - INFO - ==================== 漫画信息 ====================
                                   漫画ID：5cc5a0ee1b802510c5cefb41
                                   标题： オジサン専用穴奴隷ミカ [中国翻訳] [DL版]
                                   作者：V-SLASH (夕霧)
                                   是否完结：是
                                   总页数：20
                                   分类：短篇
                                   章节数：1
                                   最后更新时间：2019-04-28T12:47:42.736Z
                                   =================================================
2026-09-14 01:01:57 - mkk_pika - database.py:101 - INFO - 保存成功： オジサン専用穴奴隷ミカ [中国翻訳] [DL版]
2026-09-14 01:01:57 - mkk_pika - main.py:35 - INFO - 开始检查(C95)ドスケベ英霊ママ倶楽部 (Fate/Grand Order)是否存在未下载章节
2026-09-14 01:01:58 - mkk_pika - main.py:45 - INFO - 正在下载:[(C95)ドスケベ英霊ママ倶楽部 (Fate/Grand Order)]-[にくにくイタリアン (秋草ぺぺろん)]-[['短篇', '同人', 'Fate']]-[total_pages:52]
2026-09-14 01:01:58 - mkk_pika - main.py:49 - INFO - [{'_id': '5cbddb8ec897694df7ec4687', 'title': '第1集', 'order': 1, 'updated_at': '2019-04-16T12:25:43.134Z', 'id': '5cbddb8ec897694df7ec4687'}, {'_id': '5cc5a1080209e6591a1c94ec', 'title': '汉化', 'order': 2, 'updated_at': '2019-04-27T15:04:54.750Z', 'id': '5cc5a1080209e6591a1c94ec'}]
2026-09-14 01:01:58 - mkk_pika - database.py:215 - INFO - 第一次下载该漫画，记录数据库中
2026-09-14 01:01:58 - mkk_pika - main.py:83 - INFO - 找到 22 张图片在:第1集
2026-09-14 01:02:00 - mkk_pika - main.py:112 - INFO - [episode:第1集       ] downloaded:    22, total:  22, progress:100%
2026-09-14 01:02:00 - mkk_pika - database.py:238 - INFO - 数据库更新已下载章节
2026-09-14 01:02:00 - mkk_pika - database.py:244 - INFO - 该漫画已下载章节如下
2026-09-14 01:02:00 - mkk_pika - database.py:245 - INFO - ['第1集']
2026-09-14 01:02:01 - mkk_pika - main.py:83 - INFO - 找到 30 张图片在:汉化
2026-09-14 01:02:03 - mkk_pika - main.py:112 - INFO - [episode:汉化        ] downloaded:    30, total:  30, progress:100%
2026-09-14 01:02:03 - mkk_pika - database.py:238 - INFO - 数据库更新已下载章节
2026-09-14 01:02:03 - mkk_pika - database.py:244 - INFO - 该漫画已下载章节如下
2026-09-14 01:02:03 - mkk_pika - database.py:245 - INFO - ['第1集', '汉化']
2026-09-14 01:02:04 - mkk_pika - main.py:348 - INFO - ==================== 漫画信息 ====================
                                   漫画ID：5cbddb8ec897694df7ec4686
                                   标题：(C95)ドスケベ英霊ママ倶楽部 (Fate/Grand Order)
                                   作者：にくにくイタリアン (秋草ぺぺろん)
                                   是否完结：是
                                   总页数：52
                                   分类：短篇,同人,Fate
                                   章节数：2
                                   最后更新时间：2019-04-28T12:48:08.886Z
                                   =================================================
2026-09-14 01:02:04 - mkk_pika - database.py:101 - INFO - 保存成功：(C95)ドスケベ英霊ママ倶楽部 (Fate/Grand Order)
2026-09-14 01:02:04 - mkk_pika - main.py:35 - INFO - 开始检查 Demonica [中国翻訳] [DL版]是否存在未下载章节
2026-09-14 01:02:05 - mkk_pika - main.py:45 - INFO - 正在下载:[ Demonica [中国翻訳] [DL版]]-[TETRARA (ときわゆたか)]-[['短篇', '扶他樂園', '非人類']]-[total_pages:34]
2026-09-14 01:02:05 - mkk_pika - main.py:49 - INFO - [{'_id': '5cc5a1270209e6591a1c950c', 'title': '第1集', 'order': 1, 'updated_at': '2019-04-27T15:38:22.610Z', 'id': '5cc5a1270209e6591a1c950c'}]
2026-09-14 01:02:05 - mkk_pika - database.py:215 - INFO - 第一次下载该漫画，记录数据库中
2026-09-14 01:02:05 - mkk_pika - main.py:83 - INFO - 找到 34 张图片在:第1集
2026-09-14 01:02:07 - mkk_pika - main.py:112 - INFO - [episode:第1集       ] downloaded:    34, total:  34, progress:100%
2026-09-14 01:02:07 - mkk_pika - database.py:238 - INFO - 数据库更新已下载章节
2026-09-14 01:02:07 - mkk_pika - database.py:244 - INFO - 该漫画已下载章节如下
2026-09-14 01:02:07 - mkk_pika - database.py:245 - INFO - ['第1集']
2026-09-14 01:02:09 - mkk_pika - main.py:348 - INFO - ==================== 漫画信息 ====================
                                   漫画ID：5cc5a1270209e6591a1c950b
                                   标题： Demonica [中国翻訳] [DL版]
                                   作者：TETRARA (ときわゆたか)
                                   是否完结：是
                                   总页数：34
                                   分类：短篇,扶他樂園,非人類
                                   章节数：1
                                   最后更新时间：2019-04-28T12:48:39.602Z
                                   =================================================
2026-09-14 01:02:09 - mkk_pika - database.py:101 - INFO - 保存成功： Demonica [中国翻訳] [DL版]
2026-09-14 01:02:09 - mkk_pika - main.py:35 - INFO - 开始检查機嫌の悪い黒ギャルふたなり彼女にカラオケに呼び出された結果… [中国翻訳] [DL版]是否存在未下载章节
2026-09-14 01:02:09 - mkk_pika - main.py:45 - INFO - 正在下载:[機嫌の悪い黒ギャルふたなり彼女にカラオケに呼び出された結果… [中国翻訳] [DL版]]-[愛昧亭 (愛昧亭うまみ)]-[['短篇', '扶他樂園', '純愛']]-[total_pages:35]
2026-09-14 01:02:09 - mkk_pika - main.py:49 - INFO - [{'_id': '5cc5a15a200af34aa78914b7', 'title': '第1集', 'order': 1, 'updated_at': '2019-04-27T15:49:48.253Z', 'id': '5cc5a15a200af34aa78914b7'}]
2026-09-14 01:02:09 - mkk_pika - database.py:215 - INFO - 第一次下载该漫画，记录数据库中
2026-09-14 01:02:10 - mkk_pika - main.py:83 - INFO - 找到 35 张图片在:第1集
2026-09-14 01:02:11 - mkk_pika - main.py:112 - INFO - [episode:第1集       ] downloaded:    35, total:  35, progress:100%
2026-09-14 01:02:11 - mkk_pika - database.py:238 - INFO - 数据库更新已下载章节
2026-09-14 01:02:11 - mkk_pika - database.py:244 - INFO - 该漫画已下载章节如下
2026-09-14 01:02:11 - mkk_pika - database.py:245 - INFO - ['第1集']
2026-09-14 01:02:13 - mkk_pika - main.py:348 - INFO - ==================== 漫画信息 ====================
                                   漫画ID：5cc5a15a200af34aa78914b6
                                   标题：機嫌の悪い黒ギャルふたなり彼女にカラオケに呼び出された結果… [中国翻訳] [DL版]
                                   作者：愛昧亭 (愛昧亭うまみ)
                                   是否完结：是
                                   总页数：35
                                   分类：短篇,扶他樂園,純愛
                                   章节数：1
                                   最后更新时间：2019-04-28T12:49:30.714Z
                                   =================================================
2026-09-14 01:02:13 - mkk_pika - database.py:101 - INFO - 保存成功：機嫌の悪い黒ギャルふたなり彼女にカラオケに呼び出された結果… [中国翻訳] [DL版]
2026-09-14 01:02:13 - mkk_pika - main.py:35 - INFO - 开始检查放送事故系列是否存在未下载章节
2026-09-14 01:02:13 - mkk_pika - main.py:45 - INFO - 正在下载:[放送事故系列]-[かみしき (守月史貴)]-[['長篇']]-[total_pages:111]
2026-09-14 01:02:13 - mkk_pika - main.py:49 - INFO - [{'_id': '5c3884ee38c0f873bf87cc38', 'title': '第1话~トロ顔生配信～', 'order': 1, 'updated_at': '2019-01-10T14:37:41.819Z', 'id': '5c3884ee38c0f873bf87cc38'}, {'_id': '5b114e9f87bb266ca9ba6ea6', 'title': '第2话～いちゃラブH生配信～', 'order': 2, 'updated_at': '2019-01-11T11:58:38.377Z', 'id': '5b114e9f87bb266ca9ba6ea6'}, {'_id': '5c0bcb77d6da0f19fbd10b42', 'title': '第3话～jkアナいじり～', 'order': 3, 'updated_at': '2019-01-11T11:58:38.377Z', 'id': '5c0bcb77d6da0f19fbd10b42'}, {'_id': '5cc5a15f7dbfd657628c04ac', 'title': '第4话~オフパコラJKアナいじめ～', 'order': 4, 'updated_at': '2019-04-27T14:47:49.916Z', 'id': '5cc5a15f7dbfd657628c04ac'}]
2026-09-14 01:02:13 - mkk_pika - database.py:215 - INFO - 第一次下载该漫画，记录数据库中
2026-09-14 01:02:13 - mkk_pika - main.py:83 - INFO - 找到 34 张图片在:第1话~トロ顔生配信～
2026-09-14 01:02:15 - mkk_pika - main.py:112 - INFO - [episode:第1话~トロ顔生配信～] downloaded:    34, total:  34, progress:100%
2026-09-14 01:02:15 - mkk_pika - database.py:238 - INFO - 数据库更新已下载章节
2026-09-14 01:02:15 - mkk_pika - database.py:244 - INFO - 该漫画已下载章节如下
2026-09-14 01:02:15 - mkk_pika - database.py:245 - INFO - ['第1话~トロ顔生配信～']
2026-09-14 01:02:17 - mkk_pika - main.py:83 - INFO - 找到 31 张图片在:第2话～いちゃラブH生配信～
2026-09-14 01:02:19 - mkk_pika - main.py:112 - INFO - [episode:第2话～いちゃラブH生配信～] downloaded:    31, total:  31, progress:100%
2026-09-14 01:02:19 - mkk_pika - database.py:238 - INFO - 数据库更新已下载章节
2026-09-14 01:02:19 - mkk_pika - database.py:244 - INFO - 该漫画已下载章节如下
2026-09-14 01:02:19 - mkk_pika - database.py:245 - INFO - ['第1话~トロ顔生配信～', '第2话～いちゃラブH生配信～']
2026-09-14 01:02:20 - mkk_pika - main.py:83 - INFO - 找到 16 张图片在:第3话～jkアナいじり～
2026-09-14 01:02:21 - mkk_pika - main.py:112 - INFO - [episode:第3话～jkアナいじり～] downloaded:    16, total:  16, progress:100%
2026-09-14 01:02:21 - mkk_pika - database.py:238 - INFO - 数据库更新已下载章节
2026-09-14 01:02:21 - mkk_pika - database.py:244 - INFO - 该漫画已下载章节如下
2026-09-14 01:02:21 - mkk_pika - database.py:245 - INFO - ['第1话~トロ顔生配信～', '第2话～いちゃラブH生配信～', '第3话～jkアナいじり～']
2026-09-14 01:02:23 - mkk_pika - main.py:83 - INFO - 找到 30 张图片在:第4话~オフパコラJKアナいじめ～
2026-09-14 01:02:24 - mkk_pika - main.py:112 - INFO - [episode:第4话~オフパコラJKアナいじめ～] downloaded:    30, total:  30, progress:100%
2026-09-14 01:02:24 - mkk_pika - database.py:238 - INFO - 数据库更新已下载章节
2026-09-14 01:02:24 - mkk_pika - database.py:244 - INFO - 该漫画已下载章节如下
2026-09-14 01:02:24 - mkk_pika - database.py:245 - INFO - ['第1话~トロ顔生配信～', '第2话～いちゃラブH生配信～', '第3话～jkアナいじり～', '第4话~オフパコラJKアナいじめ～']
2026-09-14 01:02:26 - mkk_pika - main.py:348 - INFO - ==================== 漫画信息 ====================
                                   漫画ID：5b114e9f87bb266ca9ba6ea5
                                   标题：放送事故系列
                                   作者：かみしき (守月史貴)
                                   是否完结：否
                                   总页数：111
                                   分类：長篇
                                   章节数：4
                                   最后更新时间：2019-04-28T12:49:35.595Z
                                   =================================================
2026-09-14 01:02:26 - mkk_pika - database.py:101 - INFO - 保存成功：放送事故系列
2026-09-14 01:02:26 - mkk_pika - main.py:35 - INFO - 开始检查(C89) りべっちおの桃尻どるちぇ (艦隊これくしょん -艦これ-) [中国翻訳]是否存在未下载章节
2026-09-14 01:02:27 - mkk_pika - main.py:45 - INFO - 正在下载:[(C89) りべっちおの桃尻どるちぇ (艦隊これくしょん -艦これ-) [中国翻訳]]-[バンノウツマヨウジイレ (微糖)]-[['短篇', '同人', '艦隊收藏']]-[total_pages:21]
2026-09-14 01:02:27 - mkk_pika - main.py:49 - INFO - [{'_id': '5cc5a17de64eb6595eb07a38', 'title': '第1集', 'order': 1, 'updated_at': '2019-04-27T16:06:38.457Z', 'id': '5cc5a17de64eb6595eb07a38'}]
2026-09-14 01:02:27 - mkk_pika - database.py:215 - INFO - 第一次下载该漫画，记录数据库中
2026-09-14 01:02:28 - mkk_pika - main.py:83 - INFO - 找到 21 张图片在:第1集
2026-09-14 01:02:29 - mkk_pika - main.py:112 - INFO - [episode:第1集       ] downloaded:    21, total:  21, progress:100%
2026-09-14 01:02:29 - mkk_pika - database.py:238 - INFO - 数据库更新已下载章节
2026-09-14 01:02:29 - mkk_pika - database.py:244 - INFO - 该漫画已下载章节如下
2026-09-14 01:02:29 - mkk_pika - database.py:245 - INFO - ['第1集']
2026-09-14 01:02:30 - mkk_pika - main.py:348 - INFO - ==================== 漫画信息 ====================
                                   漫画ID：5cc5a17de64eb6595eb07a37
                                   标题：(C89) りべっちおの桃尻どるちぇ (艦隊これくしょん -艦これ-) [中国翻訳]
                                   作者：バンノウツマヨウジイレ (微糖)
                                   是否完结：是
                                   总页数：21
                                   分类：短篇,同人,艦隊收藏
                                   章节数：1
                                   最后更新时间：2019-04-28T12:50:05.833Z
                                   =================================================
2026-09-14 01:02:30 - mkk_pika - database.py:101 - INFO - 保存成功：(C89) りべっちおの桃尻どるちぇ (艦隊これくしょん -艦これ-) [中国翻訳]
2026-09-14 01:02:30 - mkk_pika - main.py:35 - INFO - 开始检查 純粋でまじめな朝潮に慰安任務を命じてみたがまさか成功するとは… (艦隊これくしょん -艦これ-) 是否存在未下载章节
2026-09-14 01:02:31 - mkk_pika - main.py:45 - INFO - 正在下载:[ 純粋でまじめな朝潮に慰安任務を命じてみたがまさか成功するとは… (艦隊これくしょん -艦これ-) ]-[虎小屋敷 (リチョウ)]-[['短篇', '同人', '艦隊收藏']]-[total_pages:23]
2026-09-14 01:02:31 - mkk_pika - main.py:49 - INFO - [{'_id': '5cc5a1e0180dd810f4722795', 'title': '第1集', 'order': 1, 'updated_at': '2019-04-27T16:14:01.642Z', 'id': '5cc5a1e0180dd810f4722795'}]
2026-09-14 01:02:31 - mkk_pika - database.py:215 - INFO - 第一次下载该漫画，记录数据库中
2026-09-14 01:02:32 - mkk_pika - main.py:83 - INFO - 找到 23 张图片在:第1集
2026-09-14 01:02:33 - mkk_pika - main.py:112 - INFO - [episode:第1集       ] downloaded:    23, total:  23, progress:100%
2026-09-14 01:02:33 - mkk_pika - database.py:238 - INFO - 数据库更新已下载章节
2026-09-14 01:02:33 - mkk_pika - database.py:244 - INFO - 该漫画已下载章节如下
2026-09-14 01:02:33 - mkk_pika - database.py:245 - INFO - ['第1集']
2026-09-14 01:02:34 - mkk_pika - main.py:348 - INFO - ==================== 漫画信息 ====================
                                   漫画ID：5cc5a1df180dd810f4722794
                                   标题： 純粋でまじめな朝潮に慰安任務を命じてみたがまさか成功するとは… (艦隊これくしょん -艦これ-) 
                                   作者：虎小屋敷 (リチョウ)
                                   是否完结：是
                                   总页数：23
                                   分类：短篇,同人,艦隊收藏
                                   章节数：1
                                   最后更新时间：2019-04-28T12:51:43.992Z
                                   =================================================
2026-09-14 01:02:34 - mkk_pika - database.py:101 - INFO - 保存成功： 純粋でまじめな朝潮に慰安任務を命じてみたがまさか成功するとは… (艦隊これくしょん -艦これ-) 
2026-09-14 01:02:34 - mkk_pika - main.py:35 - INFO - 开始检查(C95)  触手とめぐるとバーサーカー (サノバウィッチ)[中国翻訳]是否存在未下载章节
2026-09-14 01:02:35 - mkk_pika - main.py:45 - INFO - 正在下载:[(C95)  触手とめぐるとバーサーカー (サノバウィッチ)[中国翻訳]]-[ねこ大福 (ねこのしろ)]-[['短篇', '同人', '非人類']]-[total_pages:19]
2026-09-14 01:02:35 - mkk_pika - main.py:49 - INFO - [{'_id': '5cc5a229dd59c14ad839f971', 'title': '第1集', 'order': 1, 'updated_at': '2019-04-27T16:21:46.833Z', 'id': '5cc5a229dd59c14ad839f971'}]
2026-09-14 01:02:35 - mkk_pika - database.py:215 - INFO - 第一次下载该漫画，记录数据库中
2026-09-14 01:02:35 - mkk_pika - main.py:83 - INFO - 找到 19 张图片在:第1集
2026-09-14 01:02:36 - mkk_pika - main.py:112 - INFO - [episode:第1集       ] downloaded:    19, total:  19, progress:100%
2026-09-14 01:02:36 - mkk_pika - database.py:238 - INFO - 数据库更新已下载章节
2026-09-14 01:02:36 - mkk_pika - database.py:244 - INFO - 该漫画已下载章节如下
2026-09-14 01:02:36 - mkk_pika - database.py:245 - INFO - ['第1集']
2026-09-14 01:02:38 - mkk_pika - main.py:348 - INFO - ==================== 漫画信息 ====================
                                   漫画ID：5cc5a229dd59c14ad839f970
                                   标题：(C95)  触手とめぐるとバーサーカー (サノバウィッチ)[中国翻訳]
                                   作者：ねこ大福 (ねこのしろ)
                                   是否完结：是
                                   总页数：19
                                   分类：短篇,同人,非人類
                                   章节数：1
                                   最后更新时间：2019-04-28T12:52:57.706Z
                                   =================================================
2026-09-14 01:02:38 - mkk_pika - database.py:101 - INFO - 保存成功：(C95)  触手とめぐるとバーサーカー (サノバウィッチ)[中国翻訳]
2026-09-14 01:02:38 - mkk_pika - main.py:35 - INFO - 开始检查(同人誌)  教えて愛宕さん (艦隊これくしょん -艦これ-)是否存在未下载章节
2026-09-14 01:02:38 - mkk_pika - main.py:45 - INFO - 正在下载:[(同人誌)  教えて愛宕さん (艦隊これくしょん -艦これ-)]-[全裸レストラン (縁山)]-[['短篇', '同人', '艦隊收藏']]-[total_pages:30]
2026-09-14 01:02:38 - mkk_pika - main.py:49 - INFO - [{'_id': '5cc5a2637dbfd657628c04d6', 'title': '第1集', 'order': 1, 'updated_at': '2019-04-27T16:27:58.050Z', 'id': '5cc5a2637dbfd657628c04d6'}]
2026-09-14 01:02:38 - mkk_pika - database.py:215 - INFO - 第一次下载该漫画，记录数据库中
2026-09-14 01:02:39 - mkk_pika - main.py:83 - INFO - 找到 30 张图片在:第1集
2026-09-14 01:02:40 - mkk_pika - main.py:112 - INFO - [episode:第1集       ] downloaded:    30, total:  30, progress:100%
2026-09-14 01:02:40 - mkk_pika - database.py:238 - INFO - 数据库更新已下载章节
2026-09-14 01:02:40 - mkk_pika - database.py:244 - INFO - 该漫画已下载章节如下
2026-09-14 01:02:40 - mkk_pika - database.py:245 - INFO - ['第1集']
2026-09-14 01:02:42 - mkk_pika - main.py:348 - INFO - ==================== 漫画信息 ====================
                                   漫画ID：5cc5a2637dbfd657628c04d5
                                   标题：(同人誌)  教えて愛宕さん (艦隊これくしょん -艦これ-)
                                   作者：全裸レストラン (縁山)
                                   是否完结：是
                                   总页数：30
                                   分类：短篇,同人,艦隊收藏
                                   章节数：1
                                   最后更新时间：2019-04-28T12:53:55.137Z
                                   =================================================
2026-09-14 01:02:42 - mkk_pika - database.py:101 - INFO - 保存成功：(同人誌)  教えて愛宕さん (艦隊これくしょん -艦これ-)
2026-09-14 01:02:42 - mkk_pika - main.py:35 - INFO - 开始检查(例大祭9) 狩りの尾時間 (東方Project) [中国翻訳]是否存在未下载章节
2026-09-14 01:02:42 - mkk_pika - main.py:45 - INFO - 正在下载:[(例大祭9) 狩りの尾時間 (東方Project) [中国翻訳]]-[とびひざげり (むむむ)]-[['短篇', '同人', '非人類', '東方']]-[total_pages:22]
2026-09-14 01:02:42 - mkk_pika - main.py:49 - INFO - [{'_id': '5cc5a2a4200af34aa789150b', 'title': '第1集', 'order': 1, 'updated_at': '2019-04-28T03:22:56.972Z', 'id': '5cc5a2a4200af34aa789150b'}]
2026-09-14 01:02:42 - mkk_pika - database.py:215 - INFO - 第一次下载该漫画，记录数据库中
2026-09-14 01:02:43 - mkk_pika - main.py:83 - INFO - 找到 22 张图片在:第1集
2026-09-14 01:02:44 - mkk_pika - main.py:112 - INFO - [episode:第1集       ] downloaded:    22, total:  22, progress:100%
2026-09-14 01:02:44 - mkk_pika - database.py:238 - INFO - 数据库更新已下载章节
2026-09-14 01:02:44 - mkk_pika - database.py:244 - INFO - 该漫画已下载章节如下
2026-09-14 01:02:44 - mkk_pika - database.py:245 - INFO - ['第1集']
2026-09-14 01:02:45 - mkk_pika - main.py:348 - INFO - ==================== 漫画信息 ====================
                                   漫画ID：5cc5a2a4200af34aa789150a
                                   标题：(例大祭9) 狩りの尾時間 (東方Project) [中国翻訳]
                                   作者：とびひざげり (むむむ)
                                   是否完结：是
                                   总页数：22
                                   分类：短篇,同人,非人類,東方
                                   章节数：1
                                   最后更新时间：2019-04-28T12:55:00.080Z
                                   =================================================
2026-09-14 01:02:45 - mkk_pika - database.py:101 - INFO - 保存成功：(例大祭9) 狩りの尾時間 (東方Project) [中国翻訳]
2026-09-14 01:02:45 - mkk_pika - main.py:35 - INFO - 开始检查(COMIC1☆7) 幼性の戯れ 4是否存在未下载章节
2026-09-14 01:02:46 - mkk_pika - main.py:45 - INFO - 正在下载:[(COMIC1☆7) 幼性の戯れ 4]-[Singleton (あずまゆき)]-[['短篇']]-[total_pages:23]
2026-09-14 01:02:46 - mkk_pika - main.py:49 - INFO - [{'_id': '5cc5a2e4e3369157257906bc', 'title': '第1集', 'order': 1, 'updated_at': '2019-04-26T12:38:09.928Z', 'id': '5cc5a2e4e3369157257906bc'}]
2026-09-14 01:02:46 - mkk_pika - database.py:215 - INFO - 第一次下载该漫画，记录数据库中
2026-09-14 01:02:46 - mkk_pika - main.py:83 - INFO - 找到 23 张图片在:第1集
2026-09-14 01:02:48 - mkk_pika - main.py:112 - INFO - [episode:第1集       ] downloaded:    23, total:  23, progress:100%
2026-09-14 01:02:48 - mkk_pika - database.py:238 - INFO - 数据库更新已下载章节
2026-09-14 01:02:48 - mkk_pika - database.py:244 - INFO - 该漫画已下载章节如下
2026-09-14 01:02:48 - mkk_pika - database.py:245 - INFO - ['第1集']
2026-09-14 01:02:49 - mkk_pika - main.py:348 - INFO - ==================== 漫画信息 ====================
                                   漫画ID：5cc5a2e4e3369157257906bb
                                   标题：(COMIC1☆7) 幼性の戯れ 4
                                   作者：Singleton (あずまゆき)
                                   是否完结：是
                                   总页数：23
                                   分类：短篇
                                   章节数：1
                                   最后更新时间：2019-04-28T12:56:04.256Z
                                   =================================================
2026-09-14 01:02:49 - mkk_pika - database.py:101 - INFO - 保存成功：(COMIC1☆7) 幼性の戯れ 4
2026-09-14 01:02:49 - mkk_pika - main.py:35 - INFO - 开始检查(C86) プリズマ☆イリヤ 戦闘失敗！？是否存在未下载章节
2026-09-14 01:02:50 - mkk_pika - main.py:45 - INFO - 正在下载:[(C86) プリズマ☆イリヤ 戦闘失敗！？]-[洗熊公社, I.G.Project (防弾乳牛)]-[['全彩', '短篇', '同人', 'Fate']]-[total_pages:18]
2026-09-14 01:02:50 - mkk_pika - main.py:49 - INFO - [{'_id': '5cc72f87737f50085694442c', 'title': '第1集', 'order': 1, 'updated_at': '2019-04-29T09:09:12.038Z', 'id': '5cc72f87737f50085694442c'}]
2026-09-14 01:02:50 - mkk_pika - database.py:215 - INFO - 第一次下载该漫画，记录数据库中
2026-09-14 01:02:50 - mkk_pika - main.py:83 - INFO - 找到 18 张图片在:第1集
2026-09-14 01:02:51 - mkk_pika - main.py:112 - INFO - [episode:第1集       ] downloaded:    18, total:  18, progress:100%
2026-09-14 01:02:51 - mkk_pika - database.py:238 - INFO - 数据库更新已下载章节
2026-09-14 01:02:51 - mkk_pika - database.py:244 - INFO - 该漫画已下载章节如下
2026-09-14 01:02:51 - mkk_pika - database.py:245 - INFO - ['第1集']
2026-09-14 01:02:53 - mkk_pika - main.py:348 - INFO - ==================== 漫画信息 ====================
                                   漫画ID：5cc5a308e64eb6595eb07a78
                                   标题：(C86) プリズマ☆イリヤ 戦闘失敗！？
                                   作者：洗熊公社, I.G.Project (防弾乳牛)
                                   是否完结：是
                                   总页数：18
                                   分类：全彩,短篇,同人,Fate
                                   章节数：1
                                   最后更新时间：2019-04-28T12:56:40.564Z
                                   =================================================
2026-09-14 01:02:53 - mkk_pika - database.py:101 - INFO - 保存成功：(C86) プリズマ☆イリヤ 戦闘失敗！？
2026-09-14 01:02:53 - mkk_pika - main.py:35 - INFO - 开始检查(C84)幼性の戯れ5是否存在未下载章节
2026-09-14 01:02:53 - mkk_pika - main.py:45 - INFO - 正在下载:[(C84)幼性の戯れ5]-[Singleton (あずまゆき)]-[['短篇']]-[total_pages:26]
2026-09-14 01:02:53 - mkk_pika - main.py:49 - INFO - [{'_id': '5cc5a31ce3369157257906d7', 'title': '第1集', 'order': 1, 'updated_at': '2019-04-26T13:10:21.339Z', 'id': '5cc5a31ce3369157257906d7'}]
2026-09-14 01:02:53 - mkk_pika - database.py:215 - INFO - 第一次下载该漫画，记录数据库中
2026-09-14 01:02:54 - mkk_pika - main.py:83 - INFO - 找到 26 张图片在:第1集
2026-09-14 01:02:55 - mkk_pika - main.py:112 - INFO - [episode:第1集       ] downloaded:    26, total:  26, progress:100%
2026-09-14 01:02:55 - mkk_pika - database.py:238 - INFO - 数据库更新已下载章节
2026-09-14 01:02:55 - mkk_pika - database.py:244 - INFO - 该漫画已下载章节如下
2026-09-14 01:02:55 - mkk_pika - database.py:245 - INFO - ['第1集']
2026-09-14 01:02:56 - mkk_pika - main.py:348 - INFO - ==================== 漫画信息 ====================
                                   漫画ID：5cc5a31ce3369157257906d6
                                   标题：(C84)幼性の戯れ5
                                   作者：Singleton (あずまゆき)
                                   是否完结：是
                                   总页数：26
                                   分类：短篇
                                   章节数：1
                                   最后更新时间：2019-04-28T12:57:00.834Z
                                   =================================================
2026-09-14 01:02:56 - mkk_pika - database.py:101 - INFO - 保存成功：(C84)幼性の戯れ5
2026-09-14 01:02:56 - mkk_pika - main.py:35 - INFO - 开始检查援助交配 Another View是否存在未下载章节
2026-09-14 01:02:57 - mkk_pika - main.py:45 - INFO - 正在下载:[援助交配 Another View]-[アットホーム酒家 (たくのみ)]-[['短篇']]-[total_pages:5]
2026-09-14 01:02:57 - mkk_pika - main.py:49 - INFO - [{'_id': '5cc7301a4586ea07ddbb94f6', 'title': '第1集', 'order': 1, 'updated_at': '2019-04-29T10:05:37.291Z', 'id': '5cc7301a4586ea07ddbb94f6'}]
2026-09-14 01:02:57 - mkk_pika - database.py:215 - INFO - 第一次下载该漫画，记录数据库中
2026-09-14 01:02:57 - mkk_pika - main.py:83 - INFO - 找到 5 张图片在:第1集
2026-09-14 01:02:58 - mkk_pika - main.py:112 - INFO - [episode:第1集       ] downloaded:     5, total:   5, progress:100%
2026-09-14 01:02:58 - mkk_pika - database.py:238 - INFO - 数据库更新已下载章节
2026-09-14 01:02:58 - mkk_pika - database.py:244 - INFO - 该漫画已下载章节如下
2026-09-14 01:02:58 - mkk_pika - database.py:245 - INFO - ['第1集']
2026-09-14 01:02:59 - mkk_pika - main.py:348 - INFO - ==================== 漫画信息 ====================
                                   漫画ID：5cc5a32ae3369157257906f2
                                   标题：援助交配 Another View
                                   作者：アットホーム酒家 (たくのみ)
                                   是否完结：是
                                   总页数：5
                                   分类：短篇
                                   章节数：1
                                   最后更新时间：2019-04-28T12:57:14.264Z
                                   =================================================
2026-09-14 01:02:59 - mkk_pika - database.py:101 - INFO - 保存成功：援助交配 Another View
2026-09-14 01:02:59 - mkk_pika - main.py:35 - INFO - 开始检查援助交配Swimming Costume是否存在未下载章节
2026-09-14 01:02:59 - mkk_pika - main.py:45 - INFO - 正在下载:[援助交配Swimming Costume]-[アットホーム酒家 (たくのみ)]-[['短篇', '後宮閃光']]-[total_pages:9]
2026-09-14 01:02:59 - mkk_pika - main.py:49 - INFO - [{'_id': '5cc72ff700133807e7722ffb', 'title': '第1集', 'order': 1, 'updated_at': '2019-04-29T10:01:48.350Z', 'id': '5cc72ff700133807e7722ffb'}]
2026-09-14 01:02:59 - mkk_pika - database.py:215 - INFO - 第一次下载该漫画，记录数据库中
2026-09-14 01:03:00 - mkk_pika - main.py:83 - INFO - 找到 9 张图片在:第1集
2026-09-14 01:03:00 - mkk_pika - main.py:112 - INFO - [episode:第1集       ] downloaded:     9, total:   9, progress:100%
2026-09-14 01:03:00 - mkk_pika - database.py:238 - INFO - 数据库更新已下载章节
2026-09-14 01:03:00 - mkk_pika - database.py:244 - INFO - 该漫画已下载章节如下
2026-09-14 01:03:00 - mkk_pika - database.py:245 - INFO - ['第1集']
2026-09-14 01:03:02 - mkk_pika - main.py:348 - INFO - ==================== 漫画信息 ====================
                                   漫画ID：5cc5a3527dbfd657628c04f9
                                   标题：援助交配Swimming Costume
                                   作者：アットホーム酒家 (たくのみ)
                                   是否完结：是
                                   总页数：9
                                   分类：短篇,後宮閃光
                                   章节数：1
                                   最后更新时间：2019-04-28T12:57:54.252Z
                                   =================================================
2026-09-14 01:03:02 - mkk_pika - database.py:101 - INFO - 保存成功：援助交配Swimming Costume
2026-09-14 01:03:02 - mkk_pika - main.py:35 - INFO - 开始检查(C88)  NO TAKAO NO LIFE (蒼き鋼のアルペジオ) 是否存在未下载章节
2026-09-14 01:03:02 - mkk_pika - main.py:45 - INFO - 正在下载:[(C88)  NO TAKAO NO LIFE (蒼き鋼のアルペジオ) ]-[琴乃舎 (むつみまさと)]-[['同人', '全彩', '短篇']]-[total_pages:29]
2026-09-14 01:03:02 - mkk_pika - main.py:49 - INFO - [{'_id': '5cc72fa148b9ec07e85a7280', 'title': '第1集', 'order': 1, 'updated_at': '2019-04-29T09:49:13.672Z', 'id': '5cc72fa148b9ec07e85a7280'}]
2026-09-14 01:03:02 - mkk_pika - database.py:215 - INFO - 第一次下载该漫画，记录数据库中
2026-09-14 01:03:03 - mkk_pika - main.py:83 - INFO - 找到 29 张图片在:第1集
2026-09-14 01:03:04 - mkk_pika - main.py:112 - INFO - [episode:第1集       ] downloaded:    29, total:  29, progress:100%
2026-09-14 01:03:04 - mkk_pika - database.py:238 - INFO - 数据库更新已下载章节
2026-09-14 01:03:04 - mkk_pika - database.py:244 - INFO - 该漫画已下载章节如下
2026-09-14 01:03:04 - mkk_pika - database.py:245 - INFO - ['第1集']
2026-09-14 01:03:06 - mkk_pika - main.py:348 - INFO - ==================== 漫画信息 ====================
                                   漫画ID：5cc5a3790209e6591a1c9534
                                   标题：(C88)  NO TAKAO NO LIFE (蒼き鋼のアルペジオ) 
                                   作者：琴乃舎 (むつみまさと)
                                   是否完结：是
                                   总页数：29
                                   分类：同人,全彩,短篇
                                   章节数：1
                                   最后更新时间：2019-04-28T12:58:33.131Z
                                   =================================================
2026-09-14 01:03:06 - mkk_pika - database.py:101 - INFO - 保存成功：(C88)  NO TAKAO NO LIFE (蒼き鋼のアルペジオ) 
2026-09-14 01:03:06 - mkk_pika - main.py:35 - INFO - 开始检查(C91) 食 (Occultic;Nine -オカルティック・ナイン-)[中国翻訳]是否存在未下载章节
2026-09-14 01:03:06 - mkk_pika - main.py:45 - INFO - 正在下载:[(C91) 食 (Occultic;Nine -オカルティック・ナイン-)[中国翻訳]]-[ひょこ道 (ひょころー)]-[['短篇', '同人']]-[total_pages:33]
2026-09-14 01:03:06 - mkk_pika - main.py:49 - INFO - [{'_id': '5cc5a3bb200af34aa7891619', 'title': '第1集', 'order': 1, 'updated_at': '2019-04-28T05:55:38.173Z', 'id': '5cc5a3bb200af34aa7891619'}]
2026-09-14 01:03:06 - mkk_pika - database.py:215 - INFO - 第一次下载该漫画，记录数据库中
2026-09-14 01:03:07 - mkk_pika - main.py:83 - INFO - 找到 33 张图片在:第1集
2026-09-14 01:03:09 - mkk_pika - main.py:112 - INFO - [episode:第1集       ] downloaded:    33, total:  33, progress:100%
2026-09-14 01:03:09 - mkk_pika - database.py:238 - INFO - 数据库更新已下载章节
2026-09-14 01:03:09 - mkk_pika - database.py:244 - INFO - 该漫画已下载章节如下
2026-09-14 01:03:09 - mkk_pika - database.py:245 - INFO - ['第1集']
2026-09-14 01:03:10 - mkk_pika - main.py:348 - INFO - ==================== 漫画信息 ====================
                                   漫画ID：5cc5a3bb200af34aa7891618
                                   标题：(C91) 食 (Occultic;Nine -オカルティック・ナイン-)[中国翻訳]
                                   作者：ひょこ道 (ひょころー)
                                   是否完结：是
                                   总页数：33
                                   分类：短篇,同人
                                   章节数：1
                                   最后更新时间：2019-04-28T12:59:39.666Z
                                   =================================================
2026-09-14 01:03:10 - mkk_pika - database.py:101 - INFO - 保存成功：(C91) 食 (Occultic;Nine -オカルティック・ナイン-)[中国翻訳]
2026-09-14 01:03:10 - mkk_pika - main.py:35 - INFO - 开始检查(C87)恋する龍驤ちゃんとヘンタイ提督弐 (艦隊これくしょん -艦これ-) [中国翻訳]是否存在未下载章节
2026-09-14 01:03:10 - mkk_pika - main.py:45 - INFO - 正在下载:[(C87)恋する龍驤ちゃんとヘンタイ提督弐 (艦隊これくしょん -艦これ-) [中国翻訳]]-[餅屋 (かろちー)]-[['短篇', '純愛', '同人', '艦隊收藏']]-[total_pages:23]
2026-09-14 01:03:10 - mkk_pika - main.py:49 - INFO - [{'_id': '5cc5a3d25f4b63575c3e43b9', 'title': '第1集', 'order': 1, 'updated_at': '2019-04-28T05:44:40.016Z', 'id': '5cc5a3d25f4b63575c3e43b9'}]
2026-09-14 01:03:10 - mkk_pika - database.py:215 - INFO - 第一次下载该漫画，记录数据库中
2026-09-14 01:03:11 - mkk_pika - main.py:83 - INFO - 找到 23 张图片在:第1集
2026-09-14 01:03:12 - mkk_pika - main.py:112 - INFO - [episode:第1集       ] downloaded:    23, total:  23, progress:100%
2026-09-14 01:03:12 - mkk_pika - database.py:238 - INFO - 数据库更新已下载章节
2026-09-14 01:03:12 - mkk_pika - database.py:244 - INFO - 该漫画已下载章节如下
2026-09-14 01:03:12 - mkk_pika - database.py:245 - INFO - ['第1集']
2026-09-14 01:03:14 - mkk_pika - main.py:348 - INFO - ==================== 漫画信息 ====================
                                   漫画ID：5cc5a3d25f4b63575c3e43b8
                                   标题：(C87)恋する龍驤ちゃんとヘンタイ提督弐 (艦隊これくしょん -艦これ-) [中国翻訳]
                                   作者：餅屋 (かろちー)
                                   是否完结：是
                                   总页数：23
                                   分类：短篇,純愛,同人,艦隊收藏
                                   章节数：1
                                   最后更新时间：2019-04-28T13:00:02.617Z
                                   =================================================
2026-09-14 01:03:14 - mkk_pika - database.py:101 - INFO - 保存成功：(C87)恋する龍驤ちゃんとヘンタイ提督弐 (艦隊これくしょん -艦これ-) [中国翻訳]
2026-09-14 01:03:14 - mkk_pika - main.py:35 - INFO - 开始检查(例大祭15) 紫様が居る (東方Project)是否存在未下载章节
2026-09-14 01:03:14 - mkk_pika - main.py:45 - INFO - 正在下载:[(例大祭15) 紫様が居る (東方Project)]-[かうすしあん (やまいそ)]-[['短篇', '同人', '東方']]-[total_pages:26]
2026-09-14 01:03:14 - mkk_pika - main.py:49 - INFO - [{'_id': '5cc5a40b180dd810f47227e9', 'title': '第1集', 'order': 1, 'updated_at': '2019-04-28T06:08:42.421Z', 'id': '5cc5a40b180dd810f47227e9'}]
2026-09-14 01:03:14 - mkk_pika - database.py:215 - INFO - 第一次下载该漫画，记录数据库中
2026-09-14 01:03:14 - mkk_pika - main.py:83 - INFO - 找到 26 张图片在:第1集
2026-09-14 01:03:16 - mkk_pika - main.py:112 - INFO - [episode:第1集       ] downloaded:    26, total:  26, progress:100%
2026-09-14 01:03:16 - mkk_pika - database.py:238 - INFO - 数据库更新已下载章节
2026-09-14 01:03:16 - mkk_pika - database.py:244 - INFO - 该漫画已下载章节如下
2026-09-14 01:03:16 - mkk_pika - database.py:245 - INFO - ['第1集']
2026-09-14 01:03:17 - mkk_pika - main.py:348 - INFO - ==================== 漫画信息 ====================
                                   漫画ID：5cc5a40b180dd810f47227e8
                                   标题：(例大祭15) 紫様が居る (東方Project)
                                   作者：かうすしあん (やまいそ)
                                   是否完结：是
                                   总页数：26
                                   分类：短篇,同人,東方
                                   章节数：1
                                   最后更新时间：2019-04-28T13:00:59.649Z
                                   =================================================
2026-09-14 01:03:17 - mkk_pika - database.py:101 - INFO - 保存成功：(例大祭15) 紫様が居る (東方Project)
2026-09-14 01:03:17 - mkk_pika - main.py:35 - INFO - 开始检查 SLAVE'S GIRL OF LEVEL 1 (盾の勇者の成り上がり)[中国翻訳]是否存在未下载章节
2026-09-14 01:03:18 - mkk_pika - main.py:45 - INFO - 正在下载:[ SLAVE'S GIRL OF LEVEL 1 (盾の勇者の成り上がり)[中国翻訳]]-[A-Lucky☆村重の乱 (アラーキー村重)]-[['短篇', '同人', '非人類', '純愛']]-[total_pages:24]
2026-09-14 01:03:18 - mkk_pika - main.py:49 - INFO - [{'_id': '5cc5a423e336915725790717', 'title': '第1集', 'order': 1, 'updated_at': '2019-04-28T06:35:42.127Z', 'id': '5cc5a423e336915725790717'}]
2026-09-14 01:03:18 - mkk_pika - database.py:215 - INFO - 第一次下载该漫画，记录数据库中
2026-09-14 01:03:18 - mkk_pika - main.py:83 - INFO - 找到 24 张图片在:第1集
2026-09-14 01:03:20 - mkk_pika - main.py:112 - INFO - [episode:第1集       ] downloaded:    24, total:  24, progress:100%
2026-09-14 01:03:20 - mkk_pika - database.py:238 - INFO - 数据库更新已下载章节
2026-09-14 01:03:20 - mkk_pika - database.py:244 - INFO - 该漫画已下载章节如下
2026-09-14 01:03:20 - mkk_pika - database.py:245 - INFO - ['第1集']
2026-09-14 01:03:21 - mkk_pika - main.py:348 - INFO - ==================== 漫画信息 ====================
                                   漫画ID：5cc5a423e336915725790716
                                   标题： SLAVE'S GIRL OF LEVEL 1 (盾の勇者の成り上がり)[中国翻訳]
                                   作者：A-Lucky☆村重の乱 (アラーキー村重)
                                   是否完结：是
                                   总页数：24
                                   分类：短篇,同人,非人類,純愛
                                   章节数：1
                                   最后更新时间：2019-04-28T13:01:23.942Z
                                   =================================================
2026-09-14 01:03:21 - mkk_pika - database.py:101 - INFO - 保存成功： SLAVE'S GIRL OF LEVEL 1 (盾の勇者の成り上がり)[中国翻訳]
2026-09-14 01:03:21 - mkk_pika - main.py:35 - INFO - 开始检查エッチな校則作っちゃいました是否存在未下载章节
2026-09-14 01:03:21 - mkk_pika - main.py:45 - INFO - 正在下载:[エッチな校則作っちゃいました]-[MC]-[['全彩', '短篇']]-[total_pages:21]
2026-09-14 01:03:21 - mkk_pika - main.py:49 - INFO - [{'_id': '5cc5a4520209e6591a1c9557', 'title': '第1集', 'order': 1, 'updated_at': '2019-04-28T07:17:29.460Z', 'id': '5cc5a4520209e6591a1c9557'}]
2026-09-14 01:03:21 - mkk_pika - database.py:215 - INFO - 第一次下载该漫画，记录数据库中
2026-09-14 01:03:22 - mkk_pika - main.py:83 - INFO - 找到 21 张图片在:第1集
2026-09-14 01:03:23 - mkk_pika - main.py:112 - INFO - [episode:第1集       ] downloaded:    21, total:  21, progress:100%
2026-09-14 01:03:23 - mkk_pika - database.py:238 - INFO - 数据库更新已下载章节
2026-09-14 01:03:23 - mkk_pika - database.py:244 - INFO - 该漫画已下载章节如下
2026-09-14 01:03:23 - mkk_pika - database.py:245 - INFO - ['第1集']
2026-09-14 01:03:25 - mkk_pika - main.py:348 - INFO - ==================== 漫画信息 ====================
                                   漫画ID：5cc5a4520209e6591a1c9556
                                   标题：エッチな校則作っちゃいました
                                   作者：MC
                                   是否完结：否
                                   总页数：21
                                   分类：全彩,短篇
                                   章节数：1
                                   最后更新时间：2019-04-28T13:02:10.835Z
                                   =================================================
2026-09-14 01:03:25 - mkk_pika - database.py:101 - INFO - 保存成功：エッチな校則作っちゃいました
2026-09-14 01:03:25 - mkk_pika - main.py:35 - INFO - 开始检查(秋季例大祭4) 秋の長雨舌垂る多々良 (東方Project)是否存在未下载章节
2026-09-14 01:03:25 - mkk_pika - main.py:45 - INFO - 正在下载:[(秋季例大祭4) 秋の長雨舌垂る多々良 (東方Project)]-[こかつ畑 (雨小雨)]-[['全彩', '短篇', '東方']]-[total_pages:14]
2026-09-14 01:03:25 - mkk_pika - main.py:49 - INFO - [{'_id': '5cc5ae48180dd810f4722860', 'title': '第1集', 'order': 1, 'updated_at': '2019-04-28T07:42:47.960Z', 'id': '5cc5ae48180dd810f4722860'}]
2026-09-14 01:03:25 - mkk_pika - database.py:215 - INFO - 第一次下载该漫画，记录数据库中
2026-09-14 01:03:26 - mkk_pika - main.py:83 - INFO - 找到 14 张图片在:第1集
2026-09-14 01:03:26 - mkk_pika - main.py:112 - INFO - [episode:第1集       ] downloaded:    14, total:  14, progress:100%
2026-09-14 01:03:26 - mkk_pika - database.py:238 - INFO - 数据库更新已下载章节
2026-09-14 01:03:26 - mkk_pika - database.py:244 - INFO - 该漫画已下载章节如下
2026-09-14 01:03:26 - mkk_pika - database.py:245 - INFO - ['第1集']
2026-09-14 01:03:28 - mkk_pika - main.py:348 - INFO - ==================== 漫画信息 ====================
                                   漫画ID：5cc5ae48180dd810f472285f
                                   标题：(秋季例大祭4) 秋の長雨舌垂る多々良 (東方Project)
                                   作者：こかつ畑 (雨小雨)
                                   是否完结：否
                                   总页数：14
                                   分类：全彩,短篇,東方
                                   章节数：1
                                   最后更新时间：2019-04-28T13:44:40.460Z
                                   =================================================
2026-09-14 01:03:28 - mkk_pika - database.py:101 - INFO - 保存成功：(秋季例大祭4) 秋の長雨舌垂る多々良 (東方Project)
2026-09-14 01:03:28 - mkk_pika - main.py:35 - INFO - 开始检查獣欲侵食 (艦隊これくしょん -艦これ-)是否存在未下载章节
2026-09-14 01:03:28 - mkk_pika - main.py:45 - INFO - 正在下载:[獣欲侵食 (艦隊これくしょん -艦これ-)]-[焼き茄子定食 (茄子EX)]-[['短篇', '同人', '非人類', '艦隊收藏']]-[total_pages:40]
2026-09-14 01:03:28 - mkk_pika - main.py:49 - INFO - [{'_id': '5cc5ae5cfbe18a59124a0a93', 'title': '第1集', 'order': 1, 'updated_at': '2019-04-28T08:49:07.208Z', 'id': '5cc5ae5cfbe18a59124a0a93'}]
2026-09-14 01:03:28 - mkk_pika - database.py:215 - INFO - 第一次下载该漫画，记录数据库中
2026-09-14 01:03:29 - mkk_pika - main.py:83 - INFO - 找到 40 张图片在:第1集
2026-09-14 01:03:31 - mkk_pika - main.py:112 - INFO - [episode:第1集       ] downloaded:    40, total:  40, progress:100%
2026-09-14 01:03:31 - mkk_pika - database.py:238 - INFO - 数据库更新已下载章节
2026-09-14 01:03:31 - mkk_pika - database.py:244 - INFO - 该漫画已下载章节如下
2026-09-14 01:03:31 - mkk_pika - database.py:245 - INFO - ['第1集']
2026-09-14 01:03:32 - mkk_pika - main.py:348 - INFO - ==================== 漫画信息 ====================
                                   漫画ID：5cc5ae5cfbe18a59124a0a92
                                   标题：獣欲侵食 (艦隊これくしょん -艦これ-)
                                   作者：焼き茄子定食 (茄子EX)
                                   是否完结：是
                                   总页数：40
                                   分类：短篇,同人,非人類,艦隊收藏
                                   章节数：1
                                   最后更新时间：2019-04-28T13:45:00.038Z
                                   =================================================
2026-09-14 01:03:32 - mkk_pika - database.py:101 - INFO - 保存成功：獣欲侵食 (艦隊これくしょん -艦これ-)
2026-09-14 01:03:32 - mkk_pika - main.py:35 - INFO - 开始检查(C93)ニトクリスに不敬な事をする本 (Fate Grand Order)是否存在未下载章节
2026-09-14 01:03:32 - mkk_pika - main.py:45 - INFO - 正在下载:[(C93)ニトクリスに不敬な事をする本 (Fate Grand Order)]-[時間差攻撃 (遠矢大介)]-[['純愛', '短篇', 'Fate']]-[total_pages:20]
2026-09-14 01:03:32 - mkk_pika - main.py:49 - INFO - [{'_id': '5cc5ae7570f8dc572d12b2eb', 'title': '第1集', 'order': 1, 'updated_at': '2019-04-28T09:24:23.520Z', 'id': '5cc5ae7570f8dc572d12b2eb'}]
2026-09-14 01:03:32 - mkk_pika - database.py:215 - INFO - 第一次下载该漫画，记录数据库中
2026-09-14 01:03:33 - mkk_pika - main.py:83 - INFO - 找到 20 张图片在:第1集
2026-09-14 01:03:34 - mkk_pika - main.py:112 - INFO - [episode:第1集       ] downloaded:    20, total:  20, progress:100%
2026-09-14 01:03:34 - mkk_pika - database.py:238 - INFO - 数据库更新已下载章节
2026-09-14 01:03:34 - mkk_pika - database.py:244 - INFO - 该漫画已下载章节如下
2026-09-14 01:03:34 - mkk_pika - database.py:245 - INFO - ['第1集']
2026-09-14 01:03:36 - mkk_pika - main.py:348 - INFO - ==================== 漫画信息 ====================
                                   漫画ID：5cc5ae7570f8dc572d12b2ea
                                   标题：(C93)ニトクリスに不敬な事をする本 (Fate Grand Order)
                                   作者：時間差攻撃 (遠矢大介)
                                   是否完结：否
                                   总页数：20
                                   分类：純愛,短篇,Fate
                                   章节数：1
                                   最后更新时间：2019-04-28T13:45:25.771Z
                                   =================================================
2026-09-14 01:03:36 - mkk_pika - database.py:101 - INFO - 保存成功：(C93)ニトクリスに不敬な事をする本 (Fate Grand Order)
2026-09-14 01:03:36 - mkk_pika - main.py:35 - INFO - 开始检查Strength and III (BLACK★ROCK SHOOTER)是否存在未下载章节
2026-09-14 01:03:36 - mkk_pika - main.py:45 - INFO - 正在下载:[Strength and III (BLACK★ROCK SHOOTER)]-[とっとこMたろう (MだSたろう)]-[['短篇', '全彩', '同人']]-[total_pages:30]
2026-09-14 01:03:36 - mkk_pika - main.py:49 - INFO - [{'_id': '5cc5ae8de64eb6595eb07b43', 'title': '第1集', 'order': 1, 'updated_at': '2019-04-28T09:36:01.932Z', 'id': '5cc5ae8de64eb6595eb07b43'}]
2026-09-14 01:03:36 - mkk_pika - database.py:215 - INFO - 第一次下载该漫画，记录数据库中
2026-09-14 01:03:37 - mkk_pika - main.py:83 - INFO - 找到 30 张图片在:第1集
2026-09-14 01:03:38 - mkk_pika - main.py:112 - INFO - [episode:第1集       ] downloaded:    30, total:  30, progress:100%
2026-09-14 01:03:38 - mkk_pika - database.py:238 - INFO - 数据库更新已下载章节
2026-09-14 01:03:38 - mkk_pika - database.py:244 - INFO - 该漫画已下载章节如下
2026-09-14 01:03:38 - mkk_pika - database.py:245 - INFO - ['第1集']
2026-09-14 01:03:39 - mkk_pika - main.py:348 - INFO - ==================== 漫画信息 ====================
                                   漫画ID：5cc5ae8de64eb6595eb07b42
                                   标题：Strength and III (BLACK★ROCK SHOOTER)
                                   作者：とっとこMたろう (MだSたろう)
                                   是否完结：是
                                   总页数：30
                                   分类：短篇,全彩,同人
                                   章节数：1
                                   最后更新时间：2019-04-28T13:45:49.392Z
                                   =================================================
2026-09-14 01:03:39 - mkk_pika - database.py:101 - INFO - 保存成功：Strength and III (BLACK★ROCK SHOOTER)
2026-09-14 01:03:39 - mkk_pika - main.py:35 - INFO - 开始检查 (C95) ハッピーライフ (グランブルーファンタジー) [中国翻訳]是否存在未下载章节
2026-09-14 01:03:40 - mkk_pika - main.py:45 - INFO - 正在下载:[ (C95) ハッピーライフ (グランブルーファンタジー) [中国翻訳]]-[脳内液汁 (ソメジマ)]-[['同人', '短篇', '非人類', '碧藍幻想']]-[total_pages:24]
2026-09-14 01:03:40 - mkk_pika - main.py:49 - INFO - [{'_id': '5cc72b4d4586ea07ddbb946f', 'title': '第1集', 'order': 1, 'updated_at': '2019-04-28T16:51:56.282Z', 'id': '5cc72b4d4586ea07ddbb946f'}]
2026-09-14 01:03:40 - mkk_pika - database.py:215 - INFO - 第一次下载该漫画，记录数据库中
2026-09-14 01:03:41 - mkk_pika - main.py:83 - INFO - 找到 24 张图片在:第1集
2026-09-14 01:03:42 - mkk_pika - main.py:112 - INFO - [episode:第1集       ] downloaded:    24, total:  24, progress:100%
2026-09-14 01:03:42 - mkk_pika - database.py:238 - INFO - 数据库更新已下载章节
2026-09-14 01:03:42 - mkk_pika - database.py:244 - INFO - 该漫画已下载章节如下
2026-09-14 01:03:42 - mkk_pika - database.py:245 - INFO - ['第1集']
2026-09-14 01:03:43 - mkk_pika - main.py:348 - INFO - ==================== 漫画信息 ====================
                                   漫画ID：5cc5d5afe3369157257909e8
                                   标题： (C95) ハッピーライフ (グランブルーファンタジー) [中国翻訳]
                                   作者：脳内液汁 (ソメジマ)
                                   是否完结：是
                                   总页数：24
                                   分类：同人,短篇,非人類,碧藍幻想
                                   章节数：1
                                   最后更新时间：2019-04-28T16:32:47.270Z
                                   =================================================
2026-09-14 01:03:43 - mkk_pika - database.py:101 - INFO - 保存成功： (C95) ハッピーライフ (グランブルーファンタジー) [中国翻訳]
2026-09-14 01:03:43 - mkk_pika - main.py:35 - INFO - 开始检查母さんじゃなきゃダメなんだっ！！ 母親以外的我都不要啦!! 是否存在未下载章节
2026-09-14 01:03:44 - mkk_pika - main.py:45 - INFO - 正在下载:[母さんじゃなきゃダメなんだっ！！ 母親以外的我都不要啦!! ]-[ほーすている]-[['長篇', '純愛', '單行本', '人妻', 'NTR']]-[total_pages:194]
2026-09-14 01:03:44 - mkk_pika - main.py:49 - INFO - [{'_id': '5cc5d7800b6dda4ad7bbfe67', 'title': '母親節獻禮的單行本', 'order': 1, 'updated_at': '2019-04-24T18:00:46.420Z', 'id': '5cc5d7800b6dda4ad7bbfe67'}]
2026-09-14 01:03:44 - mkk_pika - database.py:215 - INFO - 第一次下载该漫画，记录数据库中
2026-09-14 01:03:46 - mkk_pika - main.py:83 - INFO - 找到 194 张图片在:母親節獻禮的單行本
2026-09-14 01:03:53 - mkk_pika - main.py:112 - INFO - [episode:母親節獻禮的單行本 ] downloaded:   194, total: 194, progress:100%
2026-09-14 01:03:53 - mkk_pika - database.py:238 - INFO - 数据库更新已下载章节
2026-09-14 01:03:53 - mkk_pika - database.py:244 - INFO - 该漫画已下载章节如下
2026-09-14 01:03:53 - mkk_pika - database.py:245 - INFO - ['母親節獻禮的單行本']
2026-09-14 01:03:55 - mkk_pika - main.py:348 - INFO - ==================== 漫画信息 ====================
                                   漫画ID：5cc5d7800b6dda4ad7bbfe66
                                   标题：母さんじゃなきゃダメなんだっ！！ 母親以外的我都不要啦!! 
                                   作者：ほーすている
                                   是否完结：是
                                   总页数：194
                                   分类：長篇,純愛,單行本,人妻,NTR
                                   章节数：1
                                   最后更新时间：2019-04-28T16:40:32.647Z
                                   =================================================
2026-09-14 01:03:55 - mkk_pika - database.py:101 - INFO - 保存成功：母さんじゃなきゃダメなんだっ！！ 母親以外的我都不要啦!! 
2026-09-14 01:03:55 - mkk_pika - main.py:35 - INFO - 开始检查(BanG Dreamer's Party! 5th STAGE) 3分経ったら召し上がれ (BanG Dream!) [中国翻訳]是否存在未下载章节
2026-09-14 01:03:55 - mkk_pika - main.py:45 - INFO - 正在下载:[(BanG Dreamer's Party! 5th STAGE) 3分経ったら召し上がれ (BanG Dream!) [中国翻訳]]-[ドクターストップ (無糖そうだ)]-[['短篇', '同人', '純愛', '百合花園']]-[total_pages:22]
2026-09-14 01:03:55 - mkk_pika - main.py:49 - INFO - [{'_id': '5cc5d8b4200af34aa7891821', 'title': '第1集', 'order': 1, 'updated_at': '2019-04-28T13:12:39.932Z', 'id': '5cc5d8b4200af34aa7891821'}]
2026-09-14 01:03:55 - mkk_pika - database.py:215 - INFO - 第一次下载该漫画，记录数据库中
2026-09-14 01:03:56 - mkk_pika - main.py:83 - INFO - 找到 22 张图片在:第1集
2026-09-14 01:03:57 - mkk_pika - main.py:112 - INFO - [episode:第1集       ] downloaded:    22, total:  22, progress:100%
2026-09-14 01:03:57 - mkk_pika - database.py:238 - INFO - 数据库更新已下载章节
2026-09-14 01:03:57 - mkk_pika - database.py:244 - INFO - 该漫画已下载章节如下
2026-09-14 01:03:57 - mkk_pika - database.py:245 - INFO - ['第1集']
2026-09-14 01:03:58 - mkk_pika - main.py:348 - INFO - ==================== 漫画信息 ====================
                                   漫画ID：5cc5d8b4200af34aa7891820
                                   标题：(BanG Dreamer's Party! 5th STAGE) 3分経ったら召し上がれ (BanG Dream!) [中国翻訳]
                                   作者：ドクターストップ (無糖そうだ)
                                   是否完结：是
                                   总页数：22
                                   分类：短篇,同人,純愛,百合花園
                                   章节数：1
                                   最后更新时间：2019-04-28T16:45:40.553Z
                                   =================================================
2026-09-14 01:03:58 - mkk_pika - database.py:101 - INFO - 保存成功：(BanG Dreamer's Party! 5th STAGE) 3分経ったら召し上がれ (BanG Dream!) [中国翻訳]
2026-09-14 01:03:58 - mkk_pika - main.py:35 - INFO - 开始检查MARS EXPLORER  ヒナ [中国翻訳] [DL版]是否存在未下载章节
2026-09-14 01:03:59 - mkk_pika - main.py:45 - INFO - 正在下载:[MARS EXPLORER  ヒナ [中国翻訳] [DL版]]-[NEW ぼき屋 (たかりょー)]-[['短篇', 'NTR', '人妻']]-[total_pages:280]
2026-09-14 01:03:59 - mkk_pika - main.py:49 - INFO - [{'_id': '5cbc2c264af82a50baf9ac9a', 'title': '第1集', 'order': 1, 'updated_at': '2019-04-21T03:10:35.698Z', 'id': '5cbc2c264af82a50baf9ac9a'}, {'_id': '5cbddd8590707c7edc5e28f6', 'title': '第2集', 'order': 2, 'updated_at': '2019-04-22T12:45:14.900Z', 'id': '5cbddd8590707c7edc5e28f6'}, {'_id': '5cc034a624f7db50ed3ac1a3', 'title': '第3集', 'order': 3, 'updated_at': '2019-04-24T02:43:12.115Z', 'id': '5cc034a624f7db50ed3ac1a3'}, {'_id': '5cc5da30180dd810f47229c6', 'title': '第4集', 'order': 4, 'updated_at': '2019-04-28T14:02:44.565Z', 'id': '5cc5da30180dd810f47229c6'}]
2026-09-14 01:03:59 - mkk_pika - database.py:215 - INFO - 第一次下载该漫画，记录数据库中
2026-09-14 01:03:59 - mkk_pika - main.py:83 - INFO - 找到 44 张图片在:第1集
2026-09-14 01:04:02 - mkk_pika - main.py:112 - INFO - [episode:第1集       ] downloaded:    44, total:  44, progress:100%
2026-09-14 01:04:02 - mkk_pika - database.py:238 - INFO - 数据库更新已下载章节
2026-09-14 01:04:02 - mkk_pika - database.py:244 - INFO - 该漫画已下载章节如下
2026-09-14 01:04:02 - mkk_pika - database.py:245 - INFO - ['第1集']
2026-09-14 01:04:04 - mkk_pika - main.py:83 - INFO - 找到 66 张图片在:第2集
2026-09-14 01:04:07 - mkk_pika - main.py:112 - INFO - [episode:第2集       ] downloaded:    66, total:  66, progress:100%
2026-09-14 01:04:07 - mkk_pika - database.py:238 - INFO - 数据库更新已下载章节
2026-09-14 01:04:07 - mkk_pika - database.py:244 - INFO - 该漫画已下载章节如下
2026-09-14 01:04:07 - mkk_pika - database.py:245 - INFO - ['第1集', '第2集']
2026-09-14 01:04:10 - mkk_pika - main.py:83 - INFO - 找到 100 张图片在:第3集
2026-09-14 01:04:15 - mkk_pika - main.py:112 - INFO - [episode:第3集       ] downloaded:   100, total: 100, progress:100%
2026-09-14 01:04:15 - mkk_pika - database.py:238 - INFO - 数据库更新已下载章节
2026-09-14 01:04:15 - mkk_pika - database.py:244 - INFO - 该漫画已下载章节如下
2026-09-14 01:04:15 - mkk_pika - database.py:245 - INFO - ['第1集', '第2集', '第3集']
2026-09-14 01:04:17 - mkk_pika - main.py:83 - INFO - 找到 70 张图片在:第4集
2026-09-14 01:04:20 - mkk_pika - main.py:112 - INFO - [episode:第4集       ] downloaded:    70, total:  70, progress:100%
2026-09-14 01:04:20 - mkk_pika - database.py:238 - INFO - 数据库更新已下载章节
2026-09-14 01:04:20 - mkk_pika - database.py:244 - INFO - 该漫画已下载章节如下
2026-09-14 01:04:20 - mkk_pika - database.py:245 - INFO - ['第1集', '第2集', '第3集', '第4集']
2026-09-14 01:04:22 - mkk_pika - main.py:348 - INFO - ==================== 漫画信息 ====================
                                   漫画ID：5cbc2c264af82a50baf9ac99
                                   标题：MARS EXPLORER  ヒナ [中国翻訳] [DL版]
                                   作者：NEW ぼき屋 (たかりょー)
                                   是否完结：是
                                   总页数：280
                                   分类：短篇,NTR,人妻
                                   章节数：4
                                   最后更新时间：2019-04-28T16:52:00.077Z
                                   =================================================
2026-09-14 01:04:22 - mkk_pika - database.py:101 - INFO - 保存成功：MARS EXPLORER  ヒナ [中国翻訳] [DL版]
2026-09-14 01:04:22 - mkk_pika - main.py:35 - INFO - 开始检查(C95) そんな挑発に誰がうおおおおッッッ!! (艦隊これくしょん -艦これ-)[中国翻訳]是否存在未下载章节
2026-09-14 01:04:22 - mkk_pika - main.py:45 - INFO - 正在下载:[(C95) そんな挑発に誰がうおおおおッッッ!! (艦隊これくしょん -艦これ-)[中国翻訳]]-[虎小屋敷 (リチョウ)]-[['短篇', '同人', '艦隊收藏']]-[total_pages:28]
2026-09-14 01:04:22 - mkk_pika - main.py:49 - INFO - [{'_id': '5cc7290edd2cb5094c05e8c6', 'title': '第1集', 'order': 1, 'updated_at': '2019-04-28T05:38:12.687Z', 'id': '5cc7290edd2cb5094c05e8c6'}]
2026-09-14 01:04:22 - mkk_pika - database.py:215 - INFO - 第一次下载该漫画，记录数据库中
2026-09-14 01:04:23 - mkk_pika - main.py:83 - INFO - 找到 28 张图片在:第1集
2026-09-14 01:04:24 - mkk_pika - main.py:112 - INFO - [episode:第1集       ] downloaded:    28, total:  28, progress:100%
2026-09-14 01:04:24 - mkk_pika - database.py:238 - INFO - 数据库更新已下载章节
2026-09-14 01:04:24 - mkk_pika - database.py:244 - INFO - 该漫画已下载章节如下
2026-09-14 01:04:24 - mkk_pika - database.py:245 - INFO - ['第1集']
2026-09-14 01:04:25 - mkk_pika - main.py:348 - INFO - ==================== 漫画信息 ====================
                                   漫画ID：5cc7290edd2cb5094c05e8c5
                                   标题：(C95) そんな挑発に誰がうおおおおッッッ!! (艦隊これくしょん -艦これ-)[中国翻訳]
                                   作者：虎小屋敷 (リチョウ)
                                   是否完结：是
                                   总页数：28
                                   分类：短篇,同人,艦隊收藏
                                   章节数：1
                                   最后更新时间：2019-04-29T16:40:46.370Z
                                   =================================================
2026-09-14 01:04:25 - mkk_pika - database.py:101 - INFO - 保存成功：(C95) そんな挑発に誰がうおおおおッッッ!! (艦隊これくしょん -艦これ-)[中国翻訳]
2026-09-14 01:04:25 - mkk_pika - main.py:35 - INFO - 开始检查 (C85) 武蔵の体温 (艦隊これくしょん -艦これ-)是否存在未下载章节
2026-09-14 01:04:26 - mkk_pika - main.py:45 - INFO - 正在下载:[ (C85) 武蔵の体温 (艦隊これくしょん -艦これ-)]-[黒錦 (タカハル)]-[['短篇', '同人', '艦隊收藏']]-[total_pages:31]
2026-09-14 01:04:26 - mkk_pika - main.py:49 - INFO - [{'_id': '5cc72a19737f500856944256', 'title': '第1集', 'order': 1, 'updated_at': '2019-04-28T14:28:32.036Z', 'id': '5cc72a19737f500856944256'}]
2026-09-14 01:04:26 - mkk_pika - database.py:215 - INFO - 第一次下载该漫画，记录数据库中
2026-09-14 01:04:26 - mkk_pika - main.py:83 - INFO - 找到 31 张图片在:第1集
2026-09-14 01:04:28 - mkk_pika - main.py:112 - INFO - [episode:第1集       ] downloaded:    31, total:  31, progress:100%
2026-09-14 01:04:28 - mkk_pika - database.py:238 - INFO - 数据库更新已下载章节
2026-09-14 01:04:28 - mkk_pika - database.py:244 - INFO - 该漫画已下载章节如下
2026-09-14 01:04:28 - mkk_pika - database.py:245 - INFO - ['第1集']
2026-09-14 01:04:29 - mkk_pika - main.py:348 - INFO - ==================== 漫画信息 ====================
                                   漫画ID：5cc72a19737f500856944255
                                   标题： (C85) 武蔵の体温 (艦隊これくしょん -艦これ-)
                                   作者：黒錦 (タカハル)
                                   是否完结：否
                                   总页数：31
                                   分类：短篇,同人,艦隊收藏
                                   章节数：1
                                   最后更新时间：2019-04-29T16:45:13.534Z
                                   =================================================
2026-09-14 01:04:29 - mkk_pika - database.py:101 - INFO - 保存成功： (C85) 武蔵の体温 (艦隊これくしょん -艦これ-)
2026-09-14 01:04:29 - mkk_pika - main.py:35 - INFO - 开始检查 イジメラレ～「女」の僕と飼い主3人～ 11是否存在未下载章节
2026-09-14 01:04:30 - mkk_pika - main.py:45 - INFO - 正在下载:[ イジメラレ～「女」の僕と飼い主3人～ 11]-[早乙女もこ乃]-[['同人', '長篇', '性轉換']]-[total_pages:49]
2026-09-14 01:04:30 - mkk_pika - main.py:49 - INFO - [{'_id': '5cc72a38dd2cb5094c05e8ea', 'title': '第1集', 'order': 1, 'updated_at': '2019-04-28T14:54:30.721Z', 'id': '5cc72a38dd2cb5094c05e8ea'}]
2026-09-14 01:04:30 - mkk_pika - database.py:215 - INFO - 第一次下载该漫画，记录数据库中
2026-09-14 01:04:31 - mkk_pika - main.py:83 - INFO - 找到 49 张图片在:第1集
2026-09-14 01:04:33 - mkk_pika - main.py:112 - INFO - [episode:第1集       ] downloaded:    49, total:  49, progress:100%
2026-09-14 01:04:33 - mkk_pika - database.py:238 - INFO - 数据库更新已下载章节
2026-09-14 01:04:33 - mkk_pika - database.py:244 - INFO - 该漫画已下载章节如下
2026-09-14 01:04:33 - mkk_pika - database.py:245 - INFO - ['第1集']
2026-09-14 01:04:34 - mkk_pika - main.py:348 - INFO - ==================== 漫画信息 ====================
                                   漫画ID：5cc72a38dd2cb5094c05e8e9
                                   标题： イジメラレ～「女」の僕と飼い主3人～ 11
                                   作者：早乙女もこ乃
                                   是否完结：否
                                   总页数：49
                                   分类：同人,長篇,性轉換
                                   章节数：1
                                   最后更新时间：2019-04-29T16:45:44.491Z
                                   =================================================
2026-09-14 01:04:34 - mkk_pika - database.py:101 - INFO - 保存成功： イジメラレ～「女」の僕と飼い主3人～ 11
2026-09-14 01:04:34 - mkk_pika - main.py:35 - INFO - 开始检查欲求不満の人妻は… [中国翻訳]是否存在未下载章节
2026-09-14 01:04:35 - mkk_pika - main.py:45 - INFO - 正在下载:[欲求不満の人妻は… [中国翻訳]]-[野石竹]-[['短篇', 'NTR', '人妻']]-[total_pages:20]
2026-09-14 01:04:35 - mkk_pika - main.py:49 - INFO - [{'_id': '5cc72a750aa7ea093cfcbaa8', 'title': '第1集', 'order': 1, 'updated_at': '2019-04-28T15:14:08.504Z', 'id': '5cc72a750aa7ea093cfcbaa8'}]
2026-09-14 01:04:35 - mkk_pika - database.py:215 - INFO - 第一次下载该漫画，记录数据库中
2026-09-14 01:04:35 - mkk_pika - main.py:83 - INFO - 找到 20 张图片在:第1集
2026-09-14 01:04:37 - mkk_pika - main.py:112 - INFO - [episode:第1集       ] downloaded:    20, total:  20, progress:100%
2026-09-14 01:04:37 - mkk_pika - database.py:238 - INFO - 数据库更新已下载章节
2026-09-14 01:04:37 - mkk_pika - database.py:244 - INFO - 该漫画已下载章节如下
2026-09-14 01:04:37 - mkk_pika - database.py:245 - INFO - ['第1集']
2026-09-14 01:04:38 - mkk_pika - main.py:348 - INFO - ==================== 漫画信息 ====================
                                   漫画ID：5cc72a740aa7ea093cfcbaa7
                                   标题：欲求不満の人妻は… [中国翻訳]
                                   作者：野石竹
                                   是否完结：是
                                   总页数：20
                                   分类：短篇,NTR,人妻
                                   章节数：1
                                   最后更新时间：2019-04-29T16:46:44.894Z
                                   =================================================
2026-09-14 01:04:38 - mkk_pika - database.py:101 - INFO - 保存成功：欲求不満の人妻は… [中国翻訳]
2026-09-14 01:04:38 - mkk_pika - main.py:35 - INFO - 开始检查ケモ奴ル [FANBOX]是否存在未下载章节
2026-09-14 01:04:39 - mkk_pika - main.py:45 - INFO - 正在下载:[ケモ奴ル [FANBOX]]-[きづきあきづき]-[['短篇', '同人', '非人類']]-[total_pages:31]
2026-09-14 01:04:39 - mkk_pika - main.py:49 - INFO - [{'_id': '5cc72a9d202be60952856165', 'title': '第1集', 'order': 1, 'updated_at': '2019-04-28T15:04:25.029Z', 'id': '5cc72a9d202be60952856165'}]
2026-09-14 01:04:39 - mkk_pika - database.py:215 - INFO - 第一次下载该漫画，记录数据库中
2026-09-14 01:04:39 - mkk_pika - main.py:83 - INFO - 找到 31 张图片在:第1集
2026-09-14 01:04:41 - mkk_pika - main.py:112 - INFO - [episode:第1集       ] downloaded:    31, total:  31, progress:100%
2026-09-14 01:04:41 - mkk_pika - database.py:238 - INFO - 数据库更新已下载章节
2026-09-14 01:04:41 - mkk_pika - database.py:244 - INFO - 该漫画已下载章节如下
2026-09-14 01:04:41 - mkk_pika - database.py:245 - INFO - ['第1集']
2026-09-14 01:04:42 - mkk_pika - main.py:348 - INFO - ==================== 漫画信息 ====================
                                   漫画ID：5cc72a9c202be60952856164
                                   标题：ケモ奴ル [FANBOX]
                                   作者：きづきあきづき
                                   是否完结：否
                                   总页数：31
                                   分类：短篇,同人,非人類
                                   章节数：1
                                   最后更新时间：2019-04-29T16:47:24.963Z
                                   =================================================
2026-09-14 01:04:42 - mkk_pika - database.py:101 - INFO - 保存成功：ケモ奴ル [FANBOX]
2026-09-14 01:04:42 - mkk_pika - main.py:35 - INFO - 开始检查信长老师有个萝莉老婆是否存在未下载章节
2026-09-14 01:04:42 - mkk_pika - main.py:45 - INFO - 正在下载:[信长老师有个萝莉老婆]-[紺野あずれ]-[['長篇', '純愛', '後宮閃光']]-[total_pages:164]
2026-09-14 01:04:42 - mkk_pika - main.py:49 - INFO - [{'_id': '5cc72abf737f50085694427a', 'title': '第1集', 'order': 1, 'updated_at': '2019-04-28T15:23:48.203Z', 'id': '5cc72abf737f50085694427a'}, {'_id': '5cc72abf737f50085694427b', 'title': '第2集', 'order': 2, 'updated_at': '2019-04-28T15:25:46.049Z', 'id': '5cc72abf737f50085694427b'}, {'_id': '5cc72abf737f50085694427c', 'title': '第3集', 'order': 3, 'updated_at': '2019-04-28T15:28:28.467Z', 'id': '5cc72abf737f50085694427c'}, {'_id': '5cc72abf737f50085694427d', 'title': '第4集', 'order': 4, 'updated_at': '2019-04-28T15:32:25.220Z', 'id': '5cc72abf737f50085694427d'}, {'_id': '5cc72abf737f50085694427e', 'title': '第5集', 'order': 5, 'updated_at': '2019-04-28T15:34:11.675Z', 'id': '5cc72abf737f50085694427e'}]
2026-09-14 01:04:42 - mkk_pika - database.py:215 - INFO - 第一次下载该漫画，记录数据库中
2026-09-14 01:04:43 - mkk_pika - main.py:83 - INFO - 找到 37 张图片在:第1集
2026-09-14 01:04:45 - mkk_pika - main.py:112 - INFO - [episode:第1集       ] downloaded:    37, total:  37, progress:100%
2026-09-14 01:04:45 - mkk_pika - database.py:238 - INFO - 数据库更新已下载章节
2026-09-14 01:04:45 - mkk_pika - database.py:244 - INFO - 该漫画已下载章节如下
2026-09-14 01:04:45 - mkk_pika - database.py:245 - INFO - ['第1集']
2026-09-14 01:04:47 - mkk_pika - main.py:83 - INFO - 找到 32 张图片在:第2集
2026-09-14 01:04:49 - mkk_pika - main.py:112 - INFO - [episode:第2集       ] downloaded:    32, total:  32, progress:100%
2026-09-14 01:04:49 - mkk_pika - database.py:238 - INFO - 数据库更新已下载章节
2026-09-14 01:04:49 - mkk_pika - database.py:244 - INFO - 该漫画已下载章节如下
2026-09-14 01:04:49 - mkk_pika - database.py:245 - INFO - ['第1集', '第2集']
2026-09-14 01:04:50 - mkk_pika - main.py:83 - INFO - 找到 31 张图片在:第3集
2026-09-14 01:04:53 - mkk_pika - main.py:112 - INFO - [episode:第3集       ] downloaded:    31, total:  31, progress:100%
2026-09-14 01:04:53 - mkk_pika - database.py:238 - INFO - 数据库更新已下载章节
2026-09-14 01:04:53 - mkk_pika - database.py:244 - INFO - 该漫画已下载章节如下
2026-09-14 01:04:53 - mkk_pika - database.py:245 - INFO - ['第1集', '第2集', '第3集']
2026-09-14 01:04:54 - mkk_pika - main.py:83 - INFO - 找到 31 张图片在:第4集
2026-09-14 01:04:56 - mkk_pika - main.py:112 - INFO - [episode:第4集       ] downloaded:    31, total:  31, progress:100%
2026-09-14 01:04:56 - mkk_pika - database.py:238 - INFO - 数据库更新已下载章节
2026-09-14 01:04:56 - mkk_pika - database.py:244 - INFO - 该漫画已下载章节如下
2026-09-14 01:04:56 - mkk_pika - database.py:245 - INFO - ['第1集', '第2集', '第3集', '第4集']
2026-09-14 01:04:58 - mkk_pika - main.py:83 - INFO - 找到 33 张图片在:第5集
2026-09-14 01:05:00 - mkk_pika - main.py:112 - INFO - [episode:第5集       ] downloaded:    33, total:  33, progress:100%
2026-09-14 01:05:00 - mkk_pika - database.py:238 - INFO - 数据库更新已下载章节
2026-09-14 01:05:00 - mkk_pika - database.py:244 - INFO - 该漫画已下载章节如下
2026-09-14 01:05:00 - mkk_pika - database.py:245 - INFO - ['第1集', '第2集', '第3集', '第4集', '第5集']
2026-09-14 01:05:01 - mkk_pika - main.py:348 - INFO - ==================== 漫画信息 ====================
                                   漫画ID：5cc72abf737f500856944279
                                   标题：信长老师有个萝莉老婆
                                   作者：紺野あずれ
                                   是否完结：否
                                   总页数：164
                                   分类：長篇,純愛,後宮閃光
                                   章节数：5
                                   最后更新时间：2019-04-29T16:47:59.448Z
                                   =================================================
2026-09-14 01:05:01 - mkk_pika - database.py:101 - INFO - 保存成功：信长老师有个萝莉老婆
2026-09-14 01:05:01 - mkk_pika - main.py:35 - INFO - 开始检查(C90)煌盾装騎エルセイン 『恥虐の隷獄島』 [中国翻訳]是否存在未下载章节
2026-09-14 01:05:01 - mkk_pika - main.py:45 - INFO - 正在下载:[(C90)煌盾装騎エルセイン 『恥虐の隷獄島』 [中国翻訳]]-[FONETRASON (竜灯おりす)]-[['短篇', '非人類']]-[total_pages:34]
2026-09-14 01:05:01 - mkk_pika - main.py:49 - INFO - [{'_id': '5cc72ae50aa7ea093cfcbae0', 'title': '第1集', 'order': 1, 'updated_at': '2019-04-28T16:07:57.006Z', 'id': '5cc72ae50aa7ea093cfcbae0'}]
2026-09-14 01:05:01 - mkk_pika - database.py:215 - INFO - 第一次下载该漫画，记录数据库中
2026-09-14 01:05:02 - mkk_pika - main.py:83 - INFO - 找到 34 张图片在:第1集
2026-09-14 01:05:04 - mkk_pika - main.py:112 - INFO - [episode:第1集       ] downloaded:    34, total:  34, progress:100%
2026-09-14 01:05:04 - mkk_pika - database.py:238 - INFO - 数据库更新已下载章节
2026-09-14 01:05:04 - mkk_pika - database.py:244 - INFO - 该漫画已下载章节如下
2026-09-14 01:05:04 - mkk_pika - database.py:245 - INFO - ['第1集']
2026-09-14 01:05:05 - mkk_pika - main.py:348 - INFO - ==================== 漫画信息 ====================
                                   漫画ID：5cc72ae50aa7ea093cfcbadf
                                   标题：(C90)煌盾装騎エルセイン 『恥虐の隷獄島』 [中国翻訳]
                                   作者：FONETRASON (竜灯おりす)
                                   是否完结：是
                                   总页数：34
                                   分类：短篇,非人類
                                   章节数：1
                                   最后更新时间：2019-04-29T16:48:37.292Z
                                   =================================================
2026-09-14 01:05:05 - mkk_pika - database.py:101 - INFO - 保存成功：(C90)煌盾装騎エルセイン 『恥虐の隷獄島』 [中国翻訳]
2026-09-14 01:05:05 - mkk_pika - main.py:35 - INFO - 开始检查勇者敗北～魔王に敗れメス堕ちさせられた勇者の物語～ [中国翻訳]是否存在未下载章节
2026-09-14 01:05:06 - mkk_pika - main.py:45 - INFO - 正在下载:[勇者敗北～魔王に敗れメス堕ちさせられた勇者の物語～ [中国翻訳]]-[三毛蔵亭]-[['短篇', '非人類']]-[total_pages:34]
2026-09-14 01:05:06 - mkk_pika - main.py:49 - INFO - [{'_id': '5cc72c649dfcb1094296b7ee', 'title': '第1集', 'order': 1, 'updated_at': '2019-04-28T17:42:13.391Z', 'id': '5cc72c649dfcb1094296b7ee'}]
2026-09-14 01:05:06 - mkk_pika - database.py:215 - INFO - 第一次下载该漫画，记录数据库中
2026-09-14 01:05:06 - mkk_pika - main.py:83 - INFO - 找到 34 张图片在:第1集
2026-09-14 01:05:08 - mkk_pika - main.py:112 - INFO - [episode:第1集       ] downloaded:    34, total:  34, progress:100%
2026-09-14 01:05:08 - mkk_pika - database.py:238 - INFO - 数据库更新已下载章节
2026-09-14 01:05:08 - mkk_pika - database.py:244 - INFO - 该漫画已下载章节如下
2026-09-14 01:05:08 - mkk_pika - database.py:245 - INFO - ['第1集']
2026-09-14 01:05:10 - mkk_pika - main.py:348 - INFO - ==================== 漫画信息 ====================
                                   漫画ID：5cc72c649dfcb1094296b7ed
                                   标题：勇者敗北～魔王に敗れメス堕ちさせられた勇者の物語～ [中国翻訳]
                                   作者：三毛蔵亭
                                   是否完结：是
                                   总页数：34
                                   分类：短篇,非人類
                                   章节数：1
                                   最后更新时间：2019-04-29T16:55:00.715Z
                                   =================================================
2026-09-14 01:05:10 - mkk_pika - database.py:101 - INFO - 保存成功：勇者敗北～魔王に敗れメス堕ちさせられた勇者の物語～ [中国翻訳]
2026-09-14 01:05:10 - mkk_pika - main.py:35 - INFO - 开始检查田舎のペンション (コミックホットミルク濃いめ vol.15) [中国翻訳] [DL版]是否存在未下载章节
2026-09-14 01:05:10 - mkk_pika - main.py:45 - INFO - 正在下载:[田舎のペンション (コミックホットミルク濃いめ vol.15) [中国翻訳] [DL版]]-[白野じん]-[['短篇']]-[total_pages:16]
2026-09-14 01:05:10 - mkk_pika - main.py:49 - INFO - [{'_id': '5cc72ca4c95f9a096a954462', 'title': '第1集', 'order': 1, 'updated_at': '2019-04-28T20:52:40.614Z', 'id': '5cc72ca4c95f9a096a954462'}]
2026-09-14 01:05:10 - mkk_pika - database.py:215 - INFO - 第一次下载该漫画，记录数据库中
2026-09-14 01:05:11 - mkk_pika - main.py:83 - INFO - 找到 16 张图片在:第1集
2026-09-14 01:05:12 - mkk_pika - main.py:112 - INFO - [episode:第1集       ] downloaded:    16, total:  16, progress:100%
2026-09-14 01:05:12 - mkk_pika - database.py:238 - INFO - 数据库更新已下载章节
2026-09-14 01:05:12 - mkk_pika - database.py:244 - INFO - 该漫画已下载章节如下
2026-09-14 01:05:12 - mkk_pika - database.py:245 - INFO - ['第1集']
2026-09-14 01:05:13 - mkk_pika - main.py:348 - INFO - ==================== 漫画信息 ====================
                                   漫画ID：5cc72ca4c95f9a096a954461
                                   标题：田舎のペンション (コミックホットミルク濃いめ vol.15) [中国翻訳] [DL版]
                                   作者：白野じん
                                   是否完结：是
                                   总页数：16
                                   分类：短篇
                                   章节数：1
                                   最后更新时间：2019-04-29T16:56:04.565Z
                                   =================================================
2026-09-14 01:05:13 - mkk_pika - database.py:101 - INFO - 保存成功：田舎のペンション (コミックホットミルク濃いめ vol.15) [中国翻訳] [DL版]
2026-09-14 01:05:13 - mkk_pika - main.py:35 - INFO - 开始检查保健室で (COMIC ペンギンセレブ 2014年9月号) [中国翻訳]是否存在未下载章节
2026-09-14 01:05:13 - mkk_pika - main.py:45 - INFO - 正在下载:[保健室で (COMIC ペンギンセレブ 2014年9月号) [中国翻訳]]-[東磨樹]-[['短篇', '純愛']]-[total_pages:16]
2026-09-14 01:05:13 - mkk_pika - main.py:49 - INFO - [{'_id': '5cc72cbedd2cb5094c05e926', 'title': '第1集', 'order': 1, 'updated_at': '2019-04-28T20:58:56.805Z', 'id': '5cc72cbedd2cb5094c05e926'}]
2026-09-14 01:05:13 - mkk_pika - database.py:215 - INFO - 第一次下载该漫画，记录数据库中
2026-09-14 01:05:14 - mkk_pika - main.py:83 - INFO - 找到 16 张图片在:第1集
2026-09-14 01:05:15 - mkk_pika - main.py:112 - INFO - [episode:第1集       ] downloaded:    16, total:  16, progress:100%
2026-09-14 01:05:15 - mkk_pika - database.py:238 - INFO - 数据库更新已下载章节
2026-09-14 01:05:15 - mkk_pika - database.py:244 - INFO - 该漫画已下载章节如下
2026-09-14 01:05:15 - mkk_pika - database.py:245 - INFO - ['第1集']
2026-09-14 01:05:16 - mkk_pika - main.py:348 - INFO - ==================== 漫画信息 ====================
                                   漫画ID：5cc72cbedd2cb5094c05e925
                                   标题：保健室で (COMIC ペンギンセレブ 2014年9月号) [中国翻訳]
                                   作者：東磨樹
                                   是否完结：是
                                   总页数：16
                                   分类：短篇,純愛
                                   章节数：1
                                   最后更新时间：2019-04-29T16:56:30.815Z
                                   =================================================
2026-09-14 01:05:16 - mkk_pika - database.py:101 - INFO - 保存成功：保健室で (COMIC ペンギンセレブ 2014年9月号) [中国翻訳]
2026-09-14 01:05:16 - mkk_pika - main.py:35 - INFO - 开始检查(サンクリ2019 Spring) 妹はかけ算ができる是否存在未下载章节
2026-09-14 01:05:17 - mkk_pika - main.py:45 - INFO - 正在下载:[(サンクリ2019 Spring) 妹はかけ算ができる]-[squeezecandyheaven (いちはや)]-[['短篇', '妹妹系']]-[total_pages:32]
2026-09-14 01:05:17 - mkk_pika - main.py:49 - INFO - [{'_id': '5cc72d9d84258e0970e30f89', 'title': '第1集', 'order': 1, 'updated_at': '2019-04-29T05:28:54.041Z', 'id': '5cc72d9d84258e0970e30f89'}]
2026-09-14 01:05:17 - mkk_pika - database.py:215 - INFO - 第一次下载该漫画，记录数据库中
2026-09-14 01:05:17 - mkk_pika - main.py:83 - INFO - 找到 32 张图片在:第1集
2026-09-14 01:05:19 - mkk_pika - main.py:112 - INFO - [episode:第1集       ] downloaded:    32, total:  32, progress:100%
2026-09-14 01:05:19 - mkk_pika - database.py:238 - INFO - 数据库更新已下载章节
2026-09-14 01:05:19 - mkk_pika - database.py:244 - INFO - 该漫画已下载章节如下
2026-09-14 01:05:19 - mkk_pika - database.py:245 - INFO - ['第1集']
2026-09-14 01:05:21 - mkk_pika - main.py:348 - INFO - ==================== 漫画信息 ====================
                                   漫画ID：5cc72d9d84258e0970e30f88
                                   标题：(サンクリ2019 Spring) 妹はかけ算ができる
                                   作者：squeezecandyheaven (いちはや)
                                   是否完结：是
                                   总页数：32
                                   分类：短篇,妹妹系
                                   章节数：1
                                   最后更新时间：2019-04-29T17:00:13.548Z
                                   =================================================
2026-09-14 01:05:21 - mkk_pika - database.py:101 - INFO - 保存成功：(サンクリ2019 Spring) 妹はかけ算ができる
2026-09-14 01:05:21 - mkk_pika - main.py:35 - INFO - 开始检查ご注文はシャルロットですか？ (白猫プロジェクト)是否存在未下载章节
2026-09-14 01:05:21 - mkk_pika - main.py:45 - INFO - 正在下载:[ご注文はシャルロットですか？ (白猫プロジェクト)]-[BloodBerry (しぐまりお)]-[['短篇', '同人', '純愛']]-[total_pages:21]
2026-09-14 01:05:21 - mkk_pika - main.py:49 - INFO - [{'_id': '5cc72dd7737f50085694433d', 'title': '第1集', 'order': 1, 'updated_at': '2019-04-29T05:48:55.564Z', 'id': '5cc72dd7737f50085694433d'}]
2026-09-14 01:05:21 - mkk_pika - database.py:215 - INFO - 第一次下载该漫画，记录数据库中
2026-09-14 01:05:21 - mkk_pika - main.py:83 - INFO - 找到 21 张图片在:第1集
2026-09-14 01:05:23 - mkk_pika - main.py:112 - INFO - [episode:第1集       ] downloaded:    21, total:  21, progress:100%
2026-09-14 01:05:23 - mkk_pika - database.py:238 - INFO - 数据库更新已下载章节
2026-09-14 01:05:23 - mkk_pika - database.py:244 - INFO - 该漫画已下载章节如下
2026-09-14 01:05:23 - mkk_pika - database.py:245 - INFO - ['第1集']
2026-09-14 01:05:24 - mkk_pika - main.py:348 - INFO - ==================== 漫画信息 ====================
                                   漫画ID：5cc72dd7737f50085694433c
                                   标题：ご注文はシャルロットですか？ (白猫プロジェクト)
                                   作者：BloodBerry (しぐまりお)
                                   是否完结：是
                                   总页数：21
                                   分类：短篇,同人,純愛
                                   章节数：1
                                   最后更新时间：2019-04-29T17:01:11.848Z
                                   =================================================
2026-09-14 01:05:24 - mkk_pika - database.py:101 - INFO - 保存成功：ご注文はシャルロットですか？ (白猫プロジェクト)
2026-09-14 01:05:24 - mkk_pika - main.py:35 - INFO - 开始检查シスターだって××したい! 是否存在未下载章节
2026-09-14 01:05:24 - mkk_pika - main.py:45 - INFO - 正在下载:[シスターだって××したい! ]-[ANCHOR (武藤まと)]-[['短篇', '全彩', '純愛']]-[total_pages:12]
2026-09-14 01:05:24 - mkk_pika - main.py:49 - INFO - [{'_id': '5cc72e1800133807e7722fe5', 'title': '第1集', 'order': 1, 'updated_at': '2019-04-29T06:04:37.733Z', 'id': '5cc72e1800133807e7722fe5'}]
2026-09-14 01:05:24 - mkk_pika - database.py:215 - INFO - 第一次下载该漫画，记录数据库中
2026-09-14 01:05:25 - mkk_pika - main.py:83 - INFO - 找到 12 张图片在:第1集
2026-09-14 01:05:26 - mkk_pika - main.py:112 - INFO - [episode:第1集       ] downloaded:    12, total:  12, progress:100%
2026-09-14 01:05:26 - mkk_pika - database.py:238 - INFO - 数据库更新已下载章节
2026-09-14 01:05:26 - mkk_pika - database.py:244 - INFO - 该漫画已下载章节如下
2026-09-14 01:05:26 - mkk_pika - database.py:245 - INFO - ['第1集']
2026-09-14 01:05:27 - mkk_pika - main.py:348 - INFO - ==================== 漫画信息 ====================
                                   漫画ID：5cc72e1800133807e7722fe4
                                   标题：シスターだって××したい! 
                                   作者：ANCHOR (武藤まと)
                                   是否完结：是
                                   总页数：12
                                   分类：短篇,全彩,純愛
                                   章节数：1
                                   最后更新时间：2019-04-29T17:02:16.572Z
                                   =================================================
2026-09-14 01:05:27 - mkk_pika - database.py:101 - INFO - 保存成功：シスターだって××したい! 
2026-09-14 01:05:27 - mkk_pika - main.py:35 - INFO - 开始检查 バッドエンド勇者！！ (BAD END勇者!!)是否存在未下载章节
2026-09-14 01:05:27 - mkk_pika - main.py:45 - INFO - 正在下载:[ バッドエンド勇者！！ (BAD END勇者!!)]-[支配少女]-[['全彩', '短篇', '非人類', 'SM']]-[total_pages:75]
2026-09-14 01:05:27 - mkk_pika - main.py:49 - INFO - [{'_id': '5cc72e224586ea07ddbb949f', 'title': '第1集', 'order': 1, 'updated_at': '2019-04-29T06:06:46.391Z', 'id': '5cc72e224586ea07ddbb949f'}]
2026-09-14 01:05:27 - mkk_pika - database.py:215 - INFO - 第一次下载该漫画，记录数据库中
2026-09-14 01:05:28 - mkk_pika - main.py:83 - INFO - 找到 75 张图片在:第1集
2026-09-14 01:05:32 - mkk_pika - main.py:112 - INFO - [episode:第1集       ] downloaded:    75, total:  75, progress:100%
2026-09-14 01:05:32 - mkk_pika - database.py:238 - INFO - 数据库更新已下载章节
2026-09-14 01:05:32 - mkk_pika - database.py:244 - INFO - 该漫画已下载章节如下
2026-09-14 01:05:32 - mkk_pika - database.py:245 - INFO - ['第1集']
2026-09-14 01:05:34 - mkk_pika - main.py:348 - INFO - ==================== 漫画信息 ====================
                                   漫画ID：5cc72e224586ea07ddbb949e
                                   标题： バッドエンド勇者！！ (BAD END勇者!!)
                                   作者：支配少女
                                   是否完结：是
                                   总页数：75
                                   分类：全彩,短篇,非人類,SM
                                   章节数：1
                                   最后更新时间：2019-04-29T17:02:26.300Z
                                   =================================================
2026-09-14 01:05:34 - mkk_pika - database.py:101 - INFO - 保存成功： バッドエンド勇者！！ (BAD END勇者!!)
2026-09-14 01:05:34 - mkk_pika - main.py:35 - INFO - 开始检查＜愛して！ほむん増刊＞ほむんのきもち1 ちことせんせい是否存在未下载章节
2026-09-14 01:05:34 - mkk_pika - main.py:45 - INFO - 正在下载:[＜愛して！ほむん増刊＞ほむんのきもち1 ちことせんせい]-[いんとくいんふぉ (遠藤弘土)]-[['短篇', '全彩', '純愛']]-[total_pages:33]
2026-09-14 01:05:34 - mkk_pika - main.py:49 - INFO - [{'_id': '5cc72e33c95f9a096a95447a', 'title': '第1集', 'order': 1, 'updated_at': '2019-04-29T06:10:26.805Z', 'id': '5cc72e33c95f9a096a95447a'}]
2026-09-14 01:05:34 - mkk_pika - database.py:215 - INFO - 第一次下载该漫画，记录数据库中
2026-09-14 01:05:35 - mkk_pika - main.py:83 - INFO - 找到 33 张图片在:第1集
2026-09-14 01:05:37 - mkk_pika - main.py:112 - INFO - [episode:第1集       ] downloaded:    33, total:  33, progress:100%
2026-09-14 01:05:37 - mkk_pika - database.py:238 - INFO - 数据库更新已下载章节
2026-09-14 01:05:37 - mkk_pika - database.py:244 - INFO - 该漫画已下载章节如下
2026-09-14 01:05:37 - mkk_pika - database.py:245 - INFO - ['第1集']
2026-09-14 01:05:38 - mkk_pika - main.py:348 - INFO - ==================== 漫画信息 ====================
                                   漫画ID：5cc72e33c95f9a096a954479
                                   标题：＜愛して！ほむん増刊＞ほむんのきもち1 ちことせんせい
                                   作者：いんとくいんふぉ (遠藤弘土)
                                   是否完结：是
                                   总页数：33
                                   分类：短篇,全彩,純愛
                                   章节数：1
                                   最后更新时间：2019-04-29T17:02:43.518Z
                                   =================================================
2026-09-14 01:05:38 - mkk_pika - database.py:101 - INFO - 保存成功：＜愛して！ほむん増刊＞ほむんのきもち1 ちことせんせい
2026-09-14 01:05:38 - mkk_pika - main.py:35 - INFO - 开始检查やみつき！ | 快樂成癮! (小悪魔☆アラモード)是否存在未下载章节
2026-09-14 01:05:38 - mkk_pika - main.py:45 - INFO - 正在下载:[やみつき！ | 快樂成癮! (小悪魔☆アラモード)]-[逆又練物]-[['短篇']]-[total_pages:20]
2026-09-14 01:05:38 - mkk_pika - main.py:49 - INFO - [{'_id': '5cc72e41737f500856944363', 'title': '第1集', 'order': 1, 'updated_at': '2019-04-29T06:14:57.546Z', 'id': '5cc72e41737f500856944363'}]
2026-09-14 01:05:38 - mkk_pika - database.py:215 - INFO - 第一次下载该漫画，记录数据库中
2026-09-14 01:05:39 - mkk_pika - main.py:83 - INFO - 找到 20 张图片在:第1集
2026-09-14 01:05:40 - mkk_pika - main.py:112 - INFO - [episode:第1集       ] downloaded:    20, total:  20, progress:100%
2026-09-14 01:05:40 - mkk_pika - database.py:238 - INFO - 数据库更新已下载章节
2026-09-14 01:05:40 - mkk_pika - database.py:244 - INFO - 该漫画已下载章节如下
2026-09-14 01:05:40 - mkk_pika - database.py:245 - INFO - ['第1集']
2026-09-14 01:05:42 - mkk_pika - main.py:348 - INFO - ==================== 漫画信息 ====================
                                   漫画ID：5cc72e41737f500856944362
                                   标题：やみつき！ | 快樂成癮! (小悪魔☆アラモード)
                                   作者：逆又練物
                                   是否完结：是
                                   总页数：20
                                   分类：短篇
                                   章节数：1
                                   最后更新时间：2019-04-29T17:02:57.270Z
                                   =================================================
2026-09-14 01:05:42 - mkk_pika - database.py:101 - INFO - 保存成功：やみつき！ | 快樂成癮! (小悪魔☆アラモード)
2026-09-14 01:05:42 - mkk_pika - main.py:35 - INFO - 开始检查ストパンオナラ漫画 1-3 (ストライクウィッチーズ)是否存在未下载章节
2026-09-14 01:05:42 - mkk_pika - main.py:45 - INFO - 正在下载:[ストパンオナラ漫画 1-3 (ストライクウィッチーズ)]-[怪物を超えた怪物]-[['短篇', '同人']]-[total_pages:34]
2026-09-14 01:05:42 - mkk_pika - main.py:49 - INFO - [{'_id': '5cc72ea6428c9207d7315f28', 'title': '第1集', 'order': 1, 'updated_at': '2019-04-29T06:29:49.984Z', 'id': '5cc72ea6428c9207d7315f28'}]
2026-09-14 01:05:42 - mkk_pika - database.py:215 - INFO - 第一次下载该漫画，记录数据库中
2026-09-14 01:05:43 - mkk_pika - main.py:83 - INFO - 找到 34 张图片在:第1集
2026-09-14 01:05:45 - mkk_pika - main.py:112 - INFO - [episode:第1集       ] downloaded:    34, total:  34, progress:100%
2026-09-14 01:05:45 - mkk_pika - database.py:238 - INFO - 数据库更新已下载章节
2026-09-14 01:05:45 - mkk_pika - database.py:244 - INFO - 该漫画已下载章节如下
2026-09-14 01:05:45 - mkk_pika - database.py:245 - INFO - ['第1集']
2026-09-14 01:05:46 - mkk_pika - main.py:348 - INFO - ==================== 漫画信息 ====================
                                   漫画ID：5cc72ea6428c9207d7315f27
                                   标题：ストパンオナラ漫画 1-3 (ストライクウィッチーズ)
                                   作者：怪物を超えた怪物
                                   是否完结：是
                                   总页数：34
                                   分类：短篇,同人
                                   章节数：1
                                   最后更新时间：2019-04-29T17:04:38.060Z
                                   =================================================
2026-09-14 01:05:46 - mkk_pika - database.py:101 - INFO - 保存成功：ストパンオナラ漫画 1-3 (ストライクウィッチーズ)
2026-09-14 01:05:46 - mkk_pika - main.py:35 - INFO - 开始检查 露出オトメFantasy「王女は淫靡な見られまくり~ユナリア・フォン・ヴィトーリア~FINAL」是否存在未下载章节
2026-09-14 01:05:46 - mkk_pika - main.py:45 - INFO - 正在下载:[ 露出オトメFantasy「王女は淫靡な見られまくり~ユナリア・フォン・ヴィトーリア~FINAL」]-[ACTIVA (SMAC)]-[['短篇', '強暴', '全彩']]-[total_pages:57]
2026-09-14 01:05:46 - mkk_pika - main.py:49 - INFO - [{'_id': '5cc72eb7dd2cb5094c05e941', 'title': '第1集', 'order': 1, 'updated_at': '2019-04-29T06:37:21.557Z', 'id': '5cc72eb7dd2cb5094c05e941'}]
2026-09-14 01:05:46 - mkk_pika - database.py:215 - INFO - 第一次下载该漫画，记录数据库中
2026-09-14 01:05:47 - mkk_pika - main.py:83 - INFO - 找到 57 张图片在:第1集
2026-09-14 01:05:50 - mkk_pika - main.py:112 - INFO - [episode:第1集       ] downloaded:    57, total:  57, progress:100%
2026-09-14 01:05:50 - mkk_pika - database.py:238 - INFO - 数据库更新已下载章节
2026-09-14 01:05:50 - mkk_pika - database.py:244 - INFO - 该漫画已下载章节如下
2026-09-14 01:05:50 - mkk_pika - database.py:245 - INFO - ['第1集']
2026-09-14 01:05:52 - mkk_pika - main.py:348 - INFO - ==================== 漫画信息 ====================
                                   漫画ID：5cc72eb7dd2cb5094c05e940
                                   标题： 露出オトメFantasy「王女は淫靡な見られまくり~ユナリア・フォン・ヴィトーリア~FINAL」
                                   作者：ACTIVA (SMAC)
                                   是否完结：是
                                   总页数：57
                                   分类：短篇,強暴,全彩
                                   章节数：1
                                   最后更新时间：2019-04-29T17:04:55.358Z
                                   =================================================
2026-09-14 01:05:52 - mkk_pika - database.py:101 - INFO - 保存成功： 露出オトメFantasy「王女は淫靡な見られまくり~ユナリア・フォン・ヴィトーリア~FINAL」
2026-09-14 01:05:52 - mkk_pika - main.py:35 - INFO - 开始检查(C77) 式波アスカネムリヒメ (新世紀エヴァンゲリオン)是否存在未下载章节
2026-09-14 01:05:52 - mkk_pika - main.py:45 - INFO - 正在下载:[(C77) 式波アスカネムリヒメ (新世紀エヴァンゲリオン)]-[闇に蠢く (どくろさん)]-[['短篇', '同人']]-[total_pages:24]
2026-09-14 01:05:52 - mkk_pika - main.py:49 - INFO - [{'_id': '5cc72ec6428c9207d7315f4c', 'title': '第1集', 'order': 1, 'updated_at': '2019-04-29T06:42:14.194Z', 'id': '5cc72ec6428c9207d7315f4c'}]
2026-09-14 01:05:52 - mkk_pika - database.py:215 - INFO - 第一次下载该漫画，记录数据库中
2026-09-14 01:05:53 - mkk_pika - main.py:83 - INFO - 找到 24 张图片在:第1集
2026-09-14 01:05:54 - mkk_pika - main.py:112 - INFO - [episode:第1集       ] downloaded:    24, total:  24, progress:100%
2026-09-14 01:05:54 - mkk_pika - database.py:238 - INFO - 数据库更新已下载章节
2026-09-14 01:05:54 - mkk_pika - database.py:244 - INFO - 该漫画已下载章节如下
2026-09-14 01:05:54 - mkk_pika - database.py:245 - INFO - ['第1集']
2026-09-14 01:05:55 - mkk_pika - main.py:348 - INFO - ==================== 漫画信息 ====================
                                   漫画ID：5cc72ec6428c9207d7315f4b
                                   标题：(C77) 式波アスカネムリヒメ (新世紀エヴァンゲリオン)
                                   作者：闇に蠢く (どくろさん)
                                   是否完结：是
                                   总页数：24
                                   分类：短篇,同人
                                   章节数：1
                                   最后更新时间：2019-04-29T17:05:10.284Z
                                   =================================================
2026-09-14 01:05:55 - mkk_pika - database.py:101 - INFO - 保存成功：(C77) 式波アスカネムリヒメ (新世紀エヴァンゲリオン)
2026-09-14 01:05:55 - mkk_pika - main.py:35 - INFO - 开始检查 (コミティア119)  あの夏の日少女達はおじさんと出会った。是否存在未下载章节
2026-09-14 01:05:56 - mkk_pika - main.py:45 - INFO - 正在下载:[ (コミティア119)  あの夏の日少女達はおじさんと出会った。]-[SMS -Strawberry Milk Studio (るなるく)]-[['短篇', 'SM']]-[total_pages:60]
2026-09-14 01:05:56 - mkk_pika - main.py:49 - INFO - [{'_id': '5cc72f6ff6253508552e6950', 'title': '第1集', 'order': 1, 'updated_at': '2019-04-29T07:37:04.349Z', 'id': '5cc72f6ff6253508552e6950'}]
2026-09-14 01:05:56 - mkk_pika - database.py:215 - INFO - 第一次下载该漫画，记录数据库中
2026-09-14 01:05:57 - mkk_pika - main.py:83 - INFO - 找到 60 张图片在:第1集
2026-09-14 01:06:00 - mkk_pika - main.py:112 - INFO - [episode:第1集       ] downloaded:    60, total:  60, progress:100%
2026-09-14 01:06:00 - mkk_pika - database.py:238 - INFO - 数据库更新已下载章节
2026-09-14 01:06:00 - mkk_pika - database.py:244 - INFO - 该漫画已下载章节如下
2026-09-14 01:06:00 - mkk_pika - database.py:245 - INFO - ['第1集']
2026-09-14 01:06:01 - mkk_pika - main.py:348 - INFO - ==================== 漫画信息 ====================
                                   漫画ID：5cc72f6ff6253508552e694f
                                   标题： (コミティア119)  あの夏の日少女達はおじさんと出会った。
                                   作者：SMS -Strawberry Milk Studio (るなるく)
                                   是否完结：是
                                   总页数：60
                                   分类：短篇,SM
                                   章节数：1
                                   最后更新时间：2019-04-29T17:07:59.676Z
                                   =================================================
2026-09-14 01:06:01 - mkk_pika - database.py:101 - INFO - 保存成功： (コミティア119)  あの夏の日少女達はおじさんと出会った。
2026-09-14 01:06:01 - mkk_pika - main.py:35 - INFO - 开始检查(C95)  清姫と温泉えっちする本 (Fate/Grand Order)是否存在未下载章节
2026-09-14 01:06:01 - mkk_pika - main.py:45 - INFO - 正在下载:[(C95)  清姫と温泉えっちする本 (Fate/Grand Order)]-[Panda Cotta (ささくまきょうた)]-[['全彩', '短篇', '同人', '純愛', 'Fate']]-[total_pages:34]
2026-09-14 01:06:01 - mkk_pika - main.py:49 - INFO - [{'_id': '5cc28306f0799650f70129cf', 'title': '第1集', 'order': 1, 'updated_at': '2019-04-25T13:05:30.327Z', 'id': '5cc28306f0799650f70129cf'}, {'_id': '5cc72f9b0aa7ea093cfcbb40', 'title': '汉化', 'order': 2, 'updated_at': '2019-04-29T09:26:16.865Z', 'id': '5cc72f9b0aa7ea093cfcbb40'}]
2026-09-14 01:06:01 - mkk_pika - database.py:215 - INFO - 第一次下载该漫画，记录数据库中
2026-09-14 01:06:02 - mkk_pika - main.py:83 - INFO - 找到 16 张图片在:第1集
2026-09-14 01:06:03 - mkk_pika - main.py:112 - INFO - [episode:第1集       ] downloaded:    16, total:  16, progress:100%
2026-09-14 01:06:03 - mkk_pika - database.py:238 - INFO - 数据库更新已下载章节
2026-09-14 01:06:03 - mkk_pika - database.py:244 - INFO - 该漫画已下载章节如下
2026-09-14 01:06:03 - mkk_pika - database.py:245 - INFO - ['第1集']
2026-09-14 01:06:04 - mkk_pika - main.py:83 - INFO - 找到 18 张图片在:汉化
2026-09-14 01:06:06 - mkk_pika - main.py:112 - INFO - [episode:汉化        ] downloaded:    18, total:  18, progress:100%
2026-09-14 01:06:06 - mkk_pika - database.py:238 - INFO - 数据库更新已下载章节
2026-09-14 01:06:06 - mkk_pika - database.py:244 - INFO - 该漫画已下载章节如下
2026-09-14 01:06:06 - mkk_pika - database.py:245 - INFO - ['第1集', '汉化']
2026-09-14 01:06:07 - mkk_pika - main.py:348 - INFO - ==================== 漫画信息 ====================
                                   漫画ID：5cc28306f0799650f70129ce
                                   标题：(C95)  清姫と温泉えっちする本 (Fate/Grand Order)
                                   作者：Panda Cotta (ささくまきょうた)
                                   是否完结：是
                                   总页数：34
                                   分类：全彩,短篇,同人,純愛,Fate
                                   章节数：2
                                   最后更新时间：2019-04-29T17:08:43.238Z
                                   =================================================
2026-09-14 01:06:07 - mkk_pika - database.py:101 - INFO - 保存成功：(C95)  清姫と温泉えっちする本 (Fate/Grand Order)
2026-09-14 01:06:07 - mkk_pika - main.py:35 - INFO - 开始检查小人さんとえっちなことする [中国翻訳]是否存在未下载章节
2026-09-14 01:06:07 - mkk_pika - main.py:45 - INFO - 正在下载:[小人さんとえっちなことする [中国翻訳]]-[冬野みかん]-[['短篇', '全彩']]-[total_pages:14]
2026-09-14 01:06:07 - mkk_pika - main.py:49 - INFO - [{'_id': '5cc7305f84258e0970e30fd3', 'title': '第1集', 'order': 1, 'updated_at': '2019-04-29T10:24:55.255Z', 'id': '5cc7305f84258e0970e30fd3'}]
2026-09-14 01:06:07 - mkk_pika - database.py:215 - INFO - 第一次下载该漫画，记录数据库中
2026-09-14 01:06:08 - mkk_pika - main.py:83 - INFO - 找到 14 张图片在:第1集
2026-09-14 01:06:09 - mkk_pika - main.py:112 - INFO - [episode:第1集       ] downloaded:    14, total:  14, progress:100%
2026-09-14 01:06:09 - mkk_pika - database.py:238 - INFO - 数据库更新已下载章节
2026-09-14 01:06:09 - mkk_pika - database.py:244 - INFO - 该漫画已下载章节如下
2026-09-14 01:06:09 - mkk_pika - database.py:245 - INFO - ['第1集']
2026-09-14 01:06:10 - mkk_pika - main.py:348 - INFO - ==================== 漫画信息 ====================
                                   漫画ID：5cc7305f84258e0970e30fd2
                                   标题：小人さんとえっちなことする [中国翻訳]
                                   作者：冬野みかん
                                   是否完结：是
                                   总页数：14
                                   分类：短篇,全彩
                                   章节数：1
                                   最后更新时间：2019-04-29T17:11:59.029Z
                                   =================================================
2026-09-14 01:06:10 - mkk_pika - database.py:101 - INFO - 保存成功：小人さんとえっちなことする [中国翻訳]
2026-09-14 01:06:10 - mkk_pika - main.py:380 - INFO - 本次任务下载完毕
2026-09-14 01:06:10 - mkk_pika - database.py:173 - INFO - 数据库连接已关闭
