2026-10-05 01:51:59 - mkk_pika - main.py:193 - INFO - =======================================================================
2026-10-05 01:51:59 - mkk_pika - database.py:61 - INFO - 表和索引初始化成功
2026-10-05 01:51:59 - mkk_pika - main.py:197 - INFO - 已经累计下载22361本漫画
2026-10-05 01:52:00 - mkk_pika - api.py:87 - INFO - 登录成功
2026-10-05 01:52:00 - mkk_pika - main.py:203 - INFO - 收藏夹共计0本漫画
2026-10-05 01:52:00 - mkk_pika - main.py:206 - INFO - 开始下载收藏夹内未下载内容
2026-10-05 01:52:00 - mkk_pika - main.py:266 - INFO - 收藏夹内容下载完毕
2026-10-05 01:52:00 - mkk_pika - main.py:268 - INFO - 开始下载订阅内容
2026-10-05 01:52:00 - mkk_pika - database.py:258 - INFO - 根据ID查询到标题：萝莉 -> おじさんとのエッチにハマっちゃった女の子| 沉迷于和大叔做爱的女孩 [中国翻訳]
2026-10-05 01:52:01 - mkk_pika - database.py:101 - INFO - 保存成功：おじさんとのエッチにハマっちゃった女の子| 沉迷于和大叔做爱的女孩 [中国翻訳]
2026-10-05 01:52:01 - mkk_pika - main.py:273 - INFO - 关键词萝莉找到1本漫画
2026-10-05 01:52:01 - mkk_pika - database.py:258 - INFO - 根据ID查询到标题：蘿莉 -> [Pixiv] mallangmallang (35027970)（AI）
2026-10-05 01:52:01 - mkk_pika - database.py:101 - INFO - 保存成功：体験させて！おにいちゃん (COMIC LO 2026年10月号)
2026-10-05 01:52:01 - mkk_pika - main.py:273 - INFO - 关键词蘿莉找到9本漫画
2026-10-05 01:52:01 - mkk_pika - main.py:275 - INFO - 订阅内容共计10本漫画
2026-10-05 01:52:01 - mkk_pika - main.py:35 - INFO - 开始检查エジプト褐色ロリ合同是否存在未下载章节
2026-10-05 01:52:02 - mkk_pika - database.py:203 - INFO - 查询数据库中是否已存在第1話
2026-10-05 01:52:02 - mkk_pika - main.py:51 - INFO - エジプト褐色ロリ合同中没有可下载章节
2026-10-05 01:52:02 - mkk_pika - main.py:292 - INFO - ==================== 漫画信息 ====================
                                漫画ID：6abe9df42175923c6a5935d6
                                标题：エジプト褐色ロリ合同
                                作者：リビョウブ (よろず)
                                是否完结：是
                                总页数：303
                                分类：單行本
                                章节数：1
                                最后更新时间：2026-10-01T17:52:52.754Z
                                =================================================
2026-10-05 01:52:02 - mkk_pika - database.py:101 - INFO - 保存成功：エジプト褐色ロリ合同
2026-10-05 01:52:02 - mkk_pika - main.py:35 - INFO - 开始检查体験させて！おにいちゃん (COMIC LO 2026年10月号)是否存在未下载章节
2026-10-05 01:52:02 - mkk_pika - main.py:45 - INFO - 正在下载:[体験させて！おにいちゃん (COMIC LO 2026年10月号)]-[よしきちゃん]-[['短篇', '妹妹系']]-[total_pages:-1]
2026-10-05 01:52:02 - mkk_pika - main.py:49 - INFO - [{'_id': '6ac271358c96c43dcfcb10d9', 'title': '第1話', 'order': 1, 'updated_at': '2026-10-04T06:45:30.135Z', 'id': '6ac271358c96c43dcfcb10d9'}]
2026-10-05 01:52:02 - mkk_pika - database.py:215 - INFO - 第一次下载该漫画，记录数据库中
2026-10-05 01:52:03 - mkk_pika - main.py:83 - INFO - 找到 30 张图片在:第1話
2026-10-05 01:52:04 - mkk_pika - main.py:112 - INFO - [episode:第1話       ] downloaded:    30, total:  30, progress:100%
2026-10-05 01:52:04 - mkk_pika - database.py:238 - INFO - 数据库更新已下载章节
2026-10-05 01:52:04 - mkk_pika - database.py:244 - INFO - 该漫画已下载章节如下
2026-10-05 01:52:04 - mkk_pika - database.py:245 - INFO - ['第1話']
2026-10-05 01:52:06 - mkk_pika - main.py:292 - INFO - ==================== 漫画信息 ====================
                                漫画ID：6ac271358c96c43dcfcb10d8
                                标题：体験させて！おにいちゃん (COMIC LO 2026年10月号)
                                作者：よしきちゃん
                                是否完结：是
                                总页数：30
                                分类：短篇,妹妹系
                                章节数：1
                                最后更新时间：2026-10-04T15:31:01.687Z
                                =================================================
2026-10-05 01:52:06 - mkk_pika - database.py:101 - INFO - 保存成功：体験させて！おにいちゃん (COMIC LO 2026年10月号)
2026-10-05 01:52:06 - mkk_pika - main.py:35 - INFO - 开始检查なんかたのしくてきもちいいこと是否存在未下载章节
2026-10-05 01:52:06 - mkk_pika - database.py:203 - INFO - 查询数据库中是否已存在第1話
2026-10-05 01:52:06 - mkk_pika - main.py:51 - INFO - なんかたのしくてきもちいいこと中没有可下载章节
2026-10-05 01:52:06 - mkk_pika - main.py:292 - INFO - ==================== 漫画信息 ====================
                                漫画ID：6a6e27fae5d7f5354cc54287
                                标题：なんかたのしくてきもちいいこと
                                作者：わかるティッシュ
                                是否完结：是
                                总页数：116
                                分类：長篇
                                章节数：1
                                最后更新时间：2026-08-01T17:08:10.824Z
                                =================================================
2026-10-05 01:52:06 - mkk_pika - database.py:101 - INFO - 保存成功：なんかたのしくてきもちいいこと
2026-10-05 01:52:06 - mkk_pika - main.py:35 - INFO - 开始检查性欲を持て余したモモイとえっちする話 (ブルーアーカイブ)是否存在未下载章节
2026-10-05 01:52:07 - mkk_pika - main.py:45 - INFO - 正在下载:[性欲を持て余したモモイとえっちする話 (ブルーアーカイブ)]-[なるかみ飯店 (南雲なるせ)]-[['同人', '短篇']]-[total_pages:-1]
2026-10-05 01:52:07 - mkk_pika - main.py:49 - INFO - [{'_id': '6ac27121e54547146a7a0391', 'title': '第1話', 'order': 1, 'updated_at': '2026-10-04T06:38:35.186Z', 'id': '6ac27121e54547146a7a0391'}]
2026-10-05 01:52:07 - mkk_pika - database.py:215 - INFO - 第一次下载该漫画，记录数据库中
2026-10-05 01:52:07 - mkk_pika - main.py:83 - INFO - 找到 27 张图片在:第1話
2026-10-05 01:52:08 - mkk_pika - main.py:112 - INFO - [episode:第1話       ] downloaded:    27, total:  27, progress:100%
2026-10-05 01:52:08 - mkk_pika - database.py:238 - INFO - 数据库更新已下载章节
2026-10-05 01:52:08 - mkk_pika - database.py:244 - INFO - 该漫画已下载章节如下
2026-10-05 01:52:08 - mkk_pika - database.py:245 - INFO - ['第1話']
2026-10-05 01:52:10 - mkk_pika - main.py:292 - INFO - ==================== 漫画信息 ====================
                                漫画ID：6ac27121e54547146a7a0390
                                标题：性欲を持て余したモモイとえっちする話 (ブルーアーカイブ)
                                作者：なるかみ飯店 (南雲なるせ)
                                是否完结：是
                                总页数：27
                                分类：同人,短篇
                                章节数：1
                                最后更新时间：2026-10-04T15:30:41.252Z
                                =================================================
2026-10-05 01:52:10 - mkk_pika - database.py:101 - INFO - 保存成功：性欲を持て余したモモイとえっちする話 (ブルーアーカイブ)
2026-10-05 01:52:10 - mkk_pika - main.py:35 - INFO - 开始检查見たい知りたい君のヒミツ是否存在未下载章节
2026-10-05 01:52:10 - mkk_pika - main.py:45 - INFO - 正在下载:[見たい知りたい君のヒミツ]-[アロママゴット (米男)]-[['短篇']]-[total_pages:-1]
2026-10-05 01:52:10 - mkk_pika - main.py:49 - INFO - [{'_id': '6ac270fb8c96c43dcfcb1016', 'title': '第1話', 'order': 1, 'updated_at': '2026-10-04T06:34:10.155Z', 'id': '6ac270fb8c96c43dcfcb1016'}]
2026-10-05 01:52:10 - mkk_pika - database.py:215 - INFO - 第一次下载该漫画，记录数据库中
2026-10-05 01:52:11 - mkk_pika - main.py:83 - INFO - 找到 48 张图片在:第1話
2026-10-05 01:52:12 - mkk_pika - main.py:112 - INFO - [episode:第1話       ] downloaded:    48, total:  48, progress:100%
2026-10-05 01:52:12 - mkk_pika - database.py:238 - INFO - 数据库更新已下载章节
2026-10-05 01:52:12 - mkk_pika - database.py:244 - INFO - 该漫画已下载章节如下
2026-10-05 01:52:12 - mkk_pika - database.py:245 - INFO - ['第1話']
2026-10-05 01:52:14 - mkk_pika - main.py:292 - INFO - ==================== 漫画信息 ====================
                                漫画ID：6ac270fb8c96c43dcfcb1015
                                标题：見たい知りたい君のヒミツ
                                作者：アロママゴット (米男)
                                是否完结：是
                                总页数：48
                                分类：短篇
                                章节数：1
                                最后更新时间：2026-10-04T15:30:03.774Z
                                =================================================
2026-10-05 01:52:14 - mkk_pika - database.py:101 - INFO - 保存成功：見たい知りたい君のヒミツ
2026-10-05 01:52:14 - mkk_pika - main.py:35 - INFO - 开始检查少子化対策メスガキちゃんにっ + 少子化対策メスガキちゃんおわり是否存在未下载章节
2026-10-05 01:52:14 - mkk_pika - main.py:45 - INFO - 正在下载:[少子化対策メスガキちゃんにっ + 少子化対策メスガキちゃんおわり]-[NOTONE (麻倉下市)]-[['長篇']]-[total_pages:-1]
2026-10-05 01:52:14 - mkk_pika - main.py:49 - INFO - [{'_id': '67ee69ffcd8aaa1f92d87403', 'title': '第1話', 'order': 1, 'updated_at': '2025-04-02T07:07:48.129Z', 'id': '67ee69ffcd8aaa1f92d87403'}, {'_id': '67ee69ffcd8aaa1f92d87404', 'title': '第2話', 'order': 2, 'updated_at': '2025-04-02T07:09:38.491Z', 'id': '67ee69ffcd8aaa1f92d87404'}, {'_id': '68c47d327006917dcea2560a', 'title': '第2話（KaDina）', 'order': 3, 'updated_at': '2025-09-12T11:16:27.844Z', 'id': '68c47d327006917dcea2560a'}, {'_id': '6ac270f1e54547146a7a031a', 'title': '第3話', 'order': 4, 'updated_at': '2026-10-04T06:29:26.436Z', 'id': '6ac270f1e54547146a7a031a'}]
2026-10-05 01:52:14 - mkk_pika - database.py:215 - INFO - 第一次下载该漫画，记录数据库中
2026-10-05 01:52:15 - mkk_pika - main.py:83 - INFO - 找到 54 张图片在:第1話
2026-10-05 01:52:16 - mkk_pika - main.py:112 - INFO - [episode:第1話       ] downloaded:    54, total:  54, progress:100%
2026-10-05 01:52:16 - mkk_pika - database.py:238 - INFO - 数据库更新已下载章节
2026-10-05 01:52:16 - mkk_pika - database.py:244 - INFO - 该漫画已下载章节如下
2026-10-05 01:52:16 - mkk_pika - database.py:245 - INFO - ['第1話']
2026-10-05 01:52:18 - mkk_pika - main.py:83 - INFO - 找到 40 张图片在:第2話
2026-10-05 01:52:19 - mkk_pika - main.py:112 - INFO - [episode:第2話       ] downloaded:    40, total:  40, progress:100%
2026-10-05 01:52:19 - mkk_pika - database.py:238 - INFO - 数据库更新已下载章节
2026-10-05 01:52:19 - mkk_pika - database.py:244 - INFO - 该漫画已下载章节如下
2026-10-05 01:52:19 - mkk_pika - database.py:245 - INFO - ['第1話', '第2話']
2026-10-05 01:52:20 - mkk_pika - main.py:83 - INFO - 找到 39 张图片在:第2話（KaDina）
2026-10-05 01:52:23 - mkk_pika - main.py:112 - INFO - [episode:第2話（KaDina）] downloaded:    39, total:  39, progress:100%
2026-10-05 01:52:23 - mkk_pika - database.py:238 - INFO - 数据库更新已下载章节
2026-10-05 01:52:23 - mkk_pika - database.py:244 - INFO - 该漫画已下载章节如下
2026-10-05 01:52:23 - mkk_pika - database.py:245 - INFO - ['第1話', '第2話', '第2話（KaDina）']
2026-10-05 01:52:24 - mkk_pika - main.py:83 - INFO - 找到 36 张图片在:第3話
2026-10-05 01:52:25 - mkk_pika - main.py:112 - INFO - [episode:第3話       ] downloaded:    36, total:  36, progress:100%
2026-10-05 01:52:25 - mkk_pika - database.py:238 - INFO - 数据库更新已下载章节
2026-10-05 01:52:25 - mkk_pika - database.py:244 - INFO - 该漫画已下载章节如下
2026-10-05 01:52:25 - mkk_pika - database.py:245 - INFO - ['第1話', '第2話', '第2話（KaDina）', '第3話']
2026-10-05 01:52:26 - mkk_pika - main.py:292 - INFO - ==================== 漫画信息 ====================
                                漫画ID：67ee69ffcd8aaa1f92d87402
                                标题：少子化対策メスガキちゃんにっ + 少子化対策メスガキちゃんおわり
                                作者：NOTONE (麻倉下市)
                                是否完结：是
                                总页数：169
                                分类：長篇
                                章节数：4
                                最后更新时间：2026-10-04T15:29:53.457Z
                                =================================================
2026-10-05 01:52:26 - mkk_pika - database.py:101 - INFO - 保存成功：少子化対策メスガキちゃんにっ + 少子化対策メスガキちゃんおわり
2026-10-05 01:52:26 - mkk_pika - main.py:35 - INFO - 开始检查催眠あぷりってなんですか? (名探偵プリキュア!)是否存在未下载章节
2026-10-05 01:52:27 - mkk_pika - main.py:45 - INFO - 正在下载:[催眠あぷりってなんですか? (名探偵プリキュア!)]-[μ-CuTe (まぐ)]-[['同人', '短篇']]-[total_pages:-1]
2026-10-05 01:52:27 - mkk_pika - main.py:49 - INFO - [{'_id': '6ac270ee8c96c43dcfcb0fbb', 'title': '第1話', 'order': 1, 'updated_at': '2026-10-03T15:05:43.331Z', 'id': '6ac270ee8c96c43dcfcb0fbb'}]
2026-10-05 01:52:27 - mkk_pika - database.py:215 - INFO - 第一次下载该漫画，记录数据库中
2026-10-05 01:52:27 - mkk_pika - main.py:83 - INFO - 找到 27 张图片在:第1話
2026-10-05 01:52:28 - mkk_pika - main.py:112 - INFO - [episode:第1話       ] downloaded:    27, total:  27, progress:100%
2026-10-05 01:52:28 - mkk_pika - database.py:238 - INFO - 数据库更新已下载章节
2026-10-05 01:52:28 - mkk_pika - database.py:244 - INFO - 该漫画已下载章节如下
2026-10-05 01:52:28 - mkk_pika - database.py:245 - INFO - ['第1話']
2026-10-05 01:52:29 - mkk_pika - main.py:292 - INFO - ==================== 漫画信息 ====================
                                漫画ID：6ac270ee8c96c43dcfcb0fba
                                标题：催眠あぷりってなんですか? (名探偵プリキュア!)
                                作者：μ-CuTe (まぐ)
                                是否完结：是
                                总页数：27
                                分类：同人,短篇
                                章节数：1
                                最后更新时间：2026-10-04T15:29:50.113Z
                                =================================================
2026-10-05 01:52:29 - mkk_pika - database.py:101 - INFO - 保存成功：催眠あぷりってなんですか? (名探偵プリキュア!)
2026-10-05 01:52:29 - mkk_pika - main.py:35 - INFO - 开始检查莉塞特催眠调教（ランス10）（AI）[无修正][中国语]是否存在未下载章节
2026-10-05 01:52:30 - mkk_pika - main.py:45 - INFO - 正在下载:[莉塞特催眠调教（ランス10）（AI）[无修正][中国语]]-[srgmw]-[['全彩', '短篇', '同人']]-[total_pages:-1]
2026-10-05 01:52:30 - mkk_pika - main.py:49 - INFO - [{'_id': '6ac270d98c96c43dcfcb0f48', 'title': '全彩正片+无字', 'order': 1, 'updated_at': '2026-10-04T03:33:14.914Z', 'id': '6ac270d98c96c43dcfcb0f48'}]
2026-10-05 01:52:30 - mkk_pika - database.py:215 - INFO - 第一次下载该漫画，记录数据库中
2026-10-05 01:52:30 - mkk_pika - main.py:83 - INFO - 找到 29 张图片在:全彩正片+无字
2026-10-05 01:52:31 - mkk_pika - main.py:112 - INFO - [episode:全彩正片+无字   ] downloaded:    29, total:  29, progress:100%
2026-10-05 01:52:31 - mkk_pika - database.py:238 - INFO - 数据库更新已下载章节
2026-10-05 01:52:31 - mkk_pika - database.py:244 - INFO - 该漫画已下载章节如下
2026-10-05 01:52:31 - mkk_pika - database.py:245 - INFO - ['全彩正片+无字']
2026-10-05 01:52:32 - mkk_pika - main.py:292 - INFO - ==================== 漫画信息 ====================
                                漫画ID：6ac270d98c96c43dcfcb0f47
                                标题：莉塞特催眠调教（ランス10）（AI）[无修正][中国语]
                                作者：srgmw
                                是否完结：是
                                总页数：29
                                分类：全彩,短篇,同人
                                章节数：1
                                最后更新时间：2026-10-04T15:29:29.254Z
                                =================================================
2026-10-05 01:52:32 - mkk_pika - database.py:101 - INFO - 保存成功：莉塞特催眠调教（ランス10）（AI）[无修正][中国语]
2026-10-05 01:52:32 - mkk_pika - main.py:35 - INFO - 开始检查くぱぁふぇてぃっしゅ -秘密のヤリ部屋で見せ合いっこ3Pした話-是否存在未下载章节
2026-10-05 01:52:33 - mkk_pika - main.py:45 - INFO - 正在下载:[くぱぁふぇてぃっしゅ -秘密のヤリ部屋で見せ合いっこ3Pした話-]-[ココアホリック (ユイザキカズヤ)]-[['短篇']]-[total_pages:-1]
2026-10-05 01:52:33 - mkk_pika - main.py:49 - INFO - [{'_id': '6ac2707a1ef8e21459bc7f44', 'title': '第1話', 'order': 1, 'updated_at': '2026-10-03T14:51:31.638Z', 'id': '6ac2707a1ef8e21459bc7f44'}]
2026-10-05 01:52:33 - mkk_pika - database.py:215 - INFO - 第一次下载该漫画，记录数据库中
2026-10-05 01:52:34 - mkk_pika - main.py:83 - INFO - 找到 56 张图片在:第1話
2026-10-05 01:52:36 - mkk_pika - main.py:112 - INFO - [episode:第1話       ] downloaded:    56, total:  56, progress:100%
2026-10-05 01:52:36 - mkk_pika - database.py:238 - INFO - 数据库更新已下载章节
2026-10-05 01:52:36 - mkk_pika - database.py:244 - INFO - 该漫画已下载章节如下
2026-10-05 01:52:36 - mkk_pika - database.py:245 - INFO - ['第1話']
2026-10-05 01:52:38 - mkk_pika - main.py:292 - INFO - ==================== 漫画信息 ====================
                                漫画ID：6ac2707a1ef8e21459bc7f43
                                标题：くぱぁふぇてぃっしゅ -秘密のヤリ部屋で見せ合いっこ3Pした話-
                                作者：ココアホリック (ユイザキカズヤ)
                                是否完结：是
                                总页数：56
                                分类：短篇
                                章节数：1
                                最后更新时间：2026-10-04T15:27:54.284Z
                                =================================================
2026-10-05 01:52:38 - mkk_pika - database.py:101 - INFO - 保存成功：くぱぁふぇてぃっしゅ -秘密のヤリ部屋で見せ合いっこ3Pした話-
2026-10-05 01:52:38 - mkk_pika - main.py:35 - INFO - 开始检查JSギャルがハメ堕ちるまで是否存在未下载章节
2026-10-05 01:52:38 - mkk_pika - main.py:45 - INFO - 正在下载:[JSギャルがハメ堕ちるまで]-[海通信 (なまもななせ)]-[['短篇']]-[total_pages:-1]
2026-10-05 01:52:38 - mkk_pika - main.py:49 - INFO - [{'_id': '6ac27060e54547146a7a0119', 'title': '第1話', 'order': 1, 'updated_at': '2026-10-03T13:40:59.585Z', 'id': '6ac27060e54547146a7a0119'}]
2026-10-05 01:52:38 - mkk_pika - database.py:215 - INFO - 第一次下载该漫画，记录数据库中
2026-10-05 01:52:39 - mkk_pika - main.py:83 - INFO - 找到 36 张图片在:第1話
2026-10-05 01:52:40 - mkk_pika - main.py:112 - INFO - [episode:第1話       ] downloaded:    36, total:  36, progress:100%
2026-10-05 01:52:40 - mkk_pika - database.py:238 - INFO - 数据库更新已下载章节
2026-10-05 01:52:40 - mkk_pika - database.py:244 - INFO - 该漫画已下载章节如下
2026-10-05 01:52:40 - mkk_pika - database.py:245 - INFO - ['第1話']
2026-10-05 01:52:41 - mkk_pika - main.py:292 - INFO - ==================== 漫画信息 ====================
                                漫画ID：6ac27060e54547146a7a0118
                                标题：JSギャルがハメ堕ちるまで
                                作者：海通信 (なまもななせ)
                                是否完结：否
                                总页数：36
                                分类：短篇
                                章节数：1
                                最后更新时间：2026-10-04T15:27:28.724Z
                                =================================================
2026-10-05 01:52:41 - mkk_pika - database.py:101 - INFO - 保存成功：JSギャルがハメ堕ちるまで
2026-10-05 01:52:41 - mkk_pika - main.py:323 - INFO - 订阅内容内容下载完毕
2026-10-05 01:52:41 - mkk_pika - main.py:324 - INFO - 开始分批下载全部章节
2026-10-05 01:52:41 - mkk_pika - database.py:280 - INFO - 表和索引初始化成功
2026-10-05 01:52:41 - mkk_pika - main.py:177 - INFO - 已经下载了1758页，一共7188页，现在开始添加第1759页
2026-10-05 01:52:42 - mkk_pika - database.py:318 - INFO - 保存成功
2026-10-05 01:52:42 - mkk_pika - main.py:177 - INFO - 已经下载了1759页，一共7188页，现在开始添加第1760页
2026-10-05 01:52:42 - mkk_pika - database.py:318 - INFO - 保存成功
2026-10-05 01:52:43 - mkk_pika - main.py:177 - INFO - 已经下载了1760页，一共7188页，现在开始添加第1761页
2026-10-05 01:52:44 - mkk_pika - database.py:318 - INFO - 保存成功
2026-10-05 01:52:44 - mkk_pika - main.py:177 - INFO - 已经下载了1761页，一共7188页，现在开始添加第1762页
2026-10-05 01:52:45 - mkk_pika - database.py:318 - INFO - 保存成功
2026-10-05 01:52:45 - mkk_pika - main.py:177 - INFO - 已经下载了1762页，一共7188页，现在开始添加第1763页
2026-10-05 01:52:45 - mkk_pika - database.py:318 - INFO - 保存成功
2026-10-05 01:52:46 - mkk_pika - main.py:177 - INFO - 已经下载了1763页，一共7188页，现在开始添加第1764页
2026-10-05 01:52:46 - mkk_pika - database.py:318 - INFO - 保存成功
2026-10-05 01:52:46 - mkk_pika - main.py:177 - INFO - 已经下载了1764页，一共7188页，现在开始添加第1765页
2026-10-05 01:52:47 - mkk_pika - database.py:318 - INFO - 保存成功
2026-10-05 01:52:47 - mkk_pika - main.py:331 - INFO - 分批下载共计74本漫画
2026-10-05 01:52:47 - mkk_pika - main.py:35 - INFO - 开始检查(C92)  悪魔のかいかた是否存在未下载章节
2026-10-05 01:52:47 - mkk_pika - main.py:45 - INFO - 正在下载:[(C92)  悪魔のかいかた]-[VOLVOX (キザキ)]-[['短篇', '強暴', '非人類']]-[total_pages:25]
2026-10-05 01:52:47 - mkk_pika - main.py:49 - INFO - [{'_id': '5d25a261a6fcef4c68752e5a', 'title': '第1集', 'order': 1, 'updated_at': '2019-07-09T16:17:28.405Z', 'id': '5d25a261a6fcef4c68752e5a'}]
2026-10-05 01:52:47 - mkk_pika - database.py:215 - INFO - 第一次下载该漫画，记录数据库中
2026-10-05 01:52:48 - mkk_pika - main.py:83 - INFO - 找到 25 张图片在:第1集
2026-10-05 01:52:48 - mkk_pika - main.py:112 - INFO - [episode:第1集       ] downloaded:    25, total:  25, progress:100%
2026-10-05 01:52:48 - mkk_pika - database.py:238 - INFO - 数据库更新已下载章节
2026-10-05 01:52:48 - mkk_pika - database.py:244 - INFO - 该漫画已下载章节如下
2026-10-05 01:52:48 - mkk_pika - database.py:245 - INFO - ['第1集']
2026-10-05 01:52:50 - mkk_pika - main.py:348 - INFO - ==================== 漫画信息 ====================
                                   漫画ID：5d25a261a6fcef4c68752e59
                                   标题：(C92)  悪魔のかいかた
                                   作者：VOLVOX (キザキ)
                                   是否完结：是
                                   总页数：25
                                   分类：短篇,強暴,非人類
                                   章节数：1
                                   最后更新时间：2019-07-10T08:31:29.843Z
                                   =================================================
2026-10-05 01:52:50 - mkk_pika - database.py:101 - INFO - 保存成功：(C92)  悪魔のかいかた
2026-10-05 01:52:50 - mkk_pika - main.py:35 - INFO - 开始检查(C94)  せんぱいサンド (Fate/Grand Order)是否存在未下载章节
2026-10-05 01:52:50 - mkk_pika - main.py:45 - INFO - 正在下载:[(C94)  せんぱいサンド (Fate/Grand Order)]-[16彩 (パスタチン)]-[['短篇', '同人', '純愛', '扶他樂園', 'Fate']]-[total_pages:28]
2026-10-05 01:52:50 - mkk_pika - main.py:49 - INFO - [{'_id': '5d25a29ea6fcef4c68752e75', 'title': '第1集', 'order': 1, 'updated_at': '2019-07-09T16:28:12.526Z', 'id': '5d25a29ea6fcef4c68752e75'}]
2026-10-05 01:52:50 - mkk_pika - database.py:215 - INFO - 第一次下载该漫画，记录数据库中
2026-10-05 01:52:51 - mkk_pika - main.py:83 - INFO - 找到 28 张图片在:第1集
2026-10-05 01:52:51 - mkk_pika - main.py:112 - INFO - [episode:第1集       ] downloaded:    28, total:  28, progress:100%
2026-10-05 01:52:51 - mkk_pika - database.py:238 - INFO - 数据库更新已下载章节
2026-10-05 01:52:51 - mkk_pika - database.py:244 - INFO - 该漫画已下载章节如下
2026-10-05 01:52:51 - mkk_pika - database.py:245 - INFO - ['第1集']
2026-10-05 01:52:53 - mkk_pika - main.py:348 - INFO - ==================== 漫画信息 ====================
                                   漫画ID：5d25a29ea6fcef4c68752e74
                                   标题：(C94)  せんぱいサンド (Fate/Grand Order)
                                   作者：16彩 (パスタチン)
                                   是否完结：是
                                   总页数：28
                                   分类：短篇,同人,純愛,扶他樂園,Fate
                                   章节数：1
                                   最后更新时间：2019-07-10T08:32:30.798Z
                                   =================================================
2026-10-05 01:52:53 - mkk_pika - database.py:101 - INFO - 保存成功：(C94)  せんぱいサンド (Fate/Grand Order)
2026-10-05 01:52:53 - mkk_pika - main.py:35 - INFO - 开始检查織田non无修合集是否存在未下载章节
2026-10-05 01:52:53 - mkk_pika - main.py:45 - INFO - 正在下载:[織田non无修合集]-[織田non]-[['全彩', '人妻', 'NTR', '長篇']]-[total_pages:127]
2026-10-05 01:52:53 - mkk_pika - main.py:49 - INFO - [{'_id': '5d25a2f1899f634c7bda7e57', 'title': '第1集', 'order': 1, 'updated_at': '2019-07-09T16:50:57.737Z', 'id': '5d25a2f1899f634c7bda7e57'}]
2026-10-05 01:52:53 - mkk_pika - database.py:215 - INFO - 第一次下载该漫画，记录数据库中
2026-10-05 01:52:54 - mkk_pika - main.py:83 - INFO - 找到 127 张图片在:第1集
2026-10-05 01:52:59 - mkk_pika - main.py:112 - INFO - [episode:第1集       ] downloaded:   127, total: 127, progress:100%
2026-10-05 01:52:59 - mkk_pika - database.py:238 - INFO - 数据库更新已下载章节
2026-10-05 01:52:59 - mkk_pika - database.py:244 - INFO - 该漫画已下载章节如下
2026-10-05 01:52:59 - mkk_pika - database.py:245 - INFO - ['第1集']
2026-10-05 01:53:00 - mkk_pika - main.py:348 - INFO - ==================== 漫画信息 ====================
                                   漫画ID：5d25a2f1899f634c7bda7e56
                                   标题：織田non无修合集
                                   作者：織田non
                                   是否完结：否
                                   总页数：127
                                   分类：全彩,人妻,NTR,長篇
                                   章节数：1
                                   最后更新时间：2019-07-10T08:33:53.625Z
                                   =================================================
2026-10-05 01:53:00 - mkk_pika - database.py:101 - INFO - 保存成功：織田non无修合集
2026-10-05 01:53:00 - mkk_pika - main.py:35 - INFO - 开始检查初体験は友だちのママと。(童貞王子)  中文翻譯是否存在未下载章节
2026-10-05 01:53:00 - mkk_pika - main.py:45 - INFO - 正在下载:[初体験は友だちのママと。(童貞王子)  中文翻譯]-[やながわ理央]-[['短篇', '人妻']]-[total_pages:20]
2026-10-05 01:53:00 - mkk_pika - main.py:49 - INFO - [{'_id': '5d25a318688d4f4c812c36bf', 'title': '第1集', 'order': 1, 'updated_at': '2019-07-09T16:46:59.689Z', 'id': '5d25a318688d4f4c812c36bf'}]
2026-10-05 01:53:00 - mkk_pika - database.py:215 - INFO - 第一次下载该漫画，记录数据库中
2026-10-05 01:53:01 - mkk_pika - main.py:83 - INFO - 找到 20 张图片在:第1集
2026-10-05 01:53:02 - mkk_pika - main.py:112 - INFO - [episode:第1集       ] downloaded:    20, total:  20, progress:100%
2026-10-05 01:53:02 - mkk_pika - database.py:238 - INFO - 数据库更新已下载章节
2026-10-05 01:53:02 - mkk_pika - database.py:244 - INFO - 该漫画已下载章节如下
2026-10-05 01:53:02 - mkk_pika - database.py:245 - INFO - ['第1集']
2026-10-05 01:53:03 - mkk_pika - main.py:348 - INFO - ==================== 漫画信息 ====================
                                   漫画ID：5d25a318688d4f4c812c36be
                                   标题：初体験は友だちのママと。(童貞王子)  中文翻譯
                                   作者：やながわ理央
                                   是否完结：是
                                   总页数：20
                                   分类：短篇,人妻
                                   章节数：1
                                   最后更新时间：2019-07-10T08:34:32.062Z
                                   =================================================
2026-10-05 01:53:03 - mkk_pika - database.py:101 - INFO - 保存成功：初体験は友だちのママと。(童貞王子)  中文翻譯
2026-10-05 01:53:03 - mkk_pika - main.py:35 - INFO - 开始检查(C94) 催眠カノジョ2 [中国翻訳]是否存在未下载章节
2026-10-05 01:53:03 - mkk_pika - main.py:45 - INFO - 正在下载:[(C94) 催眠カノジョ2 [中国翻訳]]-[ショコラテ (一葉モカ)]-[['短篇']]-[total_pages:29]
2026-10-05 01:53:03 - mkk_pika - main.py:49 - INFO - [{'_id': '5d25a362a6fcef4c68752f4e', 'title': '第1集', 'order': 1, 'updated_at': '2019-07-09T17:07:51.897Z', 'id': '5d25a362a6fcef4c68752f4e'}]
2026-10-05 01:53:03 - mkk_pika - database.py:215 - INFO - 第一次下载该漫画，记录数据库中
2026-10-05 01:53:04 - mkk_pika - main.py:83 - INFO - 找到 29 张图片在:第1集
2026-10-05 01:53:05 - mkk_pika - main.py:112 - INFO - [episode:第1集       ] downloaded:    29, total:  29, progress:100%
2026-10-05 01:53:05 - mkk_pika - database.py:238 - INFO - 数据库更新已下载章节
2026-10-05 01:53:05 - mkk_pika - database.py:244 - INFO - 该漫画已下载章节如下
2026-10-05 01:53:05 - mkk_pika - database.py:245 - INFO - ['第1集']
2026-10-05 01:53:06 - mkk_pika - main.py:348 - INFO - ==================== 漫画信息 ====================
                                   漫画ID：5d25a362a6fcef4c68752f4d
                                   标题：(C94) 催眠カノジョ2 [中国翻訳]
                                   作者：ショコラテ (一葉モカ)
                                   是否完结：否
                                   总页数：29
                                   分类：短篇
                                   章节数：1
                                   最后更新时间：2019-07-10T08:35:46.238Z
                                   =================================================
2026-10-05 01:53:06 - mkk_pika - database.py:101 - INFO - 保存成功：(C94) 催眠カノジョ2 [中国翻訳]
2026-10-05 01:53:06 - mkk_pika - main.py:35 - INFO - 开始检查(C95)  きみときらきら (BanG Dream!) [中国翻訳]是否存在未下载章节
2026-10-05 01:53:06 - mkk_pika - main.py:45 - INFO - 正在下载:[(C95)  きみときらきら (BanG Dream!) [中国翻訳]]-[93番街 (のちた紳)]-[['短篇', '純愛', '同人', '百合花園']]-[total_pages:26]
2026-10-05 01:53:06 - mkk_pika - main.py:49 - INFO - [{'_id': '5d25a3ba899f634c7bda7eda', 'title': '第1集', 'order': 1, 'updated_at': '2019-07-09T17:32:34.316Z', 'id': '5d25a3ba899f634c7bda7eda'}]
2026-10-05 01:53:06 - mkk_pika - database.py:215 - INFO - 第一次下载该漫画，记录数据库中
2026-10-05 01:53:07 - mkk_pika - main.py:83 - INFO - 找到 26 张图片在:第1集
2026-10-05 01:53:08 - mkk_pika - main.py:112 - INFO - [episode:第1集       ] downloaded:    26, total:  26, progress:100%
2026-10-05 01:53:08 - mkk_pika - database.py:238 - INFO - 数据库更新已下载章节
2026-10-05 01:53:08 - mkk_pika - database.py:244 - INFO - 该漫画已下载章节如下
2026-10-05 01:53:08 - mkk_pika - database.py:245 - INFO - ['第1集']
2026-10-05 01:53:09 - mkk_pika - main.py:348 - INFO - ==================== 漫画信息 ====================
                                   漫画ID：5d25a3ba899f634c7bda7ed9
                                   标题：(C95)  きみときらきら (BanG Dream!) [中国翻訳]
                                   作者：93番街 (のちた紳)
                                   是否完结：是
                                   总页数：26
                                   分类：短篇,純愛,同人,百合花園
                                   章节数：1
                                   最后更新时间：2019-07-10T08:37:14.399Z
                                   =================================================
2026-10-05 01:53:09 - mkk_pika - database.py:101 - INFO - 保存成功：(C95)  きみときらきら (BanG Dream!) [中国翻訳]
2026-10-05 01:53:09 - mkk_pika - main.py:35 - INFO - 开始检查 落ち姫 (コミック エグゼ 03) [中国翻訳] [DL版]是否存在未下载章节
2026-10-05 01:53:09 - mkk_pika - main.py:45 - INFO - 正在下载:[ 落ち姫 (コミック エグゼ 03) [中国翻訳] [DL版]]-[吉田犬人]-[['短篇']]-[total_pages:29]
2026-10-05 01:53:09 - mkk_pika - main.py:49 - INFO - [{'_id': '5d25a45a899f634c7bda7f4c', 'title': '第1集', 'order': 1, 'updated_at': '2019-07-10T04:19:27.056Z', 'id': '5d25a45a899f634c7bda7f4c'}]
2026-10-05 01:53:09 - mkk_pika - database.py:215 - INFO - 第一次下载该漫画，记录数据库中
2026-10-05 01:53:10 - mkk_pika - main.py:83 - INFO - 找到 29 张图片在:第1集
2026-10-05 01:53:11 - mkk_pika - main.py:112 - INFO - [episode:第1集       ] downloaded:    29, total:  29, progress:100%
2026-10-05 01:53:11 - mkk_pika - database.py:238 - INFO - 数据库更新已下载章节
2026-10-05 01:53:11 - mkk_pika - database.py:244 - INFO - 该漫画已下载章节如下
2026-10-05 01:53:11 - mkk_pika - database.py:245 - INFO - ['第1集']
2026-10-05 01:53:13 - mkk_pika - main.py:348 - INFO - ==================== 漫画信息 ====================
                                   漫画ID：5d25a45a899f634c7bda7f4b
                                   标题： 落ち姫 (コミック エグゼ 03) [中国翻訳] [DL版]
                                   作者：吉田犬人
                                   是否完结：是
                                   总页数：29
                                   分类：短篇
                                   章节数：1
                                   最后更新时间：2019-07-10T08:39:54.483Z
                                   =================================================
2026-10-05 01:53:13 - mkk_pika - database.py:101 - INFO - 保存成功： 落ち姫 (コミック エグゼ 03) [中国翻訳] [DL版]
2026-10-05 01:53:13 - mkk_pika - main.py:35 - INFO - 开始检查突発的種付け生配信 (月ノ美兎) [中国語翻訳]是否存在未下载章节
2026-10-05 01:53:13 - mkk_pika - main.py:45 - INFO - 正在下载:[突発的種付け生配信 (月ノ美兎) [中国語翻訳]]-[黒龍眼（爆乳フルネルソン）]-[['短篇', '同人']]-[total_pages:10]
2026-10-05 01:53:13 - mkk_pika - main.py:49 - INFO - [{'_id': '5d25a48c688d4f4c812c373a', 'title': '第1集', 'order': 1, 'updated_at': '2019-07-10T04:27:34.671Z', 'id': '5d25a48c688d4f4c812c373a'}]
2026-10-05 01:53:13 - mkk_pika - database.py:215 - INFO - 第一次下载该漫画，记录数据库中
2026-10-05 01:53:13 - mkk_pika - main.py:83 - INFO - 找到 10 张图片在:第1集
2026-10-05 01:53:14 - mkk_pika - main.py:112 - INFO - [episode:第1集       ] downloaded:    10, total:  10, progress:100%
2026-10-05 01:53:14 - mkk_pika - database.py:238 - INFO - 数据库更新已下载章节
2026-10-05 01:53:14 - mkk_pika - database.py:244 - INFO - 该漫画已下载章节如下
2026-10-05 01:53:14 - mkk_pika - database.py:245 - INFO - ['第1集']
2026-10-05 01:53:15 - mkk_pika - main.py:348 - INFO - ==================== 漫画信息 ====================
                                   漫画ID：5d25a48c688d4f4c812c3739
                                   标题：突発的種付け生配信 (月ノ美兎) [中国語翻訳]
                                   作者：黒龍眼（爆乳フルネルソン）
                                   是否完结：是
                                   总页数：10
                                   分类：短篇,同人
                                   章节数：1
                                   最后更新时间：2019-07-10T08:40:44.336Z
                                   =================================================
2026-10-05 01:53:15 - mkk_pika - database.py:101 - INFO - 保存成功：突発的種付け生配信 (月ノ美兎) [中国語翻訳]
2026-10-05 01:53:15 - mkk_pika - main.py:35 - INFO - 开始检查 僕のメス豚ちゃん～催眠術でハメ堕とし [中国翻訳]是否存在未下载章节
2026-10-05 01:53:15 - mkk_pika - main.py:45 - INFO - 正在下载:[ 僕のメス豚ちゃん～催眠術でハメ堕とし [中国翻訳]]-[種梨みや]-[['長篇', '非人類', '強暴']]-[total_pages:181]
2026-10-05 01:53:15 - mkk_pika - main.py:49 - INFO - [{'_id': '5d25a538688d4f4c812c377c', 'title': '第1集', 'order': 1, 'updated_at': '2019-07-10T08:23:49.765Z', 'id': '5d25a538688d4f4c812c377c'}]
2026-10-05 01:53:15 - mkk_pika - database.py:215 - INFO - 第一次下载该漫画，记录数据库中
2026-10-05 01:53:17 - mkk_pika - main.py:83 - INFO - 找到 181 张图片在:第1集
2026-10-05 01:53:24 - mkk_pika - main.py:112 - INFO - [episode:第1集       ] downloaded:   181, total: 181, progress:100%
2026-10-05 01:53:24 - mkk_pika - database.py:238 - INFO - 数据库更新已下载章节
2026-10-05 01:53:24 - mkk_pika - database.py:244 - INFO - 该漫画已下载章节如下
2026-10-05 01:53:24 - mkk_pika - database.py:245 - INFO - ['第1集']
2026-10-05 01:53:25 - mkk_pika - main.py:348 - INFO - ==================== 漫画信息 ====================
                                   漫画ID：5d25a538688d4f4c812c377b
                                   标题： 僕のメス豚ちゃん～催眠術でハメ堕とし [中国翻訳]
                                   作者：種梨みや
                                   是否完结：是
                                   总页数：181
                                   分类：長篇,非人類,強暴
                                   章节数：1
                                   最后更新时间：2019-07-10T08:43:36.657Z
                                   =================================================
2026-10-05 01:53:25 - mkk_pika - database.py:101 - INFO - 保存成功： 僕のメス豚ちゃん～催眠術でハメ堕とし [中国翻訳]
2026-10-05 01:53:25 - mkk_pika - main.py:35 - INFO - 开始检查 Vendor Girl (童貞少年) [中国翻訳]是否存在未下载章节
2026-10-05 01:53:25 - mkk_pika - main.py:45 - INFO - 正在下载:[ Vendor Girl (童貞少年) [中国翻訳]]-[やながわ理央]-[['短篇']]-[total_pages:18]
2026-10-05 01:53:25 - mkk_pika - main.py:49 - INFO - [{'_id': '5d25f8e30e47f27e38356e00', 'title': '第1集', 'order': 1, 'updated_at': '2019-07-10T09:27:59.030Z', 'id': '5d25f8e30e47f27e38356e00'}]
2026-10-05 01:53:25 - mkk_pika - database.py:215 - INFO - 第一次下载该漫画，记录数据库中
2026-10-05 01:53:26 - mkk_pika - main.py:83 - INFO - 找到 18 张图片在:第1集
2026-10-05 01:53:27 - mkk_pika - main.py:112 - INFO - [episode:第1集       ] downloaded:    18, total:  18, progress:100%
2026-10-05 01:53:27 - mkk_pika - database.py:238 - INFO - 数据库更新已下载章节
2026-10-05 01:53:27 - mkk_pika - database.py:244 - INFO - 该漫画已下载章节如下
2026-10-05 01:53:27 - mkk_pika - database.py:245 - INFO - ['第1集']
2026-10-05 01:53:28 - mkk_pika - main.py:348 - INFO - ==================== 漫画信息 ====================
                                   漫画ID：5d25f8e30e47f27e38356dff
                                   标题： Vendor Girl (童貞少年) [中国翻訳]
                                   作者：やながわ理央
                                   是否完结：是
                                   总页数：18
                                   分类：短篇
                                   章节数：1
                                   最后更新时间：2019-07-10T14:40:35.412Z
                                   =================================================
2026-10-05 01:53:28 - mkk_pika - database.py:101 - INFO - 保存成功： Vendor Girl (童貞少年) [中国翻訳]
2026-10-05 01:53:28 - mkk_pika - main.py:35 - INFO - 开始检查(C95) 大井っちのお腹に赤ちゃんがいました (艦隊これくしょん -艦これ-) [中文翻译]是否存在未下载章节
2026-10-05 01:53:28 - mkk_pika - main.py:45 - INFO - 正在下载:[(C95) 大井っちのお腹に赤ちゃんがいました (艦隊これくしょん -艦これ-) [中文翻译]]-[CrowView (たじ)]-[['短篇', '同人', '艦隊收藏']]-[total_pages:22]
2026-10-05 01:53:28 - mkk_pika - main.py:49 - INFO - [{'_id': '5d25f92f76eef27e254b5feb', 'title': '第1集', 'order': 1, 'updated_at': '2019-07-10T09:34:05.392Z', 'id': '5d25f92f76eef27e254b5feb'}]
2026-10-05 01:53:28 - mkk_pika - database.py:215 - INFO - 第一次下载该漫画，记录数据库中
2026-10-05 01:53:29 - mkk_pika - main.py:83 - INFO - 找到 22 张图片在:第1集
2026-10-05 01:53:30 - mkk_pika - main.py:112 - INFO - [episode:第1集       ] downloaded:    22, total:  22, progress:100%
2026-10-05 01:53:30 - mkk_pika - database.py:238 - INFO - 数据库更新已下载章节
2026-10-05 01:53:30 - mkk_pika - database.py:244 - INFO - 该漫画已下载章节如下
2026-10-05 01:53:30 - mkk_pika - database.py:245 - INFO - ['第1集']
2026-10-05 01:53:31 - mkk_pika - main.py:348 - INFO - ==================== 漫画信息 ====================
                                   漫画ID：5d25f92f76eef27e254b5fea
                                   标题：(C95) 大井っちのお腹に赤ちゃんがいました (艦隊これくしょん -艦これ-) [中文翻译]
                                   作者：CrowView (たじ)
                                   是否完结：是
                                   总页数：22
                                   分类：短篇,同人,艦隊收藏
                                   章节数：1
                                   最后更新时间：2019-07-10T14:41:51.454Z
                                   =================================================
2026-10-05 01:53:31 - mkk_pika - database.py:101 - INFO - 保存成功：(C95) 大井っちのお腹に赤ちゃんがいました (艦隊これくしょん -艦これ-) [中文翻译]
2026-10-05 01:53:31 - mkk_pika - main.py:35 - INFO - 开始检查 あの蠱惑的な日々をもう一度 (私がモテないのはどう考えてもお前らが悪い!) [中国翻訳]是否存在未下载章节
2026-10-05 01:53:31 - mkk_pika - main.py:45 - INFO - 正在下载:[ あの蠱惑的な日々をもう一度 (私がモテないのはどう考えてもお前らが悪い!) [中国翻訳]]-[カムリズム (鬼頭サケル)]-[['短篇', '同人']]-[total_pages:27]
2026-10-05 01:53:31 - mkk_pika - main.py:49 - INFO - [{'_id': '5d25f9742d8f9a7e3d531d3e', 'title': '第1集', 'order': 1, 'updated_at': '2019-07-10T10:36:59.873Z', 'id': '5d25f9742d8f9a7e3d531d3e'}]
2026-10-05 01:53:31 - mkk_pika - database.py:215 - INFO - 第一次下载该漫画，记录数据库中
2026-10-05 01:53:32 - mkk_pika - main.py:83 - INFO - 找到 27 张图片在:第1集
2026-10-05 01:53:33 - mkk_pika - main.py:112 - INFO - [episode:第1集       ] downloaded:    27, total:  27, progress:100%
2026-10-05 01:53:33 - mkk_pika - database.py:238 - INFO - 数据库更新已下载章节
2026-10-05 01:53:33 - mkk_pika - database.py:244 - INFO - 该漫画已下载章节如下
2026-10-05 01:53:33 - mkk_pika - database.py:245 - INFO - ['第1集']
2026-10-05 01:53:34 - mkk_pika - main.py:348 - INFO - ==================== 漫画信息 ====================
                                   漫画ID：5d25f9742d8f9a7e3d531d3d
                                   标题： あの蠱惑的な日々をもう一度 (私がモテないのはどう考えてもお前らが悪い!) [中国翻訳]
                                   作者：カムリズム (鬼頭サケル)
                                   是否完结：是
                                   总页数：27
                                   分类：短篇,同人
                                   章节数：1
                                   最后更新时间：2019-07-10T14:43:00.540Z
                                   =================================================
2026-10-05 01:53:34 - mkk_pika - database.py:101 - INFO - 保存成功： あの蠱惑的な日々をもう一度 (私がモテないのはどう考えてもお前らが悪い!) [中国翻訳]
2026-10-05 01:53:34 - mkk_pika - main.py:35 - INFO - 开始检查魅惑のハーレムビーチ 魅惑的後宮般性感海灘是否存在未下载章节
2026-10-05 01:53:35 - mkk_pika - main.py:45 - INFO - 正在下载:[魅惑のハーレムビーチ 魅惑的後宮般性感海灘]-[おめちょ]-[['長篇', '純愛', '單行本', '後宮閃光']]-[total_pages:209]
2026-10-05 01:53:35 - mkk_pika - main.py:49 - INFO - [{'_id': '5d25f9960e47f27e38356ec5', 'title': '魅惑的性感海灘單行本', 'order': 1, 'updated_at': '2019-07-04T03:20:46.351Z', 'id': '5d25f9960e47f27e38356ec5'}]
2026-10-05 01:53:35 - mkk_pika - database.py:215 - INFO - 第一次下载该漫画，记录数据库中
2026-10-05 01:53:37 - mkk_pika - main.py:83 - INFO - 找到 209 张图片在:魅惑的性感海灘單行本
2026-10-05 01:53:41 - mkk_pika - main.py:112 - INFO - [episode:魅惑的性感海灘單行本] downloaded:   209, total: 209, progress:100%
2026-10-05 01:53:41 - mkk_pika - database.py:238 - INFO - 数据库更新已下载章节
2026-10-05 01:53:41 - mkk_pika - database.py:244 - INFO - 该漫画已下载章节如下
2026-10-05 01:53:41 - mkk_pika - database.py:245 - INFO - ['魅惑的性感海灘單行本']
2026-10-05 01:53:43 - mkk_pika - main.py:348 - INFO - ==================== 漫画信息 ====================
                                   漫画ID：5d25f9960e47f27e38356ec4
                                   标题：魅惑のハーレムビーチ 魅惑的後宮般性感海灘
                                   作者：おめちょ
                                   是否完结：是
                                   总页数：209
                                   分类：長篇,純愛,單行本,後宮閃光
                                   章节数：1
                                   最后更新时间：2019-07-10T14:43:34.606Z
                                   =================================================
2026-10-05 01:53:43 - mkk_pika - database.py:101 - INFO - 保存成功：魅惑のハーレムビーチ 魅惑的後宮般性感海灘
2026-10-05 01:53:43 - mkk_pika - main.py:35 - INFO - 开始检查Caramel Macchiato10是否存在未下载章节
2026-10-05 01:53:43 - mkk_pika - main.py:45 - INFO - 正在下载:[Caramel Macchiato10]-[MARIMO (AHEN)]-[['全彩', '同人', '短篇']]-[total_pages:20]
2026-10-05 01:53:43 - mkk_pika - main.py:49 - INFO - [{'_id': '5d26dfc12d8f9a7e3d53220e', 'title': '第1集', 'order': 1, 'updated_at': '2019-07-10T13:30:30.945Z', 'id': '5d26dfc12d8f9a7e3d53220e'}]
2026-10-05 01:53:43 - mkk_pika - database.py:215 - INFO - 第一次下载该漫画，记录数据库中
2026-10-05 01:53:44 - mkk_pika - main.py:83 - INFO - 找到 20 张图片在:第1集
2026-10-05 01:53:44 - mkk_pika - main.py:112 - INFO - [episode:第1集       ] downloaded:    20, total:  20, progress:100%
2026-10-05 01:53:44 - mkk_pika - database.py:238 - INFO - 数据库更新已下载章节
2026-10-05 01:53:44 - mkk_pika - database.py:244 - INFO - 该漫画已下载章节如下
2026-10-05 01:53:44 - mkk_pika - database.py:245 - INFO - ['第1集']
2026-10-05 01:53:46 - mkk_pika - main.py:348 - INFO - ==================== 漫画信息 ====================
                                   漫画ID：5d26dfc12d8f9a7e3d53220d
                                   标题：Caramel Macchiato10
                                   作者：MARIMO (AHEN)
                                   是否完结：否
                                   总页数：20
                                   分类：全彩,同人,短篇
                                   章节数：1
                                   最后更新时间：2019-07-11T07:05:37.092Z
                                   =================================================
2026-10-05 01:53:46 - mkk_pika - database.py:101 - INFO - 保存成功：Caramel Macchiato10
2026-10-05 01:53:46 - mkk_pika - main.py:35 - INFO - 开始检查(C92) TriLiNKER (戦姫絶唱シンフォギア) 是否存在未下载章节
2026-10-05 01:53:46 - mkk_pika - main.py:45 - INFO - 正在下载:[(C92) TriLiNKER (戦姫絶唱シンフォギア) ]-[CLOCK (しゅんぞう)]-[['同人', '短篇']]-[total_pages:24]
2026-10-05 01:53:46 - mkk_pika - main.py:49 - INFO - [{'_id': '5d26dfdc0e47f27e38357487', 'title': '第1集', 'order': 1, 'updated_at': '2019-07-10T13:29:21.822Z', 'id': '5d26dfdc0e47f27e38357487'}]
2026-10-05 01:53:46 - mkk_pika - database.py:215 - INFO - 第一次下载该漫画，记录数据库中
2026-10-05 01:53:46 - mkk_pika - main.py:83 - INFO - 找到 24 张图片在:第1集
2026-10-05 01:53:47 - mkk_pika - main.py:112 - INFO - [episode:第1集       ] downloaded:    24, total:  24, progress:100%
2026-10-05 01:53:47 - mkk_pika - database.py:238 - INFO - 数据库更新已下载章节
2026-10-05 01:53:47 - mkk_pika - database.py:244 - INFO - 该漫画已下载章节如下
2026-10-05 01:53:47 - mkk_pika - database.py:245 - INFO - ['第1集']
2026-10-05 01:53:49 - mkk_pika - main.py:348 - INFO - ==================== 漫画信息 ====================
                                   漫画ID：5d26dfdc0e47f27e38357486
                                   标题：(C92) TriLiNKER (戦姫絶唱シンフォギア) 
                                   作者：CLOCK (しゅんぞう)
                                   是否完结：是
                                   总页数：24
                                   分类：同人,短篇
                                   章节数：1
                                   最后更新时间：2019-07-11T07:06:04.982Z
                                   =================================================
2026-10-05 01:53:49 - mkk_pika - database.py:101 - INFO - 保存成功：(C92) TriLiNKER (戦姫絶唱シンフォギア) 
2026-10-05 01:53:49 - mkk_pika - main.py:35 - INFO - 开始检查ぷち・れじぇんず是否存在未下载章节
2026-10-05 01:53:49 - mkk_pika - main.py:45 - INFO - 正在下载:[ぷち・れじぇんず]-[ねっつ—]-[['同人', '短篇', '百合花園', '純愛', '非人類']]-[total_pages:34]
2026-10-05 01:53:49 - mkk_pika - main.py:49 - INFO - [{'_id': '5d26dffb76eef27e254b666a', 'title': '第1集', 'order': 1, 'updated_at': '2019-07-10T13:33:17.424Z', 'id': '5d26dffb76eef27e254b666a'}]
2026-10-05 01:53:49 - mkk_pika - database.py:215 - INFO - 第一次下载该漫画，记录数据库中
2026-10-05 01:53:50 - mkk_pika - main.py:83 - INFO - 找到 34 张图片在:第1集
2026-10-05 01:53:50 - mkk_pika - main.py:112 - INFO - [episode:第1集       ] downloaded:    34, total:  34, progress:100%
2026-10-05 01:53:50 - mkk_pika - database.py:238 - INFO - 数据库更新已下载章节
2026-10-05 01:53:50 - mkk_pika - database.py:244 - INFO - 该漫画已下载章节如下
2026-10-05 01:53:50 - mkk_pika - database.py:245 - INFO - ['第1集']
2026-10-05 01:53:52 - mkk_pika - main.py:348 - INFO - ==================== 漫画信息 ====================
                                   漫画ID：5d26dffb76eef27e254b6669
                                   标题：ぷち・れじぇんず
                                   作者：ねっつ—
                                   是否完结：否
                                   总页数：34
                                   分类：同人,短篇,百合花園,純愛,非人類
                                   章节数：1
                                   最后更新时间：2019-07-11T07:06:35.479Z
                                   =================================================
2026-10-05 01:53:52 - mkk_pika - database.py:101 - INFO - 保存成功：ぷち・れじぇんず
2026-10-05 01:53:52 - mkk_pika - main.py:35 - INFO - 开始检查Caramel Macchiato8是否存在未下载章节
2026-10-05 01:53:52 - mkk_pika - main.py:45 - INFO - 正在下载:[Caramel Macchiato8]-[MARIMO (AHEN)]-[['全彩', '同人', '短篇', '足の恋']]-[total_pages:18]
2026-10-05 01:53:52 - mkk_pika - main.py:49 - INFO - [{'_id': '5d26e00f6eaf917e2a4164fc', 'title': '第1集', 'order': 1, 'updated_at': '2019-07-10T13:44:48.865Z', 'id': '5d26e00f6eaf917e2a4164fc'}]
2026-10-05 01:53:52 - mkk_pika - database.py:215 - INFO - 第一次下载该漫画，记录数据库中
2026-10-05 01:53:53 - mkk_pika - main.py:83 - INFO - 找到 18 张图片在:第1集
2026-10-05 01:53:53 - mkk_pika - main.py:112 - INFO - [episode:第1集       ] downloaded:    18, total:  18, progress:100%
2026-10-05 01:53:53 - mkk_pika - database.py:238 - INFO - 数据库更新已下载章节
2026-10-05 01:53:53 - mkk_pika - database.py:244 - INFO - 该漫画已下载章节如下
2026-10-05 01:53:53 - mkk_pika - database.py:245 - INFO - ['第1集']
2026-10-05 01:53:54 - mkk_pika - main.py:348 - INFO - ==================== 漫画信息 ====================
                                   漫画ID：5d26e00f6eaf917e2a4164fb
                                   标题：Caramel Macchiato8
                                   作者：MARIMO (AHEN)
                                   是否完结：否
                                   总页数：18
                                   分类：全彩,同人,短篇,足の恋
                                   章节数：1
                                   最后更新时间：2019-07-11T07:06:55.451Z
                                   =================================================
2026-10-05 01:53:54 - mkk_pika - database.py:101 - INFO - 保存成功：Caramel Macchiato8
2026-10-05 01:53:54 - mkk_pika - main.py:35 - INFO - 开始检查Caramel Macchiato7是否存在未下载章节
2026-10-05 01:53:55 - mkk_pika - main.py:45 - INFO - 正在下载:[Caramel Macchiato7]-[MARIMO (AHEN)]-[['全彩', '同人', '短篇', '足の恋']]-[total_pages:19]
2026-10-05 01:53:55 - mkk_pika - main.py:49 - INFO - [{'_id': '5d26e0356eaf917e2a416510', 'title': '第1集', 'order': 1, 'updated_at': '2019-07-10T13:50:37.675Z', 'id': '5d26e0356eaf917e2a416510'}]
2026-10-05 01:53:55 - mkk_pika - database.py:215 - INFO - 第一次下载该漫画，记录数据库中
2026-10-05 01:53:55 - mkk_pika - main.py:83 - INFO - 找到 19 张图片在:第1集
2026-10-05 01:53:56 - mkk_pika - main.py:112 - INFO - [episode:第1集       ] downloaded:    19, total:  19, progress:100%
2026-10-05 01:53:56 - mkk_pika - database.py:238 - INFO - 数据库更新已下载章节
2026-10-05 01:53:56 - mkk_pika - database.py:244 - INFO - 该漫画已下载章节如下
2026-10-05 01:53:56 - mkk_pika - database.py:245 - INFO - ['第1集']
2026-10-05 01:53:57 - mkk_pika - main.py:348 - INFO - ==================== 漫画信息 ====================
                                   漫画ID：5d26e0356eaf917e2a41650f
                                   标题：Caramel Macchiato7
                                   作者：MARIMO (AHEN)
                                   是否完结：否
                                   总页数：19
                                   分类：全彩,同人,短篇,足の恋
                                   章节数：1
                                   最后更新时间：2019-07-11T07:07:33.335Z
                                   =================================================
2026-10-05 01:53:57 - mkk_pika - database.py:101 - INFO - 保存成功：Caramel Macchiato7
2026-10-05 01:53:57 - mkk_pika - main.py:35 - INFO - 开始检查Caramel Macchiato5是否存在未下载章节
2026-10-05 01:53:57 - mkk_pika - main.py:45 - INFO - 正在下载:[Caramel Macchiato5]-[MARIMO (AHEN)]-[['全彩', '同人', '短篇', '足の恋']]-[total_pages:19]
2026-10-05 01:53:57 - mkk_pika - main.py:49 - INFO - [{'_id': '5d26e04b6eaf917e2a416525', 'title': '第1集', 'order': 1, 'updated_at': '2019-07-10T13:56:07.009Z', 'id': '5d26e04b6eaf917e2a416525'}]
2026-10-05 01:53:57 - mkk_pika - database.py:215 - INFO - 第一次下载该漫画，记录数据库中
2026-10-05 01:53:58 - mkk_pika - main.py:83 - INFO - 找到 19 张图片在:第1集
2026-10-05 01:53:59 - mkk_pika - main.py:112 - INFO - [episode:第1集       ] downloaded:    19, total:  19, progress:100%
2026-10-05 01:53:59 - mkk_pika - database.py:238 - INFO - 数据库更新已下载章节
2026-10-05 01:53:59 - mkk_pika - database.py:244 - INFO - 该漫画已下载章节如下
2026-10-05 01:53:59 - mkk_pika - database.py:245 - INFO - ['第1集']
2026-10-05 01:54:00 - mkk_pika - main.py:348 - INFO - ==================== 漫画信息 ====================
                                   漫画ID：5d26e04b6eaf917e2a416524
                                   标题：Caramel Macchiato5
                                   作者：MARIMO (AHEN)
                                   是否完结：否
                                   总页数：19
                                   分类：全彩,同人,短篇,足の恋
                                   章节数：1
                                   最后更新时间：2019-07-11T07:07:55.565Z
                                   =================================================
2026-10-05 01:54:00 - mkk_pika - database.py:101 - INFO - 保存成功：Caramel Macchiato5
2026-10-05 01:54:00 - mkk_pika - main.py:35 - INFO - 开始检查みんなの調査少女 [中国翻訳] [DL版]是否存在未下载章节
2026-10-05 01:54:00 - mkk_pika - main.py:45 - INFO - 正在下载:[みんなの調査少女 [中国翻訳] [DL版]]-[CRAFT (きぃう)]-[['短篇']]-[total_pages:18]
2026-10-05 01:54:00 - mkk_pika - main.py:49 - INFO - [{'_id': '5d26e0e36eaf917e2a416551', 'title': '第1集', 'order': 1, 'updated_at': '2019-07-10T14:44:55.877Z', 'id': '5d26e0e36eaf917e2a416551'}]
2026-10-05 01:54:00 - mkk_pika - database.py:215 - INFO - 第一次下载该漫画，记录数据库中
2026-10-05 01:54:01 - mkk_pika - main.py:83 - INFO - 找到 18 张图片在:第1集
2026-10-05 01:54:01 - mkk_pika - main.py:112 - INFO - [episode:第1集       ] downloaded:    18, total:  18, progress:100%
2026-10-05 01:54:01 - mkk_pika - database.py:238 - INFO - 数据库更新已下载章节
2026-10-05 01:54:01 - mkk_pika - database.py:244 - INFO - 该漫画已下载章节如下
2026-10-05 01:54:01 - mkk_pika - database.py:245 - INFO - ['第1集']
2026-10-05 01:54:03 - mkk_pika - main.py:348 - INFO - ==================== 漫画信息 ====================
                                   漫画ID：5d26e0e36eaf917e2a416550
                                   标题：みんなの調査少女 [中国翻訳] [DL版]
                                   作者：CRAFT (きぃう)
                                   是否完结：是
                                   总页数：18
                                   分类：短篇
                                   章节数：1
                                   最后更新时间：2019-07-11T07:10:27.967Z
                                   =================================================
2026-10-05 01:54:03 - mkk_pika - database.py:101 - INFO - 保存成功：みんなの調査少女 [中国翻訳] [DL版]
2026-10-05 01:54:03 - mkk_pika - main.py:35 - INFO - 开始检查(C90) [PINKのCHAO! (しかげなぎ)] 空想ロック (アイドルマスター シンデレラガールズ)是否存在未下载章节
2026-10-05 01:54:03 - mkk_pika - main.py:45 - INFO - 正在下载:[(C90) [PINKのCHAO! (しかげなぎ)] 空想ロック (アイドルマスター シンデレラガールズ)]-[しかげなぎ]-[['短篇', '純愛', '百合花園']]-[total_pages:22]
2026-10-05 01:54:03 - mkk_pika - main.py:49 - INFO - [{'_id': '5d26e1340e47f27e383575df', 'title': '第1集', 'order': 1, 'updated_at': '2019-07-10T15:09:33.235Z', 'id': '5d26e1340e47f27e383575df'}]
2026-10-05 01:54:03 - mkk_pika - database.py:215 - INFO - 第一次下载该漫画，记录数据库中
2026-10-05 01:54:04 - mkk_pika - main.py:83 - INFO - 找到 22 张图片在:第1集
2026-10-05 01:54:05 - mkk_pika - main.py:112 - INFO - [episode:第1集       ] downloaded:    22, total:  22, progress:100%
2026-10-05 01:54:05 - mkk_pika - database.py:238 - INFO - 数据库更新已下载章节
2026-10-05 01:54:05 - mkk_pika - database.py:244 - INFO - 该漫画已下载章节如下
2026-10-05 01:54:05 - mkk_pika - database.py:245 - INFO - ['第1集']
2026-10-05 01:54:06 - mkk_pika - main.py:348 - INFO - ==================== 漫画信息 ====================
                                   漫画ID：5d26e1340e47f27e383575de
                                   标题：(C90) [PINKのCHAO! (しかげなぎ)] 空想ロック (アイドルマスター シンデレラガールズ)
                                   作者：しかげなぎ
                                   是否完结：否
                                   总页数：22
                                   分类：短篇,純愛,百合花園
                                   章节数：1
                                   最后更新时间：2019-07-11T07:11:48.330Z
                                   =================================================
2026-10-05 01:54:06 - mkk_pika - database.py:101 - INFO - 保存成功：(C90) [PINKのCHAO! (しかげなぎ)] 空想ロック (アイドルマスター シンデレラガールズ)
2026-10-05 01:54:06 - mkk_pika - main.py:35 - INFO - 开始检查(COMIC1☆15)  夢ノ濡色 (ゼノブレイド2) [中国翻訳]是否存在未下载章节
2026-10-05 01:54:06 - mkk_pika - main.py:45 - INFO - 正在下载:[(COMIC1☆15)  夢ノ濡色 (ゼノブレイド2) [中国翻訳]]-[じゃじゅじょ (じょぶじゅん。)]-[['短篇', '同人', '後宮閃光']]-[total_pages:27]
2026-10-05 01:54:06 - mkk_pika - main.py:49 - INFO - [{'_id': '5d26e22f0e47f27e38357742', 'title': '第1集', 'order': 1, 'updated_at': '2019-07-10T16:13:19.587Z', 'id': '5d26e22f0e47f27e38357742'}]
2026-10-05 01:54:06 - mkk_pika - database.py:215 - INFO - 第一次下载该漫画，记录数据库中
2026-10-05 01:54:07 - mkk_pika - main.py:83 - INFO - 找到 27 张图片在:第1集
2026-10-05 01:54:08 - mkk_pika - main.py:112 - INFO - [episode:第1集       ] downloaded:    27, total:  27, progress:100%
2026-10-05 01:54:08 - mkk_pika - database.py:238 - INFO - 数据库更新已下载章节
2026-10-05 01:54:08 - mkk_pika - database.py:244 - INFO - 该漫画已下载章节如下
2026-10-05 01:54:08 - mkk_pika - database.py:245 - INFO - ['第1集']
2026-10-05 01:54:09 - mkk_pika - main.py:348 - INFO - ==================== 漫画信息 ====================
                                   漫画ID：5d26e22f0e47f27e38357741
                                   标题：(COMIC1☆15)  夢ノ濡色 (ゼノブレイド2) [中国翻訳]
                                   作者：じゃじゅじょ (じょぶじゅん。)
                                   是否完结：是
                                   总页数：27
                                   分类：短篇,同人,後宮閃光
                                   章节数：1
                                   最后更新时间：2019-07-11T07:15:59.456Z
                                   =================================================
2026-10-05 01:54:09 - mkk_pika - database.py:101 - INFO - 保存成功：(COMIC1☆15)  夢ノ濡色 (ゼノブレイド2) [中国翻訳]
2026-10-05 01:54:09 - mkk_pika - main.py:35 - INFO - 开始检查 JC移動更衣室(偽) [DL版]是否存在未下载章节
2026-10-05 01:54:09 - mkk_pika - main.py:45 - INFO - 正在下载:[ JC移動更衣室(偽) [DL版]]-[Art Jam (みつまろ)]-[['短篇', '同人']]-[total_pages:35]
2026-10-05 01:54:09 - mkk_pika - main.py:49 - INFO - [{'_id': '5d27201186e935102bc798f5', 'title': '第1集', 'order': 1, 'updated_at': '2019-07-10T16:28:09.307Z', 'id': '5d27201186e935102bc798f5'}]
2026-10-05 01:54:09 - mkk_pika - database.py:215 - INFO - 第一次下载该漫画，记录数据库中
2026-10-05 01:54:10 - mkk_pika - main.py:83 - INFO - 找到 35 张图片在:第1集
2026-10-05 01:54:11 - mkk_pika - main.py:112 - INFO - [episode:第1集       ] downloaded:    35, total:  35, progress:100%
2026-10-05 01:54:11 - mkk_pika - database.py:238 - INFO - 数据库更新已下载章节
2026-10-05 01:54:11 - mkk_pika - database.py:244 - INFO - 该漫画已下载章节如下
2026-10-05 01:54:11 - mkk_pika - database.py:245 - INFO - ['第1集']
2026-10-05 01:54:12 - mkk_pika - main.py:348 - INFO - ==================== 漫画信息 ====================
                                   漫画ID：5d27201186e935102bc798f4
                                   标题： JC移動更衣室(偽) [DL版]
                                   作者：Art Jam (みつまろ)
                                   是否完结：否
                                   总页数：35
                                   分类：短篇,同人
                                   章节数：1
                                   最后更新时间：2019-07-11T11:40:01.285Z
                                   =================================================
2026-10-05 01:54:12 - mkk_pika - database.py:101 - INFO - 保存成功： JC移動更衣室(偽) [DL版]
2026-10-05 01:54:12 - mkk_pika - main.py:35 - INFO - 开始检查(C87) 魂獣淫居暮らし (神羅万象)是否存在未下载章节
2026-10-05 01:54:13 - mkk_pika - main.py:45 - INFO - 正在下载:[(C87) 魂獣淫居暮らし (神羅万象)]-[脳内液汁 (ソメジマ)]-[['同人', '短篇', '非人類']]-[total_pages:37]
2026-10-05 01:54:13 - mkk_pika - main.py:49 - INFO - [{'_id': '5a0886a53152fe06aac37adf', 'title': '第1集', 'order': 1, 'updated_at': '2017-11-12T17:33:17.273Z', 'id': '5a0886a53152fe06aac37adf'}, {'_id': '5d2721d733955310477f5acb', 'title': '第2集', 'order': 2, 'updated_at': '2019-07-11T01:25:27.754Z', 'id': '5d2721d733955310477f5acb'}]
2026-10-05 01:54:13 - mkk_pika - database.py:215 - INFO - 第一次下载该漫画，记录数据库中
2026-10-05 01:54:13 - mkk_pika - main.py:83 - INFO - 找到 26 张图片在:第1集
2026-10-05 01:54:14 - mkk_pika - main.py:112 - INFO - [episode:第1集       ] downloaded:    26, total:  26, progress:100%
2026-10-05 01:54:14 - mkk_pika - database.py:238 - INFO - 数据库更新已下载章节
2026-10-05 01:54:14 - mkk_pika - database.py:244 - INFO - 该漫画已下载章节如下
2026-10-05 01:54:14 - mkk_pika - database.py:245 - INFO - ['第1集']
2026-10-05 01:54:15 - mkk_pika - main.py:83 - INFO - 找到 11 张图片在:第2集
2026-10-05 01:54:16 - mkk_pika - main.py:112 - INFO - [episode:第2集       ] downloaded:    11, total:  11, progress:100%
2026-10-05 01:54:16 - mkk_pika - database.py:238 - INFO - 数据库更新已下载章节
2026-10-05 01:54:16 - mkk_pika - database.py:244 - INFO - 该漫画已下载章节如下
2026-10-05 01:54:16 - mkk_pika - database.py:245 - INFO - ['第1集', '第2集']
2026-10-05 01:54:17 - mkk_pika - main.py:348 - INFO - ==================== 漫画信息 ====================
                                   漫画ID：5a0886a53152fe06aac37ade
                                   标题：(C87) 魂獣淫居暮らし (神羅万象)
                                   作者：脳内液汁 (ソメジマ)
                                   是否完结：是
                                   总页数：37
                                   分类：同人,短篇,非人類
                                   章节数：2
                                   最后更新时间：2019-07-11T11:47:35.406Z
                                   =================================================
2026-10-05 01:54:17 - mkk_pika - database.py:101 - INFO - 保存成功：(C87) 魂獣淫居暮らし (神羅万象)
2026-10-05 01:54:17 - mkk_pika - main.py:35 - INFO - 开始检查(COMIC1☆15)  アロマティック オブ 秦良玉 (Fate/Grand Order)是否存在未下载章节
2026-10-05 01:54:17 - mkk_pika - main.py:45 - INFO - 正在下载:[(COMIC1☆15)  アロマティック オブ 秦良玉 (Fate/Grand Order)]-[じのり屋 (のりじ)]-[['短篇', '同人', '純愛', 'Fate']]-[total_pages:45]
2026-10-05 01:54:17 - mkk_pika - main.py:49 - INFO - [{'_id': '5cdf72211307055b7961c3a9', 'title': '第1集', 'order': 1, 'updated_at': '2019-05-13T13:03:27.459Z', 'id': '5cdf72211307055b7961c3a9'}, {'_id': '5d27222a1a39e0103ec21b87', 'title': '汉化', 'order': 2, 'updated_at': '2019-07-10T20:59:50.142Z', 'id': '5d27222a1a39e0103ec21b87'}]
2026-10-05 01:54:17 - mkk_pika - database.py:215 - INFO - 第一次下载该漫画，记录数据库中
2026-10-05 01:54:18 - mkk_pika - main.py:83 - INFO - 找到 22 张图片在:第1集
2026-10-05 01:54:18 - mkk_pika - main.py:112 - INFO - [episode:第1集       ] downloaded:    22, total:  22, progress:100%
2026-10-05 01:54:18 - mkk_pika - database.py:238 - INFO - 数据库更新已下载章节
2026-10-05 01:54:18 - mkk_pika - database.py:244 - INFO - 该漫画已下载章节如下
2026-10-05 01:54:18 - mkk_pika - database.py:245 - INFO - ['第1集']
2026-10-05 01:54:20 - mkk_pika - main.py:83 - INFO - 找到 23 张图片在:汉化
2026-10-05 01:54:21 - mkk_pika - main.py:112 - INFO - [episode:汉化        ] downloaded:    23, total:  23, progress:100%
2026-10-05 01:54:21 - mkk_pika - database.py:238 - INFO - 数据库更新已下载章节
2026-10-05 01:54:21 - mkk_pika - database.py:244 - INFO - 该漫画已下载章节如下
2026-10-05 01:54:21 - mkk_pika - database.py:245 - INFO - ['第1集', '汉化']
2026-10-05 01:54:22 - mkk_pika - main.py:348 - INFO - ==================== 漫画信息 ====================
                                   漫画ID：5cdf72211307055b7961c3a8
                                   标题：(COMIC1☆15)  アロマティック オブ 秦良玉 (Fate/Grand Order)
                                   作者：じのり屋 (のりじ)
                                   是否完结：是
                                   总页数：45
                                   分类：短篇,同人,純愛,Fate
                                   章节数：2
                                   最后更新时间：2019-07-11T11:48:58.495Z
                                   =================================================
2026-10-05 01:54:22 - mkk_pika - database.py:101 - INFO - 保存成功：(COMIC1☆15)  アロマティック オブ 秦良玉 (Fate/Grand Order)
2026-10-05 01:54:22 - mkk_pika - main.py:35 - INFO - 开始检查明日方舟 p站杂图是否存在未下载章节
2026-10-05 01:54:22 - mkk_pika - main.py:375 - ERROR - Download failed for 明日方舟 p站杂图, with Exception:'author'
2026-10-05 01:54:22 - mkk_pika - main.py:35 - INFO - 开始检查女子高生には非情是否存在未下载章节
2026-10-05 01:54:22 - mkk_pika - main.py:45 - INFO - 正在下载:[女子高生には非情]-[Split Second (カイワレ)]-[['同人', '短篇', 'NTR', '強暴']]-[total_pages:19]
2026-10-05 01:54:22 - mkk_pika - main.py:49 - INFO - [{'_id': '5d273bca33955310477f5ba3', 'title': '第1集', 'order': 1, 'updated_at': '2019-07-11T04:58:20.725Z', 'id': '5d273bca33955310477f5ba3'}]
2026-10-05 01:54:22 - mkk_pika - database.py:215 - INFO - 第一次下载该漫画，记录数据库中
2026-10-05 01:54:23 - mkk_pika - main.py:83 - INFO - 找到 19 张图片在:第1集
2026-10-05 01:54:24 - mkk_pika - main.py:112 - INFO - [episode:第1集       ] downloaded:    19, total:  19, progress:100%
2026-10-05 01:54:24 - mkk_pika - database.py:238 - INFO - 数据库更新已下载章节
2026-10-05 01:54:24 - mkk_pika - database.py:244 - INFO - 该漫画已下载章节如下
2026-10-05 01:54:24 - mkk_pika - database.py:245 - INFO - ['第1集']
2026-10-05 01:54:25 - mkk_pika - main.py:348 - INFO - ==================== 漫画信息 ====================
                                   漫画ID：5d273bca33955310477f5ba2
                                   标题：女子高生には非情
                                   作者：Split Second (カイワレ)
                                   是否完结：否
                                   总页数：19
                                   分类：同人,短篇,NTR,強暴
                                   章节数：1
                                   最后更新时间：2019-07-11T13:38:18.488Z
                                   =================================================
2026-10-05 01:54:25 - mkk_pika - database.py:101 - INFO - 保存成功：女子高生には非情
2026-10-05 01:54:25 - mkk_pika - main.py:35 - INFO - 开始检查男子と女子の日常是否存在未下载章节
2026-10-05 01:54:25 - mkk_pika - main.py:45 - INFO - 正在下载:[男子と女子の日常]-[BlueMage (あおいまなぶ)]-[['同人', '短篇']]-[total_pages:15]
2026-10-05 01:54:25 - mkk_pika - main.py:49 - INFO - [{'_id': '5d273bdc1a39e0103ec21d91', 'title': '第1集', 'order': 1, 'updated_at': '2019-07-11T05:03:50.035Z', 'id': '5d273bdc1a39e0103ec21d91'}]
2026-10-05 01:54:25 - mkk_pika - database.py:215 - INFO - 第一次下载该漫画，记录数据库中
2026-10-05 01:54:26 - mkk_pika - main.py:83 - INFO - 找到 15 张图片在:第1集
2026-10-05 01:54:26 - mkk_pika - main.py:112 - INFO - [episode:第1集       ] downloaded:    15, total:  15, progress:100%
2026-10-05 01:54:26 - mkk_pika - database.py:238 - INFO - 数据库更新已下载章节
2026-10-05 01:54:26 - mkk_pika - database.py:244 - INFO - 该漫画已下载章节如下
2026-10-05 01:54:26 - mkk_pika - database.py:245 - INFO - ['第1集']
2026-10-05 01:54:28 - mkk_pika - main.py:348 - INFO - ==================== 漫画信息 ====================
                                   漫画ID：5d273bdc1a39e0103ec21d90
                                   标题：男子と女子の日常
                                   作者：BlueMage (あおいまなぶ)
                                   是否完结：否
                                   总页数：15
                                   分类：同人,短篇
                                   章节数：1
                                   最后更新时间：2019-07-11T13:38:36.892Z
                                   =================================================
2026-10-05 01:54:28 - mkk_pika - database.py:101 - INFO - 保存成功：男子と女子の日常
2026-10-05 01:54:28 - mkk_pika - main.py:35 - INFO - 开始检查(C91) 直葉ちゃん修学乱交 (ソードアート・オンライン) [中国翻訳]是否存在未下载章节
2026-10-05 01:54:28 - mkk_pika - main.py:45 - INFO - 正在下载:[(C91) 直葉ちゃん修学乱交 (ソードアート・オンライン) [中国翻訳]]-[waterwheel (白田太)]-[['短篇', '同人', 'SAO 刀劍神域']]-[total_pages:21]
2026-10-05 01:54:28 - mkk_pika - main.py:49 - INFO - [{'_id': '5d273c291a39e0103ec21db6', 'title': '第1集', 'order': 1, 'updated_at': '2019-07-11T05:25:25.591Z', 'id': '5d273c291a39e0103ec21db6'}]
2026-10-05 01:54:28 - mkk_pika - database.py:215 - INFO - 第一次下载该漫画，记录数据库中
2026-10-05 01:54:29 - mkk_pika - main.py:83 - INFO - 找到 21 张图片在:第1集
2026-10-05 01:54:29 - mkk_pika - main.py:112 - INFO - [episode:第1集       ] downloaded:    21, total:  21, progress:100%
2026-10-05 01:54:29 - mkk_pika - database.py:238 - INFO - 数据库更新已下载章节
2026-10-05 01:54:29 - mkk_pika - database.py:244 - INFO - 该漫画已下载章节如下
2026-10-05 01:54:29 - mkk_pika - database.py:245 - INFO - ['第1集']
2026-10-05 01:54:31 - mkk_pika - main.py:348 - INFO - ==================== 漫画信息 ====================
                                   漫画ID：5d273c291a39e0103ec21db5
                                   标题：(C91) 直葉ちゃん修学乱交 (ソードアート・オンライン) [中国翻訳]
                                   作者：waterwheel (白田太)
                                   是否完结：是
                                   总页数：21
                                   分类：短篇,同人,SAO 刀劍神域
                                   章节数：1
                                   最后更新时间：2019-07-11T13:39:53.076Z
                                   =================================================
2026-10-05 01:54:31 - mkk_pika - database.py:101 - INFO - 保存成功：(C91) 直葉ちゃん修学乱交 (ソードアート・オンライン) [中国翻訳]
2026-10-05 01:54:31 - mkk_pika - main.py:35 - INFO - 开始检查(C94) エクスさんが催眠洗脳される本 (千年戦争アイギス) [中国翻訳]是否存在未下载章节
2026-10-05 01:54:31 - mkk_pika - main.py:45 - INFO - 正在下载:[(C94) エクスさんが催眠洗脳される本 (千年戦争アイギス) [中国翻訳]]-[ジョーんご亭 (シコジョー)]-[['短篇', '同人', '強暴']]-[total_pages:24]
2026-10-05 01:54:31 - mkk_pika - main.py:49 - INFO - [{'_id': '5d273c37cbbdea10319cf27a', 'title': '第1集', 'order': 1, 'updated_at': '2019-07-11T05:33:20.331Z', 'id': '5d273c37cbbdea10319cf27a'}]
2026-10-05 01:54:31 - mkk_pika - database.py:215 - INFO - 第一次下载该漫画，记录数据库中
2026-10-05 01:54:31 - mkk_pika - main.py:83 - INFO - 找到 24 张图片在:第1集
2026-10-05 01:54:32 - mkk_pika - main.py:112 - INFO - [episode:第1集       ] downloaded:    24, total:  24, progress:100%
2026-10-05 01:54:32 - mkk_pika - database.py:238 - INFO - 数据库更新已下载章节
2026-10-05 01:54:32 - mkk_pika - database.py:244 - INFO - 该漫画已下载章节如下
2026-10-05 01:54:32 - mkk_pika - database.py:245 - INFO - ['第1集']
2026-10-05 01:54:34 - mkk_pika - main.py:348 - INFO - ==================== 漫画信息 ====================
                                   漫画ID：5d273c37cbbdea10319cf279
                                   标题：(C94) エクスさんが催眠洗脳される本 (千年戦争アイギス) [中国翻訳]
                                   作者：ジョーんご亭 (シコジョー)
                                   是否完结：是
                                   总页数：24
                                   分类：短篇,同人,強暴
                                   章节数：1
                                   最后更新时间：2019-07-11T13:40:07.213Z
                                   =================================================
2026-10-05 01:54:34 - mkk_pika - database.py:101 - INFO - 保存成功：(C94) エクスさんが催眠洗脳される本 (千年戦争アイギス) [中国翻訳]
2026-10-05 01:54:34 - mkk_pika - main.py:35 - INFO - 开始检查(C95) あおいちゃんとイイコト! (ヤマノススメ) [中国翻訳]是否存在未下载章节
2026-10-05 01:54:34 - mkk_pika - main.py:45 - INFO - 正在下载:[(C95) あおいちゃんとイイコト! (ヤマノススメ) [中国翻訳]]-[じどー筆記 (こけこっこ☆こま)]-[['短篇', '純愛']]-[total_pages:27]
2026-10-05 01:54:34 - mkk_pika - main.py:49 - INFO - [{'_id': '5d273c781a39e0103ec21dce', 'title': '第1集', 'order': 1, 'updated_at': '2019-07-11T05:45:19.268Z', 'id': '5d273c781a39e0103ec21dce'}]
2026-10-05 01:54:34 - mkk_pika - database.py:215 - INFO - 第一次下载该漫画，记录数据库中
2026-10-05 01:54:34 - mkk_pika - main.py:83 - INFO - 找到 27 张图片在:第1集
2026-10-05 01:54:35 - mkk_pika - main.py:112 - INFO - [episode:第1集       ] downloaded:    27, total:  27, progress:100%
2026-10-05 01:54:35 - mkk_pika - database.py:238 - INFO - 数据库更新已下载章节
2026-10-05 01:54:35 - mkk_pika - database.py:244 - INFO - 该漫画已下载章节如下
2026-10-05 01:54:35 - mkk_pika - database.py:245 - INFO - ['第1集']
2026-10-05 01:54:37 - mkk_pika - main.py:348 - INFO - ==================== 漫画信息 ====================
                                   漫画ID：5d273c781a39e0103ec21dcd
                                   标题：(C95) あおいちゃんとイイコト! (ヤマノススメ) [中国翻訳]
                                   作者：じどー筆記 (こけこっこ☆こま)
                                   是否完结：是
                                   总页数：27
                                   分类：短篇,純愛
                                   章节数：1
                                   最后更新时间：2019-07-11T13:41:12.411Z
                                   =================================================
2026-10-05 01:54:37 - mkk_pika - database.py:101 - INFO - 保存成功：(C95) あおいちゃんとイイコト! (ヤマノススメ) [中国翻訳]
2026-10-05 01:54:37 - mkk_pika - main.py:35 - INFO - 开始检查 帰宅後彼女と… [中国翻訳] [DL版]是否存在未下载章节
2026-10-05 01:54:37 - mkk_pika - main.py:45 - INFO - 正在下载:[ 帰宅後彼女と… [中国翻訳] [DL版]]-[Multi-Type (pasdar)]-[['短篇', '純愛']]-[total_pages:26]
2026-10-05 01:54:37 - mkk_pika - main.py:49 - INFO - [{'_id': '5d273c8b33955310477f5bbd', 'title': '第1集', 'order': 1, 'updated_at': '2019-07-11T06:02:22.147Z', 'id': '5d273c8b33955310477f5bbd'}]
2026-10-05 01:54:37 - mkk_pika - database.py:215 - INFO - 第一次下载该漫画，记录数据库中
2026-10-05 01:54:38 - mkk_pika - main.py:83 - INFO - 找到 26 张图片在:第1集
2026-10-05 01:54:38 - mkk_pika - main.py:112 - INFO - [episode:第1集       ] downloaded:    26, total:  26, progress:100%
2026-10-05 01:54:38 - mkk_pika - database.py:238 - INFO - 数据库更新已下载章节
2026-10-05 01:54:38 - mkk_pika - database.py:244 - INFO - 该漫画已下载章节如下
2026-10-05 01:54:38 - mkk_pika - database.py:245 - INFO - ['第1集']
2026-10-05 01:54:40 - mkk_pika - main.py:348 - INFO - ==================== 漫画信息 ====================
                                   漫画ID：5d273c8b33955310477f5bbc
                                   标题： 帰宅後彼女と… [中国翻訳] [DL版]
                                   作者：Multi-Type (pasdar)
                                   是否完结：是
                                   总页数：26
                                   分类：短篇,純愛
                                   章节数：1
                                   最后更新时间：2019-07-11T13:41:31.627Z
                                   =================================================
2026-10-05 01:54:40 - mkk_pika - database.py:101 - INFO - 保存成功： 帰宅後彼女と… [中国翻訳] [DL版]
2026-10-05 01:54:40 - mkk_pika - main.py:35 - INFO - 开始检查(C95)  貧乳ブーム (ランス10)是否存在未下载章节
2026-10-05 01:54:40 - mkk_pika - main.py:45 - INFO - 正在下载:[(C95)  貧乳ブーム (ランス10)]-[crossray (大森誠)]-[['短篇', '同人']]-[total_pages:35]
2026-10-05 01:54:40 - mkk_pika - main.py:49 - INFO - [{'_id': '5d273cee33955310477f5d45', 'title': '第1集', 'order': 1, 'updated_at': '2019-07-11T06:52:42.475Z', 'id': '5d273cee33955310477f5d45'}]
2026-10-05 01:54:40 - mkk_pika - database.py:215 - INFO - 第一次下载该漫画，记录数据库中
2026-10-05 01:54:40 - mkk_pika - main.py:83 - INFO - 找到 35 张图片在:第1集
2026-10-05 01:54:41 - mkk_pika - main.py:112 - INFO - [episode:第1集       ] downloaded:    35, total:  35, progress:100%
2026-10-05 01:54:41 - mkk_pika - database.py:238 - INFO - 数据库更新已下载章节
2026-10-05 01:54:41 - mkk_pika - database.py:244 - INFO - 该漫画已下载章节如下
2026-10-05 01:54:41 - mkk_pika - database.py:245 - INFO - ['第1集']
2026-10-05 01:54:43 - mkk_pika - main.py:348 - INFO - ==================== 漫画信息 ====================
                                   漫画ID：5d273cee33955310477f5d44
                                   标题：(C95)  貧乳ブーム (ランス10)
                                   作者：crossray (大森誠)
                                   是否完结：是
                                   总页数：35
                                   分类：短篇,同人
                                   章节数：1
                                   最后更新时间：2019-07-11T13:43:10.845Z
                                   =================================================
2026-10-05 01:54:43 - mkk_pika - database.py:101 - INFO - 保存成功：(C95)  貧乳ブーム (ランス10)
2026-10-05 01:54:43 - mkk_pika - main.py:35 - INFO - 开始检查(C94) パパは渡さないっ (艦隊これくしょん -艦これ-)是否存在未下载章节
2026-10-05 01:54:43 - mkk_pika - main.py:45 - INFO - 正在下载:[(C94) パパは渡さないっ (艦隊これくしょん -艦これ-)]-[ととていすと (すずきとと)]-[['短篇', '同人', '純愛', '艦隊收藏']]-[total_pages:28]
2026-10-05 01:54:43 - mkk_pika - main.py:49 - INFO - [{'_id': '5d273d3a33955310477f5d6c', 'title': '第1集', 'order': 1, 'updated_at': '2019-07-11T08:34:41.174Z', 'id': '5d273d3a33955310477f5d6c'}]
2026-10-05 01:54:43 - mkk_pika - database.py:215 - INFO - 第一次下载该漫画，记录数据库中
2026-10-05 01:54:44 - mkk_pika - main.py:83 - INFO - 找到 28 张图片在:第1集
2026-10-05 01:54:45 - mkk_pika - main.py:112 - INFO - [episode:第1集       ] downloaded:    28, total:  28, progress:100%
2026-10-05 01:54:45 - mkk_pika - database.py:238 - INFO - 数据库更新已下载章节
2026-10-05 01:54:45 - mkk_pika - database.py:244 - INFO - 该漫画已下载章节如下
2026-10-05 01:54:45 - mkk_pika - database.py:245 - INFO - ['第1集']
2026-10-05 01:54:46 - mkk_pika - main.py:348 - INFO - ==================== 漫画信息 ====================
                                   漫画ID：5d273d3a33955310477f5d6b
                                   标题：(C94) パパは渡さないっ (艦隊これくしょん -艦これ-)
                                   作者：ととていすと (すずきとと)
                                   是否完结：是
                                   总页数：28
                                   分类：短篇,同人,純愛,艦隊收藏
                                   章节数：1
                                   最后更新时间：2019-07-11T13:44:26.339Z
                                   =================================================
2026-10-05 01:54:46 - mkk_pika - database.py:101 - INFO - 保存成功：(C94) パパは渡さないっ (艦隊これくしょん -艦これ-)
2026-10-05 01:54:46 - mkk_pika - main.py:35 - INFO - 开始检查 アダルトタイム♥ (コミック・マショウ 2018年7月号) [中国翻訳] [DL版]是否存在未下载章节
2026-10-05 01:54:46 - mkk_pika - main.py:45 - INFO - 正在下载:[ アダルトタイム♥ (コミック・マショウ 2018年7月号) [中国翻訳] [DL版]]-[やながわ理央]-[['短篇']]-[total_pages:20]
2026-10-05 01:54:46 - mkk_pika - main.py:49 - INFO - [{'_id': '5d273d5986e935102bc79a83', 'title': '第1集', 'order': 1, 'updated_at': '2019-07-11T08:49:54.651Z', 'id': '5d273d5986e935102bc79a83'}]
2026-10-05 01:54:46 - mkk_pika - database.py:215 - INFO - 第一次下载该漫画，记录数据库中
2026-10-05 01:54:47 - mkk_pika - main.py:83 - INFO - 找到 20 张图片在:第1集
2026-10-05 01:54:48 - mkk_pika - main.py:112 - INFO - [episode:第1集       ] downloaded:    20, total:  20, progress:100%
2026-10-05 01:54:48 - mkk_pika - database.py:238 - INFO - 数据库更新已下载章节
2026-10-05 01:54:48 - mkk_pika - database.py:244 - INFO - 该漫画已下载章节如下
2026-10-05 01:54:48 - mkk_pika - database.py:245 - INFO - ['第1集']
2026-10-05 01:54:49 - mkk_pika - main.py:348 - INFO - ==================== 漫画信息 ====================
                                   漫画ID：5d273d5986e935102bc79a82
                                   标题： アダルトタイム♥ (コミック・マショウ 2018年7月号) [中国翻訳] [DL版]
                                   作者：やながわ理央
                                   是否完结：是
                                   总页数：20
                                   分类：短篇
                                   章节数：1
                                   最后更新时间：2019-07-11T13:44:57.930Z
                                   =================================================
2026-10-05 01:54:49 - mkk_pika - database.py:101 - INFO - 保存成功： アダルトタイム♥ (コミック・マショウ 2018年7月号) [中国翻訳] [DL版]
2026-10-05 01:54:49 - mkk_pika - main.py:35 - INFO - 开始检查(C95)  巨乳女上司催眠肉人形(個人渣翻)是否存在未下载章节
2026-10-05 01:54:49 - mkk_pika - main.py:45 - INFO - 正在下载:[(C95)  巨乳女上司催眠肉人形(個人渣翻)]-[M (天野雨乃)]-[['短篇']]-[total_pages:26]
2026-10-05 01:54:49 - mkk_pika - main.py:49 - INFO - [{'_id': '5d273d8286e935102bc79a99', 'title': '第1集', 'order': 1, 'updated_at': '2019-07-11T11:13:02.744Z', 'id': '5d273d8286e935102bc79a99'}]
2026-10-05 01:54:49 - mkk_pika - database.py:215 - INFO - 第一次下载该漫画，记录数据库中
2026-10-05 01:54:50 - mkk_pika - main.py:83 - INFO - 找到 26 张图片在:第1集
2026-10-05 01:54:51 - mkk_pika - main.py:112 - INFO - [episode:第1集       ] downloaded:    26, total:  26, progress:100%
2026-10-05 01:54:51 - mkk_pika - database.py:238 - INFO - 数据库更新已下载章节
2026-10-05 01:54:51 - mkk_pika - database.py:244 - INFO - 该漫画已下载章节如下
2026-10-05 01:54:51 - mkk_pika - database.py:245 - INFO - ['第1集']
2026-10-05 01:54:52 - mkk_pika - main.py:348 - INFO - ==================== 漫画信息 ====================
                                   漫画ID：5d273d8286e935102bc79a98
                                   标题：(C95)  巨乳女上司催眠肉人形(個人渣翻)
                                   作者：M (天野雨乃)
                                   是否完结：是
                                   总页数：26
                                   分类：短篇
                                   章节数：1
                                   最后更新时间：2019-07-11T13:45:38.315Z
                                   =================================================
2026-10-05 01:54:52 - mkk_pika - database.py:101 - INFO - 保存成功：(C95)  巨乳女上司催眠肉人形(個人渣翻)
2026-10-05 01:54:52 - mkk_pika - main.py:35 - INFO - 开始检查(C95)  Only My LITTLE DEMON (ラブライブ! サンシャイン!!) [中国翻訳]是否存在未下载章节
2026-10-05 01:54:52 - mkk_pika - main.py:45 - INFO - 正在下载:[(C95)  Only My LITTLE DEMON (ラブライブ! サンシャイン!!) [中国翻訳]]-[Deadnoodles]-[['短篇', '同人', '純愛', '百合花園', 'Love Live']]-[total_pages:35]
2026-10-05 01:54:52 - mkk_pika - main.py:49 - INFO - [{'_id': '5d273d9b33955310477f5d8a', 'title': '第1集', 'order': 1, 'updated_at': '2019-07-11T11:27:32.487Z', 'id': '5d273d9b33955310477f5d8a'}]
2026-10-05 01:54:52 - mkk_pika - database.py:215 - INFO - 第一次下载该漫画，记录数据库中
2026-10-05 01:54:53 - mkk_pika - main.py:83 - INFO - 找到 35 张图片在:第1集
2026-10-05 01:54:54 - mkk_pika - main.py:112 - INFO - [episode:第1集       ] downloaded:    35, total:  35, progress:100%
2026-10-05 01:54:54 - mkk_pika - database.py:238 - INFO - 数据库更新已下载章节
2026-10-05 01:54:54 - mkk_pika - database.py:244 - INFO - 该漫画已下载章节如下
2026-10-05 01:54:54 - mkk_pika - database.py:245 - INFO - ['第1集']
2026-10-05 01:54:55 - mkk_pika - main.py:348 - INFO - ==================== 漫画信息 ====================
                                   漫画ID：5d273d9b33955310477f5d89
                                   标题：(C95)  Only My LITTLE DEMON (ラブライブ! サンシャイン!!) [中国翻訳]
                                   作者：Deadnoodles
                                   是否完结：是
                                   总页数：35
                                   分类：短篇,同人,純愛,百合花園,Love Live
                                   章节数：1
                                   最后更新时间：2019-07-11T13:46:03.526Z
                                   =================================================
2026-10-05 01:54:55 - mkk_pika - database.py:101 - INFO - 保存成功：(C95)  Only My LITTLE DEMON (ラブライブ! サンシャイン!!) [中国翻訳]
2026-10-05 01:54:55 - mkk_pika - main.py:35 - INFO - 开始检查(C88) DD (アイカツ!) [中国翻訳]是否存在未下载章节
2026-10-05 01:54:55 - mkk_pika - main.py:45 - INFO - 正在下载:[(C88) DD (アイカツ!) [中国翻訳]]-[noantica (おーじ)]-[['短篇', '同人', '百合花園', '純愛']]-[total_pages:23]
2026-10-05 01:54:55 - mkk_pika - main.py:49 - INFO - [{'_id': '5d273de31a39e0103ec21def', 'title': '第1集', 'order': 1, 'updated_at': '2019-07-11T11:44:46.421Z', 'id': '5d273de31a39e0103ec21def'}]
2026-10-05 01:54:55 - mkk_pika - database.py:215 - INFO - 第一次下载该漫画，记录数据库中
2026-10-05 01:54:56 - mkk_pika - main.py:83 - INFO - 找到 23 张图片在:第1集
2026-10-05 01:54:57 - mkk_pika - main.py:112 - INFO - [episode:第1集       ] downloaded:    23, total:  23, progress:100%
2026-10-05 01:54:57 - mkk_pika - database.py:238 - INFO - 数据库更新已下载章节
2026-10-05 01:54:57 - mkk_pika - database.py:244 - INFO - 该漫画已下载章节如下
2026-10-05 01:54:57 - mkk_pika - database.py:245 - INFO - ['第1集']
2026-10-05 01:54:58 - mkk_pika - main.py:348 - INFO - ==================== 漫画信息 ====================
                                   漫画ID：5d273de31a39e0103ec21dee
                                   标题：(C88) DD (アイカツ!) [中国翻訳]
                                   作者：noantica (おーじ)
                                   是否完结：是
                                   总页数：23
                                   分类：短篇,同人,百合花園,純愛
                                   章节数：1
                                   最后更新时间：2019-07-11T13:47:15.310Z
                                   =================================================
2026-10-05 01:54:58 - mkk_pika - database.py:101 - INFO - 保存成功：(C88) DD (アイカツ!) [中国翻訳]
2026-10-05 01:54:58 - mkk_pika - main.py:35 - INFO - 开始检查あなとも 蜜穴砲友是否存在未下载章节
2026-10-05 01:54:58 - mkk_pika - main.py:45 - INFO - 正在下载:[あなとも 蜜穴砲友]-[石川シスケ]-[['長篇', '短篇', '純愛', '後宮閃光', '姐姐系', '妹妹系', '單行本', 'NTR', '強暴', '人妻']]-[total_pages:406]
2026-10-05 01:54:58 - mkk_pika - main.py:49 - INFO - [{'_id': '5d34b85c6bf0a732f541a37a', 'title': '蜜穴砲友的單行本', 'order': 1, 'updated_at': '2019-07-21T12:29:01.734Z', 'id': '5d34b85c6bf0a732f541a37a'}]
2026-10-05 01:54:58 - mkk_pika - database.py:215 - INFO - 第一次下载该漫画，记录数据库中
2026-10-05 01:55:02 - mkk_pika - main.py:83 - INFO - 找到 426 张图片在:蜜穴砲友的單行本
2026-10-05 01:55:12 - mkk_pika - main.py:112 - INFO - [episode:蜜穴砲友的單行本  ] downloaded:   426, total: 426, progress:100%
2026-10-05 01:55:12 - mkk_pika - database.py:238 - INFO - 数据库更新已下载章节
2026-10-05 01:55:12 - mkk_pika - database.py:244 - INFO - 该漫画已下载章节如下
2026-10-05 01:55:12 - mkk_pika - database.py:245 - INFO - ['蜜穴砲友的單行本']
2026-10-05 01:55:13 - mkk_pika - main.py:348 - INFO - ==================== 漫画信息 ====================
                                   漫画ID：5d273e5486e935102bc79c35
                                   标题：あなとも 蜜穴砲友
                                   作者：石川シスケ
                                   是否完结：是
                                   总页数：406
                                   分类：長篇,短篇,純愛,後宮閃光,姐姐系,妹妹系,單行本,NTR,強暴,人妻
                                   章节数：1
                                   最后更新时间：2019-07-11T13:49:08.118Z
                                   =================================================
2026-10-05 01:55:13 - mkk_pika - database.py:101 - INFO - 保存成功：あなとも 蜜穴砲友
2026-10-05 01:55:13 - mkk_pika - main.py:35 - INFO - 开始检查 猫ごっこ (COMIC快楽天 2019年8月号) [無邪気漢化組][Digital]是否存在未下载章节
2026-10-05 01:55:13 - mkk_pika - main.py:45 - INFO - 正在下载:[ 猫ごっこ (COMIC快楽天 2019年8月号) [無邪気漢化組][Digital]]-[夏彦]-[['短篇', '純愛']]-[total_pages:19]
2026-10-05 01:55:13 - mkk_pika - main.py:49 - INFO - [{'_id': '5d2831f633cb8f151c2eee9c', 'title': '第1集', 'order': 1, 'updated_at': '2019-07-11T14:16:58.513Z', 'id': '5d2831f633cb8f151c2eee9c'}]
2026-10-05 01:55:13 - mkk_pika - database.py:215 - INFO - 第一次下载该漫画，记录数据库中
2026-10-05 01:55:14 - mkk_pika - main.py:83 - INFO - 找到 19 张图片在:第1集
2026-10-05 01:55:14 - mkk_pika - main.py:112 - INFO - [episode:第1集       ] downloaded:    19, total:  19, progress:100%
2026-10-05 01:55:14 - mkk_pika - database.py:238 - INFO - 数据库更新已下载章节
2026-10-05 01:55:14 - mkk_pika - database.py:244 - INFO - 该漫画已下载章节如下
2026-10-05 01:55:14 - mkk_pika - database.py:245 - INFO - ['第1集']
2026-10-05 01:55:16 - mkk_pika - main.py:348 - INFO - ==================== 漫画信息 ====================
                                   漫画ID：5d2831f633cb8f151c2eee9b
                                   标题： 猫ごっこ (COMIC快楽天 2019年8月号) [無邪気漢化組][Digital]
                                   作者：夏彦
                                   是否完结：是
                                   总页数：19
                                   分类：短篇,純愛
                                   章节数：1
                                   最后更新时间：2019-07-12T07:08:38.241Z
                                   =================================================
2026-10-05 01:55:16 - mkk_pika - database.py:101 - INFO - 保存成功： 猫ごっこ (COMIC快楽天 2019年8月号) [無邪気漢化組][Digital]
2026-10-05 01:55:16 - mkk_pika - main.py:35 - INFO - 开始检查 Morpho (コミックホットミルク 2019年7月号) [中訳] [DL版]是否存在未下载章节
2026-10-05 01:55:16 - mkk_pika - main.py:45 - INFO - 正在下载:[ Morpho (コミックホットミルク 2019年7月号) [中訳] [DL版]]-[牛野缶詰]-[['短篇']]-[total_pages:24]
2026-10-05 01:55:16 - mkk_pika - main.py:49 - INFO - [{'_id': '5d28322721efd51504db6421', 'title': '第1集', 'order': 1, 'updated_at': '2019-07-11T14:29:57.771Z', 'id': '5d28322721efd51504db6421'}]
2026-10-05 01:55:16 - mkk_pika - database.py:215 - INFO - 第一次下载该漫画，记录数据库中
2026-10-05 01:55:17 - mkk_pika - main.py:83 - INFO - 找到 24 张图片在:第1集
2026-10-05 01:55:17 - mkk_pika - main.py:112 - INFO - [episode:第1集       ] downloaded:    24, total:  24, progress:100%
2026-10-05 01:55:17 - mkk_pika - database.py:238 - INFO - 数据库更新已下载章节
2026-10-05 01:55:17 - mkk_pika - database.py:244 - INFO - 该漫画已下载章节如下
2026-10-05 01:55:17 - mkk_pika - database.py:245 - INFO - ['第1集']
2026-10-05 01:55:19 - mkk_pika - main.py:348 - INFO - ==================== 漫画信息 ====================
                                   漫画ID：5d28322721efd51504db6420
                                   标题： Morpho (コミックホットミルク 2019年7月号) [中訳] [DL版]
                                   作者：牛野缶詰
                                   是否完结：是
                                   总页数：24
                                   分类：短篇
                                   章节数：1
                                   最后更新时间：2019-07-12T07:09:27.949Z
                                   =================================================
2026-10-05 01:55:19 - mkk_pika - database.py:101 - INFO - 保存成功： Morpho (コミックホットミルク 2019年7月号) [中訳] [DL版]
2026-10-05 01:55:19 - mkk_pika - main.py:35 - INFO - 开始检查ビリオンファイト (絶対凌辱) （中文翻譯）是否存在未下载章节
2026-10-05 01:55:19 - mkk_pika - main.py:45 - INFO - 正在下载:[ビリオンファイト (絶対凌辱) （中文翻譯）]-[さいこ]-[['短篇', '強暴']]-[total_pages:28]
2026-10-05 01:55:19 - mkk_pika - main.py:49 - INFO - [{'_id': '5d28329b21efd51504db6463', 'title': '第1集', 'order': 1, 'updated_at': '2019-07-11T15:31:46.561Z', 'id': '5d28329b21efd51504db6463'}]
2026-10-05 01:55:19 - mkk_pika - database.py:215 - INFO - 第一次下载该漫画，记录数据库中
2026-10-05 01:55:19 - mkk_pika - main.py:83 - INFO - 找到 28 张图片在:第1集
2026-10-05 01:55:20 - mkk_pika - main.py:112 - INFO - [episode:第1集       ] downloaded:    28, total:  28, progress:100%
2026-10-05 01:55:20 - mkk_pika - database.py:238 - INFO - 数据库更新已下载章节
2026-10-05 01:55:20 - mkk_pika - database.py:244 - INFO - 该漫画已下载章节如下
2026-10-05 01:55:20 - mkk_pika - database.py:245 - INFO - ['第1集']
2026-10-05 01:55:22 - mkk_pika - main.py:348 - INFO - ==================== 漫画信息 ====================
                                   漫画ID：5d28329b21efd51504db6462
                                   标题：ビリオンファイト (絶対凌辱) （中文翻譯）
                                   作者：さいこ
                                   是否完结：是
                                   总页数：28
                                   分类：短篇,強暴
                                   章节数：1
                                   最后更新时间：2019-07-12T07:11:23.922Z
                                   =================================================
2026-10-05 01:55:22 - mkk_pika - database.py:101 - INFO - 保存成功：ビリオンファイト (絶対凌辱) （中文翻譯）
2026-10-05 01:55:22 - mkk_pika - main.py:35 - INFO - 开始检查(サンクリ2019 Summer) 頑張る指揮官にご褒美を! (アズールレーン) [中国翻訳]是否存在未下载章节
2026-10-05 01:55:22 - mkk_pika - main.py:45 - INFO - 正在下载:[(サンクリ2019 Summer) 頑張る指揮官にご褒美を! (アズールレーン) [中国翻訳]]-[+Elegy (mt)]-[['短篇', '同人', '純愛']]-[total_pages:27]
2026-10-05 01:55:22 - mkk_pika - main.py:49 - INFO - [{'_id': '5d2832bcc0965715090cccb5', 'title': '第1集', 'order': 1, 'updated_at': '2019-07-11T15:42:47.100Z', 'id': '5d2832bcc0965715090cccb5'}]
2026-10-05 01:55:22 - mkk_pika - database.py:215 - INFO - 第一次下载该漫画，记录数据库中
2026-10-05 01:55:23 - mkk_pika - main.py:83 - INFO - 找到 27 张图片在:第1集
2026-10-05 01:55:23 - mkk_pika - main.py:112 - INFO - [episode:第1集       ] downloaded:    27, total:  27, progress:100%
2026-10-05 01:55:23 - mkk_pika - database.py:238 - INFO - 数据库更新已下载章节
2026-10-05 01:55:23 - mkk_pika - database.py:244 - INFO - 该漫画已下载章节如下
2026-10-05 01:55:23 - mkk_pika - database.py:245 - INFO - ['第1集']
2026-10-05 01:55:25 - mkk_pika - main.py:348 - INFO - ==================== 漫画信息 ====================
                                   漫画ID：5d2832bcc0965715090cccb4
                                   标题：(サンクリ2019 Summer) 頑張る指揮官にご褒美を! (アズールレーン) [中国翻訳]
                                   作者：+Elegy (mt)
                                   是否完结：是
                                   总页数：27
                                   分类：短篇,同人,純愛
                                   章节数：1
                                   最后更新时间：2019-07-12T07:11:56.224Z
                                   =================================================
2026-10-05 01:55:25 - mkk_pika - database.py:101 - INFO - 保存成功：(サンクリ2019 Summer) 頑張る指揮官にご褒美を! (アズールレーン) [中国翻訳]
2026-10-05 01:55:25 - mkk_pika - main.py:35 - INFO - 开始检查(COMIC1☆10) めぐみんの爆裂魔法あふた～ (この素晴らしい世界に祝福を!) [中国翻訳]是否存在未下载章节
2026-10-05 01:55:25 - mkk_pika - main.py:45 - INFO - 正在下载:[(COMIC1☆10) めぐみんの爆裂魔法あふた～ (この素晴らしい世界に祝福を!) [中国翻訳]]-[おつきみ工房 (秋空もみぢ)]-[['短篇', '同人', '純愛']]-[total_pages:27]
2026-10-05 01:55:25 - mkk_pika - main.py:49 - INFO - [{'_id': '5d2835bf86d21315177be2ee', 'title': '第1集', 'order': 1, 'updated_at': '2019-07-11T15:49:38.253Z', 'id': '5d2835bf86d21315177be2ee'}]
2026-10-05 01:55:25 - mkk_pika - database.py:215 - INFO - 第一次下载该漫画，记录数据库中
2026-10-05 01:55:26 - mkk_pika - main.py:83 - INFO - 找到 27 张图片在:第1集
2026-10-05 01:55:26 - mkk_pika - main.py:112 - INFO - [episode:第1集       ] downloaded:    27, total:  27, progress:100%
2026-10-05 01:55:26 - mkk_pika - database.py:238 - INFO - 数据库更新已下载章节
2026-10-05 01:55:26 - mkk_pika - database.py:244 - INFO - 该漫画已下载章节如下
2026-10-05 01:55:26 - mkk_pika - database.py:245 - INFO - ['第1集']
2026-10-05 01:55:28 - mkk_pika - main.py:348 - INFO - ==================== 漫画信息 ====================
                                   漫画ID：5d2835bf86d21315177be2ed
                                   标题：(COMIC1☆10) めぐみんの爆裂魔法あふた～ (この素晴らしい世界に祝福を!) [中国翻訳]
                                   作者：おつきみ工房 (秋空もみぢ)
                                   是否完结：是
                                   总页数：27
                                   分类：短篇,同人,純愛
                                   章节数：1
                                   最后更新时间：2019-07-12T07:24:47.271Z
                                   =================================================
2026-10-05 01:55:28 - mkk_pika - database.py:101 - INFO - 保存成功：(COMIC1☆10) めぐみんの爆裂魔法あふた～ (この素晴らしい世界に祝福を!) [中国翻訳]
2026-10-05 01:55:28 - mkk_pika - main.py:35 - INFO - 开始检查(C92)  R.O.D 11 -Rider or Die- (Fate hollow ataraxia) [中国翻訳]是否存在未下载章节
2026-10-05 01:55:28 - mkk_pika - main.py:45 - INFO - 正在下载:[(C92)  R.O.D 11 -Rider or Die- (Fate hollow ataraxia) [中国翻訳]]-[怪奇日蝕 (綾野なおと)]-[['短篇', '同人', 'Fate']]-[total_pages:29]
2026-10-05 01:55:28 - mkk_pika - main.py:49 - INFO - [{'_id': '5d2837f421efd51504db6572', 'title': '第1集', 'order': 1, 'updated_at': '2019-07-12T07:25:24.550Z', 'id': '5d2837f421efd51504db6572'}]
2026-10-05 01:55:28 - mkk_pika - database.py:215 - INFO - 第一次下载该漫画，记录数据库中
2026-10-05 01:55:29 - mkk_pika - main.py:83 - INFO - 找到 29 张图片在:第1集
2026-10-05 01:55:30 - mkk_pika - main.py:112 - INFO - [episode:第1集       ] downloaded:    29, total:  29, progress:100%
2026-10-05 01:55:30 - mkk_pika - database.py:238 - INFO - 数据库更新已下载章节
2026-10-05 01:55:30 - mkk_pika - database.py:244 - INFO - 该漫画已下载章节如下
2026-10-05 01:55:30 - mkk_pika - database.py:245 - INFO - ['第1集']
2026-10-05 01:55:31 - mkk_pika - main.py:348 - INFO - ==================== 漫画信息 ====================
                                   漫画ID：5d2837f421efd51504db6571
                                   标题：(C92)  R.O.D 11 -Rider or Die- (Fate hollow ataraxia) [中国翻訳]
                                   作者：怪奇日蝕 (綾野なおと)
                                   是否完结：是
                                   总页数：29
                                   分类：短篇,同人,Fate
                                   章节数：1
                                   最后更新时间：2019-07-12T07:34:12.702Z
                                   =================================================
2026-10-05 01:55:31 - mkk_pika - database.py:101 - INFO - 保存成功：(C92)  R.O.D 11 -Rider or Die- (Fate hollow ataraxia) [中国翻訳]
2026-10-05 01:55:31 - mkk_pika - main.py:35 - INFO - 开始检查(C94)  律子は子作りがシたい (アイドルマスター) [中国翻訳]是否存在未下载章节
2026-10-05 01:55:31 - mkk_pika - main.py:45 - INFO - 正在下载:[(C94)  律子は子作りがシたい (アイドルマスター) [中国翻訳]]-[あまりにセンパク! (ヨッコラ)]-[['短篇', '同人', '純愛']]-[total_pages:43]
2026-10-05 01:55:31 - mkk_pika - main.py:49 - INFO - [{'_id': '5d26e0a06eaf917e2a41653a', 'title': '第1集', 'order': 1, 'updated_at': '2019-07-10T14:31:48.881Z', 'id': '5d26e0a06eaf917e2a41653a'}, {'_id': '5d289bd2c0965715090cd10c', 'title': '第2集', 'order': 2, 'updated_at': '2019-07-12T07:51:48.661Z', 'id': '5d289bd2c0965715090cd10c'}]
2026-10-05 01:55:31 - mkk_pika - database.py:215 - INFO - 第一次下载该漫画，记录数据库中
2026-10-05 01:55:32 - mkk_pika - main.py:83 - INFO - 找到 21 张图片在:第1集
2026-10-05 01:55:33 - mkk_pika - main.py:112 - INFO - [episode:第1集       ] downloaded:    21, total:  21, progress:100%
2026-10-05 01:55:33 - mkk_pika - database.py:238 - INFO - 数据库更新已下载章节
2026-10-05 01:55:33 - mkk_pika - database.py:244 - INFO - 该漫画已下载章节如下
2026-10-05 01:55:33 - mkk_pika - database.py:245 - INFO - ['第1集']
2026-10-05 01:55:34 - mkk_pika - main.py:83 - INFO - 找到 22 张图片在:第2集
2026-10-05 01:55:35 - mkk_pika - main.py:112 - INFO - [episode:第2集       ] downloaded:    22, total:  22, progress:100%
2026-10-05 01:55:35 - mkk_pika - database.py:238 - INFO - 数据库更新已下载章节
2026-10-05 01:55:35 - mkk_pika - database.py:244 - INFO - 该漫画已下载章节如下
2026-10-05 01:55:35 - mkk_pika - database.py:245 - INFO - ['第1集', '第2集']
2026-10-05 01:55:36 - mkk_pika - main.py:348 - INFO - ==================== 漫画信息 ====================
                                   漫画ID：5d26e0a06eaf917e2a416539
                                   标题：(C94)  律子は子作りがシたい (アイドルマスター) [中国翻訳]
                                   作者：あまりにセンパク! (ヨッコラ)
                                   是否完结：是
                                   总页数：43
                                   分类：短篇,同人,純愛
                                   章节数：2
                                   最后更新时间：2019-07-12T14:40:18.737Z
                                   =================================================
2026-10-05 01:55:36 - mkk_pika - database.py:101 - INFO - 保存成功：(C94)  律子は子作りがシたい (アイドルマスター) [中国翻訳]
2026-10-05 01:55:36 - mkk_pika - main.py:35 - INFO - 开始检查僕らのハジメテ是否存在未下载章节
2026-10-05 01:55:37 - mkk_pika - main.py:45 - INFO - 正在下载:[僕らのハジメテ]-[桃月すず]-[['短篇', '純愛']]-[total_pages:18]
2026-10-05 01:55:37 - mkk_pika - main.py:49 - INFO - [{'_id': '5d5fb9844b4df031401d1276', 'title': '第1話', 'order': 1, 'updated_at': '2019-08-22T16:29:05.455Z', 'id': '5d5fb9844b4df031401d1276'}]
2026-10-05 01:55:37 - mkk_pika - database.py:215 - INFO - 第一次下载该漫画，记录数据库中
2026-10-05 01:55:37 - mkk_pika - main.py:83 - INFO - 找到 18 张图片在:第1話
2026-10-05 01:55:38 - mkk_pika - main.py:112 - INFO - [episode:第1話       ] downloaded:    18, total:  18, progress:100%
2026-10-05 01:55:38 - mkk_pika - database.py:238 - INFO - 数据库更新已下载章节
2026-10-05 01:55:38 - mkk_pika - database.py:244 - INFO - 该漫画已下载章节如下
2026-10-05 01:55:38 - mkk_pika - database.py:245 - INFO - ['第1話']
2026-10-05 01:55:39 - mkk_pika - main.py:348 - INFO - ==================== 漫画信息 ====================
                                   漫画ID：5d289beb86d21315177be6a0
                                   标题：僕らのハジメテ
                                   作者：桃月すず
                                   是否完结：是
                                   总页数：18
                                   分类：短篇,純愛
                                   章节数：1
                                   最后更新时间：2019-07-12T14:40:43.772Z
                                   =================================================
2026-10-05 01:55:39 - mkk_pika - database.py:101 - INFO - 保存成功：僕らのハジメテ
2026-10-05 01:55:39 - mkk_pika - main.py:35 - INFO - 开始检查(C92) [ぶるーびーん (要青豆)] C2lemon@ggg (コードギアス 反逆のルルーシュ是否存在未下载章节
2026-10-05 01:55:39 - mkk_pika - main.py:45 - INFO - 正在下载:[(C92) [ぶるーびーん (要青豆)] C2lemon@ggg (コードギアス 反逆のルルーシュ]-[ぶるーびーん (要青豆)]-[['同人', '短篇']]-[total_pages:27]
2026-10-05 01:55:39 - mkk_pika - main.py:49 - INFO - [{'_id': '5d289d0786d21315177be7bc', 'title': '第1集', 'order': 1, 'updated_at': '2019-07-12T11:37:41.219Z', 'id': '5d289d0786d21315177be7bc'}]
2026-10-05 01:55:39 - mkk_pika - database.py:215 - INFO - 第一次下载该漫画，记录数据库中
2026-10-05 01:55:40 - mkk_pika - main.py:83 - INFO - 找到 27 张图片在:第1集
2026-10-05 01:55:41 - mkk_pika - main.py:112 - INFO - [episode:第1集       ] downloaded:    27, total:  27, progress:100%
2026-10-05 01:55:41 - mkk_pika - database.py:238 - INFO - 数据库更新已下载章节
2026-10-05 01:55:41 - mkk_pika - database.py:244 - INFO - 该漫画已下载章节如下
2026-10-05 01:55:41 - mkk_pika - database.py:245 - INFO - ['第1集']
2026-10-05 01:55:42 - mkk_pika - main.py:348 - INFO - ==================== 漫画信息 ====================
                                   漫画ID：5d289d0786d21315177be7bb
                                   标题：(C92) [ぶるーびーん (要青豆)] C2lemon@ggg (コードギアス 反逆のルルーシュ
                                   作者：ぶるーびーん (要青豆)
                                   是否完结：是
                                   总页数：27
                                   分类：同人,短篇
                                   章节数：1
                                   最后更新时间：2019-07-12T14:45:27.973Z
                                   =================================================
2026-10-05 01:55:42 - mkk_pika - database.py:101 - INFO - 保存成功：(C92) [ぶるーびーん (要青豆)] C2lemon@ggg (コードギアス 反逆のルルーシュ
2026-10-05 01:55:42 - mkk_pika - main.py:35 - INFO - 开始检查好きじゃない娘とセッ〇スした方が 興奮する説 中文翻譯是否存在未下载章节
2026-10-05 01:55:43 - mkk_pika - main.py:45 - INFO - 正在下载:[好きじゃない娘とセッ〇スした方が 興奮する説 中文翻譯]-[あいるあいる(あいる)]-[['短篇', '純愛']]-[total_pages:41]
2026-10-05 01:55:43 - mkk_pika - main.py:49 - INFO - [{'_id': '5d289d8121efd51504db691b', 'title': '第1集', 'order': 1, 'updated_at': '2019-07-12T11:59:28.671Z', 'id': '5d289d8121efd51504db691b'}]
2026-10-05 01:55:43 - mkk_pika - database.py:215 - INFO - 第一次下载该漫画，记录数据库中
2026-10-05 01:55:43 - mkk_pika - main.py:83 - INFO - 找到 41 张图片在:第1集
2026-10-05 01:55:45 - mkk_pika - main.py:112 - INFO - [episode:第1集       ] downloaded:    41, total:  41, progress:100%
2026-10-05 01:55:45 - mkk_pika - database.py:238 - INFO - 数据库更新已下载章节
2026-10-05 01:55:45 - mkk_pika - database.py:244 - INFO - 该漫画已下载章节如下
2026-10-05 01:55:45 - mkk_pika - database.py:245 - INFO - ['第1集']
2026-10-05 01:55:46 - mkk_pika - main.py:348 - INFO - ==================== 漫画信息 ====================
                                   漫画ID：5d289d8121efd51504db691a
                                   标题：好きじゃない娘とセッ〇スした方が 興奮する説 中文翻譯
                                   作者：あいるあいる(あいる)
                                   是否完结：是
                                   总页数：41
                                   分类：短篇,純愛
                                   章节数：1
                                   最后更新时间：2019-07-12T14:47:29.916Z
                                   =================================================
2026-10-05 01:55:46 - mkk_pika - database.py:101 - INFO - 保存成功：好きじゃない娘とセッ〇スした方が 興奮する説 中文翻譯
2026-10-05 01:55:46 - mkk_pika - main.py:35 - INFO - 开始检查木組みの街を歩いてたら美味しそうな子供が居たのでごちそうになりました (ご注文はうさぎですか)是否存在未下载章节
2026-10-05 01:55:46 - mkk_pika - main.py:45 - INFO - 正在下载:[木組みの街を歩いてたら美味しそうな子供が居たのでごちそうになりました (ご注文はうさぎですか)]-[セカンドカラー (たいぷはてな)]-[['短篇', '同人']]-[total_pages:8]
2026-10-05 01:55:46 - mkk_pika - main.py:49 - INFO - [{'_id': '5d289db221efd51504db6946', 'title': '第1集', 'order': 1, 'updated_at': '2019-07-12T12:10:57.267Z', 'id': '5d289db221efd51504db6946'}]
2026-10-05 01:55:46 - mkk_pika - database.py:215 - INFO - 第一次下载该漫画，记录数据库中
2026-10-05 01:55:47 - mkk_pika - main.py:83 - INFO - 找到 8 张图片在:第1集
2026-10-05 01:55:47 - mkk_pika - main.py:112 - INFO - [episode:第1集       ] downloaded:     8, total:   8, progress:100%
2026-10-05 01:55:47 - mkk_pika - database.py:238 - INFO - 数据库更新已下载章节
2026-10-05 01:55:47 - mkk_pika - database.py:244 - INFO - 该漫画已下载章节如下
2026-10-05 01:55:47 - mkk_pika - database.py:245 - INFO - ['第1集']
2026-10-05 01:55:48 - mkk_pika - main.py:348 - INFO - ==================== 漫画信息 ====================
                                   漫画ID：5d289db221efd51504db6945
                                   标题：木組みの街を歩いてたら美味しそうな子供が居たのでごちそうになりました (ご注文はうさぎですか)
                                   作者：セカンドカラー (たいぷはてな)
                                   是否完结：否
                                   总页数：8
                                   分类：短篇,同人
                                   章节数：1
                                   最后更新时间：2019-07-12T14:48:18.657Z
                                   =================================================
2026-10-05 01:55:48 - mkk_pika - database.py:101 - INFO - 保存成功：木組みの街を歩いてたら美味しそうな子供が居たのでごちそうになりました (ご注文はうさぎですか)
2026-10-05 01:55:48 - mkk_pika - main.py:35 - INFO - 开始检查涼宮ハルヒの輪姦 2 (涼宮ハルヒの憂鬱)是否存在未下载章节
2026-10-05 01:55:49 - mkk_pika - main.py:45 - INFO - 正在下载:[涼宮ハルヒの輪姦 2 (涼宮ハルヒの憂鬱)]-[アーカイブ (へち)]-[['短篇', 'NTR']]-[total_pages:31]
2026-10-05 01:55:49 - mkk_pika - main.py:49 - INFO - [{'_id': '5d289e38c0965715090cd19b', 'title': '第1集', 'order': 1, 'updated_at': '2019-07-12T12:44:49.302Z', 'id': '5d289e38c0965715090cd19b'}]
2026-10-05 01:55:49 - mkk_pika - database.py:215 - INFO - 第一次下载该漫画，记录数据库中
2026-10-05 01:55:49 - mkk_pika - main.py:83 - INFO - 找到 31 张图片在:第1集
2026-10-05 01:55:50 - mkk_pika - main.py:112 - INFO - [episode:第1集       ] downloaded:    31, total:  31, progress:100%
2026-10-05 01:55:50 - mkk_pika - database.py:238 - INFO - 数据库更新已下载章节
2026-10-05 01:55:50 - mkk_pika - database.py:244 - INFO - 该漫画已下载章节如下
2026-10-05 01:55:50 - mkk_pika - database.py:245 - INFO - ['第1集']
2026-10-05 01:55:52 - mkk_pika - main.py:348 - INFO - ==================== 漫画信息 ====================
                                   漫画ID：5d289e38c0965715090cd19a
                                   标题：涼宮ハルヒの輪姦 2 (涼宮ハルヒの憂鬱)
                                   作者：アーカイブ (へち)
                                   是否完结：否
                                   总页数：31
                                   分类：短篇,NTR
                                   章节数：1
                                   最后更新时间：2019-07-12T14:50:32.787Z
                                   =================================================
2026-10-05 01:55:52 - mkk_pika - database.py:101 - INFO - 保存成功：涼宮ハルヒの輪姦 2 (涼宮ハルヒの憂鬱)
2026-10-05 01:55:52 - mkk_pika - main.py:35 - INFO - 开始检查おねだりプッシーズ 主動求愛的性慾小貓是否存在未下载章节
2026-10-05 01:55:52 - mkk_pika - main.py:45 - INFO - 正在下载:[おねだりプッシーズ 主動求愛的性慾小貓]-[ねこまたなおみ]-[['長篇', '短篇', '單行本', '純愛', '姐姐系', '人妻', '足の恋']]-[total_pages:181]
2026-10-05 01:55:52 - mkk_pika - main.py:49 - INFO - [{'_id': '5d34b88ab310f6330b715520', 'title': '求愛的性慾小貓單行本', 'order': 1, 'updated_at': '2019-07-21T12:58:42.851Z', 'id': '5d34b88ab310f6330b715520'}]
2026-10-05 01:55:52 - mkk_pika - database.py:215 - INFO - 第一次下载该漫画，记录数据库中
2026-10-05 01:55:54 - mkk_pika - main.py:83 - INFO - 找到 181 张图片在:求愛的性慾小貓單行本
2026-10-05 01:55:58 - mkk_pika - main.py:112 - INFO - [episode:求愛的性慾小貓單行本] downloaded:   181, total: 181, progress:100%
2026-10-05 01:55:58 - mkk_pika - database.py:238 - INFO - 数据库更新已下载章节
2026-10-05 01:55:58 - mkk_pika - database.py:244 - INFO - 该漫画已下载章节如下
2026-10-05 01:55:58 - mkk_pika - database.py:245 - INFO - ['求愛的性慾小貓單行本']
2026-10-05 01:55:59 - mkk_pika - main.py:348 - INFO - ==================== 漫画信息 ====================
                                   漫画ID：5d289f1121efd51504db6a2b
                                   标题：おねだりプッシーズ 主動求愛的性慾小貓
                                   作者：ねこまたなおみ
                                   是否完结：是
                                   总页数：181
                                   分类：長篇,短篇,單行本,純愛,姐姐系,人妻,足の恋
                                   章节数：1
                                   最后更新时间：2019-07-12T14:54:09.487Z
                                   =================================================
2026-10-05 01:55:59 - mkk_pika - database.py:101 - INFO - 保存成功：おねだりプッシーズ 主動求愛的性慾小貓
2026-10-05 01:55:59 - mkk_pika - main.py:35 - INFO - 开始检查楓メイドにおまかせ! [中国翻訳] [DL版]是否存在未下载章节
2026-10-05 01:56:00 - mkk_pika - main.py:45 - INFO - 正在下载:[楓メイドにおまかせ! [中国翻訳] [DL版]]-[Lonely Church (鈴音れな)]-[['短篇', '全彩']]-[total_pages:14]
2026-10-05 01:56:00 - mkk_pika - main.py:49 - INFO - [{'_id': '5d29de1586d21315177bee12', 'title': '第1集', 'order': 1, 'updated_at': '2019-07-12T16:43:53.194Z', 'id': '5d29de1586d21315177bee12'}]
2026-10-05 01:56:00 - mkk_pika - database.py:215 - INFO - 第一次下载该漫画，记录数据库中
2026-10-05 01:56:00 - mkk_pika - main.py:83 - INFO - 找到 14 张图片在:第1集
2026-10-05 01:56:01 - mkk_pika - main.py:112 - INFO - [episode:第1集       ] downloaded:    14, total:  14, progress:100%
2026-10-05 01:56:01 - mkk_pika - database.py:238 - INFO - 数据库更新已下载章节
2026-10-05 01:56:01 - mkk_pika - database.py:244 - INFO - 该漫画已下载章节如下
2026-10-05 01:56:01 - mkk_pika - database.py:245 - INFO - ['第1集']
2026-10-05 01:56:02 - mkk_pika - main.py:348 - INFO - ==================== 漫画信息 ====================
                                   漫画ID：5d29de1586d21315177bee11
                                   标题：楓メイドにおまかせ! [中国翻訳] [DL版]
                                   作者：Lonely Church (鈴音れな)
                                   是否完结：是
                                   总页数：14
                                   分类：短篇,全彩
                                   章节数：1
                                   最后更新时间：2019-07-13T13:35:17.150Z
                                   =================================================
2026-10-05 01:56:02 - mkk_pika - database.py:101 - INFO - 保存成功：楓メイドにおまかせ! [中国翻訳] [DL版]
2026-10-05 01:56:02 - mkk_pika - main.py:35 - INFO - 开始检查 楓ママにおまかせ♥ [中国翻訳] [DL版]是否存在未下载章节
2026-10-05 01:56:02 - mkk_pika - main.py:45 - INFO - 正在下载:[ 楓ママにおまかせ♥ [中国翻訳] [DL版]]-[Lonely Church (鈴音れな)]-[['短篇']]-[total_pages:20]
2026-10-05 01:56:02 - mkk_pika - main.py:49 - INFO - [{'_id': '5d29de2b21efd51504db70d3', 'title': '第1集', 'order': 1, 'updated_at': '2019-07-12T16:51:46.109Z', 'id': '5d29de2b21efd51504db70d3'}]
2026-10-05 01:56:02 - mkk_pika - database.py:215 - INFO - 第一次下载该漫画，记录数据库中
2026-10-05 01:56:03 - mkk_pika - main.py:83 - INFO - 找到 20 张图片在:第1集
2026-10-05 01:56:04 - mkk_pika - main.py:112 - INFO - [episode:第1集       ] downloaded:    20, total:  20, progress:100%
2026-10-05 01:56:04 - mkk_pika - database.py:238 - INFO - 数据库更新已下载章节
2026-10-05 01:56:04 - mkk_pika - database.py:244 - INFO - 该漫画已下载章节如下
2026-10-05 01:56:04 - mkk_pika - database.py:245 - INFO - ['第1集']
2026-10-05 01:56:05 - mkk_pika - main.py:348 - INFO - ==================== 漫画信息 ====================
                                   漫画ID：5d29de2b21efd51504db70d2
                                   标题： 楓ママにおまかせ♥ [中国翻訳] [DL版]
                                   作者：Lonely Church (鈴音れな)
                                   是否完结：是
                                   总页数：20
                                   分类：短篇
                                   章节数：1
                                   最后更新时间：2019-07-13T13:35:39.797Z
                                   =================================================
2026-10-05 01:56:05 - mkk_pika - database.py:101 - INFO - 保存成功： 楓ママにおまかせ♥ [中国翻訳] [DL版]
2026-10-05 01:56:05 - mkk_pika - main.py:35 - INFO - 开始检查湯けむり小町 (COMIC 快楽天 2018年2月号) 無修正是否存在未下载章节
2026-10-05 01:56:05 - mkk_pika - main.py:45 - INFO - 正在下载:[湯けむり小町 (COMIC 快楽天 2018年2月号) 無修正]-[のきん]-[['短篇']]-[total_pages:21]
2026-10-05 01:56:05 - mkk_pika - main.py:49 - INFO - [{'_id': '5d29df3021efd51504db70ea', 'title': '第1集', 'order': 1, 'updated_at': '2019-07-13T03:51:43.879Z', 'id': '5d29df3021efd51504db70ea'}]
2026-10-05 01:56:05 - mkk_pika - database.py:215 - INFO - 第一次下载该漫画，记录数据库中
2026-10-05 01:56:06 - mkk_pika - main.py:83 - INFO - 找到 21 张图片在:第1集
2026-10-05 01:56:06 - mkk_pika - main.py:112 - INFO - [episode:第1集       ] downloaded:    21, total:  21, progress:100%
2026-10-05 01:56:06 - mkk_pika - database.py:238 - INFO - 数据库更新已下载章节
2026-10-05 01:56:06 - mkk_pika - database.py:244 - INFO - 该漫画已下载章节如下
2026-10-05 01:56:06 - mkk_pika - database.py:245 - INFO - ['第1集']
2026-10-05 01:56:08 - mkk_pika - main.py:348 - INFO - ==================== 漫画信息 ====================
                                   漫画ID：5d29df3021efd51504db70e9
                                   标题：湯けむり小町 (COMIC 快楽天 2018年2月号) 無修正
                                   作者：のきん
                                   是否完结：否
                                   总页数：21
                                   分类：短篇
                                   章节数：1
                                   最后更新时间：2019-07-13T13:40:00.088Z
                                   =================================================
2026-10-05 01:56:08 - mkk_pika - database.py:101 - INFO - 保存成功：湯けむり小町 (COMIC 快楽天 2018年2月号) 無修正
2026-10-05 01:56:08 - mkk_pika - main.py:35 - INFO - 开始检查(例大祭10)  04.1 園児服フランちゃんとH (東方Project) [中国翻訳]是否存在未下载章节
2026-10-05 01:56:08 - mkk_pika - main.py:45 - INFO - 正在下载:[(例大祭10)  04.1 園児服フランちゃんとH (東方Project) [中国翻訳]]-[妹幻想自治区 (月水憂)]-[['短篇', '同人', '東方']]-[total_pages:31]
2026-10-05 01:56:08 - mkk_pika - main.py:49 - INFO - [{'_id': '5d29df4186d21315177bee59', 'title': '第1集', 'order': 1, 'updated_at': '2019-07-13T04:05:36.218Z', 'id': '5d29df4186d21315177bee59'}]
2026-10-05 01:56:08 - mkk_pika - database.py:215 - INFO - 第一次下载该漫画，记录数据库中
2026-10-05 01:56:09 - mkk_pika - main.py:83 - INFO - 找到 31 张图片在:第1集
2026-10-05 01:56:09 - mkk_pika - main.py:112 - INFO - [episode:第1集       ] downloaded:    31, total:  31, progress:100%
2026-10-05 01:56:09 - mkk_pika - database.py:238 - INFO - 数据库更新已下载章节
2026-10-05 01:56:09 - mkk_pika - database.py:244 - INFO - 该漫画已下载章节如下
2026-10-05 01:56:09 - mkk_pika - database.py:245 - INFO - ['第1集']
2026-10-05 01:56:11 - mkk_pika - main.py:348 - INFO - ==================== 漫画信息 ====================
                                   漫画ID：5d29df4186d21315177bee58
                                   标题：(例大祭10)  04.1 園児服フランちゃんとH (東方Project) [中国翻訳]
                                   作者：妹幻想自治区 (月水憂)
                                   是否完结：是
                                   总页数：31
                                   分类：短篇,同人,東方
                                   章节数：1
                                   最后更新时间：2019-07-13T13:40:17.722Z
                                   =================================================
2026-10-05 01:56:11 - mkk_pika - database.py:101 - INFO - 保存成功：(例大祭10)  04.1 園児服フランちゃんとH (東方Project) [中国翻訳]
2026-10-05 01:56:11 - mkk_pika - main.py:35 - INFO - 开始检查(C95) 酔いドレイクさんII (Fate/Grand Order)是否存在未下载章节
2026-10-05 01:56:11 - mkk_pika - main.py:45 - INFO - 正在下载:[(C95) 酔いドレイクさんII (Fate/Grand Order)]-[すちゃらか騎士! (オリタ)]-[['短篇', '同人', '純愛', 'Fate']]-[total_pages:44]
2026-10-05 01:56:11 - mkk_pika - main.py:49 - INFO - [{'_id': '5cae1562d76f945a1d3fc3e8', 'title': '第1集', 'order': 1, 'updated_at': '2019-03-31T10:58:00.583Z', 'id': '5cae1562d76f945a1d3fc3e8'}, {'_id': '5d29df51c0965715090cd7bc', 'title': '汉化', 'order': 2, 'updated_at': '2019-07-13T04:29:30.101Z', 'id': '5d29df51c0965715090cd7bc'}]
2026-10-05 01:56:11 - mkk_pika - database.py:215 - INFO - 第一次下载该漫画，记录数据库中
2026-10-05 01:56:12 - mkk_pika - main.py:83 - INFO - 找到 22 张图片在:第1集
2026-10-05 01:56:12 - mkk_pika - main.py:112 - INFO - [episode:第1集       ] downloaded:    22, total:  22, progress:100%
2026-10-05 01:56:12 - mkk_pika - database.py:238 - INFO - 数据库更新已下载章节
2026-10-05 01:56:12 - mkk_pika - database.py:244 - INFO - 该漫画已下载章节如下
2026-10-05 01:56:12 - mkk_pika - database.py:245 - INFO - ['第1集']
2026-10-05 01:56:14 - mkk_pika - main.py:83 - INFO - 找到 22 张图片在:汉化
2026-10-05 01:56:14 - mkk_pika - main.py:112 - INFO - [episode:汉化        ] downloaded:    22, total:  22, progress:100%
2026-10-05 01:56:14 - mkk_pika - database.py:238 - INFO - 数据库更新已下载章节
2026-10-05 01:56:14 - mkk_pika - database.py:244 - INFO - 该漫画已下载章节如下
2026-10-05 01:56:14 - mkk_pika - database.py:245 - INFO - ['第1集', '汉化']
2026-10-05 01:56:16 - mkk_pika - main.py:348 - INFO - ==================== 漫画信息 ====================
                                   漫画ID：5cae1562d76f945a1d3fc3e7
                                   标题：(C95) 酔いドレイクさんII (Fate/Grand Order)
                                   作者：すちゃらか騎士! (オリタ)
                                   是否完结：是
                                   总页数：44
                                   分类：短篇,同人,純愛,Fate
                                   章节数：2
                                   最后更新时间：2019-07-13T13:40:33.356Z
                                   =================================================
2026-10-05 01:56:16 - mkk_pika - database.py:101 - INFO - 保存成功：(C95) 酔いドレイクさんII (Fate/Grand Order)
2026-10-05 01:56:16 - mkk_pika - main.py:35 - INFO - 开始检查 ドリームズアンドリアリティーな人妻 [中国翻訳] [DL版]是否存在未下载章节
2026-10-05 01:56:16 - mkk_pika - main.py:45 - INFO - 正在下载:[ ドリームズアンドリアリティーな人妻 [中国翻訳] [DL版]]-[CRAFT (きぃう)]-[['短篇', '人妻', '強暴']]-[total_pages:27]
2026-10-05 01:56:16 - mkk_pika - main.py:49 - INFO - [{'_id': '5d29df9133cb8f151c2f144c', 'title': '第1集', 'order': 1, 'updated_at': '2019-07-13T06:05:09.123Z', 'id': '5d29df9133cb8f151c2f144c'}]
2026-10-05 01:56:16 - mkk_pika - database.py:215 - INFO - 第一次下载该漫画，记录数据库中
2026-10-05 01:56:17 - mkk_pika - main.py:83 - INFO - 找到 27 张图片在:第1集
2026-10-05 01:56:17 - mkk_pika - main.py:112 - INFO - [episode:第1集       ] downloaded:    27, total:  27, progress:100%
2026-10-05 01:56:17 - mkk_pika - database.py:238 - INFO - 数据库更新已下载章节
2026-10-05 01:56:17 - mkk_pika - database.py:244 - INFO - 该漫画已下载章节如下
2026-10-05 01:56:17 - mkk_pika - database.py:245 - INFO - ['第1集']
2026-10-05 01:56:19 - mkk_pika - main.py:348 - INFO - ==================== 漫画信息 ====================
                                   漫画ID：5d29df9133cb8f151c2f144b
                                   标题： ドリームズアンドリアリティーな人妻 [中国翻訳] [DL版]
                                   作者：CRAFT (きぃう)
                                   是否完结：是
                                   总页数：27
                                   分类：短篇,人妻,強暴
                                   章节数：1
                                   最后更新时间：2019-07-13T13:41:37.530Z
                                   =================================================
2026-10-05 01:56:19 - mkk_pika - database.py:101 - INFO - 保存成功： ドリームズアンドリアリティーな人妻 [中国翻訳] [DL版]
2026-10-05 01:56:19 - mkk_pika - main.py:35 - INFO - 开始检查新妻の新井さん （コミック・マショウ 2018年10月号）[中国翻訳]是否存在未下载章节
2026-10-05 01:56:19 - mkk_pika - main.py:45 - INFO - 正在下载:[新妻の新井さん （コミック・マショウ 2018年10月号）[中国翻訳]]-[きぃう]-[['短篇', 'NTR', '人妻']]-[total_pages:78]
2026-10-05 01:56:19 - mkk_pika - main.py:49 - INFO - [{'_id': '5d24946eee25ab4c6dd65aae', 'title': '第4集', 'order': 1, 'updated_at': '2019-07-10T17:59:46.022Z', 'id': '5d24946eee25ab4c6dd65aae'}, {'_id': '5d2627926eaf917e2a41623c', 'title': '第1集', 'order': 2, 'updated_at': '2019-07-10T16:04:21.128Z', 'id': '5d2627926eaf917e2a41623c'}, {'_id': '5d273da186e935102bc79ab4', 'title': '第2集', 'order': 3, 'updated_at': '2019-07-11T11:38:29.406Z', 'id': '5d273da186e935102bc79ab4'}, {'_id': '5d29dfb386d21315177beea8', 'title': '第3集', 'order': 4, 'updated_at': '2019-07-13T06:53:38.115Z', 'id': '5d29dfb386d21315177beea8'}]
2026-10-05 01:56:19 - mkk_pika - database.py:215 - INFO - 第一次下载该漫画，记录数据库中
2026-10-05 01:56:20 - mkk_pika - main.py:83 - INFO - 找到 16 张图片在:第4集
2026-10-05 01:56:20 - mkk_pika - main.py:112 - INFO - [episode:第4集       ] downloaded:    16, total:  16, progress:100%
2026-10-05 01:56:20 - mkk_pika - database.py:238 - INFO - 数据库更新已下载章节
2026-10-05 01:56:20 - mkk_pika - database.py:244 - INFO - 该漫画已下载章节如下
2026-10-05 01:56:20 - mkk_pika - database.py:245 - INFO - ['第4集']
2026-10-05 01:56:22 - mkk_pika - main.py:83 - INFO - 找到 20 张图片在:第1集
2026-10-05 01:56:22 - mkk_pika - main.py:112 - INFO - [episode:第1集       ] downloaded:    20, total:  20, progress:100%
2026-10-05 01:56:22 - mkk_pika - database.py:238 - INFO - 数据库更新已下载章节
2026-10-05 01:56:22 - mkk_pika - database.py:244 - INFO - 该漫画已下载章节如下
2026-10-05 01:56:22 - mkk_pika - database.py:245 - INFO - ['第4集', '第1集']
2026-10-05 01:56:24 - mkk_pika - main.py:83 - INFO - 找到 21 张图片在:第2集
2026-10-05 01:56:24 - mkk_pika - main.py:112 - INFO - [episode:第2集       ] downloaded:    21, total:  21, progress:100%
2026-10-05 01:56:24 - mkk_pika - database.py:238 - INFO - 数据库更新已下载章节
2026-10-05 01:56:24 - mkk_pika - database.py:244 - INFO - 该漫画已下载章节如下
2026-10-05 01:56:24 - mkk_pika - database.py:245 - INFO - ['第4集', '第1集', '第2集']
2026-10-05 01:56:26 - mkk_pika - main.py:83 - INFO - 找到 21 张图片在:第3集
2026-10-05 01:56:27 - mkk_pika - main.py:112 - INFO - [episode:第3集       ] downloaded:    21, total:  21, progress:100%
2026-10-05 01:56:27 - mkk_pika - database.py:238 - INFO - 数据库更新已下载章节
2026-10-05 01:56:27 - mkk_pika - database.py:244 - INFO - 该漫画已下载章节如下
2026-10-05 01:56:27 - mkk_pika - database.py:245 - INFO - ['第4集', '第1集', '第2集', '第3集']
2026-10-05 01:56:28 - mkk_pika - main.py:348 - INFO - ==================== 漫画信息 ====================
                                   漫画ID：5d24946eee25ab4c6dd65aad
                                   标题：新妻の新井さん （コミック・マショウ 2018年10月号）[中国翻訳]
                                   作者：きぃう
                                   是否完结：是
                                   总页数：78
                                   分类：短篇,NTR,人妻
                                   章节数：4
                                   最后更新时间：2019-07-13T13:42:11.915Z
                                   =================================================
2026-10-05 01:56:28 - mkk_pika - database.py:101 - INFO - 保存成功：新妻の新井さん （コミック・マショウ 2018年10月号）[中国翻訳]
2026-10-05 01:56:28 - mkk_pika - main.py:35 - INFO - 开始检查(C93)  My Little Maid 5 [中国翻訳]是否存在未下载章节
2026-10-05 01:56:29 - mkk_pika - main.py:45 - INFO - 正在下载:[(C93)  My Little Maid 5 [中国翻訳]]-[ANCHOR (武藤まと)]-[['短篇', '全彩', '非人類']]-[total_pages:19]
2026-10-05 01:56:29 - mkk_pika - main.py:49 - INFO - [{'_id': '5d29e04c21efd51504db726c', 'title': '第1集', 'order': 1, 'updated_at': '2019-07-13T09:13:05.636Z', 'id': '5d29e04c21efd51504db726c'}]
2026-10-05 01:56:29 - mkk_pika - database.py:215 - INFO - 第一次下载该漫画，记录数据库中
2026-10-05 01:56:29 - mkk_pika - main.py:83 - INFO - 找到 19 张图片在:第1集
2026-10-05 01:56:30 - mkk_pika - main.py:112 - INFO - [episode:第1集       ] downloaded:    19, total:  19, progress:100%
2026-10-05 01:56:30 - mkk_pika - database.py:238 - INFO - 数据库更新已下载章节
2026-10-05 01:56:30 - mkk_pika - database.py:244 - INFO - 该漫画已下载章节如下
2026-10-05 01:56:30 - mkk_pika - database.py:245 - INFO - ['第1集']
2026-10-05 01:56:31 - mkk_pika - main.py:348 - INFO - ==================== 漫画信息 ====================
                                   漫画ID：5d29e04c21efd51504db726b
                                   标题：(C93)  My Little Maid 5 [中国翻訳]
                                   作者：ANCHOR (武藤まと)
                                   是否完结：是
                                   总页数：19
                                   分类：短篇,全彩,非人類
                                   章节数：1
                                   最后更新时间：2019-07-13T13:44:44.733Z
                                   =================================================
2026-10-05 01:56:31 - mkk_pika - database.py:101 - INFO - 保存成功：(C93)  My Little Maid 5 [中国翻訳]
2026-10-05 01:56:31 - mkk_pika - main.py:35 - INFO - 开始检查 優等生の受難 [中国翻訳]是否存在未下载章节
2026-10-05 01:56:31 - mkk_pika - main.py:45 - INFO - 正在下载:[ 優等生の受難 [中国翻訳]]-[PiT (なつきしゅり)]-[['短篇', '全彩']]-[total_pages:21]
2026-10-05 01:56:31 - mkk_pika - main.py:49 - INFO - [{'_id': '5d29e06721efd51504db7281', 'title': '第1集', 'order': 1, 'updated_at': '2019-07-13T09:22:00.656Z', 'id': '5d29e06721efd51504db7281'}]
2026-10-05 01:56:31 - mkk_pika - database.py:215 - INFO - 第一次下载该漫画，记录数据库中
2026-10-05 01:56:32 - mkk_pika - main.py:83 - INFO - 找到 21 张图片在:第1集
2026-10-05 01:56:32 - mkk_pika - main.py:112 - INFO - [episode:第1集       ] downloaded:    21, total:  21, progress:100%
2026-10-05 01:56:32 - mkk_pika - database.py:238 - INFO - 数据库更新已下载章节
2026-10-05 01:56:32 - mkk_pika - database.py:244 - INFO - 该漫画已下载章节如下
2026-10-05 01:56:32 - mkk_pika - database.py:245 - INFO - ['第1集']
2026-10-05 01:56:33 - mkk_pika - main.py:348 - INFO - ==================== 漫画信息 ====================
                                   漫画ID：5d29e06721efd51504db7280
                                   标题： 優等生の受難 [中国翻訳]
                                   作者：PiT (なつきしゅり)
                                   是否完结：否
                                   总页数：21
                                   分类：短篇,全彩
                                   章节数：1
                                   最后更新时间：2019-07-13T13:45:11.940Z
                                   =================================================
2026-10-05 01:56:33 - mkk_pika - database.py:101 - INFO - 保存成功： 優等生の受難 [中国翻訳]
2026-10-05 01:56:33 - mkk_pika - main.py:35 - INFO - 开始检查魔法戦士フェアリー*アームズ　～人間榨乳牧場～是否存在未下载章节
2026-10-05 01:56:34 - mkk_pika - main.py:45 - INFO - 正在下载:[魔法戦士フェアリー*アームズ　～人間榨乳牧場～]-[yoki]-[['短篇']]-[total_pages:20]
2026-10-05 01:56:34 - mkk_pika - main.py:49 - INFO - [{'_id': '5d29e1d021efd51504db72b1', 'title': '第1集', 'order': 1, 'updated_at': '2019-07-13T12:35:17.262Z', 'id': '5d29e1d021efd51504db72b1'}]
2026-10-05 01:56:34 - mkk_pika - database.py:215 - INFO - 第一次下载该漫画，记录数据库中
2026-10-05 01:56:34 - mkk_pika - main.py:83 - INFO - 找到 20 张图片在:第1集
2026-10-05 01:56:35 - mkk_pika - main.py:112 - INFO - [episode:第1集       ] downloaded:    20, total:  20, progress:100%
2026-10-05 01:56:35 - mkk_pika - database.py:238 - INFO - 数据库更新已下载章节
2026-10-05 01:56:35 - mkk_pika - database.py:244 - INFO - 该漫画已下载章节如下
2026-10-05 01:56:35 - mkk_pika - database.py:245 - INFO - ['第1集']
2026-10-05 01:56:36 - mkk_pika - main.py:348 - INFO - ==================== 漫画信息 ====================
                                   漫画ID：5d29e1d021efd51504db72b0
                                   标题：魔法戦士フェアリー*アームズ　～人間榨乳牧場～
                                   作者：yoki
                                   是否完结：是
                                   总页数：20
                                   分类：短篇
                                   章节数：1
                                   最后更新时间：2019-07-13T13:51:12.774Z
                                   =================================================
2026-10-05 01:56:36 - mkk_pika - database.py:101 - INFO - 保存成功：魔法戦士フェアリー*アームズ　～人間榨乳牧場～
2026-10-05 01:56:36 - mkk_pika - main.py:35 - INFO - 开始检查愛棒 膣内で出していいよ 愛棒膣內射出也沒關係唷是否存在未下载章节
2026-10-05 01:56:37 - mkk_pika - main.py:45 - INFO - 正在下载:[愛棒 膣内で出していいよ 愛棒膣內射出也沒關係唷]-[奈塚Q弥]-[['長篇', '純愛', '後宮閃光', '單行本', 'NTR', '強暴', '妹妹系', 'SM', '人妻']]-[total_pages:210]
2026-10-05 01:56:37 - mkk_pika - main.py:49 - INFO - [{'_id': '5d34b813b310f6330b71544c', 'title': '膣內射出的單行本', 'order': 1, 'updated_at': '2019-07-21T12:13:38.722Z', 'id': '5d34b813b310f6330b71544c'}]
2026-10-05 01:56:37 - mkk_pika - database.py:215 - INFO - 第一次下载该漫画，记录数据库中
2026-10-05 01:56:39 - mkk_pika - main.py:83 - INFO - 找到 210 张图片在:膣內射出的單行本
2026-10-05 01:56:43 - mkk_pika - main.py:112 - INFO - [episode:膣內射出的單行本  ] downloaded:   210, total: 210, progress:100%
2026-10-05 01:56:43 - mkk_pika - database.py:238 - INFO - 数据库更新已下载章节
2026-10-05 01:56:43 - mkk_pika - database.py:244 - INFO - 该漫画已下载章节如下
2026-10-05 01:56:43 - mkk_pika - database.py:245 - INFO - ['膣內射出的單行本']
2026-10-05 01:56:45 - mkk_pika - main.py:348 - INFO - ==================== 漫画信息 ====================
                                   漫画ID：5d29e1e333cb8f151c2f1543
                                   标题：愛棒 膣内で出していいよ 愛棒膣內射出也沒關係唷
                                   作者：奈塚Q弥
                                   是否完结：是
                                   总页数：210
                                   分类：長篇,純愛,後宮閃光,單行本,NTR,強暴,妹妹系,SM,人妻
                                   章节数：1
                                   最后更新时间：2019-07-13T13:51:31.234Z
                                   =================================================
2026-10-05 01:56:45 - mkk_pika - database.py:101 - INFO - 保存成功：愛棒 膣内で出していいよ 愛棒膣內射出也沒關係唷
2026-10-05 01:56:45 - mkk_pika - main.py:35 - INFO - 开始检查 キャンパスライフ (コミックゼロス #79) [中国翻訳] [DL版]是否存在未下载章节
2026-10-05 01:56:45 - mkk_pika - main.py:45 - INFO - 正在下载:[ キャンパスライフ (コミックゼロス #79) [中国翻訳] [DL版]]-[さんじゅうろう]-[['短篇']]-[total_pages:37]
2026-10-05 01:56:45 - mkk_pika - main.py:49 - INFO - [{'_id': '5d29e1f233cb8f151c2f1618', 'title': '第1集', 'order': 1, 'updated_at': '2019-07-13T13:04:21.473Z', 'id': '5d29e1f233cb8f151c2f1618'}]
2026-10-05 01:56:45 - mkk_pika - database.py:215 - INFO - 第一次下载该漫画，记录数据库中
2026-10-05 01:56:46 - mkk_pika - main.py:83 - INFO - 找到 37 张图片在:第1集
2026-10-05 01:56:47 - mkk_pika - main.py:112 - INFO - [episode:第1集       ] downloaded:    37, total:  37, progress:100%
2026-10-05 01:56:47 - mkk_pika - database.py:238 - INFO - 数据库更新已下载章节
2026-10-05 01:56:47 - mkk_pika - database.py:244 - INFO - 该漫画已下载章节如下
2026-10-05 01:56:47 - mkk_pika - database.py:245 - INFO - ['第1集']
2026-10-05 01:56:48 - mkk_pika - main.py:348 - INFO - ==================== 漫画信息 ====================
                                   漫画ID：5d29e1f233cb8f151c2f1617
                                   标题： キャンパスライフ (コミックゼロス #79) [中国翻訳] [DL版]
                                   作者：さんじゅうろう
                                   是否完结：是
                                   总页数：37
                                   分类：短篇
                                   章节数：1
                                   最后更新时间：2019-07-13T13:51:46.979Z
                                   =================================================
2026-10-05 01:56:48 - mkk_pika - database.py:101 - INFO - 保存成功： キャンパスライフ (コミックゼロス #79) [中国翻訳] [DL版]
2026-10-05 01:56:48 - mkk_pika - main.py:35 - INFO - 开始检查落雷注意報是否存在未下载章节
2026-10-05 01:56:48 - mkk_pika - main.py:45 - INFO - 正在下载:[落雷注意報]-[降夜むく]-[['同人', '短篇', '純愛', '非人類']]-[total_pages:30]
2026-10-05 01:56:48 - mkk_pika - main.py:49 - INFO - [{'_id': '5d29ee31c0965715090cd98b', 'title': '第1集', 'order': 1, 'updated_at': '2019-07-13T13:53:51.782Z', 'id': '5d29ee31c0965715090cd98b'}]
2026-10-05 01:56:48 - mkk_pika - database.py:215 - INFO - 第一次下载该漫画，记录数据库中
2026-10-05 01:56:49 - mkk_pika - main.py:83 - INFO - 找到 30 张图片在:第1集
2026-10-05 01:56:50 - mkk_pika - main.py:112 - INFO - [episode:第1集       ] downloaded:    30, total:  30, progress:100%
2026-10-05 01:56:50 - mkk_pika - database.py:238 - INFO - 数据库更新已下载章节
2026-10-05 01:56:50 - mkk_pika - database.py:244 - INFO - 该漫画已下载章节如下
2026-10-05 01:56:50 - mkk_pika - database.py:245 - INFO - ['第1集']
2026-10-05 01:56:51 - mkk_pika - main.py:348 - INFO - ==================== 漫画信息 ====================
                                   漫画ID：5d29ee31c0965715090cd98a
                                   标题：落雷注意報
                                   作者：降夜むく
                                   是否完结：是
                                   总页数：30
                                   分类：同人,短篇,純愛,非人類
                                   章节数：1
                                   最后更新时间：2019-07-13T14:44:01.424Z
                                   =================================================
2026-10-05 01:56:51 - mkk_pika - database.py:101 - INFO - 保存成功：落雷注意報
2026-10-05 01:56:51 - mkk_pika - main.py:35 - INFO - 开始检查ウサギの檻 [中国翻訳]是否存在未下载章节
2026-10-05 01:56:52 - mkk_pika - main.py:45 - INFO - 正在下载:[ウサギの檻 [中国翻訳]]-[ぷっしゅぽっぷ (あいかわモナコ)]-[['短篇']]-[total_pages:26]
2026-10-05 01:56:52 - mkk_pika - main.py:49 - INFO - [{'_id': '5d2a99a086d21315177bf32d', 'title': '第1集', 'order': 1, 'updated_at': '2019-07-13T14:00:06.229Z', 'id': '5d2a99a086d21315177bf32d'}]
2026-10-05 01:56:52 - mkk_pika - database.py:215 - INFO - 第一次下载该漫画，记录数据库中
2026-10-05 01:56:52 - mkk_pika - main.py:83 - INFO - 找到 26 张图片在:第1集
2026-10-05 01:56:53 - mkk_pika - main.py:112 - INFO - [episode:第1集       ] downloaded:    26, total:  26, progress:100%
2026-10-05 01:56:53 - mkk_pika - database.py:238 - INFO - 数据库更新已下载章节
2026-10-05 01:56:53 - mkk_pika - database.py:244 - INFO - 该漫画已下载章节如下
2026-10-05 01:56:53 - mkk_pika - database.py:245 - INFO - ['第1集']
2026-10-05 01:56:54 - mkk_pika - main.py:348 - INFO - ==================== 漫画信息 ====================
                                   漫画ID：5d2a99a086d21315177bf32c
                                   标题：ウサギの檻 [中国翻訳]
                                   作者：ぷっしゅぽっぷ (あいかわモナコ)
                                   是否完结：是
                                   总页数：26
                                   分类：短篇
                                   章节数：1
                                   最后更新时间：2019-07-14T02:55:28.588Z
                                   =================================================
2026-10-05 01:56:54 - mkk_pika - database.py:101 - INFO - 保存成功：ウサギの檻 [中国翻訳]
2026-10-05 01:56:54 - mkk_pika - main.py:35 - INFO - 开始检查我们的羁绊是否存在未下载章节
2026-10-05 01:56:55 - mkk_pika - main.py:45 - INFO - 正在下载:[我们的羁绊]-[ぼる/かなンボ]-[['同人', '短篇', '非人類']]-[total_pages:50]
2026-10-05 01:56:55 - mkk_pika - main.py:49 - INFO - [{'_id': '5d2a99b721efd51504db75f9', 'title': '第1集', 'order': 1, 'updated_at': '2019-07-13T14:06:06.466Z', 'id': '5d2a99b721efd51504db75f9'}]
2026-10-05 01:56:55 - mkk_pika - database.py:215 - INFO - 第一次下载该漫画，记录数据库中
2026-10-05 01:56:56 - mkk_pika - main.py:83 - INFO - 找到 50 张图片在:第1集
2026-10-05 01:56:57 - mkk_pika - main.py:112 - INFO - [episode:第1集       ] downloaded:    50, total:  50, progress:100%
2026-10-05 01:56:57 - mkk_pika - database.py:238 - INFO - 数据库更新已下载章节
2026-10-05 01:56:57 - mkk_pika - database.py:244 - INFO - 该漫画已下载章节如下
2026-10-05 01:56:57 - mkk_pika - database.py:245 - INFO - ['第1集']
2026-10-05 01:56:58 - mkk_pika - main.py:348 - INFO - ==================== 漫画信息 ====================
                                   漫画ID：5d2a99b721efd51504db75f8
                                   标题：我们的羁绊
                                   作者：ぼる/かなンボ
                                   是否完结：是
                                   总页数：50
                                   分类：同人,短篇,非人類
                                   章节数：1
                                   最后更新时间：2019-07-14T02:55:51.854Z
                                   =================================================
2026-10-05 01:56:58 - mkk_pika - database.py:101 - INFO - 保存成功：我们的羁绊
2026-10-05 01:56:58 - mkk_pika - main.py:35 - INFO - 开始检查淫ふぁいと！是否存在未下载章节
2026-10-05 01:56:58 - mkk_pika - main.py:45 - INFO - 正在下载:[淫ふぁいと！]-[影山]-[['同人', '非人類', '短篇']]-[total_pages:18]
2026-10-05 01:56:58 - mkk_pika - main.py:49 - INFO - [{'_id': '5d2a9a1921efd51504db762d', 'title': '第1集', 'order': 1, 'updated_at': '2019-07-13T14:19:57.916Z', 'id': '5d2a9a1921efd51504db762d'}]
2026-10-05 01:56:58 - mkk_pika - database.py:215 - INFO - 第一次下载该漫画，记录数据库中
2026-10-05 01:56:59 - mkk_pika - main.py:83 - INFO - 找到 18 张图片在:第1集
2026-10-05 01:56:59 - mkk_pika - main.py:112 - INFO - [episode:第1集       ] downloaded:    18, total:  18, progress:100%
2026-10-05 01:56:59 - mkk_pika - database.py:238 - INFO - 数据库更新已下载章节
2026-10-05 01:56:59 - mkk_pika - database.py:244 - INFO - 该漫画已下载章节如下
2026-10-05 01:56:59 - mkk_pika - database.py:245 - INFO - ['第1集']
2026-10-05 01:57:01 - mkk_pika - main.py:348 - INFO - ==================== 漫画信息 ====================
                                   漫画ID：5d2a9a1921efd51504db762c
                                   标题：淫ふぁいと！
                                   作者：影山
                                   是否完结：是
                                   总页数：18
                                   分类：同人,非人類,短篇
                                   章节数：1
                                   最后更新时间：2019-07-14T02:57:29.473Z
                                   =================================================
2026-10-05 01:57:01 - mkk_pika - database.py:101 - INFO - 保存成功：淫ふぁいと！
2026-10-05 01:57:01 - mkk_pika - main.py:35 - INFO - 开始检查1号専用行為室是否存在未下载章节
2026-10-05 01:57:01 - mkk_pika - main.py:45 - INFO - 正在下载:[1号専用行為室]-[鴻上]-[['短篇', '同人', '非人類']]-[total_pages:10]
2026-10-05 01:57:01 - mkk_pika - main.py:49 - INFO - [{'_id': '5d2a9a21c0965715090cdba9', 'title': '第1集', 'order': 1, 'updated_at': '2019-07-13T14:27:31.640Z', 'id': '5d2a9a21c0965715090cdba9'}]
2026-10-05 01:57:01 - mkk_pika - database.py:215 - INFO - 第一次下载该漫画，记录数据库中
2026-10-05 01:57:01 - mkk_pika - main.py:83 - INFO - 找到 10 张图片在:第1集
2026-10-05 01:57:02 - mkk_pika - main.py:112 - INFO - [episode:第1集       ] downloaded:    10, total:  10, progress:100%
2026-10-05 01:57:02 - mkk_pika - database.py:238 - INFO - 数据库更新已下载章节
2026-10-05 01:57:02 - mkk_pika - database.py:244 - INFO - 该漫画已下载章节如下
2026-10-05 01:57:02 - mkk_pika - database.py:245 - INFO - ['第1集']
2026-10-05 01:57:03 - mkk_pika - main.py:348 - INFO - ==================== 漫画信息 ====================
                                   漫画ID：5d2a9a21c0965715090cdba8
                                   标题：1号専用行為室
                                   作者：鴻上
                                   是否完结：否
                                   总页数：10
                                   分类：短篇,同人,非人類
                                   章节数：1
                                   最后更新时间：2019-07-14T02:57:37.136Z
                                   =================================================
2026-10-05 01:57:03 - mkk_pika - database.py:101 - INFO - 保存成功：1号専用行為室
2026-10-05 01:57:03 - mkk_pika - main.py:35 - INFO - 开始检查ハルカン in the キッチン (みなみけ) 是否存在未下载章节
2026-10-05 01:57:03 - mkk_pika - main.py:45 - INFO - 正在下载:[ハルカン in the キッチン (みなみけ) ]-[もきゅ、袋小路]-[['短篇']]-[total_pages:27]
2026-10-05 01:57:03 - mkk_pika - main.py:49 - INFO - [{'_id': '5d2a9ada33cb8f151c2f1a9d', 'title': '第1集', 'order': 1, 'updated_at': '2019-07-13T14:58:22.913Z', 'id': '5d2a9ada33cb8f151c2f1a9d'}]
2026-10-05 01:57:03 - mkk_pika - database.py:215 - INFO - 第一次下载该漫画，记录数据库中
2026-10-05 01:57:04 - mkk_pika - main.py:83 - INFO - 找到 27 张图片在:第1集
2026-10-05 01:57:05 - mkk_pika - main.py:112 - INFO - [episode:第1集       ] downloaded:    27, total:  27, progress:100%
2026-10-05 01:57:05 - mkk_pika - database.py:238 - INFO - 数据库更新已下载章节
2026-10-05 01:57:05 - mkk_pika - database.py:244 - INFO - 该漫画已下载章节如下
2026-10-05 01:57:05 - mkk_pika - database.py:245 - INFO - ['第1集']
2026-10-05 01:57:06 - mkk_pika - main.py:348 - INFO - ==================== 漫画信息 ====================
                                   漫画ID：5d2a9ada33cb8f151c2f1a9c
                                   标题：ハルカン in the キッチン (みなみけ) 
                                   作者：もきゅ、袋小路
                                   是否完结：否
                                   总页数：27
                                   分类：短篇
                                   章节数：1
                                   最后更新时间：2019-07-14T03:00:42.405Z
                                   =================================================
2026-10-05 01:57:06 - mkk_pika - database.py:101 - INFO - 保存成功：ハルカン in the キッチン (みなみけ) 
2026-10-05 01:57:06 - mkk_pika - main.py:35 - INFO - 开始检查(少女戦略最前線04) ドレスなWA2000 (少女前線) [中国翻訳]是否存在未下载章节
2026-10-05 01:57:06 - mkk_pika - main.py:45 - INFO - 正在下载:[(少女戦略最前線04) ドレスなWA2000 (少女前線) [中国翻訳]]-[ふぇると工房 (Flugel)]-[['同人', '短篇']]-[total_pages:19]
2026-10-05 01:57:06 - mkk_pika - main.py:49 - INFO - [{'_id': '5d2a9b0d21efd51504db7654', 'title': '第1集', 'order': 1, 'updated_at': '2019-07-13T15:47:57.362Z', 'id': '5d2a9b0d21efd51504db7654'}]
2026-10-05 01:57:06 - mkk_pika - database.py:215 - INFO - 第一次下载该漫画，记录数据库中
2026-10-05 01:57:07 - mkk_pika - main.py:83 - INFO - 找到 19 张图片在:第1集
2026-10-05 01:57:07 - mkk_pika - main.py:112 - INFO - [episode:第1集       ] downloaded:    19, total:  19, progress:100%
2026-10-05 01:57:07 - mkk_pika - database.py:238 - INFO - 数据库更新已下载章节
2026-10-05 01:57:07 - mkk_pika - database.py:244 - INFO - 该漫画已下载章节如下
2026-10-05 01:57:07 - mkk_pika - database.py:245 - INFO - ['第1集']
2026-10-05 01:57:09 - mkk_pika - main.py:348 - INFO - ==================== 漫画信息 ====================
                                   漫画ID：5d2a9b0d21efd51504db7653
                                   标题：(少女戦略最前線04) ドレスなWA2000 (少女前線) [中国翻訳]
                                   作者：ふぇると工房 (Flugel)
                                   是否完结：是
                                   总页数：19
                                   分类：同人,短篇
                                   章节数：1
                                   最后更新时间：2019-07-14T03:01:33.492Z
                                   =================================================
2026-10-05 01:57:09 - mkk_pika - database.py:101 - INFO - 保存成功：(少女戦略最前線04) ドレスなWA2000 (少女前線) [中国翻訳]
2026-10-05 01:57:09 - mkk_pika - main.py:35 - INFO - 开始检查てーとくしゅーりして (艦隊これくしょん -艦これ-)是否存在未下载章节
2026-10-05 01:57:09 - mkk_pika - main.py:45 - INFO - 正在下载:[てーとくしゅーりして (艦隊これくしょん -艦これ-)]-[黒魔法研究所 (wizakun)]-[['短篇', '非人類', '艦隊收藏']]-[total_pages:19]
2026-10-05 01:57:09 - mkk_pika - main.py:49 - INFO - [{'_id': '5d2a9b4933cb8f151c2f1aba', 'title': '第1集', 'order': 1, 'updated_at': '2019-07-13T17:22:42.014Z', 'id': '5d2a9b4933cb8f151c2f1aba'}]
2026-10-05 01:57:09 - mkk_pika - database.py:215 - INFO - 第一次下载该漫画，记录数据库中
2026-10-05 01:57:10 - mkk_pika - main.py:83 - INFO - 找到 19 张图片在:第1集
2026-10-05 01:57:10 - mkk_pika - main.py:112 - INFO - [episode:第1集       ] downloaded:    19, total:  19, progress:100%
2026-10-05 01:57:10 - mkk_pika - database.py:238 - INFO - 数据库更新已下载章节
2026-10-05 01:57:10 - mkk_pika - database.py:244 - INFO - 该漫画已下载章节如下
2026-10-05 01:57:10 - mkk_pika - database.py:245 - INFO - ['第1集']
2026-10-05 01:57:11 - mkk_pika - main.py:348 - INFO - ==================== 漫画信息 ====================
                                   漫画ID：5d2a9b4933cb8f151c2f1ab9
                                   标题：てーとくしゅーりして (艦隊これくしょん -艦これ-)
                                   作者：黒魔法研究所 (wizakun)
                                   是否完结：是
                                   总页数：19
                                   分类：短篇,非人類,艦隊收藏
                                   章节数：1
                                   最后更新时间：2019-07-14T03:02:33.206Z
                                   =================================================
2026-10-05 01:57:11 - mkk_pika - database.py:101 - INFO - 保存成功：てーとくしゅーりして (艦隊これくしょん -艦これ-)
2026-10-05 01:57:11 - mkk_pika - main.py:35 - INFO - 开始检查(COMIC1☆15) ウチのフォーリナーがトイレの場所も守らない悪い猫だったので物理的手段で躾ける話 (Fate/Grand Order)是否存在未下载章节
2026-10-05 01:57:12 - mkk_pika - main.py:45 - INFO - 正在下载:[(COMIC1☆15) ウチのフォーリナーがトイレの場所も守らない悪い猫だったので物理的手段で躾ける話 (Fate/Grand Order)]-[ニャリャポンガ (世界最速のパンダ)]-[['短篇', '純愛', '同人', 'Fate']]-[total_pages:56]
2026-10-05 01:57:12 - mkk_pika - main.py:49 - INFO - [{'_id': '5ce02fc5b603b00bd9539992', 'title': '第1集', 'order': 1, 'updated_at': '2019-05-15T15:56:46.930Z', 'id': '5ce02fc5b603b00bd9539992'}, {'_id': '5d2a9bbf21efd51504db76b0', 'title': '汉化', 'order': 2, 'updated_at': '2019-07-13T17:42:45.087Z', 'id': '5d2a9bbf21efd51504db76b0'}]
2026-10-05 01:57:12 - mkk_pika - database.py:215 - INFO - 第一次下载该漫画，记录数据库中
2026-10-05 01:57:12 - mkk_pika - main.py:83 - INFO - 找到 28 张图片在:第1集
2026-10-05 01:57:13 - mkk_pika - main.py:112 - INFO - [episode:第1集       ] downloaded:    28, total:  28, progress:100%
2026-10-05 01:57:13 - mkk_pika - database.py:238 - INFO - 数据库更新已下载章节
2026-10-05 01:57:13 - mkk_pika - database.py:244 - INFO - 该漫画已下载章节如下
2026-10-05 01:57:13 - mkk_pika - database.py:245 - INFO - ['第1集']
2026-10-05 01:57:15 - mkk_pika - main.py:83 - INFO - 找到 28 张图片在:汉化
2026-10-05 01:57:16 - mkk_pika - main.py:112 - INFO - [episode:汉化        ] downloaded:    28, total:  28, progress:100%
2026-10-05 01:57:16 - mkk_pika - database.py:238 - INFO - 数据库更新已下载章节
2026-10-05 01:57:16 - mkk_pika - database.py:244 - INFO - 该漫画已下载章节如下
2026-10-05 01:57:16 - mkk_pika - database.py:245 - INFO - ['第1集', '汉化']
2026-10-05 01:57:17 - mkk_pika - main.py:348 - INFO - ==================== 漫画信息 ====================
                                   漫画ID：5ce02fc5b603b00bd9539991
                                   标题：(COMIC1☆15) ウチのフォーリナーがトイレの場所も守らない悪い猫だったので物理的手段で躾ける話 (Fate/Grand Order)
                                   作者：ニャリャポンガ (世界最速のパンダ)
                                   是否完结：是
                                   总页数：56
                                   分类：短篇,純愛,同人,Fate
                                   章节数：2
                                   最后更新时间：2019-07-14T03:04:31.471Z
                                   =================================================
2026-10-05 01:57:17 - mkk_pika - database.py:101 - INFO - 保存成功：(COMIC1☆15) ウチのフォーリナーがトイレの場所も守らない悪い猫だったので物理的手段で躾ける話 (Fate/Grand Order)
2026-10-05 01:57:17 - mkk_pika - main.py:35 - INFO - 开始检查お姉様を喰らわば私も Magna (グランブルーファンタジー) [中国翻訳] [DL版]是否存在未下载章节
2026-10-05 01:57:17 - mkk_pika - main.py:45 - INFO - 正在下载:[お姉様を喰らわば私も Magna (グランブルーファンタジー) [中国翻訳] [DL版]]-[Santa Fe Radio (ぺに健)]-[['短篇', '同人', '後宮閃光', '碧藍幻想']]-[total_pages:24]
2026-10-05 01:57:17 - mkk_pika - main.py:49 - INFO - [{'_id': '5d2a9bd7c0965715090cde3c', 'title': '第1集', 'order': 1, 'updated_at': '2019-07-13T18:22:19.728Z', 'id': '5d2a9bd7c0965715090cde3c'}]
2026-10-05 01:57:17 - mkk_pika - database.py:215 - INFO - 第一次下载该漫画，记录数据库中
2026-10-05 01:57:18 - mkk_pika - main.py:83 - INFO - 找到 24 张图片在:第1集
2026-10-05 01:57:19 - mkk_pika - main.py:112 - INFO - [episode:第1集       ] downloaded:    24, total:  24, progress:100%
2026-10-05 01:57:19 - mkk_pika - database.py:238 - INFO - 数据库更新已下载章节
2026-10-05 01:57:19 - mkk_pika - database.py:244 - INFO - 该漫画已下载章节如下
2026-10-05 01:57:19 - mkk_pika - database.py:245 - INFO - ['第1集']
2026-10-05 01:57:20 - mkk_pika - main.py:348 - INFO - ==================== 漫画信息 ====================
                                   漫画ID：5d2a9bd7c0965715090cde3b
                                   标题：お姉様を喰らわば私も Magna (グランブルーファンタジー) [中国翻訳] [DL版]
                                   作者：Santa Fe Radio (ぺに健)
                                   是否完结：是
                                   总页数：24
                                   分类：短篇,同人,後宮閃光,碧藍幻想
                                   章节数：1
                                   最后更新时间：2019-07-14T03:04:55.963Z
                                   =================================================
2026-10-05 01:57:20 - mkk_pika - database.py:101 - INFO - 保存成功：お姉様を喰らわば私も Magna (グランブルーファンタジー) [中国翻訳] [DL版]
2026-10-05 01:57:20 - mkk_pika - main.py:380 - INFO - 本次任务下载完毕
2026-10-05 01:57:20 - mkk_pika - database.py:173 - INFO - 数据库连接已关闭
