2026-10-06 02:53:57 - mkk_pika - main.py:193 - INFO - =======================================================================
2026-10-06 02:53:57 - mkk_pika - database.py:61 - INFO - 表和索引初始化成功
2026-10-06 02:53:57 - mkk_pika - main.py:197 - INFO - 已经累计下载22442本漫画
2026-10-06 02:53:57 - mkk_pika - api.py:87 - INFO - 登录成功
2026-10-06 02:53:58 - mkk_pika - main.py:203 - INFO - 收藏夹共计0本漫画
2026-10-06 02:53:58 - mkk_pika - main.py:206 - INFO - 开始下载收藏夹内未下载内容
2026-10-06 02:53:58 - mkk_pika - main.py:266 - INFO - 收藏夹内容下载完毕
2026-10-06 02:53:58 - mkk_pika - main.py:268 - INFO - 开始下载订阅内容
2026-10-06 02:53:58 - mkk_pika - database.py:258 - INFO - 根据ID查询到标题：萝莉 -> おじさんとのエッチにハマっちゃった女の子| 沉迷于和大叔做爱的女孩 [中国翻訳]
2026-10-06 02:53:58 - mkk_pika - database.py:101 - INFO - 保存成功：おじさんとのエッチにハマっちゃった女の子| 沉迷于和大叔做爱的女孩 [中国翻訳]
2026-10-06 02:53:58 - mkk_pika - main.py:273 - INFO - 关键词萝莉找到1本漫画
2026-10-06 02:53:58 - mkk_pika - database.py:258 - INFO - 根据ID查询到标题：蘿莉 -> 体験させて！おにいちゃん (COMIC LO 2026年10月号)
2026-10-06 02:53:59 - mkk_pika - database.py:101 - INFO - 保存成功：Kanna Kamui
2026-10-06 02:53:59 - mkk_pika - main.py:273 - INFO - 关键词蘿莉找到3本漫画
2026-10-06 02:53:59 - mkk_pika - main.py:275 - INFO - 订阅内容共计4本漫画
2026-10-06 02:53:59 - mkk_pika - main.py:35 - INFO - 开始检查エジプト褐色ロリ合同是否存在未下载章节
2026-10-06 02:53:59 - mkk_pika - database.py:203 - INFO - 查询数据库中是否已存在第1話
2026-10-06 02:53:59 - mkk_pika - main.py:51 - INFO - エジプト褐色ロリ合同中没有可下载章节
2026-10-06 02:54:00 - mkk_pika - main.py:292 - INFO - ==================== 漫画信息 ====================
                                漫画ID：6abe9df42175923c6a5935d6
                                标题：エジプト褐色ロリ合同
                                作者：リビョウブ (よろず)
                                是否完结：是
                                总页数：303
                                分类：單行本
                                章节数：1
                                最后更新时间：2026-10-01T17:52:52.754Z
                                =================================================
2026-10-06 02:54:00 - mkk_pika - database.py:101 - INFO - 保存成功：エジプト褐色ロリ合同
2026-10-06 02:54:00 - mkk_pika - main.py:35 - INFO - 开始检查ヒマワリちゃんの雑なカラー漫画5P＆ほぼボツのカラーイラスト是否存在未下载章节
2026-10-06 02:54:00 - mkk_pika - main.py:45 - INFO - 正在下载:[ヒマワリちゃんの雑なカラー漫画5P＆ほぼボツのカラーイラスト]-[最小]-[['短篇', '同人']]-[total_pages:-1]
2026-10-06 02:54:00 - mkk_pika - main.py:49 - INFO - [{'_id': '6ac3d4510b686b2083cb5873', 'title': '第1話', 'order': 1, 'updated_at': '2026-10-05T12:25:17.327Z', 'id': '6ac3d4510b686b2083cb5873'}]
2026-10-06 02:54:00 - mkk_pika - database.py:215 - INFO - 第一次下载该漫画，记录数据库中
2026-10-06 02:54:01 - mkk_pika - main.py:83 - INFO - 找到 12 张图片在:第1話
2026-10-06 02:54:01 - mkk_pika - main.py:112 - INFO - [episode:第1話       ] downloaded:    12, total:  12, progress:100%
2026-10-06 02:54:01 - mkk_pika - database.py:238 - INFO - 数据库更新已下载章节
2026-10-06 02:54:01 - mkk_pika - database.py:244 - INFO - 该漫画已下载章节如下
2026-10-06 02:54:01 - mkk_pika - database.py:245 - INFO - ['第1話']
2026-10-06 02:54:03 - mkk_pika - main.py:292 - INFO - ==================== 漫画信息 ====================
                                漫画ID：6ac3d4510b686b2083cb5872
                                标题：ヒマワリちゃんの雑なカラー漫画5P＆ほぼボツのカラーイラスト
                                作者：最小
                                是否完结：否
                                总页数：12
                                分类：短篇,同人
                                章节数：1
                                最后更新时间：2026-10-05T16:46:09.990Z
                                =================================================
2026-10-06 02:54:03 - mkk_pika - database.py:101 - INFO - 保存成功：ヒマワリちゃんの雑なカラー漫画5P＆ほぼボツのカラーイラスト
2026-10-06 02:54:03 - mkk_pika - main.py:35 - INFO - 开始检查おそとでとれーにんぐ | 去外面锻炼啦！是否存在未下载章节
2026-10-06 02:54:03 - mkk_pika - main.py:45 - INFO - 正在下载:[おそとでとれーにんぐ | 去外面锻炼啦！]-[龍正堂本舗 (NAMIO H. 龍堂)]-[['短篇']]-[total_pages:-1]
2026-10-06 02:54:03 - mkk_pika - main.py:49 - INFO - [{'_id': '61f91726d2a75c5040adbc2b', 'title': '生肉', 'order': 1, 'updated_at': '2026-10-05T16:41:53.094Z', 'id': '61f91726d2a75c5040adbc2b'}, {'_id': '6ac3d3510b686b2083cb53d5', 'title': '熟肉', 'order': 2, 'updated_at': '2026-10-05T11:23:47.518Z', 'id': '6ac3d3510b686b2083cb53d5'}]
2026-10-06 02:54:03 - mkk_pika - database.py:215 - INFO - 第一次下载该漫画，记录数据库中
2026-10-06 02:54:04 - mkk_pika - main.py:83 - INFO - 找到 29 张图片在:生肉
2026-10-06 02:54:05 - mkk_pika - main.py:112 - INFO - [episode:生肉        ] downloaded:    29, total:  29, progress:100%
2026-10-06 02:54:05 - mkk_pika - database.py:238 - INFO - 数据库更新已下载章节
2026-10-06 02:54:05 - mkk_pika - database.py:244 - INFO - 该漫画已下载章节如下
2026-10-06 02:54:05 - mkk_pika - database.py:245 - INFO - ['生肉']
2026-10-06 02:54:06 - mkk_pika - main.py:83 - INFO - 找到 30 张图片在:熟肉
2026-10-06 02:54:08 - mkk_pika - main.py:112 - INFO - [episode:熟肉        ] downloaded:    30, total:  30, progress:100%
2026-10-06 02:54:08 - mkk_pika - database.py:238 - INFO - 数据库更新已下载章节
2026-10-06 02:54:08 - mkk_pika - database.py:244 - INFO - 该漫画已下载章节如下
2026-10-06 02:54:08 - mkk_pika - database.py:245 - INFO - ['生肉', '熟肉']
2026-10-06 02:54:09 - mkk_pika - main.py:292 - INFO - ==================== 漫画信息 ====================
                                漫画ID：61f91726d2a75c5040adbc2a
                                标题：おそとでとれーにんぐ | 去外面锻炼啦！
                                作者：龍正堂本舗 (NAMIO H. 龍堂)
                                是否完结：否
                                总页数：59
                                分类：短篇
                                章节数：2
                                最后更新时间：2026-10-05T16:41:53.085Z
                                =================================================
2026-10-06 02:54:09 - mkk_pika - database.py:101 - INFO - 保存成功：おそとでとれーにんぐ | 去外面锻炼啦！
2026-10-06 02:54:09 - mkk_pika - main.py:35 - INFO - 开始检查スキスキお兄ちゃん世話焼き幼馴染に好かれて…〜お風呂エッチからの台所エッチでイチャラブ〜是否存在未下载章节
2026-10-06 02:54:10 - mkk_pika - main.py:45 - INFO - 正在下载:[スキスキお兄ちゃん世話焼き幼馴染に好かれて…〜お風呂エッチからの台所エッチでイチャラブ〜]-[ネコぬめ堂 (ネコぬめ)]-[['妹妹系', '短篇']]-[total_pages:-1]
2026-10-06 02:54:10 - mkk_pika - main.py:49 - INFO - [{'_id': '6ac3cf930b686b2083cb51b9', 'title': '第1話', 'order': 1, 'updated_at': '2026-10-04T15:20:54.326Z', 'id': '6ac3cf930b686b2083cb51b9'}]
2026-10-06 02:54:10 - mkk_pika - database.py:215 - INFO - 第一次下载该漫画，记录数据库中
2026-10-06 02:54:10 - mkk_pika - main.py:83 - INFO - 找到 33 张图片在:第1話
2026-10-06 02:54:11 - mkk_pika - main.py:112 - INFO - [episode:第1話       ] downloaded:    33, total:  33, progress:100%
2026-10-06 02:54:11 - mkk_pika - database.py:238 - INFO - 数据库更新已下载章节
2026-10-06 02:54:11 - mkk_pika - database.py:244 - INFO - 该漫画已下载章节如下
2026-10-06 02:54:11 - mkk_pika - database.py:245 - INFO - ['第1話']
2026-10-06 02:54:13 - mkk_pika - main.py:292 - INFO - ==================== 漫画信息 ====================
                                漫画ID：6ac3cf930b686b2083cb51b8
                                标题：スキスキお兄ちゃん世話焼き幼馴染に好かれて…〜お風呂エッチからの台所エッチでイチャラブ〜
                                作者：ネコぬめ堂 (ネコぬめ)
                                是否完结：是
                                总页数：33
                                分类：妹妹系,短篇
                                章节数：1
                                最后更新时间：2026-10-05T16:25:55.587Z
                                =================================================
2026-10-06 02:54:13 - mkk_pika - database.py:101 - INFO - 保存成功：スキスキお兄ちゃん世話焼き幼馴染に好かれて…〜お風呂エッチからの台所エッチでイチャラブ〜
2026-10-06 02:54:13 - mkk_pika - main.py:323 - INFO - 订阅内容内容下载完毕
2026-10-06 02:54:13 - mkk_pika - main.py:324 - INFO - 开始分批下载全部章节
2026-10-06 02:54:13 - mkk_pika - database.py:280 - INFO - 表和索引初始化成功
2026-10-06 02:54:13 - mkk_pika - main.py:177 - INFO - 已经下载了1765页，一共7191页，现在开始添加第1766页
2026-10-06 02:54:14 - mkk_pika - database.py:318 - INFO - 保存成功
2026-10-06 02:54:14 - mkk_pika - main.py:177 - INFO - 已经下载了1766页，一共7191页，现在开始添加第1767页
2026-10-06 02:54:14 - mkk_pika - database.py:318 - INFO - 保存成功
2026-10-06 02:54:15 - mkk_pika - main.py:177 - INFO - 已经下载了1767页，一共7191页，现在开始添加第1768页
2026-10-06 02:54:15 - mkk_pika - database.py:318 - INFO - 保存成功
2026-10-06 02:54:16 - mkk_pika - main.py:177 - INFO - 已经下载了1768页，一共7191页，现在开始添加第1769页
2026-10-06 02:54:16 - mkk_pika - database.py:318 - INFO - 保存成功
2026-10-06 02:54:16 - mkk_pika - main.py:177 - INFO - 已经下载了1769页，一共7191页，现在开始添加第1770页
2026-10-06 02:54:17 - mkk_pika - database.py:318 - INFO - 保存成功
2026-10-06 02:54:17 - mkk_pika - main.py:177 - INFO - 已经下载了1770页，一共7191页，现在开始添加第1771页
2026-10-06 02:54:18 - mkk_pika - database.py:318 - INFO - 保存成功
2026-10-06 02:54:18 - mkk_pika - main.py:177 - INFO - 已经下载了1771页，一共7191页，现在开始添加第1772页
2026-10-06 02:54:19 - mkk_pika - database.py:318 - INFO - 保存成功
2026-10-06 02:54:19 - mkk_pika - main.py:331 - INFO - 分批下载共计75本漫画
2026-10-06 02:54:19 - mkk_pika - main.py:35 - INFO - 开始检查初めての寝取られマゾ化調教～お泊りデート編～ [中国翻訳]是否存在未下载章节
2026-10-06 02:54:19 - mkk_pika - main.py:45 - INFO - 正在下载:[初めての寝取られマゾ化調教～お泊りデート編～ [中国翻訳]]-[ブリッツクリーク (電池)]-[['短篇', 'NTR', 'SM']]-[total_pages:260]
2026-10-06 02:54:19 - mkk_pika - main.py:49 - INFO - [{'_id': '5d2497aea6fcef4c687527b4', 'title': '第1集', 'order': 1, 'updated_at': '2019-07-09T01:30:53.028Z', 'id': '5d2497aea6fcef4c687527b4'}, {'_id': '5d2497aea6fcef4c687527b5', 'title': '第2集', 'order': 2, 'updated_at': '2019-07-09T13:20:34.233Z', 'id': '5d2497aea6fcef4c687527b5'}, {'_id': '5d25f99d76eef27e254b600f', 'title': '第3集', 'order': 3, 'updated_at': '2019-07-10T12:11:12.624Z', 'id': '5d25f99d76eef27e254b600f'}, {'_id': '5d28327c33cb8f151c2eeeb2', 'title': '第4集', 'order': 4, 'updated_at': '2019-07-11T14:48:56.316Z', 'id': '5d28327c33cb8f151c2eeeb2'}, {'_id': '5d2b485b33cb8f151c2f208e', 'title': '第5集', 'order': 5, 'updated_at': '2019-07-13T18:43:03.363Z', 'id': '5d2b485b33cb8f151c2f208e'}]
2026-10-06 02:54:19 - mkk_pika - database.py:215 - INFO - 第一次下载该漫画，记录数据库中
2026-10-06 02:54:20 - mkk_pika - main.py:83 - INFO - 找到 50 张图片在:第1集
2026-10-06 02:54:21 - mkk_pika - main.py:112 - INFO - [episode:第1集       ] downloaded:    50, total:  50, progress:100%
2026-10-06 02:54:21 - mkk_pika - database.py:238 - INFO - 数据库更新已下载章节
2026-10-06 02:54:21 - mkk_pika - database.py:244 - INFO - 该漫画已下载章节如下
2026-10-06 02:54:21 - mkk_pika - database.py:245 - INFO - ['第1集']
2026-10-06 02:54:23 - mkk_pika - main.py:83 - INFO - 找到 55 张图片在:第2集
2026-10-06 02:54:25 - mkk_pika - main.py:112 - INFO - [episode:第2集       ] downloaded:    55, total:  55, progress:100%
2026-10-06 02:54:25 - mkk_pika - database.py:238 - INFO - 数据库更新已下载章节
2026-10-06 02:54:25 - mkk_pika - database.py:244 - INFO - 该漫画已下载章节如下
2026-10-06 02:54:25 - mkk_pika - database.py:245 - INFO - ['第1集', '第2集']
2026-10-06 02:54:27 - mkk_pika - main.py:83 - INFO - 找到 56 张图片在:第3集
2026-10-06 02:54:29 - mkk_pika - main.py:112 - INFO - [episode:第3集       ] downloaded:    56, total:  56, progress:100%
2026-10-06 02:54:29 - mkk_pika - database.py:238 - INFO - 数据库更新已下载章节
2026-10-06 02:54:29 - mkk_pika - database.py:244 - INFO - 该漫画已下载章节如下
2026-10-06 02:54:29 - mkk_pika - database.py:245 - INFO - ['第1集', '第2集', '第3集']
2026-10-06 02:54:31 - mkk_pika - main.py:83 - INFO - 找到 58 张图片在:第4集
2026-10-06 02:54:33 - mkk_pika - main.py:112 - INFO - [episode:第4集       ] downloaded:    58, total:  58, progress:100%
2026-10-06 02:54:33 - mkk_pika - database.py:238 - INFO - 数据库更新已下载章节
2026-10-06 02:54:33 - mkk_pika - database.py:244 - INFO - 该漫画已下载章节如下
2026-10-06 02:54:33 - mkk_pika - database.py:245 - INFO - ['第1集', '第2集', '第3集', '第4集']
2026-10-06 02:54:35 - mkk_pika - main.py:83 - INFO - 找到 41 张图片在:第5集
2026-10-06 02:54:36 - mkk_pika - main.py:112 - INFO - [episode:第5集       ] downloaded:    41, total:  41, progress:100%
2026-10-06 02:54:36 - mkk_pika - database.py:238 - INFO - 数据库更新已下载章节
2026-10-06 02:54:36 - mkk_pika - database.py:244 - INFO - 该漫画已下载章节如下
2026-10-06 02:54:36 - mkk_pika - database.py:245 - INFO - ['第1集', '第2集', '第3集', '第4集', '第5集']
2026-10-06 02:54:38 - mkk_pika - main.py:348 - INFO - ==================== 漫画信息 ====================
                                   漫画ID：5d2497aea6fcef4c687527b3
                                   标题：初めての寝取られマゾ化調教～お泊りデート編～ [中国翻訳]
                                   作者：ブリッツクリーク (電池)
                                   是否完结：是
                                   总页数：260
                                   分类：短篇,NTR,SM
                                   章节数：5
                                   最后更新时间：2019-07-14T15:20:59.485Z
                                   =================================================
2026-10-06 02:54:38 - mkk_pika - database.py:101 - INFO - 保存成功：初めての寝取られマゾ化調教～お泊りデート編～ [中国翻訳]
2026-10-06 02:54:38 - mkk_pika - main.py:35 - INFO - 开始检查 毎日お母さんで性欲処理!〜母の事務的セックスは中出し放題〜 [中国翻訳]是否存在未下载章节
2026-10-06 02:54:38 - mkk_pika - main.py:45 - INFO - 正在下载:[ 毎日お母さんで性欲処理!〜母の事務的セックスは中出し放題〜 [中国翻訳]]-[夏目ベンケイ]-[['短篇', '全彩', '人妻']]-[total_pages:29]
2026-10-06 02:54:38 - mkk_pika - main.py:49 - INFO - [{'_id': '5d2b486a86d21315177bf9f5', 'title': '第1集', 'order': 1, 'updated_at': '2019-07-13T18:49:19.565Z', 'id': '5d2b486a86d21315177bf9f5'}]
2026-10-06 02:54:38 - mkk_pika - database.py:215 - INFO - 第一次下载该漫画，记录数据库中
2026-10-06 02:54:39 - mkk_pika - main.py:83 - INFO - 找到 29 张图片在:第1集
2026-10-06 02:54:39 - mkk_pika - main.py:112 - INFO - [episode:第1集       ] downloaded:    29, total:  29, progress:100%
2026-10-06 02:54:39 - mkk_pika - database.py:238 - INFO - 数据库更新已下载章节
2026-10-06 02:54:39 - mkk_pika - database.py:244 - INFO - 该漫画已下载章节如下
2026-10-06 02:54:39 - mkk_pika - database.py:245 - INFO - ['第1集']
2026-10-06 02:54:41 - mkk_pika - main.py:348 - INFO - ==================== 漫画信息 ====================
                                   漫画ID：5d2b486a86d21315177bf9f4
                                   标题： 毎日お母さんで性欲処理!〜母の事務的セックスは中出し放題〜 [中国翻訳]
                                   作者：夏目ベンケイ
                                   是否完结：是
                                   总页数：29
                                   分类：短篇,全彩,人妻
                                   章节数：1
                                   最后更新时间：2019-07-14T15:21:14.893Z
                                   =================================================
2026-10-06 02:54:41 - mkk_pika - database.py:101 - INFO - 保存成功： 毎日お母さんで性欲処理!〜母の事務的セックスは中出し放題〜 [中国翻訳]
2026-10-06 02:54:41 - mkk_pika - main.py:35 - INFO - 开始检查(COMIC1☆15)  婦長にされるがまま (FateGrand Order)是否存在未下载章节
2026-10-06 02:54:41 - mkk_pika - main.py:45 - INFO - 正在下载:[(COMIC1☆15)  婦長にされるがまま (FateGrand Order)]-[イニシアティ部 (不嬢女子)]-[['短篇', '同人', '純愛', 'Fate']]-[total_pages:37]
2026-10-06 02:54:41 - mkk_pika - main.py:49 - INFO - [{'_id': '5d1ccf8bee25ab4c6dd60dcf', 'title': '第1集', 'order': 1, 'updated_at': '2019-07-02T14:17:47.768Z', 'id': '5d1ccf8bee25ab4c6dd60dcf'}, {'_id': '5d2b487f33cb8f151c2f20b9', 'title': '汉化', 'order': 2, 'updated_at': '2019-07-13T21:36:28.194Z', 'id': '5d2b487f33cb8f151c2f20b9'}]
2026-10-06 02:54:41 - mkk_pika - database.py:215 - INFO - 第一次下载该漫画，记录数据库中
2026-10-06 02:54:42 - mkk_pika - main.py:83 - INFO - 找到 18 张图片在:第1集
2026-10-06 02:54:43 - mkk_pika - main.py:112 - INFO - [episode:第1集       ] downloaded:    18, total:  18, progress:100%
2026-10-06 02:54:43 - mkk_pika - database.py:238 - INFO - 数据库更新已下载章节
2026-10-06 02:54:43 - mkk_pika - database.py:244 - INFO - 该漫画已下载章节如下
2026-10-06 02:54:43 - mkk_pika - database.py:245 - INFO - ['第1集']
2026-10-06 02:54:44 - mkk_pika - main.py:83 - INFO - 找到 19 张图片在:汉化
2026-10-06 02:54:45 - mkk_pika - main.py:112 - INFO - [episode:汉化        ] downloaded:    19, total:  19, progress:100%
2026-10-06 02:54:45 - mkk_pika - database.py:238 - INFO - 数据库更新已下载章节
2026-10-06 02:54:45 - mkk_pika - database.py:244 - INFO - 该漫画已下载章节如下
2026-10-06 02:54:45 - mkk_pika - database.py:245 - INFO - ['第1集', '汉化']
2026-10-06 02:54:46 - mkk_pika - main.py:348 - INFO - ==================== 漫画信息 ====================
                                   漫画ID：5d1ccf8bee25ab4c6dd60dce
                                   标题：(COMIC1☆15)  婦長にされるがまま (FateGrand Order)
                                   作者：イニシアティ部 (不嬢女子)
                                   是否完结：是
                                   总页数：37
                                   分类：短篇,同人,純愛,Fate
                                   章节数：2
                                   最后更新时间：2019-07-14T15:21:35.081Z
                                   =================================================
2026-10-06 02:54:46 - mkk_pika - database.py:101 - INFO - 保存成功：(COMIC1☆15)  婦長にされるがまま (FateGrand Order)
2026-10-06 02:54:46 - mkk_pika - main.py:35 - INFO - 开始检查パンスト妻は溜まってる (コミック・マショウ 2019年3月号) [中国翻訳] [DL版]是否存在未下载章节
2026-10-06 02:54:47 - mkk_pika - main.py:45 - INFO - 正在下载:[パンスト妻は溜まってる (コミック・マショウ 2019年3月号) [中国翻訳] [DL版]]-[ジロウ]-[['短篇', '人妻']]-[total_pages:25]
2026-10-06 02:54:47 - mkk_pika - main.py:49 - INFO - [{'_id': '5d2b491b33cb8f151c2f218d', 'title': '第1集', 'order': 1, 'updated_at': '2019-07-14T05:21:56.568Z', 'id': '5d2b491b33cb8f151c2f218d'}]
2026-10-06 02:54:47 - mkk_pika - database.py:215 - INFO - 第一次下载该漫画，记录数据库中
2026-10-06 02:54:47 - mkk_pika - main.py:83 - INFO - 找到 25 张图片在:第1集
2026-10-06 02:54:48 - mkk_pika - main.py:112 - INFO - [episode:第1集       ] downloaded:    25, total:  25, progress:100%
2026-10-06 02:54:48 - mkk_pika - database.py:238 - INFO - 数据库更新已下载章节
2026-10-06 02:54:48 - mkk_pika - database.py:244 - INFO - 该漫画已下载章节如下
2026-10-06 02:54:48 - mkk_pika - database.py:245 - INFO - ['第1集']
2026-10-06 02:54:49 - mkk_pika - main.py:348 - INFO - ==================== 漫画信息 ====================
                                   漫画ID：5d2b491b33cb8f151c2f218c
                                   标题：パンスト妻は溜まってる (コミック・マショウ 2019年3月号) [中国翻訳] [DL版]
                                   作者：ジロウ
                                   是否完结：是
                                   总页数：25
                                   分类：短篇,人妻
                                   章节数：1
                                   最后更新时间：2019-07-14T15:24:11.218Z
                                   =================================================
2026-10-06 02:54:49 - mkk_pika - database.py:101 - INFO - 保存成功：パンスト妻は溜まってる (コミック・マショウ 2019年3月号) [中国翻訳] [DL版]
2026-10-06 02:54:49 - mkk_pika - main.py:35 - INFO - 开始检查僕は小さな淫魔のしもべ.是否存在未下载章节
2026-10-06 02:54:50 - mkk_pika - main.py:45 - INFO - 正在下载:[僕は小さな淫魔のしもべ.]-[玉之けだま]-[['長篇', '後宮閃光', '妹妹系']]-[total_pages:65]
2026-10-06 02:54:50 - mkk_pika - main.py:49 - INFO - [{'_id': '5d2b497986d21315177bfa8d', 'title': 'Charm in Charm', 'order': 1, 'updated_at': '2019-07-13T16:58:31.899Z', 'id': '5d2b497986d21315177bfa8d'}, {'_id': '5d2b497986d21315177bfa8e', 'title': 'Beastie Charm', 'order': 2, 'updated_at': '2019-07-13T16:57:53.658Z', 'id': '5d2b497986d21315177bfa8e'}]
2026-10-06 02:54:50 - mkk_pika - database.py:215 - INFO - 第一次下载该漫画，记录数据库中
2026-10-06 02:54:50 - mkk_pika - main.py:83 - INFO - 找到 34 张图片在:CharminCharm
2026-10-06 02:54:51 - mkk_pika - main.py:112 - INFO - [episode:Charm in Charm] downloaded:    34, total:  34, progress:100%
2026-10-06 02:54:51 - mkk_pika - database.py:238 - INFO - 数据库更新已下载章节
2026-10-06 02:54:51 - mkk_pika - database.py:244 - INFO - 该漫画已下载章节如下
2026-10-06 02:54:51 - mkk_pika - database.py:245 - INFO - ['Charm in Charm']
2026-10-06 02:54:53 - mkk_pika - main.py:83 - INFO - 找到 31 张图片在:BeastieCharm
2026-10-06 02:54:54 - mkk_pika - main.py:112 - INFO - [episode:Beastie Charm] downloaded:    31, total:  31, progress:100%
2026-10-06 02:54:54 - mkk_pika - database.py:238 - INFO - 数据库更新已下载章节
2026-10-06 02:54:54 - mkk_pika - database.py:244 - INFO - 该漫画已下载章节如下
2026-10-06 02:54:54 - mkk_pika - database.py:245 - INFO - ['Charm in Charm', 'Beastie Charm']
2026-10-06 02:54:55 - mkk_pika - main.py:348 - INFO - ==================== 漫画信息 ====================
                                   漫画ID：5d2b497986d21315177bfa8c
                                   标题：僕は小さな淫魔のしもべ.
                                   作者：玉之けだま
                                   是否完结：否
                                   总页数：65
                                   分类：長篇,後宮閃光,妹妹系
                                   章节数：2
                                   最后更新时间：2019-07-14T15:25:45.695Z
                                   =================================================
2026-10-06 02:54:55 - mkk_pika - database.py:101 - INFO - 保存成功：僕は小さな淫魔のしもべ.
2026-10-06 02:54:55 - mkk_pika - main.py:35 - INFO - 开始检查毒奶粉是否存在未下载章节
2026-10-06 02:54:56 - mkk_pika - main.py:45 - INFO - 正在下载:[毒奶粉]-[null]-[['全彩', '長篇']]-[total_pages:152]
2026-10-06 02:54:56 - mkk_pika - main.py:49 - INFO - [{'_id': '5d2b49da86d21315177bfbb7', 'title': '第1集', 'order': 1, 'updated_at': '2019-07-14T05:58:23.779Z', 'id': '5d2b49da86d21315177bfbb7'}, {'_id': '5d2b49da86d21315177bfbb8', 'title': '第2集', 'order': 2, 'updated_at': '2019-07-14T06:01:51.035Z', 'id': '5d2b49da86d21315177bfbb8'}]
2026-10-06 02:54:56 - mkk_pika - database.py:215 - INFO - 第一次下载该漫画，记录数据库中
2026-10-06 02:54:57 - mkk_pika - main.py:83 - INFO - 找到 104 张图片在:第1集
2026-10-06 02:55:00 - mkk_pika - main.py:112 - INFO - [episode:第1集       ] downloaded:   104, total: 104, progress:100%
2026-10-06 02:55:00 - mkk_pika - database.py:238 - INFO - 数据库更新已下载章节
2026-10-06 02:55:00 - mkk_pika - database.py:244 - INFO - 该漫画已下载章节如下
2026-10-06 02:55:00 - mkk_pika - database.py:245 - INFO - ['第1集']
2026-10-06 02:55:01 - mkk_pika - main.py:83 - INFO - 找到 48 张图片在:第2集
2026-10-06 02:55:03 - mkk_pika - main.py:112 - INFO - [episode:第2集       ] downloaded:    48, total:  48, progress:100%
2026-10-06 02:55:03 - mkk_pika - database.py:238 - INFO - 数据库更新已下载章节
2026-10-06 02:55:03 - mkk_pika - database.py:244 - INFO - 该漫画已下载章节如下
2026-10-06 02:55:03 - mkk_pika - database.py:245 - INFO - ['第1集', '第2集']
2026-10-06 02:55:05 - mkk_pika - main.py:348 - INFO - ==================== 漫画信息 ====================
                                   漫画ID：5d2b49da86d21315177bfbb6
                                   标题：毒奶粉
                                   作者：null
                                   是否完结：是
                                   总页数：152
                                   分类：全彩,長篇
                                   章节数：2
                                   最后更新时间：2019-07-14T15:27:22.085Z
                                   =================================================
2026-10-06 02:55:05 - mkk_pika - database.py:101 - INFO - 保存成功：毒奶粉
2026-10-06 02:55:05 - mkk_pika - main.py:35 - INFO - 开始检查(C94) もっとよ、指揮官さま。 (アズールレーン) [中国翻訳]是否存在未下载章节
2026-10-06 02:55:05 - mkk_pika - main.py:45 - INFO - 正在下载:[(C94) もっとよ、指揮官さま。 (アズールレーン) [中国翻訳]]-[越前奉行所 (荒巻越前)]-[['短篇', '同人', '純愛']]-[total_pages:24]
2026-10-06 02:55:05 - mkk_pika - main.py:49 - INFO - [{'_id': '5d2b4a6e21efd51504db7d54', 'title': '第1集', 'order': 1, 'updated_at': '2019-07-14T08:15:09.289Z', 'id': '5d2b4a6e21efd51504db7d54'}]
2026-10-06 02:55:05 - mkk_pika - database.py:215 - INFO - 第一次下载该漫画，记录数据库中
2026-10-06 02:55:06 - mkk_pika - main.py:83 - INFO - 找到 24 张图片在:第1集
2026-10-06 02:55:07 - mkk_pika - main.py:112 - INFO - [episode:第1集       ] downloaded:    24, total:  24, progress:100%
2026-10-06 02:55:07 - mkk_pika - database.py:238 - INFO - 数据库更新已下载章节
2026-10-06 02:55:07 - mkk_pika - database.py:244 - INFO - 该漫画已下载章节如下
2026-10-06 02:55:07 - mkk_pika - database.py:245 - INFO - ['第1集']
2026-10-06 02:55:08 - mkk_pika - main.py:348 - INFO - ==================== 漫画信息 ====================
                                   漫画ID：5d2b4a6e21efd51504db7d53
                                   标题：(C94) もっとよ、指揮官さま。 (アズールレーン) [中国翻訳]
                                   作者：越前奉行所 (荒巻越前)
                                   是否完结：是
                                   总页数：24
                                   分类：短篇,同人,純愛
                                   章节数：1
                                   最后更新时间：2019-07-14T15:29:50.963Z
                                   =================================================
2026-10-06 02:55:08 - mkk_pika - database.py:101 - INFO - 保存成功：(C94) もっとよ、指揮官さま。 (アズールレーン) [中国翻訳]
2026-10-06 02:55:08 - mkk_pika - main.py:35 - INFO - 开始检查(COMIC1☆15)  情欲ノユクエ (冴えない彼女の育てかた) [中国翻訳]是否存在未下载章节
2026-10-06 02:55:08 - mkk_pika - main.py:45 - INFO - 正在下载:[(COMIC1☆15)  情欲ノユクエ (冴えない彼女の育てかた) [中国翻訳]]-[夢屋本舗 (夢計画)]-[['短篇', '同人', 'NTR']]-[total_pages:32]
2026-10-06 02:55:08 - mkk_pika - main.py:49 - INFO - [{'_id': '5d2b4a8286d21315177bfc56', 'title': '第1集', 'order': 1, 'updated_at': '2019-07-14T08:24:40.276Z', 'id': '5d2b4a8286d21315177bfc56'}]
2026-10-06 02:55:08 - mkk_pika - database.py:215 - INFO - 第一次下载该漫画，记录数据库中
2026-10-06 02:55:09 - mkk_pika - main.py:83 - INFO - 找到 32 张图片在:第1集
2026-10-06 02:55:10 - mkk_pika - main.py:112 - INFO - [episode:第1集       ] downloaded:    32, total:  32, progress:100%
2026-10-06 02:55:10 - mkk_pika - database.py:238 - INFO - 数据库更新已下载章节
2026-10-06 02:55:10 - mkk_pika - database.py:244 - INFO - 该漫画已下载章节如下
2026-10-06 02:55:10 - mkk_pika - database.py:245 - INFO - ['第1集']
2026-10-06 02:55:11 - mkk_pika - main.py:348 - INFO - ==================== 漫画信息 ====================
                                   漫画ID：5d2b4a8286d21315177bfc55
                                   标题：(COMIC1☆15)  情欲ノユクエ (冴えない彼女の育てかた) [中国翻訳]
                                   作者：夢屋本舗 (夢計画)
                                   是否完结：是
                                   总页数：32
                                   分类：短篇,同人,NTR
                                   章节数：1
                                   最后更新时间：2019-07-14T15:30:10.088Z
                                   =================================================
2026-10-06 02:55:11 - mkk_pika - database.py:101 - INFO - 保存成功：(COMIC1☆15)  情欲ノユクエ (冴えない彼女の育てかた) [中国翻訳]
2026-10-06 02:55:11 - mkk_pika - main.py:35 - INFO - 开始检查(C81)  平行宇宙のマッドサイエンティスト (STEINS;GATE) [中国翻訳]是否存在未下载章节
2026-10-06 02:55:12 - mkk_pika - main.py:45 - INFO - 正在下载:[(C81)  平行宇宙のマッドサイエンティスト (STEINS;GATE) [中国翻訳]]-[エイトビート (伊藤エイト)]-[['短篇', '同人', '後宮閃光']]-[total_pages:29]
2026-10-06 02:55:12 - mkk_pika - main.py:49 - INFO - [{'_id': '5d2b4a98c0965715090ce6a7', 'title': '第1集', 'order': 1, 'updated_at': '2019-07-14T09:21:40.531Z', 'id': '5d2b4a98c0965715090ce6a7'}]
2026-10-06 02:55:12 - mkk_pika - database.py:215 - INFO - 第一次下载该漫画，记录数据库中
2026-10-06 02:55:12 - mkk_pika - main.py:83 - INFO - 找到 29 张图片在:第1集
2026-10-06 02:55:14 - mkk_pika - main.py:112 - INFO - [episode:第1集       ] downloaded:    29, total:  29, progress:100%
2026-10-06 02:55:14 - mkk_pika - database.py:238 - INFO - 数据库更新已下载章节
2026-10-06 02:55:14 - mkk_pika - database.py:244 - INFO - 该漫画已下载章节如下
2026-10-06 02:55:14 - mkk_pika - database.py:245 - INFO - ['第1集']
2026-10-06 02:55:15 - mkk_pika - main.py:348 - INFO - ==================== 漫画信息 ====================
                                   漫画ID：5d2b4a98c0965715090ce6a6
                                   标题：(C81)  平行宇宙のマッドサイエンティスト (STEINS;GATE) [中国翻訳]
                                   作者：エイトビート (伊藤エイト)
                                   是否完结：是
                                   总页数：29
                                   分类：短篇,同人,後宮閃光
                                   章节数：1
                                   最后更新时间：2019-07-14T15:30:32.738Z
                                   =================================================
2026-10-06 02:55:15 - mkk_pika - database.py:101 - INFO - 保存成功：(C81)  平行宇宙のマッドサイエンティスト (STEINS;GATE) [中国翻訳]
2026-10-06 02:55:15 - mkk_pika - main.py:35 - INFO - 开始检查 都合のいい根暗眼鏡♀ (コミック エグゼ 14)是否存在未下载章节
2026-10-06 02:55:15 - mkk_pika - main.py:45 - INFO - 正在下载:[ 都合のいい根暗眼鏡♀ (コミック エグゼ 14)]-[コロツケ]-[['全彩', '短篇']]-[total_pages:10]
2026-10-06 02:55:15 - mkk_pika - main.py:49 - INFO - [{'_id': '5d2b4b29c0965715090ce7a1', 'title': '第1集', 'order': 1, 'updated_at': '2019-07-14T09:53:46.915Z', 'id': '5d2b4b29c0965715090ce7a1'}]
2026-10-06 02:55:15 - mkk_pika - database.py:215 - INFO - 第一次下载该漫画，记录数据库中
2026-10-06 02:55:16 - mkk_pika - main.py:83 - INFO - 找到 10 张图片在:第1集
2026-10-06 02:55:16 - mkk_pika - main.py:112 - INFO - [episode:第1集       ] downloaded:    10, total:  10, progress:100%
2026-10-06 02:55:16 - mkk_pika - database.py:238 - INFO - 数据库更新已下载章节
2026-10-06 02:55:16 - mkk_pika - database.py:244 - INFO - 该漫画已下载章节如下
2026-10-06 02:55:16 - mkk_pika - database.py:245 - INFO - ['第1集']
2026-10-06 02:55:18 - mkk_pika - main.py:348 - INFO - ==================== 漫画信息 ====================
                                   漫画ID：5d2b4b29c0965715090ce7a0
                                   标题： 都合のいい根暗眼鏡♀ (コミック エグゼ 14)
                                   作者：コロツケ
                                   是否完结：是
                                   总页数：10
                                   分类：全彩,短篇
                                   章节数：1
                                   最后更新时间：2019-07-14T15:32:57.363Z
                                   =================================================
2026-10-06 02:55:18 - mkk_pika - database.py:101 - INFO - 保存成功： 都合のいい根暗眼鏡♀ (コミック エグゼ 14)
2026-10-06 02:55:18 - mkk_pika - main.py:35 - INFO - 开始检查 都合のいい箱入りヤンキー♀ (コミック エグゼ 15)是否存在未下载章节
2026-10-06 02:55:18 - mkk_pika - main.py:45 - INFO - 正在下载:[ 都合のいい箱入りヤンキー♀ (コミック エグゼ 15)]-[コロツケ]-[['全彩', '短篇']]-[total_pages:10]
2026-10-06 02:55:18 - mkk_pika - main.py:49 - INFO - [{'_id': '5d2b4b3586d21315177bfd01', 'title': '第1集', 'order': 1, 'updated_at': '2019-07-14T09:58:13.241Z', 'id': '5d2b4b3586d21315177bfd01'}]
2026-10-06 02:55:18 - mkk_pika - database.py:215 - INFO - 第一次下载该漫画，记录数据库中
2026-10-06 02:55:18 - mkk_pika - main.py:83 - INFO - 找到 10 张图片在:第1集
2026-10-06 02:55:19 - mkk_pika - main.py:112 - INFO - [episode:第1集       ] downloaded:    10, total:  10, progress:100%
2026-10-06 02:55:19 - mkk_pika - database.py:238 - INFO - 数据库更新已下载章节
2026-10-06 02:55:19 - mkk_pika - database.py:244 - INFO - 该漫画已下载章节如下
2026-10-06 02:55:19 - mkk_pika - database.py:245 - INFO - ['第1集']
2026-10-06 02:55:20 - mkk_pika - main.py:348 - INFO - ==================== 漫画信息 ====================
                                   漫画ID：5d2b4b3586d21315177bfd00
                                   标题： 都合のいい箱入りヤンキー♀ (コミック エグゼ 15)
                                   作者：コロツケ
                                   是否完结：是
                                   总页数：10
                                   分类：全彩,短篇
                                   章节数：1
                                   最后更新时间：2019-07-14T15:33:09.672Z
                                   =================================================
2026-10-06 02:55:20 - mkk_pika - database.py:101 - INFO - 保存成功： 都合のいい箱入りヤンキー♀ (コミック エグゼ 15)
2026-10-06 02:55:20 - mkk_pika - main.py:35 - INFO - 开始检查 Heroine Harassment グレイトマダム 夕張ユノ[中国翻訳]是否存在未下载章节
2026-10-06 02:55:20 - mkk_pika - main.py:45 - INFO - 正在下载:[ Heroine Harassment グレイトマダム 夕張ユノ[中国翻訳]]-[ワラビモチー]-[['全彩', '短篇', '強暴']]-[total_pages:35]
2026-10-06 02:55:20 - mkk_pika - main.py:49 - INFO - [{'_id': '5d2b4b47c0965715090ce7ad', 'title': '第1集', 'order': 1, 'updated_at': '2019-07-14T10:04:12.408Z', 'id': '5d2b4b47c0965715090ce7ad'}]
2026-10-06 02:55:20 - mkk_pika - database.py:215 - INFO - 第一次下载该漫画，记录数据库中
2026-10-06 02:55:21 - mkk_pika - main.py:83 - INFO - 找到 35 张图片在:第1集
2026-10-06 02:55:22 - mkk_pika - main.py:112 - INFO - [episode:第1集       ] downloaded:    35, total:  35, progress:100%
2026-10-06 02:55:22 - mkk_pika - database.py:238 - INFO - 数据库更新已下载章节
2026-10-06 02:55:22 - mkk_pika - database.py:244 - INFO - 该漫画已下载章节如下
2026-10-06 02:55:22 - mkk_pika - database.py:245 - INFO - ['第1集']
2026-10-06 02:55:23 - mkk_pika - main.py:348 - INFO - ==================== 漫画信息 ====================
                                   漫画ID：5d2b4b47c0965715090ce7ac
                                   标题： Heroine Harassment グレイトマダム 夕張ユノ[中国翻訳]
                                   作者：ワラビモチー
                                   是否完结：是
                                   总页数：35
                                   分类：全彩,短篇,強暴
                                   章节数：1
                                   最后更新时间：2019-07-14T15:33:27.699Z
                                   =================================================
2026-10-06 02:55:23 - mkk_pika - database.py:101 - INFO - 保存成功： Heroine Harassment グレイトマダム 夕張ユノ[中国翻訳]
2026-10-06 02:55:23 - mkk_pika - main.py:35 - INFO - 开始检查(C91)  ハニカミ娘の幸福な日常 (艦隊これくしょん -艦これ-)[中国翻訳]是否存在未下载章节
2026-10-06 02:55:24 - mkk_pika - main.py:45 - INFO - 正在下载:[(C91)  ハニカミ娘の幸福な日常 (艦隊これくしょん -艦これ-)[中国翻訳]]-[万能つまようじ入れ (微糖)]-[['短篇', '同人', '純愛', '艦隊收藏']]-[total_pages:24]
2026-10-06 02:55:24 - mkk_pika - main.py:49 - INFO - [{'_id': '5d2b4b5733cb8f151c2f224a', 'title': '第1集', 'order': 1, 'updated_at': '2019-07-14T10:16:14.282Z', 'id': '5d2b4b5733cb8f151c2f224a'}]
2026-10-06 02:55:24 - mkk_pika - database.py:215 - INFO - 第一次下载该漫画，记录数据库中
2026-10-06 02:55:24 - mkk_pika - main.py:83 - INFO - 找到 24 张图片在:第1集
2026-10-06 02:55:25 - mkk_pika - main.py:112 - INFO - [episode:第1集       ] downloaded:    24, total:  24, progress:100%
2026-10-06 02:55:25 - mkk_pika - database.py:238 - INFO - 数据库更新已下载章节
2026-10-06 02:55:25 - mkk_pika - database.py:244 - INFO - 该漫画已下载章节如下
2026-10-06 02:55:25 - mkk_pika - database.py:245 - INFO - ['第1集']
2026-10-06 02:55:26 - mkk_pika - main.py:348 - INFO - ==================== 漫画信息 ====================
                                   漫画ID：5d2b4b5733cb8f151c2f2249
                                   标题：(C91)  ハニカミ娘の幸福な日常 (艦隊これくしょん -艦これ-)[中国翻訳]
                                   作者：万能つまようじ入れ (微糖)
                                   是否完结：是
                                   总页数：24
                                   分类：短篇,同人,純愛,艦隊收藏
                                   章节数：1
                                   最后更新时间：2019-07-14T15:33:43.412Z
                                   =================================================
2026-10-06 02:55:26 - mkk_pika - database.py:101 - INFO - 保存成功：(C91)  ハニカミ娘の幸福な日常 (艦隊これくしょん -艦これ-)[中国翻訳]
2026-10-06 02:55:26 - mkk_pika - main.py:35 - INFO - 开始检查(COMIC1☆15)  ペニーパーカーの薄い本には大いなる責任が伴う (Spider-Man) [中国翻訳]是否存在未下载章节
2026-10-06 02:55:27 - mkk_pika - main.py:45 - INFO - 正在下载:[(COMIC1☆15)  ペニーパーカーの薄い本には大いなる責任が伴う (Spider-Man) [中国翻訳]]-[中曽根バタリアン (中曽根ハイジ)]-[['短篇', '同人']]-[total_pages:16]
2026-10-06 02:55:27 - mkk_pika - main.py:49 - INFO - [{'_id': '5d2b4bd186d21315177bfd0e', 'title': '第1集', 'order': 1, 'updated_at': '2019-07-14T10:30:33.989Z', 'id': '5d2b4bd186d21315177bfd0e'}]
2026-10-06 02:55:27 - mkk_pika - database.py:215 - INFO - 第一次下载该漫画，记录数据库中
2026-10-06 02:55:27 - mkk_pika - main.py:83 - INFO - 找到 16 张图片在:第1集
2026-10-06 02:55:28 - mkk_pika - main.py:112 - INFO - [episode:第1集       ] downloaded:    16, total:  16, progress:100%
2026-10-06 02:55:28 - mkk_pika - database.py:238 - INFO - 数据库更新已下载章节
2026-10-06 02:55:28 - mkk_pika - database.py:244 - INFO - 该漫画已下载章节如下
2026-10-06 02:55:28 - mkk_pika - database.py:245 - INFO - ['第1集']
2026-10-06 02:55:29 - mkk_pika - main.py:348 - INFO - ==================== 漫画信息 ====================
                                   漫画ID：5d2b4bd186d21315177bfd0d
                                   标题：(COMIC1☆15)  ペニーパーカーの薄い本には大いなる責任が伴う (Spider-Man) [中国翻訳]
                                   作者：中曽根バタリアン (中曽根ハイジ)
                                   是否完结：是
                                   总页数：16
                                   分类：短篇,同人
                                   章节数：1
                                   最后更新时间：2019-07-14T15:35:45.491Z
                                   =================================================
2026-10-06 02:55:29 - mkk_pika - database.py:101 - INFO - 保存成功：(COMIC1☆15)  ペニーパーカーの薄い本には大いなる責任が伴う (Spider-Man) [中国翻訳]
2026-10-06 02:55:29 - mkk_pika - main.py:35 - INFO - 开始检查快感乱気流! ファーストファック!! (童貞ハンター♥) [中国翻訳]是否存在未下载章节
2026-10-06 02:55:30 - mkk_pika - main.py:45 - INFO - 正在下载:[快感乱気流! ファーストファック!! (童貞ハンター♥) [中国翻訳]]-[やながわ理央]-[['短篇']]-[total_pages:20]
2026-10-06 02:55:30 - mkk_pika - main.py:49 - INFO - [{'_id': '5d2b4c7333cb8f151c2f2348', 'title': '第1集', 'order': 1, 'updated_at': '2019-07-14T12:19:47.133Z', 'id': '5d2b4c7333cb8f151c2f2348'}]
2026-10-06 02:55:30 - mkk_pika - database.py:215 - INFO - 第一次下载该漫画，记录数据库中
2026-10-06 02:55:30 - mkk_pika - main.py:83 - INFO - 找到 20 张图片在:第1集
2026-10-06 02:55:31 - mkk_pika - main.py:112 - INFO - [episode:第1集       ] downloaded:    20, total:  20, progress:100%
2026-10-06 02:55:31 - mkk_pika - database.py:238 - INFO - 数据库更新已下载章节
2026-10-06 02:55:31 - mkk_pika - database.py:244 - INFO - 该漫画已下载章节如下
2026-10-06 02:55:31 - mkk_pika - database.py:245 - INFO - ['第1集']
2026-10-06 02:55:32 - mkk_pika - main.py:348 - INFO - ==================== 漫画信息 ====================
                                   漫画ID：5d2b4c7333cb8f151c2f2347
                                   标题：快感乱気流! ファーストファック!! (童貞ハンター♥) [中国翻訳]
                                   作者：やながわ理央
                                   是否完结：是
                                   总页数：20
                                   分类：短篇
                                   章节数：1
                                   最后更新时间：2019-07-14T15:38:27.220Z
                                   =================================================
2026-10-06 02:55:32 - mkk_pika - database.py:101 - INFO - 保存成功：快感乱気流! ファーストファック!! (童貞ハンター♥) [中国翻訳]
2026-10-06 02:55:32 - mkk_pika - main.py:35 - INFO - 开始检查大回転ホムスピナー (魔法少女まどか☆マギカ) [中国翻訳]是否存在未下载章节
2026-10-06 02:55:33 - mkk_pika - main.py:45 - INFO - 正在下载:[大回転ホムスピナー (魔法少女まどか☆マギカ) [中国翻訳]]-[最果て空間 (緋乃ひの)]-[['短篇', '同人', '純愛', '百合花園', '圓神領域']]-[total_pages:28]
2026-10-06 02:55:33 - mkk_pika - main.py:49 - INFO - [{'_id': '5d2b4cb433cb8f151c2f2360', 'title': '第1集', 'order': 1, 'updated_at': '2019-07-14T12:59:47.391Z', 'id': '5d2b4cb433cb8f151c2f2360'}]
2026-10-06 02:55:33 - mkk_pika - database.py:215 - INFO - 第一次下载该漫画，记录数据库中
2026-10-06 02:55:33 - mkk_pika - main.py:83 - INFO - 找到 28 张图片在:第1集
2026-10-06 02:55:34 - mkk_pika - main.py:112 - INFO - [episode:第1集       ] downloaded:    28, total:  28, progress:100%
2026-10-06 02:55:34 - mkk_pika - database.py:238 - INFO - 数据库更新已下载章节
2026-10-06 02:55:34 - mkk_pika - database.py:244 - INFO - 该漫画已下载章节如下
2026-10-06 02:55:34 - mkk_pika - database.py:245 - INFO - ['第1集']
2026-10-06 02:55:36 - mkk_pika - main.py:348 - INFO - ==================== 漫画信息 ====================
                                   漫画ID：5d2b4cb433cb8f151c2f235f
                                   标题：大回転ホムスピナー (魔法少女まどか☆マギカ) [中国翻訳]
                                   作者：最果て空間 (緋乃ひの)
                                   是否完结：是
                                   总页数：28
                                   分类：短篇,同人,純愛,百合花園,圓神領域
                                   章节数：1
                                   最后更新时间：2019-07-14T15:39:32.520Z
                                   =================================================
2026-10-06 02:55:36 - mkk_pika - database.py:101 - INFO - 保存成功：大回転ホムスピナー (魔法少女まどか☆マギカ) [中国翻訳]
2026-10-06 02:55:36 - mkk_pika - main.py:35 - INFO - 开始检查(COMIC1☆15) SO BORED (Fate/Grand Order)是否存在未下载章节
2026-10-06 02:55:36 - mkk_pika - main.py:45 - INFO - 正在下载:[(COMIC1☆15) SO BORED (Fate/Grand Order)]-[enuma elish (由木彌)]-[['短篇', '同人', 'Fate']]-[total_pages:63]
2026-10-06 02:55:36 - mkk_pika - main.py:49 - INFO - [{'_id': '5cd857f044d5da39e808d089', 'title': '第1集', 'order': 1, 'updated_at': '2019-05-09T11:41:00.257Z', 'id': '5cd857f044d5da39e808d089'}, {'_id': '5d2b4d1621efd51504db7f3f', 'title': '汉化', 'order': 2, 'updated_at': '2019-07-14T15:26:03.819Z', 'id': '5d2b4d1621efd51504db7f3f'}]
2026-10-06 02:55:36 - mkk_pika - database.py:215 - INFO - 第一次下载该漫画，记录数据库中
2026-10-06 02:55:37 - mkk_pika - main.py:83 - INFO - 找到 32 张图片在:第1集
2026-10-06 02:55:38 - mkk_pika - main.py:112 - INFO - [episode:第1集       ] downloaded:    32, total:  32, progress:100%
2026-10-06 02:55:38 - mkk_pika - database.py:238 - INFO - 数据库更新已下载章节
2026-10-06 02:55:38 - mkk_pika - database.py:244 - INFO - 该漫画已下载章节如下
2026-10-06 02:55:38 - mkk_pika - database.py:245 - INFO - ['第1集']
2026-10-06 02:55:39 - mkk_pika - main.py:83 - INFO - 找到 31 张图片在:汉化
2026-10-06 02:55:40 - mkk_pika - main.py:112 - INFO - [episode:汉化        ] downloaded:    31, total:  31, progress:100%
2026-10-06 02:55:40 - mkk_pika - database.py:238 - INFO - 数据库更新已下载章节
2026-10-06 02:55:40 - mkk_pika - database.py:244 - INFO - 该漫画已下载章节如下
2026-10-06 02:55:40 - mkk_pika - database.py:245 - INFO - ['第1集', '汉化']
2026-10-06 02:55:41 - mkk_pika - main.py:348 - INFO - ==================== 漫画信息 ====================
                                   漫画ID：5cd857f044d5da39e808d088
                                   标题：(COMIC1☆15) SO BORED (Fate/Grand Order)
                                   作者：enuma elish (由木彌)
                                   是否完结：是
                                   总页数：63
                                   分类：短篇,同人,Fate
                                   章节数：2
                                   最后更新时间：2019-07-14T15:41:10.295Z
                                   =================================================
2026-10-06 02:55:41 - mkk_pika - database.py:101 - INFO - 保存成功：(COMIC1☆15) SO BORED (Fate/Grand Order)
2026-10-06 02:55:41 - mkk_pika - main.py:35 - INFO - 开始检查ほがらかSの愛宕さんとクールMの高雄さんが居る風俗店是否存在未下载章节
2026-10-06 02:55:42 - mkk_pika - main.py:45 - INFO - 正在下载:[ほがらかSの愛宕さんとクールMの高雄さんが居る風俗店]-[ありのとわたり (ありのとわたり)]-[['短篇', '後宮閃光', '同人', '艦隊收藏']]-[total_pages:32]
2026-10-06 02:55:42 - mkk_pika - main.py:49 - INFO - [{'_id': '5d2b4d3086d21315177bfdcb', 'title': '第1集', 'order': 1, 'updated_at': '2019-07-14T15:36:34.241Z', 'id': '5d2b4d3086d21315177bfdcb'}]
2026-10-06 02:55:42 - mkk_pika - database.py:215 - INFO - 第一次下载该漫画，记录数据库中
2026-10-06 02:55:42 - mkk_pika - main.py:83 - INFO - 找到 32 张图片在:第1集
2026-10-06 02:55:44 - mkk_pika - main.py:112 - INFO - [episode:第1集       ] downloaded:    32, total:  32, progress:100%
2026-10-06 02:55:44 - mkk_pika - database.py:238 - INFO - 数据库更新已下载章节
2026-10-06 02:55:44 - mkk_pika - database.py:244 - INFO - 该漫画已下载章节如下
2026-10-06 02:55:44 - mkk_pika - database.py:245 - INFO - ['第1集']
2026-10-06 02:55:45 - mkk_pika - main.py:348 - INFO - ==================== 漫画信息 ====================
                                   漫画ID：5d2b4d3086d21315177bfdca
                                   标题：ほがらかSの愛宕さんとクールMの高雄さんが居る風俗店
                                   作者：ありのとわたり (ありのとわたり)
                                   是否完结：是
                                   总页数：32
                                   分类：短篇,後宮閃光,同人,艦隊收藏
                                   章节数：1
                                   最后更新时间：2019-07-14T15:41:36.908Z
                                   =================================================
2026-10-06 02:55:45 - mkk_pika - database.py:101 - INFO - 保存成功：ほがらかSの愛宕さんとクールMの高雄さんが居る風俗店
2026-10-06 02:55:45 - mkk_pika - main.py:35 - INFO - 开始检查ボーイミーツにゃーゴッド  [中国翻訳] [DL版]是否存在未下载章节
2026-10-06 02:55:45 - mkk_pika - main.py:45 - INFO - 正在下载:[ボーイミーツにゃーゴッド  [中国翻訳] [DL版]]-[すずはねすず]-[['短篇', '純愛', '非人類']]-[total_pages:131]
2026-10-06 02:55:45 - mkk_pika - main.py:49 - INFO - [{'_id': '5cc921a64b70e34dc57c4cd7', 'title': '第1集', 'order': 1, 'updated_at': '2019-04-30T11:47:31.076Z', 'id': '5cc921a64b70e34dc57c4cd7'}, {'_id': '5cd9a89bc09170188051bb88', 'title': '第2集', 'order': 2, 'updated_at': '2019-05-13T14:46:50.555Z', 'id': '5cd9a89bc09170188051bb88'}, {'_id': '5cfe08fbaf8540523c4d2c98', 'title': '第3集', 'order': 3, 'updated_at': '2019-06-09T12:05:07.964Z', 'id': '5cfe08fbaf8540523c4d2c98'}, {'_id': '5d2c120933cb8f151c2f2abe', 'title': '第4集', 'order': 4, 'updated_at': '2019-07-14T17:49:08.459Z', 'id': '5d2c120933cb8f151c2f2abe'}]
2026-10-06 02:55:45 - mkk_pika - database.py:215 - INFO - 第一次下载该漫画，记录数据库中
2026-10-06 02:55:46 - mkk_pika - main.py:83 - INFO - 找到 37 张图片在:第1集
2026-10-06 02:55:48 - mkk_pika - main.py:112 - INFO - [episode:第1集       ] downloaded:    37, total:  37, progress:100%
2026-10-06 02:55:48 - mkk_pika - database.py:238 - INFO - 数据库更新已下载章节
2026-10-06 02:55:48 - mkk_pika - database.py:244 - INFO - 该漫画已下载章节如下
2026-10-06 02:55:48 - mkk_pika - database.py:245 - INFO - ['第1集']
2026-10-06 02:55:50 - mkk_pika - main.py:83 - INFO - 找到 40 张图片在:第2集
2026-10-06 02:55:51 - mkk_pika - main.py:112 - INFO - [episode:第2集       ] downloaded:    40, total:  40, progress:100%
2026-10-06 02:55:51 - mkk_pika - database.py:238 - INFO - 数据库更新已下载章节
2026-10-06 02:55:51 - mkk_pika - database.py:244 - INFO - 该漫画已下载章节如下
2026-10-06 02:55:51 - mkk_pika - database.py:245 - INFO - ['第1集', '第2集']
2026-10-06 02:55:52 - mkk_pika - main.py:83 - INFO - 找到 28 张图片在:第3集
2026-10-06 02:55:53 - mkk_pika - main.py:112 - INFO - [episode:第3集       ] downloaded:    28, total:  28, progress:100%
2026-10-06 02:55:53 - mkk_pika - database.py:238 - INFO - 数据库更新已下载章节
2026-10-06 02:55:53 - mkk_pika - database.py:244 - INFO - 该漫画已下载章节如下
2026-10-06 02:55:53 - mkk_pika - database.py:245 - INFO - ['第1集', '第2集', '第3集']
2026-10-06 02:55:55 - mkk_pika - main.py:83 - INFO - 找到 26 张图片在:第4集
2026-10-06 02:55:56 - mkk_pika - main.py:112 - INFO - [episode:第4集       ] downloaded:    26, total:  26, progress:100%
2026-10-06 02:55:56 - mkk_pika - database.py:238 - INFO - 数据库更新已下载章节
2026-10-06 02:55:56 - mkk_pika - database.py:244 - INFO - 该漫画已下载章节如下
2026-10-06 02:55:56 - mkk_pika - database.py:245 - INFO - ['第1集', '第2集', '第3集', '第4集']
2026-10-06 02:55:57 - mkk_pika - main.py:348 - INFO - ==================== 漫画信息 ====================
                                   漫画ID：5cc921a64b70e34dc57c4cd6
                                   标题：ボーイミーツにゃーゴッド  [中国翻訳] [DL版]
                                   作者：すずはねすず
                                   是否完结：是
                                   总页数：131
                                   分类：短篇,純愛,非人類
                                   章节数：4
                                   最后更新时间：2019-07-15T05:41:29.160Z
                                   =================================================
2026-10-06 02:55:57 - mkk_pika - database.py:101 - INFO - 保存成功：ボーイミーツにゃーゴッド  [中国翻訳] [DL版]
2026-10-06 02:55:57 - mkk_pika - main.py:35 - INFO - 开始检查(モテないし即売会する3)  EMILY (私がモテないのはどう考えてもお前らが悪い!) [中国翻訳]是否存在未下载章节
2026-10-06 02:55:58 - mkk_pika - main.py:45 - INFO - 正在下载:[(モテないし即売会する3)  EMILY (私がモテないのはどう考えてもお前らが悪い!) [中国翻訳]]-[カムリズム (鬼頭サケル)]-[['短篇', '同人', '百合花園']]-[total_pages:27]
2026-10-06 02:55:58 - mkk_pika - main.py:49 - INFO - [{'_id': '5d2c132f86d21315177c02b9', 'title': '第1集', 'order': 1, 'updated_at': '2019-07-14T16:36:00.744Z', 'id': '5d2c132f86d21315177c02b9'}]
2026-10-06 02:55:58 - mkk_pika - database.py:215 - INFO - 第一次下载该漫画，记录数据库中
2026-10-06 02:55:58 - mkk_pika - main.py:83 - INFO - 找到 27 张图片在:第1集
2026-10-06 02:55:59 - mkk_pika - main.py:112 - INFO - [episode:第1集       ] downloaded:    27, total:  27, progress:100%
2026-10-06 02:55:59 - mkk_pika - database.py:238 - INFO - 数据库更新已下载章节
2026-10-06 02:55:59 - mkk_pika - database.py:244 - INFO - 该漫画已下载章节如下
2026-10-06 02:55:59 - mkk_pika - database.py:245 - INFO - ['第1集']
2026-10-06 02:56:01 - mkk_pika - main.py:348 - INFO - ==================== 漫画信息 ====================
                                   漫画ID：5d2c132f86d21315177c02b8
                                   标题：(モテないし即売会する3)  EMILY (私がモテないのはどう考えてもお前らが悪い!) [中国翻訳]
                                   作者：カムリズム (鬼頭サケル)
                                   是否完结：是
                                   总页数：27
                                   分类：短篇,同人,百合花園
                                   章节数：1
                                   最后更新时间：2019-07-15T05:46:23.416Z
                                   =================================================
2026-10-06 02:56:01 - mkk_pika - database.py:101 - INFO - 保存成功：(モテないし即売会する3)  EMILY (私がモテないのはどう考えてもお前らが悪い!) [中国翻訳]
2026-10-06 02:56:01 - mkk_pika - main.py:35 - INFO - 开始检查ラブミルフィーユ (COMIC快楽天 2019年8月号)[無修正]是否存在未下载章节
2026-10-06 02:56:01 - mkk_pika - main.py:45 - INFO - 正在下载:[ラブミルフィーユ (COMIC快楽天 2019年8月号)[無修正]]-[飴沢狛]-[['短篇', '純愛']]-[total_pages:18]
2026-10-06 02:56:01 - mkk_pika - main.py:49 - INFO - [{'_id': '5d2c1400c0965715090cf111', 'title': '第1集', 'order': 1, 'updated_at': '2019-07-15T01:32:44.861Z', 'id': '5d2c1400c0965715090cf111'}]
2026-10-06 02:56:01 - mkk_pika - database.py:215 - INFO - 第一次下载该漫画，记录数据库中
2026-10-06 02:56:02 - mkk_pika - main.py:83 - INFO - 找到 18 张图片在:第1集
2026-10-06 02:56:03 - mkk_pika - main.py:112 - INFO - [episode:第1集       ] downloaded:    18, total:  18, progress:100%
2026-10-06 02:56:03 - mkk_pika - database.py:238 - INFO - 数据库更新已下载章节
2026-10-06 02:56:03 - mkk_pika - database.py:244 - INFO - 该漫画已下载章节如下
2026-10-06 02:56:03 - mkk_pika - database.py:245 - INFO - ['第1集']
2026-10-06 02:56:04 - mkk_pika - main.py:348 - INFO - ==================== 漫画信息 ====================
                                   漫画ID：5d2c1400c0965715090cf110
                                   标题：ラブミルフィーユ (COMIC快楽天 2019年8月号)[無修正]
                                   作者：飴沢狛
                                   是否完结：否
                                   总页数：18
                                   分类：短篇,純愛
                                   章节数：1
                                   最后更新时间：2019-07-15T05:49:52.126Z
                                   =================================================
2026-10-06 02:56:04 - mkk_pika - database.py:101 - INFO - 保存成功：ラブミルフィーユ (COMIC快楽天 2019年8月号)[無修正]
2026-10-06 02:56:04 - mkk_pika - main.py:35 - INFO - 开始检查愚者の石 第2話 [中国翻訳] [DL版]是否存在未下载章节
2026-10-06 02:56:04 - mkk_pika - main.py:45 - INFO - 正在下载:[愚者の石 第2話 [中国翻訳] [DL版]]-[オイスター]-[['短篇', '強暴']]-[total_pages:23]
2026-10-06 02:56:04 - mkk_pika - main.py:49 - INFO - [{'_id': '5d2c143c86d21315177c02d7', 'title': '第1集', 'order': 1, 'updated_at': '2019-07-15T04:15:26.982Z', 'id': '5d2c143c86d21315177c02d7'}]
2026-10-06 02:56:04 - mkk_pika - database.py:215 - INFO - 第一次下载该漫画，记录数据库中
2026-10-06 02:56:05 - mkk_pika - main.py:83 - INFO - 找到 23 张图片在:第1集
2026-10-06 02:56:06 - mkk_pika - main.py:112 - INFO - [episode:第1集       ] downloaded:    23, total:  23, progress:100%
2026-10-06 02:56:06 - mkk_pika - database.py:238 - INFO - 数据库更新已下载章节
2026-10-06 02:56:06 - mkk_pika - database.py:244 - INFO - 该漫画已下载章节如下
2026-10-06 02:56:06 - mkk_pika - database.py:245 - INFO - ['第1集']
2026-10-06 02:56:07 - mkk_pika - main.py:348 - INFO - ==================== 漫画信息 ====================
                                   漫画ID：5d2c143c86d21315177c02d6
                                   标题：愚者の石 第2話 [中国翻訳] [DL版]
                                   作者：オイスター
                                   是否完结：是
                                   总页数：23
                                   分类：短篇,強暴
                                   章节数：1
                                   最后更新时间：2019-07-15T05:50:52.405Z
                                   =================================================
2026-10-06 02:56:07 - mkk_pika - database.py:101 - INFO - 保存成功：愚者の石 第2話 [中国翻訳] [DL版]
2026-10-06 02:56:07 - mkk_pika - main.py:35 - INFO - 开始检查 When You Sleep (COMIC アオハ 2019 夏) [中国翻訳] [DL版]是否存在未下载章节
2026-10-06 02:56:07 - mkk_pika - main.py:45 - INFO - 正在下载:[ When You Sleep (COMIC アオハ 2019 夏) [中国翻訳] [DL版]]-[じゃが山たらヲ]-[['短篇']]-[total_pages:26]
2026-10-06 02:56:07 - mkk_pika - main.py:49 - INFO - [{'_id': '5d2c147021efd51504db85a9', 'title': '第1集', 'order': 1, 'updated_at': '2019-07-15T04:27:32.152Z', 'id': '5d2c147021efd51504db85a9'}]
2026-10-06 02:56:07 - mkk_pika - database.py:215 - INFO - 第一次下载该漫画，记录数据库中
2026-10-06 02:56:08 - mkk_pika - main.py:83 - INFO - 找到 26 张图片在:第1集
2026-10-06 02:56:09 - mkk_pika - main.py:112 - INFO - [episode:第1集       ] downloaded:    26, total:  26, progress:100%
2026-10-06 02:56:09 - mkk_pika - database.py:238 - INFO - 数据库更新已下载章节
2026-10-06 02:56:09 - mkk_pika - database.py:244 - INFO - 该漫画已下载章节如下
2026-10-06 02:56:09 - mkk_pika - database.py:245 - INFO - ['第1集']
2026-10-06 02:56:10 - mkk_pika - main.py:348 - INFO - ==================== 漫画信息 ====================
                                   漫画ID：5d2c147021efd51504db85a8
                                   标题： When You Sleep (COMIC アオハ 2019 夏) [中国翻訳] [DL版]
                                   作者：じゃが山たらヲ
                                   是否完结：是
                                   总页数：26
                                   分类：短篇
                                   章节数：1
                                   最后更新时间：2019-07-15T05:51:44.073Z
                                   =================================================
2026-10-06 02:56:10 - mkk_pika - database.py:101 - INFO - 保存成功： When You Sleep (COMIC アオハ 2019 夏) [中国翻訳] [DL版]
2026-10-06 02:56:10 - mkk_pika - main.py:35 - INFO - 开始检查神崎部長～白濁まみれの陵辱アクメ～ (ヒロインピンチ Vol.13) [中国翻訳] [DL版]是否存在未下载章节
2026-10-06 02:56:11 - mkk_pika - main.py:45 - INFO - 正在下载:[神崎部長～白濁まみれの陵辱アクメ～ (ヒロインピンチ Vol.13) [中国翻訳] [DL版]]-[白崎アロエ]-[['短篇', '強暴']]-[total_pages:21]
2026-10-06 02:56:11 - mkk_pika - main.py:49 - INFO - [{'_id': '5d2c149086d21315177c02f0', 'title': '第1集', 'order': 1, 'updated_at': '2019-07-15T05:02:52.907Z', 'id': '5d2c149086d21315177c02f0'}]
2026-10-06 02:56:11 - mkk_pika - database.py:215 - INFO - 第一次下载该漫画，记录数据库中
2026-10-06 02:56:11 - mkk_pika - main.py:83 - INFO - 找到 21 张图片在:第1集
2026-10-06 02:56:12 - mkk_pika - main.py:112 - INFO - [episode:第1集       ] downloaded:    21, total:  21, progress:100%
2026-10-06 02:56:12 - mkk_pika - database.py:238 - INFO - 数据库更新已下载章节
2026-10-06 02:56:12 - mkk_pika - database.py:244 - INFO - 该漫画已下载章节如下
2026-10-06 02:56:12 - mkk_pika - database.py:245 - INFO - ['第1集']
2026-10-06 02:56:14 - mkk_pika - main.py:348 - INFO - ==================== 漫画信息 ====================
                                   漫画ID：5d2c149086d21315177c02ef
                                   标题：神崎部長～白濁まみれの陵辱アクメ～ (ヒロインピンチ Vol.13) [中国翻訳] [DL版]
                                   作者：白崎アロエ
                                   是否完结：是
                                   总页数：21
                                   分类：短篇,強暴
                                   章节数：1
                                   最后更新时间：2019-07-15T05:52:16.099Z
                                   =================================================
2026-10-06 02:56:14 - mkk_pika - database.py:101 - INFO - 保存成功：神崎部長～白濁まみれの陵辱アクメ～ (ヒロインピンチ Vol.13) [中国翻訳] [DL版]
2026-10-06 02:56:14 - mkk_pika - main.py:35 - INFO - 开始检查(C93) 搾精ピンクサイクロン (ドラゴンクエストXI) [中国翻訳]是否存在未下载章节
2026-10-06 02:56:14 - mkk_pika - main.py:45 - INFO - 正在下载:[(C93) 搾精ピンクサイクロン (ドラゴンクエストXI) [中国翻訳]]-[アルカロイドノバケツ (ぜらちん)]-[['短篇', '同人']]-[total_pages:28]
2026-10-06 02:56:14 - mkk_pika - main.py:49 - INFO - [{'_id': '5d2c150c33cb8f151c2f2d32', 'title': '第1集', 'order': 1, 'updated_at': '2019-07-15T04:47:22.382Z', 'id': '5d2c150c33cb8f151c2f2d32'}]
2026-10-06 02:56:14 - mkk_pika - database.py:215 - INFO - 第一次下载该漫画，记录数据库中
2026-10-06 02:56:14 - mkk_pika - main.py:83 - INFO - 找到 28 张图片在:第1集
2026-10-06 02:56:16 - mkk_pika - main.py:112 - INFO - [episode:第1集       ] downloaded:    28, total:  28, progress:100%
2026-10-06 02:56:16 - mkk_pika - database.py:238 - INFO - 数据库更新已下载章节
2026-10-06 02:56:16 - mkk_pika - database.py:244 - INFO - 该漫画已下载章节如下
2026-10-06 02:56:16 - mkk_pika - database.py:245 - INFO - ['第1集']
2026-10-06 02:56:17 - mkk_pika - main.py:348 - INFO - ==================== 漫画信息 ====================
                                   漫画ID：5d2c150c33cb8f151c2f2d31
                                   标题：(C93) 搾精ピンクサイクロン (ドラゴンクエストXI) [中国翻訳]
                                   作者：アルカロイドノバケツ (ぜらちん)
                                   是否完结：是
                                   总页数：28
                                   分类：短篇,同人
                                   章节数：1
                                   最后更新时间：2019-07-15T05:54:20.426Z
                                   =================================================
2026-10-06 02:56:17 - mkk_pika - database.py:101 - INFO - 保存成功：(C93) 搾精ピンクサイクロン (ドラゴンクエストXI) [中国翻訳]
2026-10-06 02:56:17 - mkk_pika - main.py:35 - INFO - 开始检查(C94)  逃げられない -エリカ- (ガールズ&パンツァー) [中国翻訳]是否存在未下载章节
2026-10-06 02:56:17 - mkk_pika - main.py:45 - INFO - 正在下载:[(C94)  逃げられない -エリカ- (ガールズ&パンツァー) [中国翻訳]]-[はぶらえる]-[['短篇', '同人']]-[total_pages:31]
2026-10-06 02:56:17 - mkk_pika - main.py:49 - INFO - [{'_id': '5d2c154fc0965715090cf13c', 'title': '第1集', 'order': 1, 'updated_at': '2019-07-15T05:35:53.990Z', 'id': '5d2c154fc0965715090cf13c'}]
2026-10-06 02:56:17 - mkk_pika - database.py:215 - INFO - 第一次下载该漫画，记录数据库中
2026-10-06 02:56:18 - mkk_pika - main.py:83 - INFO - 找到 31 张图片在:第1集
2026-10-06 02:56:19 - mkk_pika - main.py:112 - INFO - [episode:第1集       ] downloaded:    31, total:  31, progress:100%
2026-10-06 02:56:19 - mkk_pika - database.py:238 - INFO - 数据库更新已下载章节
2026-10-06 02:56:19 - mkk_pika - database.py:244 - INFO - 该漫画已下载章节如下
2026-10-06 02:56:19 - mkk_pika - database.py:245 - INFO - ['第1集']
2026-10-06 02:56:20 - mkk_pika - main.py:348 - INFO - ==================== 漫画信息 ====================
                                   漫画ID：5d2c154fc0965715090cf13b
                                   标题：(C94)  逃げられない -エリカ- (ガールズ&パンツァー) [中国翻訳]
                                   作者：はぶらえる
                                   是否完结：是
                                   总页数：31
                                   分类：短篇,同人
                                   章节数：1
                                   最后更新时间：2019-07-15T05:55:27.076Z
                                   =================================================
2026-10-06 02:56:20 - mkk_pika - database.py:101 - INFO - 保存成功：(C94)  逃げられない -エリカ- (ガールズ&パンツァー) [中国翻訳]
2026-10-06 02:56:20 - mkk_pika - main.py:35 - INFO - 开始检查 PROJECT SECRET ZONE 2 (よろず) [中国翻訳] [DL版]是否存在未下载章节
2026-10-06 02:56:21 - mkk_pika - main.py:45 - INFO - 正在下载:[ PROJECT SECRET ZONE 2 (よろず) [中国翻訳] [DL版]]-[満珍楼 (COSiNE)]-[['短篇', '同人', '全彩']]-[total_pages:27]
2026-10-06 02:56:21 - mkk_pika - main.py:49 - INFO - [{'_id': '5d2c156986d21315177c033d', 'title': '第1集', 'order': 1, 'updated_at': '2019-07-15T05:45:46.038Z', 'id': '5d2c156986d21315177c033d'}]
2026-10-06 02:56:21 - mkk_pika - database.py:215 - INFO - 第一次下载该漫画，记录数据库中
2026-10-06 02:56:21 - mkk_pika - main.py:83 - INFO - 找到 27 张图片在:第1集
2026-10-06 02:56:22 - mkk_pika - main.py:112 - INFO - [episode:第1集       ] downloaded:    27, total:  27, progress:100%
2026-10-06 02:56:22 - mkk_pika - database.py:238 - INFO - 数据库更新已下载章节
2026-10-06 02:56:22 - mkk_pika - database.py:244 - INFO - 该漫画已下载章节如下
2026-10-06 02:56:22 - mkk_pika - database.py:245 - INFO - ['第1集']
2026-10-06 02:56:24 - mkk_pika - main.py:348 - INFO - ==================== 漫画信息 ====================
                                   漫画ID：5d2c156986d21315177c033c
                                   标题： PROJECT SECRET ZONE 2 (よろず) [中国翻訳] [DL版]
                                   作者：満珍楼 (COSiNE)
                                   是否完结：是
                                   总页数：27
                                   分类：短篇,同人,全彩
                                   章节数：1
                                   最后更新时间：2019-07-15T05:55:53.143Z
                                   =================================================
2026-10-06 02:56:24 - mkk_pika - database.py:101 - INFO - 保存成功： PROJECT SECRET ZONE 2 (よろず) [中国翻訳] [DL版]
2026-10-06 02:56:24 - mkk_pika - main.py:35 - INFO - 开始检查魔法のアプリで親友をTS使い魔＜サーヴァント＞にしてみた結果www 是否存在未下载章节
2026-10-06 02:56:24 - mkk_pika - main.py:45 - INFO - 正在下载:[魔法のアプリで親友をTS使い魔＜サーヴァント＞にしてみた結果www ]-[うえにあるみかん (れいとうみかん、九重慧)]-[['短篇', '全彩', '性轉換']]-[total_pages:53]
2026-10-06 02:56:24 - mkk_pika - main.py:49 - INFO - [{'_id': '5d2c158586d21315177c035a', 'title': '第1集', 'order': 1, 'updated_at': '2019-07-14T19:57:47.728Z', 'id': '5d2c158586d21315177c035a'}]
2026-10-06 02:56:24 - mkk_pika - database.py:215 - INFO - 第一次下载该漫画，记录数据库中
2026-10-06 02:56:25 - mkk_pika - main.py:83 - INFO - 找到 53 张图片在:第1集
2026-10-06 02:56:27 - mkk_pika - main.py:112 - INFO - [episode:第1集       ] downloaded:    53, total:  53, progress:100%
2026-10-06 02:56:27 - mkk_pika - database.py:238 - INFO - 数据库更新已下载章节
2026-10-06 02:56:27 - mkk_pika - database.py:244 - INFO - 该漫画已下载章节如下
2026-10-06 02:56:27 - mkk_pika - database.py:245 - INFO - ['第1集']
2026-10-06 02:56:28 - mkk_pika - main.py:348 - INFO - ==================== 漫画信息 ====================
                                   漫画ID：5d2c158586d21315177c0359
                                   标题：魔法のアプリで親友をTS使い魔＜サーヴァント＞にしてみた結果www 
                                   作者：うえにあるみかん (れいとうみかん、九重慧)
                                   是否完结：是
                                   总页数：53
                                   分类：短篇,全彩,性轉換
                                   章节数：1
                                   最后更新时间：2019-07-15T05:56:21.629Z
                                   =================================================
2026-10-06 02:56:28 - mkk_pika - database.py:101 - INFO - 保存成功：魔法のアプリで親友をTS使い魔＜サーヴァント＞にしてみた結果www 
2026-10-06 02:56:28 - mkk_pika - main.py:35 - INFO - 开始检查～性器転送～離れた所からヤリまくり!?是否存在未下载章节
2026-10-06 02:56:28 - mkk_pika - main.py:45 - INFO - 正在下载:[～性器転送～離れた所からヤリまくり!?]-[まっさら島 (元虫)]-[['短篇']]-[total_pages:72]
2026-10-06 02:56:28 - mkk_pika - main.py:49 - INFO - [{'_id': '5d2c15b021efd51504db85c8', 'title': '第1集', 'order': 1, 'updated_at': '2019-07-15T06:24:57.314Z', 'id': '5d2c15b021efd51504db85c8'}]
2026-10-06 02:56:28 - mkk_pika - database.py:215 - INFO - 第一次下载该漫画，记录数据库中
2026-10-06 02:56:29 - mkk_pika - main.py:83 - INFO - 找到 72 张图片在:第1集
2026-10-06 02:56:31 - mkk_pika - main.py:112 - INFO - [episode:第1集       ] downloaded:    72, total:  72, progress:100%
2026-10-06 02:56:31 - mkk_pika - database.py:238 - INFO - 数据库更新已下载章节
2026-10-06 02:56:31 - mkk_pika - database.py:244 - INFO - 该漫画已下载章节如下
2026-10-06 02:56:31 - mkk_pika - database.py:245 - INFO - ['第1集']
2026-10-06 02:56:33 - mkk_pika - main.py:348 - INFO - ==================== 漫画信息 ====================
                                   漫画ID：5d2c15b021efd51504db85c7
                                   标题：～性器転送～離れた所からヤリまくり!?
                                   作者：まっさら島 (元虫)
                                   是否完结：是
                                   总页数：72
                                   分类：短篇
                                   章节数：1
                                   最后更新时间：2019-07-15T05:57:04.958Z
                                   =================================================
2026-10-06 02:56:33 - mkk_pika - database.py:101 - INFO - 保存成功：～性器転送～離れた所からヤリまくり!?
2026-10-06 02:56:33 - mkk_pika - main.py:35 - INFO - 开始检查籠の中のお嬢様 (コミック・マショウ 2018年4月号) [中国翻訳]是否存在未下载章节
2026-10-06 02:56:33 - mkk_pika - main.py:45 - INFO - 正在下载:[籠の中のお嬢様 (コミック・マショウ 2018年4月号) [中国翻訳]]-[きぃう]-[['短篇']]-[total_pages:18]
2026-10-06 02:56:33 - mkk_pika - main.py:49 - INFO - [{'_id': '5d2c6bef21efd51504db88a6', 'title': '第1集', 'order': 1, 'updated_at': '2019-07-15T08:57:54.725Z', 'id': '5d2c6bef21efd51504db88a6'}]
2026-10-06 02:56:33 - mkk_pika - database.py:215 - INFO - 第一次下载该漫画，记录数据库中
2026-10-06 02:56:34 - mkk_pika - main.py:83 - INFO - 找到 18 张图片在:第1集
2026-10-06 02:56:34 - mkk_pika - main.py:112 - INFO - [episode:第1集       ] downloaded:    18, total:  18, progress:100%
2026-10-06 02:56:34 - mkk_pika - database.py:238 - INFO - 数据库更新已下载章节
2026-10-06 02:56:34 - mkk_pika - database.py:244 - INFO - 该漫画已下载章节如下
2026-10-06 02:56:34 - mkk_pika - database.py:245 - INFO - ['第1集']
2026-10-06 02:56:35 - mkk_pika - main.py:348 - INFO - ==================== 漫画信息 ====================
                                   漫画ID：5d2c6bef21efd51504db88a5
                                   标题：籠の中のお嬢様 (コミック・マショウ 2018年4月号) [中国翻訳]
                                   作者：きぃう
                                   是否完结：是
                                   总页数：18
                                   分类：短篇
                                   章节数：1
                                   最后更新时间：2019-07-15T12:05:03.796Z
                                   =================================================
2026-10-06 02:56:35 - mkk_pika - database.py:101 - INFO - 保存成功：籠の中のお嬢様 (コミック・マショウ 2018年4月号) [中国翻訳]
2026-10-06 02:56:35 - mkk_pika - main.py:35 - INFO - 开始检查(C88)  恋する龍驤ちゃんとヘンタイ提督3 (艦隊これくしょん -艦これ-)[中国翻訳]是否存在未下载章节
2026-10-06 02:56:36 - mkk_pika - main.py:45 - INFO - 正在下载:[(C88)  恋する龍驤ちゃんとヘンタイ提督3 (艦隊これくしょん -艦これ-)[中国翻訳]]-[餅屋 (かろちー)]-[['短篇', '同人', '純愛', '艦隊收藏']]-[total_pages:26]
2026-10-06 02:56:36 - mkk_pika - main.py:49 - INFO - [{'_id': '5d2c6c13c0965715090cf45e', 'title': '第1集', 'order': 1, 'updated_at': '2019-07-15T09:21:32.284Z', 'id': '5d2c6c13c0965715090cf45e'}]
2026-10-06 02:56:36 - mkk_pika - database.py:215 - INFO - 第一次下载该漫画，记录数据库中
2026-10-06 02:56:36 - mkk_pika - main.py:83 - INFO - 找到 26 张图片在:第1集
2026-10-06 02:56:37 - mkk_pika - main.py:112 - INFO - [episode:第1集       ] downloaded:    26, total:  26, progress:100%
2026-10-06 02:56:37 - mkk_pika - database.py:238 - INFO - 数据库更新已下载章节
2026-10-06 02:56:37 - mkk_pika - database.py:244 - INFO - 该漫画已下载章节如下
2026-10-06 02:56:37 - mkk_pika - database.py:245 - INFO - ['第1集']
2026-10-06 02:56:39 - mkk_pika - main.py:348 - INFO - ==================== 漫画信息 ====================
                                   漫画ID：5d2c6c13c0965715090cf45d
                                   标题：(C88)  恋する龍驤ちゃんとヘンタイ提督3 (艦隊これくしょん -艦これ-)[中国翻訳]
                                   作者：餅屋 (かろちー)
                                   是否完结：是
                                   总页数：26
                                   分类：短篇,同人,純愛,艦隊收藏
                                   章节数：1
                                   最后更新时间：2019-07-15T12:05:39.454Z
                                   =================================================
2026-10-06 02:56:39 - mkk_pika - database.py:101 - INFO - 保存成功：(C88)  恋する龍驤ちゃんとヘンタイ提督3 (艦隊これくしょん -艦これ-)[中国翻訳]
2026-10-06 02:56:39 - mkk_pika - main.py:35 - INFO - 开始检查Eaten by her [中国翻訳] 是否存在未下载章节
2026-10-06 02:56:39 - mkk_pika - main.py:45 - INFO - 正在下载:[Eaten by her [中国翻訳] ]-[冬野みかん]-[['短篇', '全彩']]-[total_pages:12]
2026-10-06 02:56:39 - mkk_pika - main.py:49 - INFO - [{'_id': '5d2c6c2986d21315177c08bd', 'title': '第1集', 'order': 1, 'updated_at': '2019-07-15T09:33:13.640Z', 'id': '5d2c6c2986d21315177c08bd'}]
2026-10-06 02:56:39 - mkk_pika - database.py:215 - INFO - 第一次下载该漫画，记录数据库中
2026-10-06 02:56:39 - mkk_pika - main.py:83 - INFO - 找到 12 张图片在:第1集
2026-10-06 02:56:40 - mkk_pika - main.py:112 - INFO - [episode:第1集       ] downloaded:    12, total:  12, progress:100%
2026-10-06 02:56:40 - mkk_pika - database.py:238 - INFO - 数据库更新已下载章节
2026-10-06 02:56:40 - mkk_pika - database.py:244 - INFO - 该漫画已下载章节如下
2026-10-06 02:56:40 - mkk_pika - database.py:245 - INFO - ['第1集']
2026-10-06 02:56:41 - mkk_pika - main.py:348 - INFO - ==================== 漫画信息 ====================
                                   漫画ID：5d2c6c2986d21315177c08bc
                                   标题：Eaten by her [中国翻訳] 
                                   作者：冬野みかん
                                   是否完结：是
                                   总页数：12
                                   分类：短篇,全彩
                                   章节数：1
                                   最后更新时间：2019-07-15T12:06:01.718Z
                                   =================================================
2026-10-06 02:56:41 - mkk_pika - database.py:101 - INFO - 保存成功：Eaten by her [中国翻訳] 
2026-10-06 02:56:41 - mkk_pika - main.py:35 - INFO - 开始检查(COMIC1☆15)  ご注文はエロセルフィーですか? (ご注文はうさぎですか?) 是否存在未下载章节
2026-10-06 02:56:42 - mkk_pika - main.py:45 - INFO - 正在下载:[(COMIC1☆15)  ご注文はエロセルフィーですか? (ご注文はうさぎですか?) ]-[あめうさぎ (飴玉コン)]-[['短篇', '同人', '純愛', '百合花園']]-[total_pages:21]
2026-10-06 02:56:42 - mkk_pika - main.py:49 - INFO - [{'_id': '5d2c6c4786d21315177c08cb', 'title': '第1集', 'order': 1, 'updated_at': '2019-07-15T11:31:04.404Z', 'id': '5d2c6c4786d21315177c08cb'}]
2026-10-06 02:56:42 - mkk_pika - database.py:215 - INFO - 第一次下载该漫画，记录数据库中
2026-10-06 02:56:42 - mkk_pika - main.py:83 - INFO - 找到 21 张图片在:第1集
2026-10-06 02:56:43 - mkk_pika - main.py:112 - INFO - [episode:第1集       ] downloaded:    21, total:  21, progress:100%
2026-10-06 02:56:43 - mkk_pika - database.py:238 - INFO - 数据库更新已下载章节
2026-10-06 02:56:43 - mkk_pika - database.py:244 - INFO - 该漫画已下载章节如下
2026-10-06 02:56:43 - mkk_pika - database.py:245 - INFO - ['第1集']
2026-10-06 02:56:44 - mkk_pika - main.py:348 - INFO - ==================== 漫画信息 ====================
                                   漫画ID：5d2c6c4786d21315177c08ca
                                   标题：(COMIC1☆15)  ご注文はエロセルフィーですか? (ご注文はうさぎですか?) 
                                   作者：あめうさぎ (飴玉コン)
                                   是否完结：否
                                   总页数：21
                                   分类：短篇,同人,純愛,百合花園
                                   章节数：1
                                   最后更新时间：2019-07-15T12:06:31.643Z
                                   =================================================
2026-10-06 02:56:44 - mkk_pika - database.py:101 - INFO - 保存成功：(COMIC1☆15)  ご注文はエロセルフィーですか? (ご注文はうさぎですか?) 
2026-10-06 02:56:44 - mkk_pika - main.py:35 - INFO - 开始检查Waste… (COMIC快楽天 2019年8月号) 是否存在未下载章节
2026-10-06 02:56:45 - mkk_pika - main.py:45 - INFO - 正在下载:[Waste… (COMIC快楽天 2019年8月号) ]-[Hamao]-[['短篇']]-[total_pages:18]
2026-10-06 02:56:45 - mkk_pika - main.py:49 - INFO - [{'_id': '5d2cb45c86d21315177c0fa2', 'title': '第1集', 'order': 1, 'updated_at': '2019-07-15T17:04:37.607Z', 'id': '5d2cb45c86d21315177c0fa2'}]
2026-10-06 02:56:45 - mkk_pika - database.py:215 - INFO - 第一次下载该漫画，记录数据库中
2026-10-06 02:56:45 - mkk_pika - main.py:83 - INFO - 找到 18 张图片在:第1集
2026-10-06 02:56:46 - mkk_pika - main.py:112 - INFO - [episode:第1集       ] downloaded:    18, total:  18, progress:100%
2026-10-06 02:56:46 - mkk_pika - database.py:238 - INFO - 数据库更新已下载章节
2026-10-06 02:56:46 - mkk_pika - database.py:244 - INFO - 该漫画已下载章节如下
2026-10-06 02:56:46 - mkk_pika - database.py:245 - INFO - ['第1集']
2026-10-06 02:56:47 - mkk_pika - main.py:348 - INFO - ==================== 漫画信息 ====================
                                   漫画ID：5d2c6c8821efd51504db88b9
                                   标题：Waste… (COMIC快楽天 2019年8月号) 
                                   作者：Hamao
                                   是否完结：是
                                   总页数：18
                                   分类：短篇
                                   章节数：1
                                   最后更新时间：2019-07-15T12:07:36.896Z
                                   =================================================
2026-10-06 02:56:47 - mkk_pika - database.py:101 - INFO - 保存成功：Waste… (COMIC快楽天 2019年8月号) 
2026-10-06 02:56:47 - mkk_pika - main.py:35 - INFO - 开始检查(サンクリ2018 Autumn) ジャック イン ザ ボックス (Fate/Grand Order) [中国翻訳]是否存在未下载章节
2026-10-06 02:56:48 - mkk_pika - main.py:45 - INFO - 正在下载:[(サンクリ2018 Autumn) ジャック イン ザ ボックス (Fate/Grand Order) [中国翻訳]]-[ココアホリック (ユイザキカズヤ)]-[['純愛', '同人', '短篇', 'Fate']]-[total_pages:31]
2026-10-06 02:56:48 - mkk_pika - main.py:49 - INFO - [{'_id': '5d2c6ca4c0965715090cf54f', 'title': '第1集', 'order': 1, 'updated_at': '2019-07-15T12:05:12.400Z', 'id': '5d2c6ca4c0965715090cf54f'}]
2026-10-06 02:56:48 - mkk_pika - database.py:215 - INFO - 第一次下载该漫画，记录数据库中
2026-10-06 02:56:48 - mkk_pika - main.py:83 - INFO - 找到 31 张图片在:第1集
2026-10-06 02:56:49 - mkk_pika - main.py:112 - INFO - [episode:第1集       ] downloaded:    31, total:  31, progress:100%
2026-10-06 02:56:49 - mkk_pika - database.py:238 - INFO - 数据库更新已下载章节
2026-10-06 02:56:49 - mkk_pika - database.py:244 - INFO - 该漫画已下载章节如下
2026-10-06 02:56:49 - mkk_pika - database.py:245 - INFO - ['第1集']
2026-10-06 02:56:51 - mkk_pika - main.py:348 - INFO - ==================== 漫画信息 ====================
                                   漫画ID：5d2c6ca4c0965715090cf54e
                                   标题：(サンクリ2018 Autumn) ジャック イン ザ ボックス (Fate/Grand Order) [中国翻訳]
                                   作者：ココアホリック (ユイザキカズヤ)
                                   是否完结：是
                                   总页数：31
                                   分类：純愛,同人,短篇,Fate
                                   章节数：1
                                   最后更新时间：2019-07-15T12:08:04.785Z
                                   =================================================
2026-10-06 02:56:51 - mkk_pika - database.py:101 - INFO - 保存成功：(サンクリ2018 Autumn) ジャック イン ザ ボックス (Fate/Grand Order) [中国翻訳]
2026-10-06 02:56:51 - mkk_pika - main.py:35 - INFO - 开始检查特務艦カゲロウ 剣狼編(艦隊これくしょん -艦これ-)是否存在未下载章节
2026-10-06 02:56:51 - mkk_pika - main.py:45 - INFO - 正在下载:[特務艦カゲロウ 剣狼編(艦隊これくしょん -艦これ-)]-[A.V.特攻隊 (つなみるく)]-[['短篇', '同人', '非人類', '強暴', '艦隊收藏']]-[total_pages:23]
2026-10-06 02:56:51 - mkk_pika - main.py:49 - INFO - [{'_id': '5d2cafcb86d21315177c0e82', 'title': '第1集', 'order': 1, 'updated_at': '2019-07-15T12:35:46.232Z', 'id': '5d2cafcb86d21315177c0e82'}]
2026-10-06 02:56:51 - mkk_pika - database.py:215 - INFO - 第一次下载该漫画，记录数据库中
2026-10-06 02:56:51 - mkk_pika - main.py:83 - INFO - 找到 23 张图片在:第1集
2026-10-06 02:56:52 - mkk_pika - main.py:112 - INFO - [episode:第1集       ] downloaded:    23, total:  23, progress:100%
2026-10-06 02:56:52 - mkk_pika - database.py:238 - INFO - 数据库更新已下载章节
2026-10-06 02:56:52 - mkk_pika - database.py:244 - INFO - 该漫画已下载章节如下
2026-10-06 02:56:52 - mkk_pika - database.py:245 - INFO - ['第1集']
2026-10-06 02:56:54 - mkk_pika - main.py:348 - INFO - ==================== 漫画信息 ====================
                                   漫画ID：5d2cafcb86d21315177c0e81
                                   标题：特務艦カゲロウ 剣狼編(艦隊これくしょん -艦これ-)
                                   作者：A.V.特攻隊 (つなみるく)
                                   是否完结：是
                                   总页数：23
                                   分类：短篇,同人,非人類,強暴,艦隊收藏
                                   章节数：1
                                   最后更新时间：2019-07-15T16:54:35.884Z
                                   =================================================
2026-10-06 02:56:54 - mkk_pika - database.py:101 - INFO - 保存成功：特務艦カゲロウ 剣狼編(艦隊これくしょん -艦これ-)
2026-10-06 02:56:54 - mkk_pika - main.py:35 - INFO - 开始检查 ぬいなちゃん (COMIC ExE 19) [中国翻訳] 是否存在未下载章节
2026-10-06 02:56:54 - mkk_pika - main.py:45 - INFO - 正在下载:[ ぬいなちゃん (COMIC ExE 19) [中国翻訳] ]-[へりを]-[['短篇', '純愛']]-[total_pages:33]
2026-10-06 02:56:54 - mkk_pika - main.py:49 - INFO - [{'_id': '5d2cb008c0965715090cf964', 'title': '第1集', 'order': 1, 'updated_at': '2019-07-15T12:48:17.964Z', 'id': '5d2cb008c0965715090cf964'}]
2026-10-06 02:56:54 - mkk_pika - database.py:215 - INFO - 第一次下载该漫画，记录数据库中
2026-10-06 02:56:54 - mkk_pika - main.py:83 - INFO - 找到 33 张图片在:第1集
2026-10-06 02:56:56 - mkk_pika - main.py:112 - INFO - [episode:第1集       ] downloaded:    33, total:  33, progress:100%
2026-10-06 02:56:56 - mkk_pika - database.py:238 - INFO - 数据库更新已下载章节
2026-10-06 02:56:56 - mkk_pika - database.py:244 - INFO - 该漫画已下载章节如下
2026-10-06 02:56:56 - mkk_pika - database.py:245 - INFO - ['第1集']
2026-10-06 02:56:57 - mkk_pika - main.py:348 - INFO - ==================== 漫画信息 ====================
                                   漫画ID：5d2cb008c0965715090cf963
                                   标题： ぬいなちゃん (COMIC ExE 19) [中国翻訳] 
                                   作者：へりを
                                   是否完结：是
                                   总页数：33
                                   分类：短篇,純愛
                                   章节数：1
                                   最后更新时间：2019-07-15T16:55:36.726Z
                                   =================================================
2026-10-06 02:56:57 - mkk_pika - database.py:101 - INFO - 保存成功： ぬいなちゃん (COMIC ExE 19) [中国翻訳] 
2026-10-06 02:56:57 - mkk_pika - main.py:35 - INFO - 开始检查(C94)  SHIHO999 ～西住しほ中出し999連発～ (ガールズ&パンツァー) [中国翻訳]是否存在未下载章节
2026-10-06 02:56:57 - mkk_pika - main.py:45 - INFO - 正在下载:[(C94)  SHIHO999 ～西住しほ中出し999連発～ (ガールズ&パンツァー) [中国翻訳]]-[スタジオみずよーかん (東戸塚らいすた)]-[['短篇', '全彩', '同人', '人妻']]-[total_pages:36]
2026-10-06 02:56:57 - mkk_pika - main.py:49 - INFO - [{'_id': '5d2cb054c0965715090cf988', 'title': '第1集', 'order': 1, 'updated_at': '2019-07-15T13:06:36.616Z', 'id': '5d2cb054c0965715090cf988'}]
2026-10-06 02:56:57 - mkk_pika - database.py:215 - INFO - 第一次下载该漫画，记录数据库中
2026-10-06 02:56:58 - mkk_pika - main.py:83 - INFO - 找到 36 张图片在:第1集
2026-10-06 02:56:59 - mkk_pika - main.py:112 - INFO - [episode:第1集       ] downloaded:    36, total:  36, progress:100%
2026-10-06 02:56:59 - mkk_pika - database.py:238 - INFO - 数据库更新已下载章节
2026-10-06 02:56:59 - mkk_pika - database.py:244 - INFO - 该漫画已下载章节如下
2026-10-06 02:56:59 - mkk_pika - database.py:245 - INFO - ['第1集']
2026-10-06 02:57:00 - mkk_pika - main.py:348 - INFO - ==================== 漫画信息 ====================
                                   漫画ID：5d2cb054c0965715090cf987
                                   标题：(C94)  SHIHO999 ～西住しほ中出し999連発～ (ガールズ&パンツァー) [中国翻訳]
                                   作者：スタジオみずよーかん (東戸塚らいすた)
                                   是否完结：是
                                   总页数：36
                                   分类：短篇,全彩,同人,人妻
                                   章节数：1
                                   最后更新时间：2019-07-15T16:56:52.407Z
                                   =================================================
2026-10-06 02:57:00 - mkk_pika - database.py:101 - INFO - 保存成功：(C94)  SHIHO999 ～西住しほ中出し999連発～ (ガールズ&パンツァー) [中国翻訳]
2026-10-06 02:57:00 - mkk_pika - main.py:35 - INFO - 开始检查種付けコロシアム！ Episode2 [中国翻訳] [DL版]是否存在未下载章节
2026-10-06 02:57:01 - mkk_pika - main.py:45 - INFO - 正在下载:[種付けコロシアム！ Episode2 [中国翻訳] [DL版]]-[もつあき]-[['短篇']]-[total_pages:32]
2026-10-06 02:57:01 - mkk_pika - main.py:49 - INFO - [{'_id': '5d2cb06821efd51504db8b4b', 'title': '第1集', 'order': 1, 'updated_at': '2019-07-15T13:19:19.888Z', 'id': '5d2cb06821efd51504db8b4b'}]
2026-10-06 02:57:01 - mkk_pika - database.py:215 - INFO - 第一次下载该漫画，记录数据库中
2026-10-06 02:57:01 - mkk_pika - main.py:83 - INFO - 找到 32 张图片在:第1集
2026-10-06 02:57:03 - mkk_pika - main.py:112 - INFO - [episode:第1集       ] downloaded:    32, total:  32, progress:100%
2026-10-06 02:57:03 - mkk_pika - database.py:238 - INFO - 数据库更新已下载章节
2026-10-06 02:57:03 - mkk_pika - database.py:244 - INFO - 该漫画已下载章节如下
2026-10-06 02:57:03 - mkk_pika - database.py:245 - INFO - ['第1集']
2026-10-06 02:57:04 - mkk_pika - main.py:348 - INFO - ==================== 漫画信息 ====================
                                   漫画ID：5d2cb06821efd51504db8b4a
                                   标题：種付けコロシアム！ Episode2 [中国翻訳] [DL版]
                                   作者：もつあき
                                   是否完结：是
                                   总页数：32
                                   分类：短篇
                                   章节数：1
                                   最后更新时间：2019-07-15T16:57:12.071Z
                                   =================================================
2026-10-06 02:57:04 - mkk_pika - database.py:101 - INFO - 保存成功：種付けコロシアム！ Episode2 [中国翻訳] [DL版]
2026-10-06 02:57:04 - mkk_pika - main.py:35 - INFO - 开始检查めだか・ジ・エンド4是否存在未下载章节
2026-10-06 02:57:04 - mkk_pika - main.py:45 - INFO - 正在下载:[めだか・ジ・エンド4]-[支配少女 (ダイニング)]-[['同人', '短篇', 'SM']]-[total_pages:24]
2026-10-06 02:57:04 - mkk_pika - main.py:49 - INFO - [{'_id': '5d2cb0d4c0965715090cf9d5', 'title': '第1集', 'order': 1, 'updated_at': '2019-07-15T12:42:33.788Z', 'id': '5d2cb0d4c0965715090cf9d5'}]
2026-10-06 02:57:04 - mkk_pika - database.py:215 - INFO - 第一次下载该漫画，记录数据库中
2026-10-06 02:57:05 - mkk_pika - main.py:83 - INFO - 找到 24 张图片在:第1集
2026-10-06 02:57:06 - mkk_pika - main.py:112 - INFO - [episode:第1集       ] downloaded:    24, total:  24, progress:100%
2026-10-06 02:57:06 - mkk_pika - database.py:238 - INFO - 数据库更新已下载章节
2026-10-06 02:57:06 - mkk_pika - database.py:244 - INFO - 该漫画已下载章节如下
2026-10-06 02:57:06 - mkk_pika - database.py:245 - INFO - ['第1集']
2026-10-06 02:57:07 - mkk_pika - main.py:348 - INFO - ==================== 漫画信息 ====================
                                   漫画ID：5d2cb0d4c0965715090cf9d4
                                   标题：めだか・ジ・エンド4
                                   作者：支配少女 (ダイニング)
                                   是否完结：否
                                   总页数：24
                                   分类：同人,短篇,SM
                                   章节数：1
                                   最后更新时间：2019-07-15T16:59:00.152Z
                                   =================================================
2026-10-06 02:57:07 - mkk_pika - database.py:101 - INFO - 保存成功：めだか・ジ・エンド4
2026-10-06 02:57:07 - mkk_pika - main.py:35 - INFO - 开始检查 雑にやる。 (Fate/Grand Order)是否存在未下载章节
2026-10-06 02:57:07 - mkk_pika - main.py:45 - INFO - 正在下载:[ 雑にやる。 (Fate/Grand Order)]-[雪陽炎 (KANZUME)]-[['短篇', '同人', '非人類', 'Fate']]-[total_pages:47]
2026-10-06 02:57:07 - mkk_pika - main.py:49 - INFO - [{'_id': '5c42f3fef8c54a44fe33be4c', 'title': '第1集', 'order': 1, 'updated_at': '2019-01-18T19:09:54.596Z', 'id': '5c42f3fef8c54a44fe33be4c'}, {'_id': '5d2cb11e33cb8f151c2f3669', 'title': '汉化', 'order': 2, 'updated_at': '2019-07-15T15:33:34.420Z', 'id': '5d2cb11e33cb8f151c2f3669'}]
2026-10-06 02:57:07 - mkk_pika - database.py:215 - INFO - 第一次下载该漫画，记录数据库中
2026-10-06 02:57:08 - mkk_pika - main.py:83 - INFO - 找到 23 张图片在:第1集
2026-10-06 02:57:09 - mkk_pika - main.py:112 - INFO - [episode:第1集       ] downloaded:    23, total:  23, progress:100%
2026-10-06 02:57:09 - mkk_pika - database.py:238 - INFO - 数据库更新已下载章节
2026-10-06 02:57:09 - mkk_pika - database.py:244 - INFO - 该漫画已下载章节如下
2026-10-06 02:57:09 - mkk_pika - database.py:245 - INFO - ['第1集']
2026-10-06 02:57:10 - mkk_pika - main.py:83 - INFO - 找到 24 张图片在:汉化
2026-10-06 02:57:11 - mkk_pika - main.py:112 - INFO - [episode:汉化        ] downloaded:    24, total:  24, progress:100%
2026-10-06 02:57:11 - mkk_pika - database.py:238 - INFO - 数据库更新已下载章节
2026-10-06 02:57:11 - mkk_pika - database.py:244 - INFO - 该漫画已下载章节如下
2026-10-06 02:57:11 - mkk_pika - database.py:245 - INFO - ['第1集', '汉化']
2026-10-06 02:57:13 - mkk_pika - main.py:348 - INFO - ==================== 漫画信息 ====================
                                   漫画ID：5c42f3fef8c54a44fe33be4b
                                   标题： 雑にやる。 (Fate/Grand Order)
                                   作者：雪陽炎 (KANZUME)
                                   是否完结：是
                                   总页数：47
                                   分类：短篇,同人,非人類,Fate
                                   章节数：2
                                   最后更新时间：2019-07-15T17:00:14.469Z
                                   =================================================
2026-10-06 02:57:13 - mkk_pika - database.py:101 - INFO - 保存成功： 雑にやる。 (Fate/Grand Order)
2026-10-06 02:57:13 - mkk_pika - main.py:35 - INFO - 开始检查DLO-06 カレと私の壊れたキズナ3 [中国翻訳] [DL版]是否存在未下载章节
2026-10-06 02:57:13 - mkk_pika - main.py:45 - INFO - 正在下载:[DLO-06 カレと私の壊れたキズナ3 [中国翻訳] [DL版]]-[Digital Lover (なかじまゆか)]-[['短篇', '全彩']]-[total_pages:66]
2026-10-06 02:57:13 - mkk_pika - main.py:49 - INFO - [{'_id': '5d2cb157c0965715090cfa0d', 'title': '第1集', 'order': 1, 'updated_at': '2019-07-15T16:25:07.842Z', 'id': '5d2cb157c0965715090cfa0d'}]
2026-10-06 02:57:13 - mkk_pika - database.py:215 - INFO - 第一次下载该漫画，记录数据库中
2026-10-06 02:57:14 - mkk_pika - main.py:83 - INFO - 找到 66 张图片在:第1集
2026-10-06 02:57:16 - mkk_pika - main.py:112 - INFO - [episode:第1集       ] downloaded:    66, total:  66, progress:100%
2026-10-06 02:57:16 - mkk_pika - database.py:238 - INFO - 数据库更新已下载章节
2026-10-06 02:57:16 - mkk_pika - database.py:244 - INFO - 该漫画已下载章节如下
2026-10-06 02:57:16 - mkk_pika - database.py:245 - INFO - ['第1集']
2026-10-06 02:57:18 - mkk_pika - main.py:348 - INFO - ==================== 漫画信息 ====================
                                   漫画ID：5d2cb157c0965715090cfa0c
                                   标题：DLO-06 カレと私の壊れたキズナ3 [中国翻訳] [DL版]
                                   作者：Digital Lover (なかじまゆか)
                                   是否完结：是
                                   总页数：66
                                   分类：短篇,全彩
                                   章节数：1
                                   最后更新时间：2019-07-15T17:01:11.514Z
                                   =================================================
2026-10-06 02:57:18 - mkk_pika - database.py:101 - INFO - 保存成功：DLO-06 カレと私の壊れたキズナ3 [中国翻訳] [DL版]
2026-10-06 02:57:18 - mkk_pika - main.py:35 - INFO - 开始检查(COMIC1☆12)  親の心子知らず (Fate Grand Order) [中国翻訳]是否存在未下载章节
2026-10-06 02:57:18 - mkk_pika - main.py:45 - INFO - 正在下载:[(COMIC1☆12)  親の心子知らず (Fate Grand Order) [中国翻訳]]-[関西漁業協同組合 (丸新)]-[['短篇', '純愛', '同人', 'Fate']]-[total_pages:15]
2026-10-06 02:57:18 - mkk_pika - main.py:49 - INFO - [{'_id': '5d2cb16b21efd51504db8bf8', 'title': '第1集', 'order': 1, 'updated_at': '2019-07-15T16:28:54.804Z', 'id': '5d2cb16b21efd51504db8bf8'}]
2026-10-06 02:57:18 - mkk_pika - database.py:215 - INFO - 第一次下载该漫画，记录数据库中
2026-10-06 02:57:19 - mkk_pika - main.py:83 - INFO - 找到 15 张图片在:第1集
2026-10-06 02:57:19 - mkk_pika - main.py:112 - INFO - [episode:第1集       ] downloaded:    15, total:  15, progress:100%
2026-10-06 02:57:19 - mkk_pika - database.py:238 - INFO - 数据库更新已下载章节
2026-10-06 02:57:19 - mkk_pika - database.py:244 - INFO - 该漫画已下载章节如下
2026-10-06 02:57:19 - mkk_pika - database.py:245 - INFO - ['第1集']
2026-10-06 02:57:21 - mkk_pika - main.py:348 - INFO - ==================== 漫画信息 ====================
                                   漫画ID：5d2cb16b21efd51504db8bf7
                                   标题：(COMIC1☆12)  親の心子知らず (Fate Grand Order) [中国翻訳]
                                   作者：関西漁業協同組合 (丸新)
                                   是否完结：是
                                   总页数：15
                                   分类：短篇,純愛,同人,Fate
                                   章节数：1
                                   最后更新时间：2019-07-15T17:01:31.488Z
                                   =================================================
2026-10-06 02:57:21 - mkk_pika - database.py:101 - INFO - 保存成功：(COMIC1☆12)  親の心子知らず (Fate Grand Order) [中国翻訳]
2026-10-06 02:57:21 - mkk_pika - main.py:35 - INFO - 开始检查まとめま2!! (よろず) [中国翻訳] [DL版]是否存在未下载章节
2026-10-06 02:57:21 - mkk_pika - main.py:45 - INFO - 正在下载:[まとめま2!! (よろず) [中国翻訳] [DL版]]-[絶望しろむじ (しょうさん坊主)]-[['短篇']]-[total_pages:41]
2026-10-06 02:57:21 - mkk_pika - main.py:49 - INFO - [{'_id': '5d2cb19721efd51504db8c09', 'title': '第1集', 'order': 1, 'updated_at': '2019-07-15T16:59:31.702Z', 'id': '5d2cb19721efd51504db8c09'}]
2026-10-06 02:57:21 - mkk_pika - database.py:215 - INFO - 第一次下载该漫画，记录数据库中
2026-10-06 02:57:22 - mkk_pika - main.py:83 - INFO - 找到 41 张图片在:第1集
2026-10-06 02:57:23 - mkk_pika - main.py:112 - INFO - [episode:第1集       ] downloaded:    41, total:  41, progress:100%
2026-10-06 02:57:23 - mkk_pika - database.py:238 - INFO - 数据库更新已下载章节
2026-10-06 02:57:23 - mkk_pika - database.py:244 - INFO - 该漫画已下载章节如下
2026-10-06 02:57:23 - mkk_pika - database.py:245 - INFO - ['第1集']
2026-10-06 02:57:24 - mkk_pika - main.py:348 - INFO - ==================== 漫画信息 ====================
                                   漫画ID：5d2cb19721efd51504db8c08
                                   标题：まとめま2!! (よろず) [中国翻訳] [DL版]
                                   作者：絶望しろむじ (しょうさん坊主)
                                   是否完结：是
                                   总页数：41
                                   分类：短篇
                                   章节数：1
                                   最后更新时间：2019-07-15T17:02:15.686Z
                                   =================================================
2026-10-06 02:57:24 - mkk_pika - database.py:101 - INFO - 保存成功：まとめま2!! (よろず) [中国翻訳] [DL版]
2026-10-06 02:57:24 - mkk_pika - main.py:35 - INFO - 开始检查over QMR 40 (艦隊これくしょん -艦これ-)是否存在未下载章节
2026-10-06 02:57:25 - mkk_pika - main.py:45 - INFO - 正在下载:[over QMR 40 (艦隊これくしょん -艦これ-)]-[SEQMED (ユメのオワリ)]-[['全彩', '同人', '短篇', '艦隊收藏']]-[total_pages:18]
2026-10-06 02:57:25 - mkk_pika - main.py:49 - INFO - [{'_id': '5d2cc6b621efd51504db8d30', 'title': '第1集', 'order': 1, 'updated_at': '2019-07-15T18:16:40.928Z', 'id': '5d2cc6b621efd51504db8d30'}]
2026-10-06 02:57:25 - mkk_pika - database.py:215 - INFO - 第一次下载该漫画，记录数据库中
2026-10-06 02:57:25 - mkk_pika - main.py:83 - INFO - 找到 18 张图片在:第1集
2026-10-06 02:57:26 - mkk_pika - main.py:112 - INFO - [episode:第1集       ] downloaded:    18, total:  18, progress:100%
2026-10-06 02:57:26 - mkk_pika - database.py:238 - INFO - 数据库更新已下载章节
2026-10-06 02:57:26 - mkk_pika - database.py:244 - INFO - 该漫画已下载章节如下
2026-10-06 02:57:26 - mkk_pika - database.py:245 - INFO - ['第1集']
2026-10-06 02:57:27 - mkk_pika - main.py:348 - INFO - ==================== 漫画信息 ====================
                                   漫画ID：5d2cc6b621efd51504db8d2f
                                   标题：over QMR 40 (艦隊これくしょん -艦これ-)
                                   作者：SEQMED (ユメのオワリ)
                                   是否完结：是
                                   总页数：18
                                   分类：全彩,同人,短篇,艦隊收藏
                                   章节数：1
                                   最后更新时间：2019-07-15T18:32:22.403Z
                                   =================================================
2026-10-06 02:57:27 - mkk_pika - database.py:101 - INFO - 保存成功：over QMR 40 (艦隊これくしょん -艦これ-)
2026-10-06 02:57:27 - mkk_pika - main.py:35 - INFO - 开始检查小悪魔☆アラモード是否存在未下载章节
2026-10-06 02:57:28 - mkk_pika - main.py:45 - INFO - 正在下载:[小悪魔☆アラモード]-[逆又練物]-[['長篇', '妹妹系', '單行本']]-[total_pages:202]
2026-10-06 02:57:28 - mkk_pika - main.py:49 - INFO - [{'_id': '5d2de3f1a9b01b20f55fa7c6', 'title': '第1集', 'order': 1, 'updated_at': '2019-07-16T02:49:37.649Z', 'id': '5d2de3f1a9b01b20f55fa7c6'}]
2026-10-06 02:57:28 - mkk_pika - database.py:215 - INFO - 第一次下载该漫画，记录数据库中
2026-10-06 02:57:30 - mkk_pika - main.py:83 - INFO - 找到 202 张图片在:第1集
2026-10-06 02:57:37 - mkk_pika - main.py:112 - INFO - [episode:第1集       ] downloaded:   202, total: 202, progress:100%
2026-10-06 02:57:37 - mkk_pika - database.py:238 - INFO - 数据库更新已下载章节
2026-10-06 02:57:37 - mkk_pika - database.py:244 - INFO - 该漫画已下载章节如下
2026-10-06 02:57:37 - mkk_pika - database.py:245 - INFO - ['第1集']
2026-10-06 02:57:38 - mkk_pika - main.py:348 - INFO - ==================== 漫画信息 ====================
                                   漫画ID：5d2de3f1a9b01b20f55fa7c5
                                   标题：小悪魔☆アラモード
                                   作者：逆又練物
                                   是否完结：是
                                   总页数：202
                                   分类：長篇,妹妹系,單行本
                                   章节数：1
                                   最后更新时间：2019-07-16T14:49:21.654Z
                                   =================================================
2026-10-06 02:57:38 - mkk_pika - database.py:101 - INFO - 保存成功：小悪魔☆アラモード
2026-10-06 02:57:38 - mkk_pika - main.py:35 - INFO - 开始检查うぅ…モルジアナ可愛いよ ハァハァシコシコ (マギ) [中国翻訳] [DL版]是否存在未下载章节
2026-10-06 02:57:38 - mkk_pika - main.py:45 - INFO - 正在下载:[うぅ…モルジアナ可愛いよ ハァハァシコシコ (マギ) [中国翻訳] [DL版]]-[たぶちさんち (たぶち)]-[['全彩', '同人', '短篇', '妹妹系']]-[total_pages:35]
2026-10-06 02:57:38 - mkk_pika - main.py:49 - INFO - [{'_id': '5d2de572309c7420ebe7a072', 'title': '第1集', 'order': 1, 'updated_at': '2019-07-16T06:15:41.626Z', 'id': '5d2de572309c7420ebe7a072'}]
2026-10-06 02:57:38 - mkk_pika - database.py:215 - INFO - 第一次下载该漫画，记录数据库中
2026-10-06 02:57:39 - mkk_pika - main.py:83 - INFO - 找到 35 张图片在:第1集
2026-10-06 02:57:40 - mkk_pika - main.py:112 - INFO - [episode:第1集       ] downloaded:    35, total:  35, progress:100%
2026-10-06 02:57:40 - mkk_pika - database.py:238 - INFO - 数据库更新已下载章节
2026-10-06 02:57:40 - mkk_pika - database.py:244 - INFO - 该漫画已下载章节如下
2026-10-06 02:57:40 - mkk_pika - database.py:245 - INFO - ['第1集']
2026-10-06 02:57:41 - mkk_pika - main.py:348 - INFO - ==================== 漫画信息 ====================
                                   漫画ID：5d2de572309c7420ebe7a071
                                   标题：うぅ…モルジアナ可愛いよ ハァハァシコシコ (マギ) [中国翻訳] [DL版]
                                   作者：たぶちさんち (たぶち)
                                   是否完结：否
                                   总页数：35
                                   分类：全彩,同人,短篇,妹妹系
                                   章节数：1
                                   最后更新时间：2019-07-16T14:55:46.319Z
                                   =================================================
2026-10-06 02:57:41 - mkk_pika - database.py:101 - INFO - 保存成功：うぅ…モルジアナ可愛いよ ハァハァシコシコ (マギ) [中国翻訳] [DL版]
2026-10-06 02:57:41 - mkk_pika - main.py:35 - INFO - 开始检查恋せよオトメ (コミックホットミルク 2019年8月号) [中国翻訳] [DL版]是否存在未下载章节
2026-10-06 02:57:42 - mkk_pika - main.py:45 - INFO - 正在下载:[恋せよオトメ (コミックホットミルク 2019年8月号) [中国翻訳] [DL版]]-[じょろり]-[['短篇', '純愛']]-[total_pages:27]
2026-10-06 02:57:42 - mkk_pika - main.py:49 - INFO - [{'_id': '5d2de58ca9b01b20f55faaaf', 'title': '第1集', 'order': 1, 'updated_at': '2019-07-16T06:21:06.694Z', 'id': '5d2de58ca9b01b20f55faaaf'}]
2026-10-06 02:57:42 - mkk_pika - database.py:215 - INFO - 第一次下载该漫画，记录数据库中
2026-10-06 02:57:42 - mkk_pika - main.py:83 - INFO - 找到 27 张图片在:第1集
2026-10-06 02:57:43 - mkk_pika - main.py:112 - INFO - [episode:第1集       ] downloaded:    27, total:  27, progress:100%
2026-10-06 02:57:43 - mkk_pika - database.py:238 - INFO - 数据库更新已下载章节
2026-10-06 02:57:43 - mkk_pika - database.py:244 - INFO - 该漫画已下载章节如下
2026-10-06 02:57:43 - mkk_pika - database.py:245 - INFO - ['第1集']
2026-10-06 02:57:44 - mkk_pika - main.py:348 - INFO - ==================== 漫画信息 ====================
                                   漫画ID：5d2de58ca9b01b20f55faaae
                                   标题：恋せよオトメ (コミックホットミルク 2019年8月号) [中国翻訳] [DL版]
                                   作者：じょろり
                                   是否完结：是
                                   总页数：27
                                   分类：短篇,純愛
                                   章节数：1
                                   最后更新时间：2019-07-16T14:56:12.665Z
                                   =================================================
2026-10-06 02:57:44 - mkk_pika - database.py:101 - INFO - 保存成功：恋せよオトメ (コミックホットミルク 2019年8月号) [中国翻訳] [DL版]
2026-10-06 02:57:44 - mkk_pika - main.py:35 - INFO - 开始检查我的眼裡只有你是否存在未下载章节
2026-10-06 02:57:45 - mkk_pika - main.py:45 - INFO - 正在下载:[我的眼裡只有你]-[みかづち]-[['短篇', '純愛']]-[total_pages:19]
2026-10-06 02:57:45 - mkk_pika - main.py:49 - INFO - [{'_id': '5d2de5b48bf5a220ddd12640', 'title': '第1集', 'order': 1, 'updated_at': '2019-07-16T09:58:42.217Z', 'id': '5d2de5b48bf5a220ddd12640'}]
2026-10-06 02:57:45 - mkk_pika - database.py:215 - INFO - 第一次下载该漫画，记录数据库中
2026-10-06 02:57:45 - mkk_pika - main.py:83 - INFO - 找到 19 张图片在:第1集
2026-10-06 02:57:46 - mkk_pika - main.py:112 - INFO - [episode:第1集       ] downloaded:    19, total:  19, progress:100%
2026-10-06 02:57:46 - mkk_pika - database.py:238 - INFO - 数据库更新已下载章节
2026-10-06 02:57:46 - mkk_pika - database.py:244 - INFO - 该漫画已下载章节如下
2026-10-06 02:57:46 - mkk_pika - database.py:245 - INFO - ['第1集']
2026-10-06 02:57:47 - mkk_pika - main.py:348 - INFO - ==================== 漫画信息 ====================
                                   漫画ID：5d2de5b48bf5a220ddd1263f
                                   标题：我的眼裡只有你
                                   作者：みかづち
                                   是否完结：是
                                   总页数：19
                                   分类：短篇,純愛
                                   章节数：1
                                   最后更新时间：2019-07-16T14:56:52.662Z
                                   =================================================
2026-10-06 02:57:47 - mkk_pika - database.py:101 - INFO - 保存成功：我的眼裡只有你
2026-10-06 02:57:47 - mkk_pika - main.py:35 - INFO - 开始检查ビﾂチフレンド or BitchFriend [Chinese] 是否存在未下载章节
2026-10-06 02:57:48 - mkk_pika - main.py:45 - INFO - 正在下载:[ビﾂチフレンド or BitchFriend [Chinese] ]-[らっそん]-[['短篇', '強暴']]-[total_pages:20]
2026-10-06 02:57:48 - mkk_pika - main.py:49 - INFO - [{'_id': '5d2de5f8c15d1b20d8f87277', 'title': '第1集', 'order': 1, 'updated_at': '2019-07-16T11:03:28.759Z', 'id': '5d2de5f8c15d1b20d8f87277'}]
2026-10-06 02:57:48 - mkk_pika - database.py:215 - INFO - 第一次下载该漫画，记录数据库中
2026-10-06 02:57:48 - mkk_pika - main.py:83 - INFO - 找到 20 张图片在:第1集
2026-10-06 02:57:49 - mkk_pika - main.py:112 - INFO - [episode:第1集       ] downloaded:    20, total:  20, progress:100%
2026-10-06 02:57:49 - mkk_pika - database.py:238 - INFO - 数据库更新已下载章节
2026-10-06 02:57:49 - mkk_pika - database.py:244 - INFO - 该漫画已下载章节如下
2026-10-06 02:57:49 - mkk_pika - database.py:245 - INFO - ['第1集']
2026-10-06 02:57:50 - mkk_pika - main.py:348 - INFO - ==================== 漫画信息 ====================
                                   漫画ID：5d2de5f8c15d1b20d8f87276
                                   标题：ビﾂチフレンド or BitchFriend [Chinese] 
                                   作者：らっそん
                                   是否完结：是
                                   总页数：20
                                   分类：短篇,強暴
                                   章节数：1
                                   最后更新时间：2019-07-16T14:58:00.801Z
                                   =================================================
2026-10-06 02:57:50 - mkk_pika - database.py:101 - INFO - 保存成功：ビﾂチフレンド or BitchFriend [Chinese] 
2026-10-06 02:57:50 - mkk_pika - main.py:35 - INFO - 开始检查(COMIC1☆15)  24時間ず～っと連続耐久で理性をギリギリ保ちながら大人顔負けのエグい魔力供給 (Fate/kaleid liner プリズマ☆イリヤ)是否存在未下载章节
2026-10-06 02:57:51 - mkk_pika - main.py:45 - INFO - 正在下载:[(COMIC1☆15)  24時間ず～っと連続耐久で理性をギリギリ保ちながら大人顔負けのエグい魔力供給 (Fate/kaleid liner プリズマ☆イリヤ)]-[狼狽亭 (atahuta)]-[['短篇', '同人', 'Fate']]-[total_pages:38]
2026-10-06 02:57:51 - mkk_pika - main.py:49 - INFO - [{'_id': '5cdf794f5e94bd75ef5ec41b', 'title': '第1集', 'order': 1, 'updated_at': '2019-05-13T15:12:13.777Z', 'id': '5cdf794f5e94bd75ef5ec41b'}, {'_id': '5d2f43538bf5a220ddd1359e', 'title': '汉化2', 'order': 2, 'updated_at': '2019-07-17T13:40:36.325Z', 'id': '5d2f43538bf5a220ddd1359e'}]
2026-10-06 02:57:51 - mkk_pika - database.py:215 - INFO - 第一次下载该漫画，记录数据库中
2026-10-06 02:57:51 - mkk_pika - main.py:83 - INFO - 找到 18 张图片在:第1集
2026-10-06 02:57:52 - mkk_pika - main.py:112 - INFO - [episode:第1集       ] downloaded:    18, total:  18, progress:100%
2026-10-06 02:57:52 - mkk_pika - database.py:238 - INFO - 数据库更新已下载章节
2026-10-06 02:57:52 - mkk_pika - database.py:244 - INFO - 该漫画已下载章节如下
2026-10-06 02:57:52 - mkk_pika - database.py:245 - INFO - ['第1集']
2026-10-06 02:57:53 - mkk_pika - main.py:83 - INFO - 找到 20 张图片在:汉化2
2026-10-06 02:57:54 - mkk_pika - main.py:112 - INFO - [episode:汉化2       ] downloaded:    20, total:  20, progress:100%
2026-10-06 02:57:54 - mkk_pika - database.py:238 - INFO - 数据库更新已下载章节
2026-10-06 02:57:54 - mkk_pika - database.py:244 - INFO - 该漫画已下载章节如下
2026-10-06 02:57:54 - mkk_pika - database.py:245 - INFO - ['第1集', '汉化2']
2026-10-06 02:57:55 - mkk_pika - main.py:348 - INFO - ==================== 漫画信息 ====================
                                   漫画ID：5cdf794f5e94bd75ef5ec41a
                                   标题：(COMIC1☆15)  24時間ず～っと連続耐久で理性をギリギリ保ちながら大人顔負けのエグい魔力供給 (Fate/kaleid liner プリズマ☆イリヤ)
                                   作者：狼狽亭 (atahuta)
                                   是否完结：是
                                   总页数：38
                                   分类：短篇,同人,Fate
                                   章节数：2
                                   最后更新时间：2019-07-16T14:58:24.653Z
                                   =================================================
2026-10-06 02:57:55 - mkk_pika - database.py:101 - INFO - 保存成功：(COMIC1☆15)  24時間ず～っと連続耐久で理性をギリギリ保ちながら大人顔負けのエグい魔力供給 (Fate/kaleid liner プリズマ☆イリヤ)
2026-10-06 02:57:55 - mkk_pika - main.py:35 - INFO - 开始检查(C95)  少女M -ep.END- (オリジナル)是否存在未下载章节
2026-10-06 02:57:56 - mkk_pika - main.py:45 - INFO - 正在下载:[(C95)  少女M -ep.END- (オリジナル)]-[なごみやさん (鈴木和)]-[['短篇', '長篇', '百合花園']]-[total_pages:138]
2026-10-06 02:57:56 - mkk_pika - main.py:49 - INFO - [{'_id': '5d2de651a9b01b20f55fab0c', 'title': '第1集', 'order': 1, 'updated_at': '2019-07-16T13:45:19.984Z', 'id': '5d2de651a9b01b20f55fab0c'}]
2026-10-06 02:57:56 - mkk_pika - database.py:215 - INFO - 第一次下载该漫画，记录数据库中
2026-10-06 02:57:57 - mkk_pika - main.py:83 - INFO - 找到 138 张图片在:第1集
2026-10-06 02:58:02 - mkk_pika - main.py:112 - INFO - [episode:第1集       ] downloaded:   138, total: 138, progress:100%
2026-10-06 02:58:02 - mkk_pika - database.py:238 - INFO - 数据库更新已下载章节
2026-10-06 02:58:02 - mkk_pika - database.py:244 - INFO - 该漫画已下载章节如下
2026-10-06 02:58:02 - mkk_pika - database.py:245 - INFO - ['第1集']
2026-10-06 02:58:04 - mkk_pika - main.py:348 - INFO - ==================== 漫画信息 ====================
                                   漫画ID：5d2de651a9b01b20f55fab0b
                                   标题：(C95)  少女M -ep.END- (オリジナル)
                                   作者：なごみやさん (鈴木和)
                                   是否完结：否
                                   总页数：138
                                   分类：短篇,長篇,百合花園
                                   章节数：1
                                   最后更新时间：2019-07-16T14:59:29.700Z
                                   =================================================
2026-10-06 02:58:04 - mkk_pika - database.py:101 - INFO - 保存成功：(C95)  少女M -ep.END- (オリジナル)
2026-10-06 02:58:04 - mkk_pika - main.py:35 - INFO - 开始检查 妻のハジメテのオトコ～夫に内緒の再会交尾～ [中国翻訳]是否存在未下载章节
2026-10-06 02:58:04 - mkk_pika - main.py:45 - INFO - 正在下载:[ 妻のハジメテのオトコ～夫に内緒の再会交尾～ [中国翻訳]]-[姫屋 (阿部いのり)]-[['短篇', '人妻', 'NTR']]-[total_pages:41]
2026-10-06 02:58:04 - mkk_pika - main.py:49 - INFO - [{'_id': '5d2de667c15d1b20d8f8728e', 'title': '第1集', 'order': 1, 'updated_at': '2019-07-16T11:34:01.095Z', 'id': '5d2de667c15d1b20d8f8728e'}]
2026-10-06 02:58:04 - mkk_pika - database.py:215 - INFO - 第一次下载该漫画，记录数据库中
2026-10-06 02:58:05 - mkk_pika - main.py:83 - INFO - 找到 41 张图片在:第1集
2026-10-06 02:58:06 - mkk_pika - main.py:112 - INFO - [episode:第1集       ] downloaded:    41, total:  41, progress:100%
2026-10-06 02:58:06 - mkk_pika - database.py:238 - INFO - 数据库更新已下载章节
2026-10-06 02:58:06 - mkk_pika - database.py:244 - INFO - 该漫画已下载章节如下
2026-10-06 02:58:06 - mkk_pika - database.py:245 - INFO - ['第1集']
2026-10-06 02:58:08 - mkk_pika - main.py:348 - INFO - ==================== 漫画信息 ====================
                                   漫画ID：5d2de667c15d1b20d8f8728d
                                   标题： 妻のハジメテのオトコ～夫に内緒の再会交尾～ [中国翻訳]
                                   作者：姫屋 (阿部いのり)
                                   是否完结：是
                                   总页数：41
                                   分类：短篇,人妻,NTR
                                   章节数：1
                                   最后更新时间：2019-07-16T14:59:51.377Z
                                   =================================================
2026-10-06 02:58:08 - mkk_pika - database.py:101 - INFO - 保存成功： 妻のハジメテのオトコ～夫に内緒の再会交尾～ [中国翻訳]
2026-10-06 02:58:08 - mkk_pika - main.py:35 - INFO - 开始检查 Marked Girls vol.17 (Fate/Grand Order) 是否存在未下载章节
2026-10-06 02:58:08 - mkk_pika - main.py:45 - INFO - 正在下载:[ Marked Girls vol.17 (Fate/Grand Order) ]-[Marked-two (スガヒデオ)]-[['短篇', 'Fate', '純愛', '同人']]-[total_pages:24]
2026-10-06 02:58:08 - mkk_pika - main.py:49 - INFO - [{'_id': '5d2de680a9b01b20f55fab9a', 'title': '第1集', 'order': 1, 'updated_at': '2019-07-16T13:51:31.497Z', 'id': '5d2de680a9b01b20f55fab9a'}]
2026-10-06 02:58:08 - mkk_pika - database.py:215 - INFO - 第一次下载该漫画，记录数据库中
2026-10-06 02:58:09 - mkk_pika - main.py:83 - INFO - 找到 24 张图片在:第1集
2026-10-06 02:58:09 - mkk_pika - main.py:112 - INFO - [episode:第1集       ] downloaded:    24, total:  24, progress:100%
2026-10-06 02:58:09 - mkk_pika - database.py:238 - INFO - 数据库更新已下载章节
2026-10-06 02:58:09 - mkk_pika - database.py:244 - INFO - 该漫画已下载章节如下
2026-10-06 02:58:09 - mkk_pika - database.py:245 - INFO - ['第1集']
2026-10-06 02:58:10 - mkk_pika - main.py:348 - INFO - ==================== 漫画信息 ====================
                                   漫画ID：5d2de680a9b01b20f55fab99
                                   标题： Marked Girls vol.17 (Fate/Grand Order) 
                                   作者：Marked-two (スガヒデオ)
                                   是否完结：是
                                   总页数：24
                                   分类：短篇,Fate,純愛,同人
                                   章节数：1
                                   最后更新时间：2019-07-16T15:00:16.567Z
                                   =================================================
2026-10-06 02:58:10 - mkk_pika - database.py:101 - INFO - 保存成功： Marked Girls vol.17 (Fate/Grand Order) 
2026-10-06 02:58:10 - mkk_pika - main.py:35 - INFO - 开始检查(東方名華祭13)  JS橙 (東方Project)是否存在未下载章节
2026-10-06 02:58:11 - mkk_pika - main.py:45 - INFO - 正在下载:[(東方名華祭13)  JS橙 (東方Project)]-[もふしっぽらぼ (なかむらすばる)]-[['短篇', '同人', '東方']]-[total_pages:25]
2026-10-06 02:58:11 - mkk_pika - main.py:49 - INFO - [{'_id': '5d2de6f28bf5a220ddd127cb', 'title': '第1集', 'order': 1, 'updated_at': '2019-07-16T13:56:43.791Z', 'id': '5d2de6f28bf5a220ddd127cb'}]
2026-10-06 02:58:11 - mkk_pika - database.py:215 - INFO - 第一次下载该漫画，记录数据库中
2026-10-06 02:58:11 - mkk_pika - main.py:83 - INFO - 找到 25 张图片在:第1集
2026-10-06 02:58:12 - mkk_pika - main.py:112 - INFO - [episode:第1集       ] downloaded:    25, total:  25, progress:100%
2026-10-06 02:58:12 - mkk_pika - database.py:238 - INFO - 数据库更新已下载章节
2026-10-06 02:58:12 - mkk_pika - database.py:244 - INFO - 该漫画已下载章节如下
2026-10-06 02:58:12 - mkk_pika - database.py:245 - INFO - ['第1集']
2026-10-06 02:58:14 - mkk_pika - main.py:348 - INFO - ==================== 漫画信息 ====================
                                   漫画ID：5d2de6f28bf5a220ddd127ca
                                   标题：(東方名華祭13)  JS橙 (東方Project)
                                   作者：もふしっぽらぼ (なかむらすばる)
                                   是否完结：否
                                   总页数：25
                                   分类：短篇,同人,東方
                                   章节数：1
                                   最后更新时间：2019-07-16T15:02:10.324Z
                                   =================================================
2026-10-06 02:58:14 - mkk_pika - database.py:101 - INFO - 保存成功：(東方名華祭13)  JS橙 (東方Project)
2026-10-06 02:58:14 - mkk_pika - main.py:35 - INFO - 开始检查紐神様くすぐり地獄 (ダンジョンに出会いを求めるのは間違っているだろうか) [DL版]是否存在未下载章节
2026-10-06 02:58:14 - mkk_pika - main.py:45 - INFO - 正在下载:[紐神様くすぐり地獄 (ダンジョンに出会いを求めるのは間違っているだろうか) [DL版]]-[無理矢理笑顔 (モコヤナ)]-[['短篇', '同人']]-[total_pages:27]
2026-10-06 02:58:14 - mkk_pika - main.py:49 - INFO - [{'_id': '5d2de70ca9b01b20f55fabb4', 'title': '第1集', 'order': 1, 'updated_at': '2019-07-16T14:04:50.178Z', 'id': '5d2de70ca9b01b20f55fabb4'}]
2026-10-06 02:58:14 - mkk_pika - database.py:215 - INFO - 第一次下载该漫画，记录数据库中
2026-10-06 02:58:15 - mkk_pika - main.py:83 - INFO - 找到 27 张图片在:第1集
2026-10-06 02:58:15 - mkk_pika - main.py:112 - INFO - [episode:第1集       ] downloaded:    27, total:  27, progress:100%
2026-10-06 02:58:15 - mkk_pika - database.py:238 - INFO - 数据库更新已下载章节
2026-10-06 02:58:15 - mkk_pika - database.py:244 - INFO - 该漫画已下载章节如下
2026-10-06 02:58:15 - mkk_pika - database.py:245 - INFO - ['第1集']
2026-10-06 02:58:17 - mkk_pika - main.py:348 - INFO - ==================== 漫画信息 ====================
                                   漫画ID：5d2de70ca9b01b20f55fabb3
                                   标题：紐神様くすぐり地獄 (ダンジョンに出会いを求めるのは間違っているだろうか) [DL版]
                                   作者：無理矢理笑顔 (モコヤナ)
                                   是否完结：否
                                   总页数：27
                                   分类：短篇,同人
                                   章节数：1
                                   最后更新时间：2019-07-16T15:02:36.639Z
                                   =================================================
2026-10-06 02:58:17 - mkk_pika - database.py:101 - INFO - 保存成功：紐神様くすぐり地獄 (ダンジョンに出会いを求めるのは間違っているだろうか) [DL版]
2026-10-06 02:58:17 - mkk_pika - main.py:35 - INFO - 开始检查(C85) 愛ニ溺ル少女 (艦隊これくしょん -艦これ-)是否存在未下载章节
2026-10-06 02:58:17 - mkk_pika - main.py:45 - INFO - 正在下载:[(C85) 愛ニ溺ル少女 (艦隊これくしょん -艦これ-)]-[Come Through (あづみ一樹)]-[['短篇', '同人', '艦隊收藏', '全彩']]-[total_pages:23]
2026-10-06 02:58:17 - mkk_pika - main.py:49 - INFO - [{'_id': '5d2de766309c7420ebe7a0c1', 'title': '第1集', 'order': 1, 'updated_at': '2019-07-16T14:09:58.670Z', 'id': '5d2de766309c7420ebe7a0c1'}]
2026-10-06 02:58:17 - mkk_pika - database.py:215 - INFO - 第一次下载该漫画，记录数据库中
2026-10-06 02:58:18 - mkk_pika - main.py:83 - INFO - 找到 23 张图片在:第1集
2026-10-06 02:58:18 - mkk_pika - main.py:112 - INFO - [episode:第1集       ] downloaded:    23, total:  23, progress:100%
2026-10-06 02:58:18 - mkk_pika - database.py:238 - INFO - 数据库更新已下载章节
2026-10-06 02:58:18 - mkk_pika - database.py:244 - INFO - 该漫画已下载章节如下
2026-10-06 02:58:18 - mkk_pika - database.py:245 - INFO - ['第1集']
2026-10-06 02:58:20 - mkk_pika - main.py:348 - INFO - ==================== 漫画信息 ====================
                                   漫画ID：5d2de766309c7420ebe7a0c0
                                   标题：(C85) 愛ニ溺ル少女 (艦隊これくしょん -艦これ-)
                                   作者：Come Through (あづみ一樹)
                                   是否完结：否
                                   总页数：23
                                   分类：短篇,同人,艦隊收藏,全彩
                                   章节数：1
                                   最后更新时间：2019-07-16T15:04:06.974Z
                                   =================================================
2026-10-06 02:58:20 - mkk_pika - database.py:101 - INFO - 保存成功：(C85) 愛ニ溺ル少女 (艦隊これくしょん -艦これ-)
2026-10-06 02:58:20 - mkk_pika - main.py:35 - INFO - 开始检查 (C88) welcome [DL版][全彩]是否存在未下载章节
2026-10-06 02:58:20 - mkk_pika - main.py:45 - INFO - 正在下载:[ (C88) welcome [DL版][全彩]]-[Miyubi (Kiichi)]-[['短篇', '全彩', '同人', '非人類']]-[total_pages:21]
2026-10-06 02:58:20 - mkk_pika - main.py:49 - INFO - [{'_id': '5d2de77b309c7420ebe7a0da', 'title': '第1集', 'order': 1, 'updated_at': '2019-07-16T14:15:38.745Z', 'id': '5d2de77b309c7420ebe7a0da'}]
2026-10-06 02:58:20 - mkk_pika - database.py:215 - INFO - 第一次下载该漫画，记录数据库中
2026-10-06 02:58:21 - mkk_pika - main.py:83 - INFO - 找到 21 张图片在:第1集
2026-10-06 02:58:21 - mkk_pika - main.py:112 - INFO - [episode:第1集       ] downloaded:    21, total:  21, progress:100%
2026-10-06 02:58:21 - mkk_pika - database.py:238 - INFO - 数据库更新已下载章节
2026-10-06 02:58:21 - mkk_pika - database.py:244 - INFO - 该漫画已下载章节如下
2026-10-06 02:58:21 - mkk_pika - database.py:245 - INFO - ['第1集']
2026-10-06 02:58:23 - mkk_pika - main.py:348 - INFO - ==================== 漫画信息 ====================
                                   漫画ID：5d2de77b309c7420ebe7a0d9
                                   标题： (C88) welcome [DL版][全彩]
                                   作者：Miyubi (Kiichi)
                                   是否完结：否
                                   总页数：21
                                   分类：短篇,全彩,同人,非人類
                                   章节数：1
                                   最后更新时间：2019-07-16T15:04:27.158Z
                                   =================================================
2026-10-06 02:58:23 - mkk_pika - database.py:101 - INFO - 保存成功： (C88) welcome [DL版][全彩]
2026-10-06 02:58:23 - mkk_pika - main.py:35 - INFO - 开始检查せんりにくゆる星月夜是否存在未下载章节
2026-10-06 02:58:23 - mkk_pika - main.py:45 - INFO - 正在下载:[せんりにくゆる星月夜]-[ふるいどりきっど (るすす)]-[['短篇', '性轉換']]-[total_pages:21]
2026-10-06 02:58:23 - mkk_pika - main.py:49 - INFO - [{'_id': '5d2de789a9b01b20f55fabd1', 'title': '第1集', 'order': 1, 'updated_at': '2019-07-15T17:15:13.775Z', 'id': '5d2de789a9b01b20f55fabd1'}]
2026-10-06 02:58:23 - mkk_pika - database.py:215 - INFO - 第一次下载该漫画，记录数据库中
2026-10-06 02:58:24 - mkk_pika - main.py:83 - INFO - 找到 21 张图片在:第1集
2026-10-06 02:58:24 - mkk_pika - main.py:112 - INFO - [episode:第1集       ] downloaded:    21, total:  21, progress:100%
2026-10-06 02:58:24 - mkk_pika - database.py:238 - INFO - 数据库更新已下载章节
2026-10-06 02:58:24 - mkk_pika - database.py:244 - INFO - 该漫画已下载章节如下
2026-10-06 02:58:24 - mkk_pika - database.py:245 - INFO - ['第1集']
2026-10-06 02:58:26 - mkk_pika - main.py:348 - INFO - ==================== 漫画信息 ====================
                                   漫画ID：5d2de789a9b01b20f55fabd0
                                   标题：せんりにくゆる星月夜
                                   作者：ふるいどりきっど (るすす)
                                   是否完结：是
                                   总页数：21
                                   分类：短篇,性轉換
                                   章节数：1
                                   最后更新时间：2019-07-16T15:04:41.279Z
                                   =================================================
2026-10-06 02:58:26 - mkk_pika - database.py:101 - INFO - 保存成功：せんりにくゆる星月夜
2026-10-06 02:58:26 - mkk_pika - main.py:35 - INFO - 开始检查(C93) スカサハさんといっしょ 是否存在未下载章节
2026-10-06 02:58:26 - mkk_pika - main.py:45 - INFO - 正在下载:[(C93) スカサハさんといっしょ ]-[フグマカロニ (白フグ)]-[['同人', '短篇', '純愛', 'Fate']]-[total_pages:45]
2026-10-06 02:58:26 - mkk_pika - main.py:49 - INFO - [{'_id': '5c07deff5398cd59ee59f7ef', 'title': '第1集', 'order': 1, 'updated_at': '2018-11-12T02:09:44.551Z', 'id': '5c07deff5398cd59ee59f7ef'}, {'_id': '5d2f4084c15d1b20d8f8782e', 'title': '汉化', 'order': 2, 'updated_at': '2019-07-16T20:51:50.097Z', 'id': '5d2f4084c15d1b20d8f8782e'}]
2026-10-06 02:58:26 - mkk_pika - database.py:215 - INFO - 第一次下载该漫画，记录数据库中
2026-10-06 02:58:27 - mkk_pika - main.py:83 - INFO - 找到 22 张图片在:第1集
2026-10-06 02:58:27 - mkk_pika - main.py:112 - INFO - [episode:第1集       ] downloaded:    22, total:  22, progress:100%
2026-10-06 02:58:27 - mkk_pika - database.py:238 - INFO - 数据库更新已下载章节
2026-10-06 02:58:27 - mkk_pika - database.py:244 - INFO - 该漫画已下载章节如下
2026-10-06 02:58:27 - mkk_pika - database.py:245 - INFO - ['第1集']
2026-10-06 02:58:29 - mkk_pika - main.py:83 - INFO - 找到 23 张图片在:汉化
2026-10-06 02:58:30 - mkk_pika - main.py:112 - INFO - [episode:汉化        ] downloaded:    23, total:  23, progress:100%
2026-10-06 02:58:30 - mkk_pika - database.py:238 - INFO - 数据库更新已下载章节
2026-10-06 02:58:30 - mkk_pika - database.py:244 - INFO - 该漫画已下载章节如下
2026-10-06 02:58:30 - mkk_pika - database.py:245 - INFO - ['第1集', '汉化']
2026-10-06 02:58:31 - mkk_pika - main.py:348 - INFO - ==================== 漫画信息 ====================
                                   漫画ID：5c07deff5398cd59ee59f7ee
                                   标题：(C93) スカサハさんといっしょ 
                                   作者：フグマカロニ (白フグ)
                                   是否完结：是
                                   总页数：45
                                   分类：同人,短篇,純愛,Fate
                                   章节数：2
                                   最后更新时间：2019-07-17T15:36:36.183Z
                                   =================================================
2026-10-06 02:58:31 - mkk_pika - database.py:101 - INFO - 保存成功：(C93) スカサハさんといっしょ 
2026-10-06 02:58:31 - mkk_pika - main.py:35 - INFO - 开始检查 Marked Girls vol.19 (Fate/Grand Order) [中国翻訳] [DL版]是否存在未下载章节
2026-10-06 02:58:31 - mkk_pika - main.py:45 - INFO - 正在下载:[ Marked Girls vol.19 (Fate/Grand Order) [中国翻訳] [DL版]]-[Marked-two (スガヒデオ)]-[['短篇', '同人', '後宮閃光', 'Fate']]-[total_pages:26]
2026-10-06 02:58:31 - mkk_pika - main.py:49 - INFO - [{'_id': '5d2f40eec15d1b20d8f87849', 'title': '第1集', 'order': 1, 'updated_at': '2019-07-17T03:18:45.075Z', 'id': '5d2f40eec15d1b20d8f87849'}]
2026-10-06 02:58:31 - mkk_pika - database.py:215 - INFO - 第一次下载该漫画，记录数据库中
2026-10-06 02:58:32 - mkk_pika - main.py:83 - INFO - 找到 26 张图片在:第1集
2026-10-06 02:58:33 - mkk_pika - main.py:112 - INFO - [episode:第1集       ] downloaded:    26, total:  26, progress:100%
2026-10-06 02:58:33 - mkk_pika - database.py:238 - INFO - 数据库更新已下载章节
2026-10-06 02:58:33 - mkk_pika - database.py:244 - INFO - 该漫画已下载章节如下
2026-10-06 02:58:33 - mkk_pika - database.py:245 - INFO - ['第1集']
2026-10-06 02:58:34 - mkk_pika - main.py:348 - INFO - ==================== 漫画信息 ====================
                                   漫画ID：5d2f40eec15d1b20d8f87848
                                   标题： Marked Girls vol.19 (Fate/Grand Order) [中国翻訳] [DL版]
                                   作者：Marked-two (スガヒデオ)
                                   是否完结：是
                                   总页数：26
                                   分类：短篇,同人,後宮閃光,Fate
                                   章节数：1
                                   最后更新时间：2019-07-17T15:38:22.337Z
                                   =================================================
2026-10-06 02:58:34 - mkk_pika - database.py:101 - INFO - 保存成功： Marked Girls vol.19 (Fate/Grand Order) [中国翻訳] [DL版]
2026-10-06 02:58:34 - mkk_pika - main.py:35 - INFO - 开始检查 (C93)Marked Girls vol.16 (Fate/Grand Order) [中国翻訳]是否存在未下载章节
2026-10-06 02:58:35 - mkk_pika - main.py:45 - INFO - 正在下载:[ (C93)Marked Girls vol.16 (Fate/Grand Order) [中国翻訳]]-[Marked-two (スガヒデオ)]-[['短篇', '同人', 'Fate']]-[total_pages:23]
2026-10-06 02:58:35 - mkk_pika - main.py:49 - INFO - [{'_id': '5d2f410c309c7420ebe7aa99', 'title': '第1集', 'order': 1, 'updated_at': '2019-07-17T03:29:16.699Z', 'id': '5d2f410c309c7420ebe7aa99'}]
2026-10-06 02:58:35 - mkk_pika - database.py:215 - INFO - 第一次下载该漫画，记录数据库中
2026-10-06 02:58:35 - mkk_pika - main.py:83 - INFO - 找到 23 张图片在:第1集
2026-10-06 02:58:36 - mkk_pika - main.py:112 - INFO - [episode:第1集       ] downloaded:    23, total:  23, progress:100%
2026-10-06 02:58:36 - mkk_pika - database.py:238 - INFO - 数据库更新已下载章节
2026-10-06 02:58:36 - mkk_pika - database.py:244 - INFO - 该漫画已下载章节如下
2026-10-06 02:58:36 - mkk_pika - database.py:245 - INFO - ['第1集']
2026-10-06 02:58:37 - mkk_pika - main.py:348 - INFO - ==================== 漫画信息 ====================
                                   漫画ID：5d2f410c309c7420ebe7aa98
                                   标题： (C93)Marked Girls vol.16 (Fate/Grand Order) [中国翻訳]
                                   作者：Marked-two (スガヒデオ)
                                   是否完结：是
                                   总页数：23
                                   分类：短篇,同人,Fate
                                   章节数：1
                                   最后更新时间：2019-07-17T15:38:52.194Z
                                   =================================================
2026-10-06 02:58:37 - mkk_pika - database.py:101 - INFO - 保存成功： (C93)Marked Girls vol.16 (Fate/Grand Order) [中国翻訳]
2026-10-06 02:58:37 - mkk_pika - main.py:35 - INFO - 开始检查(C93)  ほたるちゃんに手折られる本 (アイドルマスター シンデレラガールズ) [中国翻訳]是否存在未下载章节
2026-10-06 02:58:38 - mkk_pika - main.py:45 - INFO - 正在下载:[(C93)  ほたるちゃんに手折られる本 (アイドルマスター シンデレラガールズ) [中国翻訳]]-[ほとりぼっち (桜去ほとり)]-[['短篇', '同人', '純愛']]-[total_pages:23]
2026-10-06 02:58:38 - mkk_pika - main.py:49 - INFO - [{'_id': '5d2f413dc15d1b20d8f87866', 'title': '第1集', 'order': 1, 'updated_at': '2019-07-17T03:58:51.300Z', 'id': '5d2f413dc15d1b20d8f87866'}]
2026-10-06 02:58:38 - mkk_pika - database.py:215 - INFO - 第一次下载该漫画，记录数据库中
2026-10-06 02:58:38 - mkk_pika - main.py:83 - INFO - 找到 23 张图片在:第1集
2026-10-06 02:58:39 - mkk_pika - main.py:112 - INFO - [episode:第1集       ] downloaded:    23, total:  23, progress:100%
2026-10-06 02:58:39 - mkk_pika - database.py:238 - INFO - 数据库更新已下载章节
2026-10-06 02:58:39 - mkk_pika - database.py:244 - INFO - 该漫画已下载章节如下
2026-10-06 02:58:39 - mkk_pika - database.py:245 - INFO - ['第1集']
2026-10-06 02:58:41 - mkk_pika - main.py:348 - INFO - ==================== 漫画信息 ====================
                                   漫画ID：5d2f413dc15d1b20d8f87865
                                   标题：(C93)  ほたるちゃんに手折られる本 (アイドルマスター シンデレラガールズ) [中国翻訳]
                                   作者：ほとりぼっち (桜去ほとり)
                                   是否完结：是
                                   总页数：23
                                   分类：短篇,同人,純愛
                                   章节数：1
                                   最后更新时间：2019-07-17T15:39:41.448Z
                                   =================================================
2026-10-06 02:58:41 - mkk_pika - database.py:101 - INFO - 保存成功：(C93)  ほたるちゃんに手折られる本 (アイドルマスター シンデレラガールズ) [中国翻訳]
2026-10-06 02:58:41 - mkk_pika - main.py:35 - INFO - 开始检查また調査少女のフルカラーが出た？分かりました調査します。是否存在未下载章节
2026-10-06 02:58:41 - mkk_pika - main.py:45 - INFO - 正在下载:[また調査少女のフルカラーが出た？分かりました調査します。]-[CRAFT (きぃう)]-[['短篇', '全彩']]-[total_pages:47]
2026-10-06 02:58:41 - mkk_pika - main.py:49 - INFO - [{'_id': '5d2f415d309c7420ebe7aada', 'title': '第1集', 'order': 1, 'updated_at': '2019-07-17T04:52:34.172Z', 'id': '5d2f415d309c7420ebe7aada'}]
2026-10-06 02:58:41 - mkk_pika - database.py:215 - INFO - 第一次下载该漫画，记录数据库中
2026-10-06 02:58:42 - mkk_pika - main.py:83 - INFO - 找到 47 张图片在:第1集
2026-10-06 02:58:44 - mkk_pika - main.py:112 - INFO - [episode:第1集       ] downloaded:    47, total:  47, progress:100%
2026-10-06 02:58:44 - mkk_pika - database.py:238 - INFO - 数据库更新已下载章节
2026-10-06 02:58:44 - mkk_pika - database.py:244 - INFO - 该漫画已下载章节如下
2026-10-06 02:58:44 - mkk_pika - database.py:245 - INFO - ['第1集']
2026-10-06 02:58:45 - mkk_pika - main.py:348 - INFO - ==================== 漫画信息 ====================
                                   漫画ID：5d2f415d309c7420ebe7aad9
                                   标题：また調査少女のフルカラーが出た？分かりました調査します。
                                   作者：CRAFT (きぃう)
                                   是否完结：是
                                   总页数：47
                                   分类：短篇,全彩
                                   章节数：1
                                   最后更新时间：2019-07-17T15:40:13.809Z
                                   =================================================
2026-10-06 02:58:45 - mkk_pika - database.py:101 - INFO - 保存成功：また調査少女のフルカラーが出た？分かりました調査します。
2026-10-06 02:58:45 - mkk_pika - main.py:35 - INFO - 开始检查(COMIC1☆14)  指導姦Outdoor是否存在未下载章节
2026-10-06 02:58:45 - mkk_pika - main.py:45 - INFO - 正在下载:[(COMIC1☆14)  指導姦Outdoor]-[まんぐりキャノン (BANG-YOU)]-[['短篇', '強暴']]-[total_pages:22]
2026-10-06 02:58:45 - mkk_pika - main.py:49 - INFO - [{'_id': '5d2f4170a9b01b20f55fb268', 'title': '第1集', 'order': 1, 'updated_at': '2019-07-17T05:14:41.019Z', 'id': '5d2f4170a9b01b20f55fb268'}]
2026-10-06 02:58:45 - mkk_pika - database.py:215 - INFO - 第一次下载该漫画，记录数据库中
2026-10-06 02:58:46 - mkk_pika - main.py:83 - INFO - 找到 22 张图片在:第1集
2026-10-06 02:58:47 - mkk_pika - main.py:112 - INFO - [episode:第1集       ] downloaded:    22, total:  22, progress:100%
2026-10-06 02:58:47 - mkk_pika - database.py:238 - INFO - 数据库更新已下载章节
2026-10-06 02:58:47 - mkk_pika - database.py:244 - INFO - 该漫画已下载章节如下
2026-10-06 02:58:47 - mkk_pika - database.py:245 - INFO - ['第1集']
2026-10-06 02:58:48 - mkk_pika - main.py:348 - INFO - ==================== 漫画信息 ====================
                                   漫画ID：5d2f4170a9b01b20f55fb267
                                   标题：(COMIC1☆14)  指導姦Outdoor
                                   作者：まんぐりキャノン (BANG-YOU)
                                   是否完结：否
                                   总页数：22
                                   分类：短篇,強暴
                                   章节数：1
                                   最后更新时间：2019-07-17T15:40:32.057Z
                                   =================================================
2026-10-06 02:58:48 - mkk_pika - database.py:101 - INFO - 保存成功：(COMIC1☆14)  指導姦Outdoor
2026-10-06 02:58:48 - mkk_pika - main.py:35 - INFO - 开始检查(COMIC1☆11)  清姫とラブラブお風呂タイム (Fate/Grand Order)是否存在未下载章节
2026-10-06 02:58:49 - mkk_pika - main.py:45 - INFO - 正在下载:[(COMIC1☆11)  清姫とラブラブお風呂タイム (Fate/Grand Order)]-[豆大福屋 (まめこ)]-[['短篇', '同人', '純愛', 'Fate']]-[total_pages:20]
2026-10-06 02:58:49 - mkk_pika - main.py:49 - INFO - [{'_id': '5d2f4184a9b01b20f55fb280', 'title': '第1集', 'order': 1, 'updated_at': '2019-07-17T05:19:22.600Z', 'id': '5d2f4184a9b01b20f55fb280'}]
2026-10-06 02:58:49 - mkk_pika - database.py:215 - INFO - 第一次下载该漫画，记录数据库中
2026-10-06 02:58:49 - mkk_pika - main.py:83 - INFO - 找到 20 张图片在:第1集
2026-10-06 02:58:50 - mkk_pika - main.py:112 - INFO - [episode:第1集       ] downloaded:    20, total:  20, progress:100%
2026-10-06 02:58:50 - mkk_pika - database.py:238 - INFO - 数据库更新已下载章节
2026-10-06 02:58:50 - mkk_pika - database.py:244 - INFO - 该漫画已下载章节如下
2026-10-06 02:58:50 - mkk_pika - database.py:245 - INFO - ['第1集']
2026-10-06 02:58:51 - mkk_pika - main.py:348 - INFO - ==================== 漫画信息 ====================
                                   漫画ID：5d2f4184a9b01b20f55fb27f
                                   标题：(COMIC1☆11)  清姫とラブラブお風呂タイム (Fate/Grand Order)
                                   作者：豆大福屋 (まめこ)
                                   是否完结：是
                                   总页数：20
                                   分类：短篇,同人,純愛,Fate
                                   章节数：1
                                   最后更新时间：2019-07-17T15:40:52.739Z
                                   =================================================
2026-10-06 02:58:51 - mkk_pika - database.py:101 - INFO - 保存成功：(COMIC1☆11)  清姫とラブラブお風呂タイム (Fate/Grand Order)
2026-10-06 02:58:51 - mkk_pika - main.py:35 - INFO - 开始检查Sweet devil's♥Promise [COMIC 快楽天 2018年8月号][無修正]是否存在未下载章节
2026-10-06 02:58:52 - mkk_pika - main.py:45 - INFO - 正在下载:[Sweet devil's♥Promise [COMIC 快楽天 2018年8月号][無修正]]-[雛原えみ]-[['短篇', '純愛']]-[total_pages:20]
2026-10-06 02:58:52 - mkk_pika - main.py:49 - INFO - [{'_id': '5d2f41a5309c7420ebe7ab1f', 'title': '第1集', 'order': 1, 'updated_at': '2019-07-17T06:47:23.501Z', 'id': '5d2f41a5309c7420ebe7ab1f'}]
2026-10-06 02:58:52 - mkk_pika - database.py:215 - INFO - 第一次下载该漫画，记录数据库中
2026-10-06 02:58:52 - mkk_pika - main.py:83 - INFO - 找到 20 张图片在:第1集
2026-10-06 02:58:53 - mkk_pika - main.py:112 - INFO - [episode:第1集       ] downloaded:    20, total:  20, progress:100%
2026-10-06 02:58:53 - mkk_pika - database.py:238 - INFO - 数据库更新已下载章节
2026-10-06 02:58:53 - mkk_pika - database.py:244 - INFO - 该漫画已下载章节如下
2026-10-06 02:58:53 - mkk_pika - database.py:245 - INFO - ['第1集']
2026-10-06 02:58:55 - mkk_pika - main.py:348 - INFO - ==================== 漫画信息 ====================
                                   漫画ID：5d2f41a5309c7420ebe7ab1e
                                   标题：Sweet devil's♥Promise [COMIC 快楽天 2018年8月号][無修正]
                                   作者：雛原えみ
                                   是否完结：否
                                   总页数：20
                                   分类：短篇,純愛
                                   章节数：1
                                   最后更新时间：2019-07-17T15:41:25.920Z
                                   =================================================
2026-10-06 02:58:55 - mkk_pika - database.py:101 - INFO - 保存成功：Sweet devil's♥Promise [COMIC 快楽天 2018年8月号][無修正]
2026-10-06 02:58:55 - mkk_pika - main.py:35 - INFO - 开始检查おっぱい揉んだり挿入したり～透ける身体と触れる指先～ 1~2 [中国翻訳]是否存在未下载章节
2026-10-06 02:58:55 - mkk_pika - main.py:45 - INFO - 正在下载:[おっぱい揉んだり挿入したり～透ける身体と触れる指先～ 1~2 [中国翻訳]]-[浦瀬しおじ]-[['長篇', '全彩']]-[total_pages:124]
2026-10-06 02:58:55 - mkk_pika - main.py:49 - INFO - [{'_id': '5d2f41d9c15d1b20d8f8789b', 'title': '第1集', 'order': 1, 'updated_at': '2019-07-17T05:29:34.564Z', 'id': '5d2f41d9c15d1b20d8f8789b'}, {'_id': '5d2f41d9c15d1b20d8f8789c', 'title': '第2集', 'order': 2, 'updated_at': '2019-07-17T05:46:10.539Z', 'id': '5d2f41d9c15d1b20d8f8789c'}]
2026-10-06 02:58:55 - mkk_pika - database.py:215 - INFO - 第一次下载该漫画，记录数据库中
2026-10-06 02:58:56 - mkk_pika - main.py:83 - INFO - 找到 61 张图片在:第1集
2026-10-06 02:58:58 - mkk_pika - main.py:112 - INFO - [episode:第1集       ] downloaded:    61, total:  61, progress:100%
2026-10-06 02:58:58 - mkk_pika - database.py:238 - INFO - 数据库更新已下载章节
2026-10-06 02:58:58 - mkk_pika - database.py:244 - INFO - 该漫画已下载章节如下
2026-10-06 02:58:58 - mkk_pika - database.py:245 - INFO - ['第1集']
2026-10-06 02:59:00 - mkk_pika - main.py:83 - INFO - 找到 63 张图片在:第2集
2026-10-06 02:59:03 - mkk_pika - main.py:112 - INFO - [episode:第2集       ] downloaded:    63, total:  63, progress:100%
2026-10-06 02:59:03 - mkk_pika - database.py:238 - INFO - 数据库更新已下载章节
2026-10-06 02:59:03 - mkk_pika - database.py:244 - INFO - 该漫画已下载章节如下
2026-10-06 02:59:03 - mkk_pika - database.py:245 - INFO - ['第1集', '第2集']
2026-10-06 02:59:04 - mkk_pika - main.py:348 - INFO - ==================== 漫画信息 ====================
                                   漫画ID：5d2f41d9c15d1b20d8f8789a
                                   标题：おっぱい揉んだり挿入したり～透ける身体と触れる指先～ 1~2 [中国翻訳]
                                   作者：浦瀬しおじ
                                   是否完结：是
                                   总页数：124
                                   分类：長篇,全彩
                                   章节数：2
                                   最后更新时间：2019-07-17T15:42:17.909Z
                                   =================================================
2026-10-06 02:59:04 - mkk_pika - database.py:101 - INFO - 保存成功：おっぱい揉んだり挿入したり～透ける身体と触れる指先～ 1~2 [中国翻訳]
2026-10-06 02:59:04 - mkk_pika - main.py:35 - INFO - 开始检查(COMIC1☆12) 大人用のおもちゃ3人目...莉彩 [中国翻訳]是否存在未下载章节
2026-10-06 02:59:04 - mkk_pika - main.py:45 - INFO - 正在下载:[(COMIC1☆12) 大人用のおもちゃ3人目...莉彩 [中国翻訳]]-[Art Jam (Art Jam)]-[['短篇', '強暴']]-[total_pages:41]
2026-10-06 02:59:04 - mkk_pika - main.py:49 - INFO - [{'_id': '5d2f4204c15d1b20d8f8791a', 'title': '第1集', 'order': 1, 'updated_at': '2019-07-17T07:54:07.154Z', 'id': '5d2f4204c15d1b20d8f8791a'}]
2026-10-06 02:59:04 - mkk_pika - database.py:215 - INFO - 第一次下载该漫画，记录数据库中
2026-10-06 02:59:05 - mkk_pika - main.py:83 - INFO - 找到 41 张图片在:第1集
2026-10-06 02:59:07 - mkk_pika - main.py:112 - INFO - [episode:第1集       ] downloaded:    41, total:  41, progress:100%
2026-10-06 02:59:07 - mkk_pika - database.py:238 - INFO - 数据库更新已下载章节
2026-10-06 02:59:07 - mkk_pika - database.py:244 - INFO - 该漫画已下载章节如下
2026-10-06 02:59:07 - mkk_pika - database.py:245 - INFO - ['第1集']
2026-10-06 02:59:08 - mkk_pika - main.py:348 - INFO - ==================== 漫画信息 ====================
                                   漫画ID：5d2f4204c15d1b20d8f87919
                                   标题：(COMIC1☆12) 大人用のおもちゃ3人目...莉彩 [中国翻訳]
                                   作者：Art Jam (Art Jam)
                                   是否完结：否
                                   总页数：41
                                   分类：短篇,強暴
                                   章节数：1
                                   最后更新时间：2019-07-17T15:43:00.379Z
                                   =================================================
2026-10-06 02:59:08 - mkk_pika - database.py:101 - INFO - 保存成功：(COMIC1☆12) 大人用のおもちゃ3人目...莉彩 [中国翻訳]
2026-10-06 02:59:08 - mkk_pika - main.py:35 - INFO - 开始检查(COMIC1☆11)  島田流ボコニー道 (ガールズ&パンツァー) [中国翻訳]是否存在未下载章节
2026-10-06 02:59:09 - mkk_pika - main.py:45 - INFO - 正在下载:[(COMIC1☆11)  島田流ボコニー道 (ガールズ&パンツァー) [中国翻訳]]-[amefurasy (harino646)]-[['短篇', '同人']]-[total_pages:20]
2026-10-06 02:59:09 - mkk_pika - main.py:49 - INFO - [{'_id': '5d2f4222c15d1b20d8f87945', 'title': '第1集', 'order': 1, 'updated_at': '2019-07-17T09:49:05.527Z', 'id': '5d2f4222c15d1b20d8f87945'}]
2026-10-06 02:59:09 - mkk_pika - database.py:215 - INFO - 第一次下载该漫画，记录数据库中
2026-10-06 02:59:09 - mkk_pika - main.py:83 - INFO - 找到 20 张图片在:第1集
2026-10-06 02:59:10 - mkk_pika - main.py:112 - INFO - [episode:第1集       ] downloaded:    20, total:  20, progress:100%
2026-10-06 02:59:10 - mkk_pika - database.py:238 - INFO - 数据库更新已下载章节
2026-10-06 02:59:10 - mkk_pika - database.py:244 - INFO - 该漫画已下载章节如下
2026-10-06 02:59:10 - mkk_pika - database.py:245 - INFO - ['第1集']
2026-10-06 02:59:11 - mkk_pika - main.py:348 - INFO - ==================== 漫画信息 ====================
                                   漫画ID：5d2f4222c15d1b20d8f87944
                                   标题：(COMIC1☆11)  島田流ボコニー道 (ガールズ&パンツァー) [中国翻訳]
                                   作者：amefurasy (harino646)
                                   是否完结：是
                                   总页数：20
                                   分类：短篇,同人
                                   章节数：1
                                   最后更新时间：2019-07-17T15:43:30.410Z
                                   =================================================
2026-10-06 02:59:11 - mkk_pika - database.py:101 - INFO - 保存成功：(COMIC1☆11)  島田流ボコニー道 (ガールズ&パンツァー) [中国翻訳]
2026-10-06 02:59:11 - mkk_pika - main.py:35 - INFO - 开始检查詩織 第四章 二人目の主人 (中巻) 新装版是否存在未下载章节
2026-10-06 02:59:12 - mkk_pika - main.py:45 - INFO - 正在下载:[詩織 第四章 二人目の主人 (中巻) 新装版]-[HIGH RISK REVOLUTION (あいざわひろし)]-[['同人', '短篇', 'SM', '強暴', 'NTR']]-[total_pages:41]
2026-10-06 02:59:12 - mkk_pika - main.py:49 - INFO - [{'_id': '5d2f428a8bf5a220ddd13417', 'title': '第1集', 'order': 1, 'updated_at': '2019-07-17T12:06:31.967Z', 'id': '5d2f428a8bf5a220ddd13417'}]
2026-10-06 02:59:12 - mkk_pika - database.py:215 - INFO - 第一次下载该漫画，记录数据库中
2026-10-06 02:59:12 - mkk_pika - main.py:83 - INFO - 找到 41 张图片在:第1集
2026-10-06 02:59:14 - mkk_pika - main.py:112 - INFO - [episode:第1集       ] downloaded:    41, total:  41, progress:100%
2026-10-06 02:59:14 - mkk_pika - database.py:238 - INFO - 数据库更新已下载章节
2026-10-06 02:59:14 - mkk_pika - database.py:244 - INFO - 该漫画已下载章节如下
2026-10-06 02:59:14 - mkk_pika - database.py:245 - INFO - ['第1集']
2026-10-06 02:59:15 - mkk_pika - main.py:348 - INFO - ==================== 漫画信息 ====================
                                   漫画ID：5d2f428a8bf5a220ddd13416
                                   标题：詩織 第四章 二人目の主人 (中巻) 新装版
                                   作者：HIGH RISK REVOLUTION (あいざわひろし)
                                   是否完结：否
                                   总页数：41
                                   分类：同人,短篇,SM,強暴,NTR
                                   章节数：1
                                   最后更新时间：2019-07-17T15:45:14.663Z
                                   =================================================
2026-10-06 02:59:15 - mkk_pika - database.py:101 - INFO - 保存成功：詩織 第四章 二人目の主人 (中巻) 新装版
2026-10-06 02:59:15 - mkk_pika - main.py:35 - INFO - 开始检查監獄に咲く華と花/監獄裡盛放的華與花是否存在未下载章节
2026-10-06 02:59:15 - mkk_pika - main.py:45 - INFO - 正在下载:[監獄に咲く華と花/監獄裡盛放的華與花]-[くろはると]-[['扶他樂園', '同人', '短篇']]-[total_pages:25]
2026-10-06 02:59:15 - mkk_pika - main.py:49 - INFO - [{'_id': '5d2f42a28bf5a220ddd13442', 'title': '1集', 'order': 1, 'updated_at': '2019-07-17T12:09:52.918Z', 'id': '5d2f42a28bf5a220ddd13442'}]
2026-10-06 02:59:15 - mkk_pika - database.py:215 - INFO - 第一次下载该漫画，记录数据库中
2026-10-06 02:59:16 - mkk_pika - main.py:83 - INFO - 找到 25 张图片在:1集
2026-10-06 02:59:17 - mkk_pika - main.py:112 - INFO - [episode:1集        ] downloaded:    25, total:  25, progress:100%
2026-10-06 02:59:17 - mkk_pika - database.py:238 - INFO - 数据库更新已下载章节
2026-10-06 02:59:17 - mkk_pika - database.py:244 - INFO - 该漫画已下载章节如下
2026-10-06 02:59:17 - mkk_pika - database.py:245 - INFO - ['1集']
2026-10-06 02:59:18 - mkk_pika - main.py:348 - INFO - ==================== 漫画信息 ====================
                                   漫画ID：5d2f42a28bf5a220ddd13441
                                   标题：監獄に咲く華と花/監獄裡盛放的華與花
                                   作者：くろはると
                                   是否完结：否
                                   总页数：25
                                   分类：扶他樂園,同人,短篇
                                   章节数：1
                                   最后更新时间：2019-07-17T15:45:38.581Z
                                   =================================================
2026-10-06 02:59:18 - mkk_pika - database.py:101 - INFO - 保存成功：監獄に咲く華と花/監獄裡盛放的華與花
2026-10-06 02:59:18 - mkk_pika - main.py:35 - INFO - 开始检查Pさんといっしょ!2是否存在未下载章节
2026-10-06 02:59:18 - mkk_pika - main.py:45 - INFO - 正在下载:[Pさんといっしょ!2]-[日本帝國図書館 (木谷椎、はんぺら)]-[['同人', '短篇']]-[total_pages:43]
2026-10-06 02:59:18 - mkk_pika - main.py:49 - INFO - [{'_id': '5d2f42ba309c7420ebe7ab41', 'title': '第1集', 'order': 1, 'updated_at': '2019-07-17T12:17:15.024Z', 'id': '5d2f42ba309c7420ebe7ab41'}]
2026-10-06 02:59:18 - mkk_pika - database.py:215 - INFO - 第一次下载该漫画，记录数据库中
2026-10-06 02:59:19 - mkk_pika - main.py:83 - INFO - 找到 43 张图片在:第1集
2026-10-06 02:59:21 - mkk_pika - main.py:112 - INFO - [episode:第1集       ] downloaded:    43, total:  43, progress:100%
2026-10-06 02:59:21 - mkk_pika - database.py:238 - INFO - 数据库更新已下载章节
2026-10-06 02:59:21 - mkk_pika - database.py:244 - INFO - 该漫画已下载章节如下
2026-10-06 02:59:21 - mkk_pika - database.py:245 - INFO - ['第1集']
2026-10-06 02:59:22 - mkk_pika - main.py:348 - INFO - ==================== 漫画信息 ====================
                                   漫画ID：5d2f42ba309c7420ebe7ab40
                                   标题：Pさんといっしょ!2
                                   作者：日本帝國図書館 (木谷椎、はんぺら)
                                   是否完结：否
                                   总页数：43
                                   分类：同人,短篇
                                   章节数：1
                                   最后更新时间：2019-07-17T15:46:02.063Z
                                   =================================================
2026-10-06 02:59:22 - mkk_pika - database.py:101 - INFO - 保存成功：Pさんといっしょ!2
2026-10-06 02:59:22 - mkk_pika - main.py:35 - INFO - 开始检查(C73)かたしぶっ15週是否存在未下载章节
2026-10-06 02:59:22 - mkk_pika - main.py:45 - INFO - 正在下载:[(C73)かたしぶっ15週]-[幸せ共和国 (幸せのかたち)]-[['SM', '同人', '強暴']]-[total_pages:101]
2026-10-06 02:59:22 - mkk_pika - main.py:49 - INFO - [{'_id': '5d1f4ddfa6fcef4c6874fece', 'title': '生肉', 'order': 1, 'updated_at': '2019-07-17T15:46:13.594Z', 'id': '5d1f4ddfa6fcef4c6874fece'}, {'_id': '5d2f42c58bf5a220ddd1345c', 'title': '熟肉', 'order': 2, 'updated_at': '2019-07-17T12:20:04.941Z', 'id': '5d2f42c58bf5a220ddd1345c'}]
2026-10-06 02:59:22 - mkk_pika - database.py:215 - INFO - 第一次下载该漫画，记录数据库中
2026-10-06 02:59:23 - mkk_pika - main.py:83 - INFO - 找到 50 张图片在:生肉
2026-10-06 02:59:25 - mkk_pika - main.py:112 - INFO - [episode:生肉        ] downloaded:    50, total:  50, progress:100%
2026-10-06 02:59:25 - mkk_pika - database.py:238 - INFO - 数据库更新已下载章节
2026-10-06 02:59:25 - mkk_pika - database.py:244 - INFO - 该漫画已下载章节如下
2026-10-06 02:59:25 - mkk_pika - database.py:245 - INFO - ['生肉']
2026-10-06 02:59:27 - mkk_pika - main.py:83 - INFO - 找到 51 张图片在:熟肉
2026-10-06 02:59:28 - mkk_pika - main.py:112 - INFO - [episode:熟肉        ] downloaded:    51, total:  51, progress:100%
2026-10-06 02:59:28 - mkk_pika - database.py:238 - INFO - 数据库更新已下载章节
2026-10-06 02:59:28 - mkk_pika - database.py:244 - INFO - 该漫画已下载章节如下
2026-10-06 02:59:28 - mkk_pika - database.py:245 - INFO - ['生肉', '熟肉']
2026-10-06 02:59:29 - mkk_pika - main.py:348 - INFO - ==================== 漫画信息 ====================
                                   漫画ID：5d1f4ddfa6fcef4c6874fecd
                                   标题：(C73)かたしぶっ15週
                                   作者：幸せ共和国 (幸せのかたち)
                                   是否完结：否
                                   总页数：101
                                   分类：SM,同人,強暴
                                   章节数：2
                                   最后更新时间：2019-07-17T15:46:13.583Z
                                   =================================================
2026-10-06 02:59:29 - mkk_pika - database.py:101 - INFO - 保存成功：(C73)かたしぶっ15週
2026-10-06 02:59:29 - mkk_pika - main.py:35 - INFO - 开始检查双子はきみが好き！！“両耳からえっちな催眠かけちゃった♪” [中国翻訳] [DL版]是否存在未下载章节
2026-10-06 02:59:30 - mkk_pika - main.py:45 - INFO - 正在下载:[双子はきみが好き！！“両耳からえっちな催眠かけちゃった♪” [中国翻訳] [DL版]]-[相原飯店 (相原翔太)]-[['短篇', '全彩']]-[total_pages:17]
2026-10-06 02:59:30 - mkk_pika - main.py:49 - INFO - [{'_id': '5d2f42faa9b01b20f55fb327', 'title': '第1集', 'order': 1, 'updated_at': '2019-07-17T12:42:55.493Z', 'id': '5d2f42faa9b01b20f55fb327'}]
2026-10-06 02:59:30 - mkk_pika - database.py:215 - INFO - 第一次下载该漫画，记录数据库中
2026-10-06 02:59:30 - mkk_pika - main.py:83 - INFO - 找到 17 张图片在:第1集
2026-10-06 02:59:31 - mkk_pika - main.py:112 - INFO - [episode:第1集       ] downloaded:    17, total:  17, progress:100%
2026-10-06 02:59:31 - mkk_pika - database.py:238 - INFO - 数据库更新已下载章节
2026-10-06 02:59:31 - mkk_pika - database.py:244 - INFO - 该漫画已下载章节如下
2026-10-06 02:59:31 - mkk_pika - database.py:245 - INFO - ['第1集']
2026-10-06 02:59:32 - mkk_pika - main.py:348 - INFO - ==================== 漫画信息 ====================
                                   漫画ID：5d2f42faa9b01b20f55fb326
                                   标题：双子はきみが好き！！“両耳からえっちな催眠かけちゃった♪” [中国翻訳] [DL版]
                                   作者：相原飯店 (相原翔太)
                                   是否完结：是
                                   总页数：17
                                   分类：短篇,全彩
                                   章节数：1
                                   最后更新时间：2019-07-17T15:47:06.527Z
                                   =================================================
2026-10-06 02:59:32 - mkk_pika - database.py:101 - INFO - 保存成功：双子はきみが好き！！“両耳からえっちな催眠かけちゃった♪” [中国翻訳] [DL版]
2026-10-06 02:59:32 - mkk_pika - main.py:380 - INFO - 本次任务下载完毕
2026-10-06 02:59:32 - mkk_pika - database.py:173 - INFO - 数据库连接已关闭
