2026-09-03 01:04:52 - mkk_pika - main.py:193 - INFO - =======================================================================
2026-09-03 01:04:52 - mkk_pika - database.py:61 - INFO - 表和索引初始化成功
2026-09-03 01:04:52 - mkk_pika - main.py:197 - INFO - 已经累计下载19849本漫画
2026-09-03 01:04:53 - mkk_pika - api.py:87 - INFO - 登录成功
2026-09-03 01:04:53 - mkk_pika - main.py:203 - INFO - 收藏夹共计0本漫画
2026-09-03 01:04:53 - mkk_pika - main.py:206 - INFO - 开始下载收藏夹内未下载内容
2026-09-03 01:04:53 - mkk_pika - main.py:266 - INFO - 收藏夹内容下载完毕
2026-09-03 01:04:53 - mkk_pika - main.py:268 - INFO - 开始下载订阅内容
2026-09-03 01:04:53 - mkk_pika - database.py:258 - INFO - 根据ID查询到标题：萝莉 -> C102おまけ本 アリスとの後日談 | 爱丽丝酱的後日談
2026-09-03 01:04:55 - mkk_pika - database.py:101 - INFO - 保存成功：C102おまけ本 アリスとの後日談 | 爱丽丝酱的後日談
2026-09-03 01:04:55 - mkk_pika - main.py:273 - INFO - 关键词萝莉找到1本漫画
2026-09-03 01:04:55 - mkk_pika - database.py:258 - INFO - 根据ID查询到标题：蘿莉 -> 父娘(元父娘の関係)
2026-09-03 01:04:55 - mkk_pika - database.py:101 - INFO - 保存成功：[Patreon] Clowenqq（AI）
2026-09-03 01:04:55 - mkk_pika - main.py:273 - INFO - 关键词蘿莉找到5本漫画
2026-09-03 01:04:55 - mkk_pika - main.py:275 - INFO - 订阅内容共计6本漫画
2026-09-03 01:04:55 - mkk_pika - main.py:35 - INFO - 开始检查私のさーちゃん（ゆるゆり）[中国翻訳]是否存在未下载章节
2026-09-03 01:04:56 - mkk_pika - database.py:203 - INFO - 查询数据库中是否已存在熟肉
2026-09-03 01:04:56 - mkk_pika - main.py:51 - INFO - 私のさーちゃん（ゆるゆり）[中国翻訳]中没有可下载章节
2026-09-03 01:04:56 - mkk_pika - main.py:292 - INFO - ==================== 漫画信息 ====================
                                漫画ID：6a95c96a27dc2b3498058300
                                标题：私のさーちゃん（ゆるゆり）[中国翻訳]
                                作者：az
                                是否完结：是
                                总页数：20
                                分类：短篇,同人,百合花園
                                章节数：1
                                最后更新时间：2026-08-31T18:35:22.366Z
                                =================================================
2026-09-03 01:04:56 - mkk_pika - database.py:101 - INFO - 保存成功：私のさーちゃん（ゆるゆり）[中国翻訳]
2026-09-03 01:04:56 - mkk_pika - main.py:35 - INFO - 开始检查サイミン猫ムツキちゃんにニャンニャンされても負けないっっ | 催眠猫咪睦月酱的喵喵撒娇叫喊绝不会沦陷是否存在未下载章节
2026-09-03 01:04:56 - mkk_pika - main.py:45 - INFO - 正在下载:[サイミン猫ムツキちゃんにニャンニャンされても負けないっっ | 催眠猫咪睦月酱的喵喵撒娇叫喊绝不会沦陷]-[幻想美甘 (きりみあ)]-[['短篇', '同人']]-[total_pages:-1]
2026-09-03 01:04:56 - mkk_pika - main.py:49 - INFO - [{'_id': '6a985af4aaf294786fce3cc9', 'title': '第1話', 'order': 1, 'updated_at': '2026-09-02T12:38:42.097Z', 'id': '6a985af4aaf294786fce3cc9'}]
2026-09-03 01:04:56 - mkk_pika - database.py:215 - INFO - 第一次下载该漫画，记录数据库中
2026-09-03 01:04:57 - mkk_pika - main.py:83 - INFO - 找到 20 张图片在:第1話
2026-09-03 01:04:58 - mkk_pika - main.py:112 - INFO - [episode:第1話       ] downloaded:    20, total:  20, progress:100%
2026-09-03 01:04:58 - mkk_pika - database.py:238 - INFO - 数据库更新已下载章节
2026-09-03 01:04:58 - mkk_pika - database.py:244 - INFO - 该漫画已下载章节如下
2026-09-03 01:04:58 - mkk_pika - database.py:245 - INFO - ['第1話']
2026-09-03 01:04:59 - mkk_pika - main.py:292 - INFO - ==================== 漫画信息 ====================
                                漫画ID：6a985af4aaf294786fce3cc8
                                标题：サイミン猫ムツキちゃんにニャンニャンされても負けないっっ | 催眠猫咪睦月酱的喵喵撒娇叫喊绝不会沦陷
                                作者：幻想美甘 (きりみあ)
                                是否完结：否
                                总页数：20
                                分类：短篇,同人
                                章节数：1
                                最后更新时间：2026-09-02T17:20:52.840Z
                                =================================================
2026-09-03 01:04:59 - mkk_pika - database.py:101 - INFO - 保存成功：サイミン猫ムツキちゃんにニャンニャンされても負けないっっ | 催眠猫咪睦月酱的喵喵撒娇叫喊绝不会沦陷
2026-09-03 01:04:59 - mkk_pika - main.py:35 - INFO - 开始检查君にさわって (COMIC LOE VOL.27 LOE エロちっさい恋人)是否存在未下载章节
2026-09-03 01:04:59 - mkk_pika - main.py:45 - INFO - 正在下载:[君にさわって (COMIC LOE VOL.27 LOE エロちっさい恋人)]-[アルシュイッシユ]-[['短篇', '妹妹系']]-[total_pages:-1]
2026-09-03 01:04:59 - mkk_pika - main.py:49 - INFO - [{'_id': '6a9859e54a710f45b5824fbc', 'title': '第1話', 'order': 1, 'updated_at': '2026-09-02T07:44:58.537Z', 'id': '6a9859e54a710f45b5824fbc'}]
2026-09-03 01:04:59 - mkk_pika - database.py:215 - INFO - 第一次下载该漫画，记录数据库中
2026-09-03 01:05:00 - mkk_pika - main.py:83 - INFO - 找到 25 张图片在:第1話
2026-09-03 01:05:01 - mkk_pika - main.py:112 - INFO - [episode:第1話       ] downloaded:    25, total:  25, progress:100%
2026-09-03 01:05:01 - mkk_pika - database.py:238 - INFO - 数据库更新已下载章节
2026-09-03 01:05:01 - mkk_pika - database.py:244 - INFO - 该漫画已下载章节如下
2026-09-03 01:05:01 - mkk_pika - database.py:245 - INFO - ['第1話']
2026-09-03 01:05:02 - mkk_pika - main.py:292 - INFO - ==================== 漫画信息 ====================
                                漫画ID：6a9859e54a710f45b5824fbb
                                标题：君にさわって (COMIC LOE VOL.27 LOE エロちっさい恋人)
                                作者：アルシュイッシユ
                                是否完结：是
                                总页数：25
                                分类：短篇,妹妹系
                                章节数：1
                                最后更新时间：2026-09-02T17:16:21.161Z
                                =================================================
2026-09-03 01:05:02 - mkk_pika - database.py:101 - INFO - 保存成功：君にさわって (COMIC LOE VOL.27 LOE エロちっさい恋人)
2026-09-03 01:05:02 - mkk_pika - main.py:35 - INFO - 开始检查なんかたのしくてきもちいいこと是否存在未下载章节
2026-09-03 01:05:02 - mkk_pika - main.py:45 - INFO - 正在下载:[なんかたのしくてきもちいいこと]-[わかるティッシュ]-[['長篇']]-[total_pages:-1]
2026-09-03 01:05:02 - mkk_pika - main.py:49 - INFO - [{'_id': '6a9859d64a710f45b5824f5c', 'title': '第1話', 'order': 1, 'updated_at': '2026-09-02T07:43:11.591Z', 'id': '6a9859d64a710f45b5824f5c'}]
2026-09-03 01:05:02 - mkk_pika - database.py:215 - INFO - 第一次下载该漫画，记录数据库中
2026-09-03 01:05:04 - mkk_pika - main.py:83 - INFO - 找到 92 张图片在:第1話
2026-09-03 01:05:07 - mkk_pika - main.py:112 - INFO - [episode:第1話       ] downloaded:    92, total:  92, progress:100%
2026-09-03 01:05:07 - mkk_pika - database.py:238 - INFO - 数据库更新已下载章节
2026-09-03 01:05:07 - mkk_pika - database.py:244 - INFO - 该漫画已下载章节如下
2026-09-03 01:05:07 - mkk_pika - database.py:245 - INFO - ['第1話']
2026-09-03 01:05:08 - mkk_pika - main.py:292 - INFO - ==================== 漫画信息 ====================
                                漫画ID：6a6e27fae5d7f5354cc54287
                                标题：なんかたのしくてきもちいいこと
                                作者：わかるティッシュ
                                是否完结：是
                                总页数：92
                                分类：長篇
                                章节数：1
                                最后更新时间：2026-08-01T17:08:10.824Z
                                =================================================
2026-09-03 01:05:08 - mkk_pika - database.py:101 - INFO - 保存成功：なんかたのしくてきもちいいこと
2026-09-03 01:05:08 - mkk_pika - main.py:35 - INFO - 开始检查ぷにぺたじっとり汗みずく是否存在未下载章节
2026-09-03 01:05:08 - mkk_pika - main.py:45 - INFO - 正在下载:[ぷにぺたじっとり汗みずく]-[よしきちゃん]-[['單行本', '妹妹系']]-[total_pages:-1]
2026-09-03 01:05:08 - mkk_pika - main.py:49 - INFO - [{'_id': '6a9859be97fc3345c60aaa0d', 'title': '第1話', 'order': 1, 'updated_at': '2026-09-02T07:17:35.169Z', 'id': '6a9859be97fc3345c60aaa0d'}]
2026-09-03 01:05:08 - mkk_pika - database.py:215 - INFO - 第一次下载该漫画，记录数据库中
2026-09-03 01:05:10 - mkk_pika - main.py:83 - INFO - 找到 199 张图片在:第1話
2026-09-03 01:05:16 - mkk_pika - main.py:112 - INFO - [episode:第1話       ] downloaded:   199, total: 199, progress:100%
2026-09-03 01:05:16 - mkk_pika - database.py:238 - INFO - 数据库更新已下载章节
2026-09-03 01:05:16 - mkk_pika - database.py:244 - INFO - 该漫画已下载章节如下
2026-09-03 01:05:16 - mkk_pika - database.py:245 - INFO - ['第1話']
2026-09-03 01:05:17 - mkk_pika - main.py:292 - INFO - ==================== 漫画信息 ====================
                                漫画ID：6a9859be97fc3345c60aaa0c
                                标题：ぷにぺたじっとり汗みずく
                                作者：よしきちゃん
                                是否完结：是
                                总页数：199
                                分类：單行本,妹妹系
                                章节数：1
                                最后更新时间：2026-09-02T17:15:42.066Z
                                =================================================
2026-09-03 01:05:17 - mkk_pika - database.py:101 - INFO - 保存成功：ぷにぺたじっとり汗みずく
2026-09-03 01:05:17 - mkk_pika - main.py:35 - INFO - 开始检查保健体育の帰り道是否存在未下载章节
2026-09-03 01:05:17 - mkk_pika - database.py:203 - INFO - 查询数据库中是否已存在第1話
2026-09-03 01:05:17 - mkk_pika - main.py:51 - INFO - 保健体育の帰り道中没有可下载章节
2026-09-03 01:05:18 - mkk_pika - main.py:292 - INFO - ==================== 漫画信息 ====================
                                漫画ID：6a971c9b27dc2b3498059015
                                标题：保健体育の帰り道
                                作者：梅雨の鳥籠 (湿月タンキ)
                                是否完结：否
                                总页数：49
                                分类：短篇
                                章节数：1
                                最后更新时间：2026-09-01T18:42:35.134Z
                                =================================================
2026-09-03 01:05:18 - mkk_pika - database.py:101 - INFO - 保存成功：保健体育の帰り道
2026-09-03 01:05:18 - mkk_pika - main.py:323 - INFO - 订阅内容内容下载完毕
2026-09-03 01:05:18 - mkk_pika - main.py:324 - INFO - 开始分批下载全部章节
2026-09-03 01:05:18 - mkk_pika - database.py:280 - INFO - 表和索引初始化成功
2026-09-03 01:05:19 - mkk_pika - main.py:177 - INFO - 已经下载了1518页，一共7118页，现在开始添加第1519页
2026-09-03 01:05:19 - mkk_pika - database.py:318 - INFO - 保存成功
2026-09-03 01:05:20 - mkk_pika - main.py:177 - INFO - 已经下载了1519页，一共7118页，现在开始添加第1520页
2026-09-03 01:05:20 - mkk_pika - database.py:318 - INFO - 保存成功
2026-09-03 01:05:21 - mkk_pika - main.py:177 - INFO - 已经下载了1520页，一共7118页，现在开始添加第1521页
2026-09-03 01:05:21 - mkk_pika - database.py:318 - INFO - 保存成功
2026-09-03 01:05:22 - mkk_pika - main.py:177 - INFO - 已经下载了1521页，一共7118页，现在开始添加第1522页
2026-09-03 01:05:23 - mkk_pika - database.py:318 - INFO - 保存成功
2026-09-03 01:05:23 - mkk_pika - main.py:177 - INFO - 已经下载了1522页，一共7118页，现在开始添加第1523页
2026-09-03 01:05:23 - mkk_pika - database.py:318 - INFO - 保存成功
2026-09-03 01:05:23 - mkk_pika - main.py:331 - INFO - 分批下载共计63本漫画
2026-09-03 01:05:23 - mkk_pika - main.py:35 - INFO - 开始检查(FF33)  迦勒底狂熱．黑&白 (Fate/Grand Order) [中国語]是否存在未下载章节
2026-09-03 01:05:24 - mkk_pika - main.py:45 - INFO - 正在下载:[(FF33)  迦勒底狂熱．黑&白 (Fate/Grand Order) [中国語]]-[熊掌社 (魚生、俺正讀)]-[['短篇', '同人', 'Fate', '扶他樂園']]-[total_pages:28]
2026-09-03 01:05:24 - mkk_pika - main.py:49 - INFO - [{'_id': '5c8b117b35b667306b1877b6', 'title': '第1集', 'order': 1, 'updated_at': '2019-03-14T11:50:19.406Z', 'id': '5c8b117b35b667306b1877b6'}]
2026-09-03 01:05:24 - mkk_pika - database.py:215 - INFO - 第一次下载该漫画，记录数据库中
2026-09-03 01:05:25 - mkk_pika - main.py:83 - INFO - 找到 28 张图片在:第1集
2026-09-03 01:05:25 - mkk_pika - main.py:112 - INFO - [episode:第1集       ] downloaded:    28, total:  28, progress:100%
2026-09-03 01:05:25 - mkk_pika - database.py:238 - INFO - 数据库更新已下载章节
2026-09-03 01:05:25 - mkk_pika - database.py:244 - INFO - 该漫画已下载章节如下
2026-09-03 01:05:25 - mkk_pika - database.py:245 - INFO - ['第1集']
2026-09-03 01:05:27 - mkk_pika - main.py:348 - INFO - ==================== 漫画信息 ====================
                                   漫画ID：5c8b117b35b667306b1877b5
                                   标题：(FF33)  迦勒底狂熱．黑&白 (Fate/Grand Order) [中国語]
                                   作者：熊掌社 (魚生、俺正讀)
                                   是否完结：是
                                   总页数：28
                                   分类：短篇,同人,Fate,扶他樂園
                                   章节数：1
                                   最后更新时间：2019-03-15T02:44:11.125Z
                                   =================================================
2026-09-03 01:05:27 - mkk_pika - database.py:101 - INFO - 保存成功：(FF33)  迦勒底狂熱．黑&白 (Fate/Grand Order) [中国語]
2026-09-03 01:05:27 - mkk_pika - main.py:35 - INFO - 开始检查(FF33) 迦勒底狂熱．鬼&魔 (Fate/Grand Order) [中国語]是否存在未下载章节
2026-09-03 01:05:27 - mkk_pika - main.py:45 - INFO - 正在下载:[(FF33) 迦勒底狂熱．鬼&魔 (Fate/Grand Order) [中国語]]-[熊掌社 (魚生、俺正讀)]-[['短篇', '同人', 'Fate', '非人類', '扶他樂園']]-[total_pages:28]
2026-09-03 01:05:27 - mkk_pika - main.py:49 - INFO - [{'_id': '5c8b118a1bb96f70997ff1dd', 'title': '第1集', 'order': 1, 'updated_at': '2019-03-14T11:57:09.085Z', 'id': '5c8b118a1bb96f70997ff1dd'}]
2026-09-03 01:05:27 - mkk_pika - database.py:215 - INFO - 第一次下载该漫画，记录数据库中
2026-09-03 01:05:28 - mkk_pika - main.py:83 - INFO - 找到 28 张图片在:第1集
2026-09-03 01:05:29 - mkk_pika - main.py:112 - INFO - [episode:第1集       ] downloaded:    28, total:  28, progress:100%
2026-09-03 01:05:29 - mkk_pika - database.py:238 - INFO - 数据库更新已下载章节
2026-09-03 01:05:29 - mkk_pika - database.py:244 - INFO - 该漫画已下载章节如下
2026-09-03 01:05:29 - mkk_pika - database.py:245 - INFO - ['第1集']
2026-09-03 01:05:30 - mkk_pika - main.py:348 - INFO - ==================== 漫画信息 ====================
                                   漫画ID：5c8b118a1bb96f70997ff1dc
                                   标题：(FF33) 迦勒底狂熱．鬼&魔 (Fate/Grand Order) [中国語]
                                   作者：熊掌社 (魚生、俺正讀)
                                   是否完结：是
                                   总页数：28
                                   分类：短篇,同人,Fate,非人類,扶他樂園
                                   章节数：1
                                   最后更新时间：2019-03-15T02:44:26.162Z
                                   =================================================
2026-09-03 01:05:30 - mkk_pika - database.py:101 - INFO - 保存成功：(FF33) 迦勒底狂熱．鬼&魔 (Fate/Grand Order) [中国語]
2026-09-03 01:05:30 - mkk_pika - main.py:35 - INFO - 开始检查ある日フランちゃんを拾ってきた。是否存在未下载章节
2026-09-03 01:05:30 - mkk_pika - main.py:45 - INFO - 正在下载:[ある日フランちゃんを拾ってきた。]-[金魚オリジン (香山リム)]-[['同人', '短篇', '妹妹系', '東方']]-[total_pages:38]
2026-09-03 01:05:30 - mkk_pika - main.py:49 - INFO - [{'_id': '5b72f9b9a674f911863c17a1', 'title': '生肉', 'order': 1, 'updated_at': '2019-03-15T02:45:39.991Z', 'id': '5b72f9b9a674f911863c17a1'}, {'_id': '5c8b11d326e04a6cafdc2ae9', 'title': '熟肉', 'order': 2, 'updated_at': '2019-03-14T13:22:17.553Z', 'id': '5c8b11d326e04a6cafdc2ae9'}]
2026-09-03 01:05:30 - mkk_pika - database.py:215 - INFO - 第一次下载该漫画，记录数据库中
2026-09-03 01:05:31 - mkk_pika - main.py:83 - INFO - 找到 18 张图片在:生肉
2026-09-03 01:05:32 - mkk_pika - main.py:112 - INFO - [episode:生肉        ] downloaded:    18, total:  18, progress:100%
2026-09-03 01:05:32 - mkk_pika - database.py:238 - INFO - 数据库更新已下载章节
2026-09-03 01:05:32 - mkk_pika - database.py:244 - INFO - 该漫画已下载章节如下
2026-09-03 01:05:32 - mkk_pika - database.py:245 - INFO - ['生肉']
2026-09-03 01:05:33 - mkk_pika - main.py:83 - INFO - 找到 20 张图片在:熟肉
2026-09-03 01:05:34 - mkk_pika - main.py:112 - INFO - [episode:熟肉        ] downloaded:    20, total:  20, progress:100%
2026-09-03 01:05:34 - mkk_pika - database.py:238 - INFO - 数据库更新已下载章节
2026-09-03 01:05:34 - mkk_pika - database.py:244 - INFO - 该漫画已下载章节如下
2026-09-03 01:05:34 - mkk_pika - database.py:245 - INFO - ['生肉', '熟肉']
2026-09-03 01:05:35 - mkk_pika - main.py:348 - INFO - ==================== 漫画信息 ====================
                                   漫画ID：5b72f9b9a674f911863c17a0
                                   标题：ある日フランちゃんを拾ってきた。
                                   作者：金魚オリジン (香山リム)
                                   是否完结：否
                                   总页数：38
                                   分类：同人,短篇,妹妹系,東方
                                   章节数：2
                                   最后更新时间：2019-03-15T02:45:39.980Z
                                   =================================================
2026-09-03 01:05:35 - mkk_pika - database.py:101 - INFO - 保存成功：ある日フランちゃんを拾ってきた。
2026-09-03 01:05:35 - mkk_pika - main.py:35 - INFO - 开始检查親黒しれぇ是否存在未下载章节
2026-09-03 01:05:35 - mkk_pika - main.py:45 - INFO - 正在下载:[親黒しれぇ]-[たけ家 (竹虎スズメ)]-[['短篇', '同人', '後宮閃光', '艦隊收藏']]-[total_pages:47]
2026-09-03 01:05:35 - mkk_pika - main.py:49 - INFO - [{'_id': '5b72f9d21b3c8011bd0e6d36', 'title': '生肉', 'order': 1, 'updated_at': '2019-03-15T02:48:41.405Z', 'id': '5b72f9d21b3c8011bd0e6d36'}, {'_id': '5c8b1289036aa556613c6db3', 'title': '熟肉', 'order': 2, 'updated_at': '2019-03-14T13:34:37.485Z', 'id': '5c8b1289036aa556613c6db3'}]
2026-09-03 01:05:35 - mkk_pika - database.py:215 - INFO - 第一次下载该漫画，记录数据库中
2026-09-03 01:05:36 - mkk_pika - main.py:83 - INFO - 找到 22 张图片在:生肉
2026-09-03 01:05:36 - mkk_pika - main.py:112 - INFO - [episode:生肉        ] downloaded:    22, total:  22, progress:100%
2026-09-03 01:05:36 - mkk_pika - database.py:238 - INFO - 数据库更新已下载章节
2026-09-03 01:05:36 - mkk_pika - database.py:244 - INFO - 该漫画已下载章节如下
2026-09-03 01:05:36 - mkk_pika - database.py:245 - INFO - ['生肉']
2026-09-03 01:05:38 - mkk_pika - main.py:83 - INFO - 找到 25 张图片在:熟肉
2026-09-03 01:05:39 - mkk_pika - main.py:112 - INFO - [episode:熟肉        ] downloaded:    25, total:  25, progress:100%
2026-09-03 01:05:39 - mkk_pika - database.py:238 - INFO - 数据库更新已下载章节
2026-09-03 01:05:39 - mkk_pika - database.py:244 - INFO - 该漫画已下载章节如下
2026-09-03 01:05:39 - mkk_pika - database.py:245 - INFO - ['生肉', '熟肉']
2026-09-03 01:05:40 - mkk_pika - main.py:348 - INFO - ==================== 漫画信息 ====================
                                   漫画ID：5b72f9d21b3c8011bd0e6d35
                                   标题：親黒しれぇ
                                   作者：たけ家 (竹虎スズメ)
                                   是否完结：否
                                   总页数：47
                                   分类：短篇,同人,後宮閃光,艦隊收藏
                                   章节数：2
                                   最后更新时间：2019-03-15T02:48:41.384Z
                                   =================================================
2026-09-03 01:05:40 - mkk_pika - database.py:101 - INFO - 保存成功：親黒しれぇ
2026-09-03 01:05:40 - mkk_pika - main.py:35 - INFO - 开始检查東方睡姦4 仕事疲れの東風谷早苗さん是否存在未下载章节
2026-09-03 01:05:40 - mkk_pika - main.py:45 - INFO - 正在下载:[東方睡姦4 仕事疲れの東風谷早苗さん]-[背徳漢]-[['同人', '短篇', '東方']]-[total_pages:52]
2026-09-03 01:05:40 - mkk_pika - main.py:49 - INFO - [{'_id': '5b73cea3a674f911863c199a', 'title': '生肉', 'order': 1, 'updated_at': '2019-03-15T02:49:17.346Z', 'id': '5b73cea3a674f911863c199a'}, {'_id': '5c8b12ada1430c5634c86d5b', 'title': '熟肉', 'order': 2, 'updated_at': '2019-03-14T13:46:49.998Z', 'id': '5c8b12ada1430c5634c86d5b'}]
2026-09-03 01:05:40 - mkk_pika - database.py:215 - INFO - 第一次下载该漫画，记录数据库中
2026-09-03 01:05:41 - mkk_pika - main.py:83 - INFO - 找到 24 张图片在:生肉
2026-09-03 01:05:42 - mkk_pika - main.py:112 - INFO - [episode:生肉        ] downloaded:    24, total:  24, progress:100%
2026-09-03 01:05:42 - mkk_pika - database.py:238 - INFO - 数据库更新已下载章节
2026-09-03 01:05:42 - mkk_pika - database.py:244 - INFO - 该漫画已下载章节如下
2026-09-03 01:05:42 - mkk_pika - database.py:245 - INFO - ['生肉']
2026-09-03 01:05:43 - mkk_pika - main.py:83 - INFO - 找到 28 张图片在:熟肉
2026-09-03 01:05:44 - mkk_pika - main.py:112 - INFO - [episode:熟肉        ] downloaded:    28, total:  28, progress:100%
2026-09-03 01:05:44 - mkk_pika - database.py:238 - INFO - 数据库更新已下载章节
2026-09-03 01:05:44 - mkk_pika - database.py:244 - INFO - 该漫画已下载章节如下
2026-09-03 01:05:44 - mkk_pika - database.py:245 - INFO - ['生肉', '熟肉']
2026-09-03 01:05:45 - mkk_pika - main.py:348 - INFO - ==================== 漫画信息 ====================
                                   漫画ID：5b73cea3a674f911863c1999
                                   标题：東方睡姦4 仕事疲れの東風谷早苗さん
                                   作者：背徳漢
                                   是否完结：否
                                   总页数：52
                                   分类：同人,短篇,東方
                                   章节数：2
                                   最后更新时间：2019-03-15T02:49:17.335Z
                                   =================================================
2026-09-03 01:05:45 - mkk_pika - database.py:101 - INFO - 保存成功：東方睡姦4 仕事疲れの東風谷早苗さん
2026-09-03 01:05:45 - mkk_pika - main.py:35 - INFO - 开始检查(C87)  鏡堕トシ (レッスルエンジェルス サバイバー) [中国翻訳]是否存在未下载章节
2026-09-03 01:05:46 - mkk_pika - main.py:45 - INFO - 正在下载:[(C87)  鏡堕トシ (レッスルエンジェルス サバイバー) [中国翻訳]]-[TLG (bowalia)]-[['短篇', '同人', 'SM', '強暴']]-[total_pages:28]
2026-09-03 01:05:46 - mkk_pika - main.py:49 - INFO - [{'_id': '5c8b12e02f2937708d2848f3', 'title': '第1集', 'order': 1, 'updated_at': '2019-03-14T14:02:54.103Z', 'id': '5c8b12e02f2937708d2848f3'}]
2026-09-03 01:05:46 - mkk_pika - database.py:215 - INFO - 第一次下载该漫画，记录数据库中
2026-09-03 01:05:46 - mkk_pika - main.py:83 - INFO - 找到 28 张图片在:第1集
2026-09-03 01:05:47 - mkk_pika - main.py:112 - INFO - [episode:第1集       ] downloaded:    28, total:  28, progress:100%
2026-09-03 01:05:47 - mkk_pika - database.py:238 - INFO - 数据库更新已下载章节
2026-09-03 01:05:47 - mkk_pika - database.py:244 - INFO - 该漫画已下载章节如下
2026-09-03 01:05:47 - mkk_pika - database.py:245 - INFO - ['第1集']
2026-09-03 01:05:48 - mkk_pika - main.py:348 - INFO - ==================== 漫画信息 ====================
                                   漫画ID：5c8b12e02f2937708d2848f2
                                   标题：(C87)  鏡堕トシ (レッスルエンジェルス サバイバー) [中国翻訳]
                                   作者：TLG (bowalia)
                                   是否完结：是
                                   总页数：28
                                   分类：短篇,同人,SM,強暴
                                   章节数：1
                                   最后更新时间：2019-03-15T02:50:08.954Z
                                   =================================================
2026-09-03 01:05:48 - mkk_pika - database.py:101 - INFO - 保存成功：(C87)  鏡堕トシ (レッスルエンジェルス サバイバー) [中国翻訳]
2026-09-03 01:05:48 - mkk_pika - main.py:35 - INFO - 开始检查天地を喰らう是否存在未下载章节
2026-09-03 01:05:49 - mkk_pika - main.py:45 - INFO - 正在下载:[天地を喰らう]-[火山の楊]-[['同人', '短篇', '艦隊收藏']]-[total_pages:35]
2026-09-03 01:05:49 - mkk_pika - main.py:49 - INFO - [{'_id': '5b753a32c34b84190feb92d9', 'title': '生肉', 'order': 1, 'updated_at': '2019-03-15T02:50:47.327Z', 'id': '5b753a32c34b84190feb92d9'}, {'_id': '5c8b13079a046b706fb42659', 'title': '熟肉', 'order': 2, 'updated_at': '2019-03-14T14:17:42.079Z', 'id': '5c8b13079a046b706fb42659'}]
2026-09-03 01:05:49 - mkk_pika - database.py:215 - INFO - 第一次下载该漫画，记录数据库中
2026-09-03 01:05:49 - mkk_pika - main.py:83 - INFO - 找到 18 张图片在:生肉
2026-09-03 01:05:50 - mkk_pika - main.py:112 - INFO - [episode:生肉        ] downloaded:    18, total:  18, progress:100%
2026-09-03 01:05:50 - mkk_pika - database.py:238 - INFO - 数据库更新已下载章节
2026-09-03 01:05:50 - mkk_pika - database.py:244 - INFO - 该漫画已下载章节如下
2026-09-03 01:05:50 - mkk_pika - database.py:245 - INFO - ['生肉']
2026-09-03 01:05:51 - mkk_pika - main.py:83 - INFO - 找到 17 张图片在:熟肉
2026-09-03 01:05:52 - mkk_pika - main.py:112 - INFO - [episode:熟肉        ] downloaded:    17, total:  17, progress:100%
2026-09-03 01:05:52 - mkk_pika - database.py:238 - INFO - 数据库更新已下载章节
2026-09-03 01:05:52 - mkk_pika - database.py:244 - INFO - 该漫画已下载章节如下
2026-09-03 01:05:52 - mkk_pika - database.py:245 - INFO - ['生肉', '熟肉']
2026-09-03 01:05:53 - mkk_pika - main.py:348 - INFO - ==================== 漫画信息 ====================
                                   漫画ID：5b753a32c34b84190feb92d8
                                   标题：天地を喰らう
                                   作者：火山の楊
                                   是否完结：否
                                   总页数：35
                                   分类：同人,短篇,艦隊收藏
                                   章节数：2
                                   最后更新时间：2019-03-15T02:50:47.313Z
                                   =================================================
2026-09-03 01:05:53 - mkk_pika - database.py:101 - INFO - 保存成功：天地を喰らう
2026-09-03 01:05:53 - mkk_pika - main.py:35 - INFO - 开始检查フランちゃんはお医者さんごっこがしたい!是否存在未下载章节
2026-09-03 01:05:53 - mkk_pika - main.py:45 - INFO - 正在下载:[フランちゃんはお医者さんごっこがしたい!]-[金魚オリジン (香山リム)]-[['同人', '全彩', '短篇', '東方', '妹妹系']]-[total_pages:31]
2026-09-03 01:05:53 - mkk_pika - main.py:49 - INFO - [{'_id': '5b753ebd35e10718cf8fc845', 'title': '生肉', 'order': 1, 'updated_at': '2019-03-15T02:52:36.578Z', 'id': '5b753ebd35e10718cf8fc845'}, {'_id': '5c8b1374d73e616ce9562b26', 'title': '熟肉', 'order': 2, 'updated_at': '2019-03-14T14:26:08.467Z', 'id': '5c8b1374d73e616ce9562b26'}]
2026-09-03 01:05:53 - mkk_pika - database.py:215 - INFO - 第一次下载该漫画，记录数据库中
2026-09-03 01:05:54 - mkk_pika - main.py:83 - INFO - 找到 15 张图片在:生肉
2026-09-03 01:05:54 - mkk_pika - main.py:112 - INFO - [episode:生肉        ] downloaded:    15, total:  15, progress:100%
2026-09-03 01:05:54 - mkk_pika - database.py:238 - INFO - 数据库更新已下载章节
2026-09-03 01:05:54 - mkk_pika - database.py:244 - INFO - 该漫画已下载章节如下
2026-09-03 01:05:54 - mkk_pika - database.py:245 - INFO - ['生肉']
2026-09-03 01:05:56 - mkk_pika - main.py:83 - INFO - 找到 16 张图片在:熟肉
2026-09-03 01:05:56 - mkk_pika - main.py:112 - INFO - [episode:熟肉        ] downloaded:    16, total:  16, progress:100%
2026-09-03 01:05:56 - mkk_pika - database.py:238 - INFO - 数据库更新已下载章节
2026-09-03 01:05:56 - mkk_pika - database.py:244 - INFO - 该漫画已下载章节如下
2026-09-03 01:05:56 - mkk_pika - database.py:245 - INFO - ['生肉', '熟肉']
2026-09-03 01:05:58 - mkk_pika - main.py:348 - INFO - ==================== 漫画信息 ====================
                                   漫画ID：5b753ebd35e10718cf8fc844
                                   标题：フランちゃんはお医者さんごっこがしたい!
                                   作者：金魚オリジン (香山リム)
                                   是否完结：否
                                   总页数：31
                                   分类：同人,全彩,短篇,東方,妹妹系
                                   章节数：2
                                   最后更新时间：2019-03-15T02:52:36.550Z
                                   =================================================
2026-09-03 01:05:58 - mkk_pika - database.py:101 - INFO - 保存成功：フランちゃんはお医者さんごっこがしたい!
2026-09-03 01:05:58 - mkk_pika - main.py:35 - INFO - 开始检查(C74)  ふかふかおかあさん2008 (クイーンズブレイド) [中国翻訳]是否存在未下载章节
2026-09-03 01:05:58 - mkk_pika - main.py:45 - INFO - 正在下载:[(C74)  ふかふかおかあさん2008 (クイーンズブレイド) [中国翻訳]]-[SISTER SCREAMING I DIE (横山私刑)]-[['短篇', '同人']]-[total_pages:25]
2026-09-03 01:05:58 - mkk_pika - main.py:49 - INFO - [{'_id': '5c8b13cf14c7035660bae3f5', 'title': '第1集', 'order': 1, 'updated_at': '2019-03-14T14:28:19.477Z', 'id': '5c8b13cf14c7035660bae3f5'}]
2026-09-03 01:05:58 - mkk_pika - database.py:215 - INFO - 第一次下载该漫画，记录数据库中
2026-09-03 01:05:59 - mkk_pika - main.py:83 - INFO - 找到 25 张图片在:第1集
2026-09-03 01:05:59 - mkk_pika - main.py:112 - INFO - [episode:第1集       ] downloaded:    25, total:  25, progress:100%
2026-09-03 01:05:59 - mkk_pika - database.py:238 - INFO - 数据库更新已下载章节
2026-09-03 01:05:59 - mkk_pika - database.py:244 - INFO - 该漫画已下载章节如下
2026-09-03 01:05:59 - mkk_pika - database.py:245 - INFO - ['第1集']
2026-09-03 01:06:00 - mkk_pika - main.py:348 - INFO - ==================== 漫画信息 ====================
                                   漫画ID：5c8b13cf14c7035660bae3f4
                                   标题：(C74)  ふかふかおかあさん2008 (クイーンズブレイド) [中国翻訳]
                                   作者：SISTER SCREAMING I DIE (横山私刑)
                                   是否完结：是
                                   总页数：25
                                   分类：短篇,同人
                                   章节数：1
                                   最后更新时间：2019-03-15T02:54:07.651Z
                                   =================================================
2026-09-03 01:06:00 - mkk_pika - database.py:101 - INFO - 保存成功：(C74)  ふかふかおかあさん2008 (クイーンズブレイド) [中国翻訳]
2026-09-03 01:06:00 - mkk_pika - main.py:35 - INFO - 开始检查(C93)獄長メイヴと女王の躾 (Fate/Grand Order)是否存在未下载章节
2026-09-03 01:06:01 - mkk_pika - main.py:45 - INFO - 正在下载:[(C93)獄長メイヴと女王の躾 (Fate/Grand Order)]-[りゅうりょくかこう。 (緑茶イズム)]-[['短篇', '同人', 'SM', 'Fate']]-[total_pages:20]
2026-09-03 01:06:01 - mkk_pika - main.py:49 - INFO - [{'_id': '5c85364526e04a6cafdc13c8', 'title': '第1集', 'order': 1, 'updated_at': '2019-03-03T16:13:20.448Z', 'id': '5c85364526e04a6cafdc13c8'}, {'_id': '5c8b640e35b667306b1878e5', 'title': '汉化', 'order': 2, 'updated_at': '2019-03-15T08:11:47.714Z', 'id': '5c8b640e35b667306b1878e5'}]
2026-09-03 01:06:01 - mkk_pika - database.py:215 - INFO - 第一次下载该漫画，记录数据库中
2026-09-03 01:06:01 - mkk_pika - main.py:83 - INFO - 找到 29 张图片在:第1集
2026-09-03 01:06:02 - mkk_pika - main.py:112 - INFO - [episode:第1集       ] downloaded:    29, total:  29, progress:100%
2026-09-03 01:06:02 - mkk_pika - database.py:238 - INFO - 数据库更新已下载章节
2026-09-03 01:06:02 - mkk_pika - database.py:244 - INFO - 该漫画已下载章节如下
2026-09-03 01:06:02 - mkk_pika - database.py:245 - INFO - ['第1集']
2026-09-03 01:06:04 - mkk_pika - main.py:83 - INFO - 找到 31 张图片在:汉化
2026-09-03 01:06:05 - mkk_pika - main.py:112 - INFO - [episode:汉化        ] downloaded:    31, total:  31, progress:100%
2026-09-03 01:06:05 - mkk_pika - database.py:238 - INFO - 数据库更新已下载章节
2026-09-03 01:06:05 - mkk_pika - database.py:244 - INFO - 该漫画已下载章节如下
2026-09-03 01:06:05 - mkk_pika - database.py:245 - INFO - ['第1集', '汉化']
2026-09-03 01:06:06 - mkk_pika - main.py:348 - INFO - ==================== 漫画信息 ====================
                                   漫画ID：5c85364526e04a6cafdc13c7
                                   标题：(C93)獄長メイヴと女王の躾 (Fate/Grand Order)
                                   作者：りゅうりょくかこう。 (緑茶イズム)
                                   是否完结：是
                                   总页数：20
                                   分类：短篇,同人,SM,Fate
                                   章节数：2
                                   最后更新时间：2019-03-15T03:03:38.310Z
                                   =================================================
2026-09-03 01:06:06 - mkk_pika - database.py:101 - INFO - 保存成功：(C93)獄長メイヴと女王の躾 (Fate/Grand Order)
2026-09-03 01:06:06 - mkk_pika - main.py:35 - INFO - 开始检查マンイーター・アブソーブ (コミックアンリアル 2018年12月号 Vol.76) [中国翻訳] [DL版]是否存在未下载章节
2026-09-03 01:06:06 - mkk_pika - main.py:45 - INFO - 正在下载:[マンイーター・アブソーブ (コミックアンリアル 2018年12月号 Vol.76) [中国翻訳] [DL版]]-[煌野一人]-[['短篇', '非人類']]-[total_pages:26]
2026-09-03 01:06:06 - mkk_pika - main.py:49 - INFO - [{'_id': '5c8b163b9a046b706fb42672', 'title': '第1集', 'order': 1, 'updated_at': '2019-03-14T19:09:47.624Z', 'id': '5c8b163b9a046b706fb42672'}]
2026-09-03 01:06:06 - mkk_pika - database.py:215 - INFO - 第一次下载该漫画，记录数据库中
2026-09-03 01:06:07 - mkk_pika - main.py:83 - INFO - 找到 26 张图片在:第1集
2026-09-03 01:06:08 - mkk_pika - main.py:112 - INFO - [episode:第1集       ] downloaded:    26, total:  26, progress:100%
2026-09-03 01:06:08 - mkk_pika - database.py:238 - INFO - 数据库更新已下载章节
2026-09-03 01:06:08 - mkk_pika - database.py:244 - INFO - 该漫画已下载章节如下
2026-09-03 01:06:08 - mkk_pika - database.py:245 - INFO - ['第1集']
2026-09-03 01:06:09 - mkk_pika - main.py:348 - INFO - ==================== 漫画信息 ====================
                                   漫画ID：5c8b163b9a046b706fb42671
                                   标题：マンイーター・アブソーブ (コミックアンリアル 2018年12月号 Vol.76) [中国翻訳] [DL版]
                                   作者：煌野一人
                                   是否完结：是
                                   总页数：26
                                   分类：短篇,非人類
                                   章节数：1
                                   最后更新时间：2019-03-15T03:04:27.506Z
                                   =================================================
2026-09-03 01:06:09 - mkk_pika - database.py:101 - INFO - 保存成功：マンイーター・アブソーブ (コミックアンリアル 2018年12月号 Vol.76) [中国翻訳] [DL版]
2026-09-03 01:06:09 - mkk_pika - main.py:35 - INFO - 开始检查(C90)Platinum Blue (アイドルマスター)是否存在未下载章节
2026-09-03 01:06:09 - mkk_pika - main.py:45 - INFO - 正在下载:[(C90)Platinum Blue (アイドルマスター)]-[蜜柑電車 (ダン)]-[['短篇', '同人']]-[total_pages:26]
2026-09-03 01:06:09 - mkk_pika - main.py:49 - INFO - [{'_id': '5c8b16845ce22c305f0fd46e', 'title': '第1集', 'order': 1, 'updated_at': '2019-03-14T18:07:14.331Z', 'id': '5c8b16845ce22c305f0fd46e'}]
2026-09-03 01:06:09 - mkk_pika - database.py:215 - INFO - 第一次下载该漫画，记录数据库中
2026-09-03 01:06:10 - mkk_pika - main.py:83 - INFO - 找到 26 张图片在:第1集
2026-09-03 01:06:10 - mkk_pika - main.py:112 - INFO - [episode:第1集       ] downloaded:    26, total:  26, progress:100%
2026-09-03 01:06:10 - mkk_pika - database.py:238 - INFO - 数据库更新已下载章节
2026-09-03 01:06:10 - mkk_pika - database.py:244 - INFO - 该漫画已下载章节如下
2026-09-03 01:06:10 - mkk_pika - database.py:245 - INFO - ['第1集']
2026-09-03 01:06:12 - mkk_pika - main.py:348 - INFO - ==================== 漫画信息 ====================
                                   漫画ID：5c8b16845ce22c305f0fd46d
                                   标题：(C90)Platinum Blue (アイドルマスター)
                                   作者：蜜柑電車 (ダン)
                                   是否完结：否
                                   总页数：26
                                   分类：短篇,同人
                                   章节数：1
                                   最后更新时间：2019-03-15T03:05:40.897Z
                                   =================================================
2026-09-03 01:06:12 - mkk_pika - database.py:101 - INFO - 保存成功：(C90)Platinum Blue (アイドルマスター)
2026-09-03 01:06:12 - mkk_pika - main.py:35 - INFO - 开始检查(C95)  NEKO★PUNCH vol.4 [全年龄]是否存在未下载章节
2026-09-03 01:06:12 - mkk_pika - main.py:45 - INFO - 正在下载:[(C95)  NEKO★PUNCH vol.4 [全年龄]]-[WATA★PUNCH (Mauve, Kutata)]-[['短篇', '同人', '全彩']]-[total_pages:17]
2026-09-03 01:06:12 - mkk_pika - main.py:49 - INFO - [{'_id': '5c8b16a6b949727067079cd0', 'title': '第1集', 'order': 1, 'updated_at': '2019-03-14T18:14:05.024Z', 'id': '5c8b16a6b949727067079cd0'}]
2026-09-03 01:06:12 - mkk_pika - database.py:215 - INFO - 第一次下载该漫画，记录数据库中
2026-09-03 01:06:13 - mkk_pika - main.py:83 - INFO - 找到 17 张图片在:第1集
2026-09-03 01:06:13 - mkk_pika - main.py:112 - INFO - [episode:第1集       ] downloaded:    17, total:  17, progress:100%
2026-09-03 01:06:13 - mkk_pika - database.py:238 - INFO - 数据库更新已下载章节
2026-09-03 01:06:13 - mkk_pika - database.py:244 - INFO - 该漫画已下载章节如下
2026-09-03 01:06:13 - mkk_pika - database.py:245 - INFO - ['第1集']
2026-09-03 01:06:15 - mkk_pika - main.py:348 - INFO - ==================== 漫画信息 ====================
                                   漫画ID：5c8b16a6b949727067079ccf
                                   标题：(C95)  NEKO★PUNCH vol.4 [全年龄]
                                   作者：WATA★PUNCH (Mauve, Kutata)
                                   是否完结：否
                                   总页数：17
                                   分类：短篇,同人,全彩
                                   章节数：1
                                   最后更新时间：2019-03-15T03:06:14.489Z
                                   =================================================
2026-09-03 01:06:15 - mkk_pika - database.py:101 - INFO - 保存成功：(C95)  NEKO★PUNCH vol.4 [全年龄]
2026-09-03 01:06:15 - mkk_pika - main.py:35 - INFO - 开始检查オオハシママと思春期むすこ!  | 大嘴鳥媽媽與思春期少年是否存在未下载章节
2026-09-03 01:06:15 - mkk_pika - main.py:45 - INFO - 正在下载:[オオハシママと思春期むすこ!  | 大嘴鳥媽媽與思春期少年]-[ぶぼにっく]-[['短篇']]-[total_pages:34]
2026-09-03 01:06:15 - mkk_pika - main.py:49 - INFO - [{'_id': '5c8b63bd0c639d3070fd0897', 'title': '全1集', 'order': 1, 'updated_at': '2019-03-15T08:18:06.884Z', 'id': '5c8b63bd0c639d3070fd0897'}]
2026-09-03 01:06:15 - mkk_pika - database.py:215 - INFO - 第一次下载该漫画，记录数据库中
2026-09-03 01:06:15 - mkk_pika - main.py:83 - INFO - 找到 34 张图片在:全1集
2026-09-03 01:06:17 - mkk_pika - main.py:112 - INFO - [episode:全1集       ] downloaded:    34, total:  34, progress:100%
2026-09-03 01:06:17 - mkk_pika - database.py:238 - INFO - 数据库更新已下载章节
2026-09-03 01:06:17 - mkk_pika - database.py:244 - INFO - 该漫画已下载章节如下
2026-09-03 01:06:17 - mkk_pika - database.py:245 - INFO - ['全1集']
2026-09-03 01:06:18 - mkk_pika - main.py:348 - INFO - ==================== 漫画信息 ====================
                                   漫画ID：5c8b63bd0c639d3070fd0896
                                   标题：オオハシママと思春期むすこ!  | 大嘴鳥媽媽與思春期少年
                                   作者：ぶぼにっく
                                   是否完结：是
                                   总页数：34
                                   分类：短篇
                                   章节数：1
                                   最后更新时间：2019-03-15T08:35:09.788Z
                                   =================================================
2026-09-03 01:06:18 - mkk_pika - database.py:101 - INFO - 保存成功：オオハシママと思春期むすこ!  | 大嘴鳥媽媽與思春期少年
2026-09-03 01:06:18 - mkk_pika - main.py:35 - INFO - 开始检查来週が楽しみで仕方ないというあの時の気持ち (ジュエルペット てぃんくる☆)是否存在未下载章节
2026-09-03 01:06:18 - mkk_pika - main.py:45 - INFO - 正在下载:[来週が楽しみで仕方ないというあの時の気持ち (ジュエルペット てぃんくる☆)]-[Vパン'sエクスタシー (左藤空気)]-[['短篇', '同人', '強暴']]-[total_pages:21]
2026-09-03 01:06:18 - mkk_pika - main.py:49 - INFO - [{'_id': '5c8cd6bb036aa556613c7bf9', 'title': '第1集', 'order': 1, 'updated_at': '2019-03-15T03:47:00.551Z', 'id': '5c8cd6bb036aa556613c7bf9'}]
2026-09-03 01:06:18 - mkk_pika - database.py:215 - INFO - 第一次下载该漫画，记录数据库中
2026-09-03 01:06:19 - mkk_pika - main.py:83 - INFO - 找到 21 张图片在:第1集
2026-09-03 01:06:19 - mkk_pika - main.py:112 - INFO - [episode:第1集       ] downloaded:    21, total:  21, progress:100%
2026-09-03 01:06:19 - mkk_pika - database.py:238 - INFO - 数据库更新已下载章节
2026-09-03 01:06:19 - mkk_pika - database.py:244 - INFO - 该漫画已下载章节如下
2026-09-03 01:06:19 - mkk_pika - database.py:245 - INFO - ['第1集']
2026-09-03 01:06:21 - mkk_pika - main.py:348 - INFO - ==================== 漫画信息 ====================
                                   漫画ID：5c8cd6bb036aa556613c7bf8
                                   标题：来週が楽しみで仕方ないというあの時の気持ち (ジュエルペット てぃんくる☆)
                                   作者：Vパン'sエクスタシー (左藤空気)
                                   是否完结：是
                                   总页数：21
                                   分类：短篇,同人,強暴
                                   章节数：1
                                   最后更新时间：2019-03-16T10:58:03.070Z
                                   =================================================
2026-09-03 01:06:21 - mkk_pika - database.py:101 - INFO - 保存成功：来週が楽しみで仕方ないというあの時の気持ち (ジュエルペット てぃんくる☆)
2026-09-03 01:06:21 - mkk_pika - main.py:35 - INFO - 开始检查おいでませ!オナホ妖精同好会是否存在未下载章节
2026-09-03 01:06:21 - mkk_pika - main.py:45 - INFO - 正在下载:[おいでませ!オナホ妖精同好会]-[dameningen+ (RIR)]-[['非人類', '強暴', '短篇', '純愛']]-[total_pages:29]
2026-09-03 01:06:21 - mkk_pika - main.py:49 - INFO - [{'_id': '5c8cd6d835b667306b187e7b', 'title': '第1集', 'order': 1, 'updated_at': '2019-03-15T06:51:08.575Z', 'id': '5c8cd6d835b667306b187e7b'}]
2026-09-03 01:06:21 - mkk_pika - database.py:215 - INFO - 第一次下载该漫画，记录数据库中
2026-09-03 01:06:22 - mkk_pika - main.py:83 - INFO - 找到 29 张图片在:第1集
2026-09-03 01:06:22 - mkk_pika - main.py:112 - INFO - [episode:第1集       ] downloaded:    29, total:  29, progress:100%
2026-09-03 01:06:22 - mkk_pika - database.py:238 - INFO - 数据库更新已下载章节
2026-09-03 01:06:22 - mkk_pika - database.py:244 - INFO - 该漫画已下载章节如下
2026-09-03 01:06:22 - mkk_pika - database.py:245 - INFO - ['第1集']
2026-09-03 01:06:24 - mkk_pika - main.py:348 - INFO - ==================== 漫画信息 ====================
                                   漫画ID：5c8cd6d835b667306b187e7a
                                   标题：おいでませ!オナホ妖精同好会
                                   作者：dameningen+ (RIR)
                                   是否完结：否
                                   总页数：29
                                   分类：非人類,強暴,短篇,純愛
                                   章节数：1
                                   最后更新时间：2019-03-16T10:58:32.235Z
                                   =================================================
2026-09-03 01:06:24 - mkk_pika - database.py:101 - INFO - 保存成功：おいでませ!オナホ妖精同好会
2026-09-03 01:06:24 - mkk_pika - main.py:35 - INFO - 开始检查背德の秘密レッスン (COMIC 阿吽 2015年3月号) [中国翻訳]是否存在未下载章节
2026-09-03 01:06:24 - mkk_pika - main.py:45 - INFO - 正在下载:[背德の秘密レッスン (COMIC 阿吽 2015年3月号) [中国翻訳]]-[桃吹リオ]-[['短篇', '人妻']]-[total_pages:24]
2026-09-03 01:06:24 - mkk_pika - main.py:49 - INFO - [{'_id': '5c8cd700b78b7e3059234396', 'title': '第1集', 'order': 1, 'updated_at': '2019-03-15T07:13:38.472Z', 'id': '5c8cd700b78b7e3059234396'}]
2026-09-03 01:06:24 - mkk_pika - database.py:215 - INFO - 第一次下载该漫画，记录数据库中
2026-09-03 01:06:25 - mkk_pika - main.py:83 - INFO - 找到 24 张图片在:第1集
2026-09-03 01:06:25 - mkk_pika - main.py:112 - INFO - [episode:第1集       ] downloaded:    24, total:  24, progress:100%
2026-09-03 01:06:25 - mkk_pika - database.py:238 - INFO - 数据库更新已下载章节
2026-09-03 01:06:25 - mkk_pika - database.py:244 - INFO - 该漫画已下载章节如下
2026-09-03 01:06:25 - mkk_pika - database.py:245 - INFO - ['第1集']
2026-09-03 01:06:27 - mkk_pika - main.py:348 - INFO - ==================== 漫画信息 ====================
                                   漫画ID：5c8cd700b78b7e3059234395
                                   标题：背德の秘密レッスン (COMIC 阿吽 2015年3月号) [中国翻訳]
                                   作者：桃吹リオ
                                   是否完结：是
                                   总页数：24
                                   分类：短篇,人妻
                                   章节数：1
                                   最后更新时间：2019-03-16T10:59:12.032Z
                                   =================================================
2026-09-03 01:06:27 - mkk_pika - database.py:101 - INFO - 保存成功：背德の秘密レッスン (COMIC 阿吽 2015年3月号) [中国翻訳]
2026-09-03 01:06:27 - mkk_pika - main.py:35 - INFO - 开始检查柳田先生の全裸授業 [中国翻訳]是否存在未下载章节
2026-09-03 01:06:27 - mkk_pika - main.py:45 - INFO - 正在下载:[柳田先生の全裸授業 [中国翻訳]]-[桃吹リオ]-[['短篇']]-[total_pages:9]
2026-09-03 01:06:27 - mkk_pika - main.py:49 - INFO - [{'_id': '5c8cd72e0c639d3070fd0d8e', 'title': '第1集', 'order': 1, 'updated_at': '2019-03-15T06:34:31.762Z', 'id': '5c8cd72e0c639d3070fd0d8e'}]
2026-09-03 01:06:27 - mkk_pika - database.py:215 - INFO - 第一次下载该漫画，记录数据库中
2026-09-03 01:06:28 - mkk_pika - main.py:83 - INFO - 找到 9 张图片在:第1集
2026-09-03 01:06:28 - mkk_pika - main.py:112 - INFO - [episode:第1集       ] downloaded:     9, total:   9, progress:100%
2026-09-03 01:06:28 - mkk_pika - database.py:238 - INFO - 数据库更新已下载章节
2026-09-03 01:06:28 - mkk_pika - database.py:244 - INFO - 该漫画已下载章节如下
2026-09-03 01:06:28 - mkk_pika - database.py:245 - INFO - ['第1集']
2026-09-03 01:06:30 - mkk_pika - main.py:348 - INFO - ==================== 漫画信息 ====================
                                   漫画ID：5c8cd72d0c639d3070fd0d8d
                                   标题：柳田先生の全裸授業 [中国翻訳]
                                   作者：桃吹リオ
                                   是否完结：是
                                   总页数：9
                                   分类：短篇
                                   章节数：1
                                   最后更新时间：2019-03-16T10:59:57.998Z
                                   =================================================
2026-09-03 01:06:30 - mkk_pika - database.py:101 - INFO - 保存成功：柳田先生の全裸授業 [中国翻訳]
2026-09-03 01:06:30 - mkk_pika - main.py:35 - INFO - 开始检查あんはっぴ-！？是否存在未下载章节
2026-09-03 01:06:30 - mkk_pika - main.py:45 - INFO - 正在下载:[あんはっぴ-！？]-[むふる]-[['短篇', '純愛']]-[total_pages:16]
2026-09-03 01:06:30 - mkk_pika - main.py:49 - INFO - [{'_id': '5c8cd7392f2937708d284fca', 'title': '第1集', 'order': 1, 'updated_at': '2019-03-15T07:38:16.044Z', 'id': '5c8cd7392f2937708d284fca'}]
2026-09-03 01:06:30 - mkk_pika - database.py:215 - INFO - 第一次下载该漫画，记录数据库中
2026-09-03 01:06:31 - mkk_pika - main.py:83 - INFO - 找到 16 张图片在:第1集
2026-09-03 01:06:31 - mkk_pika - main.py:112 - INFO - [episode:第1集       ] downloaded:    16, total:  16, progress:100%
2026-09-03 01:06:31 - mkk_pika - database.py:238 - INFO - 数据库更新已下载章节
2026-09-03 01:06:31 - mkk_pika - database.py:244 - INFO - 该漫画已下载章节如下
2026-09-03 01:06:31 - mkk_pika - database.py:245 - INFO - ['第1集']
2026-09-03 01:06:32 - mkk_pika - main.py:348 - INFO - ==================== 漫画信息 ====================
                                   漫画ID：5c8cd7392f2937708d284fc9
                                   标题：あんはっぴ-！？
                                   作者：むふる
                                   是否完结：是
                                   总页数：16
                                   分类：短篇,純愛
                                   章节数：1
                                   最后更新时间：2019-03-16T11:00:09.660Z
                                   =================================================
2026-09-03 01:06:32 - mkk_pika - database.py:101 - INFO - 保存成功：あんはっぴ-！？
2026-09-03 01:06:32 - mkk_pika - main.py:35 - INFO - 开始检查 いもうとはサキュバス是否存在未下载章节
2026-09-03 01:06:33 - mkk_pika - main.py:45 - INFO - 正在下载:[ いもうとはサキュバス]-[アレクササンダー (荒草まほん)]-[['短篇', '純愛', '妹妹系']]-[total_pages:30]
2026-09-03 01:06:33 - mkk_pika - main.py:49 - INFO - [{'_id': '5c8cd7772f2937708d284fdc', 'title': '第1集', 'order': 1, 'updated_at': '2019-03-15T08:49:18.215Z', 'id': '5c8cd7772f2937708d284fdc'}]
2026-09-03 01:06:33 - mkk_pika - database.py:215 - INFO - 第一次下载该漫画，记录数据库中
2026-09-03 01:06:33 - mkk_pika - main.py:83 - INFO - 找到 30 张图片在:第1集
2026-09-03 01:06:34 - mkk_pika - main.py:112 - INFO - [episode:第1集       ] downloaded:    30, total:  30, progress:100%
2026-09-03 01:06:34 - mkk_pika - database.py:238 - INFO - 数据库更新已下载章节
2026-09-03 01:06:34 - mkk_pika - database.py:244 - INFO - 该漫画已下载章节如下
2026-09-03 01:06:34 - mkk_pika - database.py:245 - INFO - ['第1集']
2026-09-03 01:06:35 - mkk_pika - main.py:348 - INFO - ==================== 漫画信息 ====================
                                   漫画ID：5c8cd7772f2937708d284fdb
                                   标题： いもうとはサキュバス
                                   作者：アレクササンダー (荒草まほん)
                                   是否完结：是
                                   总页数：30
                                   分类：短篇,純愛,妹妹系
                                   章节数：1
                                   最后更新时间：2019-03-16T11:01:11.371Z
                                   =================================================
2026-09-03 01:06:35 - mkk_pika - database.py:101 - INFO - 保存成功： いもうとはサキュバス
2026-09-03 01:06:35 - mkk_pika - main.py:35 - INFO - 开始检查僕らのヒミツ (コミックゼロス #41)[無修正]是否存在未下载章节
2026-09-03 01:06:36 - mkk_pika - main.py:45 - INFO - 正在下载:[僕らのヒミツ (コミックゼロス #41)[無修正]]-[飴沢狛]-[['短篇', '純愛', '姐姐系']]-[total_pages:26]
2026-09-03 01:06:36 - mkk_pika - main.py:49 - INFO - [{'_id': '5c8cd8183fda36563c113a30', 'title': '第1集', 'order': 1, 'updated_at': '2019-03-15T11:58:36.558Z', 'id': '5c8cd8183fda36563c113a30'}]
2026-09-03 01:06:36 - mkk_pika - database.py:215 - INFO - 第一次下载该漫画，记录数据库中
2026-09-03 01:06:36 - mkk_pika - main.py:83 - INFO - 找到 26 张图片在:第1集
2026-09-03 01:06:37 - mkk_pika - main.py:112 - INFO - [episode:第1集       ] downloaded:    26, total:  26, progress:100%
2026-09-03 01:06:37 - mkk_pika - database.py:238 - INFO - 数据库更新已下载章节
2026-09-03 01:06:37 - mkk_pika - database.py:244 - INFO - 该漫画已下载章节如下
2026-09-03 01:06:37 - mkk_pika - database.py:245 - INFO - ['第1集']
2026-09-03 01:06:39 - mkk_pika - main.py:348 - INFO - ==================== 漫画信息 ====================
                                   漫画ID：5c8cd8183fda36563c113a2f
                                   标题：僕らのヒミツ (コミックゼロス #41)[無修正]
                                   作者：飴沢狛
                                   是否完结：否
                                   总页数：26
                                   分类：短篇,純愛,姐姐系
                                   章节数：1
                                   最后更新时间：2019-03-16T11:03:52.308Z
                                   =================================================
2026-09-03 01:06:39 - mkk_pika - database.py:101 - INFO - 保存成功：僕らのヒミツ (コミックゼロス #41)[無修正]
2026-09-03 01:06:39 - mkk_pika - main.py:35 - INFO - 开始检查 ねぇ、…しよ♥ とらのあな購入特典8P小冊子 [中国翻訳]是否存在未下载章节
2026-09-03 01:06:39 - mkk_pika - main.py:45 - INFO - 正在下载:[ ねぇ、…しよ♥ とらのあな購入特典8P小冊子 [中国翻訳]]-[ピジャ]-[['短篇', '同人']]-[total_pages:9]
2026-09-03 01:06:39 - mkk_pika - main.py:49 - INFO - [{'_id': '5c8cd8433fda36563c113a4d', 'title': '第1集', 'order': 1, 'updated_at': '2019-03-15T12:38:17.944Z', 'id': '5c8cd8433fda36563c113a4d'}]
2026-09-03 01:06:39 - mkk_pika - database.py:215 - INFO - 第一次下载该漫画，记录数据库中
2026-09-03 01:06:40 - mkk_pika - main.py:83 - INFO - 找到 9 张图片在:第1集
2026-09-03 01:06:40 - mkk_pika - main.py:112 - INFO - [episode:第1集       ] downloaded:     9, total:   9, progress:100%
2026-09-03 01:06:40 - mkk_pika - database.py:238 - INFO - 数据库更新已下载章节
2026-09-03 01:06:40 - mkk_pika - database.py:244 - INFO - 该漫画已下载章节如下
2026-09-03 01:06:40 - mkk_pika - database.py:245 - INFO - ['第1集']
2026-09-03 01:06:41 - mkk_pika - main.py:348 - INFO - ==================== 漫画信息 ====================
                                   漫画ID：5c8cd8433fda36563c113a4c
                                   标题： ねぇ、…しよ♥ とらのあな購入特典8P小冊子 [中国翻訳]
                                   作者：ピジャ
                                   是否完结：是
                                   总页数：9
                                   分类：短篇,同人
                                   章节数：1
                                   最后更新时间：2019-03-16T11:04:35.689Z
                                   =================================================
2026-09-03 01:06:41 - mkk_pika - database.py:101 - INFO - 保存成功： ねぇ、…しよ♥ とらのあな購入特典8P小冊子 [中国翻訳]
2026-09-03 01:06:41 - mkk_pika - main.py:35 - INFO - 开始检查ドスケベ♡おねいちゃん 〜嵐山清花の場合〜 (COMIC ペンギンクラブ 2018年12月号) [中国翻訳] [DL版]是否存在未下载章节
2026-09-03 01:06:41 - mkk_pika - main.py:45 - INFO - 正在下载:[ドスケベ♡おねいちゃん 〜嵐山清花の場合〜 (COMIC ペンギンクラブ 2018年12月号) [中国翻訳] [DL版]]-[瀬奈陽太郎]-[['短篇', '全彩', '姐姐系']]-[total_pages:5]
2026-09-03 01:06:41 - mkk_pika - main.py:49 - INFO - [{'_id': '5c8cd85a14c7035660baf2aa', 'title': '第1集', 'order': 1, 'updated_at': '2019-03-15T12:42:48.351Z', 'id': '5c8cd85a14c7035660baf2aa'}]
2026-09-03 01:06:41 - mkk_pika - database.py:215 - INFO - 第一次下载该漫画，记录数据库中
2026-09-03 01:06:42 - mkk_pika - main.py:83 - INFO - 找到 5 张图片在:第1集
2026-09-03 01:06:42 - mkk_pika - main.py:112 - INFO - [episode:第1集       ] downloaded:     5, total:   5, progress:100%
2026-09-03 01:06:42 - mkk_pika - database.py:238 - INFO - 数据库更新已下载章节
2026-09-03 01:06:42 - mkk_pika - database.py:244 - INFO - 该漫画已下载章节如下
2026-09-03 01:06:42 - mkk_pika - database.py:245 - INFO - ['第1集']
2026-09-03 01:06:43 - mkk_pika - main.py:348 - INFO - ==================== 漫画信息 ====================
                                   漫画ID：5c8cd85a14c7035660baf2a9
                                   标题：ドスケベ♡おねいちゃん 〜嵐山清花の場合〜 (COMIC ペンギンクラブ 2018年12月号) [中国翻訳] [DL版]
                                   作者：瀬奈陽太郎
                                   是否完结：是
                                   总页数：5
                                   分类：短篇,全彩,姐姐系
                                   章节数：1
                                   最后更新时间：2019-03-16T11:04:58.692Z
                                   =================================================
2026-09-03 01:06:43 - mkk_pika - database.py:101 - INFO - 保存成功：ドスケベ♡おねいちゃん 〜嵐山清花の場合〜 (COMIC ペンギンクラブ 2018年12月号) [中国翻訳] [DL版]
2026-09-03 01:06:43 - mkk_pika - main.py:35 - INFO - 开始检查はらませフレンズ 內射授孕FRIENDS是否存在未下载章节
2026-09-03 01:06:44 - mkk_pika - main.py:45 - INFO - 正在下载:[はらませフレンズ 內射授孕FRIENDS]-[能都くるみ]-[['長篇', '純愛', '單行本', '後宮閃光', '姐姐系', '足の恋']]-[total_pages:193]
2026-09-03 01:06:44 - mkk_pika - main.py:49 - INFO - [{'_id': '5c8cd8842f2937708d285025', 'title': '終末的後宮社保版單行本', 'order': 1, 'updated_at': '2019-03-15T07:38:32.327Z', 'id': '5c8cd8842f2937708d285025'}]
2026-09-03 01:06:44 - mkk_pika - database.py:215 - INFO - 第一次下载该漫画，记录数据库中
2026-09-03 01:06:46 - mkk_pika - main.py:83 - INFO - 找到 193 张图片在:終末的後宮社保版單行本
2026-09-03 01:06:49 - mkk_pika - main.py:112 - INFO - [episode:終末的後宮社保版單行本] downloaded:   193, total: 193, progress:100%
2026-09-03 01:06:49 - mkk_pika - database.py:238 - INFO - 数据库更新已下载章节
2026-09-03 01:06:49 - mkk_pika - database.py:244 - INFO - 该漫画已下载章节如下
2026-09-03 01:06:49 - mkk_pika - database.py:245 - INFO - ['終末的後宮社保版單行本']
2026-09-03 01:06:51 - mkk_pika - main.py:348 - INFO - ==================== 漫画信息 ====================
                                   漫画ID：5c8cd8842f2937708d285024
                                   标题：はらませフレンズ 內射授孕FRIENDS
                                   作者：能都くるみ
                                   是否完结：是
                                   总页数：193
                                   分类：長篇,純愛,單行本,後宮閃光,姐姐系,足の恋
                                   章节数：1
                                   最后更新时间：2019-03-16T11:05:40.842Z
                                   =================================================
2026-09-03 01:06:51 - mkk_pika - database.py:101 - INFO - 保存成功：はらませフレンズ 內射授孕FRIENDS
2026-09-03 01:06:51 - mkk_pika - main.py:35 - INFO - 开始检查 かるでああうとどあちゃれんじ アビーちゃんと一緒2 (Fate Grand Order)（汉化）是否存在未下载章节
2026-09-03 01:06:51 - mkk_pika - main.py:45 - INFO - 正在下载:[ かるでああうとどあちゃれんじ アビーちゃんと一緒2 (Fate Grand Order)（汉化）]-[さくらがーでん (しろすず)]-[['短篇', '同人', 'Fate']]-[total_pages:24]
2026-09-03 01:06:51 - mkk_pika - main.py:49 - INFO - [{'_id': '5c8cd8ab1bb96f70997ff826', 'title': '第1集', 'order': 1, 'updated_at': '2019-03-15T13:14:38.851Z', 'id': '5c8cd8ab1bb96f70997ff826'}]
2026-09-03 01:06:51 - mkk_pika - database.py:215 - INFO - 第一次下载该漫画，记录数据库中
2026-09-03 01:06:52 - mkk_pika - main.py:83 - INFO - 找到 24 张图片在:第1集
2026-09-03 01:06:52 - mkk_pika - main.py:112 - INFO - [episode:第1集       ] downloaded:    24, total:  24, progress:100%
2026-09-03 01:06:52 - mkk_pika - database.py:238 - INFO - 数据库更新已下载章节
2026-09-03 01:06:52 - mkk_pika - database.py:244 - INFO - 该漫画已下载章节如下
2026-09-03 01:06:52 - mkk_pika - database.py:245 - INFO - ['第1集']
2026-09-03 01:06:53 - mkk_pika - main.py:348 - INFO - ==================== 漫画信息 ====================
                                   漫画ID：5c8cd8ab1bb96f70997ff825
                                   标题： かるでああうとどあちゃれんじ アビーちゃんと一緒2 (Fate Grand Order)（汉化）
                                   作者：さくらがーでん (しろすず)
                                   是否完结：是
                                   总页数：24
                                   分类：短篇,同人,Fate
                                   章节数：1
                                   最后更新时间：2019-03-16T11:06:19.529Z
                                   =================================================
2026-09-03 01:06:53 - mkk_pika - database.py:101 - INFO - 保存成功： かるでああうとどあちゃれんじ アビーちゃんと一緒2 (Fate Grand Order)（汉化）
2026-09-03 01:06:53 - mkk_pika - main.py:35 - INFO - 开始检查お金大好き幼稚園児、御金せびりちゃん（とお兄ちゃん）是否存在未下载章节
2026-09-03 01:06:54 - mkk_pika - main.py:45 - INFO - 正在下载:[お金大好き幼稚園児、御金せびりちゃん（とお兄ちゃん）]-[かにビーム]-[['短篇', '同人', '妹妹系']]-[total_pages:6]
2026-09-03 01:06:54 - mkk_pika - main.py:49 - INFO - [{'_id': '5c8cd8c00c639d3070fd0d9f', 'title': '第1集', 'order': 1, 'updated_at': '2019-03-15T13:22:30.877Z', 'id': '5c8cd8c00c639d3070fd0d9f'}]
2026-09-03 01:06:54 - mkk_pika - database.py:215 - INFO - 第一次下载该漫画，记录数据库中
2026-09-03 01:06:54 - mkk_pika - main.py:83 - INFO - 找到 6 张图片在:第1集
2026-09-03 01:06:55 - mkk_pika - main.py:112 - INFO - [episode:第1集       ] downloaded:     6, total:   6, progress:100%
2026-09-03 01:06:55 - mkk_pika - database.py:238 - INFO - 数据库更新已下载章节
2026-09-03 01:06:55 - mkk_pika - database.py:244 - INFO - 该漫画已下载章节如下
2026-09-03 01:06:55 - mkk_pika - database.py:245 - INFO - ['第1集']
2026-09-03 01:06:56 - mkk_pika - main.py:348 - INFO - ==================== 漫画信息 ====================
                                   漫画ID：5c8cd8c00c639d3070fd0d9e
                                   标题：お金大好き幼稚園児、御金せびりちゃん（とお兄ちゃん）
                                   作者：かにビーム
                                   是否完结：是
                                   总页数：6
                                   分类：短篇,同人,妹妹系
                                   章节数：1
                                   最后更新时间：2019-03-16T11:06:40.793Z
                                   =================================================
2026-09-03 01:06:56 - mkk_pika - database.py:101 - INFO - 保存成功：お金大好き幼稚園児、御金せびりちゃん（とお兄ちゃん）
2026-09-03 01:06:56 - mkk_pika - main.py:35 - INFO - 开始检查いちにちしれぇはん是否存在未下载章节
2026-09-03 01:06:56 - mkk_pika - main.py:45 - INFO - 正在下载:[いちにちしれぇはん]-[たけ家 (竹虎スズメ)]-[['同人', '短篇', '艦隊收藏']]-[total_pages:43]
2026-09-03 01:06:56 - mkk_pika - main.py:49 - INFO - [{'_id': '5b79745496b0861cf5084b8c', 'title': '生肉', 'order': 1, 'updated_at': '2019-03-16T11:06:55.077Z', 'id': '5b79745496b0861cf5084b8c'}, {'_id': '5c8cd8cf036aa556613c7c83', 'title': '熟肉', 'order': 2, 'updated_at': '2019-03-15T13:48:40.853Z', 'id': '5c8cd8cf036aa556613c7c83'}]
2026-09-03 01:06:56 - mkk_pika - database.py:215 - INFO - 第一次下载该漫画，记录数据库中
2026-09-03 01:06:57 - mkk_pika - main.py:83 - INFO - 找到 22 张图片在:生肉
2026-09-03 01:06:57 - mkk_pika - main.py:112 - INFO - [episode:生肉        ] downloaded:    22, total:  22, progress:100%
2026-09-03 01:06:57 - mkk_pika - database.py:238 - INFO - 数据库更新已下载章节
2026-09-03 01:06:57 - mkk_pika - database.py:244 - INFO - 该漫画已下载章节如下
2026-09-03 01:06:57 - mkk_pika - database.py:245 - INFO - ['生肉']
2026-09-03 01:06:59 - mkk_pika - main.py:83 - INFO - 找到 21 张图片在:熟肉
2026-09-03 01:07:00 - mkk_pika - main.py:112 - INFO - [episode:熟肉        ] downloaded:    21, total:  21, progress:100%
2026-09-03 01:07:00 - mkk_pika - database.py:238 - INFO - 数据库更新已下载章节
2026-09-03 01:07:00 - mkk_pika - database.py:244 - INFO - 该漫画已下载章节如下
2026-09-03 01:07:00 - mkk_pika - database.py:245 - INFO - ['生肉', '熟肉']
2026-09-03 01:07:01 - mkk_pika - main.py:348 - INFO - ==================== 漫画信息 ====================
                                   漫画ID：5b79745496b0861cf5084b8b
                                   标题：いちにちしれぇはん
                                   作者：たけ家 (竹虎スズメ)
                                   是否完结：否
                                   总页数：43
                                   分类：同人,短篇,艦隊收藏
                                   章节数：2
                                   最后更新时间：2019-03-16T11:06:55.051Z
                                   =================================================
2026-09-03 01:07:01 - mkk_pika - database.py:101 - INFO - 保存成功：いちにちしれぇはん
2026-09-03 01:07:01 - mkk_pika - main.py:35 - INFO - 开始检查ow猎空是否存在未下载章节
2026-09-03 01:07:01 - mkk_pika - main.py:375 - ERROR - Download failed for ow猎空, with Exception:'author'
2026-09-03 01:07:01 - mkk_pika - main.py:35 - INFO - 开始检查不良天人は女騎士の夢を見るか？是否存在未下载章节
2026-09-03 01:07:01 - mkk_pika - main.py:45 - INFO - 正在下载:[不良天人は女騎士の夢を見るか？]-[すきやきクラブ (孝治)]-[['同人', '短篇', '東方']]-[total_pages:82]
2026-09-03 01:07:01 - mkk_pika - main.py:49 - INFO - [{'_id': '5b7a6bc087d16b51c3c6047e', 'title': '生肉', 'order': 1, 'updated_at': '2019-03-16T11:07:14.011Z', 'id': '5b7a6bc087d16b51c3c6047e'}, {'_id': '5c8cd8e20c639d3070fd0da6', 'title': '熟肉', 'order': 2, 'updated_at': '2019-03-15T13:57:04.869Z', 'id': '5c8cd8e20c639d3070fd0da6'}]
2026-09-03 01:07:01 - mkk_pika - database.py:215 - INFO - 第一次下载该漫画，记录数据库中
2026-09-03 01:07:02 - mkk_pika - main.py:83 - INFO - 找到 40 张图片在:生肉
2026-09-03 01:07:03 - mkk_pika - main.py:112 - INFO - [episode:生肉        ] downloaded:    40, total:  40, progress:100%
2026-09-03 01:07:03 - mkk_pika - database.py:238 - INFO - 数据库更新已下载章节
2026-09-03 01:07:03 - mkk_pika - database.py:244 - INFO - 该漫画已下载章节如下
2026-09-03 01:07:03 - mkk_pika - database.py:245 - INFO - ['生肉']
2026-09-03 01:07:05 - mkk_pika - main.py:83 - INFO - 找到 42 张图片在:熟肉
2026-09-03 01:07:06 - mkk_pika - main.py:112 - INFO - [episode:熟肉        ] downloaded:    42, total:  42, progress:100%
2026-09-03 01:07:06 - mkk_pika - database.py:238 - INFO - 数据库更新已下载章节
2026-09-03 01:07:06 - mkk_pika - database.py:244 - INFO - 该漫画已下载章节如下
2026-09-03 01:07:06 - mkk_pika - database.py:245 - INFO - ['生肉', '熟肉']
2026-09-03 01:07:07 - mkk_pika - main.py:348 - INFO - ==================== 漫画信息 ====================
                                   漫画ID：5b7a6bc087d16b51c3c6047d
                                   标题：不良天人は女騎士の夢を見るか？
                                   作者：すきやきクラブ (孝治)
                                   是否完结：否
                                   总页数：82
                                   分类：同人,短篇,東方
                                   章节数：2
                                   最后更新时间：2019-03-16T11:07:13.995Z
                                   =================================================
2026-09-03 01:07:07 - mkk_pika - database.py:101 - INFO - 保存成功：不良天人は女騎士の夢を見るか？
2026-09-03 01:07:07 - mkk_pika - main.py:35 - INFO - 开始检查(C95)  憧れのお姉さんが兄嫁になった [中国翻訳]是否存在未下载章节
2026-09-03 01:07:07 - mkk_pika - main.py:45 - INFO - 正在下载:[(C95)  憧れのお姉さんが兄嫁になった [中国翻訳]]-[LV.X+ (柚木N')]-[['短篇', '人妻']]-[total_pages:28]
2026-09-03 01:07:07 - mkk_pika - main.py:49 - INFO - [{'_id': '5c8cd8f5a1430c5634c87cd3', 'title': '第1集', 'order': 1, 'updated_at': '2019-03-15T14:07:00.700Z', 'id': '5c8cd8f5a1430c5634c87cd3'}]
2026-09-03 01:07:07 - mkk_pika - database.py:215 - INFO - 第一次下载该漫画，记录数据库中
2026-09-03 01:07:08 - mkk_pika - main.py:83 - INFO - 找到 28 张图片在:第1集
2026-09-03 01:07:09 - mkk_pika - main.py:112 - INFO - [episode:第1集       ] downloaded:    28, total:  28, progress:100%
2026-09-03 01:07:09 - mkk_pika - database.py:238 - INFO - 数据库更新已下载章节
2026-09-03 01:07:09 - mkk_pika - database.py:244 - INFO - 该漫画已下载章节如下
2026-09-03 01:07:09 - mkk_pika - database.py:245 - INFO - ['第1集']
2026-09-03 01:07:10 - mkk_pika - main.py:348 - INFO - ==================== 漫画信息 ====================
                                   漫画ID：5c8cd8f5a1430c5634c87cd2
                                   标题：(C95)  憧れのお姉さんが兄嫁になった [中国翻訳]
                                   作者：LV.X+ (柚木N')
                                   是否完结：是
                                   总页数：28
                                   分类：短篇,人妻
                                   章节数：1
                                   最后更新时间：2019-03-16T11:07:33.342Z
                                   =================================================
2026-09-03 01:07:10 - mkk_pika - database.py:101 - INFO - 保存成功：(C95)  憧れのお姉さんが兄嫁になった [中国翻訳]
2026-09-03 01:07:10 - mkk_pika - main.py:35 - INFO - 开始检查迫真戦車道部 継続の裏技 (ガールズ&パンツァー) [中国翻訳]是否存在未下载章节
2026-09-03 01:07:10 - mkk_pika - main.py:45 - INFO - 正在下载:[迫真戦車道部 継続の裏技 (ガールズ&パンツァー) [中国翻訳]]-[おぶせっしょん! (ひょうが。)]-[['短篇', '同人', '百合花園', '純愛', '扶他樂園', '強暴']]-[total_pages:19]
2026-09-03 01:07:10 - mkk_pika - main.py:49 - INFO - [{'_id': '5c8cd901036aa556613c7c9a', 'title': '第1集', 'order': 1, 'updated_at': '2019-03-15T14:16:57.867Z', 'id': '5c8cd901036aa556613c7c9a'}]
2026-09-03 01:07:10 - mkk_pika - database.py:215 - INFO - 第一次下载该漫画，记录数据库中
2026-09-03 01:07:11 - mkk_pika - main.py:83 - INFO - 找到 19 张图片在:第1集
2026-09-03 01:07:11 - mkk_pika - main.py:112 - INFO - [episode:第1集       ] downloaded:    19, total:  19, progress:100%
2026-09-03 01:07:11 - mkk_pika - database.py:238 - INFO - 数据库更新已下载章节
2026-09-03 01:07:11 - mkk_pika - database.py:244 - INFO - 该漫画已下载章节如下
2026-09-03 01:07:11 - mkk_pika - database.py:245 - INFO - ['第1集']
2026-09-03 01:07:13 - mkk_pika - main.py:348 - INFO - ==================== 漫画信息 ====================
                                   漫画ID：5c8cd901036aa556613c7c99
                                   标题：迫真戦車道部 継続の裏技 (ガールズ&パンツァー) [中国翻訳]
                                   作者：おぶせっしょん! (ひょうが。)
                                   是否完结：是
                                   总页数：19
                                   分类：短篇,同人,百合花園,純愛,扶他樂園,強暴
                                   章节数：1
                                   最后更新时间：2019-03-16T11:07:45.830Z
                                   =================================================
2026-09-03 01:07:13 - mkk_pika - database.py:101 - INFO - 保存成功：迫真戦車道部 継続の裏技 (ガールズ&パンツァー) [中国翻訳]
2026-09-03 01:07:13 - mkk_pika - main.py:35 - INFO - 开始检查せっかくマシュとデートするのに大雨になってしまった (Fate Grand Order)是否存在未下载章节
2026-09-03 01:07:13 - mkk_pika - main.py:45 - INFO - 正在下载:[せっかくマシュとデートするのに大雨になってしまった (Fate Grand Order)]-[俺企鵝 (拉麺企鵝)]-[['短篇', '同人', 'Fate']]-[total_pages:27]
2026-09-03 01:07:13 - mkk_pika - main.py:49 - INFO - [{'_id': '5c8cd90c7137146cb706869c', 'title': '第1集', 'order': 1, 'updated_at': '2019-03-15T14:51:10.128Z', 'id': '5c8cd90c7137146cb706869c'}]
2026-09-03 01:07:13 - mkk_pika - database.py:215 - INFO - 第一次下载该漫画，记录数据库中
2026-09-03 01:07:14 - mkk_pika - main.py:83 - INFO - 找到 27 张图片在:第1集
2026-09-03 01:07:14 - mkk_pika - main.py:112 - INFO - [episode:第1集       ] downloaded:    27, total:  27, progress:100%
2026-09-03 01:07:14 - mkk_pika - database.py:238 - INFO - 数据库更新已下载章节
2026-09-03 01:07:14 - mkk_pika - database.py:244 - INFO - 该漫画已下载章节如下
2026-09-03 01:07:14 - mkk_pika - database.py:245 - INFO - ['第1集']
2026-09-03 01:07:16 - mkk_pika - main.py:348 - INFO - ==================== 漫画信息 ====================
                                   漫画ID：5c8cd90c7137146cb706869b
                                   标题：せっかくマシュとデートするのに大雨になってしまった (Fate Grand Order)
                                   作者：俺企鵝 (拉麺企鵝)
                                   是否完结：是
                                   总页数：27
                                   分类：短篇,同人,Fate
                                   章节数：1
                                   最后更新时间：2019-03-16T11:07:55.999Z
                                   =================================================
2026-09-03 01:07:16 - mkk_pika - database.py:101 - INFO - 保存成功：せっかくマシュとデートするのに大雨になってしまった (Fate Grand Order)
2026-09-03 01:07:16 - mkk_pika - main.py:35 - INFO - 开始检查(COMIC1☆13) ずっぽし淫フェルノ 是否存在未下载章节
2026-09-03 01:07:16 - mkk_pika - main.py:45 - INFO - 正在下载:[(COMIC1☆13) ずっぽし淫フェルノ ]-[たぬきんぐすりーぷ (ドラチェフ)]-[['同人', '短篇', '人妻', 'Fate']]-[total_pages:49]
2026-09-03 01:07:16 - mkk_pika - main.py:49 - INFO - [{'_id': '5c0bc9415a84c7393ef602ed', 'title': '第1集', 'order': 1, 'updated_at': '2018-11-15T03:09:58.442Z', 'id': '5c0bc9415a84c7393ef602ed'}, {'_id': '5c8cd931036aa556613c7caf', 'title': '追加', 'order': 2, 'updated_at': '2019-04-18T10:00:43.267Z', 'id': '5c8cd931036aa556613c7caf'}]
2026-09-03 01:07:16 - mkk_pika - database.py:215 - INFO - 第一次下载该漫画，记录数据库中
2026-09-03 01:07:16 - mkk_pika - main.py:83 - INFO - 找到 26 张图片在:第1集
2026-09-03 01:07:17 - mkk_pika - main.py:112 - INFO - [episode:第1集       ] downloaded:    26, total:  26, progress:100%
2026-09-03 01:07:17 - mkk_pika - database.py:238 - INFO - 数据库更新已下载章节
2026-09-03 01:07:17 - mkk_pika - database.py:244 - INFO - 该漫画已下载章节如下
2026-09-03 01:07:17 - mkk_pika - database.py:245 - INFO - ['第1集']
2026-09-03 01:07:19 - mkk_pika - main.py:83 - INFO - 找到 23 张图片在:追加
2026-09-03 01:07:19 - mkk_pika - main.py:112 - INFO - [episode:追加        ] downloaded:    23, total:  23, progress:100%
2026-09-03 01:07:19 - mkk_pika - database.py:238 - INFO - 数据库更新已下载章节
2026-09-03 01:07:19 - mkk_pika - database.py:244 - INFO - 该漫画已下载章节如下
2026-09-03 01:07:19 - mkk_pika - database.py:245 - INFO - ['第1集', '追加']
2026-09-03 01:07:21 - mkk_pika - main.py:348 - INFO - ==================== 漫画信息 ====================
                                   漫画ID：5c0bc9415a84c7393ef602ec
                                   标题：(COMIC1☆13) ずっぽし淫フェルノ 
                                   作者：たぬきんぐすりーぷ (ドラチェフ)
                                   是否完结：是
                                   总页数：49
                                   分类：同人,短篇,人妻,Fate
                                   章节数：2
                                   最后更新时间：2019-03-16T11:08:33.859Z
                                   =================================================
2026-09-03 01:07:21 - mkk_pika - database.py:101 - INFO - 保存成功：(COMIC1☆13) ずっぽし淫フェルノ 
2026-09-03 01:07:21 - mkk_pika - main.py:35 - INFO - 开始检查少女用少女 プリキュアアラモード編 (キラキラ☆プリキュアアラモード)是否存在未下载章节
2026-09-03 01:07:21 - mkk_pika - main.py:45 - INFO - 正在下载:[少女用少女 プリキュアアラモード編 (キラキラ☆プリキュアアラモード)]-[チョコレート・ショップ (CHOCO)]-[['短篇', '同人', '非人類']]-[total_pages:36]
2026-09-03 01:07:21 - mkk_pika - main.py:49 - INFO - [{'_id': '5c8cd94226e04a6cafdc31cb', 'title': '第1集', 'order': 1, 'updated_at': '2019-03-15T17:20:39.079Z', 'id': '5c8cd94226e04a6cafdc31cb'}]
2026-09-03 01:07:21 - mkk_pika - database.py:215 - INFO - 第一次下载该漫画，记录数据库中
2026-09-03 01:07:22 - mkk_pika - main.py:83 - INFO - 找到 36 张图片在:第1集
2026-09-03 01:07:23 - mkk_pika - main.py:112 - INFO - [episode:第1集       ] downloaded:    36, total:  36, progress:100%
2026-09-03 01:07:23 - mkk_pika - database.py:238 - INFO - 数据库更新已下载章节
2026-09-03 01:07:23 - mkk_pika - database.py:244 - INFO - 该漫画已下载章节如下
2026-09-03 01:07:23 - mkk_pika - database.py:245 - INFO - ['第1集']
2026-09-03 01:07:24 - mkk_pika - main.py:348 - INFO - ==================== 漫画信息 ====================
                                   漫画ID：5c8cd94226e04a6cafdc31ca
                                   标题：少女用少女 プリキュアアラモード編 (キラキラ☆プリキュアアラモード)
                                   作者：チョコレート・ショップ (CHOCO)
                                   是否完结：是
                                   总页数：36
                                   分类：短篇,同人,非人類
                                   章节数：1
                                   最后更新时间：2019-03-16T11:08:50.747Z
                                   =================================================
2026-09-03 01:07:24 - mkk_pika - database.py:101 - INFO - 保存成功：少女用少女 プリキュアアラモード編 (キラキラ☆プリキュアアラモード)
2026-09-03 01:07:24 - mkk_pika - main.py:35 - INFO - 开始检查ふた娘に悪戯しちゃいけません -安藤恵編是否存在未下载章节
2026-09-03 01:07:24 - mkk_pika - main.py:45 - INFO - 正在下载:[ふた娘に悪戯しちゃいけません -安藤恵編]-[Contamination (eigetu)]-[['短篇', '扶他樂園']]-[total_pages:21]
2026-09-03 01:07:24 - mkk_pika - main.py:49 - INFO - [{'_id': '5c8cd94e3fda36563c113b31', 'title': '第1集', 'order': 1, 'updated_at': '2019-03-15T17:26:31.815Z', 'id': '5c8cd94e3fda36563c113b31'}]
2026-09-03 01:07:24 - mkk_pika - database.py:215 - INFO - 第一次下载该漫画，记录数据库中
2026-09-03 01:07:25 - mkk_pika - main.py:83 - INFO - 找到 21 张图片在:第1集
2026-09-03 01:07:25 - mkk_pika - main.py:112 - INFO - [episode:第1集       ] downloaded:    21, total:  21, progress:100%
2026-09-03 01:07:25 - mkk_pika - database.py:238 - INFO - 数据库更新已下载章节
2026-09-03 01:07:25 - mkk_pika - database.py:244 - INFO - 该漫画已下载章节如下
2026-09-03 01:07:25 - mkk_pika - database.py:245 - INFO - ['第1集']
2026-09-03 01:07:27 - mkk_pika - main.py:348 - INFO - ==================== 漫画信息 ====================
                                   漫画ID：5c8cd94e3fda36563c113b30
                                   标题：ふた娘に悪戯しちゃいけません -安藤恵編
                                   作者：Contamination (eigetu)
                                   是否完结：是
                                   总页数：21
                                   分类：短篇,扶他樂園
                                   章节数：1
                                   最后更新时间：2019-03-16T11:09:02.539Z
                                   =================================================
2026-09-03 01:07:27 - mkk_pika - database.py:101 - INFO - 保存成功：ふた娘に悪戯しちゃいけません -安藤恵編
2026-09-03 01:07:27 - mkk_pika - main.py:35 - INFO - 开始检查くーねるすまた4 (くーねるまるた)是否存在未下载章节
2026-09-03 01:07:27 - mkk_pika - main.py:45 - INFO - 正在下载:[くーねるすまた4 (くーねるまるた)]-[ろいやるびっち (haruhisky)]-[['同人', '短篇']]-[total_pages:22]
2026-09-03 01:07:27 - mkk_pika - main.py:49 - INFO - [{'_id': '5c8cd9d226e04a6cafdc3200', 'title': '第1集', 'order': 1, 'updated_at': '2019-03-16T01:38:13.457Z', 'id': '5c8cd9d226e04a6cafdc3200'}]
2026-09-03 01:07:27 - mkk_pika - database.py:215 - INFO - 第一次下载该漫画，记录数据库中
2026-09-03 01:07:27 - mkk_pika - main.py:83 - INFO - 找到 22 张图片在:第1集
2026-09-03 01:07:28 - mkk_pika - main.py:112 - INFO - [episode:第1集       ] downloaded:    22, total:  22, progress:100%
2026-09-03 01:07:28 - mkk_pika - database.py:238 - INFO - 数据库更新已下载章节
2026-09-03 01:07:28 - mkk_pika - database.py:244 - INFO - 该漫画已下载章节如下
2026-09-03 01:07:28 - mkk_pika - database.py:245 - INFO - ['第1集']
2026-09-03 01:07:29 - mkk_pika - main.py:348 - INFO - ==================== 漫画信息 ====================
                                   漫画ID：5c8cd9d226e04a6cafdc31ff
                                   标题：くーねるすまた4 (くーねるまるた)
                                   作者：ろいやるびっち (haruhisky)
                                   是否完结：是
                                   总页数：22
                                   分类：同人,短篇
                                   章节数：1
                                   最后更新时间：2019-03-16T11:11:14.807Z
                                   =================================================
2026-09-03 01:07:29 - mkk_pika - database.py:101 - INFO - 保存成功：くーねるすまた4 (くーねるまるた)
2026-09-03 01:07:29 - mkk_pika - main.py:35 - INFO - 开始检查(C89) くーねるすまた3 (くーねるまるた)是否存在未下载章节
2026-09-03 01:07:30 - mkk_pika - main.py:45 - INFO - 正在下载:[(C89) くーねるすまた3 (くーねるまるた)]-[ろいやるびっち (haruhisky)]-[['短篇', '同人']]-[total_pages:25]
2026-09-03 01:07:30 - mkk_pika - main.py:49 - INFO - [{'_id': '5c8cd9e3633a456cdee7118f', 'title': '第1集', 'order': 1, 'updated_at': '2019-03-16T01:49:23.130Z', 'id': '5c8cd9e3633a456cdee7118f'}]
2026-09-03 01:07:30 - mkk_pika - database.py:215 - INFO - 第一次下载该漫画，记录数据库中
2026-09-03 01:07:30 - mkk_pika - main.py:83 - INFO - 找到 25 张图片在:第1集
2026-09-03 01:07:31 - mkk_pika - main.py:112 - INFO - [episode:第1集       ] downloaded:    25, total:  25, progress:100%
2026-09-03 01:07:31 - mkk_pika - database.py:238 - INFO - 数据库更新已下载章节
2026-09-03 01:07:31 - mkk_pika - database.py:244 - INFO - 该漫画已下载章节如下
2026-09-03 01:07:31 - mkk_pika - database.py:245 - INFO - ['第1集']
2026-09-03 01:07:32 - mkk_pika - main.py:348 - INFO - ==================== 漫画信息 ====================
                                   漫画ID：5c8cd9e3633a456cdee7118e
                                   标题：(C89) くーねるすまた3 (くーねるまるた)
                                   作者：ろいやるびっち (haruhisky)
                                   是否完结：是
                                   总页数：25
                                   分类：短篇,同人
                                   章节数：1
                                   最后更新时间：2019-03-16T11:11:31.682Z
                                   =================================================
2026-09-03 01:07:32 - mkk_pika - database.py:101 - INFO - 保存成功：(C89) くーねるすまた3 (くーねるまるた)
2026-09-03 01:07:32 - mkk_pika - main.py:35 - INFO - 开始检查幻想娘百科事典是否存在未下载章节
2026-09-03 01:07:32 - mkk_pika - main.py:45 - INFO - 正在下载:[幻想娘百科事典]-[柚木貴]-[['長篇', '純愛', '單行本', '非人類']]-[total_pages:126]
2026-09-03 01:07:32 - mkk_pika - main.py:49 - INFO - [{'_id': '5c166e3c40b3b2227d07250b', 'title': '目录', 'order': 1, 'updated_at': '2018-12-16T01:09:21.820Z', 'id': '5c166e3c40b3b2227d07250b'}, {'_id': '5c166e3c40b3b2227d07250c', 'title': '第1集', 'order': 2, 'updated_at': '2018-12-15T22:01:33.672Z', 'id': '5c166e3c40b3b2227d07250c'}, {'_id': '5c166e3c40b3b2227d07250d', 'title': '第2集', 'order': 3, 'updated_at': '2018-12-16T01:04:03.176Z', 'id': '5c166e3c40b3b2227d07250d'}, {'_id': '5c166e3c40b3b2227d07250e', 'title': '第3集', 'order': 4, 'updated_at': '2018-12-19T02:41:01.080Z', 'id': '5c166e3c40b3b2227d07250e'}, {'_id': '5c166e3c40b3b2227d07250f', 'title': '第4集', 'order': 5, 'updated_at': '2018-12-16T01:20:45.600Z', 'id': '5c166e3c40b3b2227d07250f'}, {'_id': '5c19afbd30ed6e33757db14b', 'title': '第5集', 'order': 6, 'updated_at': '2018-12-17T01:51:28.217Z', 'id': '5c19afbd30ed6e33757db14b'}, {'_id': '5c19afbd30ed6e33757db14c', 'title': '第6集', 'order': 7, 'updated_at': '2018-12-17T07:02:28.071Z', 'id': '5c19afbd30ed6e33757db14c'}, {'_id': '5c248a698832d260ab5f998e', 'title': '第7集', 'order': 8, 'updated_at': '2018-12-27T03:15:36.148Z', 'id': '5c248a698832d260ab5f998e'}, {'_id': '5c8cda4414c7035660baf2d1', 'title': '第8集（有微雷）', 'order': 9, 'updated_at': '2019-03-16T01:35:34.784Z', 'id': '5c8cda4414c7035660baf2d1'}, {'_id': '5c8cda4414c7035660baf2d2', 'title': '第9集（雷）', 'order': 10, 'updated_at': '2019-03-16T02:10:40.092Z', 'id': '5c8cda4414c7035660baf2d2'}, {'_id': '5c8cda4414c7035660baf2d3', 'title': '第10集', 'order': 11, 'updated_at': '2019-03-16T03:38:05.744Z', 'id': '5c8cda4414c7035660baf2d3'}, {'_id': '5c8cda4414c7035660baf2d4', 'title': '附赠', 'order': 12, 'updated_at': '2019-03-16T03:42:54.792Z', 'id': '5c8cda4414c7035660baf2d4'}, {'_id': '5c8cda4414c7035660baf2d5', 'title': '尾页+彩图+新本预告', 'order': 13, 'updated_at': '2019-03-16T04:43:37.332Z', 'id': '5c8cda4414c7035660baf2d5'}]
2026-09-03 01:07:32 - mkk_pika - database.py:215 - INFO - 第一次下载该漫画，记录数据库中
2026-09-03 01:07:33 - mkk_pika - main.py:83 - INFO - 找到 4 张图片在:目录
2026-09-03 01:07:33 - mkk_pika - main.py:112 - INFO - [episode:目录        ] downloaded:     4, total:   4, progress:100%
2026-09-03 01:07:33 - mkk_pika - database.py:238 - INFO - 数据库更新已下载章节
2026-09-03 01:07:33 - mkk_pika - database.py:244 - INFO - 该漫画已下载章节如下
2026-09-03 01:07:33 - mkk_pika - database.py:245 - INFO - ['目录']
2026-09-03 01:07:35 - mkk_pika - main.py:83 - INFO - 找到 12 张图片在:第1集
2026-09-03 01:07:35 - mkk_pika - main.py:112 - INFO - [episode:第1集       ] downloaded:    12, total:  12, progress:100%
2026-09-03 01:07:35 - mkk_pika - database.py:238 - INFO - 数据库更新已下载章节
2026-09-03 01:07:35 - mkk_pika - database.py:244 - INFO - 该漫画已下载章节如下
2026-09-03 01:07:35 - mkk_pika - database.py:245 - INFO - ['目录', '第1集']
2026-09-03 01:07:37 - mkk_pika - main.py:83 - INFO - 找到 16 张图片在:第2集
2026-09-03 01:07:37 - mkk_pika - main.py:112 - INFO - [episode:第2集       ] downloaded:    16, total:  16, progress:100%
2026-09-03 01:07:37 - mkk_pika - database.py:238 - INFO - 数据库更新已下载章节
2026-09-03 01:07:37 - mkk_pika - database.py:244 - INFO - 该漫画已下载章节如下
2026-09-03 01:07:37 - mkk_pika - database.py:245 - INFO - ['目录', '第1集', '第2集']
2026-09-03 01:07:39 - mkk_pika - main.py:83 - INFO - 找到 17 张图片在:第3集
2026-09-03 01:07:39 - mkk_pika - main.py:112 - INFO - [episode:第3集       ] downloaded:    17, total:  17, progress:100%
2026-09-03 01:07:39 - mkk_pika - database.py:238 - INFO - 数据库更新已下载章节
2026-09-03 01:07:39 - mkk_pika - database.py:244 - INFO - 该漫画已下载章节如下
2026-09-03 01:07:39 - mkk_pika - database.py:245 - INFO - ['目录', '第1集', '第2集', '第3集']
2026-09-03 01:07:41 - mkk_pika - main.py:83 - INFO - 找到 16 张图片在:第4集
2026-09-03 01:07:41 - mkk_pika - main.py:112 - INFO - [episode:第4集       ] downloaded:    16, total:  16, progress:100%
2026-09-03 01:07:41 - mkk_pika - database.py:238 - INFO - 数据库更新已下载章节
2026-09-03 01:07:41 - mkk_pika - database.py:244 - INFO - 该漫画已下载章节如下
2026-09-03 01:07:41 - mkk_pika - database.py:245 - INFO - ['目录', '第1集', '第2集', '第3集', '第4集']
2026-09-03 01:07:43 - mkk_pika - main.py:83 - INFO - 找到 16 张图片在:第5集
2026-09-03 01:07:43 - mkk_pika - main.py:112 - INFO - [episode:第5集       ] downloaded:    16, total:  16, progress:100%
2026-09-03 01:07:43 - mkk_pika - database.py:238 - INFO - 数据库更新已下载章节
2026-09-03 01:07:43 - mkk_pika - database.py:244 - INFO - 该漫画已下载章节如下
2026-09-03 01:07:43 - mkk_pika - database.py:245 - INFO - ['目录', '第1集', '第2集', '第3集', '第4集', '第5集']
2026-09-03 01:07:45 - mkk_pika - main.py:83 - INFO - 找到 16 张图片在:第6集
2026-09-03 01:07:46 - mkk_pika - main.py:112 - INFO - [episode:第6集       ] downloaded:    16, total:  16, progress:100%
2026-09-03 01:07:46 - mkk_pika - database.py:238 - INFO - 数据库更新已下载章节
2026-09-03 01:07:46 - mkk_pika - database.py:244 - INFO - 该漫画已下载章节如下
2026-09-03 01:07:46 - mkk_pika - database.py:245 - INFO - ['目录', '第1集', '第2集', '第3集', '第4集', '第5集', '第6集']
2026-09-03 01:07:47 - mkk_pika - main.py:83 - INFO - 找到 16 张图片在:第7集
2026-09-03 01:07:48 - mkk_pika - main.py:112 - INFO - [episode:第7集       ] downloaded:    16, total:  16, progress:100%
2026-09-03 01:07:48 - mkk_pika - database.py:238 - INFO - 数据库更新已下载章节
2026-09-03 01:07:48 - mkk_pika - database.py:244 - INFO - 该漫画已下载章节如下
2026-09-03 01:07:48 - mkk_pika - database.py:245 - INFO - ['目录', '第1集', '第2集', '第3集', '第4集', '第5集', '第6集', '第7集']
2026-09-03 01:07:49 - mkk_pika - main.py:83 - INFO - 找到 16 张图片在:第8集（有微雷）
2026-09-03 01:07:50 - mkk_pika - main.py:112 - INFO - [episode:第8集（有微雷）  ] downloaded:    16, total:  16, progress:100%
2026-09-03 01:07:50 - mkk_pika - database.py:238 - INFO - 数据库更新已下载章节
2026-09-03 01:07:50 - mkk_pika - database.py:244 - INFO - 该漫画已下载章节如下
2026-09-03 01:07:50 - mkk_pika - database.py:245 - INFO - ['目录', '第1集', '第2集', '第3集', '第4集', '第5集', '第6集', '第7集', '第8集（有微雷）']
2026-09-03 01:07:51 - mkk_pika - main.py:83 - INFO - 找到 16 张图片在:第9集（雷）
2026-09-03 01:07:52 - mkk_pika - main.py:112 - INFO - [episode:第9集（雷）    ] downloaded:    16, total:  16, progress:100%
2026-09-03 01:07:52 - mkk_pika - database.py:238 - INFO - 数据库更新已下载章节
2026-09-03 01:07:52 - mkk_pika - database.py:244 - INFO - 该漫画已下载章节如下
2026-09-03 01:07:52 - mkk_pika - database.py:245 - INFO - ['目录', '第1集', '第2集', '第3集', '第4集', '第5集', '第6集', '第7集', '第8集（有微雷）', '第9集（雷）']
2026-09-03 01:07:53 - mkk_pika - main.py:83 - INFO - 找到 12 张图片在:第10集
2026-09-03 01:07:54 - mkk_pika - main.py:112 - INFO - [episode:第10集      ] downloaded:    12, total:  12, progress:100%
2026-09-03 01:07:54 - mkk_pika - database.py:238 - INFO - 数据库更新已下载章节
2026-09-03 01:07:54 - mkk_pika - database.py:244 - INFO - 该漫画已下载章节如下
2026-09-03 01:07:54 - mkk_pika - database.py:245 - INFO - ['目录', '第1集', '第2集', '第3集', '第4集', '第5集', '第6集', '第7集', '第8集（有微雷）', '第9集（雷）', '第10集']
2026-09-03 01:07:55 - mkk_pika - main.py:83 - INFO - 找到 4 张图片在:附赠
2026-09-03 01:07:56 - mkk_pika - main.py:112 - INFO - [episode:附赠        ] downloaded:     4, total:   4, progress:100%
2026-09-03 01:07:56 - mkk_pika - database.py:238 - INFO - 数据库更新已下载章节
2026-09-03 01:07:56 - mkk_pika - database.py:244 - INFO - 该漫画已下载章节如下
2026-09-03 01:07:56 - mkk_pika - database.py:245 - INFO - ['目录', '第1集', '第2集', '第3集', '第4集', '第5集', '第6集', '第7集', '第8集（有微雷）', '第9集（雷）', '第10集', '附赠']
2026-09-03 01:07:57 - mkk_pika - main.py:83 - INFO - 找到 17 张图片在:尾页+彩图+新本预告
2026-09-03 01:07:58 - mkk_pika - main.py:112 - INFO - [episode:尾页+彩图+新本预告] downloaded:    17, total:  17, progress:100%
2026-09-03 01:07:58 - mkk_pika - database.py:238 - INFO - 数据库更新已下载章节
2026-09-03 01:07:58 - mkk_pika - database.py:244 - INFO - 该漫画已下载章节如下
2026-09-03 01:07:58 - mkk_pika - database.py:245 - INFO - ['目录', '第1集', '第2集', '第3集', '第4集', '第5集', '第6集', '第7集', '第8集（有微雷）', '第9集（雷）', '第10集', '附赠', '尾页+彩图+新本预告']
2026-09-03 01:07:59 - mkk_pika - main.py:348 - INFO - ==================== 漫画信息 ====================
                                   漫画ID：5c166e3c40b3b2227d07250a
                                   标题：幻想娘百科事典
                                   作者：柚木貴
                                   是否完结：是
                                   总页数：126
                                   分类：長篇,純愛,單行本,非人類
                                   章节数：13
                                   最后更新时间：2019-03-16T11:13:08.919Z
                                   =================================================
2026-09-03 01:07:59 - mkk_pika - database.py:101 - INFO - 保存成功：幻想娘百科事典
2026-09-03 01:07:59 - mkk_pika - main.py:35 - INFO - 开始检查アニラといっしょ (グランブルーファンタジー)是否存在未下载章节
2026-09-03 01:07:59 - mkk_pika - main.py:45 - INFO - 正在下载:[アニラといっしょ (グランブルーファンタジー)]-[脳内液汁 (ソメジマ)]-[['短篇', '同人', '碧藍幻想']]-[total_pages:9]
2026-09-03 01:07:59 - mkk_pika - main.py:49 - INFO - [{'_id': '5c8cda605ce22c305f0fda64', 'title': '第1集', 'order': 1, 'updated_at': '2019-03-16T07:05:41.483Z', 'id': '5c8cda605ce22c305f0fda64'}]
2026-09-03 01:07:59 - mkk_pika - database.py:215 - INFO - 第一次下载该漫画，记录数据库中
2026-09-03 01:08:00 - mkk_pika - main.py:83 - INFO - 找到 9 张图片在:第1集
2026-09-03 01:08:00 - mkk_pika - main.py:112 - INFO - [episode:第1集       ] downloaded:     9, total:   9, progress:100%
2026-09-03 01:08:00 - mkk_pika - database.py:238 - INFO - 数据库更新已下载章节
2026-09-03 01:08:00 - mkk_pika - database.py:244 - INFO - 该漫画已下载章节如下
2026-09-03 01:08:00 - mkk_pika - database.py:245 - INFO - ['第1集']
2026-09-03 01:08:02 - mkk_pika - main.py:348 - INFO - ==================== 漫画信息 ====================
                                   漫画ID：5c8cda605ce22c305f0fda63
                                   标题：アニラといっしょ (グランブルーファンタジー)
                                   作者：脳内液汁 (ソメジマ)
                                   是否完结：是
                                   总页数：9
                                   分类：短篇,同人,碧藍幻想
                                   章节数：1
                                   最后更新时间：2019-03-16T11:13:36.119Z
                                   =================================================
2026-09-03 01:08:02 - mkk_pika - database.py:101 - INFO - 保存成功：アニラといっしょ (グランブルーファンタジー)
2026-09-03 01:08:02 - mkk_pika - main.py:35 - INFO - 开始检查小夜啼鳥紅茶時間 (ラブライブ!)是否存在未下载章节
2026-09-03 01:08:02 - mkk_pika - main.py:45 - INFO - 正在下载:[小夜啼鳥紅茶時間 (ラブライブ!)]-[ふにあいあいす (不似合りこ)]-[['短篇', 'Love Live', '純愛', '百合花園']]-[total_pages:25]
2026-09-03 01:08:02 - mkk_pika - main.py:49 - INFO - [{'_id': '5c8cda6a1bb96f70998001c9', 'title': '第1集', 'order': 1, 'updated_at': '2019-03-16T07:12:32.972Z', 'id': '5c8cda6a1bb96f70998001c9'}]
2026-09-03 01:08:02 - mkk_pika - database.py:215 - INFO - 第一次下载该漫画，记录数据库中
2026-09-03 01:08:03 - mkk_pika - main.py:83 - INFO - 找到 25 张图片在:第1集
2026-09-03 01:08:03 - mkk_pika - main.py:112 - INFO - [episode:第1集       ] downloaded:    25, total:  25, progress:100%
2026-09-03 01:08:03 - mkk_pika - database.py:238 - INFO - 数据库更新已下载章节
2026-09-03 01:08:03 - mkk_pika - database.py:244 - INFO - 该漫画已下载章节如下
2026-09-03 01:08:03 - mkk_pika - database.py:245 - INFO - ['第1集']
2026-09-03 01:08:04 - mkk_pika - main.py:348 - INFO - ==================== 漫画信息 ====================
                                   漫画ID：5c8cda6a1bb96f70998001c8
                                   标题：小夜啼鳥紅茶時間 (ラブライブ!)
                                   作者：ふにあいあいす (不似合りこ)
                                   是否完结：是
                                   总页数：25
                                   分类：短篇,Love Live,純愛,百合花園
                                   章节数：1
                                   最后更新时间：2019-03-16T11:13:46.487Z
                                   =================================================
2026-09-03 01:08:04 - mkk_pika - database.py:101 - INFO - 保存成功：小夜啼鳥紅茶時間 (ラブライブ!)
2026-09-03 01:08:04 - mkk_pika - main.py:35 - INFO - 开始检查Natsumi x Ban - Valentine's Day是否存在未下载章节
2026-09-03 01:08:05 - mkk_pika - main.py:45 - INFO - 正在下载:[Natsumi x Ban - Valentine's Day]-[NDC]-[['全彩', '短篇', '人妻']]-[total_pages:9]
2026-09-03 01:08:05 - mkk_pika - main.py:49 - INFO - [{'_id': '5c8cda7fa1430c5634c87e29', 'title': '第1集', 'order': 1, 'updated_at': '2019-03-16T08:48:58.176Z', 'id': '5c8cda7fa1430c5634c87e29'}]
2026-09-03 01:08:05 - mkk_pika - database.py:215 - INFO - 第一次下载该漫画，记录数据库中
2026-09-03 01:08:05 - mkk_pika - main.py:83 - INFO - 找到 9 张图片在:第1集
2026-09-03 01:08:06 - mkk_pika - main.py:112 - INFO - [episode:第1集       ] downloaded:     9, total:   9, progress:100%
2026-09-03 01:08:06 - mkk_pika - database.py:238 - INFO - 数据库更新已下载章节
2026-09-03 01:08:06 - mkk_pika - database.py:244 - INFO - 该漫画已下载章节如下
2026-09-03 01:08:06 - mkk_pika - database.py:245 - INFO - ['第1集']
2026-09-03 01:08:07 - mkk_pika - main.py:348 - INFO - ==================== 漫画信息 ====================
                                   漫画ID：5c8cda7fa1430c5634c87e28
                                   标题：Natsumi x Ban - Valentine's Day
                                   作者：NDC
                                   是否完结：是
                                   总页数：9
                                   分类：全彩,短篇,人妻
                                   章节数：1
                                   最后更新时间：2019-03-16T11:14:07.575Z
                                   =================================================
2026-09-03 01:08:07 - mkk_pika - database.py:101 - INFO - 保存成功：Natsumi x Ban - Valentine's Day
2026-09-03 01:08:07 - mkk_pika - main.py:35 - INFO - 开始检查Natsumi Comic是否存在未下载章节
2026-09-03 01:08:07 - mkk_pika - main.py:45 - INFO - 正在下载:[Natsumi Comic]-[NDC]-[['全彩', '短篇', '人妻']]-[total_pages:11]
2026-09-03 01:08:07 - mkk_pika - main.py:49 - INFO - [{'_id': '5c8cda862f2937708d285787', 'title': '第1集', 'order': 1, 'updated_at': '2019-03-16T08:53:39.311Z', 'id': '5c8cda862f2937708d285787'}]
2026-09-03 01:08:07 - mkk_pika - database.py:215 - INFO - 第一次下载该漫画，记录数据库中
2026-09-03 01:08:08 - mkk_pika - main.py:83 - INFO - 找到 11 张图片在:第1集
2026-09-03 01:08:08 - mkk_pika - main.py:112 - INFO - [episode:第1集       ] downloaded:    11, total:  11, progress:100%
2026-09-03 01:08:08 - mkk_pika - database.py:238 - INFO - 数据库更新已下载章节
2026-09-03 01:08:08 - mkk_pika - database.py:244 - INFO - 该漫画已下载章节如下
2026-09-03 01:08:08 - mkk_pika - database.py:245 - INFO - ['第1集']
2026-09-03 01:08:10 - mkk_pika - main.py:348 - INFO - ==================== 漫画信息 ====================
                                   漫画ID：5c8cda862f2937708d285786
                                   标题：Natsumi Comic
                                   作者：NDC
                                   是否完结：是
                                   总页数：11
                                   分类：全彩,短篇,人妻
                                   章节数：1
                                   最后更新时间：2019-03-16T11:14:14.650Z
                                   =================================================
2026-09-03 01:08:10 - mkk_pika - database.py:101 - INFO - 保存成功：Natsumi Comic
2026-09-03 01:08:10 - mkk_pika - main.py:35 - INFO - 开始检查おっきくなるまでおるすばん (コミックゼロス #69) (無修正)是否存在未下载章节
2026-09-03 01:08:10 - mkk_pika - main.py:45 - INFO - 正在下载:[おっきくなるまでおるすばん (コミックゼロス #69) (無修正)]-[しんどう]-[['短篇', '妹妹系', '純愛']]-[total_pages:24]
2026-09-03 01:08:10 - mkk_pika - main.py:49 - INFO - [{'_id': '5c8cdacf7137146cb70686fd', 'title': '第1集', 'order': 1, 'updated_at': '2019-03-16T08:58:14.459Z', 'id': '5c8cdacf7137146cb70686fd'}]
2026-09-03 01:08:10 - mkk_pika - database.py:215 - INFO - 第一次下载该漫画，记录数据库中
2026-09-03 01:08:10 - mkk_pika - main.py:83 - INFO - 找到 24 张图片在:第1集
2026-09-03 01:08:11 - mkk_pika - main.py:112 - INFO - [episode:第1集       ] downloaded:    24, total:  24, progress:100%
2026-09-03 01:08:11 - mkk_pika - database.py:238 - INFO - 数据库更新已下载章节
2026-09-03 01:08:11 - mkk_pika - database.py:244 - INFO - 该漫画已下载章节如下
2026-09-03 01:08:11 - mkk_pika - database.py:245 - INFO - ['第1集']
2026-09-03 01:08:13 - mkk_pika - main.py:348 - INFO - ==================== 漫画信息 ====================
                                   漫画ID：5c8cdacf7137146cb70686fc
                                   标题：おっきくなるまでおるすばん (コミックゼロス #69) (無修正)
                                   作者：しんどう
                                   是否完结：是
                                   总页数：24
                                   分类：短篇,妹妹系,純愛
                                   章节数：1
                                   最后更新时间：2019-03-16T11:15:27.673Z
                                   =================================================
2026-09-03 01:08:13 - mkk_pika - database.py:101 - INFO - 保存成功：おっきくなるまでおるすばん (コミックゼロス #69) (無修正)
2026-09-03 01:08:13 - mkk_pika - main.py:35 - INFO - 开始检查パイチャレ!!是否存在未下载章节
2026-09-03 01:08:13 - mkk_pika - main.py:45 - INFO - 正在下载:[パイチャレ!!]-[立川ねごろ]-[['短篇', '純愛']]-[total_pages:20]
2026-09-03 01:08:13 - mkk_pika - main.py:49 - INFO - [{'_id': '5c8cdae3036aa556613c7d24', 'title': '第1集', 'order': 1, 'updated_at': '2019-03-16T09:07:37.361Z', 'id': '5c8cdae3036aa556613c7d24'}]
2026-09-03 01:08:13 - mkk_pika - database.py:215 - INFO - 第一次下载该漫画，记录数据库中
2026-09-03 01:08:14 - mkk_pika - main.py:83 - INFO - 找到 20 张图片在:第1集
2026-09-03 01:08:14 - mkk_pika - main.py:112 - INFO - [episode:第1集       ] downloaded:    20, total:  20, progress:100%
2026-09-03 01:08:14 - mkk_pika - database.py:238 - INFO - 数据库更新已下载章节
2026-09-03 01:08:14 - mkk_pika - database.py:244 - INFO - 该漫画已下载章节如下
2026-09-03 01:08:14 - mkk_pika - database.py:245 - INFO - ['第1集']
2026-09-03 01:08:15 - mkk_pika - main.py:348 - INFO - ==================== 漫画信息 ====================
                                   漫画ID：5c8cdae3036aa556613c7d23
                                   标题：パイチャレ!!
                                   作者：立川ねごろ
                                   是否完结：是
                                   总页数：20
                                   分类：短篇,純愛
                                   章节数：1
                                   最后更新时间：2019-03-16T11:15:47.977Z
                                   =================================================
2026-09-03 01:08:15 - mkk_pika - database.py:101 - INFO - 保存成功：パイチャレ!!
2026-09-03 01:08:15 - mkk_pika - main.py:35 - INFO - 开始检查おいでませ!!自由風俗幻想郷2泊3日の旅 葉月 (東方Project)是否存在未下载章节
2026-09-03 01:08:16 - mkk_pika - main.py:45 - INFO - 正在下载:[おいでませ!!自由風俗幻想郷2泊3日の旅 葉月 (東方Project)]-[にゅう工房 (にゅう)]-[['短篇', '同人', '東方']]-[total_pages:32]
2026-09-03 01:08:16 - mkk_pika - main.py:49 - INFO - [{'_id': '5c8cdaf63fda36563c113b55', 'title': '第1集', 'order': 1, 'updated_at': '2019-03-16T09:14:18.599Z', 'id': '5c8cdaf63fda36563c113b55'}]
2026-09-03 01:08:16 - mkk_pika - database.py:215 - INFO - 第一次下载该漫画，记录数据库中
2026-09-03 01:08:16 - mkk_pika - main.py:83 - INFO - 找到 32 张图片在:第1集
2026-09-03 01:08:17 - mkk_pika - main.py:112 - INFO - [episode:第1集       ] downloaded:    32, total:  32, progress:100%
2026-09-03 01:08:17 - mkk_pika - database.py:238 - INFO - 数据库更新已下载章节
2026-09-03 01:08:17 - mkk_pika - database.py:244 - INFO - 该漫画已下载章节如下
2026-09-03 01:08:17 - mkk_pika - database.py:245 - INFO - ['第1集']
2026-09-03 01:08:19 - mkk_pika - main.py:348 - INFO - ==================== 漫画信息 ====================
                                   漫画ID：5c8cdaf63fda36563c113b54
                                   标题：おいでませ!!自由風俗幻想郷2泊3日の旅 葉月 (東方Project)
                                   作者：にゅう工房 (にゅう)
                                   是否完结：是
                                   总页数：32
                                   分类：短篇,同人,東方
                                   章节数：1
                                   最后更新时间：2019-03-16T11:16:06.487Z
                                   =================================================
2026-09-03 01:08:19 - mkk_pika - database.py:101 - INFO - 保存成功：おいでませ!!自由風俗幻想郷2泊3日の旅 葉月 (東方Project)
2026-09-03 01:08:19 - mkk_pika - main.py:35 - INFO - 开始检查私の、お兄ちゃん（描き下ろし）是否存在未下载章节
2026-09-03 01:08:19 - mkk_pika - main.py:45 - INFO - 正在下载:[私の、お兄ちゃん（描き下ろし）]-[TIES (タケイオーキ)]-[['短篇', '妹妹系', 'NTR']]-[total_pages:23]
2026-09-03 01:08:19 - mkk_pika - main.py:49 - INFO - [{'_id': '5c8cdb10b94972706707a3d0', 'title': '第1集', 'order': 1, 'updated_at': '2019-03-16T09:24:01.541Z', 'id': '5c8cdb10b94972706707a3d0'}]
2026-09-03 01:08:19 - mkk_pika - database.py:215 - INFO - 第一次下载该漫画，记录数据库中
2026-09-03 01:08:20 - mkk_pika - main.py:83 - INFO - 找到 23 张图片在:第1集
2026-09-03 01:08:20 - mkk_pika - main.py:112 - INFO - [episode:第1集       ] downloaded:    23, total:  23, progress:100%
2026-09-03 01:08:20 - mkk_pika - database.py:238 - INFO - 数据库更新已下载章节
2026-09-03 01:08:20 - mkk_pika - database.py:244 - INFO - 该漫画已下载章节如下
2026-09-03 01:08:20 - mkk_pika - database.py:245 - INFO - ['第1集']
2026-09-03 01:08:22 - mkk_pika - main.py:348 - INFO - ==================== 漫画信息 ====================
                                   漫画ID：5c8cdb10b94972706707a3cf
                                   标题：私の、お兄ちゃん（描き下ろし）
                                   作者：TIES (タケイオーキ)
                                   是否完结：是
                                   总页数：23
                                   分类：短篇,妹妹系,NTR
                                   章节数：1
                                   最后更新时间：2019-03-16T11:16:32.875Z
                                   =================================================
2026-09-03 01:08:22 - mkk_pika - database.py:101 - INFO - 保存成功：私の、お兄ちゃん（描き下ろし）
2026-09-03 01:08:22 - mkk_pika - main.py:35 - INFO - 开始检查 強気な姫様 潜入捜査で身体検査されるも正体がバレてはいけないので抵抗できない [中国翻訳]是否存在未下载章节
2026-09-03 01:08:22 - mkk_pika - main.py:45 - INFO - 正在下载:[ 強気な姫様 潜入捜査で身体検査されるも正体がバレてはいけないので抵抗できない [中国翻訳]]-[かすてるら (しまシュー)]-[['短篇']]-[total_pages:30]
2026-09-03 01:08:22 - mkk_pika - main.py:49 - INFO - [{'_id': '5c8cf86d7137146cb70687a5', 'title': '第1集', 'order': 1, 'updated_at': '2019-03-16T11:52:16.373Z', 'id': '5c8cf86d7137146cb70687a5'}]
2026-09-03 01:08:22 - mkk_pika - database.py:215 - INFO - 第一次下载该漫画，记录数据库中
2026-09-03 01:08:23 - mkk_pika - main.py:83 - INFO - 找到 30 张图片在:第1集
2026-09-03 01:08:24 - mkk_pika - main.py:112 - INFO - [episode:第1集       ] downloaded:    30, total:  30, progress:100%
2026-09-03 01:08:24 - mkk_pika - database.py:238 - INFO - 数据库更新已下载章节
2026-09-03 01:08:24 - mkk_pika - database.py:244 - INFO - 该漫画已下载章节如下
2026-09-03 01:08:24 - mkk_pika - database.py:245 - INFO - ['第1集']
2026-09-03 01:08:25 - mkk_pika - main.py:348 - INFO - ==================== 漫画信息 ====================
                                   漫画ID：5c8cf86d7137146cb70687a4
                                   标题： 強気な姫様 潜入捜査で身体検査されるも正体がバレてはいけないので抵抗できない [中国翻訳]
                                   作者：かすてるら (しまシュー)
                                   是否完结：是
                                   总页数：30
                                   分类：短篇
                                   章节数：1
                                   最后更新时间：2019-03-16T13:21:49.012Z
                                   =================================================
2026-09-03 01:08:25 - mkk_pika - database.py:101 - INFO - 保存成功： 強気な姫様 潜入捜査で身体検査されるも正体がバレてはいけないので抵抗できない [中国翻訳]
2026-09-03 01:08:25 - mkk_pika - main.py:35 - INFO - 开始检查 (C94) 君は俺のコス売り子 (東方Project)[中国翻訳]是否存在未下载章节
2026-09-03 01:08:25 - mkk_pika - main.py:45 - INFO - 正在下载:[ (C94) 君は俺のコス売り子 (東方Project)[中国翻訳]]-[とんずら道中 (かざわ)]-[['短篇', '同人', '東方']]-[total_pages:23]
2026-09-03 01:08:25 - mkk_pika - main.py:49 - INFO - [{'_id': '5c8cf8812f2937708d28584e', 'title': '第1集', 'order': 1, 'updated_at': '2019-03-16T12:21:24.194Z', 'id': '5c8cf8812f2937708d28584e'}]
2026-09-03 01:08:25 - mkk_pika - database.py:215 - INFO - 第一次下载该漫画，记录数据库中
2026-09-03 01:08:26 - mkk_pika - main.py:83 - INFO - 找到 23 张图片在:第1集
2026-09-03 01:08:26 - mkk_pika - main.py:112 - INFO - [episode:第1集       ] downloaded:    23, total:  23, progress:100%
2026-09-03 01:08:26 - mkk_pika - database.py:238 - INFO - 数据库更新已下载章节
2026-09-03 01:08:26 - mkk_pika - database.py:244 - INFO - 该漫画已下载章节如下
2026-09-03 01:08:26 - mkk_pika - database.py:245 - INFO - ['第1集']
2026-09-03 01:08:28 - mkk_pika - main.py:348 - INFO - ==================== 漫画信息 ====================
                                   漫画ID：5c8cf8812f2937708d28584d
                                   标题： (C94) 君は俺のコス売り子 (東方Project)[中国翻訳]
                                   作者：とんずら道中 (かざわ)
                                   是否完结：是
                                   总页数：23
                                   分类：短篇,同人,東方
                                   章节数：1
                                   最后更新时间：2019-03-16T13:22:09.431Z
                                   =================================================
2026-09-03 01:08:28 - mkk_pika - database.py:101 - INFO - 保存成功： (C94) 君は俺のコス売り子 (東方Project)[中国翻訳]
2026-09-03 01:08:28 - mkk_pika - main.py:35 - INFO - 开始检查三国无双是否存在未下载章节
2026-09-03 01:08:28 - mkk_pika - main.py:45 - INFO - 正在下载:[三国无双]-[弑魔忍]-[['全彩', '人妻', '長篇']]-[total_pages:183]
2026-09-03 01:08:28 - mkk_pika - main.py:49 - INFO - [{'_id': '5c8df78226e04a6cafdc3769', 'title': '第1集', 'order': 1, 'updated_at': '2019-03-16T09:52:07.164Z', 'id': '5c8df78226e04a6cafdc3769'}, {'_id': '5c8df78226e04a6cafdc376a', 'title': '第2集', 'order': 2, 'updated_at': '2019-03-16T10:25:22.000Z', 'id': '5c8df78226e04a6cafdc376a'}, {'_id': '5c8df78226e04a6cafdc376b', 'title': '第3集', 'order': 3, 'updated_at': '2019-03-16T10:50:07.001Z', 'id': '5c8df78226e04a6cafdc376b'}, {'_id': '5c8df78226e04a6cafdc376c', 'title': '真假萝莉王', 'order': 4, 'updated_at': '2019-03-16T10:56:13.118Z', 'id': '5c8df78226e04a6cafdc376c'}]
2026-09-03 01:08:28 - mkk_pika - database.py:215 - INFO - 第一次下载该漫画，记录数据库中
2026-09-03 01:08:29 - mkk_pika - main.py:83 - INFO - 找到 62 张图片在:第1集
2026-09-03 01:08:30 - mkk_pika - main.py:112 - INFO - [episode:第1集       ] downloaded:    62, total:  62, progress:100%
2026-09-03 01:08:30 - mkk_pika - database.py:238 - INFO - 数据库更新已下载章节
2026-09-03 01:08:30 - mkk_pika - database.py:244 - INFO - 该漫画已下载章节如下
2026-09-03 01:08:30 - mkk_pika - database.py:245 - INFO - ['第1集']
2026-09-03 01:08:32 - mkk_pika - main.py:83 - INFO - 找到 45 张图片在:第2集
2026-09-03 01:08:33 - mkk_pika - main.py:112 - INFO - [episode:第2集       ] downloaded:    45, total:  45, progress:100%
2026-09-03 01:08:33 - mkk_pika - database.py:238 - INFO - 数据库更新已下载章节
2026-09-03 01:08:33 - mkk_pika - database.py:244 - INFO - 该漫画已下载章节如下
2026-09-03 01:08:33 - mkk_pika - database.py:245 - INFO - ['第1集', '第2集']
2026-09-03 01:08:35 - mkk_pika - main.py:83 - INFO - 找到 36 张图片在:第3集
2026-09-03 01:08:35 - mkk_pika - main.py:112 - INFO - [episode:第3集       ] downloaded:    36, total:  36, progress:100%
2026-09-03 01:08:35 - mkk_pika - database.py:238 - INFO - 数据库更新已下载章节
2026-09-03 01:08:35 - mkk_pika - database.py:244 - INFO - 该漫画已下载章节如下
2026-09-03 01:08:35 - mkk_pika - database.py:245 - INFO - ['第1集', '第2集', '第3集']
2026-09-03 01:08:37 - mkk_pika - main.py:83 - INFO - 找到 40 张图片在:真假萝莉王
2026-09-03 01:08:38 - mkk_pika - main.py:112 - INFO - [episode:真假萝莉王     ] downloaded:    40, total:  40, progress:100%
2026-09-03 01:08:38 - mkk_pika - database.py:238 - INFO - 数据库更新已下载章节
2026-09-03 01:08:38 - mkk_pika - database.py:244 - INFO - 该漫画已下载章节如下
2026-09-03 01:08:38 - mkk_pika - database.py:245 - INFO - ['第1集', '第2集', '第3集', '真假萝莉王']
2026-09-03 01:08:39 - mkk_pika - main.py:348 - INFO - ==================== 漫画信息 ====================
                                   漫画ID：5c8df78226e04a6cafdc3768
                                   标题：三国无双
                                   作者：弑魔忍
                                   是否完结：否
                                   总页数：183
                                   分类：全彩,人妻,長篇
                                   章节数：4
                                   最后更新时间：2019-03-17T07:30:10.373Z
                                   =================================================
2026-09-03 01:08:39 - mkk_pika - database.py:101 - INFO - 保存成功：三国无双
2026-09-03 01:08:39 - mkk_pika - main.py:35 - INFO - 开始检查可爱い弟のイジメかた♪（浓厚どろ〜り）是否存在未下载章节
2026-09-03 01:08:40 - mkk_pika - main.py:45 - INFO - 正在下载:[可爱い弟のイジメかた♪（浓厚どろ〜り）]-[うめ丸]-[['短篇', '姐姐系']]-[total_pages:12]
2026-09-03 01:08:40 - mkk_pika - main.py:49 - INFO - [{'_id': '5c8df8a62f2937708d285cd0', 'title': '第1集', 'order': 1, 'updated_at': '2019-03-16T13:46:52.834Z', 'id': '5c8df8a62f2937708d285cd0'}]
2026-09-03 01:08:40 - mkk_pika - database.py:215 - INFO - 第一次下载该漫画，记录数据库中
2026-09-03 01:08:40 - mkk_pika - main.py:83 - INFO - 找到 12 张图片在:第1集
2026-09-03 01:08:40 - mkk_pika - main.py:112 - INFO - [episode:第1集       ] downloaded:    12, total:  12, progress:100%
2026-09-03 01:08:40 - mkk_pika - database.py:238 - INFO - 数据库更新已下载章节
2026-09-03 01:08:40 - mkk_pika - database.py:244 - INFO - 该漫画已下载章节如下
2026-09-03 01:08:40 - mkk_pika - database.py:245 - INFO - ['第1集']
2026-09-03 01:08:42 - mkk_pika - main.py:348 - INFO - ==================== 漫画信息 ====================
                                   漫画ID：5c8df8a62f2937708d285ccf
                                   标题：可爱い弟のイジメかた♪（浓厚どろ〜り）
                                   作者：うめ丸
                                   是否完结：是
                                   总页数：12
                                   分类：短篇,姐姐系
                                   章节数：1
                                   最后更新时间：2019-03-17T07:35:02.304Z
                                   =================================================
2026-09-03 01:08:42 - mkk_pika - database.py:101 - INFO - 保存成功：可爱い弟のイジメかた♪（浓厚どろ〜り）
2026-09-03 01:08:42 - mkk_pika - main.py:35 - INFO - 开始检查ヌレイキ 濕潤高潮是否存在未下载章节
2026-09-03 01:08:42 - mkk_pika - main.py:45 - INFO - 正在下载:[ヌレイキ 濕潤高潮]-[ムサシマル]-[['長篇', '單行本', '純愛', 'SM', '妹妹系', '姐姐系']]-[total_pages:205]
2026-09-03 01:08:42 - mkk_pika - main.py:49 - INFO - [{'_id': '5c8df8b1036aa556613c863a', 'title': '高潮的單行本', 'order': 1, 'updated_at': '2019-03-15T07:31:15.658Z', 'id': '5c8df8b1036aa556613c863a'}]
2026-09-03 01:08:42 - mkk_pika - database.py:215 - INFO - 第一次下载该漫画，记录数据库中
2026-09-03 01:08:44 - mkk_pika - main.py:83 - INFO - 找到 205 张图片在:高潮的單行本
2026-09-03 01:08:48 - mkk_pika - main.py:112 - INFO - [episode:高潮的單行本    ] downloaded:   205, total: 205, progress:100%
2026-09-03 01:08:48 - mkk_pika - database.py:238 - INFO - 数据库更新已下载章节
2026-09-03 01:08:48 - mkk_pika - database.py:244 - INFO - 该漫画已下载章节如下
2026-09-03 01:08:48 - mkk_pika - database.py:245 - INFO - ['高潮的單行本']
2026-09-03 01:08:50 - mkk_pika - main.py:348 - INFO - ==================== 漫画信息 ====================
                                   漫画ID：5c8df8b1036aa556613c8639
                                   标题：ヌレイキ 濕潤高潮
                                   作者：ムサシマル
                                   是否完结：是
                                   总页数：205
                                   分类：長篇,單行本,純愛,SM,妹妹系,姐姐系
                                   章节数：1
                                   最后更新时间：2019-03-17T07:35:13.947Z
                                   =================================================
2026-09-03 01:08:50 - mkk_pika - database.py:101 - INFO - 保存成功：ヌレイキ 濕潤高潮
2026-09-03 01:08:50 - mkk_pika - main.py:35 - INFO - 开始检查(C95) あまくてえっちな騎士王様 (Fate Grand Order) 是否存在未下载章节
2026-09-03 01:08:50 - mkk_pika - main.py:45 - INFO - 正在下载:[(C95) あまくてえっちな騎士王様 (Fate Grand Order) ]-[玉子房 (隈吉)]-[['同人', '純愛', 'Fate']]-[total_pages:69]
2026-09-03 01:08:50 - mkk_pika - main.py:49 - INFO - [{'_id': '5c83313914c7035660baae7e', 'title': '第1集', 'order': 1, 'updated_at': '2019-03-02T15:42:22.336Z', 'id': '5c83313914c7035660baae7e'}, {'_id': '5c8df91414c7035660bafb80', 'title': '汉化', 'order': 2, 'updated_at': '2019-03-16T14:24:45.589Z', 'id': '5c8df91414c7035660bafb80'}]
2026-09-03 01:08:50 - mkk_pika - database.py:215 - INFO - 第一次下载该漫画，记录数据库中
2026-09-03 01:08:51 - mkk_pika - main.py:83 - INFO - 找到 31 张图片在:第1集
2026-09-03 01:08:51 - mkk_pika - main.py:112 - INFO - [episode:第1集       ] downloaded:    31, total:  31, progress:100%
2026-09-03 01:08:51 - mkk_pika - database.py:238 - INFO - 数据库更新已下载章节
2026-09-03 01:08:51 - mkk_pika - database.py:244 - INFO - 该漫画已下载章节如下
2026-09-03 01:08:51 - mkk_pika - database.py:245 - INFO - ['第1集']
2026-09-03 01:08:53 - mkk_pika - main.py:83 - INFO - 找到 38 张图片在:汉化
2026-09-03 01:08:54 - mkk_pika - main.py:112 - INFO - [episode:汉化        ] downloaded:    38, total:  38, progress:100%
2026-09-03 01:08:54 - mkk_pika - database.py:238 - INFO - 数据库更新已下载章节
2026-09-03 01:08:54 - mkk_pika - database.py:244 - INFO - 该漫画已下载章节如下
2026-09-03 01:08:54 - mkk_pika - database.py:245 - INFO - ['第1集', '汉化']
2026-09-03 01:08:55 - mkk_pika - main.py:348 - INFO - ==================== 漫画信息 ====================
                                   漫画ID：5c83313914c7035660baae7d
                                   标题：(C95) あまくてえっちな騎士王様 (Fate Grand Order) 
                                   作者：玉子房 (隈吉)
                                   是否完结：是
                                   总页数：69
                                   分类：同人,純愛,Fate
                                   章节数：2
                                   最后更新时间：2019-03-17T07:36:52.433Z
                                   =================================================
2026-09-03 01:08:55 - mkk_pika - database.py:101 - INFO - 保存成功：(C95) あまくてえっちな騎士王様 (Fate Grand Order) 
2026-09-03 01:08:55 - mkk_pika - main.py:35 - INFO - 开始检查(こみトレ33) 誅魔忍法帖 (ゆらぎ荘の幽奈さん)是否存在未下载章节
2026-09-03 01:08:55 - mkk_pika - main.py:45 - INFO - 正在下载:[(こみトレ33) 誅魔忍法帖 (ゆらぎ荘の幽奈さん)]-[FORTUNA (神代イヅタ)]-[['同人']]-[total_pages:18]
2026-09-03 01:08:55 - mkk_pika - main.py:49 - INFO - [{'_id': '5c8dfaaa036aa556613c8771', 'title': '第1集', 'order': 1, 'updated_at': '2019-03-16T15:33:33.129Z', 'id': '5c8dfaaa036aa556613c8771'}]
2026-09-03 01:08:55 - mkk_pika - database.py:215 - INFO - 第一次下载该漫画，记录数据库中
2026-09-03 01:08:56 - mkk_pika - main.py:83 - INFO - 找到 18 张图片在:第1集
2026-09-03 01:08:56 - mkk_pika - main.py:112 - INFO - [episode:第1集       ] downloaded:    18, total:  18, progress:100%
2026-09-03 01:08:56 - mkk_pika - database.py:238 - INFO - 数据库更新已下载章节
2026-09-03 01:08:56 - mkk_pika - database.py:244 - INFO - 该漫画已下载章节如下
2026-09-03 01:08:56 - mkk_pika - database.py:245 - INFO - ['第1集']
2026-09-03 01:08:58 - mkk_pika - main.py:348 - INFO - ==================== 漫画信息 ====================
                                   漫画ID：5c8dfaaa036aa556613c8770
                                   标题：(こみトレ33) 誅魔忍法帖 (ゆらぎ荘の幽奈さん)
                                   作者：FORTUNA (神代イヅタ)
                                   是否完结：否
                                   总页数：18
                                   分类：同人
                                   章节数：1
                                   最后更新时间：2019-03-17T07:43:38.431Z
                                   =================================================
2026-09-03 01:08:58 - mkk_pika - database.py:101 - INFO - 保存成功：(こみトレ33) 誅魔忍法帖 (ゆらぎ荘の幽奈さん)
2026-09-03 01:08:58 - mkk_pika - main.py:35 - INFO - 开始检查淫面教師 [中国翻訳]是否存在未下载章节
2026-09-03 01:08:58 - mkk_pika - main.py:45 - INFO - 正在下载:[淫面教師 [中国翻訳]]-[とうせいおうめ]-[['長篇']]-[total_pages:208]
2026-09-03 01:08:58 - mkk_pika - main.py:49 - INFO - [{'_id': '5c8dfbce7137146cb7068b86', 'title': '第1集', 'order': 1, 'updated_at': '2019-03-16T17:52:55.152Z', 'id': '5c8dfbce7137146cb7068b86'}]
2026-09-03 01:08:58 - mkk_pika - database.py:215 - INFO - 第一次下载该漫画，记录数据库中
2026-09-03 01:09:00 - mkk_pika - main.py:83 - INFO - 找到 208 张图片在:第1集
2026-09-03 01:09:07 - mkk_pika - main.py:112 - INFO - [episode:第1集       ] downloaded:   208, total: 208, progress:100%
2026-09-03 01:09:07 - mkk_pika - database.py:238 - INFO - 数据库更新已下载章节
2026-09-03 01:09:07 - mkk_pika - database.py:244 - INFO - 该漫画已下载章节如下
2026-09-03 01:09:07 - mkk_pika - database.py:245 - INFO - ['第1集']
2026-09-03 01:09:08 - mkk_pika - main.py:348 - INFO - ==================== 漫画信息 ====================
                                   漫画ID：5c8dfbce7137146cb7068b85
                                   标题：淫面教師 [中国翻訳]
                                   作者：とうせいおうめ
                                   是否完结：是
                                   总页数：208
                                   分类：長篇
                                   章节数：1
                                   最后更新时间：2019-03-17T07:48:30.187Z
                                   =================================================
2026-09-03 01:09:08 - mkk_pika - database.py:101 - INFO - 保存成功：淫面教師 [中国翻訳]
2026-09-03 01:09:08 - mkk_pika - main.py:35 - INFO - 开始检查監獄アフター (ガールズフォーム Vol.18) [中国翻訳] [DL版]是否存在未下载章节
2026-09-03 01:09:08 - mkk_pika - main.py:45 - INFO - 正在下载:[監獄アフター (ガールズフォーム Vol.18) [中国翻訳] [DL版]]-[大嘘]-[['短篇', '足の恋', 'SM']]-[total_pages:21]
2026-09-03 01:09:08 - mkk_pika - main.py:49 - INFO - [{'_id': '5c8dfbead73e616ce956387d', 'title': '第1集', 'order': 1, 'updated_at': '2019-03-16T17:59:07.221Z', 'id': '5c8dfbead73e616ce956387d'}]
2026-09-03 01:09:08 - mkk_pika - database.py:215 - INFO - 第一次下载该漫画，记录数据库中
2026-09-03 01:09:09 - mkk_pika - main.py:83 - INFO - 找到 21 张图片在:第1集
2026-09-03 01:09:10 - mkk_pika - main.py:112 - INFO - [episode:第1集       ] downloaded:    21, total:  21, progress:100%
2026-09-03 01:09:10 - mkk_pika - database.py:238 - INFO - 数据库更新已下载章节
2026-09-03 01:09:10 - mkk_pika - database.py:244 - INFO - 该漫画已下载章节如下
2026-09-03 01:09:10 - mkk_pika - database.py:245 - INFO - ['第1集']
2026-09-03 01:09:11 - mkk_pika - main.py:348 - INFO - ==================== 漫画信息 ====================
                                   漫画ID：5c8dfbead73e616ce956387c
                                   标题：監獄アフター (ガールズフォーム Vol.18) [中国翻訳] [DL版]
                                   作者：大嘘
                                   是否完结：是
                                   总页数：21
                                   分类：短篇,足の恋,SM
                                   章节数：1
                                   最后更新时间：2019-03-17T07:48:58.763Z
                                   =================================================
2026-09-03 01:09:11 - mkk_pika - database.py:101 - INFO - 保存成功：監獄アフター (ガールズフォーム Vol.18) [中国翻訳] [DL版]
2026-09-03 01:09:11 - mkk_pika - main.py:35 - INFO - 开始检查 ヤリマンビッチファイターズ 是否存在未下载章节
2026-09-03 01:09:11 - mkk_pika - main.py:45 - INFO - 正在下载:[ ヤリマンビッチファイターズ ]-[ワッフル同盟犬]-[['短篇', '妹妹系', '足の恋']]-[total_pages:16]
2026-09-03 01:09:11 - mkk_pika - main.py:49 - INFO - [{'_id': '5c8dfc23633a456cdee716c2', 'title': '第1集', 'order': 1, 'updated_at': '2019-03-01T16:48:17.117Z', 'id': '5c8dfc23633a456cdee716c2'}]
2026-09-03 01:09:11 - mkk_pika - database.py:215 - INFO - 第一次下载该漫画，记录数据库中
2026-09-03 01:09:12 - mkk_pika - main.py:83 - INFO - 找到 36 张图片在:第1集
2026-09-03 01:09:13 - mkk_pika - main.py:112 - INFO - [episode:第1集       ] downloaded:    36, total:  36, progress:100%
2026-09-03 01:09:13 - mkk_pika - database.py:238 - INFO - 数据库更新已下载章节
2026-09-03 01:09:13 - mkk_pika - database.py:244 - INFO - 该漫画已下载章节如下
2026-09-03 01:09:13 - mkk_pika - database.py:245 - INFO - ['第1集']
2026-09-03 01:09:14 - mkk_pika - main.py:348 - INFO - ==================== 漫画信息 ====================
                                   漫画ID：5c8dfc23633a456cdee716c1
                                   标题： ヤリマンビッチファイターズ 
                                   作者：ワッフル同盟犬
                                   是否完结：是
                                   总页数：16
                                   分类：短篇,妹妹系,足の恋
                                   章节数：1
                                   最后更新时间：2019-03-17T07:49:55.625Z
                                   =================================================
2026-09-03 01:09:14 - mkk_pika - database.py:101 - INFO - 保存成功： ヤリマンビッチファイターズ 
2026-09-03 01:09:14 - mkk_pika - main.py:35 - INFO - 开始检查(こみトレ33)Zurifunction (アズールレーン) [中国翻訳]是否存在未下载章节
2026-09-03 01:09:15 - mkk_pika - main.py:45 - INFO - 正在下载:[(こみトレ33)Zurifunction (アズールレーン) [中国翻訳]]-[LOLICEPT]-[['短篇', '同人']]-[total_pages:20]
2026-09-03 01:09:15 - mkk_pika - main.py:49 - INFO - [{'_id': '5c8dfc4126e04a6cafdc386a', 'title': '第1集', 'order': 1, 'updated_at': '2019-03-16T18:14:20.167Z', 'id': '5c8dfc4126e04a6cafdc386a'}]
2026-09-03 01:09:15 - mkk_pika - database.py:215 - INFO - 第一次下载该漫画，记录数据库中
2026-09-03 01:09:15 - mkk_pika - main.py:83 - INFO - 找到 20 张图片在:第1集
2026-09-03 01:09:16 - mkk_pika - main.py:112 - INFO - [episode:第1集       ] downloaded:    20, total:  20, progress:100%
2026-09-03 01:09:16 - mkk_pika - database.py:238 - INFO - 数据库更新已下载章节
2026-09-03 01:09:16 - mkk_pika - database.py:244 - INFO - 该漫画已下载章节如下
2026-09-03 01:09:16 - mkk_pika - database.py:245 - INFO - ['第1集']
2026-09-03 01:09:17 - mkk_pika - main.py:348 - INFO - ==================== 漫画信息 ====================
                                   漫画ID：5c8dfc4126e04a6cafdc3869
                                   标题：(こみトレ33)Zurifunction (アズールレーン) [中国翻訳]
                                   作者：LOLICEPT
                                   是否完结：是
                                   总页数：20
                                   分类：短篇,同人
                                   章节数：1
                                   最后更新时间：2019-03-17T07:50:25.612Z
                                   =================================================
2026-09-03 01:09:17 - mkk_pika - database.py:101 - INFO - 保存成功：(こみトレ33)Zurifunction (アズールレーン) [中国翻訳]
2026-09-03 01:09:17 - mkk_pika - main.py:35 - INFO - 开始检查戦役失敗 -Failure- (少女前線)是否存在未下载章节
2026-09-03 01:09:18 - mkk_pika - main.py:45 - INFO - 正在下载:[戦役失敗 -Failure- (少女前線)]-[タガメ館 (西タガメ)]-[['短篇', '同人', 'SM', '足の恋']]-[total_pages:22]
2026-09-03 01:09:18 - mkk_pika - main.py:49 - INFO - [{'_id': '5c8dfcb514c7035660bafc13', 'title': '第1集', 'order': 1, 'updated_at': '2019-03-17T01:41:27.978Z', 'id': '5c8dfcb514c7035660bafc13'}]
2026-09-03 01:09:18 - mkk_pika - database.py:215 - INFO - 第一次下载该漫画，记录数据库中
2026-09-03 01:09:19 - mkk_pika - main.py:83 - INFO - 找到 22 张图片在:第1集
2026-09-03 01:09:19 - mkk_pika - main.py:112 - INFO - [episode:第1集       ] downloaded:    22, total:  22, progress:100%
2026-09-03 01:09:19 - mkk_pika - database.py:238 - INFO - 数据库更新已下载章节
2026-09-03 01:09:19 - mkk_pika - database.py:244 - INFO - 该漫画已下载章节如下
2026-09-03 01:09:19 - mkk_pika - database.py:245 - INFO - ['第1集']
2026-09-03 01:09:20 - mkk_pika - main.py:348 - INFO - ==================== 漫画信息 ====================
                                   漫画ID：5c8dfcb514c7035660bafc12
                                   标题：戦役失敗 -Failure- (少女前線)
                                   作者：タガメ館 (西タガメ)
                                   是否完结：是
                                   总页数：22
                                   分类：短篇,同人,SM,足の恋
                                   章节数：1
                                   最后更新时间：2019-03-17T07:52:21.150Z
                                   =================================================
2026-09-03 01:09:20 - mkk_pika - database.py:101 - INFO - 保存成功：戦役失敗 -Failure- (少女前線)
2026-09-03 01:09:20 - mkk_pika - main.py:35 - INFO - 开始检查(サンクリ2019 Spring) 藤原書記は断りたい (かぐや様は告らせたい)是否存在未下载章节
2026-09-03 01:09:21 - mkk_pika - main.py:45 - INFO - 正在下载:[(サンクリ2019 Spring) 藤原書記は断りたい (かぐや様は告らせたい)]-[純銀星 (浅妃)]-[['短篇', '同人']]-[total_pages:30]
2026-09-03 01:09:21 - mkk_pika - main.py:49 - INFO - [{'_id': '5c8cf8999a046b706fb42f97', 'title': '第1集', 'order': 1, 'updated_at': '2019-03-16T13:14:36.443Z', 'id': '5c8cf8999a046b706fb42f97'}, {'_id': '5c8dfcca35b667306b18830c', 'title': '汉化', 'order': 2, 'updated_at': '2019-03-17T02:31:34.760Z', 'id': '5c8dfcca35b667306b18830c'}]
2026-09-03 01:09:21 - mkk_pika - database.py:215 - INFO - 第一次下载该漫画，记录数据库中
2026-09-03 01:09:22 - mkk_pika - main.py:83 - INFO - 找到 14 张图片在:第1集
2026-09-03 01:09:22 - mkk_pika - main.py:112 - INFO - [episode:第1集       ] downloaded:    14, total:  14, progress:100%
2026-09-03 01:09:22 - mkk_pika - database.py:238 - INFO - 数据库更新已下载章节
2026-09-03 01:09:22 - mkk_pika - database.py:244 - INFO - 该漫画已下载章节如下
2026-09-03 01:09:22 - mkk_pika - database.py:245 - INFO - ['第1集']
2026-09-03 01:09:24 - mkk_pika - main.py:83 - INFO - 找到 16 张图片在:汉化
2026-09-03 01:09:24 - mkk_pika - main.py:112 - INFO - [episode:汉化        ] downloaded:    16, total:  16, progress:100%
2026-09-03 01:09:24 - mkk_pika - database.py:238 - INFO - 数据库更新已下载章节
2026-09-03 01:09:24 - mkk_pika - database.py:244 - INFO - 该漫画已下载章节如下
2026-09-03 01:09:24 - mkk_pika - database.py:245 - INFO - ['第1集', '汉化']
2026-09-03 01:09:25 - mkk_pika - main.py:348 - INFO - ==================== 漫画信息 ====================
                                   漫画ID：5c8cf8999a046b706fb42f96
                                   标题：(サンクリ2019 Spring) 藤原書記は断りたい (かぐや様は告らせたい)
                                   作者：純銀星 (浅妃)
                                   是否完结：是
                                   总页数：30
                                   分类：短篇,同人
                                   章节数：2
                                   最后更新时间：2019-03-17T07:52:41.975Z
                                   =================================================
2026-09-03 01:09:25 - mkk_pika - database.py:101 - INFO - 保存成功：(サンクリ2019 Spring) 藤原書記は断りたい (かぐや様は告らせたい)
2026-09-03 01:09:25 - mkk_pika - main.py:35 - INFO - 开始检查あね・ハメ是否存在未下载章节
2026-09-03 01:09:25 - mkk_pika - main.py:45 - INFO - 正在下载:[あね・ハメ]-[吉田犬人]-[['長篇', '單行本', '姐姐系']]-[total_pages:196]
2026-09-03 01:09:25 - mkk_pika - main.py:49 - INFO - [{'_id': '5c8dfced633a456cdee716ec', 'title': '第1集', 'order': 1, 'updated_at': '2019-03-17T02:38:17.401Z', 'id': '5c8dfced633a456cdee716ec'}]
2026-09-03 01:09:25 - mkk_pika - database.py:215 - INFO - 第一次下载该漫画，记录数据库中
2026-09-03 01:09:27 - mkk_pika - main.py:83 - INFO - 找到 196 张图片在:第1集
2026-09-03 01:09:32 - mkk_pika - main.py:112 - INFO - [episode:第1集       ] downloaded:   196, total: 196, progress:100%
2026-09-03 01:09:32 - mkk_pika - database.py:238 - INFO - 数据库更新已下载章节
2026-09-03 01:09:32 - mkk_pika - database.py:244 - INFO - 该漫画已下载章节如下
2026-09-03 01:09:32 - mkk_pika - database.py:245 - INFO - ['第1集']
2026-09-03 01:09:33 - mkk_pika - main.py:348 - INFO - ==================== 漫画信息 ====================
                                   漫画ID：5c8dfced633a456cdee716eb
                                   标题：あね・ハメ
                                   作者：吉田犬人
                                   是否完结：是
                                   总页数：196
                                   分类：長篇,單行本,姐姐系
                                   章节数：1
                                   最后更新时间：2019-03-17T07:53:17.459Z
                                   =================================================
2026-09-03 01:09:33 - mkk_pika - database.py:101 - INFO - 保存成功：あね・ハメ
2026-09-03 01:09:33 - mkk_pika - main.py:35 - INFO - 开始检查モグダンイラストワークス（画师モグダン个人画集）是否存在未下载章节
2026-09-03 01:09:34 - mkk_pika - main.py:45 - INFO - 正在下载:[モグダンイラストワークス（画师モグダン个人画集）]-[モグダン]-[['全彩', '同人']]-[total_pages:106]
2026-09-03 01:09:34 - mkk_pika - main.py:49 - INFO - [{'_id': '5c8dfd6626e04a6cafdc38c6', 'title': '全本', 'order': 1, 'updated_at': '2019-03-17T04:57:54.421Z', 'id': '5c8dfd6626e04a6cafdc38c6'}]
2026-09-03 01:09:34 - mkk_pika - database.py:215 - INFO - 第一次下载该漫画，记录数据库中
2026-09-03 01:09:35 - mkk_pika - main.py:83 - INFO - 找到 106 张图片在:全本
2026-09-03 01:09:38 - mkk_pika - main.py:112 - INFO - [episode:全本        ] downloaded:   106, total: 106, progress:100%
2026-09-03 01:09:38 - mkk_pika - database.py:238 - INFO - 数据库更新已下载章节
2026-09-03 01:09:38 - mkk_pika - database.py:244 - INFO - 该漫画已下载章节如下
2026-09-03 01:09:38 - mkk_pika - database.py:245 - INFO - ['全本']
2026-09-03 01:09:39 - mkk_pika - main.py:348 - INFO - ==================== 漫画信息 ====================
                                   漫画ID：5c8dfd6626e04a6cafdc38c5
                                   标题：モグダンイラストワークス（画师モグダン个人画集）
                                   作者：モグダン
                                   是否完结：是
                                   总页数：106
                                   分类：全彩,同人
                                   章节数：1
                                   最后更新时间：2019-03-17T07:55:18.176Z
                                   =================================================
2026-09-03 01:09:39 - mkk_pika - database.py:101 - INFO - 保存成功：モグダンイラストワークス（画师モグダン个人画集）
2026-09-03 01:09:39 - mkk_pika - main.py:35 - INFO - 开始检查寄生樹是否存在未下载章节
2026-09-03 01:09:39 - mkk_pika - main.py:45 - INFO - 正在下载:[寄生樹]-[タケ]-[['短篇']]-[total_pages:88]
2026-09-03 01:09:39 - mkk_pika - main.py:49 - INFO - [{'_id': '5c8dfda47137146cb7068c5f', 'title': '第1集', 'order': 1, 'updated_at': '2019-03-17T05:36:11.634Z', 'id': '5c8dfda47137146cb7068c5f'}, {'_id': '5c8dfda47137146cb7068c60', 'title': '第2集', 'order': 2, 'updated_at': '2019-03-17T05:36:44.697Z', 'id': '5c8dfda47137146cb7068c60'}, {'_id': '5c8dfda47137146cb7068c61', 'title': '第3集', 'order': 3, 'updated_at': '2019-03-17T05:37:28.620Z', 'id': '5c8dfda47137146cb7068c61'}]
2026-09-03 01:09:39 - mkk_pika - database.py:215 - INFO - 第一次下载该漫画，记录数据库中
2026-09-03 01:09:40 - mkk_pika - main.py:83 - INFO - 找到 26 张图片在:第1集
2026-09-03 01:09:41 - mkk_pika - main.py:112 - INFO - [episode:第1集       ] downloaded:    26, total:  26, progress:100%
2026-09-03 01:09:41 - mkk_pika - database.py:238 - INFO - 数据库更新已下载章节
2026-09-03 01:09:41 - mkk_pika - database.py:244 - INFO - 该漫画已下载章节如下
2026-09-03 01:09:41 - mkk_pika - database.py:245 - INFO - ['第1集']
2026-09-03 01:09:42 - mkk_pika - main.py:83 - INFO - 找到 28 张图片在:第2集
2026-09-03 01:09:43 - mkk_pika - main.py:112 - INFO - [episode:第2集       ] downloaded:    28, total:  28, progress:100%
2026-09-03 01:09:43 - mkk_pika - database.py:238 - INFO - 数据库更新已下载章节
2026-09-03 01:09:43 - mkk_pika - database.py:244 - INFO - 该漫画已下载章节如下
2026-09-03 01:09:43 - mkk_pika - database.py:245 - INFO - ['第1集', '第2集']
2026-09-03 01:09:45 - mkk_pika - main.py:83 - INFO - 找到 34 张图片在:第3集
2026-09-03 01:09:45 - mkk_pika - main.py:112 - INFO - [episode:第3集       ] downloaded:    34, total:  34, progress:100%
2026-09-03 01:09:45 - mkk_pika - database.py:238 - INFO - 数据库更新已下载章节
2026-09-03 01:09:45 - mkk_pika - database.py:244 - INFO - 该漫画已下载章节如下
2026-09-03 01:09:45 - mkk_pika - database.py:245 - INFO - ['第1集', '第2集', '第3集']
2026-09-03 01:09:47 - mkk_pika - main.py:348 - INFO - ==================== 漫画信息 ====================
                                   漫画ID：5c8dfda47137146cb7068c5e
                                   标题：寄生樹
                                   作者：タケ
                                   是否完结：是
                                   总页数：88
                                   分类：短篇
                                   章节数：3
                                   最后更新时间：2019-03-17T07:56:20.453Z
                                   =================================================
2026-09-03 01:09:47 - mkk_pika - database.py:101 - INFO - 保存成功：寄生樹
2026-09-03 01:09:47 - mkk_pika - main.py:35 - INFO - 开始检查搾乳淫魔チーチェ 第1話（コミックリブート Vol.01 ）是否存在未下载章节
2026-09-03 01:09:47 - mkk_pika - main.py:45 - INFO - 正在下载:[搾乳淫魔チーチェ 第1話（コミックリブート Vol.01 ）]-[焔すばる]-[['短篇', '百合花園', '純愛', '非人類']]-[total_pages:27]
2026-09-03 01:09:47 - mkk_pika - main.py:49 - INFO - [{'_id': '5c8dfdb75ce22c305f0fdfa6', 'title': '第1集', 'order': 1, 'updated_at': '2019-03-17T05:47:25.011Z', 'id': '5c8dfdb75ce22c305f0fdfa6'}]
2026-09-03 01:09:47 - mkk_pika - database.py:215 - INFO - 第一次下载该漫画，记录数据库中
2026-09-03 01:09:48 - mkk_pika - main.py:83 - INFO - 找到 27 张图片在:第1集
2026-09-03 01:09:48 - mkk_pika - main.py:112 - INFO - [episode:第1集       ] downloaded:    27, total:  27, progress:100%
2026-09-03 01:09:48 - mkk_pika - database.py:238 - INFO - 数据库更新已下载章节
2026-09-03 01:09:48 - mkk_pika - database.py:244 - INFO - 该漫画已下载章节如下
2026-09-03 01:09:48 - mkk_pika - database.py:245 - INFO - ['第1集']
2026-09-03 01:09:50 - mkk_pika - main.py:348 - INFO - ==================== 漫画信息 ====================
                                   漫画ID：5c8dfdb75ce22c305f0fdfa5
                                   标题：搾乳淫魔チーチェ 第1話（コミックリブート Vol.01 ）
                                   作者：焔すばる
                                   是否完结：是
                                   总页数：27
                                   分类：短篇,百合花園,純愛,非人類
                                   章节数：1
                                   最后更新时间：2019-03-17T07:56:39.019Z
                                   =================================================
2026-09-03 01:09:50 - mkk_pika - database.py:101 - INFO - 保存成功：搾乳淫魔チーチェ 第1話（コミックリブート Vol.01 ）
2026-09-03 01:09:50 - mkk_pika - main.py:380 - INFO - 本次任务下载完毕
2026-09-03 01:09:50 - mkk_pika - database.py:173 - INFO - 数据库连接已关闭
