2026-09-12 01:03:13 - mkk_pika - main.py:193 - INFO - =======================================================================
2026-09-12 01:03:13 - mkk_pika - database.py:61 - INFO - 表和索引初始化成功
2026-09-12 01:03:13 - mkk_pika - main.py:197 - INFO - 已经累计下载20689本漫画
2026-09-12 01:03:13 - mkk_pika - api.py:87 - INFO - 登录成功
2026-09-12 01:03:14 - mkk_pika - main.py:203 - INFO - 收藏夹共计0本漫画
2026-09-12 01:03:14 - mkk_pika - main.py:206 - INFO - 开始下载收藏夹内未下载内容
2026-09-12 01:03:14 - mkk_pika - main.py:266 - INFO - 收藏夹内容下载完毕
2026-09-12 01:03:14 - mkk_pika - main.py:268 - INFO - 开始下载订阅内容
2026-09-12 01:03:14 - mkk_pika - database.py:258 - INFO - 根据ID查询到标题：萝莉 -> ロリババお義母さんは押しに弱い11 | 萝莉老太婆义母小姐十分易推倒
2026-09-12 01:03:14 - mkk_pika - database.py:101 - INFO - 保存成功：ロリババお義母さんは押しに弱い11 | 萝莉老太婆义母小姐十分易推倒
2026-09-12 01:03:14 - mkk_pika - main.py:273 - INFO - 关键词萝莉找到1本漫画
2026-09-12 01:03:14 - mkk_pika - database.py:258 - INFO - 根据ID查询到标题：蘿莉 -> 信頼できる加湿器の使い方
2026-09-12 01:03:15 - mkk_pika - database.py:101 - INFO - 保存成功：奇普托斯國際性教育期刊
2026-09-12 01:03:15 - mkk_pika - main.py:273 - INFO - 关键词蘿莉找到4本漫画
2026-09-12 01:03:15 - mkk_pika - main.py:275 - INFO - 订阅内容共计5本漫画
2026-09-12 01:03:15 - mkk_pika - main.py:35 - INFO - 开始检查海ちゃんと夏休み 気づいたら俺の家が無防備汗だく○リっ子の休憩スポットになっていた話 | 海妹妹和暑假关于一不小心我家里多了一个汗津津的无防备小萝莉在休息这件事是否存在未下载章节
2026-09-12 01:03:15 - mkk_pika - database.py:203 - INFO - 查询数据库中是否已存在第1話
2026-09-12 01:03:15 - mkk_pika - main.py:51 - INFO - 海ちゃんと夏休み 気づいたら俺の家が無防備汗だく○リっ子の休憩スポットになっていた話 | 海妹妹和暑假关于一不小心我家里多了一个汗津津的无防备小萝莉在休息这件事中没有可下载章节
2026-09-12 01:03:15 - mkk_pika - main.py:292 - INFO - ==================== 漫画信息 ====================
                                漫画ID：6a9dab3808eee634cc4d7f42
                                标题：海ちゃんと夏休み 気づいたら俺の家が無防備汗だく○リっ子の休憩スポットになっていた話 | 海妹妹和暑假关于一不小心我家里多了一个汗津津的无防备小萝莉在休息这件事
                                作者：ラインアウト (こまり)
                                是否完结：是
                                总页数：45
                                分类：短篇
                                章节数：1
                                最后更新时间：2026-09-06T18:04:40.006Z
                                =================================================
2026-09-12 01:03:15 - mkk_pika - database.py:101 - INFO - 保存成功：海ちゃんと夏休み 気づいたら俺の家が無防備汗だく○リっ子の休憩スポットになっていた話 | 海妹妹和暑假关于一不小心我家里多了一个汗津津的无防备小萝莉在休息这件事
2026-09-12 01:03:15 - mkk_pika - main.py:35 - INFO - 开始检查先生、私にもっとセクハラして | 老师、请对我多一点性骚扰吧是否存在未下载章节
2026-09-12 01:03:16 - mkk_pika - main.py:45 - INFO - 正在下载:[先生、私にもっとセクハラして | 老师、请对我多一点性骚扰吧]-[EASY MODE HEROS (あなくろ)]-[['短篇']]-[total_pages:-1]
2026-09-12 01:03:16 - mkk_pika - main.py:49 - INFO - [{'_id': '6aa41b92008b404a8b7a9886', 'title': '第1話', 'order': 1, 'updated_at': '2026-09-07T16:36:10.413Z', 'id': '6aa41b92008b404a8b7a9886'}]
2026-09-12 01:03:16 - mkk_pika - database.py:215 - INFO - 第一次下载该漫画，记录数据库中
2026-09-12 01:03:16 - mkk_pika - main.py:83 - INFO - 找到 39 张图片在:第1話
2026-09-12 01:03:18 - mkk_pika - main.py:112 - INFO - [episode:第1話       ] downloaded:    39, total:  39, progress:100%
2026-09-12 01:03:18 - mkk_pika - database.py:238 - INFO - 数据库更新已下载章节
2026-09-12 01:03:18 - mkk_pika - database.py:244 - INFO - 该漫画已下载章节如下
2026-09-12 01:03:18 - mkk_pika - database.py:245 - INFO - ['第1話']
2026-09-12 01:03:19 - mkk_pika - main.py:292 - INFO - ==================== 漫画信息 ====================
                                漫画ID：6aa41b92008b404a8b7a9885
                                标题：先生、私にもっとセクハラして | 老师、请对我多一点性骚扰吧
                                作者：EASY MODE HEROS (あなくろ)
                                是否完结：是
                                总页数：39
                                分类：短篇
                                章节数：1
                                最后更新时间：2026-09-11T15:17:38.951Z
                                =================================================
2026-09-12 01:03:19 - mkk_pika - database.py:101 - INFO - 保存成功：先生、私にもっとセクハラして | 老师、请对我多一点性骚扰吧
2026-09-12 01:03:19 - mkk_pika - main.py:35 - INFO - 开始检查堕天計画 ～孤独を秘めた天使長編～| 堕天计划~深藏孤独的天使长篇~是否存在未下载章节
2026-09-12 01:03:19 - mkk_pika - main.py:45 - INFO - 正在下载:[堕天計画 ～孤独を秘めた天使長編～| 堕天计划~深藏孤独的天使长篇~]-[23.4ド (イチリ)]-[['短篇']]-[total_pages:-1]
2026-09-12 01:03:19 - mkk_pika - main.py:49 - INFO - [{'_id': '6aa41b3b3dfac64869b2582f', 'title': '第1話', 'order': 1, 'updated_at': '2026-09-07T16:24:53.054Z', 'id': '6aa41b3b3dfac64869b2582f'}]
2026-09-12 01:03:19 - mkk_pika - database.py:215 - INFO - 第一次下载该漫画，记录数据库中
2026-09-12 01:03:20 - mkk_pika - main.py:83 - INFO - 找到 43 张图片在:第1話
2026-09-12 01:03:22 - mkk_pika - main.py:112 - INFO - [episode:第1話       ] downloaded:    43, total:  43, progress:100%
2026-09-12 01:03:22 - mkk_pika - database.py:238 - INFO - 数据库更新已下载章节
2026-09-12 01:03:22 - mkk_pika - database.py:244 - INFO - 该漫画已下载章节如下
2026-09-12 01:03:22 - mkk_pika - database.py:245 - INFO - ['第1話']
2026-09-12 01:03:23 - mkk_pika - main.py:292 - INFO - ==================== 漫画信息 ====================
                                漫画ID：6aa41b3b3dfac64869b2582e
                                标题：堕天計画 ～孤独を秘めた天使長編～| 堕天计划~深藏孤独的天使长篇~
                                作者：23.4ド (イチリ)
                                是否完结：是
                                总页数：43
                                分类：短篇
                                章节数：1
                                最后更新时间：2026-09-11T15:16:11.831Z
                                =================================================
2026-09-12 01:03:23 - mkk_pika - database.py:101 - INFO - 保存成功：堕天計画 ～孤独を秘めた天使長編～| 堕天计划~深藏孤独的天使长篇~
2026-09-12 01:03:23 - mkk_pika - main.py:35 - INFO - 开始检查WEST GATE是否存在未下载章节
2026-09-12 01:03:23 - mkk_pika - main.py:45 - INFO - 正在下载:[WEST GATE]-[偽MIDI泥の会 (石恵)]-[['短篇', '全彩']]-[total_pages:-1]
2026-09-12 01:03:23 - mkk_pika - main.py:49 - INFO - [{'_id': '6aa41b2faa280b4a379b30f7', 'title': '第1話', 'order': 1, 'updated_at': '2026-09-07T16:14:55.094Z', 'id': '6aa41b2faa280b4a379b30f7'}]
2026-09-12 01:03:23 - mkk_pika - database.py:215 - INFO - 第一次下载该漫画，记录数据库中
2026-09-12 01:03:24 - mkk_pika - main.py:83 - INFO - 找到 17 张图片在:第1話
2026-09-12 01:03:25 - mkk_pika - main.py:112 - INFO - [episode:第1話       ] downloaded:    17, total:  17, progress:100%
2026-09-12 01:03:25 - mkk_pika - database.py:238 - INFO - 数据库更新已下载章节
2026-09-12 01:03:25 - mkk_pika - database.py:244 - INFO - 该漫画已下载章节如下
2026-09-12 01:03:25 - mkk_pika - database.py:245 - INFO - ['第1話']
2026-09-12 01:03:26 - mkk_pika - main.py:292 - INFO - ==================== 漫画信息 ====================
                                漫画ID：6aa41b2faa280b4a379b30f6
                                标题：WEST GATE
                                作者：偽MIDI泥の会 (石恵)
                                是否完结：是
                                总页数：17
                                分类：短篇,全彩
                                章节数：1
                                最后更新时间：2026-09-11T15:15:59.415Z
                                =================================================
2026-09-12 01:03:26 - mkk_pika - database.py:101 - INFO - 保存成功：WEST GATE
2026-09-12 01:03:26 - mkk_pika - main.py:35 - INFO - 开始检查巨乳の母娘にお世話になってます。是否存在未下载章节
2026-09-12 01:03:26 - mkk_pika - main.py:45 - INFO - 正在下载:[巨乳の母娘にお世話になってます。]-[絶望しろむじ (しょうさん坊主)]-[['長篇', '人妻', '後宮閃光']]-[total_pages:-1]
2026-09-12 01:03:26 - mkk_pika - main.py:49 - INFO - [{'_id': '63c19465380963328e1d5c05', 'title': '娘編', 'order': 1, 'updated_at': '2023-01-13T16:24:09.040Z', 'id': '63c19465380963328e1d5c05'}, {'_id': '63c19465380963328e1d5c06', 'title': '母編', 'order': 2, 'updated_at': '2023-01-13T16:17:48.397Z', 'id': '63c19465380963328e1d5c06'}, {'_id': '659abf3a5a64ea7db74614fa', 'title': 'ハーレム編', 'order': 3, 'updated_at': '2024-01-07T14:05:50.167Z', 'id': '659abf3a5a64ea7db74614fa'}, {'_id': '66f81d76d907a879c2674ddf', 'title': '母娘編', 'order': 4, 'updated_at': '2024-09-27T13:52:21.243Z', 'id': '66f81d76d907a879c2674ddf'}, {'_id': '68b49ac345f63d7c9d54a333', 'title': 'エクストラ編', 'order': 5, 'updated_at': '2025-08-30T14:13:46.473Z', 'id': '68b49ac345f63d7c9d54a333'}, {'_id': '6aa41a43aa280b4a379b302c', 'title': 'エクストラ編2', 'order': 6, 'updated_at': '2026-09-10T14:42:56.220Z', 'id': '6aa41a43aa280b4a379b302c'}]
2026-09-12 01:03:26 - mkk_pika - database.py:215 - INFO - 第一次下载该漫画，记录数据库中
2026-09-12 01:03:27 - mkk_pika - main.py:83 - INFO - 找到 33 张图片在:娘編
2026-09-12 01:03:28 - mkk_pika - main.py:112 - INFO - [episode:娘編        ] downloaded:    33, total:  33, progress:100%
2026-09-12 01:03:28 - mkk_pika - database.py:238 - INFO - 数据库更新已下载章节
2026-09-12 01:03:28 - mkk_pika - database.py:244 - INFO - 该漫画已下载章节如下
2026-09-12 01:03:28 - mkk_pika - database.py:245 - INFO - ['娘編']
2026-09-12 01:03:30 - mkk_pika - main.py:83 - INFO - 找到 42 张图片在:母編
2026-09-12 01:03:31 - mkk_pika - main.py:112 - INFO - [episode:母編        ] downloaded:    42, total:  42, progress:100%
2026-09-12 01:03:31 - mkk_pika - database.py:238 - INFO - 数据库更新已下载章节
2026-09-12 01:03:31 - mkk_pika - database.py:244 - INFO - 该漫画已下载章节如下
2026-09-12 01:03:31 - mkk_pika - database.py:245 - INFO - ['娘編', '母編']
2026-09-12 01:03:33 - mkk_pika - main.py:83 - INFO - 找到 44 张图片在:ハーレム編
2026-09-12 01:03:34 - mkk_pika - main.py:112 - INFO - [episode:ハーレム編     ] downloaded:    44, total:  44, progress:100%
2026-09-12 01:03:34 - mkk_pika - database.py:238 - INFO - 数据库更新已下载章节
2026-09-12 01:03:34 - mkk_pika - database.py:244 - INFO - 该漫画已下载章节如下
2026-09-12 01:03:34 - mkk_pika - database.py:245 - INFO - ['娘編', '母編', 'ハーレム編']
2026-09-12 01:03:36 - mkk_pika - main.py:83 - INFO - 找到 38 张图片在:母娘編
2026-09-12 01:03:37 - mkk_pika - main.py:112 - INFO - [episode:母娘編       ] downloaded:    38, total:  38, progress:100%
2026-09-12 01:03:37 - mkk_pika - database.py:238 - INFO - 数据库更新已下载章节
2026-09-12 01:03:37 - mkk_pika - database.py:244 - INFO - 该漫画已下载章节如下
2026-09-12 01:03:37 - mkk_pika - database.py:245 - INFO - ['娘編', '母編', 'ハーレム編', '母娘編']
2026-09-12 01:03:39 - mkk_pika - main.py:83 - INFO - 找到 43 张图片在:エクストラ編
2026-09-12 01:03:40 - mkk_pika - main.py:112 - INFO - [episode:エクストラ編    ] downloaded:    43, total:  43, progress:100%
2026-09-12 01:03:40 - mkk_pika - database.py:238 - INFO - 数据库更新已下载章节
2026-09-12 01:03:40 - mkk_pika - database.py:244 - INFO - 该漫画已下载章节如下
2026-09-12 01:03:40 - mkk_pika - database.py:245 - INFO - ['娘編', '母編', 'ハーレム編', '母娘編', 'エクストラ編']
2026-09-12 01:03:42 - mkk_pika - main.py:83 - INFO - 找到 52 张图片在:エクストラ編2
2026-09-12 01:03:44 - mkk_pika - main.py:112 - INFO - [episode:エクストラ編2   ] downloaded:    52, total:  52, progress:100%
2026-09-12 01:03:44 - mkk_pika - database.py:238 - INFO - 数据库更新已下载章节
2026-09-12 01:03:44 - mkk_pika - database.py:244 - INFO - 该漫画已下载章节如下
2026-09-12 01:03:44 - mkk_pika - database.py:245 - INFO - ['娘編', '母編', 'ハーレム編', '母娘編', 'エクストラ編', 'エクストラ編2']
2026-09-12 01:03:45 - mkk_pika - main.py:292 - INFO - ==================== 漫画信息 ====================
                                漫画ID：63c19465380963328e1d5c04
                                标题：巨乳の母娘にお世話になってます。
                                作者：絶望しろむじ (しょうさん坊主)
                                是否完结：是
                                总页数：200
                                分类：長篇,人妻,後宮閃光
                                章节数：5
                                最后更新时间：2025-08-31T18:56:03.640Z
                                =================================================
2026-09-12 01:03:45 - mkk_pika - database.py:101 - INFO - 保存成功：巨乳の母娘にお世話になってます。
2026-09-12 01:03:45 - mkk_pika - main.py:323 - INFO - 订阅内容内容下载完毕
2026-09-12 01:03:45 - mkk_pika - main.py:324 - INFO - 开始分批下载全部章节
2026-09-12 01:03:45 - mkk_pika - database.py:280 - INFO - 表和索引初始化成功
2026-09-12 01:03:46 - mkk_pika - main.py:177 - INFO - 已经下载了1597页，一共7138页，现在开始添加第1598页
2026-09-12 01:03:46 - mkk_pika - database.py:318 - INFO - 保存成功
2026-09-12 01:03:46 - mkk_pika - main.py:177 - INFO - 已经下载了1598页，一共7138页，现在开始添加第1599页
2026-09-12 01:03:47 - mkk_pika - database.py:318 - INFO - 保存成功
2026-09-12 01:03:47 - mkk_pika - main.py:177 - INFO - 已经下载了1599页，一共7138页，现在开始添加第1600页
2026-09-12 01:03:47 - mkk_pika - database.py:318 - INFO - 保存成功
2026-09-12 01:03:48 - mkk_pika - main.py:177 - INFO - 已经下载了1600页，一共7138页，现在开始添加第1601页
2026-09-12 01:03:48 - mkk_pika - database.py:318 - INFO - 保存成功
2026-09-12 01:03:48 - mkk_pika - main.py:177 - INFO - 已经下载了1601页，一共7138页，现在开始添加第1602页
2026-09-12 01:03:49 - mkk_pika - database.py:318 - INFO - 保存成功
2026-09-12 01:03:49 - mkk_pika - main.py:177 - INFO - 已经下载了1602页，一共7138页，现在开始添加第1603页
2026-09-12 01:03:50 - mkk_pika - database.py:318 - INFO - 保存成功
2026-09-12 01:03:50 - mkk_pika - main.py:177 - INFO - 已经下载了1603页，一共7138页，现在开始添加第1604页
2026-09-12 01:03:50 - mkk_pika - database.py:318 - INFO - 保存成功
2026-09-12 01:03:50 - mkk_pika - main.py:331 - INFO - 分批下载共计62本漫画
2026-09-12 01:03:50 - mkk_pika - main.py:35 - INFO - 开始检查西田さんは寝取られる [中国翻訳]是否存在未下载章节
2026-09-12 01:03:51 - mkk_pika - main.py:45 - INFO - 正在下载:[西田さんは寝取られる [中国翻訳]]-[丁髷帝国 (まげきち)]-[['短篇', 'NTR', '強暴']]-[total_pages:42]
2026-09-12 01:03:51 - mkk_pika - main.py:49 - INFO - [{'_id': '5cba93884af82a50baf99bfa', 'title': '第1集', 'order': 1, 'updated_at': '2019-04-19T12:46:22.703Z', 'id': '5cba93884af82a50baf99bfa'}]
2026-09-12 01:03:51 - mkk_pika - database.py:215 - INFO - 第一次下载该漫画，记录数据库中
2026-09-12 01:03:51 - mkk_pika - main.py:83 - INFO - 找到 42 张图片在:第1集
2026-09-12 01:03:53 - mkk_pika - main.py:112 - INFO - [episode:第1集       ] downloaded:    42, total:  42, progress:100%
2026-09-12 01:03:53 - mkk_pika - database.py:238 - INFO - 数据库更新已下载章节
2026-09-12 01:03:53 - mkk_pika - database.py:244 - INFO - 该漫画已下载章节如下
2026-09-12 01:03:53 - mkk_pika - database.py:245 - INFO - ['第1集']
2026-09-12 01:03:54 - mkk_pika - main.py:348 - INFO - ==================== 漫画信息 ====================
                                   漫画ID：5cba93884af82a50baf99bf9
                                   标题：西田さんは寝取られる [中国翻訳]
                                   作者：丁髷帝国 (まげきち)
                                   是否完结：是
                                   总页数：42
                                   分类：短篇,NTR,強暴
                                   章节数：1
                                   最后更新时间：2019-04-20T03:35:36.129Z
                                   =================================================
2026-09-12 01:03:54 - mkk_pika - database.py:101 - INFO - 保存成功：西田さんは寝取られる [中国翻訳]
2026-09-12 01:03:54 - mkk_pika - main.py:35 - INFO - 开始检查ラブ♡せんせーしょん是否存在未下载章节
2026-09-12 01:03:55 - mkk_pika - main.py:45 - INFO - 正在下载:[ラブ♡せんせーしょん]-[ささちん]-[['短篇', '純愛']]-[total_pages:21]
2026-09-12 01:03:55 - mkk_pika - main.py:49 - INFO - [{'_id': '5cba93c08eff93199a2bdbf0', 'title': '第1集', 'order': 1, 'updated_at': '2019-04-19T16:18:30.986Z', 'id': '5cba93c08eff93199a2bdbf0'}]
2026-09-12 01:03:55 - mkk_pika - database.py:215 - INFO - 第一次下载该漫画，记录数据库中
2026-09-12 01:03:55 - mkk_pika - main.py:83 - INFO - 找到 21 张图片在:第1集
2026-09-12 01:03:56 - mkk_pika - main.py:112 - INFO - [episode:第1集       ] downloaded:    21, total:  21, progress:100%
2026-09-12 01:03:56 - mkk_pika - database.py:238 - INFO - 数据库更新已下载章节
2026-09-12 01:03:56 - mkk_pika - database.py:244 - INFO - 该漫画已下载章节如下
2026-09-12 01:03:56 - mkk_pika - database.py:245 - INFO - ['第1集']
2026-09-12 01:03:57 - mkk_pika - main.py:348 - INFO - ==================== 漫画信息 ====================
                                   漫画ID：5cba93c08eff93199a2bdbef
                                   标题：ラブ♡せんせーしょん
                                   作者：ささちん
                                   是否完结：是
                                   总页数：21
                                   分类：短篇,純愛
                                   章节数：1
                                   最后更新时间：2019-04-20T03:36:32.265Z
                                   =================================================
2026-09-12 01:03:57 - mkk_pika - database.py:101 - INFO - 保存成功：ラブ♡せんせーしょん
2026-09-12 01:03:57 - mkk_pika - main.py:35 - INFO - 开始检查大好き。 (コミックホットミルク 2019年5月号) [中国翻訳] [DL版]是否存在未下载章节
2026-09-12 01:03:58 - mkk_pika - main.py:45 - INFO - 正在下载:[大好き。 (コミックホットミルク 2019年5月号) [中国翻訳] [DL版]]-[じょろり]-[['短篇', '純愛']]-[total_pages:25]
2026-09-12 01:03:58 - mkk_pika - main.py:49 - INFO - [{'_id': '5cba93d6f0799650f700cecd', 'title': '第1集', 'order': 1, 'updated_at': '2019-04-19T17:41:30.899Z', 'id': '5cba93d6f0799650f700cecd'}]
2026-09-12 01:03:58 - mkk_pika - database.py:215 - INFO - 第一次下载该漫画，记录数据库中
2026-09-12 01:03:58 - mkk_pika - main.py:83 - INFO - 找到 25 张图片在:第1集
2026-09-12 01:03:59 - mkk_pika - main.py:112 - INFO - [episode:第1集       ] downloaded:    25, total:  25, progress:100%
2026-09-12 01:03:59 - mkk_pika - database.py:238 - INFO - 数据库更新已下载章节
2026-09-12 01:03:59 - mkk_pika - database.py:244 - INFO - 该漫画已下载章节如下
2026-09-12 01:03:59 - mkk_pika - database.py:245 - INFO - ['第1集']
2026-09-12 01:04:00 - mkk_pika - main.py:348 - INFO - ==================== 漫画信息 ====================
                                   漫画ID：5cba93d6f0799650f700cecc
                                   标题：大好き。 (コミックホットミルク 2019年5月号) [中国翻訳] [DL版]
                                   作者：じょろり
                                   是否完结：是
                                   总页数：25
                                   分类：短篇,純愛
                                   章节数：1
                                   最后更新时间：2019-04-20T03:36:54.298Z
                                   =================================================
2026-09-12 01:04:00 - mkk_pika - database.py:101 - INFO - 保存成功：大好き。 (コミックホットミルク 2019年5月号) [中国翻訳] [DL版]
2026-09-12 01:04:00 - mkk_pika - main.py:35 - INFO - 开始检查淫欲開華 (艦隊これくしょん -艦これ-) [中国翻訳] [DL版]是否存在未下载章节
2026-09-12 01:04:01 - mkk_pika - main.py:45 - INFO - 正在下载:[淫欲開華 (艦隊これくしょん -艦これ-) [中国翻訳] [DL版]]-[焼き茄子定食 (茄子EX)]-[['短篇', '同人', '非人類', 'NTR', '艦隊收藏']]-[total_pages:31]
2026-09-12 01:04:01 - mkk_pika - main.py:49 - INFO - [{'_id': '5cba940842ce9e7eb62f37fd', 'title': '第1集', 'order': 1, 'updated_at': '2019-04-19T15:40:21.659Z', 'id': '5cba940842ce9e7eb62f37fd'}]
2026-09-12 01:04:01 - mkk_pika - database.py:215 - INFO - 第一次下载该漫画，记录数据库中
2026-09-12 01:04:01 - mkk_pika - main.py:83 - INFO - 找到 31 张图片在:第1集
2026-09-12 01:04:02 - mkk_pika - main.py:112 - INFO - [episode:第1集       ] downloaded:    31, total:  31, progress:100%
2026-09-12 01:04:02 - mkk_pika - database.py:238 - INFO - 数据库更新已下载章节
2026-09-12 01:04:02 - mkk_pika - database.py:244 - INFO - 该漫画已下载章节如下
2026-09-12 01:04:02 - mkk_pika - database.py:245 - INFO - ['第1集']
2026-09-12 01:04:03 - mkk_pika - main.py:348 - INFO - ==================== 漫画信息 ====================
                                   漫画ID：5cba940842ce9e7eb62f37fc
                                   标题：淫欲開華 (艦隊これくしょん -艦これ-) [中国翻訳] [DL版]
                                   作者：焼き茄子定食 (茄子EX)
                                   是否完结：是
                                   总页数：31
                                   分类：短篇,同人,非人類,NTR,艦隊收藏
                                   章节数：1
                                   最后更新时间：2019-04-20T03:37:44.734Z
                                   =================================================
2026-09-12 01:04:03 - mkk_pika - database.py:101 - INFO - 保存成功：淫欲開華 (艦隊これくしょん -艦これ-) [中国翻訳] [DL版]
2026-09-12 01:04:03 - mkk_pika - main.py:35 - INFO - 开始检查(C90)  メイド穴 (東方Project)是否存在未下载章节
2026-09-12 01:04:04 - mkk_pika - main.py:45 - INFO - 正在下载:[(C90)  メイド穴 (東方Project)]-[笑顔で暴力 (mogg)]-[['短篇', '同人', '扶他樂園', '東方']]-[total_pages:20]
2026-09-12 01:04:04 - mkk_pika - main.py:49 - INFO - [{'_id': '5cba94224af82a50baf99c29', 'title': '第1集', 'order': 1, 'updated_at': '2019-04-20T01:32:52.666Z', 'id': '5cba94224af82a50baf99c29'}]
2026-09-12 01:04:04 - mkk_pika - database.py:215 - INFO - 第一次下载该漫画，记录数据库中
2026-09-12 01:04:04 - mkk_pika - main.py:83 - INFO - 找到 20 张图片在:第1集
2026-09-12 01:04:05 - mkk_pika - main.py:112 - INFO - [episode:第1集       ] downloaded:    20, total:  20, progress:100%
2026-09-12 01:04:05 - mkk_pika - database.py:238 - INFO - 数据库更新已下载章节
2026-09-12 01:04:05 - mkk_pika - database.py:244 - INFO - 该漫画已下载章节如下
2026-09-12 01:04:05 - mkk_pika - database.py:245 - INFO - ['第1集']
2026-09-12 01:04:06 - mkk_pika - main.py:348 - INFO - ==================== 漫画信息 ====================
                                   漫画ID：5cba94224af82a50baf99c28
                                   标题：(C90)  メイド穴 (東方Project)
                                   作者：笑顔で暴力 (mogg)
                                   是否完结：是
                                   总页数：20
                                   分类：短篇,同人,扶他樂園,東方
                                   章节数：1
                                   最后更新时间：2019-04-20T03:38:10.819Z
                                   =================================================
2026-09-12 01:04:06 - mkk_pika - database.py:101 - INFO - 保存成功：(C90)  メイド穴 (東方Project)
2026-09-12 01:04:06 - mkk_pika - main.py:35 - INFO - 开始检查(C92) [八王子GALAXY VENUS (サンクス仮面)] ほのにこBirthday of Love (ラブライブ!) 是否存在未下载章节
2026-09-12 01:04:06 - mkk_pika - main.py:45 - INFO - 正在下载:[(C92) [八王子GALAXY VENUS (サンクス仮面)] ほのにこBirthday of Love (ラブライブ!) ]-[Thanks kamen]-[['Love Live', '同人', '短篇', '百合花園', '純愛']]-[total_pages:24]
2026-09-12 01:04:06 - mkk_pika - main.py:49 - INFO - [{'_id': '5cbb2d334563d01994312c11', 'title': '第1集', 'order': 1, 'updated_at': '2019-04-19T12:28:07.336Z', 'id': '5cbb2d334563d01994312c11'}]
2026-09-12 01:04:06 - mkk_pika - database.py:215 - INFO - 第一次下载该漫画，记录数据库中
2026-09-12 01:04:07 - mkk_pika - main.py:83 - INFO - 找到 24 张图片在:第1集
2026-09-12 01:04:08 - mkk_pika - main.py:112 - INFO - [episode:第1集       ] downloaded:    24, total:  24, progress:100%
2026-09-12 01:04:08 - mkk_pika - database.py:238 - INFO - 数据库更新已下载章节
2026-09-12 01:04:08 - mkk_pika - database.py:244 - INFO - 该漫画已下载章节如下
2026-09-12 01:04:08 - mkk_pika - database.py:245 - INFO - ['第1集']
2026-09-12 01:04:09 - mkk_pika - main.py:348 - INFO - ==================== 漫画信息 ====================
                                   漫画ID：5cbb2d334563d01994312c10
                                   标题：(C92) [八王子GALAXY VENUS (サンクス仮面)] ほのにこBirthday of Love (ラブライブ!) 
                                   作者：Thanks kamen
                                   是否完结：否
                                   总页数：24
                                   分类：Love Live,同人,短篇,百合花園,純愛
                                   章节数：1
                                   最后更新时间：2019-04-20T14:31:15.180Z
                                   =================================================
2026-09-12 01:04:09 - mkk_pika - database.py:101 - INFO - 保存成功：(C92) [八王子GALAXY VENUS (サンクス仮面)] ほのにこBirthday of Love (ラブライブ!) 
2026-09-12 01:04:09 - mkk_pika - main.py:35 - INFO - 开始检查GoddessLife ヘスティア編 (ダンジョンに出会いを求めるのは間違っているだろうか)是否存在未下载章节
2026-09-12 01:04:09 - mkk_pika - main.py:45 - INFO - 正在下载:[GoddessLife ヘスティア編 (ダンジョンに出会いを求めるのは間違っているだろうか)]-[ParadiseGom (ごるごんぞーら)]-[['同人', '短篇', 'NTR']]-[total_pages:46]
2026-09-12 01:04:09 - mkk_pika - main.py:49 - INFO - [{'_id': '5cbb2de5cf4d8819e15a697d', 'title': '第1集', 'order': 1, 'updated_at': '2019-04-19T22:14:24.838Z', 'id': '5cbb2de5cf4d8819e15a697d'}]
2026-09-12 01:04:09 - mkk_pika - database.py:215 - INFO - 第一次下载该漫画，记录数据库中
2026-09-12 01:04:10 - mkk_pika - main.py:83 - INFO - 找到 46 张图片在:第1集
2026-09-12 01:04:11 - mkk_pika - main.py:112 - INFO - [episode:第1集       ] downloaded:    46, total:  46, progress:100%
2026-09-12 01:04:11 - mkk_pika - database.py:238 - INFO - 数据库更新已下载章节
2026-09-12 01:04:11 - mkk_pika - database.py:244 - INFO - 该漫画已下载章节如下
2026-09-12 01:04:11 - mkk_pika - database.py:245 - INFO - ['第1集']
2026-09-12 01:04:13 - mkk_pika - main.py:348 - INFO - ==================== 漫画信息 ====================
                                   漫画ID：5cbb2de5cf4d8819e15a697c
                                   标题：GoddessLife ヘスティア編 (ダンジョンに出会いを求めるのは間違っているだろうか)
                                   作者：ParadiseGom (ごるごんぞーら)
                                   是否完结：是
                                   总页数：46
                                   分类：同人,短篇,NTR
                                   章节数：1
                                   最后更新时间：2019-04-20T14:34:13.356Z
                                   =================================================
2026-09-12 01:04:13 - mkk_pika - database.py:101 - INFO - 保存成功：GoddessLife ヘスティア編 (ダンジョンに出会いを求めるのは間違っているだろうか)
2026-09-12 01:04:13 - mkk_pika - main.py:35 - INFO - 开始检查おっぱい包囲網 (コミックマグナム Vol.111) [中国翻訳]是否存在未下载章节
2026-09-12 01:04:13 - mkk_pika - main.py:45 - INFO - 正在下载:[おっぱい包囲網 (コミックマグナム Vol.111) [中国翻訳]]-[もみやま]-[['短篇']]-[total_pages:77]
2026-09-12 01:04:13 - mkk_pika - main.py:49 - INFO - [{'_id': '5cb3335d9604e540dc6a40a4', 'title': '前', 'order': 1, 'updated_at': '2019-04-13T18:30:23.722Z', 'id': '5cb3335d9604e540dc6a40a4'}, {'_id': '5cb3335d9604e540dc6a40a5', 'title': '中', 'order': 2, 'updated_at': '2019-04-13T18:31:06.759Z', 'id': '5cb3335d9604e540dc6a40a5'}, {'_id': '5cbb2df224f7db50ed3a8f23', 'title': '后', 'order': 3, 'updated_at': '2019-04-20T00:42:10.677Z', 'id': '5cbb2df224f7db50ed3a8f23'}]
2026-09-12 01:04:13 - mkk_pika - database.py:215 - INFO - 第一次下载该漫画，记录数据库中
2026-09-12 01:04:13 - mkk_pika - main.py:83 - INFO - 找到 25 张图片在:前
2026-09-12 01:04:14 - mkk_pika - main.py:112 - INFO - [episode:前         ] downloaded:    25, total:  25, progress:100%
2026-09-12 01:04:14 - mkk_pika - database.py:238 - INFO - 数据库更新已下载章节
2026-09-12 01:04:14 - mkk_pika - database.py:244 - INFO - 该漫画已下载章节如下
2026-09-12 01:04:14 - mkk_pika - database.py:245 - INFO - ['前']
2026-09-12 01:04:16 - mkk_pika - main.py:83 - INFO - 找到 25 张图片在:中
2026-09-12 01:04:17 - mkk_pika - main.py:112 - INFO - [episode:中         ] downloaded:    25, total:  25, progress:100%
2026-09-12 01:04:17 - mkk_pika - database.py:238 - INFO - 数据库更新已下载章节
2026-09-12 01:04:17 - mkk_pika - database.py:244 - INFO - 该漫画已下载章节如下
2026-09-12 01:04:17 - mkk_pika - database.py:245 - INFO - ['前', '中']
2026-09-12 01:04:18 - mkk_pika - main.py:83 - INFO - 找到 27 张图片在:后
2026-09-12 01:04:19 - mkk_pika - main.py:112 - INFO - [episode:后         ] downloaded:    27, total:  27, progress:100%
2026-09-12 01:04:19 - mkk_pika - database.py:238 - INFO - 数据库更新已下载章节
2026-09-12 01:04:19 - mkk_pika - database.py:244 - INFO - 该漫画已下载章节如下
2026-09-12 01:04:19 - mkk_pika - database.py:245 - INFO - ['前', '中', '后']
2026-09-12 01:04:20 - mkk_pika - main.py:348 - INFO - ==================== 漫画信息 ====================
                                   漫画ID：5cb3335d9604e540dc6a40a3
                                   标题：おっぱい包囲網 (コミックマグナム Vol.111) [中国翻訳]
                                   作者：もみやま
                                   是否完结：否
                                   总页数：77
                                   分类：短篇
                                   章节数：3
                                   最后更新时间：2019-04-20T14:34:26.958Z
                                   =================================================
2026-09-12 01:04:20 - mkk_pika - database.py:101 - INFO - 保存成功：おっぱい包囲網 (コミックマグナム Vol.111) [中国翻訳]
2026-09-12 01:04:20 - mkk_pika - main.py:35 - INFO - 开始检查ちんちん占い (COMIC 快楽天 2015年11月号) [中国翻訳]是否存在未下载章节
2026-09-12 01:04:21 - mkk_pika - main.py:45 - INFO - 正在下载:[ちんちん占い (COMIC 快楽天 2015年11月号) [中国翻訳]]-[もじゃりん]-[['短篇']]-[total_pages:16]
2026-09-12 01:04:21 - mkk_pika - main.py:49 - INFO - [{'_id': '5cbb2e00068a2b4e2c57dc9f', 'title': '第1集', 'order': 1, 'updated_at': '2019-04-20T00:47:25.216Z', 'id': '5cbb2e00068a2b4e2c57dc9f'}]
2026-09-12 01:04:21 - mkk_pika - database.py:215 - INFO - 第一次下载该漫画，记录数据库中
2026-09-12 01:04:21 - mkk_pika - main.py:83 - INFO - 找到 16 张图片在:第1集
2026-09-12 01:04:22 - mkk_pika - main.py:112 - INFO - [episode:第1集       ] downloaded:    16, total:  16, progress:100%
2026-09-12 01:04:22 - mkk_pika - database.py:238 - INFO - 数据库更新已下载章节
2026-09-12 01:04:22 - mkk_pika - database.py:244 - INFO - 该漫画已下载章节如下
2026-09-12 01:04:22 - mkk_pika - database.py:245 - INFO - ['第1集']
2026-09-12 01:04:23 - mkk_pika - main.py:348 - INFO - ==================== 漫画信息 ====================
                                   漫画ID：5cbb2e00068a2b4e2c57dc9e
                                   标题：ちんちん占い (COMIC 快楽天 2015年11月号) [中国翻訳]
                                   作者：もじゃりん
                                   是否完结：是
                                   总页数：16
                                   分类：短篇
                                   章节数：1
                                   最后更新时间：2019-04-20T14:34:40.574Z
                                   =================================================
2026-09-12 01:04:23 - mkk_pika - database.py:101 - INFO - 保存成功：ちんちん占い (COMIC 快楽天 2015年11月号) [中国翻訳]
2026-09-12 01:04:23 - mkk_pika - main.py:35 - INFO - 开始检查(僕らのラブライブ! 11) BUBI～お尻から特ダイノタカラモノズがブリブリンセスして憂鬱～ (ラブライブ!)是否存在未下载章节
2026-09-12 01:04:23 - mkk_pika - main.py:45 - INFO - 正在下载:[(僕らのラブライブ! 11) BUBI～お尻から特ダイノタカラモノズがブリブリンセスして憂鬱～ (ラブライブ!)]-[砂くじら。 (特攻くじら)]-[['短篇', '同人', '百合花園', 'Love Live']]-[total_pages:25]
2026-09-12 01:04:23 - mkk_pika - main.py:49 - INFO - [{'_id': '5cbb2e18f0799650f700d5ab', 'title': '第1集', 'order': 1, 'updated_at': '2019-04-20T01:16:30.289Z', 'id': '5cbb2e18f0799650f700d5ab'}]
2026-09-12 01:04:23 - mkk_pika - database.py:215 - INFO - 第一次下载该漫画，记录数据库中
2026-09-12 01:04:24 - mkk_pika - main.py:83 - INFO - 找到 25 张图片在:第1集
2026-09-12 01:04:25 - mkk_pika - main.py:112 - INFO - [episode:第1集       ] downloaded:    25, total:  25, progress:100%
2026-09-12 01:04:25 - mkk_pika - database.py:238 - INFO - 数据库更新已下载章节
2026-09-12 01:04:25 - mkk_pika - database.py:244 - INFO - 该漫画已下载章节如下
2026-09-12 01:04:25 - mkk_pika - database.py:245 - INFO - ['第1集']
2026-09-12 01:04:26 - mkk_pika - main.py:348 - INFO - ==================== 漫画信息 ====================
                                   漫画ID：5cbb2e18f0799650f700d5aa
                                   标题：(僕らのラブライブ! 11) BUBI～お尻から特ダイノタカラモノズがブリブリンセスして憂鬱～ (ラブライブ!)
                                   作者：砂くじら。 (特攻くじら)
                                   是否完结：是
                                   总页数：25
                                   分类：短篇,同人,百合花園,Love Live
                                   章节数：1
                                   最后更新时间：2019-04-20T14:35:04.870Z
                                   =================================================
2026-09-12 01:04:26 - mkk_pika - database.py:101 - INFO - 保存成功：(僕らのラブライブ! 11) BUBI～お尻から特ダイノタカラモノズがブリブリンセスして憂鬱～ (ラブライブ!)
2026-09-12 01:04:26 - mkk_pika - main.py:35 - INFO - 开始检查(C84)ぷりんせすあんどぱんさー! (ラブライブ!)[中国翻訳]是否存在未下载章节
2026-09-12 01:04:26 - mkk_pika - main.py:45 - INFO - 正在下载:[(C84)ぷりんせすあんどぱんさー! (ラブライブ!)[中国翻訳]]-[ストラトスフィア (ウルツ)]-[['同人', '短篇', '百合花園', 'Love Live']]-[total_pages:36]
2026-09-12 01:04:26 - mkk_pika - main.py:49 - INFO - [{'_id': '5cbb2ec7c897694df7ec3995', 'title': '第1集', 'order': 1, 'updated_at': '2019-04-20T05:47:36.886Z', 'id': '5cbb2ec7c897694df7ec3995'}]
2026-09-12 01:04:26 - mkk_pika - database.py:215 - INFO - 第一次下载该漫画，记录数据库中
2026-09-12 01:04:27 - mkk_pika - main.py:83 - INFO - 找到 36 张图片在:第1集
2026-09-12 01:04:29 - mkk_pika - main.py:112 - INFO - [episode:第1集       ] downloaded:    36, total:  36, progress:100%
2026-09-12 01:04:29 - mkk_pika - database.py:238 - INFO - 数据库更新已下载章节
2026-09-12 01:04:29 - mkk_pika - database.py:244 - INFO - 该漫画已下载章节如下
2026-09-12 01:04:29 - mkk_pika - database.py:245 - INFO - ['第1集']
2026-09-12 01:04:30 - mkk_pika - main.py:348 - INFO - ==================== 漫画信息 ====================
                                   漫画ID：5cbb2ec7c897694df7ec3994
                                   标题：(C84)ぷりんせすあんどぱんさー! (ラブライブ!)[中国翻訳]
                                   作者：ストラトスフィア (ウルツ)
                                   是否完结：是
                                   总页数：36
                                   分类：同人,短篇,百合花園,Love Live
                                   章节数：1
                                   最后更新时间：2019-04-20T14:37:59.581Z
                                   =================================================
2026-09-12 01:04:30 - mkk_pika - database.py:101 - INFO - 保存成功：(C84)ぷりんせすあんどぱんさー! (ラブライブ!)[中国翻訳]
2026-09-12 01:04:30 - mkk_pika - main.py:35 - INFO - 开始检查スカサハ師匠のケルト式SEXトレーニング是否存在未下载章节
2026-09-12 01:04:30 - mkk_pika - main.py:45 - INFO - 正在下载:[スカサハ師匠のケルト式SEXトレーニング]-[ゆずぽん酢 (ジセキ)]-[['同人', '短篇', 'Fate']]-[total_pages:53]
2026-09-12 01:04:30 - mkk_pika - main.py:49 - INFO - [{'_id': '5c37414f37a6ca7398005fa8', 'title': '第1集', 'order': 1, 'updated_at': '2019-01-03T02:43:25.040Z', 'id': '5c37414f37a6ca7398005fa8'}, {'_id': '5cbb2ed8c89bcb50c2e697f5', 'title': '汉化', 'order': 2, 'updated_at': '2019-04-20T07:27:31.229Z', 'id': '5cbb2ed8c89bcb50c2e697f5'}]
2026-09-12 01:04:30 - mkk_pika - database.py:215 - INFO - 第一次下载该漫画，记录数据库中
2026-09-12 01:04:31 - mkk_pika - main.py:83 - INFO - 找到 26 张图片在:第1集
2026-09-12 01:04:32 - mkk_pika - main.py:112 - INFO - [episode:第1集       ] downloaded:    26, total:  26, progress:100%
2026-09-12 01:04:32 - mkk_pika - database.py:238 - INFO - 数据库更新已下载章节
2026-09-12 01:04:32 - mkk_pika - database.py:244 - INFO - 该漫画已下载章节如下
2026-09-12 01:04:32 - mkk_pika - database.py:245 - INFO - ['第1集']
2026-09-12 01:04:33 - mkk_pika - main.py:83 - INFO - 找到 27 张图片在:汉化
2026-09-12 01:04:34 - mkk_pika - main.py:112 - INFO - [episode:汉化        ] downloaded:    27, total:  27, progress:100%
2026-09-12 01:04:34 - mkk_pika - database.py:238 - INFO - 数据库更新已下载章节
2026-09-12 01:04:34 - mkk_pika - database.py:244 - INFO - 该漫画已下载章节如下
2026-09-12 01:04:34 - mkk_pika - database.py:245 - INFO - ['第1集', '汉化']
2026-09-12 01:04:35 - mkk_pika - main.py:348 - INFO - ==================== 漫画信息 ====================
                                   漫画ID：5c37414f37a6ca7398005fa7
                                   标题：スカサハ師匠のケルト式SEXトレーニング
                                   作者：ゆずぽん酢 (ジセキ)
                                   是否完结：是
                                   总页数：53
                                   分类：同人,短篇,Fate
                                   章节数：2
                                   最后更新时间：2019-04-20T14:38:16.014Z
                                   =================================================
2026-09-12 01:04:35 - mkk_pika - database.py:101 - INFO - 保存成功：スカサハ師匠のケルト式SEXトレーニング
2026-09-12 01:04:35 - mkk_pika - main.py:35 - INFO - 开始检查魔胎都市 咲耶之章･壱[中国翻訳]是否存在未下载章节
2026-09-12 01:04:36 - mkk_pika - main.py:45 - INFO - 正在下载:[魔胎都市 咲耶之章･壱[中国翻訳]]-[Radical Dream (竜胆、黒井弘騎)]-[['短篇', '非人類']]-[total_pages:32]
2026-09-12 01:04:36 - mkk_pika - main.py:49 - INFO - [{'_id': '5cbb2ef0f0799650f700d5cf', 'title': '第1集', 'order': 1, 'updated_at': '2019-04-20T06:13:34.285Z', 'id': '5cbb2ef0f0799650f700d5cf'}]
2026-09-12 01:04:36 - mkk_pika - database.py:215 - INFO - 第一次下载该漫画，记录数据库中
2026-09-12 01:04:36 - mkk_pika - main.py:83 - INFO - 找到 32 张图片在:第1集
2026-09-12 01:04:37 - mkk_pika - main.py:112 - INFO - [episode:第1集       ] downloaded:    32, total:  32, progress:100%
2026-09-12 01:04:37 - mkk_pika - database.py:238 - INFO - 数据库更新已下载章节
2026-09-12 01:04:37 - mkk_pika - database.py:244 - INFO - 该漫画已下载章节如下
2026-09-12 01:04:37 - mkk_pika - database.py:245 - INFO - ['第1集']
2026-09-12 01:04:39 - mkk_pika - main.py:348 - INFO - ==================== 漫画信息 ====================
                                   漫画ID：5cbb2ef0f0799650f700d5ce
                                   标题：魔胎都市 咲耶之章･壱[中国翻訳]
                                   作者：Radical Dream (竜胆、黒井弘騎)
                                   是否完结：是
                                   总页数：32
                                   分类：短篇,非人類
                                   章节数：1
                                   最后更新时间：2019-04-20T14:38:40.194Z
                                   =================================================
2026-09-12 01:04:39 - mkk_pika - database.py:101 - INFO - 保存成功：魔胎都市 咲耶之章･壱[中国翻訳]
2026-09-12 01:04:39 - mkk_pika - main.py:35 - INFO - 开始检查(C95)  FDO フェイト/ドスケベオーダー VOL.0.5 (Fate/Grand Order)是否存在未下载章节
2026-09-12 01:04:39 - mkk_pika - main.py:45 - INFO - 正在下载:[(C95)  FDO フェイト/ドスケベオーダー VOL.0.5 (Fate/Grand Order)]-[Small Marron (アサクラククリ)]-[['短篇', '同人', '純愛', 'Fate']]-[total_pages:29]
2026-09-12 01:04:39 - mkk_pika - main.py:49 - INFO - [{'_id': '5c8df5e6036aa556613c8606', 'title': '第1集', 'order': 1, 'updated_at': '2019-03-07T12:33:47.552Z', 'id': '5c8df5e6036aa556613c8606'}, {'_id': '5cbb2f044af82a50baf9a42c', 'title': '汉化', 'order': 2, 'updated_at': '2019-04-20T07:57:01.935Z', 'id': '5cbb2f044af82a50baf9a42c'}]
2026-09-12 01:04:39 - mkk_pika - database.py:215 - INFO - 第一次下载该漫画，记录数据库中
2026-09-12 01:04:39 - mkk_pika - main.py:83 - INFO - 找到 14 张图片在:第1集
2026-09-12 01:04:40 - mkk_pika - main.py:112 - INFO - [episode:第1集       ] downloaded:    14, total:  14, progress:100%
2026-09-12 01:04:40 - mkk_pika - database.py:238 - INFO - 数据库更新已下载章节
2026-09-12 01:04:40 - mkk_pika - database.py:244 - INFO - 该漫画已下载章节如下
2026-09-12 01:04:40 - mkk_pika - database.py:245 - INFO - ['第1集']
2026-09-12 01:04:41 - mkk_pika - main.py:83 - INFO - 找到 15 张图片在:汉化
2026-09-12 01:04:42 - mkk_pika - main.py:112 - INFO - [episode:汉化        ] downloaded:    15, total:  15, progress:100%
2026-09-12 01:04:42 - mkk_pika - database.py:238 - INFO - 数据库更新已下载章节
2026-09-12 01:04:42 - mkk_pika - database.py:244 - INFO - 该漫画已下载章节如下
2026-09-12 01:04:42 - mkk_pika - database.py:245 - INFO - ['第1集', '汉化']
2026-09-12 01:04:43 - mkk_pika - main.py:348 - INFO - ==================== 漫画信息 ====================
                                   漫画ID：5c8df5e6036aa556613c8605
                                   标题：(C95)  FDO フェイト/ドスケベオーダー VOL.0.5 (Fate/Grand Order)
                                   作者：Small Marron (アサクラククリ)
                                   是否完结：是
                                   总页数：29
                                   分类：短篇,同人,純愛,Fate
                                   章节数：2
                                   最后更新时间：2019-04-20T14:39:00.551Z
                                   =================================================
2026-09-12 01:04:43 - mkk_pika - database.py:101 - INFO - 保存成功：(C95)  FDO フェイト/ドスケベオーダー VOL.0.5 (Fate/Grand Order)
2026-09-12 01:04:43 - mkk_pika - main.py:35 - INFO - 开始检查 (同人誌)  あなたの妻になる前に 汉化是否存在未下载章节
2026-09-12 01:04:43 - mkk_pika - main.py:45 - INFO - 正在下载:[ (同人誌)  あなたの妻になる前に 汉化]-[こくだかや]-[['短篇', 'NTR']]-[total_pages:55]
2026-09-12 01:04:43 - mkk_pika - main.py:49 - INFO - [{'_id': '5cbb2f84f0799650f700d5f6', 'title': '第1集', 'order': 1, 'updated_at': '2019-04-20T08:34:14.438Z', 'id': '5cbb2f84f0799650f700d5f6'}]
2026-09-12 01:04:43 - mkk_pika - database.py:215 - INFO - 第一次下载该漫画，记录数据库中
2026-09-12 01:04:44 - mkk_pika - main.py:83 - INFO - 找到 55 张图片在:第1集
2026-09-12 01:04:46 - mkk_pika - main.py:112 - INFO - [episode:第1集       ] downloaded:    55, total:  55, progress:100%
2026-09-12 01:04:46 - mkk_pika - database.py:238 - INFO - 数据库更新已下载章节
2026-09-12 01:04:46 - mkk_pika - database.py:244 - INFO - 该漫画已下载章节如下
2026-09-12 01:04:46 - mkk_pika - database.py:245 - INFO - ['第1集']
2026-09-12 01:04:47 - mkk_pika - main.py:348 - INFO - ==================== 漫画信息 ====================
                                   漫画ID：5cbb2f84f0799650f700d5f5
                                   标题： (同人誌)  あなたの妻になる前に 汉化
                                   作者：こくだかや
                                   是否完结：是
                                   总页数：55
                                   分类：短篇,NTR
                                   章节数：1
                                   最后更新时间：2019-04-20T14:41:08.680Z
                                   =================================================
2026-09-12 01:04:47 - mkk_pika - database.py:101 - INFO - 保存成功： (同人誌)  あなたの妻になる前に 汉化
2026-09-12 01:04:47 - mkk_pika - main.py:35 - INFO - 开始检查人体改造アンソロジーコミックス Vol.4 是否存在未下载章节
2026-09-12 01:04:48 - mkk_pika - main.py:45 - INFO - 正在下载:[人体改造アンソロジーコミックス Vol.4 ]-[アンソロジー]-[['短篇', '非人類']]-[total_pages:66]
2026-09-12 01:04:48 - mkk_pika - main.py:49 - INFO - [{'_id': '5cbb2fac42ce9e7eb62f3c76', 'title': '第1集', 'order': 1, 'updated_at': '2019-04-20T09:53:13.400Z', 'id': '5cbb2fac42ce9e7eb62f3c76'}]
2026-09-12 01:04:48 - mkk_pika - database.py:215 - INFO - 第一次下载该漫画，记录数据库中
2026-09-12 01:04:48 - mkk_pika - main.py:83 - INFO - 找到 66 张图片在:第1集
2026-09-12 01:04:51 - mkk_pika - main.py:112 - INFO - [episode:第1集       ] downloaded:    66, total:  66, progress:100%
2026-09-12 01:04:51 - mkk_pika - database.py:238 - INFO - 数据库更新已下载章节
2026-09-12 01:04:51 - mkk_pika - database.py:244 - INFO - 该漫画已下载章节如下
2026-09-12 01:04:51 - mkk_pika - database.py:245 - INFO - ['第1集']
2026-09-12 01:04:52 - mkk_pika - main.py:348 - INFO - ==================== 漫画信息 ====================
                                   漫画ID：5cbb2fac42ce9e7eb62f3c75
                                   标题：人体改造アンソロジーコミックス Vol.4 
                                   作者：アンソロジー
                                   是否完结：是
                                   总页数：66
                                   分类：短篇,非人類
                                   章节数：1
                                   最后更新时间：2019-04-20T14:41:48.869Z
                                   =================================================
2026-09-12 01:04:52 - mkk_pika - database.py:101 - INFO - 保存成功：人体改造アンソロジーコミックス Vol.4 
2026-09-12 01:04:52 - mkk_pika - main.py:35 - INFO - 开始检查中出し100人できるかな 中出共100人你做得到嗎是否存在未下载章节
2026-09-12 01:04:52 - mkk_pika - main.py:45 - INFO - 正在下载:[中出し100人できるかな 中出共100人你做得到嗎]-[太平天極]-[['長篇', '純愛', '後宮閃光', '單行本', '人妻']]-[total_pages:211]
2026-09-12 01:04:52 - mkk_pika - main.py:49 - INFO - [{'_id': '5cbb2fb66e6f1e4def87f102', 'title': '社保之島的單行本', 'order': 1, 'updated_at': '2019-04-19T06:40:45.944Z', 'id': '5cbb2fb66e6f1e4def87f102'}]
2026-09-12 01:04:52 - mkk_pika - database.py:215 - INFO - 第一次下载该漫画，记录数据库中
2026-09-12 01:04:55 - mkk_pika - main.py:83 - INFO - 找到 211 张图片在:社保之島的單行本
2026-09-12 01:05:01 - mkk_pika - main.py:112 - INFO - [episode:社保之島的單行本  ] downloaded:   211, total: 211, progress:100%
2026-09-12 01:05:01 - mkk_pika - database.py:238 - INFO - 数据库更新已下载章节
2026-09-12 01:05:01 - mkk_pika - database.py:244 - INFO - 该漫画已下载章节如下
2026-09-12 01:05:01 - mkk_pika - database.py:245 - INFO - ['社保之島的單行本']
2026-09-12 01:05:03 - mkk_pika - main.py:348 - INFO - ==================== 漫画信息 ====================
                                   漫画ID：5cbb2fb66e6f1e4def87f101
                                   标题：中出し100人できるかな 中出共100人你做得到嗎
                                   作者：太平天極
                                   是否完结：是
                                   总页数：211
                                   分类：長篇,純愛,後宮閃光,單行本,人妻
                                   章节数：1
                                   最后更新时间：2019-04-20T14:41:58.475Z
                                   =================================================
2026-09-12 01:05:03 - mkk_pika - database.py:101 - INFO - 保存成功：中出し100人できるかな 中出共100人你做得到嗎
2026-09-12 01:05:03 - mkk_pika - main.py:35 - INFO - 开始检查(どうやら出番のようだ!16) トガちゃんとデクくん (僕のヒーローアカデミア) [中国翻訳]是否存在未下载章节
2026-09-12 01:05:03 - mkk_pika - main.py:45 - INFO - 正在下载:[(どうやら出番のようだ!16) トガちゃんとデクくん (僕のヒーローアカデミア) [中国翻訳]]-[Mekao (電メカ)]-[['短篇', '同人', '扶他樂園']]-[total_pages:19]
2026-09-12 01:05:03 - mkk_pika - main.py:49 - INFO - [{'_id': '5cbb303442ce9e7eb62f3cc1', 'title': '第1集', 'order': 1, 'updated_at': '2019-04-20T10:07:06.759Z', 'id': '5cbb303442ce9e7eb62f3cc1'}]
2026-09-12 01:05:03 - mkk_pika - database.py:215 - INFO - 第一次下载该漫画，记录数据库中
2026-09-12 01:05:03 - mkk_pika - main.py:83 - INFO - 找到 19 张图片在:第1集
2026-09-12 01:05:04 - mkk_pika - main.py:112 - INFO - [episode:第1集       ] downloaded:    19, total:  19, progress:100%
2026-09-12 01:05:04 - mkk_pika - database.py:238 - INFO - 数据库更新已下载章节
2026-09-12 01:05:04 - mkk_pika - database.py:244 - INFO - 该漫画已下载章节如下
2026-09-12 01:05:04 - mkk_pika - database.py:245 - INFO - ['第1集']
2026-09-12 01:05:06 - mkk_pika - main.py:348 - INFO - ==================== 漫画信息 ====================
                                   漫画ID：5cbb303442ce9e7eb62f3cc0
                                   标题：(どうやら出番のようだ!16) トガちゃんとデクくん (僕のヒーローアカデミア) [中国翻訳]
                                   作者：Mekao (電メカ)
                                   是否完结：是
                                   总页数：19
                                   分类：短篇,同人,扶他樂園
                                   章节数：1
                                   最后更新时间：2019-04-20T14:44:04.365Z
                                   =================================================
2026-09-12 01:05:06 - mkk_pika - database.py:101 - INFO - 保存成功：(どうやら出番のようだ!16) トガちゃんとデクくん (僕のヒーローアカデミア) [中国翻訳]
2026-09-12 01:05:06 - mkk_pika - main.py:35 - INFO - 开始检查傀儡 [中国翻訳] [DL版]是否存在未下载章节
2026-09-12 01:05:06 - mkk_pika - main.py:45 - INFO - 正在下载:[傀儡 [中国翻訳] [DL版]]-[俗物.zip (あすか)]-[['短篇']]-[total_pages:68]
2026-09-12 01:05:06 - mkk_pika - main.py:49 - INFO - [{'_id': '5cbb30528eff93199a2bdf63', 'title': '第1集', 'order': 1, 'updated_at': '2019-04-20T10:49:06.531Z', 'id': '5cbb30528eff93199a2bdf63'}, {'_id': '5cbb30528eff93199a2bdf64', 'title': '第2集', 'order': 2, 'updated_at': '2019-04-20T10:52:49.604Z', 'id': '5cbb30528eff93199a2bdf64'}]
2026-09-12 01:05:06 - mkk_pika - database.py:215 - INFO - 第一次下载该漫画，记录数据库中
2026-09-12 01:05:06 - mkk_pika - main.py:83 - INFO - 找到 34 张图片在:第1集
2026-09-12 01:05:08 - mkk_pika - main.py:112 - INFO - [episode:第1集       ] downloaded:    34, total:  34, progress:100%
2026-09-12 01:05:08 - mkk_pika - database.py:238 - INFO - 数据库更新已下载章节
2026-09-12 01:05:08 - mkk_pika - database.py:244 - INFO - 该漫画已下载章节如下
2026-09-12 01:05:08 - mkk_pika - database.py:245 - INFO - ['第1集']
2026-09-12 01:05:09 - mkk_pika - main.py:83 - INFO - 找到 34 张图片在:第2集
2026-09-12 01:05:11 - mkk_pika - main.py:112 - INFO - [episode:第2集       ] downloaded:    34, total:  34, progress:100%
2026-09-12 01:05:11 - mkk_pika - database.py:238 - INFO - 数据库更新已下载章节
2026-09-12 01:05:11 - mkk_pika - database.py:244 - INFO - 该漫画已下载章节如下
2026-09-12 01:05:11 - mkk_pika - database.py:245 - INFO - ['第1集', '第2集']
2026-09-12 01:05:12 - mkk_pika - main.py:348 - INFO - ==================== 漫画信息 ====================
                                   漫画ID：5cbb30528eff93199a2bdf62
                                   标题：傀儡 [中国翻訳] [DL版]
                                   作者：俗物.zip (あすか)
                                   是否完结：是
                                   总页数：68
                                   分类：短篇
                                   章节数：2
                                   最后更新时间：2019-04-20T14:44:34.067Z
                                   =================================================
2026-09-12 01:05:12 - mkk_pika - database.py:101 - INFO - 保存成功：傀儡 [中国翻訳] [DL版]
2026-09-12 01:05:12 - mkk_pika - main.py:35 - INFO - 开始检查master病弱3-尼祿 (Fate/Grand Order)是否存在未下载章节
2026-09-12 01:05:12 - mkk_pika - main.py:45 - INFO - 正在下载:[master病弱3-尼祿 (Fate/Grand Order)]-[SoLo]-[['短篇', '同人', 'Fate']]-[total_pages:14]
2026-09-12 01:05:12 - mkk_pika - main.py:49 - INFO - [{'_id': '5cbb30fa4af82a50baf9a4da', 'title': '第1集', 'order': 1, 'updated_at': '2019-04-20T14:28:55.407Z', 'id': '5cbb30fa4af82a50baf9a4da'}]
2026-09-12 01:05:12 - mkk_pika - database.py:215 - INFO - 第一次下载该漫画，记录数据库中
2026-09-12 01:05:13 - mkk_pika - main.py:83 - INFO - 找到 14 张图片在:第1集
2026-09-12 01:05:13 - mkk_pika - main.py:112 - INFO - [episode:第1集       ] downloaded:    14, total:  14, progress:100%
2026-09-12 01:05:13 - mkk_pika - database.py:238 - INFO - 数据库更新已下载章节
2026-09-12 01:05:13 - mkk_pika - database.py:244 - INFO - 该漫画已下载章节如下
2026-09-12 01:05:13 - mkk_pika - database.py:245 - INFO - ['第1集']
2026-09-12 01:05:15 - mkk_pika - main.py:348 - INFO - ==================== 漫画信息 ====================
                                   漫画ID：5cbb30fa4af82a50baf9a4d9
                                   标题：master病弱3-尼祿 (Fate/Grand Order)
                                   作者：SoLo
                                   是否完结：是
                                   总页数：14
                                   分类：短篇,同人,Fate
                                   章节数：1
                                   最后更新时间：2019-04-20T14:47:22.395Z
                                   =================================================
2026-09-12 01:05:15 - mkk_pika - database.py:101 - INFO - 保存成功：master病弱3-尼祿 (Fate/Grand Order)
2026-09-12 01:05:15 - mkk_pika - main.py:35 - INFO - 开始检查押せばヤれる娘 押倒就上的姑娘是否存在未下载章节
2026-09-12 01:05:15 - mkk_pika - main.py:45 - INFO - 正在下载:[押せばヤれる娘 押倒就上的姑娘]-[ケケ]-[['長篇', '單行本', 'NTR', '強暴']]-[total_pages:206]
2026-09-12 01:05:15 - mkk_pika - main.py:49 - INFO - [{'_id': '5cbb3101ca60d64e2687d9ea', 'title': '女友被人NTR破處的單行本', 'order': 1, 'updated_at': '2019-04-19T06:27:46.598Z', 'id': '5cbb3101ca60d64e2687d9ea'}]
2026-09-12 01:05:15 - mkk_pika - database.py:215 - INFO - 第一次下载该漫画，记录数据库中
2026-09-12 01:05:17 - mkk_pika - main.py:83 - INFO - 找到 206 张图片在:女友被人NTR破處的單行本
2026-09-12 01:05:23 - mkk_pika - main.py:112 - INFO - [episode:女友被人NTR破處的單行本] downloaded:   206, total: 206, progress:100%
2026-09-12 01:05:23 - mkk_pika - database.py:238 - INFO - 数据库更新已下载章节
2026-09-12 01:05:23 - mkk_pika - database.py:244 - INFO - 该漫画已下载章节如下
2026-09-12 01:05:23 - mkk_pika - database.py:245 - INFO - ['女友被人NTR破處的單行本']
2026-09-12 01:05:24 - mkk_pika - main.py:348 - INFO - ==================== 漫画信息 ====================
                                   漫画ID：5cbb3101ca60d64e2687d9e9
                                   标题：押せばヤれる娘 押倒就上的姑娘
                                   作者：ケケ
                                   是否完结：是
                                   总页数：206
                                   分类：長篇,單行本,NTR,強暴
                                   章节数：1
                                   最后更新时间：2019-04-20T14:47:29.569Z
                                   =================================================
2026-09-12 01:05:24 - mkk_pika - database.py:101 - INFO - 保存成功：押せばヤれる娘 押倒就上的姑娘
2026-09-12 01:05:24 - mkk_pika - main.py:35 - INFO - 开始检查練習巡洋艦鹿島、着床です♥ (艦隊これくしょん -艦これ-) 是否存在未下载章节
2026-09-12 01:05:25 - mkk_pika - main.py:45 - INFO - 正在下载:[練習巡洋艦鹿島、着床です♥ (艦隊これくしょん -艦これ-) ]-[左藤空気]-[['短篇', '同人', 'NTR', '艦隊收藏']]-[total_pages:12]
2026-09-12 01:05:25 - mkk_pika - main.py:49 - INFO - [{'_id': '5cbb6924f0799650f700d90b', 'title': '第1集', 'order': 1, 'updated_at': '2019-04-19T16:01:49.183Z', 'id': '5cbb6924f0799650f700d90b'}]
2026-09-12 01:05:25 - mkk_pika - database.py:215 - INFO - 第一次下载该漫画，记录数据库中
2026-09-12 01:05:25 - mkk_pika - main.py:83 - INFO - 找到 12 张图片在:第1集
2026-09-12 01:05:26 - mkk_pika - main.py:112 - INFO - [episode:第1集       ] downloaded:    12, total:  12, progress:100%
2026-09-12 01:05:26 - mkk_pika - database.py:238 - INFO - 数据库更新已下载章节
2026-09-12 01:05:26 - mkk_pika - database.py:244 - INFO - 该漫画已下载章节如下
2026-09-12 01:05:26 - mkk_pika - database.py:245 - INFO - ['第1集']
2026-09-12 01:05:27 - mkk_pika - main.py:348 - INFO - ==================== 漫画信息 ====================
                                   漫画ID：5cbb6924f0799650f700d90a
                                   标题：練習巡洋艦鹿島、着床です♥ (艦隊これくしょん -艦これ-) 
                                   作者：左藤空気
                                   是否完结：是
                                   总页数：12
                                   分类：短篇,同人,NTR,艦隊收藏
                                   章节数：1
                                   最后更新时间：2019-04-20T18:47:00.030Z
                                   =================================================
2026-09-12 01:05:27 - mkk_pika - database.py:101 - INFO - 保存成功：練習巡洋艦鹿島、着床です♥ (艦隊これくしょん -艦これ-) 
2026-09-12 01:05:27 - mkk_pika - main.py:35 - INFO - 开始检查生まれ堕ちる、新たな生命に祝福を是否存在未下载章节
2026-09-12 01:05:27 - mkk_pika - main.py:45 - INFO - 正在下载:[生まれ堕ちる、新たな生命に祝福を]-[秋月・午・サッカリン]-[['短篇', '全彩', 'Fate']]-[total_pages:21]
2026-09-12 01:05:27 - mkk_pika - main.py:49 - INFO - [{'_id': '5cbb69804af82a50baf9a731', 'title': '第1集', 'order': 1, 'updated_at': '2019-04-19T17:06:22.458Z', 'id': '5cbb69804af82a50baf9a731'}]
2026-09-12 01:05:27 - mkk_pika - database.py:215 - INFO - 第一次下载该漫画，记录数据库中
2026-09-12 01:05:28 - mkk_pika - main.py:83 - INFO - 找到 21 张图片在:第1集
2026-09-12 01:05:28 - mkk_pika - main.py:112 - INFO - [episode:第1集       ] downloaded:    21, total:  21, progress:100%
2026-09-12 01:05:28 - mkk_pika - database.py:238 - INFO - 数据库更新已下载章节
2026-09-12 01:05:28 - mkk_pika - database.py:244 - INFO - 该漫画已下载章节如下
2026-09-12 01:05:28 - mkk_pika - database.py:245 - INFO - ['第1集']
2026-09-12 01:05:30 - mkk_pika - main.py:348 - INFO - ==================== 漫画信息 ====================
                                   漫画ID：5cbb69804af82a50baf9a730
                                   标题：生まれ堕ちる、新たな生命に祝福を
                                   作者：秋月・午・サッカリン
                                   是否完结：否
                                   总页数：21
                                   分类：短篇,全彩,Fate
                                   章节数：1
                                   最后更新时间：2019-04-20T18:48:32.131Z
                                   =================================================
2026-09-12 01:05:30 - mkk_pika - database.py:101 - INFO - 保存成功：生まれ堕ちる、新たな生命に祝福を
2026-09-12 01:05:30 - mkk_pika - main.py:35 - INFO - 开始检查(C94)きみにもらった星のうた (BanG Dream!)是否存在未下载章节
2026-09-12 01:05:30 - mkk_pika - main.py:45 - INFO - 正在下载:[(C94)きみにもらった星のうた (BanG Dream!)]-[しょぼコン (きたむらとおる)]-[['同人', '短篇', '百合花園', '純愛']]-[total_pages:21]
2026-09-12 01:05:30 - mkk_pika - main.py:49 - INFO - [{'_id': '5cbb6a83c897694df7ec3bb2', 'title': '第1集', 'order': 1, 'updated_at': '2019-04-19T12:11:40.251Z', 'id': '5cbb6a83c897694df7ec3bb2'}]
2026-09-12 01:05:30 - mkk_pika - database.py:215 - INFO - 第一次下载该漫画，记录数据库中
2026-09-12 01:05:30 - mkk_pika - main.py:83 - INFO - 找到 21 张图片在:第1集
2026-09-12 01:05:31 - mkk_pika - main.py:112 - INFO - [episode:第1集       ] downloaded:    21, total:  21, progress:100%
2026-09-12 01:05:31 - mkk_pika - database.py:238 - INFO - 数据库更新已下载章节
2026-09-12 01:05:31 - mkk_pika - database.py:244 - INFO - 该漫画已下载章节如下
2026-09-12 01:05:31 - mkk_pika - database.py:245 - INFO - ['第1集']
2026-09-12 01:05:33 - mkk_pika - main.py:348 - INFO - ==================== 漫画信息 ====================
                                   漫画ID：5cbb6a83c897694df7ec3bb1
                                   标题：(C94)きみにもらった星のうた (BanG Dream!)
                                   作者：しょぼコン (きたむらとおる)
                                   是否完结：否
                                   总页数：21
                                   分类：同人,短篇,百合花園,純愛
                                   章节数：1
                                   最后更新时间：2019-04-20T18:52:51.248Z
                                   =================================================
2026-09-12 01:05:33 - mkk_pika - database.py:101 - INFO - 保存成功：(C94)きみにもらった星のうた (BanG Dream!)
2026-09-12 01:05:33 - mkk_pika - main.py:35 - INFO - 开始检查森林怪兽和小妖精【c93】是否存在未下载章节
2026-09-12 01:05:33 - mkk_pika - main.py:45 - INFO - 正在下载:[森林怪兽和小妖精【c93】]-[東みなつ]-[['同人', '短篇', '純愛', '非人類']]-[total_pages:44]
2026-09-12 01:05:33 - mkk_pika - main.py:49 - INFO - [{'_id': '5cbb6b624563d01994312f1d', 'title': '第1集', 'order': 1, 'updated_at': '2019-04-20T15:15:02.696Z', 'id': '5cbb6b624563d01994312f1d'}]
2026-09-12 01:05:33 - mkk_pika - database.py:215 - INFO - 第一次下载该漫画，记录数据库中
2026-09-12 01:05:34 - mkk_pika - main.py:83 - INFO - 找到 44 张图片在:第1集
2026-09-12 01:05:35 - mkk_pika - main.py:112 - INFO - [episode:第1集       ] downloaded:    44, total:  44, progress:100%
2026-09-12 01:05:35 - mkk_pika - database.py:238 - INFO - 数据库更新已下载章节
2026-09-12 01:05:35 - mkk_pika - database.py:244 - INFO - 该漫画已下载章节如下
2026-09-12 01:05:35 - mkk_pika - database.py:245 - INFO - ['第1集']
2026-09-12 01:05:36 - mkk_pika - main.py:348 - INFO - ==================== 漫画信息 ====================
                                   漫画ID：5cbb6b624563d01994312f1c
                                   标题：森林怪兽和小妖精【c93】
                                   作者：東みなつ
                                   是否完结：是
                                   总页数：44
                                   分类：同人,短篇,純愛,非人類
                                   章节数：1
                                   最后更新时间：2019-04-20T18:56:34.387Z
                                   =================================================
2026-09-12 01:05:36 - mkk_pika - database.py:101 - INFO - 保存成功：森林怪兽和小妖精【c93】
2026-09-12 01:05:36 - mkk_pika - main.py:35 - INFO - 开始检查梦烟【c93】是否存在未下载章节
2026-09-12 01:05:37 - mkk_pika - main.py:45 - INFO - 正在下载:[梦烟【c93】]-[BLACK FANG/両谷 哉]-[['同人', '短篇', '非人類']]-[total_pages:33]
2026-09-12 01:05:37 - mkk_pika - main.py:49 - INFO - [{'_id': '5cbb6b6f90707c7edc5e1d44', 'title': '第1集', 'order': 1, 'updated_at': '2019-04-20T15:21:54.518Z', 'id': '5cbb6b6f90707c7edc5e1d44'}]
2026-09-12 01:05:37 - mkk_pika - database.py:215 - INFO - 第一次下载该漫画，记录数据库中
2026-09-12 01:05:37 - mkk_pika - main.py:83 - INFO - 找到 33 张图片在:第1集
2026-09-12 01:05:39 - mkk_pika - main.py:112 - INFO - [episode:第1集       ] downloaded:    33, total:  33, progress:100%
2026-09-12 01:05:39 - mkk_pika - database.py:238 - INFO - 数据库更新已下载章节
2026-09-12 01:05:39 - mkk_pika - database.py:244 - INFO - 该漫画已下载章节如下
2026-09-12 01:05:39 - mkk_pika - database.py:245 - INFO - ['第1集']
2026-09-12 01:05:40 - mkk_pika - main.py:348 - INFO - ==================== 漫画信息 ====================
                                   漫画ID：5cbb6b6f90707c7edc5e1d43
                                   标题：梦烟【c93】
                                   作者：BLACK FANG/両谷 哉
                                   是否完结：是
                                   总页数：33
                                   分类：同人,短篇,非人類
                                   章节数：1
                                   最后更新时间：2019-04-20T18:56:47.414Z
                                   =================================================
2026-09-12 01:05:40 - mkk_pika - database.py:101 - INFO - 保存成功：梦烟【c93】
2026-09-12 01:05:40 - mkk_pika - main.py:35 - INFO - 开始检查おしえてお師匠様 3 (Fate Grand Order)是否存在未下载章节
2026-09-12 01:05:40 - mkk_pika - main.py:45 - INFO - 正在下载:[おしえてお師匠様 3 (Fate Grand Order)]-[餓武者羅 (銀河味)]-[['全彩', '短篇', '同人', '純愛', 'Fate']]-[total_pages:14]
2026-09-12 01:05:40 - mkk_pika - main.py:49 - INFO - [{'_id': '5cbb6b9af0799650f700d93a', 'title': '第1集', 'order': 1, 'updated_at': '2019-04-20T15:42:19.062Z', 'id': '5cbb6b9af0799650f700d93a'}]
2026-09-12 01:05:40 - mkk_pika - database.py:215 - INFO - 第一次下载该漫画，记录数据库中
2026-09-12 01:05:41 - mkk_pika - main.py:83 - INFO - 找到 14 张图片在:第1集
2026-09-12 01:05:41 - mkk_pika - main.py:112 - INFO - [episode:第1集       ] downloaded:    14, total:  14, progress:100%
2026-09-12 01:05:41 - mkk_pika - database.py:238 - INFO - 数据库更新已下载章节
2026-09-12 01:05:41 - mkk_pika - database.py:244 - INFO - 该漫画已下载章节如下
2026-09-12 01:05:41 - mkk_pika - database.py:245 - INFO - ['第1集']
2026-09-12 01:05:43 - mkk_pika - main.py:348 - INFO - ==================== 漫画信息 ====================
                                   漫画ID：5cbb6b9af0799650f700d939
                                   标题：おしえてお師匠様 3 (Fate Grand Order)
                                   作者：餓武者羅 (銀河味)
                                   是否完结：是
                                   总页数：14
                                   分类：全彩,短篇,同人,純愛,Fate
                                   章节数：1
                                   最后更新时间：2019-04-20T18:57:30.967Z
                                   =================================================
2026-09-12 01:05:43 - mkk_pika - database.py:101 - INFO - 保存成功：おしえてお師匠様 3 (Fate Grand Order)
2026-09-12 01:05:43 - mkk_pika - main.py:35 - INFO - 开始检查(C95)大鳳と三笠どっちが好き？ (アズールレーン)是否存在未下载章节
2026-09-12 01:05:43 - mkk_pika - main.py:45 - INFO - 正在下载:[(C95)大鳳と三笠どっちが好き？ (アズールレーン)]-[すらんぷらいふ (扇希実)]-[['短篇', '同人', '全彩', '後宮閃光']]-[total_pages:17]
2026-09-12 01:05:43 - mkk_pika - main.py:49 - INFO - [{'_id': '5cbb6c4e068a2b4e2c57dea0', 'title': '第1集', 'order': 1, 'updated_at': '2019-04-20T18:51:31.559Z', 'id': '5cbb6c4e068a2b4e2c57dea0'}]
2026-09-12 01:05:43 - mkk_pika - database.py:215 - INFO - 第一次下载该漫画，记录数据库中
2026-09-12 01:05:43 - mkk_pika - main.py:83 - INFO - 找到 17 张图片在:第1集
2026-09-12 01:05:44 - mkk_pika - main.py:112 - INFO - [episode:第1集       ] downloaded:    17, total:  17, progress:100%
2026-09-12 01:05:44 - mkk_pika - database.py:238 - INFO - 数据库更新已下载章节
2026-09-12 01:05:44 - mkk_pika - database.py:244 - INFO - 该漫画已下载章节如下
2026-09-12 01:05:44 - mkk_pika - database.py:245 - INFO - ['第1集']
2026-09-12 01:05:45 - mkk_pika - main.py:348 - INFO - ==================== 漫画信息 ====================
                                   漫画ID：5cbb6c4e068a2b4e2c57de9f
                                   标题：(C95)大鳳と三笠どっちが好き？ (アズールレーン)
                                   作者：すらんぷらいふ (扇希実)
                                   是否完结：是
                                   总页数：17
                                   分类：短篇,同人,全彩,後宮閃光
                                   章节数：1
                                   最后更新时间：2019-04-20T19:00:30.460Z
                                   =================================================
2026-09-12 01:05:45 - mkk_pika - database.py:101 - INFO - 保存成功：(C95)大鳳と三笠どっちが好き？ (アズールレーン)
2026-09-12 01:05:45 - mkk_pika - main.py:35 - INFO - 开始检查(COMIC1☆13) 的場梨沙 催眠猥褻IV (アイドルマスターシンデレラガールズ)是否存在未下载章节
2026-09-12 01:05:45 - mkk_pika - main.py:45 - INFO - 正在下载:[(COMIC1☆13) 的場梨沙 催眠猥褻IV (アイドルマスターシンデレラガールズ)]-[CHARAN PORAN (猫乃またたび)]-[['短篇', '同人']]-[total_pages:26]
2026-09-12 01:05:45 - mkk_pika - main.py:49 - INFO - [{'_id': '5cbc2bcb068a2b4e2c57e19c', 'title': '第1集', 'order': 1, 'updated_at': '2019-04-20T17:29:03.652Z', 'id': '5cbc2bcb068a2b4e2c57e19c'}]
2026-09-12 01:05:45 - mkk_pika - database.py:215 - INFO - 第一次下载该漫画，记录数据库中
2026-09-12 01:05:46 - mkk_pika - main.py:83 - INFO - 找到 26 张图片在:第1集
2026-09-12 01:05:47 - mkk_pika - main.py:112 - INFO - [episode:第1集       ] downloaded:    26, total:  26, progress:100%
2026-09-12 01:05:47 - mkk_pika - database.py:238 - INFO - 数据库更新已下载章节
2026-09-12 01:05:47 - mkk_pika - database.py:244 - INFO - 该漫画已下载章节如下
2026-09-12 01:05:47 - mkk_pika - database.py:245 - INFO - ['第1集']
2026-09-12 01:05:48 - mkk_pika - main.py:348 - INFO - ==================== 漫画信息 ====================
                                   漫画ID：5cbc2bcb068a2b4e2c57e19b
                                   标题：(COMIC1☆13) 的場梨沙 催眠猥褻IV (アイドルマスターシンデレラガールズ)
                                   作者：CHARAN PORAN (猫乃またたび)
                                   是否完结：是
                                   总页数：26
                                   分类：短篇,同人
                                   章节数：1
                                   最后更新时间：2019-04-21T08:37:31.835Z
                                   =================================================
2026-09-12 01:05:48 - mkk_pika - database.py:101 - INFO - 保存成功：(COMIC1☆13) 的場梨沙 催眠猥褻IV (アイドルマスターシンデレラガールズ)
2026-09-12 01:05:48 - mkk_pika - main.py:35 - INFO - 开始检查(C83)ネプビタンH えくすとら (超次元ゲイム ネプテューヌ)是否存在未下载章节
2026-09-12 01:05:48 - mkk_pika - main.py:45 - INFO - 正在下载:[(C83)ネプビタンH えくすとら (超次元ゲイム ネプテューヌ)]-[ゆう部屋 (yuu)]-[['全彩', '短篇', '足の恋', '同人']]-[total_pages:-14]
2026-09-12 01:05:48 - mkk_pika - main.py:49 - INFO - [{'_id': '5cbc2bf4ca60d64e2687de6b', 'title': '第1集', 'order': 1, 'updated_at': '2019-04-21T02:16:36.724Z', 'id': '5cbc2bf4ca60d64e2687de6b'}]
2026-09-12 01:05:48 - mkk_pika - database.py:215 - INFO - 第一次下载该漫画，记录数据库中
2026-09-12 01:05:49 - mkk_pika - main.py:83 - INFO - 找到 20 张图片在:第1集
2026-09-12 01:05:49 - mkk_pika - main.py:112 - INFO - [episode:第1集       ] downloaded:    20, total:  20, progress:100%
2026-09-12 01:05:49 - mkk_pika - database.py:238 - INFO - 数据库更新已下载章节
2026-09-12 01:05:49 - mkk_pika - database.py:244 - INFO - 该漫画已下载章节如下
2026-09-12 01:05:49 - mkk_pika - database.py:245 - INFO - ['第1集']
2026-09-12 01:05:51 - mkk_pika - main.py:348 - INFO - ==================== 漫画信息 ====================
                                   漫画ID：5cbc2bf3ca60d64e2687de6a
                                   标题：(C83)ネプビタンH えくすとら (超次元ゲイム ネプテューヌ)
                                   作者：ゆう部屋 (yuu)
                                   是否完结：是
                                   总页数：-14
                                   分类：全彩,短篇,足の恋,同人
                                   章节数：1
                                   最后更新时间：2019-04-21T08:38:11.998Z
                                   =================================================
2026-09-12 01:05:51 - mkk_pika - database.py:101 - INFO - 保存成功：(C83)ネプビタンH えくすとら (超次元ゲイム ネプテューヌ)
2026-09-12 01:05:51 - mkk_pika - main.py:35 - INFO - 开始检查梦呓【个人摸鱼本记录】是否存在未下载章节
2026-09-12 01:05:51 - mkk_pika - main.py:45 - INFO - 正在下载:[梦呓【个人摸鱼本记录】]-[鳳凰]-[['短篇', '純愛', '妹妹系']]-[total_pages:12]
2026-09-12 01:05:51 - mkk_pika - main.py:49 - INFO - [{'_id': '5cbc2c0c7e84e07ebe5ada7f', 'title': '第1集', 'order': 1, 'updated_at': '2019-04-21T02:23:08.114Z', 'id': '5cbc2c0c7e84e07ebe5ada7f'}]
2026-09-12 01:05:51 - mkk_pika - database.py:215 - INFO - 第一次下载该漫画，记录数据库中
2026-09-12 01:05:51 - mkk_pika - main.py:83 - INFO - 找到 21 张图片在:第1集
2026-09-12 01:05:52 - mkk_pika - main.py:112 - INFO - [episode:第1集       ] downloaded:    21, total:  21, progress:100%
2026-09-12 01:05:52 - mkk_pika - database.py:238 - INFO - 数据库更新已下载章节
2026-09-12 01:05:52 - mkk_pika - database.py:244 - INFO - 该漫画已下载章节如下
2026-09-12 01:05:52 - mkk_pika - database.py:245 - INFO - ['第1集']
2026-09-12 01:05:54 - mkk_pika - main.py:348 - INFO - ==================== 漫画信息 ====================
                                   漫画ID：5cbc2c0c7e84e07ebe5ada7e
                                   标题：梦呓【个人摸鱼本记录】
                                   作者：鳳凰
                                   是否完结：是
                                   总页数：12
                                   分类：短篇,純愛,妹妹系
                                   章节数：1
                                   最后更新时间：2019-04-21T08:38:36.316Z
                                   =================================================
2026-09-12 01:05:54 - mkk_pika - database.py:101 - INFO - 保存成功：梦呓【个人摸鱼本记录】
2026-09-12 01:05:54 - mkk_pika - main.py:35 - INFO - 开始检查おじさんが異世界転生したらエラいところに来てしまった件。 (LQ -Little Queen- Vol.24) [中国翻訳] [DL版]是否存在未下载章节
2026-09-12 01:05:54 - mkk_pika - main.py:45 - INFO - 正在下载:[おじさんが異世界転生したらエラいところに来てしまった件。 (LQ -Little Queen- Vol.24) [中国翻訳] [DL版]]-[ニム]-[['短篇', '同人', '非人類']]-[total_pages:39]
2026-09-12 01:05:54 - mkk_pika - main.py:49 - INFO - [{'_id': '5cbc318e90707c7edc5e2027', 'title': '第1集', 'order': 1, 'updated_at': '2019-04-21T09:24:10.306Z', 'id': '5cbc318e90707c7edc5e2027'}]
2026-09-12 01:05:54 - mkk_pika - database.py:215 - INFO - 第一次下载该漫画，记录数据库中
2026-09-12 01:05:54 - mkk_pika - main.py:83 - INFO - 找到 39 张图片在:第1集
2026-09-12 01:05:56 - mkk_pika - main.py:112 - INFO - [episode:第1集       ] downloaded:    39, total:  39, progress:100%
2026-09-12 01:05:56 - mkk_pika - database.py:238 - INFO - 数据库更新已下载章节
2026-09-12 01:05:56 - mkk_pika - database.py:244 - INFO - 该漫画已下载章节如下
2026-09-12 01:05:56 - mkk_pika - database.py:245 - INFO - ['第1集']
2026-09-12 01:05:57 - mkk_pika - main.py:348 - INFO - ==================== 漫画信息 ====================
                                   漫画ID：5cbc318e90707c7edc5e2026
                                   标题：おじさんが異世界転生したらエラいところに来てしまった件。 (LQ -Little Queen- Vol.24) [中国翻訳] [DL版]
                                   作者：ニム
                                   是否完结：是
                                   总页数：39
                                   分类：短篇,同人,非人類
                                   章节数：1
                                   最后更新时间：2019-04-21T09:02:06.719Z
                                   =================================================
2026-09-12 01:05:57 - mkk_pika - database.py:101 - INFO - 保存成功：おじさんが異世界転生したらエラいところに来てしまった件。 (LQ -Little Queen- Vol.24) [中国翻訳] [DL版]
2026-09-12 01:05:57 - mkk_pika - main.py:35 - INFO - 开始检查旗袍冰绥新的故事-201603 [中国翻訳]是否存在未下载章节
2026-09-12 01:05:58 - mkk_pika - main.py:45 - INFO - 正在下载:[旗袍冰绥新的故事-201603 [中国翻訳]]-[集成館（国漫-纳米核心）]-[['全彩', '同人', '短篇']]-[total_pages:12]
2026-09-12 01:05:58 - mkk_pika - main.py:49 - INFO - [{'_id': '5cbc364577755019e05db181', 'title': '第1集', 'order': 1, 'updated_at': '2019-04-21T05:19:19.360Z', 'id': '5cbc364577755019e05db181'}]
2026-09-12 01:05:58 - mkk_pika - database.py:215 - INFO - 第一次下载该漫画，记录数据库中
2026-09-12 01:05:58 - mkk_pika - main.py:83 - INFO - 找到 12 张图片在:第1集
2026-09-12 01:05:59 - mkk_pika - main.py:112 - INFO - [episode:第1集       ] downloaded:    12, total:  12, progress:100%
2026-09-12 01:05:59 - mkk_pika - database.py:238 - INFO - 数据库更新已下载章节
2026-09-12 01:05:59 - mkk_pika - database.py:244 - INFO - 该漫画已下载章节如下
2026-09-12 01:05:59 - mkk_pika - database.py:245 - INFO - ['第1集']
2026-09-12 01:06:00 - mkk_pika - main.py:348 - INFO - ==================== 漫画信息 ====================
                                   漫画ID：5cbc364577755019e05db180
                                   标题：旗袍冰绥新的故事-201603 [中国翻訳]
                                   作者：集成館（国漫-纳米核心）
                                   是否完结：否
                                   总页数：12
                                   分类：全彩,同人,短篇
                                   章节数：1
                                   最后更新时间：2019-04-21T09:22:13.804Z
                                   =================================================
2026-09-12 01:06:00 - mkk_pika - database.py:101 - INFO - 保存成功：旗袍冰绥新的故事-201603 [中国翻訳]
2026-09-12 01:06:00 - mkk_pika - main.py:35 - INFO - 开始检查GRANCOLOR FANTASY N  (グランブルーファンタジー) 是否存在未下载章节
2026-09-12 01:06:00 - mkk_pika - main.py:45 - INFO - 正在下载:[GRANCOLOR FANTASY N  (グランブルーファンタジー) ]-[藤屋本店 (藤ます)]-[['短篇', '全彩', '同人', '碧藍幻想']]-[total_pages:10]
2026-09-12 01:06:00 - mkk_pika - main.py:49 - INFO - [{'_id': '5cbc36597e84e07ebe5adab3', 'title': '第1集', 'order': 1, 'updated_at': '2019-04-21T06:17:26.219Z', 'id': '5cbc36597e84e07ebe5adab3'}]
2026-09-12 01:06:00 - mkk_pika - database.py:215 - INFO - 第一次下载该漫画，记录数据库中
2026-09-12 01:06:01 - mkk_pika - main.py:83 - INFO - 找到 10 张图片在:第1集
2026-09-12 01:06:01 - mkk_pika - main.py:112 - INFO - [episode:第1集       ] downloaded:    10, total:  10, progress:100%
2026-09-12 01:06:01 - mkk_pika - database.py:238 - INFO - 数据库更新已下载章节
2026-09-12 01:06:01 - mkk_pika - database.py:244 - INFO - 该漫画已下载章节如下
2026-09-12 01:06:01 - mkk_pika - database.py:245 - INFO - ['第1集']
2026-09-12 01:06:02 - mkk_pika - main.py:348 - INFO - ==================== 漫画信息 ====================
                                   漫画ID：5cbc36597e84e07ebe5adab2
                                   标题：GRANCOLOR FANTASY N  (グランブルーファンタジー) 
                                   作者：藤屋本店 (藤ます)
                                   是否完结：是
                                   总页数：10
                                   分类：短篇,全彩,同人,碧藍幻想
                                   章节数：1
                                   最后更新时间：2019-04-21T09:22:33.313Z
                                   =================================================
2026-09-12 01:06:02 - mkk_pika - database.py:101 - INFO - 保存成功：GRANCOLOR FANTASY N  (グランブルーファンタジー) 
2026-09-12 01:06:02 - mkk_pika - main.py:35 - INFO - 开始检查(C95)魔女と悪魔とゲームブック (東方Project)是否存在未下载章节
2026-09-12 01:06:02 - mkk_pika - main.py:45 - INFO - 正在下载:[(C95)魔女と悪魔とゲームブック (東方Project)]-[踏月 (ふみつき)]-[['短篇', '同人', '東方', '非人類']]-[total_pages:27]
2026-09-12 01:06:02 - mkk_pika - main.py:49 - INFO - [{'_id': '5cbc3675aad5457ef1939a26', 'title': '第1集', 'order': 1, 'updated_at': '2019-04-21T06:35:33.295Z', 'id': '5cbc3675aad5457ef1939a26'}]
2026-09-12 01:06:02 - mkk_pika - database.py:215 - INFO - 第一次下载该漫画，记录数据库中
2026-09-12 01:06:03 - mkk_pika - main.py:83 - INFO - 找到 27 张图片在:第1集
2026-09-12 01:06:04 - mkk_pika - main.py:112 - INFO - [episode:第1集       ] downloaded:    27, total:  27, progress:100%
2026-09-12 01:06:04 - mkk_pika - database.py:238 - INFO - 数据库更新已下载章节
2026-09-12 01:06:04 - mkk_pika - database.py:244 - INFO - 该漫画已下载章节如下
2026-09-12 01:06:04 - mkk_pika - database.py:245 - INFO - ['第1集']
2026-09-12 01:06:05 - mkk_pika - main.py:348 - INFO - ==================== 漫画信息 ====================
                                   漫画ID：5cbc3675aad5457ef1939a25
                                   标题：(C95)魔女と悪魔とゲームブック (東方Project)
                                   作者：踏月 (ふみつき)
                                   是否完结：是
                                   总页数：27
                                   分类：短篇,同人,東方,非人類
                                   章节数：1
                                   最后更新时间：2019-04-21T09:23:01.215Z
                                   =================================================
2026-09-12 01:06:05 - mkk_pika - database.py:101 - INFO - 保存成功：(C95)魔女と悪魔とゲームブック (東方Project)
2026-09-12 01:06:05 - mkk_pika - main.py:35 - INFO - 开始检查(FF32)  高燃費BODY (Fate/Grand Order) [中国語]是否存在未下载章节
2026-09-12 01:06:05 - mkk_pika - main.py:45 - INFO - 正在下载:[(FF32)  高燃費BODY (Fate/Grand Order) [中国語]]-[鉛筆盒、魚乾]-[['短篇', '同人', '純愛', '非人類', 'Fate']]-[total_pages:17]
2026-09-12 01:06:05 - mkk_pika - main.py:49 - INFO - [{'_id': '5cbc368af0799650f700e5ab', 'title': '第1集', 'order': 1, 'updated_at': '2019-04-21T07:01:09.355Z', 'id': '5cbc368af0799650f700e5ab'}]
2026-09-12 01:06:05 - mkk_pika - database.py:215 - INFO - 第一次下载该漫画，记录数据库中
2026-09-12 01:06:06 - mkk_pika - main.py:83 - INFO - 找到 17 张图片在:第1集
2026-09-12 01:06:07 - mkk_pika - main.py:112 - INFO - [episode:第1集       ] downloaded:    17, total:  17, progress:100%
2026-09-12 01:06:07 - mkk_pika - database.py:238 - INFO - 数据库更新已下载章节
2026-09-12 01:06:07 - mkk_pika - database.py:244 - INFO - 该漫画已下载章节如下
2026-09-12 01:06:07 - mkk_pika - database.py:245 - INFO - ['第1集']
2026-09-12 01:06:08 - mkk_pika - main.py:348 - INFO - ==================== 漫画信息 ====================
                                   漫画ID：5cbc368af0799650f700e5aa
                                   标题：(FF32)  高燃費BODY (Fate/Grand Order) [中国語]
                                   作者：鉛筆盒、魚乾
                                   是否完结：是
                                   总页数：17
                                   分类：短篇,同人,純愛,非人類,Fate
                                   章节数：1
                                   最后更新时间：2019-04-21T09:23:22.895Z
                                   =================================================
2026-09-12 01:06:08 - mkk_pika - database.py:101 - INFO - 保存成功：(FF32)  高燃費BODY (Fate/Grand Order) [中国語]
2026-09-12 01:06:08 - mkk_pika - main.py:35 - INFO - 开始检查AV専門学校へようこそ! 1-2话 (COMIC アナンガ・ランガ Vol.28)是否存在未下载章节
2026-09-12 01:06:08 - mkk_pika - main.py:45 - INFO - 正在下载:[AV専門学校へようこそ! 1-2话 (COMIC アナンガ・ランガ Vol.28)]-[sorani]-[['短篇']]-[total_pages:51]
2026-09-12 01:06:08 - mkk_pika - main.py:49 - INFO - [{'_id': '5cbc36c97e84e07ebe5adada', 'title': '第1集', 'order': 1, 'updated_at': '2019-04-09T05:08:49.087Z', 'id': '5cbc36c97e84e07ebe5adada'}, {'_id': '5cbc36c97e84e07ebe5adadb', 'title': '第2集', 'order': 2, 'updated_at': '2019-04-09T05:10:47.840Z', 'id': '5cbc36c97e84e07ebe5adadb'}]
2026-09-12 01:06:08 - mkk_pika - database.py:215 - INFO - 第一次下载该漫画，记录数据库中
2026-09-12 01:06:09 - mkk_pika - main.py:83 - INFO - 找到 25 张图片在:第1集
2026-09-12 01:06:09 - mkk_pika - main.py:112 - INFO - [episode:第1集       ] downloaded:    25, total:  25, progress:100%
2026-09-12 01:06:09 - mkk_pika - database.py:238 - INFO - 数据库更新已下载章节
2026-09-12 01:06:09 - mkk_pika - database.py:244 - INFO - 该漫画已下载章节如下
2026-09-12 01:06:09 - mkk_pika - database.py:245 - INFO - ['第1集']
2026-09-12 01:06:11 - mkk_pika - main.py:83 - INFO - 找到 26 张图片在:第2集
2026-09-12 01:06:12 - mkk_pika - main.py:112 - INFO - [episode:第2集       ] downloaded:    26, total:  26, progress:100%
2026-09-12 01:06:12 - mkk_pika - database.py:238 - INFO - 数据库更新已下载章节
2026-09-12 01:06:12 - mkk_pika - database.py:244 - INFO - 该漫画已下载章节如下
2026-09-12 01:06:12 - mkk_pika - database.py:245 - INFO - ['第1集', '第2集']
2026-09-12 01:06:13 - mkk_pika - main.py:348 - INFO - ==================== 漫画信息 ====================
                                   漫画ID：5cbc36c97e84e07ebe5adad9
                                   标题：AV専門学校へようこそ! 1-2话 (COMIC アナンガ・ランガ Vol.28)
                                   作者：sorani
                                   是否完结：否
                                   总页数：51
                                   分类：短篇
                                   章节数：2
                                   最后更新时间：2019-04-21T09:24:25.584Z
                                   =================================================
2026-09-12 01:06:13 - mkk_pika - database.py:101 - INFO - 保存成功：AV専門学校へようこそ! 1-2话 (COMIC アナンガ・ランガ Vol.28)
2026-09-12 01:06:13 - mkk_pika - main.py:35 - INFO - 开始检查(レインボーフレーバー20) 大人のお姉さんになるんだもんっ (HUGっと!プリキュア)是否存在未下载章节
2026-09-12 01:06:13 - mkk_pika - main.py:45 - INFO - 正在下载:[(レインボーフレーバー20) 大人のお姉さんになるんだもんっ (HUGっと!プリキュア)]-[まな板絶壁 (ユミキチ)]-[['短篇', '同人', '純愛']]-[total_pages:26]
2026-09-12 01:06:13 - mkk_pika - main.py:49 - INFO - [{'_id': '5cbc36ef77755019e05db18f', 'title': '第1集', 'order': 1, 'updated_at': '2019-04-21T07:53:53.614Z', 'id': '5cbc36ef77755019e05db18f'}]
2026-09-12 01:06:13 - mkk_pika - database.py:215 - INFO - 第一次下载该漫画，记录数据库中
2026-09-12 01:06:14 - mkk_pika - main.py:83 - INFO - 找到 26 张图片在:第1集
2026-09-12 01:06:15 - mkk_pika - main.py:112 - INFO - [episode:第1集       ] downloaded:    26, total:  26, progress:100%
2026-09-12 01:06:15 - mkk_pika - database.py:238 - INFO - 数据库更新已下载章节
2026-09-12 01:06:15 - mkk_pika - database.py:244 - INFO - 该漫画已下载章节如下
2026-09-12 01:06:15 - mkk_pika - database.py:245 - INFO - ['第1集']
2026-09-12 01:06:16 - mkk_pika - main.py:348 - INFO - ==================== 漫画信息 ====================
                                   漫画ID：5cbc36ef77755019e05db18e
                                   标题：(レインボーフレーバー20) 大人のお姉さんになるんだもんっ (HUGっと!プリキュア)
                                   作者：まな板絶壁 (ユミキチ)
                                   是否完结：是
                                   总页数：26
                                   分类：短篇,同人,純愛
                                   章节数：1
                                   最后更新时间：2019-04-21T09:25:03.419Z
                                   =================================================
2026-09-12 01:06:16 - mkk_pika - database.py:101 - INFO - 保存成功：(レインボーフレーバー20) 大人のお姉さんになるんだもんっ (HUGっと!プリキュア)
2026-09-12 01:06:16 - mkk_pika - main.py:35 - INFO - 开始检查寝取られたバブみ ～おさな妻は夫のために部長に抱かれる～ [中国翻訳]是否存在未下载章节
2026-09-12 01:06:16 - mkk_pika - main.py:45 - INFO - 正在下载:[寝取られたバブみ ～おさな妻は夫のために部長に抱かれる～ [中国翻訳]]-[丁髷帝国 (まげきち)]-[['短篇', 'NTR', '人妻']]-[total_pages:40]
2026-09-12 01:06:16 - mkk_pika - main.py:49 - INFO - [{'_id': '5cbc3716c89bcb50c2e69fdd', 'title': '第1集', 'order': 1, 'updated_at': '2019-04-21T08:09:21.901Z', 'id': '5cbc3716c89bcb50c2e69fdd'}]
2026-09-12 01:06:16 - mkk_pika - database.py:215 - INFO - 第一次下载该漫画，记录数据库中
2026-09-12 01:06:17 - mkk_pika - main.py:83 - INFO - 找到 40 张图片在:第1集
2026-09-12 01:06:18 - mkk_pika - main.py:112 - INFO - [episode:第1集       ] downloaded:    40, total:  40, progress:100%
2026-09-12 01:06:18 - mkk_pika - database.py:238 - INFO - 数据库更新已下载章节
2026-09-12 01:06:18 - mkk_pika - database.py:244 - INFO - 该漫画已下载章节如下
2026-09-12 01:06:18 - mkk_pika - database.py:245 - INFO - ['第1集']
2026-09-12 01:06:20 - mkk_pika - main.py:348 - INFO - ==================== 漫画信息 ====================
                                   漫画ID：5cbc3716c89bcb50c2e69fdc
                                   标题：寝取られたバブみ ～おさな妻は夫のために部長に抱かれる～ [中国翻訳]
                                   作者：丁髷帝国 (まげきち)
                                   是否完结：是
                                   总页数：40
                                   分类：短篇,NTR,人妻
                                   章节数：1
                                   最后更新时间：2019-04-21T09:25:42.136Z
                                   =================================================
2026-09-12 01:06:20 - mkk_pika - database.py:101 - INFO - 保存成功：寝取られたバブみ ～おさな妻は夫のために部長に抱かれる～ [中国翻訳]
2026-09-12 01:06:20 - mkk_pika - main.py:35 - INFO - 开始检查相姦のレプリカ是否存在未下载章节
2026-09-12 01:06:20 - mkk_pika - main.py:45 - INFO - 正在下载:[相姦のレプリカ]-[御手洗佑樹]-[['長篇', '人妻', '足の恋', '後宮閃光', '單行本']]-[total_pages:432]
2026-09-12 01:06:20 - mkk_pika - main.py:49 - INFO - [{'_id': '586fb63d55982f0269bef5e0', 'title': '第1集', 'order': 1, 'updated_at': '2017-01-05T16:07:55.066Z', 'id': '586fb63d55982f0269bef5e0'}, {'_id': '5cbc3759f0799650f700e5c1', 'title': '第2集', 'order': 2, 'updated_at': '2019-04-21T08:41:11.548Z', 'id': '5cbc3759f0799650f700e5c1'}]
2026-09-12 01:06:20 - mkk_pika - database.py:215 - INFO - 第一次下载该漫画，记录数据库中
2026-09-12 01:06:21 - mkk_pika - main.py:83 - INFO - 找到 222 张图片在:第1集
2026-09-12 01:06:28 - mkk_pika - main.py:112 - INFO - [episode:第1集       ] downloaded:   222, total: 222, progress:100%
2026-09-12 01:06:28 - mkk_pika - database.py:238 - INFO - 数据库更新已下载章节
2026-09-12 01:06:28 - mkk_pika - database.py:244 - INFO - 该漫画已下载章节如下
2026-09-12 01:06:28 - mkk_pika - database.py:245 - INFO - ['第1集']
2026-09-12 01:06:30 - mkk_pika - main.py:83 - INFO - 找到 210 张图片在:第2集
2026-09-12 01:06:38 - mkk_pika - main.py:112 - INFO - [episode:第2集       ] downloaded:   210, total: 210, progress:100%
2026-09-12 01:06:38 - mkk_pika - database.py:238 - INFO - 数据库更新已下载章节
2026-09-12 01:06:38 - mkk_pika - database.py:244 - INFO - 该漫画已下载章节如下
2026-09-12 01:06:38 - mkk_pika - database.py:245 - INFO - ['第1集', '第2集']
2026-09-12 01:06:39 - mkk_pika - main.py:348 - INFO - ==================== 漫画信息 ====================
                                   漫画ID：586fb63d55982f0269bef5df
                                   标题：相姦のレプリカ
                                   作者：御手洗佑樹
                                   是否完结：是
                                   总页数：432
                                   分类：長篇,人妻,足の恋,後宮閃光,單行本
                                   章节数：2
                                   最后更新时间：2019-04-21T09:26:49.837Z
                                   =================================================
2026-09-12 01:06:39 - mkk_pika - database.py:101 - INFO - 保存成功：相姦のレプリカ
2026-09-12 01:06:39 - mkk_pika - main.py:35 - INFO - 开始检查(C95)蜜・食 (SSSS.GRIDMAN) [中文翻譯]是否存在未下载章节
2026-09-12 01:06:39 - mkk_pika - main.py:45 - INFO - 正在下载:[(C95)蜜・食 (SSSS.GRIDMAN) [中文翻譯]]-[涼屋 (涼香)]-[['短篇', '同人']]-[total_pages:20]
2026-09-12 01:06:39 - mkk_pika - main.py:49 - INFO - [{'_id': '5cbcbfbecf4d8819e15a70c7', 'title': '第1集', 'order': 1, 'updated_at': '2019-04-21T09:37:59.409Z', 'id': '5cbcbfbecf4d8819e15a70c7'}]
2026-09-12 01:06:39 - mkk_pika - database.py:215 - INFO - 第一次下载该漫画，记录数据库中
2026-09-12 01:06:40 - mkk_pika - main.py:83 - INFO - 找到 20 张图片在:第1集
2026-09-12 01:06:41 - mkk_pika - main.py:112 - INFO - [episode:第1集       ] downloaded:    20, total:  20, progress:100%
2026-09-12 01:06:41 - mkk_pika - database.py:238 - INFO - 数据库更新已下载章节
2026-09-12 01:06:41 - mkk_pika - database.py:244 - INFO - 该漫画已下载章节如下
2026-09-12 01:06:41 - mkk_pika - database.py:245 - INFO - ['第1集']
2026-09-12 01:06:42 - mkk_pika - main.py:348 - INFO - ==================== 漫画信息 ====================
                                   漫画ID：5cbcbfbecf4d8819e15a70c6
                                   标题：(C95)蜜・食 (SSSS.GRIDMAN) [中文翻譯]
                                   作者：涼屋 (涼香)
                                   是否完结：是
                                   总页数：20
                                   分类：短篇,同人
                                   章节数：1
                                   最后更新时间：2019-04-21T19:08:46.498Z
                                   =================================================
2026-09-12 01:06:42 - mkk_pika - database.py:101 - INFO - 保存成功：(C95)蜜・食 (SSSS.GRIDMAN) [中文翻譯]
2026-09-12 01:06:42 - mkk_pika - main.py:35 - INFO - 开始检查執事のお仕事 (Go!プリンセスプリキュア) [DL版] [中文翻譯]是否存在未下载章节
2026-09-12 01:06:42 - mkk_pika - main.py:45 - INFO - 正在下载:[執事のお仕事 (Go!プリンセスプリキュア) [DL版] [中文翻譯]]-[ACID EATERS (和馬村政)]-[['短篇', '同人']]-[total_pages:36]
2026-09-12 01:06:42 - mkk_pika - main.py:49 - INFO - [{'_id': '5cbcbfe24af82a50baf9b5a2', 'title': '第1集', 'order': 1, 'updated_at': '2019-04-21T09:50:17.965Z', 'id': '5cbcbfe24af82a50baf9b5a2'}]
2026-09-12 01:06:42 - mkk_pika - database.py:215 - INFO - 第一次下载该漫画，记录数据库中
2026-09-12 01:06:43 - mkk_pika - main.py:83 - INFO - 找到 36 张图片在:第1集
2026-09-12 01:06:44 - mkk_pika - main.py:112 - INFO - [episode:第1集       ] downloaded:    36, total:  36, progress:100%
2026-09-12 01:06:44 - mkk_pika - database.py:238 - INFO - 数据库更新已下载章节
2026-09-12 01:06:44 - mkk_pika - database.py:244 - INFO - 该漫画已下载章节如下
2026-09-12 01:06:44 - mkk_pika - database.py:245 - INFO - ['第1集']
2026-09-12 01:06:45 - mkk_pika - main.py:348 - INFO - ==================== 漫画信息 ====================
                                   漫画ID：5cbcbfe24af82a50baf9b5a1
                                   标题：執事のお仕事 (Go!プリンセスプリキュア) [DL版] [中文翻譯]
                                   作者：ACID EATERS (和馬村政)
                                   是否完结：是
                                   总页数：36
                                   分类：短篇,同人
                                   章节数：1
                                   最后更新时间：2019-04-21T19:09:22.756Z
                                   =================================================
2026-09-12 01:06:45 - mkk_pika - database.py:101 - INFO - 保存成功：執事のお仕事 (Go!プリンセスプリキュア) [DL版] [中文翻譯]
2026-09-12 01:06:45 - mkk_pika - main.py:35 - INFO - 开始检查(C95)  妻の私になんなりと (Fate/Grand Order) [中国翻訳]是否存在未下载章节
2026-09-12 01:06:46 - mkk_pika - main.py:45 - INFO - 正在下载:[(C95)  妻の私になんなりと (Fate/Grand Order) [中国翻訳]]-[とろゆず (ゆずづくし)]-[['短篇', '同人', '純愛', 'Fate']]-[total_pages:16]
2026-09-12 01:06:46 - mkk_pika - main.py:49 - INFO - [{'_id': '5cbcbff6c89bcb50c2e6a7df', 'title': '第1集', 'order': 1, 'updated_at': '2019-04-21T10:59:23.997Z', 'id': '5cbcbff6c89bcb50c2e6a7df'}]
2026-09-12 01:06:46 - mkk_pika - database.py:215 - INFO - 第一次下载该漫画，记录数据库中
2026-09-12 01:06:46 - mkk_pika - main.py:83 - INFO - 找到 16 张图片在:第1集
2026-09-12 01:06:47 - mkk_pika - main.py:112 - INFO - [episode:第1集       ] downloaded:    16, total:  16, progress:100%
2026-09-12 01:06:47 - mkk_pika - database.py:238 - INFO - 数据库更新已下载章节
2026-09-12 01:06:47 - mkk_pika - database.py:244 - INFO - 该漫画已下载章节如下
2026-09-12 01:06:47 - mkk_pika - database.py:245 - INFO - ['第1集']
2026-09-12 01:06:48 - mkk_pika - main.py:348 - INFO - ==================== 漫画信息 ====================
                                   漫画ID：5cbcbff6c89bcb50c2e6a7de
                                   标题：(C95)  妻の私になんなりと (Fate/Grand Order) [中国翻訳]
                                   作者：とろゆず (ゆずづくし)
                                   是否完结：是
                                   总页数：16
                                   分类：短篇,同人,純愛,Fate
                                   章节数：1
                                   最后更新时间：2019-04-21T19:09:42.255Z
                                   =================================================
2026-09-12 01:06:48 - mkk_pika - database.py:101 - INFO - 保存成功：(C95)  妻の私になんなりと (Fate/Grand Order) [中国翻訳]
2026-09-12 01:06:48 - mkk_pika - main.py:35 - INFO - 开始检查ヒロインエックスとヒロインせっくす!! II (Fate/Grand Order) [中国翻訳]是否存在未下载章节
2026-09-12 01:06:48 - mkk_pika - main.py:45 - INFO - 正在下载:[ヒロインエックスとヒロインせっくす!! II (Fate/Grand Order) [中国翻訳]]-[瓢屋 (もみお)]-[['短篇', '同人', 'Fate']]-[total_pages:31]
2026-09-12 01:06:48 - mkk_pika - main.py:49 - INFO - [{'_id': '5cbcc0324563d0199431356b', 'title': '第1集', 'order': 1, 'updated_at': '2019-04-21T10:52:33.956Z', 'id': '5cbcc0324563d0199431356b'}]
2026-09-12 01:06:48 - mkk_pika - database.py:215 - INFO - 第一次下载该漫画，记录数据库中
2026-09-12 01:06:49 - mkk_pika - main.py:83 - INFO - 找到 31 张图片在:第1集
2026-09-12 01:06:51 - mkk_pika - main.py:112 - INFO - [episode:第1集       ] downloaded:    31, total:  31, progress:100%
2026-09-12 01:06:51 - mkk_pika - database.py:238 - INFO - 数据库更新已下载章节
2026-09-12 01:06:51 - mkk_pika - database.py:244 - INFO - 该漫画已下载章节如下
2026-09-12 01:06:51 - mkk_pika - database.py:245 - INFO - ['第1集']
2026-09-12 01:06:53 - mkk_pika - main.py:348 - INFO - ==================== 漫画信息 ====================
                                   漫画ID：5cbcc0324563d0199431356a
                                   标题：ヒロインエックスとヒロインせっくす!! II (Fate/Grand Order) [中国翻訳]
                                   作者：瓢屋 (もみお)
                                   是否完结：是
                                   总页数：31
                                   分类：短篇,同人,Fate
                                   章节数：1
                                   最后更新时间：2019-04-21T19:10:42.229Z
                                   =================================================
2026-09-12 01:06:53 - mkk_pika - database.py:101 - INFO - 保存成功：ヒロインエックスとヒロインせっくす!! II (Fate/Grand Order) [中国翻訳]
2026-09-12 01:06:53 - mkk_pika - main.py:35 - INFO - 开始检查(COMIC1☆13) エリちゃんの大冒険 (FateGrand Order) [中国翻訳]是否存在未下载章节
2026-09-12 01:06:53 - mkk_pika - main.py:45 - INFO - 正在下载:[(COMIC1☆13) エリちゃんの大冒険 (FateGrand Order) [中国翻訳]]-[IRON GRIMOIRE (SAKULA)]-[['短篇', '同人', '非人類', 'Fate']]-[total_pages:28]
2026-09-12 01:06:53 - mkk_pika - main.py:49 - INFO - [{'_id': '5cbcc05424f7db50ed3aa49c', 'title': '第1集', 'order': 1, 'updated_at': '2019-04-21T12:06:06.714Z', 'id': '5cbcc05424f7db50ed3aa49c'}]
2026-09-12 01:06:53 - mkk_pika - database.py:215 - INFO - 第一次下载该漫画，记录数据库中
2026-09-12 01:06:53 - mkk_pika - main.py:83 - INFO - 找到 28 张图片在:第1集
2026-09-12 01:06:55 - mkk_pika - main.py:112 - INFO - [episode:第1集       ] downloaded:    28, total:  28, progress:100%
2026-09-12 01:06:55 - mkk_pika - database.py:238 - INFO - 数据库更新已下载章节
2026-09-12 01:06:55 - mkk_pika - database.py:244 - INFO - 该漫画已下载章节如下
2026-09-12 01:06:55 - mkk_pika - database.py:245 - INFO - ['第1集']
2026-09-12 01:06:56 - mkk_pika - main.py:348 - INFO - ==================== 漫画信息 ====================
                                   漫画ID：5cbcc05424f7db50ed3aa49b
                                   标题：(COMIC1☆13) エリちゃんの大冒険 (FateGrand Order) [中国翻訳]
                                   作者：IRON GRIMOIRE (SAKULA)
                                   是否完结：是
                                   总页数：28
                                   分类：短篇,同人,非人類,Fate
                                   章节数：1
                                   最后更新时间：2019-04-21T19:11:16.332Z
                                   =================================================
2026-09-12 01:06:56 - mkk_pika - database.py:101 - INFO - 保存成功：(COMIC1☆13) エリちゃんの大冒険 (FateGrand Order) [中国翻訳]
2026-09-12 01:06:56 - mkk_pika - main.py:35 - INFO - 开始检查ラブ＆ダブルピース 性愛&DOUBLE PEACE是否存在未下载章节
2026-09-12 01:06:56 - mkk_pika - main.py:45 - INFO - 正在下载:[ラブ＆ダブルピース 性愛&DOUBLE PEACE]-[麻冬HEMP]-[['長篇', '純愛', 'SM', '單行本', 'NTR', '強暴', '姐姐系', '妹妹系']]-[total_pages:193]
2026-09-12 01:06:56 - mkk_pika - main.py:49 - INFO - [{'_id': '5cbcc0684563d0199431358c', 'title': '啊黑顏+双V手的單行本', 'order': 1, 'updated_at': '2019-04-19T06:49:56.438Z', 'id': '5cbcc0684563d0199431358c'}]
2026-09-12 01:06:56 - mkk_pika - database.py:215 - INFO - 第一次下载该漫画，记录数据库中
2026-09-12 01:06:58 - mkk_pika - main.py:83 - INFO - 找到 193 张图片在:啊黑顏+双V手的單行本
2026-09-12 01:07:04 - mkk_pika - main.py:112 - INFO - [episode:啊黑顏+双V手的單行本] downloaded:   193, total: 193, progress:100%
2026-09-12 01:07:04 - mkk_pika - database.py:238 - INFO - 数据库更新已下载章节
2026-09-12 01:07:04 - mkk_pika - database.py:244 - INFO - 该漫画已下载章节如下
2026-09-12 01:07:04 - mkk_pika - database.py:245 - INFO - ['啊黑顏+双V手的單行本']
2026-09-12 01:07:05 - mkk_pika - main.py:348 - INFO - ==================== 漫画信息 ====================
                                   漫画ID：5cbcc0684563d0199431358b
                                   标题：ラブ＆ダブルピース 性愛&DOUBLE PEACE
                                   作者：麻冬HEMP
                                   是否完结：是
                                   总页数：193
                                   分类：長篇,純愛,SM,單行本,NTR,強暴,姐姐系,妹妹系
                                   章节数：1
                                   最后更新时间：2019-04-21T19:11:36.782Z
                                   =================================================
2026-09-12 01:07:05 - mkk_pika - database.py:101 - INFO - 保存成功：ラブ＆ダブルピース 性愛&DOUBLE PEACE
2026-09-12 01:07:05 - mkk_pika - main.py:35 - INFO - 开始检查Eternity Charms (永遠娘 六)是否存在未下载章节
2026-09-12 01:07:05 - mkk_pika - main.py:45 - INFO - 正在下载:[Eternity Charms (永遠娘 六)]-[玉之けだま]-[['短篇', '非人類', '後宮閃光']]-[total_pages:38]
2026-09-12 01:07:05 - mkk_pika - main.py:49 - INFO - [{'_id': '5cbcc07577755019e05db587', 'title': '第1集', 'order': 1, 'updated_at': '2019-04-21T12:40:03.273Z', 'id': '5cbcc07577755019e05db587'}]
2026-09-12 01:07:05 - mkk_pika - database.py:215 - INFO - 第一次下载该漫画，记录数据库中
2026-09-12 01:07:06 - mkk_pika - main.py:83 - INFO - 找到 38 张图片在:第1集
2026-09-12 01:07:07 - mkk_pika - main.py:112 - INFO - [episode:第1集       ] downloaded:    38, total:  38, progress:100%
2026-09-12 01:07:07 - mkk_pika - database.py:238 - INFO - 数据库更新已下载章节
2026-09-12 01:07:07 - mkk_pika - database.py:244 - INFO - 该漫画已下载章节如下
2026-09-12 01:07:07 - mkk_pika - database.py:245 - INFO - ['第1集']
2026-09-12 01:07:09 - mkk_pika - main.py:348 - INFO - ==================== 漫画信息 ====================
                                   漫画ID：5cbcc07577755019e05db586
                                   标题：Eternity Charms (永遠娘 六)
                                   作者：玉之けだま
                                   是否完结：是
                                   总页数：38
                                   分类：短篇,非人類,後宮閃光
                                   章节数：1
                                   最后更新时间：2019-04-21T19:11:49.543Z
                                   =================================================
2026-09-12 01:07:09 - mkk_pika - database.py:101 - INFO - 保存成功：Eternity Charms (永遠娘 六)
2026-09-12 01:07:09 - mkk_pika - main.py:35 - INFO - 开始检查SUKEBE Order VOL.02是否存在未下载章节
2026-09-12 01:07:09 - mkk_pika - main.py:45 - INFO - 正在下载:[SUKEBE Order VOL.02]-[自宅vacation (うるりひ)]-[['同人', '短篇', 'Fate']]-[total_pages:47]
2026-09-12 01:07:09 - mkk_pika - main.py:49 - INFO - [{'_id': '5c580e8067de1e0859466aa6', 'title': '生肉', 'order': 1, 'updated_at': '2019-04-22T05:24:41.904Z', 'id': '5c580e8067de1e0859466aa6'}, {'_id': '5cbd5019f0799650f700eeea', 'title': '熟肉', 'order': 2, 'updated_at': '2019-04-22T04:44:51.221Z', 'id': '5cbd5019f0799650f700eeea'}]
2026-09-12 01:07:09 - mkk_pika - database.py:215 - INFO - 第一次下载该漫画，记录数据库中
2026-09-12 01:07:09 - mkk_pika - main.py:83 - INFO - 找到 22 张图片在:生肉
2026-09-12 01:07:10 - mkk_pika - main.py:112 - INFO - [episode:生肉        ] downloaded:    22, total:  22, progress:100%
2026-09-12 01:07:10 - mkk_pika - database.py:238 - INFO - 数据库更新已下载章节
2026-09-12 01:07:10 - mkk_pika - database.py:244 - INFO - 该漫画已下载章节如下
2026-09-12 01:07:10 - mkk_pika - database.py:245 - INFO - ['生肉']
2026-09-12 01:07:12 - mkk_pika - main.py:83 - INFO - 找到 25 张图片在:熟肉
2026-09-12 01:07:13 - mkk_pika - main.py:112 - INFO - [episode:熟肉        ] downloaded:    25, total:  25, progress:100%
2026-09-12 01:07:13 - mkk_pika - database.py:238 - INFO - 数据库更新已下载章节
2026-09-12 01:07:13 - mkk_pika - database.py:244 - INFO - 该漫画已下载章节如下
2026-09-12 01:07:13 - mkk_pika - database.py:245 - INFO - ['生肉', '熟肉']
2026-09-12 01:07:14 - mkk_pika - main.py:348 - INFO - ==================== 漫画信息 ====================
                                   漫画ID：5c580e8067de1e0859466aa5
                                   标题：SUKEBE Order VOL.02
                                   作者：自宅vacation (うるりひ)
                                   是否完结：否
                                   总页数：47
                                   分类：同人,短篇,Fate
                                   章节数：2
                                   最后更新时间：2019-04-22T05:24:41.887Z
                                   =================================================
2026-09-12 01:07:14 - mkk_pika - database.py:101 - INFO - 保存成功：SUKEBE Order VOL.02
2026-09-12 01:07:14 - mkk_pika - main.py:35 - INFO - 开始检查2016 Nen Natsu ni Deshita Orihon (Little Noah) [中国翻訳]是否存在未下载章节
2026-09-12 01:07:14 - mkk_pika - main.py:45 - INFO - 正在下载:[2016 Nen Natsu ni Deshita Orihon (Little Noah) [中国翻訳]]-[Hota.]-[['短篇', '同人']]-[total_pages:10]
2026-09-12 01:07:14 - mkk_pika - main.py:49 - INFO - [{'_id': '5cbd506cf0799650f700ef0a', 'title': '第1集', 'order': 1, 'updated_at': '2019-04-21T12:12:07.521Z', 'id': '5cbd506cf0799650f700ef0a'}]
2026-09-12 01:07:14 - mkk_pika - database.py:215 - INFO - 第一次下载该漫画，记录数据库中
2026-09-12 01:07:15 - mkk_pika - main.py:83 - INFO - 找到 10 张图片在:第1集
2026-09-12 01:07:15 - mkk_pika - main.py:112 - INFO - [episode:第1集       ] downloaded:    10, total:  10, progress:100%
2026-09-12 01:07:15 - mkk_pika - database.py:238 - INFO - 数据库更新已下载章节
2026-09-12 01:07:15 - mkk_pika - database.py:244 - INFO - 该漫画已下载章节如下
2026-09-12 01:07:15 - mkk_pika - database.py:245 - INFO - ['第1集']
2026-09-12 01:07:16 - mkk_pika - main.py:348 - INFO - ==================== 漫画信息 ====================
                                   漫画ID：5cbd506cf0799650f700ef09
                                   标题：2016 Nen Natsu ni Deshita Orihon (Little Noah) [中国翻訳]
                                   作者：Hota.
                                   是否完结：是
                                   总页数：10
                                   分类：短篇,同人
                                   章节数：1
                                   最后更新时间：2019-04-22T05:26:04.482Z
                                   =================================================
2026-09-12 01:07:16 - mkk_pika - database.py:101 - INFO - 保存成功：2016 Nen Natsu ni Deshita Orihon (Little Noah) [中国翻訳]
2026-09-12 01:07:16 - mkk_pika - main.py:35 - INFO - 开始检查ネトゲの姬の正体は是否存在未下载章节
2026-09-12 01:07:16 - mkk_pika - main.py:45 - INFO - 正在下载:[ネトゲの姬の正体は]-[てふん]-[['短篇', '性轉換']]-[total_pages:17]
2026-09-12 01:07:16 - mkk_pika - main.py:49 - INFO - [{'_id': '5cbd54ef7e84e07ebe5ae071', 'title': '第1集', 'order': 1, 'updated_at': '2019-04-21T19:37:59.324Z', 'id': '5cbd54ef7e84e07ebe5ae071'}]
2026-09-12 01:07:16 - mkk_pika - database.py:215 - INFO - 第一次下载该漫画，记录数据库中
2026-09-12 01:07:17 - mkk_pika - main.py:83 - INFO - 找到 17 张图片在:第1集
2026-09-12 01:07:18 - mkk_pika - main.py:112 - INFO - [episode:第1集       ] downloaded:    17, total:  17, progress:100%
2026-09-12 01:07:18 - mkk_pika - database.py:238 - INFO - 数据库更新已下载章节
2026-09-12 01:07:18 - mkk_pika - database.py:244 - INFO - 该漫画已下载章节如下
2026-09-12 01:07:18 - mkk_pika - database.py:245 - INFO - ['第1集']
2026-09-12 01:07:19 - mkk_pika - main.py:348 - INFO - ==================== 漫画信息 ====================
                                   漫画ID：5cbd54ef7e84e07ebe5ae070
                                   标题：ネトゲの姬の正体は
                                   作者：てふん
                                   是否完结：是
                                   总页数：17
                                   分类：短篇,性轉換
                                   章节数：1
                                   最后更新时间：2019-04-22T05:45:19.548Z
                                   =================================================
2026-09-12 01:07:19 - mkk_pika - database.py:101 - INFO - 保存成功：ネトゲの姬の正体は
2026-09-12 01:07:19 - mkk_pika - main.py:35 - INFO - 开始检查チノちゃんに催眠♥ (ご注文はうさぎですか?) 是否存在未下载章节
2026-09-12 01:07:19 - mkk_pika - main.py:45 - INFO - 正在下载:[チノちゃんに催眠♥ (ご注文はうさぎですか?) ]-[あろまてらす (しばいぬにき)]-[['短篇', '同人', '全彩']]-[total_pages:15]
2026-09-12 01:07:19 - mkk_pika - main.py:49 - INFO - [{'_id': '5cbdd6346e6f1e4def87fbd9', 'title': '第1集', 'order': 1, 'updated_at': '2019-04-21T14:07:41.346Z', 'id': '5cbdd6346e6f1e4def87fbd9'}]
2026-09-12 01:07:19 - mkk_pika - database.py:215 - INFO - 第一次下载该漫画，记录数据库中
2026-09-12 01:07:20 - mkk_pika - main.py:83 - INFO - 找到 15 张图片在:第1集
2026-09-12 01:07:20 - mkk_pika - main.py:112 - INFO - [episode:第1集       ] downloaded:    15, total:  15, progress:100%
2026-09-12 01:07:20 - mkk_pika - database.py:238 - INFO - 数据库更新已下载章节
2026-09-12 01:07:20 - mkk_pika - database.py:244 - INFO - 该漫画已下载章节如下
2026-09-12 01:07:20 - mkk_pika - database.py:245 - INFO - ['第1集']
2026-09-12 01:07:21 - mkk_pika - main.py:348 - INFO - ==================== 漫画信息 ====================
                                   漫画ID：5cbdd6346e6f1e4def87fbd8
                                   标题：チノちゃんに催眠♥ (ご注文はうさぎですか?) 
                                   作者：あろまてらす (しばいぬにき)
                                   是否完结：是
                                   总页数：15
                                   分类：短篇,同人,全彩
                                   章节数：1
                                   最后更新时间：2019-04-22T14:56:52.800Z
                                   =================================================
2026-09-12 01:07:21 - mkk_pika - database.py:101 - INFO - 保存成功：チノちゃんに催眠♥ (ご注文はうさぎですか?) 
2026-09-12 01:07:21 - mkk_pika - main.py:35 - INFO - 开始检查追ってはいけない。 (リトルノア) [中国翻訳] [DL版]是否存在未下载章节
2026-09-12 01:07:22 - mkk_pika - main.py:45 - INFO - 正在下载:[追ってはいけない。 (リトルノア) [中国翻訳] [DL版]]-[ほた。]-[['短篇', '同人', 'NTR']]-[total_pages:10]
2026-09-12 01:07:22 - mkk_pika - main.py:49 - INFO - [{'_id': '5cbdd66dc89bcb50c2e6adc6', 'title': '第1集', 'order': 1, 'updated_at': '2019-04-21T13:12:45.415Z', 'id': '5cbdd66dc89bcb50c2e6adc6'}]
2026-09-12 01:07:22 - mkk_pika - database.py:215 - INFO - 第一次下载该漫画，记录数据库中
2026-09-12 01:07:22 - mkk_pika - main.py:83 - INFO - 找到 10 张图片在:第1集
2026-09-12 01:07:23 - mkk_pika - main.py:112 - INFO - [episode:第1集       ] downloaded:    10, total:  10, progress:100%
2026-09-12 01:07:23 - mkk_pika - database.py:238 - INFO - 数据库更新已下载章节
2026-09-12 01:07:23 - mkk_pika - database.py:244 - INFO - 该漫画已下载章节如下
2026-09-12 01:07:23 - mkk_pika - database.py:245 - INFO - ['第1集']
2026-09-12 01:07:24 - mkk_pika - main.py:348 - INFO - ==================== 漫画信息 ====================
                                   漫画ID：5cbdd66dc89bcb50c2e6adc5
                                   标题：追ってはいけない。 (リトルノア) [中国翻訳] [DL版]
                                   作者：ほた。
                                   是否完结：是
                                   总页数：10
                                   分类：短篇,同人,NTR
                                   章节数：1
                                   最后更新时间：2019-04-22T14:57:49.328Z
                                   =================================================
2026-09-12 01:07:24 - mkk_pika - database.py:101 - INFO - 保存成功：追ってはいけない。 (リトルノア) [中国翻訳] [DL版]
2026-09-12 01:07:24 - mkk_pika - main.py:35 - INFO - 开始检查ジータちゃんが男の子たちとキメセクする本 (グランブルーファンタジー) [中国翻訳] [DL版]是否存在未下载章节
2026-09-12 01:07:24 - mkk_pika - main.py:45 - INFO - 正在下载:[ジータちゃんが男の子たちとキメセクする本 (グランブルーファンタジー) [中国翻訳] [DL版]]-[LUNACY (ロジオネ)]-[['同人', '短篇', '非人類', '碧藍幻想']]-[total_pages:49]
2026-09-12 01:07:24 - mkk_pika - main.py:49 - INFO - [{'_id': '5cbdd6ffcf4d8819e15a73f4', 'title': '第1集', 'order': 1, 'updated_at': '2019-04-21T14:45:33.841Z', 'id': '5cbdd6ffcf4d8819e15a73f4'}]
2026-09-12 01:07:24 - mkk_pika - database.py:215 - INFO - 第一次下载该漫画，记录数据库中
2026-09-12 01:07:25 - mkk_pika - main.py:83 - INFO - 找到 49 张图片在:第1集
2026-09-12 01:07:27 - mkk_pika - main.py:112 - INFO - [episode:第1集       ] downloaded:    49, total:  49, progress:100%
2026-09-12 01:07:27 - mkk_pika - database.py:238 - INFO - 数据库更新已下载章节
2026-09-12 01:07:27 - mkk_pika - database.py:244 - INFO - 该漫画已下载章节如下
2026-09-12 01:07:27 - mkk_pika - database.py:245 - INFO - ['第1集']
2026-09-12 01:07:28 - mkk_pika - main.py:348 - INFO - ==================== 漫画信息 ====================
                                   漫画ID：5cbdd6ffcf4d8819e15a73f3
                                   标题：ジータちゃんが男の子たちとキメセクする本 (グランブルーファンタジー) [中国翻訳] [DL版]
                                   作者：LUNACY (ロジオネ)
                                   是否完结：是
                                   总页数：49
                                   分类：同人,短篇,非人類,碧藍幻想
                                   章节数：1
                                   最后更新时间：2019-04-22T15:00:15.263Z
                                   =================================================
2026-09-12 01:07:28 - mkk_pika - database.py:101 - INFO - 保存成功：ジータちゃんが男の子たちとキメセクする本 (グランブルーファンタジー) [中国翻訳] [DL版]
2026-09-12 01:07:28 - mkk_pika - main.py:35 - INFO - 开始检查猿駕アキS.N.S合集是否存在未下载章节
2026-09-12 01:07:28 - mkk_pika - main.py:45 - INFO - 正在下载:[猿駕アキS.N.S合集]-[猿駕アキ]-[['短篇', 'NTR']]-[total_pages:124]
2026-09-12 01:07:28 - mkk_pika - main.py:49 - INFO - [{'_id': '5cbdd71477755019e05db8ab', 'title': 'S.N.S #1脅迫', 'order': 1, 'updated_at': '2019-04-21T14:31:15.517Z', 'id': '5cbdd71477755019e05db8ab'}, {'_id': '5cbdd71477755019e05db8ac', 'title': 'S.N.S #2こころうつり', 'order': 2, 'updated_at': '2019-04-21T14:41:35.261Z', 'id': '5cbdd71477755019e05db8ac'}, {'_id': '5cbdd71477755019e05db8ad', 'title': 'S.N.S #3昔の男', 'order': 3, 'updated_at': '2019-04-21T14:44:55.868Z', 'id': '5cbdd71477755019e05db8ad'}]
2026-09-12 01:07:28 - mkk_pika - database.py:215 - INFO - 第一次下载该漫画，记录数据库中
2026-09-12 01:07:29 - mkk_pika - main.py:83 - INFO - 找到 43 张图片在:S.N.S#1脅迫
2026-09-12 01:07:30 - mkk_pika - main.py:112 - INFO - [episode:S.N.S #1脅迫] downloaded:    43, total:  43, progress:100%
2026-09-12 01:07:30 - mkk_pika - database.py:238 - INFO - 数据库更新已下载章节
2026-09-12 01:07:30 - mkk_pika - database.py:244 - INFO - 该漫画已下载章节如下
2026-09-12 01:07:30 - mkk_pika - database.py:245 - INFO - ['S.N.S #1脅迫']
2026-09-12 01:07:32 - mkk_pika - main.py:83 - INFO - 找到 40 张图片在:S.N.S#2こころうつり
2026-09-12 01:07:33 - mkk_pika - main.py:112 - INFO - [episode:S.N.S #2こころうつり] downloaded:    40, total:  40, progress:100%
2026-09-12 01:07:33 - mkk_pika - database.py:238 - INFO - 数据库更新已下载章节
2026-09-12 01:07:33 - mkk_pika - database.py:244 - INFO - 该漫画已下载章节如下
2026-09-12 01:07:33 - mkk_pika - database.py:245 - INFO - ['S.N.S #1脅迫', 'S.N.S #2こころうつり']
2026-09-12 01:07:35 - mkk_pika - main.py:83 - INFO - 找到 41 张图片在:S.N.S#3昔の男
2026-09-12 01:07:36 - mkk_pika - main.py:112 - INFO - [episode:S.N.S #3昔の男] downloaded:    41, total:  41, progress:100%
2026-09-12 01:07:36 - mkk_pika - database.py:238 - INFO - 数据库更新已下载章节
2026-09-12 01:07:36 - mkk_pika - database.py:244 - INFO - 该漫画已下载章节如下
2026-09-12 01:07:36 - mkk_pika - database.py:245 - INFO - ['S.N.S #1脅迫', 'S.N.S #2こころうつり', 'S.N.S #3昔の男']
2026-09-12 01:07:37 - mkk_pika - main.py:348 - INFO - ==================== 漫画信息 ====================
                                   漫画ID：5cbdd71477755019e05db8aa
                                   标题：猿駕アキS.N.S合集
                                   作者：猿駕アキ
                                   是否完结：否
                                   总页数：124
                                   分类：短篇,NTR
                                   章节数：3
                                   最后更新时间：2019-04-22T15:00:36.765Z
                                   =================================================
2026-09-12 01:07:37 - mkk_pika - database.py:101 - INFO - 保存成功：猿駕アキS.N.S合集
2026-09-12 01:07:37 - mkk_pika - main.py:35 - INFO - 开始检查ヴァンパレイド４ ～吸血鬼 三姉妹 捕縛編～ [中国翻訳]是否存在未下载章节
2026-09-12 01:07:38 - mkk_pika - main.py:45 - INFO - 正在下载:[ヴァンパレイド４ ～吸血鬼 三姉妹 捕縛編～ [中国翻訳]]-[トンテン]-[['短篇', 'SM', '強暴', '非人類']]-[total_pages:29]
2026-09-12 01:07:38 - mkk_pika - main.py:49 - INFO - [{'_id': '5cbdd917c89bcb50c2e6ae40', 'title': '第1集', 'order': 1, 'updated_at': '2019-04-21T16:05:33.198Z', 'id': '5cbdd917c89bcb50c2e6ae40'}]
2026-09-12 01:07:38 - mkk_pika - database.py:215 - INFO - 第一次下载该漫画，记录数据库中
2026-09-12 01:07:38 - mkk_pika - main.py:83 - INFO - 找到 29 张图片在:第1集
2026-09-12 01:07:39 - mkk_pika - main.py:112 - INFO - [episode:第1集       ] downloaded:    29, total:  29, progress:100%
2026-09-12 01:07:39 - mkk_pika - database.py:238 - INFO - 数据库更新已下载章节
2026-09-12 01:07:39 - mkk_pika - database.py:244 - INFO - 该漫画已下载章节如下
2026-09-12 01:07:39 - mkk_pika - database.py:245 - INFO - ['第1集']
2026-09-12 01:07:40 - mkk_pika - main.py:348 - INFO - ==================== 漫画信息 ====================
                                   漫画ID：5cbdd917c89bcb50c2e6ae3f
                                   标题：ヴァンパレイド４ ～吸血鬼 三姉妹 捕縛編～ [中国翻訳]
                                   作者：トンテン
                                   是否完结：是
                                   总页数：29
                                   分类：短篇,SM,強暴,非人類
                                   章节数：1
                                   最后更新时间：2019-04-22T15:09:11.932Z
                                   =================================================
2026-09-12 01:07:40 - mkk_pika - database.py:101 - INFO - 保存成功：ヴァンパレイド４ ～吸血鬼 三姉妹 捕縛編～ [中国翻訳]
2026-09-12 01:07:40 - mkk_pika - main.py:35 - INFO - 开始检查 ビジネスセックスマナー研修編 [全彩]是否存在未下载章节
2026-09-12 01:07:40 - mkk_pika - main.py:45 - INFO - 正在下载:[ ビジネスセックスマナー研修編 [全彩]]-[東京プロミネンストマト]-[['短篇', '同人', '全彩']]-[total_pages:30]
2026-09-12 01:07:40 - mkk_pika - main.py:49 - INFO - [{'_id': '5cbdd92ef0799650f700f3b0', 'title': '第1集', 'order': 1, 'updated_at': '2019-04-21T15:25:24.656Z', 'id': '5cbdd92ef0799650f700f3b0'}]
2026-09-12 01:07:40 - mkk_pika - database.py:215 - INFO - 第一次下载该漫画，记录数据库中
2026-09-12 01:07:41 - mkk_pika - main.py:83 - INFO - 找到 30 张图片在:第1集
2026-09-12 01:07:42 - mkk_pika - main.py:112 - INFO - [episode:第1集       ] downloaded:    30, total:  30, progress:100%
2026-09-12 01:07:42 - mkk_pika - database.py:238 - INFO - 数据库更新已下载章节
2026-09-12 01:07:42 - mkk_pika - database.py:244 - INFO - 该漫画已下载章节如下
2026-09-12 01:07:42 - mkk_pika - database.py:245 - INFO - ['第1集']
2026-09-12 01:07:43 - mkk_pika - main.py:348 - INFO - ==================== 漫画信息 ====================
                                   漫画ID：5cbdd92ef0799650f700f3af
                                   标题： ビジネスセックスマナー研修編 [全彩]
                                   作者：東京プロミネンストマト
                                   是否完结：否
                                   总页数：30
                                   分类：短篇,同人,全彩
                                   章节数：1
                                   最后更新时间：2019-04-22T15:09:34.807Z
                                   =================================================
2026-09-12 01:07:43 - mkk_pika - database.py:101 - INFO - 保存成功： ビジネスセックスマナー研修編 [全彩]
2026-09-12 01:07:43 - mkk_pika - main.py:35 - INFO - 开始检查drug and drop 9 (よろず)是否存在未下载章节
2026-09-12 01:07:43 - mkk_pika - main.py:45 - INFO - 正在下载:[drug and drop 9 (よろず)]-[ふらいぱん大魔王 (提灯暗光)]-[['短篇', '同人']]-[total_pages:46]
2026-09-12 01:07:43 - mkk_pika - main.py:49 - INFO - [{'_id': '5cbdd9a5c897694df7ec463b', 'title': '第1集', 'order': 1, 'updated_at': '2019-04-21T17:56:54.288Z', 'id': '5cbdd9a5c897694df7ec463b'}]
2026-09-12 01:07:43 - mkk_pika - database.py:215 - INFO - 第一次下载该漫画，记录数据库中
2026-09-12 01:07:44 - mkk_pika - main.py:83 - INFO - 找到 46 张图片在:第1集
2026-09-12 01:07:45 - mkk_pika - main.py:112 - INFO - [episode:第1集       ] downloaded:    46, total:  46, progress:100%
2026-09-12 01:07:45 - mkk_pika - database.py:238 - INFO - 数据库更新已下载章节
2026-09-12 01:07:45 - mkk_pika - database.py:244 - INFO - 该漫画已下载章节如下
2026-09-12 01:07:45 - mkk_pika - database.py:245 - INFO - ['第1集']
2026-09-12 01:07:47 - mkk_pika - main.py:348 - INFO - ==================== 漫画信息 ====================
                                   漫画ID：5cbdd9a5c897694df7ec463a
                                   标题：drug and drop 9 (よろず)
                                   作者：ふらいぱん大魔王 (提灯暗光)
                                   是否完结：是
                                   总页数：46
                                   分类：短篇,同人
                                   章节数：1
                                   最后更新时间：2019-04-22T15:11:33.423Z
                                   =================================================
2026-09-12 01:07:47 - mkk_pika - database.py:101 - INFO - 保存成功：drug and drop 9 (よろず)
2026-09-12 01:07:47 - mkk_pika - main.py:35 - INFO - 开始检查オレのかわいくない妹について是否存在未下载章节
2026-09-12 01:07:47 - mkk_pika - main.py:45 - INFO - 正在下载:[オレのかわいくない妹について]-[おかだ亭 (岡田コウ)]-[['短篇', '妹妹系']]-[total_pages:26]
2026-09-12 01:07:47 - mkk_pika - main.py:49 - INFO - [{'_id': '5cbdd9c3068a2b4e2c57e888', 'title': '第1集', 'order': 1, 'updated_at': '2019-04-21T18:03:25.979Z', 'id': '5cbdd9c3068a2b4e2c57e888'}]
2026-09-12 01:07:47 - mkk_pika - database.py:215 - INFO - 第一次下载该漫画，记录数据库中
2026-09-12 01:07:47 - mkk_pika - main.py:83 - INFO - 找到 26 张图片在:第1集
2026-09-12 01:07:48 - mkk_pika - main.py:112 - INFO - [episode:第1集       ] downloaded:    26, total:  26, progress:100%
2026-09-12 01:07:48 - mkk_pika - database.py:238 - INFO - 数据库更新已下载章节
2026-09-12 01:07:48 - mkk_pika - database.py:244 - INFO - 该漫画已下载章节如下
2026-09-12 01:07:48 - mkk_pika - database.py:245 - INFO - ['第1集']
2026-09-12 01:07:50 - mkk_pika - main.py:348 - INFO - ==================== 漫画信息 ====================
                                   漫画ID：5cbdd9c3068a2b4e2c57e887
                                   标题：オレのかわいくない妹について
                                   作者：おかだ亭 (岡田コウ)
                                   是否完结：是
                                   总页数：26
                                   分类：短篇,妹妹系
                                   章节数：1
                                   最后更新时间：2019-04-22T15:12:03.527Z
                                   =================================================
2026-09-12 01:07:50 - mkk_pika - database.py:101 - INFO - 保存成功：オレのかわいくない妹について
2026-09-12 01:07:50 - mkk_pika - main.py:35 - INFO - 开始检查晴ちゃんのお勉強 (COMIC LO 2019年2月号)是否存在未下载章节
2026-09-12 01:07:50 - mkk_pika - main.py:45 - INFO - 正在下载:[晴ちゃんのお勉強 (COMIC LO 2019年2月号)]-[縁山]-[['短篇']]-[total_pages:17]
2026-09-12 01:07:50 - mkk_pika - main.py:49 - INFO - [{'_id': '5cbdda2390707c7edc5e28b2', 'title': '第1集', 'order': 1, 'updated_at': '2019-04-21T18:52:38.457Z', 'id': '5cbdda2390707c7edc5e28b2'}]
2026-09-12 01:07:50 - mkk_pika - database.py:215 - INFO - 第一次下载该漫画，记录数据库中
2026-09-12 01:07:50 - mkk_pika - main.py:83 - INFO - 找到 17 张图片在:第1集
2026-09-12 01:07:51 - mkk_pika - main.py:112 - INFO - [episode:第1集       ] downloaded:    17, total:  17, progress:100%
2026-09-12 01:07:51 - mkk_pika - database.py:238 - INFO - 数据库更新已下载章节
2026-09-12 01:07:51 - mkk_pika - database.py:244 - INFO - 该漫画已下载章节如下
2026-09-12 01:07:51 - mkk_pika - database.py:245 - INFO - ['第1集']
2026-09-12 01:07:52 - mkk_pika - main.py:348 - INFO - ==================== 漫画信息 ====================
                                   漫画ID：5cbdda2390707c7edc5e28b1
                                   标题：晴ちゃんのお勉強 (COMIC LO 2019年2月号)
                                   作者：縁山
                                   是否完结：是
                                   总页数：17
                                   分类：短篇
                                   章节数：1
                                   最后更新时间：2019-04-22T15:13:39.069Z
                                   =================================================
2026-09-12 01:07:52 - mkk_pika - database.py:101 - INFO - 保存成功：晴ちゃんのお勉強 (COMIC LO 2019年2月号)
2026-09-12 01:07:52 - mkk_pika - main.py:35 - INFO - 开始检查めっちゃ好きやん (COMIC LO 2019年1月号) 是否存在未下载章节
2026-09-12 01:07:53 - mkk_pika - main.py:45 - INFO - 正在下载:[めっちゃ好きやん (COMIC LO 2019年1月号) ]-[雪雨こん]-[['短篇', '純愛']]-[total_pages:28]
2026-09-12 01:07:53 - mkk_pika - main.py:49 - INFO - [{'_id': '5cbdda7f42ce9e7eb62f49d5', 'title': '第1集', 'order': 1, 'updated_at': '2019-04-22T01:36:53.938Z', 'id': '5cbdda7f42ce9e7eb62f49d5'}]
2026-09-12 01:07:53 - mkk_pika - database.py:215 - INFO - 第一次下载该漫画，记录数据库中
2026-09-12 01:07:53 - mkk_pika - main.py:83 - INFO - 找到 28 张图片在:第1集
2026-09-12 01:07:54 - mkk_pika - main.py:112 - INFO - [episode:第1集       ] downloaded:    28, total:  28, progress:100%
2026-09-12 01:07:54 - mkk_pika - database.py:238 - INFO - 数据库更新已下载章节
2026-09-12 01:07:54 - mkk_pika - database.py:244 - INFO - 该漫画已下载章节如下
2026-09-12 01:07:54 - mkk_pika - database.py:245 - INFO - ['第1集']
2026-09-12 01:07:55 - mkk_pika - main.py:348 - INFO - ==================== 漫画信息 ====================
                                   漫画ID：5cbdda7f42ce9e7eb62f49d4
                                   标题：めっちゃ好きやん (COMIC LO 2019年1月号) 
                                   作者：雪雨こん
                                   是否完结：否
                                   总页数：28
                                   分类：短篇,純愛
                                   章节数：1
                                   最后更新时间：2019-04-22T15:15:11.049Z
                                   =================================================
2026-09-12 01:07:55 - mkk_pika - database.py:101 - INFO - 保存成功：めっちゃ好きやん (COMIC LO 2019年1月号) 
2026-09-12 01:07:55 - mkk_pika - main.py:35 - INFO - 开始检查 BFびっちふあっかーずはーどらいん♥ (ショタハンティング) [中国翻訳]是否存在未下载章节
2026-09-12 01:07:56 - mkk_pika - main.py:45 - INFO - 正在下载:[ BFびっちふあっかーずはーどらいん♥ (ショタハンティング) [中国翻訳]]-[ユウキレイ]-[['短篇', '姐姐系']]-[total_pages:13]
2026-09-12 01:07:56 - mkk_pika - main.py:49 - INFO - [{'_id': '5cbddaf5c897694df7ec4674', 'title': '第1集', 'order': 1, 'updated_at': '2019-04-22T05:22:51.454Z', 'id': '5cbddaf5c897694df7ec4674'}]
2026-09-12 01:07:56 - mkk_pika - database.py:215 - INFO - 第一次下载该漫画，记录数据库中
2026-09-12 01:07:56 - mkk_pika - main.py:83 - INFO - 找到 13 张图片在:第1集
2026-09-12 01:07:57 - mkk_pika - main.py:112 - INFO - [episode:第1集       ] downloaded:    13, total:  13, progress:100%
2026-09-12 01:07:57 - mkk_pika - database.py:238 - INFO - 数据库更新已下载章节
2026-09-12 01:07:57 - mkk_pika - database.py:244 - INFO - 该漫画已下载章节如下
2026-09-12 01:07:57 - mkk_pika - database.py:245 - INFO - ['第1集']
2026-09-12 01:07:58 - mkk_pika - main.py:348 - INFO - ==================== 漫画信息 ====================
                                   漫画ID：5cbddaf5c897694df7ec4673
                                   标题： BFびっちふあっかーずはーどらいん♥ (ショタハンティング) [中国翻訳]
                                   作者：ユウキレイ
                                   是否完结：是
                                   总页数：13
                                   分类：短篇,姐姐系
                                   章节数：1
                                   最后更新时间：2019-04-22T15:17:09.308Z
                                   =================================================
2026-09-12 01:07:58 - mkk_pika - database.py:101 - INFO - 保存成功： BFびっちふあっかーずはーどらいん♥ (ショタハンティング) [中国翻訳]
2026-09-12 01:07:58 - mkk_pika - main.py:35 - INFO - 开始检查ナ・マ・イ・キ☆ (COMIC 快楽天ビースト 2019年5月号) [中国翻訳] [DL版]是否存在未下载章节
2026-09-12 01:07:58 - mkk_pika - main.py:45 - INFO - 正在下载:[ナ・マ・イ・キ☆ (COMIC 快楽天ビースト 2019年5月号) [中国翻訳] [DL版]]-[kakao]-[['短篇']]-[total_pages:20]
2026-09-12 01:07:58 - mkk_pika - main.py:49 - INFO - [{'_id': '5cbddb1e90707c7edc5e28ce', 'title': '第1集', 'order': 1, 'updated_at': '2019-04-22T06:12:59.767Z', 'id': '5cbddb1e90707c7edc5e28ce'}]
2026-09-12 01:07:58 - mkk_pika - database.py:215 - INFO - 第一次下载该漫画，记录数据库中
2026-09-12 01:07:59 - mkk_pika - main.py:83 - INFO - 找到 20 张图片在:第1集
2026-09-12 01:07:59 - mkk_pika - main.py:112 - INFO - [episode:第1集       ] downloaded:    20, total:  20, progress:100%
2026-09-12 01:07:59 - mkk_pika - database.py:238 - INFO - 数据库更新已下载章节
2026-09-12 01:07:59 - mkk_pika - database.py:244 - INFO - 该漫画已下载章节如下
2026-09-12 01:07:59 - mkk_pika - database.py:245 - INFO - ['第1集']
2026-09-12 01:08:01 - mkk_pika - main.py:348 - INFO - ==================== 漫画信息 ====================
                                   漫画ID：5cbddb1e90707c7edc5e28cd
                                   标题：ナ・マ・イ・キ☆ (COMIC 快楽天ビースト 2019年5月号) [中国翻訳] [DL版]
                                   作者：kakao
                                   是否完结：是
                                   总页数：20
                                   分类：短篇
                                   章节数：1
                                   最后更新时间：2019-04-22T15:17:50.243Z
                                   =================================================
2026-09-12 01:08:01 - mkk_pika - database.py:101 - INFO - 保存成功：ナ・マ・イ・キ☆ (COMIC 快楽天ビースト 2019年5月号) [中国翻訳] [DL版]
2026-09-12 01:08:01 - mkk_pika - main.py:380 - INFO - 本次任务下载完毕
2026-09-12 01:08:01 - mkk_pika - database.py:173 - INFO - 数据库连接已关闭
