2026-09-28 01:34:11 - mkk_pika - main.py:193 - INFO - =======================================================================
2026-09-28 01:34:11 - mkk_pika - database.py:61 - INFO - 表和索引初始化成功
2026-09-28 01:34:11 - mkk_pika - main.py:197 - INFO - 已经累计下载21810本漫画
2026-09-28 01:34:11 - mkk_pika - api.py:87 - INFO - 登录成功
2026-09-28 01:34:12 - mkk_pika - main.py:203 - INFO - 收藏夹共计0本漫画
2026-09-28 01:34:12 - mkk_pika - main.py:206 - INFO - 开始下载收藏夹内未下载内容
2026-09-28 01:34:12 - mkk_pika - main.py:266 - INFO - 收藏夹内容下载完毕
2026-09-28 01:34:12 - mkk_pika - main.py:268 - INFO - 开始下载订阅内容
2026-09-28 01:34:12 - mkk_pika - database.py:258 - INFO - 根据ID查询到标题：萝莉 -> 八朔 [DL版]
2026-09-28 01:34:13 - mkk_pika - database.py:101 - INFO - 保存成功：八朔 [DL版]
2026-09-28 01:34:13 - mkk_pika - main.py:273 - INFO - 关键词萝莉找到1本漫画
2026-09-28 01:34:13 - mkk_pika - database.py:258 - INFO - 根据ID查询到标题：蘿莉 -> 落日の名探偵  
2026-09-28 01:34:14 - mkk_pika - database.py:101 - INFO - 保存成功：ギデオンちゃん擬人化えちほっぺ同人作品 | 基迪恩酱拟人化色色嘟嘟脸同人作品
2026-09-28 01:34:14 - mkk_pika - main.py:273 - INFO - 关键词蘿莉找到4本漫画
2026-09-28 01:34:14 - mkk_pika - main.py:275 - INFO - 订阅内容共计5本漫画
2026-09-28 01:34:14 - mkk_pika - main.py:35 - INFO - 开始检查おじさんとのエッチにハマっちゃった女の子| 沉迷于和大叔做爱的女孩 [中国翻訳]是否存在未下载章节
2026-09-28 01:34:14 - mkk_pika - database.py:203 - INFO - 查询数据库中是否已存在熟肉
2026-09-28 01:34:14 - mkk_pika - main.py:51 - INFO - おじさんとのエッチにハマっちゃった女の子| 沉迷于和大叔做爱的女孩 [中国翻訳]中没有可下载章节
2026-09-28 01:34:14 - mkk_pika - main.py:292 - INFO - ==================== 漫画信息 ====================
                                漫画ID：6ab29da0b060df0a51c37655
                                标题：おじさんとのエッチにハマっちゃった女の子| 沉迷于和大叔做爱的女孩 [中国翻訳]
                                作者：木小屋Me (きごみー)
                                是否完结：是
                                总页数：33
                                分类：短篇
                                章节数：1
                                最后更新时间：2026-09-22T15:24:16.617Z
                                =================================================
2026-09-28 01:34:14 - mkk_pika - database.py:101 - INFO - 保存成功：おじさんとのエッチにハマっちゃった女の子| 沉迷于和大叔做爱的女孩 [中国翻訳]
2026-09-28 01:34:14 - mkk_pika - main.py:35 - INFO - 开始检查ギデオンちゃん擬人化えちほっぺ同人作品 | 基迪恩酱拟人化色色嘟嘟脸同人作品是否存在未下载章节
2026-09-28 01:34:14 - mkk_pika - main.py:45 - INFO - 正在下载:[ギデオンちゃん擬人化えちほっぺ同人作品 | 基迪恩酱拟人化色色嘟嘟脸同人作品]-[ココアホリック (ユイザキカズヤ)]-[['短篇', '同人']]-[total_pages:-1]
2026-09-28 01:34:14 - mkk_pika - main.py:49 - INFO - [{'_id': '6ab95b032a41613c30ee2d44', 'title': '第1話', 'order': 1, 'updated_at': '2026-09-27T13:45:22.630Z', 'id': '6ab95b032a41613c30ee2d44'}]
2026-09-28 01:34:14 - mkk_pika - database.py:215 - INFO - 第一次下载该漫画，记录数据库中
2026-09-28 01:34:15 - mkk_pika - main.py:83 - INFO - 找到 9 张图片在:第1話
2026-09-28 01:34:15 - mkk_pika - main.py:112 - INFO - [episode:第1話       ] downloaded:     9, total:   9, progress:100%
2026-09-28 01:34:15 - mkk_pika - database.py:238 - INFO - 数据库更新已下载章节
2026-09-28 01:34:15 - mkk_pika - database.py:244 - INFO - 该漫画已下载章节如下
2026-09-28 01:34:15 - mkk_pika - database.py:245 - INFO - ['第1話']
2026-09-28 01:34:17 - mkk_pika - main.py:292 - INFO - ==================== 漫画信息 ====================
                                漫画ID：6ab95b032a41613c30ee2d43
                                标题：ギデオンちゃん擬人化えちほっぺ同人作品 | 基迪恩酱拟人化色色嘟嘟脸同人作品
                                作者：ココアホリック (ユイザキカズヤ)
                                是否完结：否
                                总页数：9
                                分类：短篇,同人
                                章节数：1
                                最后更新时间：2026-09-27T18:05:55.766Z
                                =================================================
2026-09-28 01:34:17 - mkk_pika - database.py:101 - INFO - 保存成功：ギデオンちゃん擬人化えちほっぺ同人作品 | 基迪恩酱拟人化色色嘟嘟脸同人作品
2026-09-28 01:34:17 - mkk_pika - main.py:35 - INFO - 开始检查転変堕落 ～最強武道家 TS○リオナホに堕つ～是否存在未下载章节
2026-09-28 01:34:17 - mkk_pika - database.py:203 - INFO - 查询数据库中是否已存在个人机翻
2026-09-28 01:34:17 - mkk_pika - database.py:203 - INFO - 查询数据库中是否已存在clovers studio
2026-09-28 01:34:17 - mkk_pika - main.py:45 - INFO - 正在下载:[転変堕落 ～最強武道家 TS○リオナホに堕つ～]-[Atelier Neo-Axis (そうたつ)]-[['長篇', '性轉換']]-[total_pages:-1]
2026-09-28 01:34:17 - mkk_pika - main.py:49 - INFO - [{'_id': '6a413ffd79e3692b1bf455e8', 'title': '个人机翻', 'order': 1, 'updated_at': '2026-09-27T18:04:07.891Z', 'id': '6a413ffd79e3692b1bf455e8'}, {'_id': '6ab95a972ff80d3bae1172d2', 'title': 'clovers studio', 'order': 2, 'updated_at': '2026-09-27T12:51:12.850Z', 'id': '6ab95a972ff80d3bae1172d2'}]
2026-09-28 01:34:18 - mkk_pika - main.py:83 - INFO - 找到 78 张图片在:个人机翻
2026-09-28 01:34:21 - mkk_pika - main.py:112 - INFO - [episode:个人机翻      ] downloaded:    78, total:  78, progress:100%
2026-09-28 01:34:21 - mkk_pika - database.py:238 - INFO - 数据库更新已下载章节
2026-09-28 01:34:21 - mkk_pika - database.py:244 - INFO - 该漫画已下载章节如下
2026-09-28 01:34:21 - mkk_pika - database.py:245 - INFO - ['第1話', '个人机翻']
2026-09-28 01:34:23 - mkk_pika - main.py:83 - INFO - 找到 78 张图片在:cloversstudio
2026-09-28 01:34:26 - mkk_pika - main.py:112 - INFO - [episode:clovers studio] downloaded:    78, total:  78, progress:100%
2026-09-28 01:34:26 - mkk_pika - database.py:238 - INFO - 数据库更新已下载章节
2026-09-28 01:34:26 - mkk_pika - database.py:244 - INFO - 该漫画已下载章节如下
2026-09-28 01:34:26 - mkk_pika - database.py:245 - INFO - ['第1話', '个人机翻', 'clovers studio']
2026-09-28 01:34:27 - mkk_pika - main.py:292 - INFO - ==================== 漫画信息 ====================
                                漫画ID：6a413ffd79e3692b1bf455e7
                                标题：転変堕落 ～最強武道家 TS○リオナホに堕つ～
                                作者：Atelier Neo-Axis (そうたつ)
                                是否完结：是
                                总页数：156
                                分类：長篇,性轉換
                                章节数：2
                                最后更新时间：2026-09-27T18:04:07.883Z
                                =================================================
2026-09-28 01:34:27 - mkk_pika - database.py:101 - INFO - 保存成功：転変堕落 ～最強武道家 TS○リオナホに堕つ～
2026-09-28 01:34:27 - mkk_pika - main.py:35 - INFO - 开始检查くーあい・あぐれっしょん是否存在未下载章节
2026-09-28 01:34:27 - mkk_pika - main.py:45 - INFO - 正在下载:[くーあい・あぐれっしょん]-[レキシタイふのじ]-[['單行本']]-[total_pages:-1]
2026-09-28 01:34:27 - mkk_pika - main.py:49 - INFO - [{'_id': '6ab95906795091767871526c', 'title': '第1話', 'order': 1, 'updated_at': '2026-09-27T04:59:43.473Z', 'id': '6ab95906795091767871526c'}]
2026-09-28 01:34:27 - mkk_pika - database.py:215 - INFO - 第一次下载该漫画，记录数据库中
2026-09-28 01:34:30 - mkk_pika - main.py:83 - INFO - 找到 223 张图片在:第1話
2026-09-28 01:34:39 - mkk_pika - main.py:112 - INFO - [episode:第1話       ] downloaded:   223, total: 223, progress:100%
2026-09-28 01:34:39 - mkk_pika - database.py:238 - INFO - 数据库更新已下载章节
2026-09-28 01:34:39 - mkk_pika - database.py:244 - INFO - 该漫画已下载章节如下
2026-09-28 01:34:39 - mkk_pika - database.py:245 - INFO - ['第1話']
2026-09-28 01:34:40 - mkk_pika - main.py:292 - INFO - ==================== 漫画信息 ====================
                                漫画ID：6ab95906795091767871526b
                                标题：くーあい・あぐれっしょん
                                作者：レキシタイふのじ
                                是否完结：是
                                总页数：223
                                分类：單行本
                                章节数：1
                                最后更新时间：2026-09-27T17:57:26.204Z
                                =================================================
2026-09-28 01:34:40 - mkk_pika - database.py:101 - INFO - 保存成功：くーあい・あぐれっしょん
2026-09-28 01:34:40 - mkk_pika - main.py:35 - INFO - 开始检查ふたりきりの撮影会 (ブルーアーカイブ)是否存在未下载章节
2026-09-28 01:34:40 - mkk_pika - main.py:45 - INFO - 正在下载:[ふたりきりの撮影会 (ブルーアーカイブ)]-[性遺物 (オティンポ・キモティウス)]-[['同人', '短篇']]-[total_pages:-1]
2026-09-28 01:34:40 - mkk_pika - main.py:49 - INFO - [{'_id': '6ab95823d7a16e7745c4140b', 'title': '第1話', 'order': 1, 'updated_at': '2026-09-26T15:22:56.514Z', 'id': '6ab95823d7a16e7745c4140b'}]
2026-09-28 01:34:40 - mkk_pika - database.py:215 - INFO - 第一次下载该漫画，记录数据库中
2026-09-28 01:34:41 - mkk_pika - main.py:83 - INFO - 找到 23 张图片在:第1話
2026-09-28 01:34:42 - mkk_pika - main.py:112 - INFO - [episode:第1話       ] downloaded:    23, total:  23, progress:100%
2026-09-28 01:34:42 - mkk_pika - database.py:238 - INFO - 数据库更新已下载章节
2026-09-28 01:34:42 - mkk_pika - database.py:244 - INFO - 该漫画已下载章节如下
2026-09-28 01:34:42 - mkk_pika - database.py:245 - INFO - ['第1話']
2026-09-28 01:34:43 - mkk_pika - main.py:292 - INFO - ==================== 漫画信息 ====================
                                漫画ID：6ab95823d7a16e7745c4140a
                                标题：ふたりきりの撮影会 (ブルーアーカイブ)
                                作者：性遺物 (オティンポ・キモティウス)
                                是否完结：是
                                总页数：23
                                分类：同人,短篇
                                章节数：1
                                最后更新时间：2026-09-27T17:53:39.037Z
                                =================================================
2026-09-28 01:34:43 - mkk_pika - database.py:101 - INFO - 保存成功：ふたりきりの撮影会 (ブルーアーカイブ)
2026-09-28 01:34:43 - mkk_pika - main.py:323 - INFO - 订阅内容内容下载完毕
2026-09-28 01:34:43 - mkk_pika - main.py:324 - INFO - 开始分批下载全部章节
2026-09-28 01:34:43 - mkk_pika - database.py:280 - INFO - 表和索引初始化成功
2026-09-28 01:34:43 - mkk_pika - main.py:177 - INFO - 已经下载了1702页，一共7175页，现在开始添加第1703页
2026-09-28 01:34:44 - mkk_pika - database.py:318 - INFO - 保存成功
2026-09-28 01:34:44 - mkk_pika - main.py:177 - INFO - 已经下载了1703页，一共7175页，现在开始添加第1704页
2026-09-28 01:34:45 - mkk_pika - database.py:318 - INFO - 保存成功
2026-09-28 01:34:45 - mkk_pika - main.py:177 - INFO - 已经下载了1704页，一共7175页，现在开始添加第1705页
2026-09-28 01:34:46 - mkk_pika - database.py:318 - INFO - 保存成功
2026-09-28 01:34:46 - mkk_pika - main.py:177 - INFO - 已经下载了1705页，一共7175页，现在开始添加第1706页
2026-09-28 01:34:46 - mkk_pika - database.py:318 - INFO - 保存成功
2026-09-28 01:34:47 - mkk_pika - main.py:177 - INFO - 已经下载了1706页，一共7175页，现在开始添加第1707页
2026-09-28 01:34:47 - mkk_pika - database.py:318 - INFO - 保存成功
2026-09-28 01:34:48 - mkk_pika - main.py:177 - INFO - 已经下载了1707页，一共7175页，现在开始添加第1708页
2026-09-28 01:34:48 - mkk_pika - database.py:318 - INFO - 保存成功
2026-09-28 01:34:48 - mkk_pika - main.py:177 - INFO - 已经下载了1708页，一共7175页，现在开始添加第1709页
2026-09-28 01:34:49 - mkk_pika - database.py:318 - INFO - 保存成功
2026-09-28 01:34:49 - mkk_pika - main.py:331 - INFO - 分批下载共计66本漫画
2026-09-28 01:34:49 - mkk_pika - main.py:35 - INFO - 开始检查(C95)チカンニチュウイ是否存在未下载章节
2026-09-28 01:34:49 - mkk_pika - main.py:45 - INFO - 正在下载:[(C95)チカンニチュウイ]-[MeltdoWN COmet (雪雨こん)]-[['同人', '短篇', '全彩']]-[total_pages:21]
2026-09-28 01:34:49 - mkk_pika - main.py:49 - INFO - [{'_id': '5d010203d95f1a2ac1263b72', 'title': '第1集', 'order': 1, 'updated_at': '2019-06-12T07:45:05.602Z', 'id': '5d010203d95f1a2ac1263b72'}]
2026-09-28 01:34:49 - mkk_pika - database.py:215 - INFO - 第一次下载该漫画，记录数据库中
2026-09-28 01:34:50 - mkk_pika - main.py:83 - INFO - 找到 21 张图片在:第1集
2026-09-28 01:34:51 - mkk_pika - main.py:112 - INFO - [episode:第1集       ] downloaded:    21, total:  21, progress:100%
2026-09-28 01:34:51 - mkk_pika - database.py:238 - INFO - 数据库更新已下载章节
2026-09-28 01:34:51 - mkk_pika - database.py:244 - INFO - 该漫画已下载章节如下
2026-09-28 01:34:51 - mkk_pika - database.py:245 - INFO - ['第1集']
2026-09-28 01:34:52 - mkk_pika - main.py:348 - INFO - ==================== 漫画信息 ====================
                                   漫画ID：5d010203d95f1a2ac1263b71
                                   标题：(C95)チカンニチュウイ
                                   作者：MeltdoWN COmet (雪雨こん)
                                   是否完结：否
                                   总页数：21
                                   分类：同人,短篇,全彩
                                   章节数：1
                                   最后更新时间：2019-06-12T13:45:39.039Z
                                   =================================================
2026-09-28 01:34:52 - mkk_pika - database.py:101 - INFO - 保存成功：(C95)チカンニチュウイ
2026-09-28 01:34:52 - mkk_pika - main.py:35 - INFO - 开始检查(C87)加賀さんのお仕事 (艦隊これくしょん -艦これ-) 是否存在未下载章节
2026-09-28 01:34:53 - mkk_pika - main.py:45 - INFO - 正在下载:[(C87)加賀さんのお仕事 (艦隊これくしょん -艦これ-) ]-[出席番号26 (にろ)]-[['短篇', '全彩', '艦隊收藏', '姐姐系']]-[total_pages:19]
2026-09-28 01:34:53 - mkk_pika - main.py:49 - INFO - [{'_id': '5d010289d8ef762ad339b678', 'title': '第1集', 'order': 1, 'updated_at': '2019-06-12T08:29:09.537Z', 'id': '5d010289d8ef762ad339b678'}]
2026-09-28 01:34:53 - mkk_pika - database.py:215 - INFO - 第一次下载该漫画，记录数据库中
2026-09-28 01:34:53 - mkk_pika - main.py:83 - INFO - 找到 19 张图片在:第1集
2026-09-28 01:34:54 - mkk_pika - main.py:112 - INFO - [episode:第1集       ] downloaded:    19, total:  19, progress:100%
2026-09-28 01:34:54 - mkk_pika - database.py:238 - INFO - 数据库更新已下载章节
2026-09-28 01:34:54 - mkk_pika - database.py:244 - INFO - 该漫画已下载章节如下
2026-09-28 01:34:54 - mkk_pika - database.py:245 - INFO - ['第1集']
2026-09-28 01:34:55 - mkk_pika - main.py:348 - INFO - ==================== 漫画信息 ====================
                                   漫画ID：5d010289d8ef762ad339b677
                                   标题：(C87)加賀さんのお仕事 (艦隊これくしょん -艦これ-) 
                                   作者：出席番号26 (にろ)
                                   是否完结：是
                                   总页数：19
                                   分类：短篇,全彩,艦隊收藏,姐姐系
                                   章节数：1
                                   最后更新时间：2019-06-12T13:47:53.421Z
                                   =================================================
2026-09-28 01:34:55 - mkk_pika - database.py:101 - INFO - 保存成功：(C87)加賀さんのお仕事 (艦隊これくしょん -艦これ-) 
2026-09-28 01:34:55 - mkk_pika - main.py:35 - INFO - 开始检查(C83)ヤミと美柑のハーレムぷろじぇくと (ToLOVEる-とらぶる-)是否存在未下载章节
2026-09-28 01:34:56 - mkk_pika - main.py:45 - INFO - 正在下载:[(C83)ヤミと美柑のハーレムぷろじぇくと (ToLOVEる-とらぶる-)]-[Number2 (たくじ)]-[['同人', '短篇', '全彩', '後宮閃光', '妹妹系']]-[total_pages:14]
2026-09-28 01:34:56 - mkk_pika - main.py:49 - INFO - [{'_id': '5d0102c1d8ef762ad339b68d', 'title': '第1集', 'order': 1, 'updated_at': '2019-06-12T10:40:19.847Z', 'id': '5d0102c1d8ef762ad339b68d'}]
2026-09-28 01:34:56 - mkk_pika - database.py:215 - INFO - 第一次下载该漫画，记录数据库中
2026-09-28 01:34:56 - mkk_pika - main.py:83 - INFO - 找到 14 张图片在:第1集
2026-09-28 01:34:57 - mkk_pika - main.py:112 - INFO - [episode:第1集       ] downloaded:    14, total:  14, progress:100%
2026-09-28 01:34:57 - mkk_pika - database.py:238 - INFO - 数据库更新已下载章节
2026-09-28 01:34:57 - mkk_pika - database.py:244 - INFO - 该漫画已下载章节如下
2026-09-28 01:34:57 - mkk_pika - database.py:245 - INFO - ['第1集']
2026-09-28 01:34:58 - mkk_pika - main.py:348 - INFO - ==================== 漫画信息 ====================
                                   漫画ID：5d0102c1d8ef762ad339b68c
                                   标题：(C83)ヤミと美柑のハーレムぷろじぇくと (ToLOVEる-とらぶる-)
                                   作者：Number2 (たくじ)
                                   是否完结：否
                                   总页数：14
                                   分类：同人,短篇,全彩,後宮閃光,妹妹系
                                   章节数：1
                                   最后更新时间：2019-06-12T13:48:49.551Z
                                   =================================================
2026-09-28 01:34:58 - mkk_pika - database.py:101 - INFO - 保存成功：(C83)ヤミと美柑のハーレムぷろじぇくと (ToLOVEる-とらぶる-)
2026-09-28 01:34:58 - mkk_pika - main.py:35 - INFO - 开始检查(COMIC1☆8)撮影の後は好きにしていいよ? (ラブライブ!)是否存在未下载章节
2026-09-28 01:34:58 - mkk_pika - main.py:45 - INFO - 正在下载:[(COMIC1☆8)撮影の後は好きにしていいよ? (ラブライブ!)]-[Number2 (たくじ)]-[['全彩', '短篇', '同人', '後宮閃光', 'Love Live']]-[total_pages:18]
2026-09-28 01:34:58 - mkk_pika - main.py:49 - INFO - [{'_id': '5d0102de6189352ac7700697', 'title': '第1集', 'order': 1, 'updated_at': '2019-06-12T10:56:20.479Z', 'id': '5d0102de6189352ac7700697'}]
2026-09-28 01:34:58 - mkk_pika - database.py:215 - INFO - 第一次下载该漫画，记录数据库中
2026-09-28 01:34:59 - mkk_pika - main.py:83 - INFO - 找到 18 张图片在:第1集
2026-09-28 01:35:00 - mkk_pika - main.py:112 - INFO - [episode:第1集       ] downloaded:    18, total:  18, progress:100%
2026-09-28 01:35:00 - mkk_pika - database.py:238 - INFO - 数据库更新已下载章节
2026-09-28 01:35:00 - mkk_pika - database.py:244 - INFO - 该漫画已下载章节如下
2026-09-28 01:35:00 - mkk_pika - database.py:245 - INFO - ['第1集']
2026-09-28 01:35:01 - mkk_pika - main.py:348 - INFO - ==================== 漫画信息 ====================
                                   漫画ID：5d0102de6189352ac7700696
                                   标题：(COMIC1☆8)撮影の後は好きにしていいよ? (ラブライブ!)
                                   作者：Number2 (たくじ)
                                   是否完结：是
                                   总页数：18
                                   分类：全彩,短篇,同人,後宮閃光,Love Live
                                   章节数：1
                                   最后更新时间：2019-06-12T13:49:18.594Z
                                   =================================================
2026-09-28 01:35:01 - mkk_pika - database.py:101 - INFO - 保存成功：(COMIC1☆8)撮影の後は好きにしていいよ? (ラブライブ!)
2026-09-28 01:35:01 - mkk_pika - main.py:35 - INFO - 开始检查部活動日誌(スパッツ部の場合) 社团活动记录（紧身裤社）是否存在未下载章节
2026-09-28 01:35:01 - mkk_pika - main.py:45 - INFO - 正在下载:[部活動日誌(スパッツ部の場合) 社团活动记录（紧身裤社）]-[PELL-MELL WORKS (鴻上)]-[['短篇', '非人類']]-[total_pages:27]
2026-09-28 01:35:01 - mkk_pika - main.py:49 - INFO - [{'_id': '5d0102f26189352ac77006ab', 'title': '第1集', 'order': 1, 'updated_at': '2019-06-12T10:57:22.683Z', 'id': '5d0102f26189352ac77006ab'}]
2026-09-28 01:35:01 - mkk_pika - database.py:215 - INFO - 第一次下载该漫画，记录数据库中
2026-09-28 01:35:02 - mkk_pika - main.py:83 - INFO - 找到 27 张图片在:第1集
2026-09-28 01:35:03 - mkk_pika - main.py:112 - INFO - [episode:第1集       ] downloaded:    27, total:  27, progress:100%
2026-09-28 01:35:03 - mkk_pika - database.py:238 - INFO - 数据库更新已下载章节
2026-09-28 01:35:03 - mkk_pika - database.py:244 - INFO - 该漫画已下载章节如下
2026-09-28 01:35:03 - mkk_pika - database.py:245 - INFO - ['第1集']
2026-09-28 01:35:04 - mkk_pika - main.py:348 - INFO - ==================== 漫画信息 ====================
                                   漫画ID：5d0102f26189352ac77006aa
                                   标题：部活動日誌(スパッツ部の場合) 社团活动记录（紧身裤社）
                                   作者：PELL-MELL WORKS (鴻上)
                                   是否完结：否
                                   总页数：27
                                   分类：短篇,非人類
                                   章节数：1
                                   最后更新时间：2019-06-12T13:49:38.286Z
                                   =================================================
2026-09-28 01:35:04 - mkk_pika - database.py:101 - INFO - 保存成功：部活動日誌(スパッツ部の場合) 社团活动记录（紧身裤社）
2026-09-28 01:35:04 - mkk_pika - main.py:35 - INFO - 开始检查(C94)カラメトリタカオ (艦隊これくしょん -艦これ-)是否存在未下载章节
2026-09-28 01:35:05 - mkk_pika - main.py:45 - INFO - 正在下载:[(C94)カラメトリタカオ (艦隊これくしょん -艦これ-)]-[もふれん亭 (Xe)]-[['全彩', '同人', '短篇', '艦隊收藏']]-[total_pages:20]
2026-09-28 01:35:05 - mkk_pika - main.py:49 - INFO - [{'_id': '5d01037b9eab272ad845b1ea', 'title': '第1集', 'order': 1, 'updated_at': '2019-06-12T12:29:52.251Z', 'id': '5d01037b9eab272ad845b1ea'}]
2026-09-28 01:35:05 - mkk_pika - database.py:215 - INFO - 第一次下载该漫画，记录数据库中
2026-09-28 01:35:05 - mkk_pika - main.py:83 - INFO - 找到 20 张图片在:第1集
2026-09-28 01:35:06 - mkk_pika - main.py:112 - INFO - [episode:第1集       ] downloaded:    20, total:  20, progress:100%
2026-09-28 01:35:06 - mkk_pika - database.py:238 - INFO - 数据库更新已下载章节
2026-09-28 01:35:06 - mkk_pika - database.py:244 - INFO - 该漫画已下载章节如下
2026-09-28 01:35:06 - mkk_pika - database.py:245 - INFO - ['第1集']
2026-09-28 01:35:08 - mkk_pika - main.py:348 - INFO - ==================== 漫画信息 ====================
                                   漫画ID：5d01037b9eab272ad845b1e9
                                   标题：(C94)カラメトリタカオ (艦隊これくしょん -艦これ-)
                                   作者：もふれん亭 (Xe)
                                   是否完结：否
                                   总页数：20
                                   分类：全彩,同人,短篇,艦隊收藏
                                   章节数：1
                                   最后更新时间：2019-06-12T13:51:55.414Z
                                   =================================================
2026-09-28 01:35:08 - mkk_pika - database.py:101 - INFO - 保存成功：(C94)カラメトリタカオ (艦隊これくしょん -艦これ-)
2026-09-28 01:35:08 - mkk_pika - main.py:35 - INFO - 开始检查詩織 第三章 闇の刻印 中巻 新装版是否存在未下载章节
2026-09-28 01:35:08 - mkk_pika - main.py:45 - INFO - 正在下载:[詩織 第三章 闇の刻印 中巻 新装版]-[HIGH RISK REVOLUTION (あいざわひろし)]-[['同人', '短篇', '強暴']]-[total_pages:38]
2026-09-28 01:35:08 - mkk_pika - main.py:49 - INFO - [{'_id': '5d0103b1d95f1a2ac1263ba5', 'title': '第1集', 'order': 1, 'updated_at': '2019-06-12T12:43:29.111Z', 'id': '5d0103b1d95f1a2ac1263ba5'}]
2026-09-28 01:35:08 - mkk_pika - database.py:215 - INFO - 第一次下载该漫画，记录数据库中
2026-09-28 01:35:09 - mkk_pika - main.py:83 - INFO - 找到 38 张图片在:第1集
2026-09-28 01:35:11 - mkk_pika - main.py:112 - INFO - [episode:第1集       ] downloaded:    38, total:  38, progress:100%
2026-09-28 01:35:11 - mkk_pika - database.py:238 - INFO - 数据库更新已下载章节
2026-09-28 01:35:11 - mkk_pika - database.py:244 - INFO - 该漫画已下载章节如下
2026-09-28 01:35:11 - mkk_pika - database.py:245 - INFO - ['第1集']
2026-09-28 01:35:12 - mkk_pika - main.py:348 - INFO - ==================== 漫画信息 ====================
                                   漫画ID：5d0103b1d95f1a2ac1263ba4
                                   标题：詩織 第三章 闇の刻印 中巻 新装版
                                   作者：HIGH RISK REVOLUTION (あいざわひろし)
                                   是否完结：否
                                   总页数：38
                                   分类：同人,短篇,強暴
                                   章节数：1
                                   最后更新时间：2019-06-12T13:52:49.498Z
                                   =================================================
2026-09-28 01:35:12 - mkk_pika - database.py:101 - INFO - 保存成功：詩織 第三章 闇の刻印 中巻 新装版
2026-09-28 01:35:12 - mkk_pika - main.py:35 - INFO - 开始检查(C92)陸セパ航巡鈴谷の青春提督矯正術 (艦隊これくしょん -艦これ-)是否存在未下载章节
2026-09-28 01:35:12 - mkk_pika - main.py:45 - INFO - 正在下载:[(C92)陸セパ航巡鈴谷の青春提督矯正術 (艦隊これくしょん -艦これ-)]-[もふれん亭 (Xe)]-[['同人', '短篇', '艦隊收藏', '純愛']]-[total_pages:25]
2026-09-28 01:35:12 - mkk_pika - main.py:49 - INFO - [{'_id': '5d010425d8ef762ad339b6eb', 'title': '第1集', 'order': 1, 'updated_at': '2019-06-12T13:00:42.919Z', 'id': '5d010425d8ef762ad339b6eb'}]
2026-09-28 01:35:12 - mkk_pika - database.py:215 - INFO - 第一次下载该漫画，记录数据库中
2026-09-28 01:35:13 - mkk_pika - main.py:83 - INFO - 找到 25 张图片在:第1集
2026-09-28 01:35:14 - mkk_pika - main.py:112 - INFO - [episode:第1集       ] downloaded:    25, total:  25, progress:100%
2026-09-28 01:35:14 - mkk_pika - database.py:238 - INFO - 数据库更新已下载章节
2026-09-28 01:35:14 - mkk_pika - database.py:244 - INFO - 该漫画已下载章节如下
2026-09-28 01:35:14 - mkk_pika - database.py:245 - INFO - ['第1集']
2026-09-28 01:35:15 - mkk_pika - main.py:348 - INFO - ==================== 漫画信息 ====================
                                   漫画ID：5d010425d8ef762ad339b6ea
                                   标题：(C92)陸セパ航巡鈴谷の青春提督矯正術 (艦隊これくしょん -艦これ-)
                                   作者：もふれん亭 (Xe)
                                   是否完结：否
                                   总页数：25
                                   分类：同人,短篇,艦隊收藏,純愛
                                   章节数：1
                                   最后更新时间：2019-06-12T13:54:45.808Z
                                   =================================================
2026-09-28 01:35:15 - mkk_pika - database.py:101 - INFO - 保存成功：(C92)陸セパ航巡鈴谷の青春提督矯正術 (艦隊これくしょん -艦これ-)
2026-09-28 01:35:15 - mkk_pika - main.py:35 - INFO - 开始检查(C94)高雄せんせーと悩める生徒指導 (艦隊これくしょん -艦これ-)是否存在未下载章节
2026-09-28 01:35:16 - mkk_pika - main.py:45 - INFO - 正在下载:[(C94)高雄せんせーと悩める生徒指導 (艦隊これくしょん -艦これ-)]-[もふれん亭 (Xe)]-[['同人', '短篇', '艦隊收藏', '純愛']]-[total_pages:25]
2026-09-28 01:35:16 - mkk_pika - main.py:49 - INFO - [{'_id': '5d01043d9eab272ad845b204', 'title': '第1集', 'order': 1, 'updated_at': '2019-06-12T13:03:35.419Z', 'id': '5d01043d9eab272ad845b204'}]
2026-09-28 01:35:16 - mkk_pika - database.py:215 - INFO - 第一次下载该漫画，记录数据库中
2026-09-28 01:35:16 - mkk_pika - main.py:83 - INFO - 找到 25 张图片在:第1集
2026-09-28 01:35:17 - mkk_pika - main.py:112 - INFO - [episode:第1集       ] downloaded:    25, total:  25, progress:100%
2026-09-28 01:35:17 - mkk_pika - database.py:238 - INFO - 数据库更新已下载章节
2026-09-28 01:35:17 - mkk_pika - database.py:244 - INFO - 该漫画已下载章节如下
2026-09-28 01:35:17 - mkk_pika - database.py:245 - INFO - ['第1集']
2026-09-28 01:35:18 - mkk_pika - main.py:348 - INFO - ==================== 漫画信息 ====================
                                   漫画ID：5d01043d9eab272ad845b203
                                   标题：(C94)高雄せんせーと悩める生徒指導 (艦隊これくしょん -艦これ-)
                                   作者：もふれん亭 (Xe)
                                   是否完结：否
                                   总页数：25
                                   分类：同人,短篇,艦隊收藏,純愛
                                   章节数：1
                                   最后更新时间：2019-06-12T13:55:09.280Z
                                   =================================================
2026-09-28 01:35:18 - mkk_pika - database.py:101 - INFO - 保存成功：(C94)高雄せんせーと悩める生徒指導 (艦隊これくしょん -艦これ-)
2026-09-28 01:35:18 - mkk_pika - main.py:35 - INFO - 开始检查きさらぎちゃんはかわいそうじゃない!2是否存在未下载章节
2026-09-28 01:35:19 - mkk_pika - main.py:45 - INFO - 正在下载:[きさらぎちゃんはかわいそうじゃない!2]-[PiyoPit (ぴよ寺むちゃ)]-[['全彩', '同人', '短篇']]-[total_pages:15]
2026-09-28 01:35:19 - mkk_pika - main.py:49 - INFO - [{'_id': '5d010460d8ef762ad339b706', 'title': '第1集', 'order': 1, 'updated_at': '2019-06-12T13:39:51.939Z', 'id': '5d010460d8ef762ad339b706'}]
2026-09-28 01:35:19 - mkk_pika - database.py:215 - INFO - 第一次下载该漫画，记录数据库中
2026-09-28 01:35:19 - mkk_pika - main.py:83 - INFO - 找到 15 张图片在:第1集
2026-09-28 01:35:20 - mkk_pika - main.py:112 - INFO - [episode:第1集       ] downloaded:    15, total:  15, progress:100%
2026-09-28 01:35:20 - mkk_pika - database.py:238 - INFO - 数据库更新已下载章节
2026-09-28 01:35:20 - mkk_pika - database.py:244 - INFO - 该漫画已下载章节如下
2026-09-28 01:35:20 - mkk_pika - database.py:245 - INFO - ['第1集']
2026-09-28 01:35:21 - mkk_pika - main.py:348 - INFO - ==================== 漫画信息 ====================
                                   漫画ID：5d010460d8ef762ad339b705
                                   标题：きさらぎちゃんはかわいそうじゃない!2
                                   作者：PiyoPit (ぴよ寺むちゃ)
                                   是否完结：否
                                   总页数：15
                                   分类：全彩,同人,短篇
                                   章节数：1
                                   最后更新时间：2019-06-12T13:55:44.608Z
                                   =================================================
2026-09-28 01:35:21 - mkk_pika - database.py:101 - INFO - 保存成功：きさらぎちゃんはかわいそうじゃない!2
2026-09-28 01:35:21 - mkk_pika - main.py:35 - INFO - 开始检查(C78) たくじ本 2010なつ (オリジナル)是否存在未下载章节
2026-09-28 01:35:21 - mkk_pika - main.py:45 - INFO - 正在下载:[(C78) たくじ本 2010なつ (オリジナル)]-[Number2 (たくじ)]-[['短篇']]-[total_pages:18]
2026-09-28 01:35:21 - mkk_pika - main.py:49 - INFO - [{'_id': '5d01f2f39eab272ad845b849', 'title': '第1集', 'order': 1, 'updated_at': '2019-06-12T12:02:00.880Z', 'id': '5d01f2f39eab272ad845b849'}]
2026-09-28 01:35:21 - mkk_pika - database.py:215 - INFO - 第一次下载该漫画，记录数据库中
2026-09-28 01:35:22 - mkk_pika - main.py:83 - INFO - 找到 18 张图片在:第1集
2026-09-28 01:35:23 - mkk_pika - main.py:112 - INFO - [episode:第1集       ] downloaded:    18, total:  18, progress:100%
2026-09-28 01:35:23 - mkk_pika - database.py:238 - INFO - 数据库更新已下载章节
2026-09-28 01:35:23 - mkk_pika - database.py:244 - INFO - 该漫画已下载章节如下
2026-09-28 01:35:23 - mkk_pika - database.py:245 - INFO - ['第1集']
2026-09-28 01:35:24 - mkk_pika - main.py:348 - INFO - ==================== 漫画信息 ====================
                                   漫画ID：5d01f2f39eab272ad845b848
                                   标题：(C78) たくじ本 2010なつ (オリジナル)
                                   作者：Number2 (たくじ)
                                   是否完结：是
                                   总页数：18
                                   分类：短篇
                                   章节数：1
                                   最后更新时间：2019-06-13T06:53:39.487Z
                                   =================================================
2026-09-28 01:35:24 - mkk_pika - database.py:101 - INFO - 保存成功：(C78) たくじ本 2010なつ (オリジナル)
2026-09-28 01:35:24 - mkk_pika - main.py:35 - INFO - 开始检查ライブアフターレイプ是否存在未下载章节
2026-09-28 01:35:24 - mkk_pika - main.py:45 - INFO - 正在下载:[ライブアフターレイプ]-[INS-mode (天凪青磁)]-[['短篇']]-[total_pages:30]
2026-09-28 01:35:24 - mkk_pika - main.py:49 - INFO - [{'_id': '5d01f31cd95f1a2ac126430e', 'title': '第1集', 'order': 1, 'updated_at': '2019-06-12T11:42:52.872Z', 'id': '5d01f31cd95f1a2ac126430e'}]
2026-09-28 01:35:24 - mkk_pika - database.py:215 - INFO - 第一次下载该漫画，记录数据库中
2026-09-28 01:35:25 - mkk_pika - main.py:83 - INFO - 找到 30 张图片在:第1集
2026-09-28 01:35:27 - mkk_pika - main.py:112 - INFO - [episode:第1集       ] downloaded:    30, total:  30, progress:100%
2026-09-28 01:35:27 - mkk_pika - database.py:238 - INFO - 数据库更新已下载章节
2026-09-28 01:35:27 - mkk_pika - database.py:244 - INFO - 该漫画已下载章节如下
2026-09-28 01:35:27 - mkk_pika - database.py:245 - INFO - ['第1集']
2026-09-28 01:35:28 - mkk_pika - main.py:348 - INFO - ==================== 漫画信息 ====================
                                   漫画ID：5d01f31cd95f1a2ac126430d
                                   标题：ライブアフターレイプ
                                   作者：INS-mode (天凪青磁)
                                   是否完结：是
                                   总页数：30
                                   分类：短篇
                                   章节数：1
                                   最后更新时间：2019-06-13T06:54:20.663Z
                                   =================================================
2026-09-28 01:35:28 - mkk_pika - database.py:101 - INFO - 保存成功：ライブアフターレイプ
2026-09-28 01:35:28 - mkk_pika - main.py:35 - INFO - 开始检查 退魔師耀ちゃんｐｒｐｒ敗北漫画！是否存在未下载章节
2026-09-28 01:35:29 - mkk_pika - main.py:45 - INFO - 正在下载:[ 退魔師耀ちゃんｐｒｐｒ敗北漫画！]-[Tanabe]-[['全彩', '短篇', '非人類']]-[total_pages:12]
2026-09-28 01:35:29 - mkk_pika - main.py:49 - INFO - [{'_id': '5d01f4779eab272ad845b8f3', 'title': '第1集', 'order': 1, 'updated_at': '2019-06-12T16:50:08.502Z', 'id': '5d01f4779eab272ad845b8f3'}]
2026-09-28 01:35:29 - mkk_pika - database.py:215 - INFO - 第一次下载该漫画，记录数据库中
2026-09-28 01:35:30 - mkk_pika - main.py:83 - INFO - 找到 12 张图片在:第1集
2026-09-28 01:35:31 - mkk_pika - main.py:112 - INFO - [episode:第1集       ] downloaded:    12, total:  12, progress:100%
2026-09-28 01:35:31 - mkk_pika - database.py:238 - INFO - 数据库更新已下载章节
2026-09-28 01:35:31 - mkk_pika - database.py:244 - INFO - 该漫画已下载章节如下
2026-09-28 01:35:31 - mkk_pika - database.py:245 - INFO - ['第1集']
2026-09-28 01:35:32 - mkk_pika - main.py:348 - INFO - ==================== 漫画信息 ====================
                                   漫画ID：5d01f4779eab272ad845b8f2
                                   标题： 退魔師耀ちゃんｐｒｐｒ敗北漫画！
                                   作者：Tanabe
                                   是否完结：是
                                   总页数：12
                                   分类：全彩,短篇,非人類
                                   章节数：1
                                   最后更新时间：2019-06-13T07:00:07.636Z
                                   =================================================
2026-09-28 01:35:32 - mkk_pika - database.py:101 - INFO - 保存成功： 退魔師耀ちゃんｐｒｐｒ敗北漫画！
2026-09-28 01:35:32 - mkk_pika - main.py:35 - INFO - 开始检查(ふたけっと14)  ふたなり天子物語 3 (東方Project) [中国翻訳]是否存在未下载章节
2026-09-28 01:35:32 - mkk_pika - main.py:45 - INFO - 正在下载:[(ふたけっと14)  ふたなり天子物語 3 (東方Project) [中国翻訳]]-[Mebiusの環 (Nyx)]-[['短篇', '同人', '扶他樂園', '東方', '非人類', '足の恋']]-[total_pages:32]
2026-09-28 01:35:32 - mkk_pika - main.py:49 - INFO - [{'_id': '5d01f5719eab272ad845b942', 'title': '第1集', 'order': 1, 'updated_at': '2019-06-12T17:14:52.529Z', 'id': '5d01f5719eab272ad845b942'}]
2026-09-28 01:35:32 - mkk_pika - database.py:215 - INFO - 第一次下载该漫画，记录数据库中
2026-09-28 01:35:33 - mkk_pika - main.py:83 - INFO - 找到 32 张图片在:第1集
2026-09-28 01:35:35 - mkk_pika - main.py:112 - INFO - [episode:第1集       ] downloaded:    32, total:  32, progress:100%
2026-09-28 01:35:35 - mkk_pika - database.py:238 - INFO - 数据库更新已下载章节
2026-09-28 01:35:35 - mkk_pika - database.py:244 - INFO - 该漫画已下载章节如下
2026-09-28 01:35:35 - mkk_pika - database.py:245 - INFO - ['第1集']
2026-09-28 01:35:36 - mkk_pika - main.py:348 - INFO - ==================== 漫画信息 ====================
                                   漫画ID：5d01f5719eab272ad845b941
                                   标题：(ふたけっと14)  ふたなり天子物語 3 (東方Project) [中国翻訳]
                                   作者：Mebiusの環 (Nyx)
                                   是否完结：是
                                   总页数：32
                                   分类：短篇,同人,扶他樂園,東方,非人類,足の恋
                                   章节数：1
                                   最后更新时间：2019-06-13T07:04:17.539Z
                                   =================================================
2026-09-28 01:35:36 - mkk_pika - database.py:101 - INFO - 保存成功：(ふたけっと14)  ふたなり天子物語 3 (東方Project) [中国翻訳]
2026-09-28 01:35:36 - mkk_pika - main.py:35 - INFO - 开始检查(COMIC1☆15)  元先輩がエロい格好でムラムラするので催眠使ってエロいことをする。 (Fate/Grand Order)是否存在未下载章节
2026-09-28 01:35:36 - mkk_pika - main.py:45 - INFO - 正在下载:[(COMIC1☆15)  元先輩がエロい格好でムラムラするので催眠使ってエロいことをする。 (Fate/Grand Order)]-[かるわに (らま)]-[['短篇', '同人', 'Fate']]-[total_pages:40]
2026-09-28 01:35:36 - mkk_pika - main.py:49 - INFO - [{'_id': '5cffdc6fbb69326088c1ee1c', 'title': '第1集', 'order': 1, 'updated_at': '2019-06-06T15:10:44.096Z', 'id': '5cffdc6fbb69326088c1ee1c'}, {'_id': '5d01f6536189352ac7701033', 'title': '汉化', 'order': 2, 'updated_at': '2019-06-12T17:19:17.885Z', 'id': '5d01f6536189352ac7701033'}]
2026-09-28 01:35:36 - mkk_pika - database.py:215 - INFO - 第一次下载该漫画，记录数据库中
2026-09-28 01:35:37 - mkk_pika - main.py:83 - INFO - 找到 20 张图片在:第1集
2026-09-28 01:35:38 - mkk_pika - main.py:112 - INFO - [episode:第1集       ] downloaded:    20, total:  20, progress:100%
2026-09-28 01:35:38 - mkk_pika - database.py:238 - INFO - 数据库更新已下载章节
2026-09-28 01:35:38 - mkk_pika - database.py:244 - INFO - 该漫画已下载章节如下
2026-09-28 01:35:38 - mkk_pika - database.py:245 - INFO - ['第1集']
2026-09-28 01:35:39 - mkk_pika - main.py:83 - INFO - 找到 20 张图片在:汉化
2026-09-28 01:35:40 - mkk_pika - main.py:112 - INFO - [episode:汉化        ] downloaded:    20, total:  20, progress:100%
2026-09-28 01:35:40 - mkk_pika - database.py:238 - INFO - 数据库更新已下载章节
2026-09-28 01:35:40 - mkk_pika - database.py:244 - INFO - 该漫画已下载章节如下
2026-09-28 01:35:40 - mkk_pika - database.py:245 - INFO - ['第1集', '汉化']
2026-09-28 01:35:41 - mkk_pika - main.py:348 - INFO - ==================== 漫画信息 ====================
                                   漫画ID：5cffdc6fbb69326088c1ee1b
                                   标题：(COMIC1☆15)  元先輩がエロい格好でムラムラするので催眠使ってエロいことをする。 (Fate/Grand Order)
                                   作者：かるわに (らま)
                                   是否完结：是
                                   总页数：40
                                   分类：短篇,同人,Fate
                                   章节数：2
                                   最后更新时间：2019-06-13T07:08:03.040Z
                                   =================================================
2026-09-28 01:35:41 - mkk_pika - database.py:101 - INFO - 保存成功：(COMIC1☆15)  元先輩がエロい格好でムラムラするので催眠使ってエロいことをする。 (Fate/Grand Order)
2026-09-28 01:35:41 - mkk_pika - main.py:35 - INFO - 开始检查(C86)  て・い・と・くの龍鳳ちゃん格納庫ちぇっくす (艦隊これくしょん -艦これ-) [中国翻訳]是否存在未下载章节
2026-09-28 01:35:42 - mkk_pika - main.py:45 - INFO - 正在下载:[(C86)  て・い・と・くの龍鳳ちゃん格納庫ちぇっくす (艦隊これくしょん -艦これ-) [中国翻訳]]-[Mebiusの環 (Nyx)]-[['短篇', '同人', '足の恋', '艦隊收藏']]-[total_pages:33]
2026-09-28 01:35:42 - mkk_pika - main.py:49 - INFO - [{'_id': '5d01f74ed8ef762ad339bdd2', 'title': '第1集', 'order': 1, 'updated_at': '2019-06-12T17:27:43.102Z', 'id': '5d01f74ed8ef762ad339bdd2'}]
2026-09-28 01:35:42 - mkk_pika - database.py:215 - INFO - 第一次下载该漫画，记录数据库中
2026-09-28 01:35:42 - mkk_pika - main.py:83 - INFO - 找到 33 张图片在:第1集
2026-09-28 01:35:44 - mkk_pika - main.py:112 - INFO - [episode:第1集       ] downloaded:    33, total:  33, progress:100%
2026-09-28 01:35:44 - mkk_pika - database.py:238 - INFO - 数据库更新已下载章节
2026-09-28 01:35:44 - mkk_pika - database.py:244 - INFO - 该漫画已下载章节如下
2026-09-28 01:35:44 - mkk_pika - database.py:245 - INFO - ['第1集']
2026-09-28 01:35:45 - mkk_pika - main.py:348 - INFO - ==================== 漫画信息 ====================
                                   漫画ID：5d01f74ed8ef762ad339bdd1
                                   标题：(C86)  て・い・と・くの龍鳳ちゃん格納庫ちぇっくす (艦隊これくしょん -艦これ-) [中国翻訳]
                                   作者：Mebiusの環 (Nyx)
                                   是否完结：是
                                   总页数：33
                                   分类：短篇,同人,足の恋,艦隊收藏
                                   章节数：1
                                   最后更新时间：2019-06-13T07:12:14.403Z
                                   =================================================
2026-09-28 01:35:45 - mkk_pika - database.py:101 - INFO - 保存成功：(C86)  て・い・と・くの龍鳳ちゃん格納庫ちぇっくす (艦隊これくしょん -艦これ-) [中国翻訳]
2026-09-28 01:35:45 - mkk_pika - main.py:35 - INFO - 开始检查 C95配布コピー誌 (うちのメイドがウザすぎる!) 是否存在未下载章节
2026-09-28 01:35:47 - mkk_pika - main.py:45 - INFO - 正在下载:[ C95配布コピー誌 (うちのメイドがウザすぎる!) ]-[オザ式 (砂川多良)]-[['短篇', '同人', 'NTR']]-[total_pages:6]
2026-09-28 01:35:47 - mkk_pika - main.py:49 - INFO - [{'_id': '5d01f7d49eab272ad845b9aa', 'title': '第1集', 'order': 1, 'updated_at': '2019-06-12T17:39:27.305Z', 'id': '5d01f7d49eab272ad845b9aa'}]
2026-09-28 01:35:47 - mkk_pika - database.py:215 - INFO - 第一次下载该漫画，记录数据库中
2026-09-28 01:35:47 - mkk_pika - main.py:83 - INFO - 找到 6 张图片在:第1集
2026-09-28 01:35:48 - mkk_pika - main.py:112 - INFO - [episode:第1集       ] downloaded:     6, total:   6, progress:100%
2026-09-28 01:35:48 - mkk_pika - database.py:238 - INFO - 数据库更新已下载章节
2026-09-28 01:35:48 - mkk_pika - database.py:244 - INFO - 该漫画已下载章节如下
2026-09-28 01:35:48 - mkk_pika - database.py:245 - INFO - ['第1集']
2026-09-28 01:35:49 - mkk_pika - main.py:348 - INFO - ==================== 漫画信息 ====================
                                   漫画ID：5d01f7d49eab272ad845b9a9
                                   标题： C95配布コピー誌 (うちのメイドがウザすぎる!) 
                                   作者：オザ式 (砂川多良)
                                   是否完结：是
                                   总页数：6
                                   分类：短篇,同人,NTR
                                   章节数：1
                                   最后更新时间：2019-06-13T07:14:28.561Z
                                   =================================================
2026-09-28 01:35:49 - mkk_pika - database.py:101 - INFO - 保存成功： C95配布コピー誌 (うちのメイドがウザすぎる!) 
2026-09-28 01:35:49 - mkk_pika - main.py:35 - INFO - 开始检查(C94) 女神様の仰せのままに… (Fate/Grand Order) [中国翻訳]是否存在未下载章节
2026-09-28 01:35:49 - mkk_pika - main.py:45 - INFO - 正在下载:[(C94) 女神様の仰せのままに… (Fate/Grand Order) [中国翻訳]]-[キバヤシ堂 (kasaran)]-[['短篇', '同人', 'Fate', '足の恋']]-[total_pages:26]
2026-09-28 01:35:49 - mkk_pika - main.py:49 - INFO - [{'_id': '5d01f7ef6189352ac7701061', 'title': '第1集', 'order': 1, 'updated_at': '2019-06-12T17:52:31.211Z', 'id': '5d01f7ef6189352ac7701061'}]
2026-09-28 01:35:49 - mkk_pika - database.py:215 - INFO - 第一次下载该漫画，记录数据库中
2026-09-28 01:35:50 - mkk_pika - main.py:83 - INFO - 找到 26 张图片在:第1集
2026-09-28 01:35:51 - mkk_pika - main.py:112 - INFO - [episode:第1集       ] downloaded:    26, total:  26, progress:100%
2026-09-28 01:35:51 - mkk_pika - database.py:238 - INFO - 数据库更新已下载章节
2026-09-28 01:35:51 - mkk_pika - database.py:244 - INFO - 该漫画已下载章节如下
2026-09-28 01:35:51 - mkk_pika - database.py:245 - INFO - ['第1集']
2026-09-28 01:35:52 - mkk_pika - main.py:348 - INFO - ==================== 漫画信息 ====================
                                   漫画ID：5d01f7ef6189352ac7701060
                                   标题：(C94) 女神様の仰せのままに… (Fate/Grand Order) [中国翻訳]
                                   作者：キバヤシ堂 (kasaran)
                                   是否完结：是
                                   总页数：26
                                   分类：短篇,同人,Fate,足の恋
                                   章节数：1
                                   最后更新时间：2019-06-13T07:14:55.127Z
                                   =================================================
2026-09-28 01:35:52 - mkk_pika - database.py:101 - INFO - 保存成功：(C94) 女神様の仰せのままに… (Fate/Grand Order) [中国翻訳]
2026-09-28 01:35:52 - mkk_pika - main.py:35 - INFO - 开始检查(C95) 清濁併呑 (アイドルマスター シンデレラガールズ)[中国翻訳]是否存在未下载章节
2026-09-28 01:35:53 - mkk_pika - main.py:45 - INFO - 正在下载:[(C95) 清濁併呑 (アイドルマスター シンデレラガールズ)[中国翻訳]]-[SAKURAYA (佐倉赤身)]-[['短篇', '同人']]-[total_pages:23]
2026-09-28 01:35:53 - mkk_pika - main.py:49 - INFO - [{'_id': '5d01f7fc9eab272ad845b9c7', 'title': '第1集', 'order': 1, 'updated_at': '2019-06-12T17:59:48.865Z', 'id': '5d01f7fc9eab272ad845b9c7'}]
2026-09-28 01:35:53 - mkk_pika - database.py:215 - INFO - 第一次下载该漫画，记录数据库中
2026-09-28 01:35:53 - mkk_pika - main.py:83 - INFO - 找到 23 张图片在:第1集
2026-09-28 01:35:54 - mkk_pika - main.py:112 - INFO - [episode:第1集       ] downloaded:    23, total:  23, progress:100%
2026-09-28 01:35:54 - mkk_pika - database.py:238 - INFO - 数据库更新已下载章节
2026-09-28 01:35:54 - mkk_pika - database.py:244 - INFO - 该漫画已下载章节如下
2026-09-28 01:35:54 - mkk_pika - database.py:245 - INFO - ['第1集']
2026-09-28 01:35:55 - mkk_pika - main.py:348 - INFO - ==================== 漫画信息 ====================
                                   漫画ID：5d01f7fc9eab272ad845b9c6
                                   标题：(C95) 清濁併呑 (アイドルマスター シンデレラガールズ)[中国翻訳]
                                   作者：SAKURAYA (佐倉赤身)
                                   是否完结：是
                                   总页数：23
                                   分类：短篇,同人
                                   章节数：1
                                   最后更新时间：2019-06-13T07:15:08.139Z
                                   =================================================
2026-09-28 01:35:55 - mkk_pika - database.py:101 - INFO - 保存成功：(C95) 清濁併呑 (アイドルマスター シンデレラガールズ)[中国翻訳]
2026-09-28 01:35:55 - mkk_pika - main.py:35 - INFO - 开始检查(C95)  Million Baby (アイドルマスター ミリオンライブ!) [中国翻訳]是否存在未下载章节
2026-09-28 01:35:56 - mkk_pika - main.py:45 - INFO - 正在下载:[(C95)  Million Baby (アイドルマスター ミリオンライブ!) [中国翻訳]]-[マンガスーパー (猫井ミィ)]-[['短篇', '同人']]-[total_pages:27]
2026-09-28 01:35:56 - mkk_pika - main.py:49 - INFO - [{'_id': '5d01f819d95f1a2ac12643fb', 'title': '第1集', 'order': 1, 'updated_at': '2019-06-12T18:27:01.984Z', 'id': '5d01f819d95f1a2ac12643fb'}]
2026-09-28 01:35:56 - mkk_pika - database.py:215 - INFO - 第一次下载该漫画，记录数据库中
2026-09-28 01:35:56 - mkk_pika - main.py:83 - INFO - 找到 27 张图片在:第1集
2026-09-28 01:35:58 - mkk_pika - main.py:112 - INFO - [episode:第1集       ] downloaded:    27, total:  27, progress:100%
2026-09-28 01:35:58 - mkk_pika - database.py:238 - INFO - 数据库更新已下载章节
2026-09-28 01:35:58 - mkk_pika - database.py:244 - INFO - 该漫画已下载章节如下
2026-09-28 01:35:58 - mkk_pika - database.py:245 - INFO - ['第1集']
2026-09-28 01:35:59 - mkk_pika - main.py:348 - INFO - ==================== 漫画信息 ====================
                                   漫画ID：5d01f819d95f1a2ac12643fa
                                   标题：(C95)  Million Baby (アイドルマスター ミリオンライブ!) [中国翻訳]
                                   作者：マンガスーパー (猫井ミィ)
                                   是否完结：是
                                   总页数：27
                                   分类：短篇,同人
                                   章节数：1
                                   最后更新时间：2019-06-13T07:15:37.249Z
                                   =================================================
2026-09-28 01:35:59 - mkk_pika - database.py:101 - INFO - 保存成功：(C95)  Million Baby (アイドルマスター ミリオンライブ!) [中国翻訳]
2026-09-28 01:35:59 - mkk_pika - main.py:35 - INFO - 开始检查 元レディース総長の母はチャラ芸人のおち○ぽ言いなり玩具 MDM vol.2 [中国翻訳]是否存在未下载章节
2026-09-28 01:35:59 - mkk_pika - main.py:45 - INFO - 正在下载:[ 元レディース総長の母はチャラ芸人のおち○ぽ言いなり玩具 MDM vol.2 [中国翻訳]]-[DM-FC (田中あじ)]-[['全彩', '短篇', 'NTR', '人妻']]-[total_pages:41]
2026-09-28 01:35:59 - mkk_pika - main.py:49 - INFO - [{'_id': '5d01f8719eab272ad845b9ff', 'title': '第1集', 'order': 1, 'updated_at': '2019-06-12T21:14:51.594Z', 'id': '5d01f8719eab272ad845b9ff'}]
2026-09-28 01:35:59 - mkk_pika - database.py:215 - INFO - 第一次下载该漫画，记录数据库中
2026-09-28 01:36:00 - mkk_pika - main.py:83 - INFO - 找到 41 张图片在:第1集
2026-09-28 01:36:02 - mkk_pika - main.py:112 - INFO - [episode:第1集       ] downloaded:    41, total:  41, progress:100%
2026-09-28 01:36:02 - mkk_pika - database.py:238 - INFO - 数据库更新已下载章节
2026-09-28 01:36:02 - mkk_pika - database.py:244 - INFO - 该漫画已下载章节如下
2026-09-28 01:36:02 - mkk_pika - database.py:245 - INFO - ['第1集']
2026-09-28 01:36:04 - mkk_pika - main.py:348 - INFO - ==================== 漫画信息 ====================
                                   漫画ID：5d01f8719eab272ad845b9fe
                                   标题： 元レディース総長の母はチャラ芸人のおち○ぽ言いなり玩具 MDM vol.2 [中国翻訳]
                                   作者：DM-FC (田中あじ)
                                   是否完结：是
                                   总页数：41
                                   分类：全彩,短篇,NTR,人妻
                                   章节数：1
                                   最后更新时间：2019-06-13T07:17:05.235Z
                                   =================================================
2026-09-28 01:36:04 - mkk_pika - database.py:101 - INFO - 保存成功： 元レディース総長の母はチャラ芸人のおち○ぽ言いなり玩具 MDM vol.2 [中国翻訳]
2026-09-28 01:36:04 - mkk_pika - main.py:35 - INFO - 开始检查師匠を孕ませるまで出られないシミュレーター (Fate/Grand Order) [DL版]是否存在未下载章节
2026-09-28 01:36:04 - mkk_pika - main.py:45 - INFO - 正在下载:[師匠を孕ませるまで出られないシミュレーター (Fate/Grand Order) [DL版]]-[ろいやるびっち (haruhisky)]-[['短篇', '同人', '純愛', 'Fate']]-[total_pages:105]
2026-09-28 01:36:04 - mkk_pika - main.py:49 - INFO - [{'_id': '5cc1b5cdc897694df7ec5488', 'title': '先行', 'order': 1, 'updated_at': '2019-04-24T12:56:22.937Z', 'id': '5cc1b5cdc897694df7ec5488'}, {'_id': '5cfb94a6809138296d21a1e8', 'title': '第1集', 'order': 2, 'updated_at': '2019-06-02T15:22:51.307Z', 'id': '5cfb94a6809138296d21a1e8'}, {'_id': '5cfbfd1c809138296d21a724', 'title': '汉化', 'order': 3, 'updated_at': '2019-06-08T17:39:26.600Z', 'id': '5cfbfd1c809138296d21a724'}, {'_id': '5d01f9626189352ac77010ca', 'title': '汉化重嵌', 'order': 4, 'updated_at': '2019-06-12T22:49:34.795Z', 'id': '5d01f9626189352ac77010ca'}]
2026-09-28 01:36:04 - mkk_pika - database.py:215 - INFO - 第一次下载该漫画，记录数据库中
2026-09-28 01:36:04 - mkk_pika - main.py:83 - INFO - 找到 28 张图片在:先行
2026-09-28 01:36:06 - mkk_pika - main.py:112 - INFO - [episode:先行        ] downloaded:    28, total:  28, progress:100%
2026-09-28 01:36:06 - mkk_pika - database.py:238 - INFO - 数据库更新已下载章节
2026-09-28 01:36:06 - mkk_pika - database.py:244 - INFO - 该漫画已下载章节如下
2026-09-28 01:36:06 - mkk_pika - database.py:245 - INFO - ['先行']
2026-09-28 01:36:08 - mkk_pika - main.py:83 - INFO - 找到 26 张图片在:第1集
2026-09-28 01:36:09 - mkk_pika - main.py:112 - INFO - [episode:第1集       ] downloaded:    26, total:  26, progress:100%
2026-09-28 01:36:09 - mkk_pika - database.py:238 - INFO - 数据库更新已下载章节
2026-09-28 01:36:09 - mkk_pika - database.py:244 - INFO - 该漫画已下载章节如下
2026-09-28 01:36:09 - mkk_pika - database.py:245 - INFO - ['先行', '第1集']
2026-09-28 01:36:11 - mkk_pika - main.py:83 - INFO - 找到 25 张图片在:汉化
2026-09-28 01:36:12 - mkk_pika - main.py:112 - INFO - [episode:汉化        ] downloaded:    25, total:  25, progress:100%
2026-09-28 01:36:12 - mkk_pika - database.py:238 - INFO - 数据库更新已下载章节
2026-09-28 01:36:12 - mkk_pika - database.py:244 - INFO - 该漫画已下载章节如下
2026-09-28 01:36:12 - mkk_pika - database.py:245 - INFO - ['先行', '第1集', '汉化']
2026-09-28 01:36:13 - mkk_pika - main.py:83 - INFO - 找到 26 张图片在:汉化重嵌
2026-09-28 01:36:15 - mkk_pika - main.py:112 - INFO - [episode:汉化重嵌      ] downloaded:    26, total:  26, progress:100%
2026-09-28 01:36:15 - mkk_pika - database.py:238 - INFO - 数据库更新已下载章节
2026-09-28 01:36:15 - mkk_pika - database.py:244 - INFO - 该漫画已下载章节如下
2026-09-28 01:36:15 - mkk_pika - database.py:245 - INFO - ['先行', '第1集', '汉化', '汉化重嵌']
2026-09-28 01:36:16 - mkk_pika - main.py:348 - INFO - ==================== 漫画信息 ====================
                                   漫画ID：5cc1b5cdc897694df7ec5487
                                   标题：師匠を孕ませるまで出られないシミュレーター (Fate/Grand Order) [DL版]
                                   作者：ろいやるびっち (haruhisky)
                                   是否完结：是
                                   总页数：105
                                   分类：短篇,同人,純愛,Fate
                                   章节数：4
                                   最后更新时间：2019-06-13T07:21:06.344Z
                                   =================================================
2026-09-28 01:36:16 - mkk_pika - database.py:101 - INFO - 保存成功：師匠を孕ませるまで出られないシミュレーター (Fate/Grand Order) [DL版]
2026-09-28 01:36:16 - mkk_pika - main.py:35 - INFO - 开始检查 狎客行-九真陰經 Sex-files of Chinese Swordsmen-nine true Penises 是否存在未下载章节
2026-09-28 01:36:17 - mkk_pika - main.py:45 - INFO - 正在下载:[ 狎客行-九真陰經 Sex-files of Chinese Swordsmen-nine true Penises ]-[麥人傑]-[['同人', '短篇']]-[total_pages:75]
2026-09-28 01:36:17 - mkk_pika - main.py:49 - INFO - [{'_id': '5d033f09d8ef762ad339c881', 'title': '第1集', 'order': 1, 'updated_at': '2019-06-12T17:07:50.698Z', 'id': '5d033f09d8ef762ad339c881'}]
2026-09-28 01:36:17 - mkk_pika - database.py:215 - INFO - 第一次下载该漫画，记录数据库中
2026-09-28 01:36:18 - mkk_pika - main.py:83 - INFO - 找到 75 张图片在:第1集
2026-09-28 01:36:20 - mkk_pika - main.py:112 - INFO - [episode:第1集       ] downloaded:    75, total:  75, progress:100%
2026-09-28 01:36:20 - mkk_pika - database.py:238 - INFO - 数据库更新已下载章节
2026-09-28 01:36:20 - mkk_pika - database.py:244 - INFO - 该漫画已下载章节如下
2026-09-28 01:36:20 - mkk_pika - database.py:245 - INFO - ['第1集']
2026-09-28 01:36:22 - mkk_pika - main.py:348 - INFO - ==================== 漫画信息 ====================
                                   漫画ID：5d033f09d8ef762ad339c880
                                   标题： 狎客行-九真陰經 Sex-files of Chinese Swordsmen-nine true Penises 
                                   作者：麥人傑
                                   是否完结：否
                                   总页数：75
                                   分类：同人,短篇
                                   章节数：1
                                   最后更新时间：2019-06-14T06:30:33.640Z
                                   =================================================
2026-09-28 01:36:22 - mkk_pika - database.py:101 - INFO - 保存成功： 狎客行-九真陰經 Sex-files of Chinese Swordsmen-nine true Penises 
2026-09-28 01:36:22 - mkk_pika - main.py:35 - INFO - 开始检查  狎客行 Sex-files of Chinese Swordsmen是否存在未下载章节
2026-09-28 01:36:22 - mkk_pika - main.py:45 - INFO - 正在下载:[  狎客行 Sex-files of Chinese Swordsmen]-[麥人傑]-[['全彩', '長篇', '同人', '人妻', 'NTR', '強暴', '非人類', '後宮閃光']]-[total_pages:130]
2026-09-28 01:36:22 - mkk_pika - main.py:49 - INFO - [{'_id': '5d0344456189352ac7701bcb', 'title': '第1集', 'order': 1, 'updated_at': '2019-06-12T16:57:37.773Z', 'id': '5d0344456189352ac7701bcb'}]
2026-09-28 01:36:22 - mkk_pika - database.py:215 - INFO - 第一次下载该漫画，记录数据库中
2026-09-28 01:36:23 - mkk_pika - main.py:83 - INFO - 找到 130 张图片在:第1集
2026-09-28 01:36:29 - mkk_pika - main.py:112 - INFO - [episode:第1集       ] downloaded:   130, total: 130, progress:100%
2026-09-28 01:36:29 - mkk_pika - database.py:238 - INFO - 数据库更新已下载章节
2026-09-28 01:36:29 - mkk_pika - database.py:244 - INFO - 该漫画已下载章节如下
2026-09-28 01:36:29 - mkk_pika - database.py:245 - INFO - ['第1集']
2026-09-28 01:36:30 - mkk_pika - main.py:348 - INFO - ==================== 漫画信息 ====================
                                   漫画ID：5d0344456189352ac7701bca
                                   标题：  狎客行 Sex-files of Chinese Swordsmen
                                   作者：麥人傑
                                   是否完结：否
                                   总页数：130
                                   分类：全彩,長篇,同人,人妻,NTR,強暴,非人類,後宮閃光
                                   章节数：1
                                   最后更新时间：2019-06-14T06:52:53.896Z
                                   =================================================
2026-09-28 01:36:30 - mkk_pika - database.py:101 - INFO - 保存成功：  狎客行 Sex-files of Chinese Swordsmen
2026-09-28 01:36:30 - mkk_pika - main.py:35 - INFO - 开始检查(C80) ] Welcome to Wonder World (東方Project) [中国翻訳]是否存在未下载章节
2026-09-28 01:36:30 - mkk_pika - main.py:45 - INFO - 正在下载:[(C80) ] Welcome to Wonder World (東方Project) [中国翻訳]]-[ですの!! (冬和こたつ)]-[['短篇', '同人', '東方']]-[total_pages:19]
2026-09-28 01:36:30 - mkk_pika - main.py:49 - INFO - [{'_id': '5d0345319eab272ad845c849', 'title': '第1集', 'order': 1, 'updated_at': '2019-06-13T08:58:18.169Z', 'id': '5d0345319eab272ad845c849'}]
2026-09-28 01:36:30 - mkk_pika - database.py:215 - INFO - 第一次下载该漫画，记录数据库中
2026-09-28 01:36:31 - mkk_pika - main.py:83 - INFO - 找到 19 张图片在:第1集
2026-09-28 01:36:32 - mkk_pika - main.py:112 - INFO - [episode:第1集       ] downloaded:    19, total:  19, progress:100%
2026-09-28 01:36:32 - mkk_pika - database.py:238 - INFO - 数据库更新已下载章节
2026-09-28 01:36:32 - mkk_pika - database.py:244 - INFO - 该漫画已下载章节如下
2026-09-28 01:36:32 - mkk_pika - database.py:245 - INFO - ['第1集']
2026-09-28 01:36:33 - mkk_pika - main.py:348 - INFO - ==================== 漫画信息 ====================
                                   漫画ID：5d0345319eab272ad845c848
                                   标题：(C80) ] Welcome to Wonder World (東方Project) [中国翻訳]
                                   作者：ですの!! (冬和こたつ)
                                   是否完结：是
                                   总页数：19
                                   分类：短篇,同人,東方
                                   章节数：1
                                   最后更新时间：2019-06-14T06:56:49.423Z
                                   =================================================
2026-09-28 01:36:33 - mkk_pika - database.py:101 - INFO - 保存成功：(C80) ] Welcome to Wonder World (東方Project) [中国翻訳]
2026-09-28 01:36:33 - mkk_pika - main.py:35 - INFO - 开始检查 艶色の帳 (東方Project) [中国翻訳] [DL版]是否存在未下载章节
2026-09-28 01:36:34 - mkk_pika - main.py:45 - INFO - 正在下载:[ 艶色の帳 (東方Project) [中国翻訳] [DL版]]-[しもやけ堂 (逢魔刻壱)]-[['同人', '全彩', '短篇', '東方']]-[total_pages:5]
2026-09-28 01:36:34 - mkk_pika - main.py:49 - INFO - [{'_id': '5d03454cd95f1a2ac126507c', 'title': '第1集', 'order': 1, 'updated_at': '2019-06-13T09:09:45.024Z', 'id': '5d03454cd95f1a2ac126507c'}]
2026-09-28 01:36:34 - mkk_pika - database.py:215 - INFO - 第一次下载该漫画，记录数据库中
2026-09-28 01:36:34 - mkk_pika - main.py:83 - INFO - 找到 5 张图片在:第1集
2026-09-28 01:36:34 - mkk_pika - main.py:112 - INFO - [episode:第1集       ] downloaded:     5, total:   5, progress:100%
2026-09-28 01:36:34 - mkk_pika - database.py:238 - INFO - 数据库更新已下载章节
2026-09-28 01:36:34 - mkk_pika - database.py:244 - INFO - 该漫画已下载章节如下
2026-09-28 01:36:34 - mkk_pika - database.py:245 - INFO - ['第1集']
2026-09-28 01:36:36 - mkk_pika - main.py:348 - INFO - ==================== 漫画信息 ====================
                                   漫画ID：5d03454cd95f1a2ac126507b
                                   标题： 艶色の帳 (東方Project) [中国翻訳] [DL版]
                                   作者：しもやけ堂 (逢魔刻壱)
                                   是否完结：是
                                   总页数：5
                                   分类：同人,全彩,短篇,東方
                                   章节数：1
                                   最后更新时间：2019-06-14T06:57:16.271Z
                                   =================================================
2026-09-28 01:36:36 - mkk_pika - database.py:101 - INFO - 保存成功： 艶色の帳 (東方Project) [中国翻訳] [DL版]
2026-09-28 01:36:36 - mkk_pika - main.py:35 - INFO - 开始检查(C95)  紫さんの自堕落な生活 (東方Project) [中国翻訳]是否存在未下载章节
2026-09-28 01:36:36 - mkk_pika - main.py:45 - INFO - 正在下载:[(C95)  紫さんの自堕落な生活 (東方Project) [中国翻訳]]-[Studio P.M.Y (ミカリン)]-[['短篇', '同人', '東方', '純愛']]-[total_pages:23]
2026-09-28 01:36:36 - mkk_pika - main.py:49 - INFO - [{'_id': '5d03456ad95f1a2ac1265083', 'title': '第1集', 'order': 1, 'updated_at': '2019-06-13T09:46:55.024Z', 'id': '5d03456ad95f1a2ac1265083'}]
2026-09-28 01:36:36 - mkk_pika - database.py:215 - INFO - 第一次下载该漫画，记录数据库中
2026-09-28 01:36:37 - mkk_pika - main.py:83 - INFO - 找到 23 张图片在:第1集
2026-09-28 01:36:38 - mkk_pika - main.py:112 - INFO - [episode:第1集       ] downloaded:    23, total:  23, progress:100%
2026-09-28 01:36:38 - mkk_pika - database.py:238 - INFO - 数据库更新已下载章节
2026-09-28 01:36:38 - mkk_pika - database.py:244 - INFO - 该漫画已下载章节如下
2026-09-28 01:36:38 - mkk_pika - database.py:245 - INFO - ['第1集']
2026-09-28 01:36:39 - mkk_pika - main.py:348 - INFO - ==================== 漫画信息 ====================
                                   漫画ID：5d03456ad95f1a2ac1265082
                                   标题：(C95)  紫さんの自堕落な生活 (東方Project) [中国翻訳]
                                   作者：Studio P.M.Y (ミカリン)
                                   是否完结：是
                                   总页数：23
                                   分类：短篇,同人,東方,純愛
                                   章节数：1
                                   最后更新时间：2019-06-14T06:57:46.823Z
                                   =================================================
2026-09-28 01:36:39 - mkk_pika - database.py:101 - INFO - 保存成功：(C95)  紫さんの自堕落な生活 (東方Project) [中国翻訳]
2026-09-28 01:36:39 - mkk_pika - main.py:35 - INFO - 开始检查(C94)  八雲紫催眠肉便器化 (東方Project) [中国翻訳]是否存在未下载章节
2026-09-28 01:36:39 - mkk_pika - main.py:45 - INFO - 正在下载:[(C94)  八雲紫催眠肉便器化 (東方Project) [中国翻訳]]-[イマソリドンダイ (あすぜむ)]-[['同人', '短篇', 'NTR', '東方']]-[total_pages:28]
2026-09-28 01:36:39 - mkk_pika - main.py:49 - INFO - [{'_id': '5d034586d95f1a2ac126509c', 'title': '第1集', 'order': 1, 'updated_at': '2019-06-13T10:08:22.524Z', 'id': '5d034586d95f1a2ac126509c'}]
2026-09-28 01:36:39 - mkk_pika - database.py:215 - INFO - 第一次下载该漫画，记录数据库中
2026-09-28 01:36:40 - mkk_pika - main.py:83 - INFO - 找到 28 张图片在:第1集
2026-09-28 01:36:41 - mkk_pika - main.py:112 - INFO - [episode:第1集       ] downloaded:    28, total:  28, progress:100%
2026-09-28 01:36:41 - mkk_pika - database.py:238 - INFO - 数据库更新已下载章节
2026-09-28 01:36:41 - mkk_pika - database.py:244 - INFO - 该漫画已下载章节如下
2026-09-28 01:36:41 - mkk_pika - database.py:245 - INFO - ['第1集']
2026-09-28 01:36:42 - mkk_pika - main.py:348 - INFO - ==================== 漫画信息 ====================
                                   漫画ID：5d034586d95f1a2ac126509b
                                   标题：(C94)  八雲紫催眠肉便器化 (東方Project) [中国翻訳]
                                   作者：イマソリドンダイ (あすぜむ)
                                   是否完结：是
                                   总页数：28
                                   分类：同人,短篇,NTR,東方
                                   章节数：1
                                   最后更新时间：2019-06-14T06:58:14.010Z
                                   =================================================
2026-09-28 01:36:42 - mkk_pika - database.py:101 - INFO - 保存成功：(C94)  八雲紫催眠肉便器化 (東方Project) [中国翻訳]
2026-09-28 01:36:42 - mkk_pika - main.py:35 - INFO - 开始检查白濁の罠 人妻ハメ堕とし 白濁之罠是否存在未下载章节
2026-09-28 01:36:43 - mkk_pika - main.py:45 - INFO - 正在下载:[白濁の罠 人妻ハメ堕とし 白濁之罠]-[英丸]-[['長篇', '短篇', '後宮閃光', '單行本', '人妻', 'NTR', '純愛']]-[total_pages:194]
2026-09-28 01:36:43 - mkk_pika - main.py:49 - INFO - [{'_id': '5d0346bfd8ef762ad339c9a7', 'title': '社保人妻報仇雪恨的單行本', 'order': 1, 'updated_at': '2019-06-13T05:45:29.695Z', 'id': '5d0346bfd8ef762ad339c9a7'}]
2026-09-28 01:36:43 - mkk_pika - database.py:215 - INFO - 第一次下载该漫画，记录数据库中
2026-09-28 01:36:45 - mkk_pika - main.py:83 - INFO - 找到 194 张图片在:社保人妻報仇雪恨的單行本
2026-09-28 01:36:53 - mkk_pika - main.py:112 - INFO - [episode:社保人妻報仇雪恨的單行本] downloaded:   194, total: 194, progress:100%
2026-09-28 01:36:53 - mkk_pika - database.py:238 - INFO - 数据库更新已下载章节
2026-09-28 01:36:53 - mkk_pika - database.py:244 - INFO - 该漫画已下载章节如下
2026-09-28 01:36:53 - mkk_pika - database.py:245 - INFO - ['社保人妻報仇雪恨的單行本']
2026-09-28 01:36:54 - mkk_pika - main.py:348 - INFO - ==================== 漫画信息 ====================
                                   漫画ID：5d0346bfd8ef762ad339c9a6
                                   标题：白濁の罠 人妻ハメ堕とし 白濁之罠
                                   作者：英丸
                                   是否完结：是
                                   总页数：194
                                   分类：長篇,短篇,後宮閃光,單行本,人妻,NTR,純愛
                                   章节数：1
                                   最后更新时间：2019-06-14T07:03:27.142Z
                                   =================================================
2026-09-28 01:36:54 - mkk_pika - database.py:101 - INFO - 保存成功：白濁の罠 人妻ハメ堕とし 白濁之罠
2026-09-28 01:36:54 - mkk_pika - main.py:35 - INFO - 开始检查んがむらさん (お久しぶり)p站图是否存在未下载章节
2026-09-28 01:36:55 - mkk_pika - main.py:45 - INFO - 正在下载:[んがむらさん (お久しぶり)p站图]-[んがむらさん (お久しぶり)]-[['全彩', '同人', '妹妹系']]-[total_pages:13]
2026-09-28 01:36:55 - mkk_pika - main.py:49 - INFO - [{'_id': '5d034782d95f1a2ac126510d', 'title': '第1集', 'order': 1, 'updated_at': '2019-06-13T13:04:07.900Z', 'id': '5d034782d95f1a2ac126510d'}]
2026-09-28 01:36:55 - mkk_pika - database.py:215 - INFO - 第一次下载该漫画，记录数据库中
2026-09-28 01:36:55 - mkk_pika - main.py:83 - INFO - 找到 32 张图片在:第1集
2026-09-28 01:36:57 - mkk_pika - main.py:112 - INFO - [episode:第1集       ] downloaded:    32, total:  32, progress:100%
2026-09-28 01:36:57 - mkk_pika - database.py:238 - INFO - 数据库更新已下载章节
2026-09-28 01:36:57 - mkk_pika - database.py:244 - INFO - 该漫画已下载章节如下
2026-09-28 01:36:57 - mkk_pika - database.py:245 - INFO - ['第1集']
2026-09-28 01:36:58 - mkk_pika - main.py:348 - INFO - ==================== 漫画信息 ====================
                                   漫画ID：5d034782d95f1a2ac126510c
                                   标题：んがむらさん (お久しぶり)p站图
                                   作者：んがむらさん (お久しぶり)
                                   是否完结：否
                                   总页数：13
                                   分类：全彩,同人,妹妹系
                                   章节数：1
                                   最后更新时间：2019-06-14T07:06:42.039Z
                                   =================================================
2026-09-28 01:36:58 - mkk_pika - database.py:101 - INFO - 保存成功：んがむらさん (お久しぶり)p站图
2026-09-28 01:36:58 - mkk_pika - main.py:35 - INFO - 开始检查(C91)  After the Nightmare (超次元ゲイム ネプテューヌ) [中国翻訳]是否存在未下载章节
2026-09-28 01:36:58 - mkk_pika - main.py:45 - INFO - 正在下载:[(C91)  After the Nightmare (超次元ゲイム ネプテューヌ) [中国翻訳]]-[CotesDeNoix (Cru)]-[['短篇', '同人', '非人類']]-[total_pages:32]
2026-09-28 01:36:58 - mkk_pika - main.py:49 - INFO - [{'_id': '5d0349d8d95f1a2ac1265618', 'title': '第1集', 'order': 1, 'updated_at': '2019-06-13T14:46:25.761Z', 'id': '5d0349d8d95f1a2ac1265618'}]
2026-09-28 01:36:58 - mkk_pika - database.py:215 - INFO - 第一次下载该漫画，记录数据库中
2026-09-28 01:36:59 - mkk_pika - main.py:83 - INFO - 找到 32 张图片在:第1集
2026-09-28 01:37:00 - mkk_pika - main.py:112 - INFO - [episode:第1集       ] downloaded:    32, total:  32, progress:100%
2026-09-28 01:37:00 - mkk_pika - database.py:238 - INFO - 数据库更新已下载章节
2026-09-28 01:37:00 - mkk_pika - database.py:244 - INFO - 该漫画已下载章节如下
2026-09-28 01:37:00 - mkk_pika - database.py:245 - INFO - ['第1集']
2026-09-28 01:37:01 - mkk_pika - main.py:348 - INFO - ==================== 漫画信息 ====================
                                   漫画ID：5d0349d8d95f1a2ac1265617
                                   标题：(C91)  After the Nightmare (超次元ゲイム ネプテューヌ) [中国翻訳]
                                   作者：CotesDeNoix (Cru)
                                   是否完结：是
                                   总页数：32
                                   分类：短篇,同人,非人類
                                   章节数：1
                                   最后更新时间：2019-06-14T07:16:40.862Z
                                   =================================================
2026-09-28 01:37:01 - mkk_pika - database.py:101 - INFO - 保存成功：(C91)  After the Nightmare (超次元ゲイム ネプテューヌ) [中国翻訳]
2026-09-28 01:37:01 - mkk_pika - main.py:35 - INFO - 开始检查 アリサにいたずら (ゴッドイーター) [中国翻訳]是否存在未下载章节
2026-09-28 01:37:02 - mkk_pika - main.py:45 - INFO - 正在下载:[ アリサにいたずら (ゴッドイーター) [中国翻訳]]-[高校パンチ]-[['短篇', '全彩', '同人', '強暴']]-[total_pages:11]
2026-09-28 01:37:02 - mkk_pika - main.py:49 - INFO - [{'_id': '5d034a21d8ef762ad339ca81', 'title': '第1集', 'order': 1, 'updated_at': '2019-06-13T15:03:04.377Z', 'id': '5d034a21d8ef762ad339ca81'}]
2026-09-28 01:37:02 - mkk_pika - database.py:215 - INFO - 第一次下载该漫画，记录数据库中
2026-09-28 01:37:02 - mkk_pika - main.py:83 - INFO - 找到 11 张图片在:第1集
2026-09-28 01:37:04 - mkk_pika - main.py:112 - INFO - [episode:第1集       ] downloaded:    11, total:  11, progress:100%
2026-09-28 01:37:04 - mkk_pika - database.py:238 - INFO - 数据库更新已下载章节
2026-09-28 01:37:04 - mkk_pika - database.py:244 - INFO - 该漫画已下载章节如下
2026-09-28 01:37:04 - mkk_pika - database.py:245 - INFO - ['第1集']
2026-09-28 01:37:05 - mkk_pika - main.py:348 - INFO - ==================== 漫画信息 ====================
                                   漫画ID：5d034a21d8ef762ad339ca80
                                   标题： アリサにいたずら (ゴッドイーター) [中国翻訳]
                                   作者：高校パンチ
                                   是否完结：是
                                   总页数：11
                                   分类：短篇,全彩,同人,強暴
                                   章节数：1
                                   最后更新时间：2019-06-14T07:17:53.596Z
                                   =================================================
2026-09-28 01:37:05 - mkk_pika - database.py:101 - INFO - 保存成功： アリサにいたずら (ゴッドイーター) [中国翻訳]
2026-09-28 01:37:05 - mkk_pika - main.py:35 - INFO - 开始检查 雪子さんのハレンチショー (ペルソナ4) [中国翻訳]是否存在未下载章节
2026-09-28 01:37:06 - mkk_pika - main.py:45 - INFO - 正在下载:[ 雪子さんのハレンチショー (ペルソナ4) [中国翻訳]]-[高校パンチ]-[['短篇', '同人', '全彩', '足の恋']]-[total_pages:9]
2026-09-28 01:37:06 - mkk_pika - main.py:49 - INFO - [{'_id': '5d034a649eab272ad845dd14', 'title': '第1集', 'order': 1, 'updated_at': '2019-06-13T15:07:06.092Z', 'id': '5d034a649eab272ad845dd14'}]
2026-09-28 01:37:06 - mkk_pika - database.py:215 - INFO - 第一次下载该漫画，记录数据库中
2026-09-28 01:37:06 - mkk_pika - main.py:83 - INFO - 找到 9 张图片在:第1集
2026-09-28 01:37:07 - mkk_pika - main.py:112 - INFO - [episode:第1集       ] downloaded:     9, total:   9, progress:100%
2026-09-28 01:37:07 - mkk_pika - database.py:238 - INFO - 数据库更新已下载章节
2026-09-28 01:37:07 - mkk_pika - database.py:244 - INFO - 该漫画已下载章节如下
2026-09-28 01:37:07 - mkk_pika - database.py:245 - INFO - ['第1集']
2026-09-28 01:37:08 - mkk_pika - main.py:348 - INFO - ==================== 漫画信息 ====================
                                   漫画ID：5d034a649eab272ad845dd13
                                   标题： 雪子さんのハレンチショー (ペルソナ4) [中国翻訳]
                                   作者：高校パンチ
                                   是否完结：是
                                   总页数：9
                                   分类：短篇,同人,全彩,足の恋
                                   章节数：1
                                   最后更新时间：2019-06-14T07:19:00.347Z
                                   =================================================
2026-09-28 01:37:08 - mkk_pika - database.py:101 - INFO - 保存成功： 雪子さんのハレンチショー (ペルソナ4) [中国翻訳]
2026-09-28 01:37:08 - mkk_pika - main.py:35 - INFO - 开始检查(C94)  ナースのお仕事 (FateGrand Order)是否存在未下载章节
2026-09-28 01:37:08 - mkk_pika - main.py:45 - INFO - 正在下载:[(C94)  ナースのお仕事 (FateGrand Order)]-[0725co (ちょこみんと)]-[['短篇', '同人', '純愛', 'Fate']]-[total_pages:20]
2026-09-28 01:37:08 - mkk_pika - main.py:49 - INFO - [{'_id': '5d034aaf6189352ac7702214', 'title': '第1集', 'order': 1, 'updated_at': '2019-06-13T15:31:37.296Z', 'id': '5d034aaf6189352ac7702214'}]
2026-09-28 01:37:08 - mkk_pika - database.py:215 - INFO - 第一次下载该漫画，记录数据库中
2026-09-28 01:37:09 - mkk_pika - main.py:83 - INFO - 找到 20 张图片在:第1集
2026-09-28 01:37:10 - mkk_pika - main.py:112 - INFO - [episode:第1集       ] downloaded:    20, total:  20, progress:100%
2026-09-28 01:37:10 - mkk_pika - database.py:238 - INFO - 数据库更新已下载章节
2026-09-28 01:37:10 - mkk_pika - database.py:244 - INFO - 该漫画已下载章节如下
2026-09-28 01:37:10 - mkk_pika - database.py:245 - INFO - ['第1集']
2026-09-28 01:37:11 - mkk_pika - main.py:348 - INFO - ==================== 漫画信息 ====================
                                   漫画ID：5d034aaf6189352ac7702213
                                   标题：(C94)  ナースのお仕事 (FateGrand Order)
                                   作者：0725co (ちょこみんと)
                                   是否完结：是
                                   总页数：20
                                   分类：短篇,同人,純愛,Fate
                                   章节数：1
                                   最后更新时间：2019-06-14T07:20:15.683Z
                                   =================================================
2026-09-28 01:37:11 - mkk_pika - database.py:101 - INFO - 保存成功：(C94)  ナースのお仕事 (FateGrand Order)
2026-09-28 01:37:11 - mkk_pika - main.py:35 - INFO - 开始检查(COMIC1☆15) おっパブで指名したJKをおとした話。 [中国翻訳]是否存在未下载章节
2026-09-28 01:37:12 - mkk_pika - main.py:45 - INFO - 正在下载:[(COMIC1☆15) おっパブで指名したJKをおとした話。 [中国翻訳]]-[しとろんの杜 (柚子奈ひよ)]-[['短篇']]-[total_pages:28]
2026-09-28 01:37:12 - mkk_pika - main.py:49 - INFO - [{'_id': '5d034b5c9eab272ad845dd1f', 'title': '第1集', 'order': 1, 'updated_at': '2019-06-13T17:17:27.607Z', 'id': '5d034b5c9eab272ad845dd1f'}]
2026-09-28 01:37:12 - mkk_pika - database.py:215 - INFO - 第一次下载该漫画，记录数据库中
2026-09-28 01:37:12 - mkk_pika - main.py:83 - INFO - 找到 28 张图片在:第1集
2026-09-28 01:37:13 - mkk_pika - main.py:112 - INFO - [episode:第1集       ] downloaded:    28, total:  28, progress:100%
2026-09-28 01:37:13 - mkk_pika - database.py:238 - INFO - 数据库更新已下载章节
2026-09-28 01:37:13 - mkk_pika - database.py:244 - INFO - 该漫画已下载章节如下
2026-09-28 01:37:13 - mkk_pika - database.py:245 - INFO - ['第1集']
2026-09-28 01:37:15 - mkk_pika - main.py:348 - INFO - ==================== 漫画信息 ====================
                                   漫画ID：5d034b5c9eab272ad845dd1e
                                   标题：(COMIC1☆15) おっパブで指名したJKをおとした話。 [中国翻訳]
                                   作者：しとろんの杜 (柚子奈ひよ)
                                   是否完结：是
                                   总页数：28
                                   分类：短篇
                                   章节数：1
                                   最后更新时间：2019-06-14T07:23:08.278Z
                                   =================================================
2026-09-28 01:37:15 - mkk_pika - database.py:101 - INFO - 保存成功：(COMIC1☆15) おっパブで指名したJKをおとした話。 [中国翻訳]
2026-09-28 01:37:15 - mkk_pika - main.py:35 - INFO - 开始检查(ぱんっあ☆ふぉー!18)  イチャチョビ (ガールズ&パンツァー) [中国翻訳]是否存在未下载章节
2026-09-28 01:37:15 - mkk_pika - main.py:45 - INFO - 正在下载:[(ぱんっあ☆ふぉー!18)  イチャチョビ (ガールズ&パンツァー) [中国翻訳]]-[AERODOG (inu)]-[['短篇', '同人', '純愛']]-[total_pages:18]
2026-09-28 01:37:15 - mkk_pika - main.py:49 - INFO - [{'_id': '5d034b856189352ac770222b', 'title': '第1集', 'order': 1, 'updated_at': '2019-06-13T17:27:51.770Z', 'id': '5d034b856189352ac770222b'}]
2026-09-28 01:37:15 - mkk_pika - database.py:215 - INFO - 第一次下载该漫画，记录数据库中
2026-09-28 01:37:15 - mkk_pika - main.py:83 - INFO - 找到 18 张图片在:第1集
2026-09-28 01:37:16 - mkk_pika - main.py:112 - INFO - [episode:第1集       ] downloaded:    18, total:  18, progress:100%
2026-09-28 01:37:16 - mkk_pika - database.py:238 - INFO - 数据库更新已下载章节
2026-09-28 01:37:16 - mkk_pika - database.py:244 - INFO - 该漫画已下载章节如下
2026-09-28 01:37:16 - mkk_pika - database.py:245 - INFO - ['第1集']
2026-09-28 01:37:18 - mkk_pika - main.py:348 - INFO - ==================== 漫画信息 ====================
                                   漫画ID：5d034b856189352ac770222a
                                   标题：(ぱんっあ☆ふぉー!18)  イチャチョビ (ガールズ&パンツァー) [中国翻訳]
                                   作者：AERODOG (inu)
                                   是否完结：是
                                   总页数：18
                                   分类：短篇,同人,純愛
                                   章节数：1
                                   最后更新时间：2019-06-14T07:23:49.588Z
                                   =================================================
2026-09-28 01:37:18 - mkk_pika - database.py:101 - INFO - 保存成功：(ぱんっあ☆ふぉー!18)  イチャチョビ (ガールズ&パンツァー) [中国翻訳]
2026-09-28 01:37:18 - mkk_pika - main.py:35 - INFO - 开始检查 Hell Of Tentacles [VICTIM MAGICAL MIYU] (Fate/kaleid liner プリズマ☆イリヤ) [中国翻訳]是否存在未下载章节
2026-09-28 01:37:18 - mkk_pika - main.py:45 - INFO - 正在下载:[ Hell Of Tentacles [VICTIM MAGICAL MIYU] (Fate/kaleid liner プリズマ☆イリヤ) [中国翻訳]]-[Mist Night]-[['短篇', '同人', '全彩', '非人類', 'Fate']]-[total_pages:9]
2026-09-28 01:37:18 - mkk_pika - main.py:49 - INFO - [{'_id': '5d034bc5d95f1a2ac12656b7', 'title': '第1集', 'order': 1, 'updated_at': '2019-06-13T16:25:20.322Z', 'id': '5d034bc5d95f1a2ac12656b7'}]
2026-09-28 01:37:18 - mkk_pika - database.py:215 - INFO - 第一次下载该漫画，记录数据库中
2026-09-28 01:37:19 - mkk_pika - main.py:83 - INFO - 找到 9 张图片在:第1集
2026-09-28 01:37:20 - mkk_pika - main.py:112 - INFO - [episode:第1集       ] downloaded:     9, total:   9, progress:100%
2026-09-28 01:37:20 - mkk_pika - database.py:238 - INFO - 数据库更新已下载章节
2026-09-28 01:37:20 - mkk_pika - database.py:244 - INFO - 该漫画已下载章节如下
2026-09-28 01:37:20 - mkk_pika - database.py:245 - INFO - ['第1集']
2026-09-28 01:37:21 - mkk_pika - main.py:348 - INFO - ==================== 漫画信息 ====================
                                   漫画ID：5d034bc5d95f1a2ac12656b6
                                   标题： Hell Of Tentacles [VICTIM MAGICAL MIYU] (Fate/kaleid liner プリズマ☆イリヤ) [中国翻訳]
                                   作者：Mist Night
                                   是否完结：是
                                   总页数：9
                                   分类：短篇,同人,全彩,非人類,Fate
                                   章节数：1
                                   最后更新时间：2019-06-14T07:24:53.340Z
                                   =================================================
2026-09-28 01:37:21 - mkk_pika - database.py:101 - INFO - 保存成功： Hell Of Tentacles [VICTIM MAGICAL MIYU] (Fate/kaleid liner プリズマ☆イリヤ) [中国翻訳]
2026-09-28 01:37:21 - mkk_pika - main.py:35 - INFO - 开始检查 狙え! 女体化寿退社 (コミックアンリアル 2018年2月号 Vol.71) [中国翻訳] [DL版]是否存在未下载章节
2026-09-28 01:37:21 - mkk_pika - main.py:45 - INFO - 正在下载:[ 狙え! 女体化寿退社 (コミックアンリアル 2018年2月号 Vol.71) [中国翻訳] [DL版]]-[海老名えび]-[['短篇', '性轉換']]-[total_pages:10]
2026-09-28 01:37:21 - mkk_pika - main.py:49 - INFO - [{'_id': '5d034cdbd95f1a2ac12656f8', 'title': '第1集', 'order': 1, 'updated_at': '2019-06-13T18:02:48.219Z', 'id': '5d034cdbd95f1a2ac12656f8'}]
2026-09-28 01:37:21 - mkk_pika - database.py:215 - INFO - 第一次下载该漫画，记录数据库中
2026-09-28 01:37:22 - mkk_pika - main.py:83 - INFO - 找到 10 张图片在:第1集
2026-09-28 01:37:22 - mkk_pika - main.py:112 - INFO - [episode:第1集       ] downloaded:    10, total:  10, progress:100%
2026-09-28 01:37:22 - mkk_pika - database.py:238 - INFO - 数据库更新已下载章节
2026-09-28 01:37:22 - mkk_pika - database.py:244 - INFO - 该漫画已下载章节如下
2026-09-28 01:37:22 - mkk_pika - database.py:245 - INFO - ['第1集']
2026-09-28 01:37:23 - mkk_pika - main.py:348 - INFO - ==================== 漫画信息 ====================
                                   漫画ID：5d034cdbd95f1a2ac12656f7
                                   标题： 狙え! 女体化寿退社 (コミックアンリアル 2018年2月号 Vol.71) [中国翻訳] [DL版]
                                   作者：海老名えび
                                   是否完结：是
                                   总页数：10
                                   分类：短篇,性轉換
                                   章节数：1
                                   最后更新时间：2019-06-14T07:29:31.826Z
                                   =================================================
2026-09-28 01:37:23 - mkk_pika - database.py:101 - INFO - 保存成功： 狙え! 女体化寿退社 (コミックアンリアル 2018年2月号 Vol.71) [中国翻訳] [DL版]
2026-09-28 01:37:23 - mkk_pika - main.py:35 - INFO - 开始检查(COMIC1☆15)  催眠性指導 野崎悠の場合 [中国翻訳]是否存在未下载章节
2026-09-28 01:37:24 - mkk_pika - main.py:45 - INFO - 正在下载:[(COMIC1☆15)  催眠性指導 野崎悠の場合 [中国翻訳]]-[50on! (愛上陸)]-[['短篇']]-[total_pages:18]
2026-09-28 01:37:24 - mkk_pika - main.py:49 - INFO - [{'_id': '5d034e1a6189352ac7702251', 'title': '第1集', 'order': 1, 'updated_at': '2019-06-13T18:11:10.167Z', 'id': '5d034e1a6189352ac7702251'}]
2026-09-28 01:37:24 - mkk_pika - database.py:215 - INFO - 第一次下载该漫画，记录数据库中
2026-09-28 01:37:24 - mkk_pika - main.py:83 - INFO - 找到 18 张图片在:第1集
2026-09-28 01:37:25 - mkk_pika - main.py:112 - INFO - [episode:第1集       ] downloaded:    18, total:  18, progress:100%
2026-09-28 01:37:25 - mkk_pika - database.py:238 - INFO - 数据库更新已下载章节
2026-09-28 01:37:25 - mkk_pika - database.py:244 - INFO - 该漫画已下载章节如下
2026-09-28 01:37:25 - mkk_pika - database.py:245 - INFO - ['第1集']
2026-09-28 01:37:26 - mkk_pika - main.py:348 - INFO - ==================== 漫画信息 ====================
                                   漫画ID：5d034e1a6189352ac7702250
                                   标题：(COMIC1☆15)  催眠性指導 野崎悠の場合 [中国翻訳]
                                   作者：50on! (愛上陸)
                                   是否完结：是
                                   总页数：18
                                   分类：短篇
                                   章节数：1
                                   最后更新时间：2019-06-14T07:34:50.598Z
                                   =================================================
2026-09-28 01:37:26 - mkk_pika - database.py:101 - INFO - 保存成功：(COMIC1☆15)  催眠性指導 野崎悠の場合 [中国翻訳]
2026-09-28 01:37:26 - mkk_pika - main.py:35 - INFO - 开始检查(C89)  エルフの女騎士の受難 [中国翻訳]是否存在未下载章节
2026-09-28 01:37:26 - mkk_pika - main.py:45 - INFO - 正在下载:[(C89)  エルフの女騎士の受難 [中国翻訳]]-[床子屋 (HEIZO、鬼頭えん)]-[['短篇', '強暴']]-[total_pages:26]
2026-09-28 01:37:26 - mkk_pika - main.py:49 - INFO - [{'_id': '5d034e719eab272ad845dd61', 'title': '第1集', 'order': 1, 'updated_at': '2019-06-13T19:12:33.371Z', 'id': '5d034e719eab272ad845dd61'}]
2026-09-28 01:37:26 - mkk_pika - database.py:215 - INFO - 第一次下载该漫画，记录数据库中
2026-09-28 01:37:27 - mkk_pika - main.py:83 - INFO - 找到 26 张图片在:第1集
2026-09-28 01:37:28 - mkk_pika - main.py:112 - INFO - [episode:第1集       ] downloaded:    26, total:  26, progress:100%
2026-09-28 01:37:28 - mkk_pika - database.py:238 - INFO - 数据库更新已下载章节
2026-09-28 01:37:28 - mkk_pika - database.py:244 - INFO - 该漫画已下载章节如下
2026-09-28 01:37:28 - mkk_pika - database.py:245 - INFO - ['第1集']
2026-09-28 01:37:29 - mkk_pika - main.py:348 - INFO - ==================== 漫画信息 ====================
                                   漫画ID：5d034e719eab272ad845dd60
                                   标题：(C89)  エルフの女騎士の受難 [中国翻訳]
                                   作者：床子屋 (HEIZO、鬼頭えん)
                                   是否完结：是
                                   总页数：26
                                   分类：短篇,強暴
                                   章节数：1
                                   最后更新时间：2019-06-14T07:36:17.909Z
                                   =================================================
2026-09-28 01:37:29 - mkk_pika - database.py:101 - INFO - 保存成功：(C89)  エルフの女騎士の受難 [中国翻訳]
2026-09-28 01:37:29 - mkk_pika - main.py:35 - INFO - 开始检查主従契約 (COMIC快楽天 2019年7月号)[無修正]是否存在未下载章节
2026-09-28 01:37:30 - mkk_pika - main.py:45 - INFO - 正在下载:[主従契約 (COMIC快楽天 2019年7月号)[無修正]]-[ちゅーりっふ。]-[['短篇', '純愛']]-[total_pages:20]
2026-09-28 01:37:30 - mkk_pika - main.py:49 - INFO - [{'_id': '5d034fe4d8ef762ad339cac0', 'title': '第1集', 'order': 1, 'updated_at': '2019-06-14T01:18:12.825Z', 'id': '5d034fe4d8ef762ad339cac0'}]
2026-09-28 01:37:30 - mkk_pika - database.py:215 - INFO - 第一次下载该漫画，记录数据库中
2026-09-28 01:37:30 - mkk_pika - main.py:83 - INFO - 找到 20 张图片在:第1集
2026-09-28 01:37:31 - mkk_pika - main.py:112 - INFO - [episode:第1集       ] downloaded:    20, total:  20, progress:100%
2026-09-28 01:37:31 - mkk_pika - database.py:238 - INFO - 数据库更新已下载章节
2026-09-28 01:37:31 - mkk_pika - database.py:244 - INFO - 该漫画已下载章节如下
2026-09-28 01:37:31 - mkk_pika - database.py:245 - INFO - ['第1集']
2026-09-28 01:37:32 - mkk_pika - main.py:348 - INFO - ==================== 漫画信息 ====================
                                   漫画ID：5d034fe4d8ef762ad339cabf
                                   标题：主従契約 (COMIC快楽天 2019年7月号)[無修正]
                                   作者：ちゅーりっふ。
                                   是否完结：否
                                   总页数：20
                                   分类：短篇,純愛
                                   章节数：1
                                   最后更新时间：2019-06-14T07:42:28.198Z
                                   =================================================
2026-09-28 01:37:32 - mkk_pika - database.py:101 - INFO - 保存成功：主従契約 (COMIC快楽天 2019年7月号)[無修正]
2026-09-28 01:37:32 - mkk_pika - main.py:35 - INFO - 开始检查 せんせいの僕 (COMIC失楽天 2018年2月号)[無修正]是否存在未下载章节
2026-09-28 01:37:32 - mkk_pika - main.py:45 - INFO - 正在下载:[ せんせいの僕 (COMIC失楽天 2018年2月号)[無修正]]-[桃月すず]-[['短篇', '純愛']]-[total_pages:16]
2026-09-28 01:37:32 - mkk_pika - main.py:49 - INFO - [{'_id': '5d03518dd8ef762ad339cad6', 'title': '第1集', 'order': 1, 'updated_at': '2019-06-14T01:14:13.989Z', 'id': '5d03518dd8ef762ad339cad6'}]
2026-09-28 01:37:32 - mkk_pika - database.py:215 - INFO - 第一次下载该漫画，记录数据库中
2026-09-28 01:37:33 - mkk_pika - main.py:83 - INFO - 找到 16 张图片在:第1集
2026-09-28 01:37:34 - mkk_pika - main.py:112 - INFO - [episode:第1集       ] downloaded:    16, total:  16, progress:100%
2026-09-28 01:37:34 - mkk_pika - database.py:238 - INFO - 数据库更新已下载章节
2026-09-28 01:37:34 - mkk_pika - database.py:244 - INFO - 该漫画已下载章节如下
2026-09-28 01:37:34 - mkk_pika - database.py:245 - INFO - ['第1集']
2026-09-28 01:37:35 - mkk_pika - main.py:348 - INFO - ==================== 漫画信息 ====================
                                   漫画ID：5d03518dd8ef762ad339cad5
                                   标题： せんせいの僕 (COMIC失楽天 2018年2月号)[無修正]
                                   作者：桃月すず
                                   是否完结：否
                                   总页数：16
                                   分类：短篇,純愛
                                   章节数：1
                                   最后更新时间：2019-06-14T07:49:33.143Z
                                   =================================================
2026-09-28 01:37:35 - mkk_pika - database.py:101 - INFO - 保存成功： せんせいの僕 (COMIC失楽天 2018年2月号)[無修正]
2026-09-28 01:37:35 - mkk_pika - main.py:35 - INFO - 开始检查(C89)  灰被り姫達の艶舞 (アイドルマスター シンデレラガールズ) [中国翻訳]是否存在未下载章节
2026-09-28 01:37:36 - mkk_pika - main.py:45 - INFO - 正在下载:[(C89)  灰被り姫達の艶舞 (アイドルマスター シンデレラガールズ) [中国翻訳]]-[H・B (B-RIVER)]-[['短篇', '非人類', '同人']]-[total_pages:37]
2026-09-28 01:37:36 - mkk_pika - main.py:49 - INFO - [{'_id': '5d0352e06189352ac77022e7', 'title': '第1集', 'order': 1, 'updated_at': '2019-06-14T02:08:35.429Z', 'id': '5d0352e06189352ac77022e7'}]
2026-09-28 01:37:36 - mkk_pika - database.py:215 - INFO - 第一次下载该漫画，记录数据库中
2026-09-28 01:37:36 - mkk_pika - main.py:83 - INFO - 找到 37 张图片在:第1集
2026-09-28 01:37:38 - mkk_pika - main.py:112 - INFO - [episode:第1集       ] downloaded:    37, total:  37, progress:100%
2026-09-28 01:37:38 - mkk_pika - database.py:238 - INFO - 数据库更新已下载章节
2026-09-28 01:37:38 - mkk_pika - database.py:244 - INFO - 该漫画已下载章节如下
2026-09-28 01:37:38 - mkk_pika - database.py:245 - INFO - ['第1集']
2026-09-28 01:37:40 - mkk_pika - main.py:348 - INFO - ==================== 漫画信息 ====================
                                   漫画ID：5d0352e06189352ac77022e6
                                   标题：(C89)  灰被り姫達の艶舞 (アイドルマスター シンデレラガールズ) [中国翻訳]
                                   作者：H・B (B-RIVER)
                                   是否完结：是
                                   总页数：37
                                   分类：短篇,非人類,同人
                                   章节数：1
                                   最后更新时间：2019-06-14T07:55:12.918Z
                                   =================================================
2026-09-28 01:37:40 - mkk_pika - database.py:101 - INFO - 保存成功：(C89)  灰被り姫達の艶舞 (アイドルマスター シンデレラガールズ) [中国翻訳]
2026-09-28 01:37:40 - mkk_pika - main.py:35 - INFO - 开始检查(C85)  19’s kitchen (艦隊これくしょん -艦これ-) [中国翻訳]是否存在未下载章节
2026-09-28 01:37:40 - mkk_pika - main.py:45 - INFO - 正在下载:[(C85)  19’s kitchen (艦隊これくしょん -艦これ-) [中国翻訳]]-[スライム企画 (栗柚クリュー)]-[['全彩', '短篇', '同人', '艦隊收藏']]-[total_pages:18]
2026-09-28 01:37:40 - mkk_pika - main.py:49 - INFO - [{'_id': '5d035c39d95f1a2ac12657c6', 'title': '第1集', 'order': 1, 'updated_at': '2019-06-14T08:16:09.279Z', 'id': '5d035c39d95f1a2ac12657c6'}]
2026-09-28 01:37:40 - mkk_pika - database.py:215 - INFO - 第一次下载该漫画，记录数据库中
2026-09-28 01:37:40 - mkk_pika - main.py:83 - INFO - 找到 18 张图片在:第1集
2026-09-28 01:37:41 - mkk_pika - main.py:112 - INFO - [episode:第1集       ] downloaded:    18, total:  18, progress:100%
2026-09-28 01:37:41 - mkk_pika - database.py:238 - INFO - 数据库更新已下载章节
2026-09-28 01:37:41 - mkk_pika - database.py:244 - INFO - 该漫画已下载章节如下
2026-09-28 01:37:41 - mkk_pika - database.py:245 - INFO - ['第1集']
2026-09-28 01:37:42 - mkk_pika - main.py:348 - INFO - ==================== 漫画信息 ====================
                                   漫画ID：5d035c39d95f1a2ac12657c5
                                   标题：(C85)  19’s kitchen (艦隊これくしょん -艦これ-) [中国翻訳]
                                   作者：スライム企画 (栗柚クリュー)
                                   是否完结：是
                                   总页数：18
                                   分类：全彩,短篇,同人,艦隊收藏
                                   章节数：1
                                   最后更新时间：2019-06-14T08:35:05.305Z
                                   =================================================
2026-09-28 01:37:42 - mkk_pika - database.py:101 - INFO - 保存成功：(C85)  19’s kitchen (艦隊これくしょん -艦これ-) [中国翻訳]
2026-09-28 01:37:42 - mkk_pika - main.py:35 - INFO - 开始检查 体長25cmの人工生命体がガチャで手に入る世界 [中国翻訳]是否存在未下载章节
2026-09-28 01:37:43 - mkk_pika - main.py:45 - INFO - 正在下载:[ 体長25cmの人工生命体がガチャで手に入る世界 [中国翻訳]]-[グループUE7]-[['短篇']]-[total_pages:28]
2026-09-28 01:37:43 - mkk_pika - main.py:49 - INFO - [{'_id': '5d035cabd95f1a2ac12657db', 'title': '第1集', 'order': 1, 'updated_at': '2019-06-14T08:34:22.581Z', 'id': '5d035cabd95f1a2ac12657db'}]
2026-09-28 01:37:43 - mkk_pika - database.py:215 - INFO - 第一次下载该漫画，记录数据库中
2026-09-28 01:37:43 - mkk_pika - main.py:83 - INFO - 找到 28 张图片在:第1集
2026-09-28 01:37:45 - mkk_pika - main.py:112 - INFO - [episode:第1集       ] downloaded:    28, total:  28, progress:100%
2026-09-28 01:37:45 - mkk_pika - database.py:238 - INFO - 数据库更新已下载章节
2026-09-28 01:37:45 - mkk_pika - database.py:244 - INFO - 该漫画已下载章节如下
2026-09-28 01:37:45 - mkk_pika - database.py:245 - INFO - ['第1集']
2026-09-28 01:37:46 - mkk_pika - main.py:348 - INFO - ==================== 漫画信息 ====================
                                   漫画ID：5d035cabd95f1a2ac12657da
                                   标题： 体長25cmの人工生命体がガチャで手に入る世界 [中国翻訳]
                                   作者：グループUE7
                                   是否完结：是
                                   总页数：28
                                   分类：短篇
                                   章节数：1
                                   最后更新时间：2019-06-14T08:36:59.818Z
                                   =================================================
2026-09-28 01:37:46 - mkk_pika - database.py:101 - INFO - 保存成功： 体長25cmの人工生命体がガチャで手に入る世界 [中国翻訳]
2026-09-28 01:37:46 - mkk_pika - main.py:35 - INFO - 开始检查JKVアイドル秘密の実況プレイ♥ [中国翻訳] [DL版]是否存在未下载章节
2026-09-28 01:37:47 - mkk_pika - main.py:45 - INFO - 正在下载:[JKVアイドル秘密の実況プレイ♥ [中国翻訳] [DL版]]-[おつきみ工房 (秋空もみぢ)]-[['短篇', '純愛']]-[total_pages:28]
2026-09-28 01:37:47 - mkk_pika - main.py:49 - INFO - [{'_id': '5d0460fb9eab272ad845e5b8', 'title': '第1集', 'order': 1, 'updated_at': '2019-06-14T09:11:55.971Z', 'id': '5d0460fb9eab272ad845e5b8'}]
2026-09-28 01:37:47 - mkk_pika - database.py:215 - INFO - 第一次下载该漫画，记录数据库中
2026-09-28 01:37:47 - mkk_pika - main.py:83 - INFO - 找到 28 张图片在:第1集
2026-09-28 01:37:49 - mkk_pika - main.py:112 - INFO - [episode:第1集       ] downloaded:    28, total:  28, progress:100%
2026-09-28 01:37:49 - mkk_pika - database.py:238 - INFO - 数据库更新已下载章节
2026-09-28 01:37:49 - mkk_pika - database.py:244 - INFO - 该漫画已下载章节如下
2026-09-28 01:37:49 - mkk_pika - database.py:245 - INFO - ['第1集']
2026-09-28 01:37:50 - mkk_pika - main.py:348 - INFO - ==================== 漫画信息 ====================
                                   漫画ID：5d0460fb9eab272ad845e5b7
                                   标题：JKVアイドル秘密の実況プレイ♥ [中国翻訳] [DL版]
                                   作者：おつきみ工房 (秋空もみぢ)
                                   是否完结：是
                                   总页数：28
                                   分类：短篇,純愛
                                   章节数：1
                                   最后更新时间：2019-06-15T03:07:39.059Z
                                   =================================================
2026-09-28 01:37:50 - mkk_pika - database.py:101 - INFO - 保存成功：JKVアイドル秘密の実況プレイ♥ [中国翻訳] [DL版]
2026-09-28 01:37:50 - mkk_pika - main.py:35 - INFO - 开始检查バッドエンドやよいちゃん！ (スマイルプリキュア！) [中国翻訳] [DL版]是否存在未下载章节
2026-09-28 01:37:50 - mkk_pika - main.py:45 - INFO - 正在下载:[バッドエンドやよいちゃん！ (スマイルプリキュア！) [中国翻訳] [DL版]]-[あっちの生活 (さど)]-[['短篇', '同人', '非人類']]-[total_pages:31]
2026-09-28 01:37:50 - mkk_pika - main.py:49 - INFO - [{'_id': '5d0461db9eab272ad845eb3e', 'title': '第1集', 'order': 1, 'updated_at': '2019-06-14T12:09:00.716Z', 'id': '5d0461db9eab272ad845eb3e'}]
2026-09-28 01:37:50 - mkk_pika - database.py:215 - INFO - 第一次下载该漫画，记录数据库中
2026-09-28 01:37:51 - mkk_pika - main.py:83 - INFO - 找到 31 张图片在:第1集
2026-09-28 01:37:52 - mkk_pika - main.py:112 - INFO - [episode:第1集       ] downloaded:    31, total:  31, progress:100%
2026-09-28 01:37:52 - mkk_pika - database.py:238 - INFO - 数据库更新已下载章节
2026-09-28 01:37:52 - mkk_pika - database.py:244 - INFO - 该漫画已下载章节如下
2026-09-28 01:37:52 - mkk_pika - database.py:245 - INFO - ['第1集']
2026-09-28 01:37:53 - mkk_pika - main.py:348 - INFO - ==================== 漫画信息 ====================
                                   漫画ID：5d0461db9eab272ad845eb3d
                                   标题：バッドエンドやよいちゃん！ (スマイルプリキュア！) [中国翻訳] [DL版]
                                   作者：あっちの生活 (さど)
                                   是否完结：是
                                   总页数：31
                                   分类：短篇,同人,非人類
                                   章节数：1
                                   最后更新时间：2019-06-15T03:11:23.665Z
                                   =================================================
2026-09-28 01:37:53 - mkk_pika - database.py:101 - INFO - 保存成功：バッドエンドやよいちゃん！ (スマイルプリキュア！) [中国翻訳] [DL版]
2026-09-28 01:37:53 - mkk_pika - main.py:35 - INFO - 开始检查(C94) モテなんていらねえよ、夏 (私がモテないのはどう考えてもお前らが悪い!) [中国翻訳]是否存在未下载章节
2026-09-28 01:37:54 - mkk_pika - main.py:45 - INFO - 正在下载:[(C94) モテなんていらねえよ、夏 (私がモテないのはどう考えてもお前らが悪い!) [中国翻訳]]-[革命政府広報室 (よろず)]-[['短篇', '同人', '姐姐系']]-[total_pages:32]
2026-09-28 01:37:54 - mkk_pika - main.py:49 - INFO - [{'_id': '5d0462596189352ac7703188', 'title': '第1集', 'order': 1, 'updated_at': '2019-06-14T12:50:27.561Z', 'id': '5d0462596189352ac7703188'}]
2026-09-28 01:37:54 - mkk_pika - database.py:215 - INFO - 第一次下载该漫画，记录数据库中
2026-09-28 01:37:54 - mkk_pika - main.py:83 - INFO - 找到 32 张图片在:第1集
2026-09-28 01:37:56 - mkk_pika - main.py:112 - INFO - [episode:第1集       ] downloaded:    32, total:  32, progress:100%
2026-09-28 01:37:56 - mkk_pika - database.py:238 - INFO - 数据库更新已下载章节
2026-09-28 01:37:56 - mkk_pika - database.py:244 - INFO - 该漫画已下载章节如下
2026-09-28 01:37:56 - mkk_pika - database.py:245 - INFO - ['第1集']
2026-09-28 01:37:57 - mkk_pika - main.py:348 - INFO - ==================== 漫画信息 ====================
                                   漫画ID：5d0462596189352ac7703187
                                   标题：(C94) モテなんていらねえよ、夏 (私がモテないのはどう考えてもお前らが悪い!) [中国翻訳]
                                   作者：革命政府広報室 (よろず)
                                   是否完结：是
                                   总页数：32
                                   分类：短篇,同人,姐姐系
                                   章节数：1
                                   最后更新时间：2019-06-15T03:13:29.264Z
                                   =================================================
2026-09-28 01:37:57 - mkk_pika - database.py:101 - INFO - 保存成功：(C94) モテなんていらねえよ、夏 (私がモテないのはどう考えてもお前らが悪い!) [中国翻訳]
2026-09-28 01:37:57 - mkk_pika - main.py:35 - INFO - 开始检查 触手洗脳ハザード～全滅 [中国翻訳]是否存在未下载章节
2026-09-28 01:37:58 - mkk_pika - main.py:45 - INFO - 正在下载:[ 触手洗脳ハザード～全滅 [中国翻訳]]-[NCP (雪月佳)]-[['短篇', '全彩', '非人類', '強暴']]-[total_pages:20]
2026-09-28 01:37:58 - mkk_pika - main.py:49 - INFO - [{'_id': '5d04626c6189352ac77031aa', 'title': '第1集', 'order': 1, 'updated_at': '2019-06-14T13:08:41.579Z', 'id': '5d04626c6189352ac77031aa'}]
2026-09-28 01:37:58 - mkk_pika - database.py:215 - INFO - 第一次下载该漫画，记录数据库中
2026-09-28 01:37:59 - mkk_pika - main.py:83 - INFO - 找到 20 张图片在:第1集
2026-09-28 01:38:00 - mkk_pika - main.py:112 - INFO - [episode:第1集       ] downloaded:    20, total:  20, progress:100%
2026-09-28 01:38:00 - mkk_pika - database.py:238 - INFO - 数据库更新已下载章节
2026-09-28 01:38:00 - mkk_pika - database.py:244 - INFO - 该漫画已下载章节如下
2026-09-28 01:38:00 - mkk_pika - database.py:245 - INFO - ['第1集']
2026-09-28 01:38:01 - mkk_pika - main.py:348 - INFO - ==================== 漫画信息 ====================
                                   漫画ID：5d04626c6189352ac77031a9
                                   标题： 触手洗脳ハザード～全滅 [中国翻訳]
                                   作者：NCP (雪月佳)
                                   是否完结：是
                                   总页数：20
                                   分类：短篇,全彩,非人類,強暴
                                   章节数：1
                                   最后更新时间：2019-06-15T03:13:48.781Z
                                   =================================================
2026-09-28 01:38:01 - mkk_pika - database.py:101 - INFO - 保存成功： 触手洗脳ハザード～全滅 [中国翻訳]
2026-09-28 01:38:01 - mkk_pika - main.py:35 - INFO - 开始检查黒山羊の館 (愛欲幻想の怪～クトゥルフ・プレグナント～) 是否存在未下载章节
2026-09-28 01:38:02 - mkk_pika - main.py:45 - INFO - 正在下载:[黒山羊の館 (愛欲幻想の怪～クトゥルフ・プレグナント～) ]-[宇行日和]-[['短篇', '非人類']]-[total_pages:23]
2026-09-28 01:38:02 - mkk_pika - main.py:49 - INFO - [{'_id': '5d0463c5d95f1a2ac126631f', 'title': '第1集', 'order': 1, 'updated_at': '2019-06-14T14:17:30.981Z', 'id': '5d0463c5d95f1a2ac126631f'}]
2026-09-28 01:38:02 - mkk_pika - database.py:215 - INFO - 第一次下载该漫画，记录数据库中
2026-09-28 01:38:02 - mkk_pika - main.py:83 - INFO - 找到 23 张图片在:第1集
2026-09-28 01:38:04 - mkk_pika - main.py:112 - INFO - [episode:第1集       ] downloaded:    23, total:  23, progress:100%
2026-09-28 01:38:04 - mkk_pika - database.py:238 - INFO - 数据库更新已下载章节
2026-09-28 01:38:04 - mkk_pika - database.py:244 - INFO - 该漫画已下载章节如下
2026-09-28 01:38:04 - mkk_pika - database.py:245 - INFO - ['第1集']
2026-09-28 01:38:05 - mkk_pika - main.py:348 - INFO - ==================== 漫画信息 ====================
                                   漫画ID：5d0463c5d95f1a2ac126631e
                                   标题：黒山羊の館 (愛欲幻想の怪～クトゥルフ・プレグナント～) 
                                   作者：宇行日和
                                   是否完结：是
                                   总页数：23
                                   分类：短篇,非人類
                                   章节数：1
                                   最后更新时间：2019-06-15T03:19:33.671Z
                                   =================================================
2026-09-28 01:38:05 - mkk_pika - database.py:101 - INFO - 保存成功：黒山羊の館 (愛欲幻想の怪～クトゥルフ・プレグナント～) 
2026-09-28 01:38:05 - mkk_pika - main.py:35 - INFO - 开始检查しおりぱにっく (COMIC BAVEL 2019年6月号)是否存在未下载章节
2026-09-28 01:38:05 - mkk_pika - main.py:45 - INFO - 正在下载:[しおりぱにっく (COMIC BAVEL 2019年6月号)]-[きょくちょ]-[['短篇', '純愛']]-[total_pages:26]
2026-09-28 01:38:05 - mkk_pika - main.py:49 - INFO - [{'_id': '5d0468019eab272ad845ec2b', 'title': '第1集', 'order': 1, 'updated_at': '2019-06-14T14:36:07.488Z', 'id': '5d0468019eab272ad845ec2b'}]
2026-09-28 01:38:05 - mkk_pika - database.py:215 - INFO - 第一次下载该漫画，记录数据库中
2026-09-28 01:38:07 - mkk_pika - main.py:83 - INFO - 找到 26 张图片在:第1集
2026-09-28 01:38:08 - mkk_pika - main.py:112 - INFO - [episode:第1集       ] downloaded:    26, total:  26, progress:100%
2026-09-28 01:38:08 - mkk_pika - database.py:238 - INFO - 数据库更新已下载章节
2026-09-28 01:38:08 - mkk_pika - database.py:244 - INFO - 该漫画已下载章节如下
2026-09-28 01:38:08 - mkk_pika - database.py:245 - INFO - ['第1集']
2026-09-28 01:38:10 - mkk_pika - main.py:348 - INFO - ==================== 漫画信息 ====================
                                   漫画ID：5d0468019eab272ad845ec2a
                                   标题：しおりぱにっく (COMIC BAVEL 2019年6月号)
                                   作者：きょくちょ
                                   是否完结：否
                                   总页数：26
                                   分类：短篇,純愛
                                   章节数：1
                                   最后更新时间：2019-06-15T03:37:37.511Z
                                   =================================================
2026-09-28 01:38:10 - mkk_pika - database.py:101 - INFO - 保存成功：しおりぱにっく (COMIC BAVEL 2019年6月号)
2026-09-28 01:38:10 - mkk_pika - main.py:35 - INFO - 开始检查サカリまつり 發情的學園祭是否存在未下载章节
2026-09-28 01:38:10 - mkk_pika - main.py:45 - INFO - 正在下载:[サカリまつり 發情的學園祭]-[きづかかずき]-[['長篇', '短篇', '純愛', '後宮閃光', '姐姐系', '妹妹系', '單行本']]-[total_pages:197]
2026-09-28 01:38:10 - mkk_pika - main.py:49 - INFO - [{'_id': '5d0468159eab272ad845ec47', 'title': '射爆發情女孩的單行本', 'order': 1, 'updated_at': '2019-06-13T03:41:10.506Z', 'id': '5d0468159eab272ad845ec47'}]
2026-09-28 01:38:10 - mkk_pika - database.py:215 - INFO - 第一次下载该漫画，记录数据库中
2026-09-28 01:38:12 - mkk_pika - main.py:83 - INFO - 找到 197 张图片在:射爆發情女孩的單行本
2026-09-28 01:38:20 - mkk_pika - main.py:112 - INFO - [episode:射爆發情女孩的單行本] downloaded:   197, total: 197, progress:100%
2026-09-28 01:38:20 - mkk_pika - database.py:238 - INFO - 数据库更新已下载章节
2026-09-28 01:38:20 - mkk_pika - database.py:244 - INFO - 该漫画已下载章节如下
2026-09-28 01:38:20 - mkk_pika - database.py:245 - INFO - ['射爆發情女孩的單行本']
2026-09-28 01:38:21 - mkk_pika - main.py:348 - INFO - ==================== 漫画信息 ====================
                                   漫画ID：5d0468159eab272ad845ec46
                                   标题：サカリまつり 發情的學園祭
                                   作者：きづかかずき
                                   是否完结：是
                                   总页数：197
                                   分类：長篇,短篇,純愛,後宮閃光,姐姐系,妹妹系,單行本
                                   章节数：1
                                   最后更新时间：2019-06-15T03:37:57.455Z
                                   =================================================
2026-09-28 01:38:21 - mkk_pika - database.py:101 - INFO - 保存成功：サカリまつり 發情的學園祭
2026-09-28 01:38:21 - mkk_pika - main.py:35 - INFO - 开始检查(蒼月祭33)  同じゼミの芥さんとソープで出くわす本 (Fate/Grand Order)是否存在未下载章节
2026-09-28 01:38:22 - mkk_pika - main.py:45 - INFO - 正在下载:[(蒼月祭33)  同じゼミの芥さんとソープで出くわす本 (Fate/Grand Order)]-[寅乃檻 (酉寅)]-[['短篇', '同人', 'NTR', 'Fate']]-[total_pages:51]
2026-09-28 01:38:22 - mkk_pika - main.py:49 - INFO - [{'_id': '5cb21597748a3c4c9bba217c', 'title': '第1集', 'order': 1, 'updated_at': '2019-04-06T10:51:51.378Z', 'id': '5cb21597748a3c4c9bba217c'}, {'_id': '5d04682ed95f1a2ac1266378', 'title': '汉化', 'order': 2, 'updated_at': '2019-06-15T01:26:53.897Z', 'id': '5d04682ed95f1a2ac1266378'}]
2026-09-28 01:38:22 - mkk_pika - database.py:215 - INFO - 第一次下载该漫画，记录数据库中
2026-09-28 01:38:22 - mkk_pika - main.py:83 - INFO - 找到 26 张图片在:第1集
2026-09-28 01:38:23 - mkk_pika - main.py:112 - INFO - [episode:第1集       ] downloaded:    26, total:  26, progress:100%
2026-09-28 01:38:23 - mkk_pika - database.py:238 - INFO - 数据库更新已下载章节
2026-09-28 01:38:23 - mkk_pika - database.py:244 - INFO - 该漫画已下载章节如下
2026-09-28 01:38:23 - mkk_pika - database.py:245 - INFO - ['第1集']
2026-09-28 01:38:25 - mkk_pika - main.py:83 - INFO - 找到 25 张图片在:汉化
2026-09-28 01:38:26 - mkk_pika - main.py:112 - INFO - [episode:汉化        ] downloaded:    25, total:  25, progress:100%
2026-09-28 01:38:26 - mkk_pika - database.py:238 - INFO - 数据库更新已下载章节
2026-09-28 01:38:26 - mkk_pika - database.py:244 - INFO - 该漫画已下载章节如下
2026-09-28 01:38:26 - mkk_pika - database.py:245 - INFO - ['第1集', '汉化']
2026-09-28 01:38:28 - mkk_pika - main.py:348 - INFO - ==================== 漫画信息 ====================
                                   漫画ID：5cb21597748a3c4c9bba217b
                                   标题：(蒼月祭33)  同じゼミの芥さんとソープで出くわす本 (Fate/Grand Order)
                                   作者：寅乃檻 (酉寅)
                                   是否完结：是
                                   总页数：51
                                   分类：短篇,同人,NTR,Fate
                                   章节数：2
                                   最后更新时间：2019-06-15T03:38:22.484Z
                                   =================================================
2026-09-28 01:38:28 - mkk_pika - database.py:101 - INFO - 保存成功：(蒼月祭33)  同じゼミの芥さんとソープで出くわす本 (Fate/Grand Order)
2026-09-28 01:38:28 - mkk_pika - main.py:35 - INFO - 开始检查 乙女乳状 [中国翻訳]是否存在未下载章节
2026-09-28 01:38:28 - mkk_pika - main.py:45 - INFO - 正在下载:[ 乙女乳状 [中国翻訳]]-[玉田平準]-[['短篇', '非人類', '百合花園']]-[total_pages:9]
2026-09-28 01:38:28 - mkk_pika - main.py:49 - INFO - [{'_id': '5d0468489eab272ad845ed0e', 'title': '第1集', 'order': 1, 'updated_at': '2019-06-15T01:35:50.338Z', 'id': '5d0468489eab272ad845ed0e'}]
2026-09-28 01:38:28 - mkk_pika - database.py:215 - INFO - 第一次下载该漫画，记录数据库中
2026-09-28 01:38:29 - mkk_pika - main.py:83 - INFO - 找到 9 张图片在:第1集
2026-09-28 01:38:29 - mkk_pika - main.py:112 - INFO - [episode:第1集       ] downloaded:     9, total:   9, progress:100%
2026-09-28 01:38:29 - mkk_pika - database.py:238 - INFO - 数据库更新已下载章节
2026-09-28 01:38:29 - mkk_pika - database.py:244 - INFO - 该漫画已下载章节如下
2026-09-28 01:38:29 - mkk_pika - database.py:245 - INFO - ['第1集']
2026-09-28 01:38:30 - mkk_pika - main.py:348 - INFO - ==================== 漫画信息 ====================
                                   漫画ID：5d0468489eab272ad845ed0d
                                   标题： 乙女乳状 [中国翻訳]
                                   作者：玉田平準
                                   是否完结：是
                                   总页数：9
                                   分类：短篇,非人類,百合花園
                                   章节数：1
                                   最后更新时间：2019-06-15T03:38:48.685Z
                                   =================================================
2026-09-28 01:38:30 - mkk_pika - database.py:101 - INFO - 保存成功： 乙女乳状 [中国翻訳]
2026-09-28 01:38:30 - mkk_pika - main.py:35 - INFO - 开始检查(C95)君のためにえっちな女の子になりました是否存在未下载章节
2026-09-28 01:38:31 - mkk_pika - main.py:45 - INFO - 正在下载:[(C95)君のためにえっちな女の子になりました]-[没後 (RYO)]-[['短篇', '純愛']]-[total_pages:28]
2026-09-28 01:38:31 - mkk_pika - main.py:49 - INFO - [{'_id': '5d0468859eab272ad845ed5b', 'title': '第1集', 'order': 1, 'updated_at': '2019-06-15T02:58:04.779Z', 'id': '5d0468859eab272ad845ed5b'}]
2026-09-28 01:38:31 - mkk_pika - database.py:215 - INFO - 第一次下载该漫画，记录数据库中
2026-09-28 01:38:31 - mkk_pika - main.py:83 - INFO - 找到 28 张图片在:第1集
2026-09-28 01:38:33 - mkk_pika - main.py:112 - INFO - [episode:第1集       ] downloaded:    28, total:  28, progress:100%
2026-09-28 01:38:33 - mkk_pika - database.py:238 - INFO - 数据库更新已下载章节
2026-09-28 01:38:33 - mkk_pika - database.py:244 - INFO - 该漫画已下载章节如下
2026-09-28 01:38:33 - mkk_pika - database.py:245 - INFO - ['第1集']
2026-09-28 01:38:34 - mkk_pika - main.py:348 - INFO - ==================== 漫画信息 ====================
                                   漫画ID：5d0468859eab272ad845ed5a
                                   标题：(C95)君のためにえっちな女の子になりました
                                   作者：没後 (RYO)
                                   是否完结：是
                                   总页数：28
                                   分类：短篇,純愛
                                   章节数：1
                                   最后更新时间：2019-06-15T03:39:49.259Z
                                   =================================================
2026-09-28 01:38:34 - mkk_pika - database.py:101 - INFO - 保存成功：(C95)君のためにえっちな女の子になりました
2026-09-28 01:38:34 - mkk_pika - main.py:35 - INFO - 开始检查サソイミズ (COMIC X-EROS #78)[無修正]是否存在未下载章节
2026-09-28 01:38:35 - mkk_pika - main.py:45 - INFO - 正在下载:[サソイミズ (COMIC X-EROS #78)[無修正]]-[ひっさつくん]-[['短篇']]-[total_pages:20]
2026-09-28 01:38:35 - mkk_pika - main.py:49 - INFO - [{'_id': '5d049282d8ef762ad339db57', 'title': '第1集', 'order': 1, 'updated_at': '2019-06-15T05:45:36.014Z', 'id': '5d049282d8ef762ad339db57'}]
2026-09-28 01:38:35 - mkk_pika - database.py:215 - INFO - 第一次下载该漫画，记录数据库中
2026-09-28 01:38:35 - mkk_pika - main.py:83 - INFO - 找到 20 张图片在:第1集
2026-09-28 01:38:36 - mkk_pika - main.py:112 - INFO - [episode:第1集       ] downloaded:    20, total:  20, progress:100%
2026-09-28 01:38:36 - mkk_pika - database.py:238 - INFO - 数据库更新已下载章节
2026-09-28 01:38:36 - mkk_pika - database.py:244 - INFO - 该漫画已下载章节如下
2026-09-28 01:38:36 - mkk_pika - database.py:245 - INFO - ['第1集']
2026-09-28 01:38:37 - mkk_pika - main.py:348 - INFO - ==================== 漫画信息 ====================
                                   漫画ID：5d049282d8ef762ad339db56
                                   标题：サソイミズ (COMIC X-EROS #78)[無修正]
                                   作者：ひっさつくん
                                   是否完结：否
                                   总页数：20
                                   分类：短篇
                                   章节数：1
                                   最后更新时间：2019-06-15T06:38:58.333Z
                                   =================================================
2026-09-28 01:38:37 - mkk_pika - database.py:101 - INFO - 保存成功：サソイミズ (COMIC X-EROS #78)[無修正]
2026-09-28 01:38:37 - mkk_pika - main.py:35 - INFO - 开始检查バーテン女子は逆レイプがお好き (コミックゼロス #73)[無修正]是否存在未下载章节
2026-09-28 01:38:37 - mkk_pika - main.py:45 - INFO - 正在下载:[バーテン女子は逆レイプがお好き (コミックゼロス #73)[無修正]]-[ミカリン]-[['短篇']]-[total_pages:14]
2026-09-28 01:38:37 - mkk_pika - main.py:49 - INFO - [{'_id': '5d0523ea9eab272ad845f23a', 'title': '第1集', 'order': 1, 'updated_at': '2019-06-15T10:11:22.012Z', 'id': '5d0523ea9eab272ad845f23a'}]
2026-09-28 01:38:37 - mkk_pika - database.py:215 - INFO - 第一次下载该漫画，记录数据库中
2026-09-28 01:38:38 - mkk_pika - main.py:83 - INFO - 找到 24 张图片在:第1集
2026-09-28 01:38:39 - mkk_pika - main.py:112 - INFO - [episode:第1集       ] downloaded:    24, total:  24, progress:100%
2026-09-28 01:38:39 - mkk_pika - database.py:238 - INFO - 数据库更新已下载章节
2026-09-28 01:38:39 - mkk_pika - database.py:244 - INFO - 该漫画已下载章节如下
2026-09-28 01:38:39 - mkk_pika - database.py:245 - INFO - ['第1集']
2026-09-28 01:38:41 - mkk_pika - main.py:348 - INFO - ==================== 漫画信息 ====================
                                   漫画ID：5d0492b4d95f1a2ac1266861
                                   标题：バーテン女子は逆レイプがお好き (コミックゼロス #73)[無修正]
                                   作者：ミカリン
                                   是否完结：否
                                   总页数：14
                                   分类：短篇
                                   章节数：1
                                   最后更新时间：2019-06-15T06:39:48.893Z
                                   =================================================
2026-09-28 01:38:41 - mkk_pika - database.py:101 - INFO - 保存成功：バーテン女子は逆レイプがお好き (コミックゼロス #73)[無修正]
2026-09-28 01:38:41 - mkk_pika - main.py:35 - INFO - 开始检查(COMIC1☆14)  立花響はおじさんとのセックスにハマってしまいました (戦姫絶唱シンフォギア) [中国翻訳]是否存在未下载章节
2026-09-28 01:38:41 - mkk_pika - main.py:45 - INFO - 正在下载:[(COMIC1☆14)  立花響はおじさんとのセックスにハマってしまいました (戦姫絶唱シンフォギア) [中国翻訳]]-[ロリの宴 (四万十川)]-[['短篇', '同人']]-[total_pages:15]
2026-09-28 01:38:41 - mkk_pika - main.py:49 - INFO - [{'_id': '5d0523b8d95f1a2ac1266b31', 'title': '第1集', 'order': 1, 'updated_at': '2019-06-15T07:34:13.504Z', 'id': '5d0523b8d95f1a2ac1266b31'}]
2026-09-28 01:38:41 - mkk_pika - database.py:215 - INFO - 第一次下载该漫画，记录数据库中
2026-09-28 01:38:42 - mkk_pika - main.py:83 - INFO - 找到 15 张图片在:第1集
2026-09-28 01:38:42 - mkk_pika - main.py:112 - INFO - [episode:第1集       ] downloaded:    15, total:  15, progress:100%
2026-09-28 01:38:42 - mkk_pika - database.py:238 - INFO - 数据库更新已下载章节
2026-09-28 01:38:42 - mkk_pika - database.py:244 - INFO - 该漫画已下载章节如下
2026-09-28 01:38:42 - mkk_pika - database.py:245 - INFO - ['第1集']
2026-09-28 01:38:43 - mkk_pika - main.py:348 - INFO - ==================== 漫画信息 ====================
                                   漫画ID：5d0523b8d95f1a2ac1266b30
                                   标题：(COMIC1☆14)  立花響はおじさんとのセックスにハマってしまいました (戦姫絶唱シンフォギア) [中国翻訳]
                                   作者：ロリの宴 (四万十川)
                                   是否完结：是
                                   总页数：15
                                   分类：短篇,同人
                                   章节数：1
                                   最后更新时间：2019-06-15T16:58:32.286Z
                                   =================================================
2026-09-28 01:38:43 - mkk_pika - database.py:101 - INFO - 保存成功：(COMIC1☆14)  立花響はおじさんとのセックスにハマってしまいました (戦姫絶唱シンフォギア) [中国翻訳]
2026-09-28 01:38:43 - mkk_pika - main.py:35 - INFO - 开始检查(COMIC1☆15) 朝潮ちゃんと甘～くHに過ごす方法 (艦隊これくしょん -艦これ-) [中国翻訳]是否存在未下载章节
2026-09-28 01:38:44 - mkk_pika - main.py:45 - INFO - 正在下载:[(COMIC1☆15) 朝潮ちゃんと甘～くHに過ごす方法 (艦隊これくしょん -艦これ-) [中国翻訳]]-[やしろ屋 (社ちょ)]-[['全彩', '短篇', '純愛', '同人', '艦隊收藏']]-[total_pages:18]
2026-09-28 01:38:44 - mkk_pika - main.py:49 - INFO - [{'_id': '5d0523dad95f1a2ac1266b42', 'title': '第1集', 'order': 1, 'updated_at': '2019-06-15T08:29:29.039Z', 'id': '5d0523dad95f1a2ac1266b42'}]
2026-09-28 01:38:44 - mkk_pika - database.py:215 - INFO - 第一次下载该漫画，记录数据库中
2026-09-28 01:38:44 - mkk_pika - main.py:83 - INFO - 找到 18 张图片在:第1集
2026-09-28 01:38:45 - mkk_pika - main.py:112 - INFO - [episode:第1集       ] downloaded:    18, total:  18, progress:100%
2026-09-28 01:38:45 - mkk_pika - database.py:238 - INFO - 数据库更新已下载章节
2026-09-28 01:38:45 - mkk_pika - database.py:244 - INFO - 该漫画已下载章节如下
2026-09-28 01:38:45 - mkk_pika - database.py:245 - INFO - ['第1集']
2026-09-28 01:38:46 - mkk_pika - main.py:348 - INFO - ==================== 漫画信息 ====================
                                   漫画ID：5d0523dad95f1a2ac1266b41
                                   标题：(COMIC1☆15) 朝潮ちゃんと甘～くHに過ごす方法 (艦隊これくしょん -艦これ-) [中国翻訳]
                                   作者：やしろ屋 (社ちょ)
                                   是否完结：是
                                   总页数：18
                                   分类：全彩,短篇,純愛,同人,艦隊收藏
                                   章节数：1
                                   最后更新时间：2019-06-15T16:59:06.657Z
                                   =================================================
2026-09-28 01:38:46 - mkk_pika - database.py:101 - INFO - 保存成功：(COMIC1☆15) 朝潮ちゃんと甘～くHに過ごす方法 (艦隊これくしょん -艦これ-) [中国翻訳]
2026-09-28 01:38:46 - mkk_pika - main.py:35 - INFO - 开始检查 修学旅行 (コミックゼロス #53) [中国翻訳] [DL版]是否存在未下载章节
2026-09-28 01:38:47 - mkk_pika - main.py:45 - INFO - 正在下载:[ 修学旅行 (コミックゼロス #53) [中国翻訳] [DL版]]-[東鉄神]-[['短篇', '姐姐系']]-[total_pages:24]
2026-09-28 01:38:47 - mkk_pika - main.py:49 - INFO - [{'_id': '5d05245cd8ef762ad339dffb', 'title': '第1集', 'order': 1, 'updated_at': '2019-06-15T11:28:25.406Z', 'id': '5d05245cd8ef762ad339dffb'}]
2026-09-28 01:38:47 - mkk_pika - database.py:215 - INFO - 第一次下载该漫画，记录数据库中
2026-09-28 01:38:47 - mkk_pika - main.py:83 - INFO - 找到 24 张图片在:第1集
2026-09-28 01:38:49 - mkk_pika - main.py:112 - INFO - [episode:第1集       ] downloaded:    24, total:  24, progress:100%
2026-09-28 01:38:49 - mkk_pika - database.py:238 - INFO - 数据库更新已下载章节
2026-09-28 01:38:49 - mkk_pika - database.py:244 - INFO - 该漫画已下载章节如下
2026-09-28 01:38:49 - mkk_pika - database.py:245 - INFO - ['第1集']
2026-09-28 01:38:51 - mkk_pika - main.py:348 - INFO - ==================== 漫画信息 ====================
                                   漫画ID：5d05245cd8ef762ad339dffa
                                   标题： 修学旅行 (コミックゼロス #53) [中国翻訳] [DL版]
                                   作者：東鉄神
                                   是否完结：是
                                   总页数：24
                                   分类：短篇,姐姐系
                                   章节数：1
                                   最后更新时间：2019-06-15T17:01:16.651Z
                                   =================================================
2026-09-28 01:38:51 - mkk_pika - database.py:101 - INFO - 保存成功： 修学旅行 (コミックゼロス #53) [中国翻訳] [DL版]
2026-09-28 01:38:51 - mkk_pika - main.py:35 - INFO - 开始检查お姉ちゃんとの秘めごと 大姊姊淫猥的秘密情事是否存在未下载章节
2026-09-28 01:38:51 - mkk_pika - main.py:45 - INFO - 正在下载:[お姉ちゃんとの秘めごと 大姊姊淫猥的秘密情事]-[吉田鳶牡]-[['長篇', '純愛', '姐姐系', '單行本', '短篇', '後宮閃光']]-[total_pages:197]
2026-09-28 01:38:51 - mkk_pika - main.py:49 - INFO - [{'_id': '5d05246e6189352ac7703b5a', 'title': '吸爆小正太的大姊姊單行本', 'order': 1, 'updated_at': '2019-06-13T04:12:07.141Z', 'id': '5d05246e6189352ac7703b5a'}]
2026-09-28 01:38:51 - mkk_pika - database.py:215 - INFO - 第一次下载该漫画，记录数据库中
2026-09-28 01:38:54 - mkk_pika - main.py:83 - INFO - 找到 197 张图片在:吸爆小正太的大姊姊單行本
2026-09-28 01:39:02 - mkk_pika - main.py:112 - INFO - [episode:吸爆小正太的大姊姊單行本] downloaded:   197, total: 197, progress:100%
2026-09-28 01:39:02 - mkk_pika - database.py:238 - INFO - 数据库更新已下载章节
2026-09-28 01:39:02 - mkk_pika - database.py:244 - INFO - 该漫画已下载章节如下
2026-09-28 01:39:02 - mkk_pika - database.py:245 - INFO - ['吸爆小正太的大姊姊單行本']
2026-09-28 01:39:03 - mkk_pika - main.py:348 - INFO - ==================== 漫画信息 ====================
                                   漫画ID：5d05246e6189352ac7703b59
                                   标题：お姉ちゃんとの秘めごと 大姊姊淫猥的秘密情事
                                   作者：吉田鳶牡
                                   是否完结：是
                                   总页数：197
                                   分类：長篇,純愛,姐姐系,單行本,短篇,後宮閃光
                                   章节数：1
                                   最后更新时间：2019-06-15T17:01:34.387Z
                                   =================================================
2026-09-28 01:39:03 - mkk_pika - database.py:101 - INFO - 保存成功：お姉ちゃんとの秘めごと 大姊姊淫猥的秘密情事
2026-09-28 01:39:03 - mkk_pika - main.py:35 - INFO - 开始检查(COMIC1☆15)  純情可憐な雪音クリスとらぶらぶ乙女な初夜 (戦姫絶唱シンフォギア) [中国翻訳]是否存在未下载章节
2026-09-28 01:39:03 - mkk_pika - main.py:45 - INFO - 正在下载:[(COMIC1☆15)  純情可憐な雪音クリスとらぶらぶ乙女な初夜 (戦姫絶唱シンフォギア) [中国翻訳]]-[窓の口笛吹き (未江達)]-[['短篇', '同人', '純愛']]-[total_pages:27]
2026-09-28 01:39:03 - mkk_pika - main.py:49 - INFO - [{'_id': '5d0524bc6189352ac7703c21', 'title': '第1集', 'order': 1, 'updated_at': '2019-06-15T16:20:48.705Z', 'id': '5d0524bc6189352ac7703c21'}]
2026-09-28 01:39:03 - mkk_pika - database.py:215 - INFO - 第一次下载该漫画，记录数据库中
2026-09-28 01:39:04 - mkk_pika - main.py:83 - INFO - 找到 27 张图片在:第1集
2026-09-28 01:39:05 - mkk_pika - main.py:112 - INFO - [episode:第1集       ] downloaded:    27, total:  27, progress:100%
2026-09-28 01:39:05 - mkk_pika - database.py:238 - INFO - 数据库更新已下载章节
2026-09-28 01:39:05 - mkk_pika - database.py:244 - INFO - 该漫画已下载章节如下
2026-09-28 01:39:05 - mkk_pika - database.py:245 - INFO - ['第1集']
2026-09-28 01:39:07 - mkk_pika - main.py:348 - INFO - ==================== 漫画信息 ====================
                                   漫画ID：5d0524bc6189352ac7703c20
                                   标题：(COMIC1☆15)  純情可憐な雪音クリスとらぶらぶ乙女な初夜 (戦姫絶唱シンフォギア) [中国翻訳]
                                   作者：窓の口笛吹き (未江達)
                                   是否完结：是
                                   总页数：27
                                   分类：短篇,同人,純愛
                                   章节数：1
                                   最后更新时间：2019-06-15T17:02:52.173Z
                                   =================================================
2026-09-28 01:39:07 - mkk_pika - database.py:101 - INFO - 保存成功：(COMIC1☆15)  純情可憐な雪音クリスとらぶらぶ乙女な初夜 (戦姫絶唱シンフォギア) [中国翻訳]
2026-09-28 01:39:07 - mkk_pika - main.py:35 - INFO - 开始检查(サンクリ2019 Spring) 滝本ひふみ、”パパ活”始めました。 (NEW GAME!) [中国翻訳]是否存在未下载章节
2026-09-28 01:39:07 - mkk_pika - main.py:45 - INFO - 正在下载:[(サンクリ2019 Spring) 滝本ひふみ、”パパ活”始めました。 (NEW GAME!) [中国翻訳]]-[セカンドカラー (たいぷはてな)]-[['短篇', '同人']]-[total_pages:10]
2026-09-28 01:39:07 - mkk_pika - main.py:49 - INFO - [{'_id': '5d0539b09eab272ad845f529', 'title': '第1集', 'order': 1, 'updated_at': '2019-06-15T17:48:41.835Z', 'id': '5d0539b09eab272ad845f529'}]
2026-09-28 01:39:07 - mkk_pika - database.py:215 - INFO - 第一次下载该漫画，记录数据库中
2026-09-28 01:39:08 - mkk_pika - main.py:83 - INFO - 找到 10 张图片在:第1集
2026-09-28 01:39:08 - mkk_pika - main.py:112 - INFO - [episode:第1集       ] downloaded:    10, total:  10, progress:100%
2026-09-28 01:39:08 - mkk_pika - database.py:238 - INFO - 数据库更新已下载章节
2026-09-28 01:39:08 - mkk_pika - database.py:244 - INFO - 该漫画已下载章节如下
2026-09-28 01:39:08 - mkk_pika - database.py:245 - INFO - ['第1集']
2026-09-28 01:39:10 - mkk_pika - main.py:348 - INFO - ==================== 漫画信息 ====================
                                   漫画ID：5d0539b09eab272ad845f528
                                   标题：(サンクリ2019 Spring) 滝本ひふみ、”パパ活”始めました。 (NEW GAME!) [中国翻訳]
                                   作者：セカンドカラー (たいぷはてな)
                                   是否完结：是
                                   总页数：10
                                   分类：短篇,同人
                                   章节数：1
                                   最后更新时间：2019-06-15T18:32:16.467Z
                                   =================================================
2026-09-28 01:39:10 - mkk_pika - database.py:101 - INFO - 保存成功：(サンクリ2019 Spring) 滝本ひふみ、”パパ活”始めました。 (NEW GAME!) [中国翻訳]
2026-09-28 01:39:10 - mkk_pika - main.py:35 - INFO - 开始检查TS雨注意報 ～フシギナ雨デ変ワルジンセイ～是否存在未下载章节
2026-09-28 01:39:10 - mkk_pika - main.py:45 - INFO - 正在下载:[TS雨注意報 ～フシギナ雨デ変ワルジンセイ～]-[あむぁいおかし製作所 (虎島タオ)]-[['全彩', '性轉換', '純愛', '短篇']]-[total_pages:40]
2026-09-28 01:39:10 - mkk_pika - main.py:49 - INFO - [{'_id': '5d0539c19eab272ad845f536', 'title': '第1集', 'order': 1, 'updated_at': '2019-06-14T15:38:31.371Z', 'id': '5d0539c19eab272ad845f536'}]
2026-09-28 01:39:10 - mkk_pika - database.py:215 - INFO - 第一次下载该漫画，记录数据库中
2026-09-28 01:39:10 - mkk_pika - main.py:83 - INFO - 找到 40 张图片在:第1集
2026-09-28 01:39:12 - mkk_pika - main.py:112 - INFO - [episode:第1集       ] downloaded:    40, total:  40, progress:100%
2026-09-28 01:39:12 - mkk_pika - database.py:238 - INFO - 数据库更新已下载章节
2026-09-28 01:39:12 - mkk_pika - database.py:244 - INFO - 该漫画已下载章节如下
2026-09-28 01:39:12 - mkk_pika - database.py:245 - INFO - ['第1集']
2026-09-28 01:39:13 - mkk_pika - main.py:348 - INFO - ==================== 漫画信息 ====================
                                   漫画ID：5d0539c19eab272ad845f535
                                   标题：TS雨注意報 ～フシギナ雨デ変ワルジンセイ～
                                   作者：あむぁいおかし製作所 (虎島タオ)
                                   是否完结：是
                                   总页数：40
                                   分类：全彩,性轉換,純愛,短篇
                                   章节数：1
                                   最后更新时间：2019-06-15T18:32:33.344Z
                                   =================================================
2026-09-28 01:39:13 - mkk_pika - database.py:101 - INFO - 保存成功：TS雨注意報 ～フシギナ雨デ変ワルジンセイ～
2026-09-28 01:39:13 - mkk_pika - main.py:35 - INFO - 开始检查せいらちゃんのはなぞのふみあらせ!! (マーメイドメロディーぴちぴちピッチ)是否存在未下载章节
2026-09-28 01:39:13 - mkk_pika - main.py:45 - INFO - 正在下载:[せいらちゃんのはなぞのふみあらせ!! (マーメイドメロディーぴちぴちピッチ)]-[んがむらさん (お久しぶり)]-[['同人', '短篇', '非人類', '強暴']]-[total_pages:22]
2026-09-28 01:39:13 - mkk_pika - main.py:49 - INFO - [{'_id': '5d0539d6d8ef762ad339e272', 'title': '第1集', 'order': 1, 'updated_at': '2019-06-15T17:56:10.285Z', 'id': '5d0539d6d8ef762ad339e272'}]
2026-09-28 01:39:13 - mkk_pika - database.py:215 - INFO - 第一次下载该漫画，记录数据库中
2026-09-28 01:39:14 - mkk_pika - main.py:83 - INFO - 找到 22 张图片在:第1集
2026-09-28 01:39:15 - mkk_pika - main.py:112 - INFO - [episode:第1集       ] downloaded:    22, total:  22, progress:100%
2026-09-28 01:39:15 - mkk_pika - database.py:238 - INFO - 数据库更新已下载章节
2026-09-28 01:39:15 - mkk_pika - database.py:244 - INFO - 该漫画已下载章节如下
2026-09-28 01:39:15 - mkk_pika - database.py:245 - INFO - ['第1集']
2026-09-28 01:39:16 - mkk_pika - main.py:348 - INFO - ==================== 漫画信息 ====================
                                   漫画ID：5d0539d6d8ef762ad339e271
                                   标题：せいらちゃんのはなぞのふみあらせ!! (マーメイドメロディーぴちぴちピッチ)
                                   作者：んがむらさん (お久しぶり)
                                   是否完结：是
                                   总页数：22
                                   分类：同人,短篇,非人類,強暴
                                   章节数：1
                                   最后更新时间：2019-06-15T18:32:54.867Z
                                   =================================================
2026-09-28 01:39:16 - mkk_pika - database.py:101 - INFO - 保存成功：せいらちゃんのはなぞのふみあらせ!! (マーメイドメロディーぴちぴちピッチ)
2026-09-28 01:39:16 - mkk_pika - main.py:35 - INFO - 开始检查おいしくいただきました是否存在未下载章节
2026-09-28 01:39:16 - mkk_pika - main.py:45 - INFO - 正在下载:[おいしくいただきました]-[アクチュエーター (ストロー)]-[['全彩', '短篇', 'NTR', '強暴']]-[total_pages:23]
2026-09-28 01:39:16 - mkk_pika - main.py:49 - INFO - [{'_id': '5d05ae13d8ef762ad339e998', 'title': '第1集', 'order': 1, 'updated_at': '2019-06-15T21:01:50.227Z', 'id': '5d05ae13d8ef762ad339e998'}]
2026-09-28 01:39:16 - mkk_pika - database.py:215 - INFO - 第一次下载该漫画，记录数据库中
2026-09-28 01:39:17 - mkk_pika - main.py:83 - INFO - 找到 23 张图片在:第1集
2026-09-28 01:39:18 - mkk_pika - main.py:112 - INFO - [episode:第1集       ] downloaded:    23, total:  23, progress:100%
2026-09-28 01:39:18 - mkk_pika - database.py:238 - INFO - 数据库更新已下载章节
2026-09-28 01:39:18 - mkk_pika - database.py:244 - INFO - 该漫画已下载章节如下
2026-09-28 01:39:18 - mkk_pika - database.py:245 - INFO - ['第1集']
2026-09-28 01:39:19 - mkk_pika - main.py:348 - INFO - ==================== 漫画信息 ====================
                                   漫画ID：5d05ae13d8ef762ad339e997
                                   标题：おいしくいただきました
                                   作者：アクチュエーター (ストロー)
                                   是否完结：否
                                   总页数：23
                                   分类：全彩,短篇,NTR,強暴
                                   章节数：1
                                   最后更新时间：2019-06-16T02:48:51.675Z
                                   =================================================
2026-09-28 01:39:19 - mkk_pika - database.py:101 - INFO - 保存成功：おいしくいただきました
2026-09-28 01:39:19 - mkk_pika - main.py:380 - INFO - 本次任务下载完毕
2026-09-28 01:39:19 - mkk_pika - database.py:173 - INFO - 数据库连接已关闭
