2026-09-27 01:20:43 - mkk_pika - main.py:193 - INFO - =======================================================================
2026-09-27 01:20:43 - mkk_pika - database.py:61 - INFO - 表和索引初始化成功
2026-09-27 01:20:43 - mkk_pika - main.py:197 - INFO - 已经累计下载21737本漫画
2026-09-27 01:20:44 - mkk_pika - api.py:87 - INFO - 登录成功
2026-09-27 01:20:44 - mkk_pika - main.py:203 - INFO - 收藏夹共计0本漫画
2026-09-27 01:20:44 - mkk_pika - main.py:206 - INFO - 开始下载收藏夹内未下载内容
2026-09-27 01:20:44 - mkk_pika - main.py:266 - INFO - 收藏夹内容下载完毕
2026-09-27 01:20:44 - mkk_pika - main.py:268 - INFO - 开始下载订阅内容
2026-09-27 01:20:44 - mkk_pika - database.py:258 - INFO - 根据ID查询到标题：萝莉 -> 八朔 [DL版]
2026-09-27 01:20:46 - mkk_pika - database.py:101 - INFO - 保存成功：八朔 [DL版]
2026-09-27 01:20:46 - mkk_pika - main.py:273 - INFO - 关键词萝莉找到1本漫画
2026-09-27 01:20:46 - mkk_pika - database.py:258 - INFO - 根据ID查询到标题：蘿莉 -> Pure Obsession -先生を私のモノにしちゃいます-
2026-09-27 01:20:46 - mkk_pika - database.py:101 - INFO - 保存成功：落日の名探偵  
2026-09-27 01:20:46 - mkk_pika - main.py:273 - INFO - 关键词蘿莉找到5本漫画
2026-09-27 01:20:46 - mkk_pika - main.py:275 - INFO - 订阅内容共计6本漫画
2026-09-27 01:20:46 - mkk_pika - main.py:35 - INFO - 开始检查おじさんとのエッチにハマっちゃった女の子| 沉迷于和大叔做爱的女孩 [中国翻訳]是否存在未下载章节
2026-09-27 01:20:47 - mkk_pika - database.py:203 - INFO - 查询数据库中是否已存在熟肉
2026-09-27 01:20:47 - mkk_pika - main.py:51 - INFO - おじさんとのエッチにハマっちゃった女の子| 沉迷于和大叔做爱的女孩 [中国翻訳]中没有可下载章节
2026-09-27 01:20:47 - mkk_pika - main.py:292 - INFO - ==================== 漫画信息 ====================
                                漫画ID：6ab29da0b060df0a51c37655
                                标题：おじさんとのエッチにハマっちゃった女の子| 沉迷于和大叔做爱的女孩 [中国翻訳]
                                作者：木小屋Me (きごみー)
                                是否完结：是
                                总页数：33
                                分类：短篇
                                章节数：1
                                最后更新时间：2026-09-22T15:24:16.617Z
                                =================================================
2026-09-27 01:20:47 - mkk_pika - database.py:101 - INFO - 保存成功：おじさんとのエッチにハマっちゃった女の子| 沉迷于和大叔做爱的女孩 [中国翻訳]
2026-09-27 01:20:47 - mkk_pika - main.py:35 - INFO - 开始检查落日の名探偵  是否存在未下载章节
2026-09-27 01:20:47 - mkk_pika - main.py:45 - INFO - 正在下载:[落日の名探偵  ]-[最果て空間 (緋乃ひの)]-[['同人', '短篇', '強暴']]-[total_pages:-1]
2026-09-27 01:20:47 - mkk_pika - main.py:49 - INFO - [{'_id': '6ab80864feae44766273ef22', 'title': '第1話', 'order': 1, 'updated_at': '2026-09-26T13:29:27.943Z', 'id': '6ab80864feae44766273ef22'}]
2026-09-27 01:20:47 - mkk_pika - database.py:215 - INFO - 第一次下载该漫画，记录数据库中
2026-09-27 01:20:48 - mkk_pika - main.py:83 - INFO - 找到 28 张图片在:第1話
2026-09-27 01:20:52 - mkk_pika - main.py:112 - INFO - [episode:第1話       ] downloaded:    28, total:  28, progress:100%
2026-09-27 01:20:52 - mkk_pika - database.py:238 - INFO - 数据库更新已下载章节
2026-09-27 01:20:52 - mkk_pika - database.py:244 - INFO - 该漫画已下载章节如下
2026-09-27 01:20:52 - mkk_pika - database.py:245 - INFO - ['第1話']
2026-09-27 01:20:53 - mkk_pika - main.py:292 - INFO - ==================== 漫画信息 ====================
                                漫画ID：6ab80864feae44766273ef21
                                标题：落日の名探偵  
                                作者：最果て空間 (緋乃ひの)
                                是否完结：是
                                总页数：28
                                分类：同人,短篇,強暴
                                章节数：1
                                最后更新时间：2026-09-26T18:01:08.566Z
                                =================================================
2026-09-27 01:20:53 - mkk_pika - database.py:101 - INFO - 保存成功：落日の名探偵  
2026-09-27 01:20:53 - mkk_pika - main.py:35 - INFO - 开始检查対魔忍モモカ&対魔剣士ランコ | 对魔忍桃华&对魔剑士兰子是否存在未下载章节
2026-09-27 01:20:53 - mkk_pika - main.py:45 - INFO - 正在下载:[対魔忍モモカ&対魔剣士ランコ | 对魔忍桃华&对魔剑士兰子]-[昭和最終戦線 (h7u7)]-[['同人', '短篇', '強暴']]-[total_pages:-1]
2026-09-27 01:20:53 - mkk_pika - main.py:49 - INFO - [{'_id': '6ab807ca5aeddf48264e66df', 'title': '第1話', 'order': 1, 'updated_at': '2026-09-26T06:49:33.689Z', 'id': '6ab807ca5aeddf48264e66df'}]
2026-09-27 01:20:53 - mkk_pika - database.py:215 - INFO - 第一次下载该漫画，记录数据库中
2026-09-27 01:20:54 - mkk_pika - main.py:83 - INFO - 找到 31 张图片在:第1話
2026-09-27 01:20:58 - mkk_pika - main.py:112 - INFO - [episode:第1話       ] downloaded:    31, total:  31, progress:100%
2026-09-27 01:20:58 - mkk_pika - database.py:238 - INFO - 数据库更新已下载章节
2026-09-27 01:20:58 - mkk_pika - database.py:244 - INFO - 该漫画已下载章节如下
2026-09-27 01:20:58 - mkk_pika - database.py:245 - INFO - ['第1話']
2026-09-27 01:20:59 - mkk_pika - main.py:292 - INFO - ==================== 漫画信息 ====================
                                漫画ID：6ab807ca5aeddf48264e66de
                                标题：対魔忍モモカ&対魔剣士ランコ | 对魔忍桃华&对魔剑士兰子
                                作者：昭和最終戦線 (h7u7)
                                是否完结：是
                                总页数：31
                                分类：同人,短篇,強暴
                                章节数：1
                                最后更新时间：2026-09-26T17:58:34.214Z
                                =================================================
2026-09-27 01:20:59 - mkk_pika - database.py:101 - INFO - 保存成功：対魔忍モモカ&対魔剣士ランコ | 对魔忍桃华&对魔剑士兰子
2026-09-27 01:20:59 - mkk_pika - main.py:35 - INFO - 开始检查未来の妹 | 未来的妹妹是否存在未下载章节
2026-09-27 01:21:00 - mkk_pika - main.py:45 - INFO - 正在下载:[未来の妹 | 未来的妹妹]-[squeezecandyheaven (いちはや)]-[['同人', '短篇']]-[total_pages:-1]
2026-09-27 01:21:00 - mkk_pika - main.py:49 - INFO - [{'_id': '6ab807bd42955f14c493fd24', 'title': '第1話', 'order': 1, 'updated_at': '2026-09-26T12:15:38.774Z', 'id': '6ab807bd42955f14c493fd24'}]
2026-09-27 01:21:00 - mkk_pika - database.py:215 - INFO - 第一次下载该漫画，记录数据库中
2026-09-27 01:21:00 - mkk_pika - main.py:83 - INFO - 找到 28 张图片在:第1話
2026-09-27 01:21:02 - mkk_pika - main.py:112 - INFO - [episode:第1話       ] downloaded:    28, total:  28, progress:100%
2026-09-27 01:21:02 - mkk_pika - database.py:238 - INFO - 数据库更新已下载章节
2026-09-27 01:21:02 - mkk_pika - database.py:244 - INFO - 该漫画已下载章节如下
2026-09-27 01:21:02 - mkk_pika - database.py:245 - INFO - ['第1話']
2026-09-27 01:21:04 - mkk_pika - main.py:292 - INFO - ==================== 漫画信息 ====================
                                漫画ID：6ab807bd42955f14c493fd23
                                标题：未来の妹 | 未来的妹妹
                                作者：squeezecandyheaven (いちはや)
                                是否完结：是
                                总页数：28
                                分类：同人,短篇
                                章节数：1
                                最后更新时间：2026-09-26T17:58:21.199Z
                                =================================================
2026-09-27 01:21:04 - mkk_pika - database.py:101 - INFO - 保存成功：未来の妹 | 未来的妹妹
2026-09-27 01:21:04 - mkk_pika - main.py:35 - INFO - 开始检查ママのエッチ代行します❤ | 妈妈的色色由我来代替❤是否存在未下载章节
2026-09-27 01:21:04 - mkk_pika - main.py:45 - INFO - 正在下载:[ママのエッチ代行します❤ | 妈妈的色色由我来代替❤]-[ポンスケ]-[['短篇']]-[total_pages:-1]
2026-09-27 01:21:04 - mkk_pika - main.py:49 - INFO - [{'_id': '6ab8081f7950917678713dba', 'title': '第1話', 'order': 1, 'updated_at': '2026-09-26T11:54:49.275Z', 'id': '6ab8081f7950917678713dba'}]
2026-09-27 01:21:04 - mkk_pika - database.py:215 - INFO - 第一次下载该漫画，记录数据库中
2026-09-27 01:21:05 - mkk_pika - main.py:83 - INFO - 找到 26 张图片在:第1話
2026-09-27 01:21:08 - mkk_pika - main.py:112 - INFO - [episode:第1話       ] downloaded:    26, total:  26, progress:100%
2026-09-27 01:21:08 - mkk_pika - database.py:238 - INFO - 数据库更新已下载章节
2026-09-27 01:21:08 - mkk_pika - database.py:244 - INFO - 该漫画已下载章节如下
2026-09-27 01:21:08 - mkk_pika - database.py:245 - INFO - ['第1話']
2026-09-27 01:21:09 - mkk_pika - main.py:292 - INFO - ==================== 漫画信息 ====================
                                漫画ID：6ab8081f7950917678713db9
                                标题：ママのエッチ代行します❤ | 妈妈的色色由我来代替❤
                                作者：ポンスケ
                                是否完结：否
                                总页数：26
                                分类：短篇
                                章节数：1
                                最后更新时间：2026-09-26T17:59:59.670Z
                                =================================================
2026-09-27 01:21:09 - mkk_pika - database.py:101 - INFO - 保存成功：ママのエッチ代行します❤ | 妈妈的色色由我来代替❤
2026-09-27 01:21:09 - mkk_pika - main.py:35 - INFO - 开始检查生えも 無防備なJ〇プリチャンアイドルの教え子の為に大人ちんぽでとろとろ汗だくわからせ交尾指導! (キラッとプリ☆チャン)是否存在未下载章节
2026-09-27 01:21:10 - mkk_pika - main.py:45 - INFO - 正在下载:[生えも 無防備なJ〇プリチャンアイドルの教え子の為に大人ちんぽでとろとろ汗だくわからせ交尾指導! (キラッとプリ☆チャン)]-[サークルとこまや (とこまやけいた)]-[['同人', '短篇']]-[total_pages:-1]
2026-09-27 01:21:10 - mkk_pika - main.py:49 - INFO - [{'_id': '68e64e7340524f74e62f3371', 'title': '第1話', 'order': 1, 'updated_at': '2025-10-07T10:01:10.474Z', 'id': '68e64e7340524f74e62f3371'}, {'_id': '6ab8070f5aeddf48264e6433', 'title': '第2話', 'order': 2, 'updated_at': '2026-09-25T15:04:24.053Z', 'id': '6ab8070f5aeddf48264e6433'}]
2026-09-27 01:21:10 - mkk_pika - database.py:215 - INFO - 第一次下载该漫画，记录数据库中
2026-09-27 01:21:10 - mkk_pika - main.py:83 - INFO - 找到 23 张图片在:第1話
2026-09-27 01:21:13 - mkk_pika - main.py:112 - INFO - [episode:第1話       ] downloaded:    23, total:  23, progress:100%
2026-09-27 01:21:13 - mkk_pika - database.py:238 - INFO - 数据库更新已下载章节
2026-09-27 01:21:13 - mkk_pika - database.py:244 - INFO - 该漫画已下载章节如下
2026-09-27 01:21:13 - mkk_pika - database.py:245 - INFO - ['第1話']
2026-09-27 01:21:15 - mkk_pika - main.py:83 - INFO - 找到 23 张图片在:第2話
2026-09-27 01:21:17 - mkk_pika - main.py:112 - INFO - [episode:第2話       ] downloaded:    23, total:  23, progress:100%
2026-09-27 01:21:17 - mkk_pika - database.py:238 - INFO - 数据库更新已下载章节
2026-09-27 01:21:17 - mkk_pika - database.py:244 - INFO - 该漫画已下载章节如下
2026-09-27 01:21:17 - mkk_pika - database.py:245 - INFO - ['第1話', '第2話']
2026-09-27 01:21:19 - mkk_pika - main.py:292 - INFO - ==================== 漫画信息 ====================
                                漫画ID：68e64e7340524f74e62f3370
                                标题：生えも 無防備なJ〇プリチャンアイドルの教え子の為に大人ちんぽでとろとろ汗だくわからせ交尾指導! (キラッとプリ☆チャン)
                                作者：サークルとこまや (とこまやけいた)
                                是否完结：是
                                总页数：46
                                分类：同人,短篇
                                章节数：2
                                最后更新时间：2026-09-26T17:55:27.968Z
                                =================================================
2026-09-27 01:21:19 - mkk_pika - database.py:101 - INFO - 保存成功：生えも 無防備なJ〇プリチャンアイドルの教え子の為に大人ちんぽでとろとろ汗だくわからせ交尾指導! (キラッとプリ☆チャン)
2026-09-27 01:21:19 - mkk_pika - main.py:323 - INFO - 订阅内容内容下载完毕
2026-09-27 01:21:19 - mkk_pika - main.py:324 - INFO - 开始分批下载全部章节
2026-09-27 01:21:19 - mkk_pika - database.py:280 - INFO - 表和索引初始化成功
2026-09-27 01:21:20 - mkk_pika - main.py:177 - INFO - 已经下载了1695页，一共7173页，现在开始添加第1696页
2026-09-27 01:21:20 - mkk_pika - database.py:318 - INFO - 保存成功
2026-09-27 01:21:21 - mkk_pika - main.py:177 - INFO - 已经下载了1696页，一共7173页，现在开始添加第1697页
2026-09-27 01:21:21 - mkk_pika - database.py:318 - INFO - 保存成功
2026-09-27 01:21:21 - mkk_pika - main.py:177 - INFO - 已经下载了1697页，一共7173页，现在开始添加第1698页
2026-09-27 01:21:22 - mkk_pika - database.py:318 - INFO - 保存成功
2026-09-27 01:21:23 - mkk_pika - main.py:177 - INFO - 已经下载了1698页，一共7173页，现在开始添加第1699页
2026-09-27 01:21:25 - mkk_pika - database.py:318 - INFO - 保存成功
2026-09-27 01:21:25 - mkk_pika - main.py:177 - INFO - 已经下载了1699页，一共7173页，现在开始添加第1700页
2026-09-27 01:21:26 - mkk_pika - database.py:318 - INFO - 保存成功
2026-09-27 01:21:26 - mkk_pika - main.py:177 - INFO - 已经下载了1700页，一共7173页，现在开始添加第1701页
2026-09-27 01:21:27 - mkk_pika - database.py:318 - INFO - 保存成功
2026-09-27 01:21:27 - mkk_pika - main.py:177 - INFO - 已经下载了1701页，一共7173页，现在开始添加第1702页
2026-09-27 01:21:28 - mkk_pika - database.py:318 - INFO - 保存成功
2026-09-27 01:21:28 - mkk_pika - main.py:331 - INFO - 分批下载共计68本漫画
2026-09-27 01:21:28 - mkk_pika - main.py:35 - INFO - 开始检查(C93)女王の色彩 (Fate/Grand Order) [中国翻訳]是否存在未下载章节
2026-09-27 01:21:28 - mkk_pika - main.py:45 - INFO - 正在下载:[(C93)女王の色彩 (Fate/Grand Order) [中国翻訳]]-[VOLVOX (キザキ)]-[['短篇', '同人', 'Fate']]-[total_pages:19]
2026-09-27 01:21:28 - mkk_pika - main.py:49 - INFO - [{'_id': '5cfccb6c809138296d21add3', 'title': '第1集', 'order': 1, 'updated_at': '2019-06-09T08:16:05.029Z', 'id': '5cfccb6c809138296d21add3'}]
2026-09-27 01:21:28 - mkk_pika - database.py:215 - INFO - 第一次下载该漫画，记录数据库中
2026-09-27 01:21:29 - mkk_pika - main.py:83 - INFO - 找到 19 张图片在:第1集
2026-09-27 01:21:30 - mkk_pika - main.py:112 - INFO - [episode:第1集       ] downloaded:    19, total:  19, progress:100%
2026-09-27 01:21:30 - mkk_pika - database.py:238 - INFO - 数据库更新已下载章节
2026-09-27 01:21:30 - mkk_pika - database.py:244 - INFO - 该漫画已下载章节如下
2026-09-27 01:21:30 - mkk_pika - database.py:245 - INFO - ['第1集']
2026-09-27 01:21:31 - mkk_pika - main.py:348 - INFO - ==================== 漫画信息 ====================
                                   漫画ID：5cfccb6c809138296d21add2
                                   标题：(C93)女王の色彩 (Fate/Grand Order) [中国翻訳]
                                   作者：VOLVOX (キザキ)
                                   是否完结：是
                                   总页数：19
                                   分类：短篇,同人,Fate
                                   章节数：1
                                   最后更新时间：2019-06-09T09:03:40.265Z
                                   =================================================
2026-09-27 01:21:31 - mkk_pika - database.py:101 - INFO - 保存成功：(C93)女王の色彩 (Fate/Grand Order) [中国翻訳]
2026-09-27 01:21:31 - mkk_pika - main.py:35 - INFO - 开始检查(陸海空魔合同演習2戦目) 鈴谷のムレムレタイツ (艦隊これくしょん -艦これ-) [中国翻訳]是否存在未下载章节
2026-09-27 01:21:31 - mkk_pika - main.py:45 - INFO - 正在下载:[(陸海空魔合同演習2戦目) 鈴谷のムレムレタイツ (艦隊これくしょん -艦これ-) [中国翻訳]]-[Mebiusの環 (にゅくす)]-[['短篇', '同人', '艦隊收藏', '足の恋']]-[total_pages:27]
2026-09-27 01:21:31 - mkk_pika - main.py:49 - INFO - [{'_id': '5cfccb8c01e1a1295697e804', 'title': '第1集', 'order': 1, 'updated_at': '2019-06-09T08:34:36.454Z', 'id': '5cfccb8c01e1a1295697e804'}]
2026-09-27 01:21:31 - mkk_pika - database.py:215 - INFO - 第一次下载该漫画，记录数据库中
2026-09-27 01:21:32 - mkk_pika - main.py:83 - INFO - 找到 27 张图片在:第1集
2026-09-27 01:21:34 - mkk_pika - main.py:112 - INFO - [episode:第1集       ] downloaded:    27, total:  27, progress:100%
2026-09-27 01:21:34 - mkk_pika - database.py:238 - INFO - 数据库更新已下载章节
2026-09-27 01:21:34 - mkk_pika - database.py:244 - INFO - 该漫画已下载章节如下
2026-09-27 01:21:34 - mkk_pika - database.py:245 - INFO - ['第1集']
2026-09-27 01:21:35 - mkk_pika - main.py:348 - INFO - ==================== 漫画信息 ====================
                                   漫画ID：5cfccb8c01e1a1295697e803
                                   标题：(陸海空魔合同演習2戦目) 鈴谷のムレムレタイツ (艦隊これくしょん -艦これ-) [中国翻訳]
                                   作者：Mebiusの環 (にゅくす)
                                   是否完结：是
                                   总页数：27
                                   分类：短篇,同人,艦隊收藏,足の恋
                                   章节数：1
                                   最后更新时间：2019-06-09T09:04:12.282Z
                                   =================================================
2026-09-27 01:21:35 - mkk_pika - database.py:101 - INFO - 保存成功：(陸海空魔合同演習2戦目) 鈴谷のムレムレタイツ (艦隊これくしょん -艦これ-) [中国翻訳]
2026-09-27 01:21:35 - mkk_pika - main.py:35 - INFO - 开始检查性のモハン! ～校内ご挨拶編～ [中国翻訳] [DL版]是否存在未下载章节
2026-09-27 01:21:36 - mkk_pika - main.py:45 - INFO - 正在下载:[性のモハン! ～校内ご挨拶編～ [中国翻訳] [DL版]]-[H-SQUAD (ぐりえるも)]-[['短篇']]-[total_pages:26]
2026-09-27 01:21:36 - mkk_pika - main.py:49 - INFO - [{'_id': '5cfccbaec938292951d689ae', 'title': '第1集', 'order': 1, 'updated_at': '2019-06-09T08:44:12.582Z', 'id': '5cfccbaec938292951d689ae'}]
2026-09-27 01:21:36 - mkk_pika - database.py:215 - INFO - 第一次下载该漫画，记录数据库中
2026-09-27 01:21:36 - mkk_pika - main.py:83 - INFO - 找到 26 张图片在:第1集
2026-09-27 01:21:38 - mkk_pika - main.py:112 - INFO - [episode:第1集       ] downloaded:    26, total:  26, progress:100%
2026-09-27 01:21:38 - mkk_pika - database.py:238 - INFO - 数据库更新已下载章节
2026-09-27 01:21:38 - mkk_pika - database.py:244 - INFO - 该漫画已下载章节如下
2026-09-27 01:21:38 - mkk_pika - database.py:245 - INFO - ['第1集']
2026-09-27 01:21:39 - mkk_pika - main.py:348 - INFO - ==================== 漫画信息 ====================
                                   漫画ID：5cfccbaec938292951d689ad
                                   标题：性のモハン! ～校内ご挨拶編～ [中国翻訳] [DL版]
                                   作者：H-SQUAD (ぐりえるも)
                                   是否完结：是
                                   总页数：26
                                   分类：短篇
                                   章节数：1
                                   最后更新时间：2019-06-09T09:04:46.608Z
                                   =================================================
2026-09-27 01:21:39 - mkk_pika - database.py:101 - INFO - 保存成功：性のモハン! ～校内ご挨拶編～ [中国翻訳] [DL版]
2026-09-27 01:21:39 - mkk_pika - main.py:35 - INFO - 开始检查(C95) ティリオット女学園便所オナホ部 メスガキ編[中国翻訳]是否存在未下载章节
2026-09-27 01:21:40 - mkk_pika - main.py:45 - INFO - 正在下载:[(C95) ティリオット女学園便所オナホ部 メスガキ編[中国翻訳]]-[飯食って寝る。 (あたげ)]-[['短篇']]-[total_pages:34]
2026-09-27 01:21:40 - mkk_pika - main.py:49 - INFO - [{'_id': '5cfccbceae0b4829646cb2aa', 'title': '第1集', 'order': 1, 'updated_at': '2019-06-09T09:01:33.882Z', 'id': '5cfccbceae0b4829646cb2aa'}]
2026-09-27 01:21:40 - mkk_pika - database.py:215 - INFO - 第一次下载该漫画，记录数据库中
2026-09-27 01:21:41 - mkk_pika - main.py:83 - INFO - 找到 34 张图片在:第1集
2026-09-27 01:21:43 - mkk_pika - main.py:112 - INFO - [episode:第1集       ] downloaded:    34, total:  34, progress:100%
2026-09-27 01:21:43 - mkk_pika - database.py:238 - INFO - 数据库更新已下载章节
2026-09-27 01:21:43 - mkk_pika - database.py:244 - INFO - 该漫画已下载章节如下
2026-09-27 01:21:43 - mkk_pika - database.py:245 - INFO - ['第1集']
2026-09-27 01:21:44 - mkk_pika - main.py:348 - INFO - ==================== 漫画信息 ====================
                                   漫画ID：5cfccbceae0b4829646cb2a9
                                   标题：(C95) ティリオット女学園便所オナホ部 メスガキ編[中国翻訳]
                                   作者：飯食って寝る。 (あたげ)
                                   是否完结：是
                                   总页数：34
                                   分类：短篇
                                   章节数：1
                                   最后更新时间：2019-06-09T09:05:18.857Z
                                   =================================================
2026-09-27 01:21:44 - mkk_pika - database.py:101 - INFO - 保存成功：(C95) ティリオット女学園便所オナホ部 メスガキ編[中国翻訳]
2026-09-27 01:21:44 - mkk_pika - main.py:35 - INFO - 开始检查マチュアードハンター (モンスターハンター)是否存在未下载章节
2026-09-27 01:21:44 - mkk_pika - main.py:45 - INFO - 正在下载:[マチュアードハンター (モンスターハンター)]-[彩画堂]-[['同人', '短篇']]-[total_pages:36]
2026-09-27 01:21:44 - mkk_pika - main.py:49 - INFO - [{'_id': '5cfccbd9c938292951d689cc', 'title': '第1集', 'order': 1, 'updated_at': '2019-06-09T04:30:26.874Z', 'id': '5cfccbd9c938292951d689cc'}]
2026-09-27 01:21:44 - mkk_pika - database.py:215 - INFO - 第一次下载该漫画，记录数据库中
2026-09-27 01:21:45 - mkk_pika - main.py:83 - INFO - 找到 36 张图片在:第1集
2026-09-27 01:21:47 - mkk_pika - main.py:112 - INFO - [episode:第1集       ] downloaded:    36, total:  36, progress:100%
2026-09-27 01:21:47 - mkk_pika - database.py:238 - INFO - 数据库更新已下载章节
2026-09-27 01:21:47 - mkk_pika - database.py:244 - INFO - 该漫画已下载章节如下
2026-09-27 01:21:47 - mkk_pika - database.py:245 - INFO - ['第1集']
2026-09-27 01:21:48 - mkk_pika - main.py:348 - INFO - ==================== 漫画信息 ====================
                                   漫画ID：5cfccbd9c938292951d689cb
                                   标题：マチュアードハンター (モンスターハンター)
                                   作者：彩画堂
                                   是否完结：是
                                   总页数：36
                                   分类：同人,短篇
                                   章节数：1
                                   最后更新时间：2019-06-09T09:05:29.594Z
                                   =================================================
2026-09-27 01:21:48 - mkk_pika - database.py:101 - INFO - 保存成功：マチュアードハンター (モンスターハンター)
2026-09-27 01:21:48 - mkk_pika - main.py:35 - INFO - 开始检查やおももちんらんぶ (僕のヒーローアカデミア)是否存在未下载章节
2026-09-27 01:21:49 - mkk_pika - main.py:45 - INFO - 正在下载:[やおももちんらんぶ (僕のヒーローアカデミア)]-[Mekao (電メカ)]-[['同人', '短篇', '扶他樂園']]-[total_pages:18]
2026-09-27 01:21:49 - mkk_pika - main.py:49 - INFO - [{'_id': '5cfccbe7ae0b4829646cb2ce', 'title': '第1集', 'order': 1, 'updated_at': '2019-06-09T04:42:37.344Z', 'id': '5cfccbe7ae0b4829646cb2ce'}]
2026-09-27 01:21:49 - mkk_pika - database.py:215 - INFO - 第一次下载该漫画，记录数据库中
2026-09-27 01:21:50 - mkk_pika - main.py:83 - INFO - 找到 18 张图片在:第1集
2026-09-27 01:21:51 - mkk_pika - main.py:112 - INFO - [episode:第1集       ] downloaded:    18, total:  18, progress:100%
2026-09-27 01:21:51 - mkk_pika - database.py:238 - INFO - 数据库更新已下载章节
2026-09-27 01:21:51 - mkk_pika - database.py:244 - INFO - 该漫画已下载章节如下
2026-09-27 01:21:51 - mkk_pika - database.py:245 - INFO - ['第1集']
2026-09-27 01:21:52 - mkk_pika - main.py:348 - INFO - ==================== 漫画信息 ====================
                                   漫画ID：5cfccbe7ae0b4829646cb2cd
                                   标题：やおももちんらんぶ (僕のヒーローアカデミア)
                                   作者：Mekao (電メカ)
                                   是否完结：是
                                   总页数：18
                                   分类：同人,短篇,扶他樂園
                                   章节数：1
                                   最后更新时间：2019-06-09T09:05:43.546Z
                                   =================================================
2026-09-27 01:21:52 - mkk_pika - database.py:101 - INFO - 保存成功：やおももちんらんぶ (僕のヒーローアカデミア)
2026-09-27 01:21:52 - mkk_pika - main.py:35 - INFO - 开始检查聖僧査官白蓮、媚薬拷問 (東方Project)是否存在未下载章节
2026-09-27 01:21:52 - mkk_pika - main.py:45 - INFO - 正在下载:[聖僧査官白蓮、媚薬拷問 (東方Project)]-[ドウガネブイブイ (あぶりだしざくろ)]-[['同人', '短篇', '東方', '強暴']]-[total_pages:23]
2026-09-27 01:21:52 - mkk_pika - main.py:49 - INFO - [{'_id': '5cfccbff809138296d21adf8', 'title': '第1集', 'order': 1, 'updated_at': '2019-06-09T08:12:39.243Z', 'id': '5cfccbff809138296d21adf8'}]
2026-09-27 01:21:52 - mkk_pika - database.py:215 - INFO - 第一次下载该漫画，记录数据库中
2026-09-27 01:21:53 - mkk_pika - main.py:83 - INFO - 找到 23 张图片在:第1集
2026-09-27 01:21:55 - mkk_pika - main.py:112 - INFO - [episode:第1集       ] downloaded:    23, total:  23, progress:100%
2026-09-27 01:21:55 - mkk_pika - database.py:238 - INFO - 数据库更新已下载章节
2026-09-27 01:21:55 - mkk_pika - database.py:244 - INFO - 该漫画已下载章节如下
2026-09-27 01:21:55 - mkk_pika - database.py:245 - INFO - ['第1集']
2026-09-27 01:21:56 - mkk_pika - main.py:348 - INFO - ==================== 漫画信息 ====================
                                   漫画ID：5cfccbff809138296d21adf7
                                   标题：聖僧査官白蓮、媚薬拷問 (東方Project)
                                   作者：ドウガネブイブイ (あぶりだしざくろ)
                                   是否完结：是
                                   总页数：23
                                   分类：同人,短篇,東方,強暴
                                   章节数：1
                                   最后更新时间：2019-06-09T09:06:07.517Z
                                   =================================================
2026-09-27 01:21:56 - mkk_pika - database.py:101 - INFO - 保存成功：聖僧査官白蓮、媚薬拷問 (東方Project)
2026-09-27 01:21:56 - mkk_pika - main.py:35 - INFO - 开始检查すっご～い!! 真夏の夜の残務是否存在未下载章节
2026-09-27 01:21:56 - mkk_pika - main.py:45 - INFO - 正在下载:[すっご～い!! 真夏の夜の残務]-[keso]-[['短篇']]-[total_pages:20]
2026-09-27 01:21:56 - mkk_pika - main.py:49 - INFO - [{'_id': '5cfccc06ae0b4829646cb2e2', 'title': '第1集', 'order': 1, 'updated_at': '2019-06-09T08:31:53.627Z', 'id': '5cfccc06ae0b4829646cb2e2'}]
2026-09-27 01:21:56 - mkk_pika - database.py:215 - INFO - 第一次下载该漫画，记录数据库中
2026-09-27 01:21:57 - mkk_pika - main.py:83 - INFO - 找到 20 张图片在:第1集
2026-09-27 01:21:58 - mkk_pika - main.py:112 - INFO - [episode:第1集       ] downloaded:    20, total:  20, progress:100%
2026-09-27 01:21:58 - mkk_pika - database.py:238 - INFO - 数据库更新已下载章节
2026-09-27 01:21:58 - mkk_pika - database.py:244 - INFO - 该漫画已下载章节如下
2026-09-27 01:21:58 - mkk_pika - database.py:245 - INFO - ['第1集']
2026-09-27 01:21:59 - mkk_pika - main.py:348 - INFO - ==================== 漫画信息 ====================
                                   漫画ID：5cfccc06ae0b4829646cb2e1
                                   标题：すっご～い!! 真夏の夜の残務
                                   作者：keso
                                   是否完结：是
                                   总页数：20
                                   分类：短篇
                                   章节数：1
                                   最后更新时间：2019-06-09T09:06:14.813Z
                                   =================================================
2026-09-27 01:21:59 - mkk_pika - database.py:101 - INFO - 保存成功：すっご～い!! 真夏の夜の残務
2026-09-27 01:21:59 - mkk_pika - main.py:35 - INFO - 开始检查擅長大屠殺的薩諾斯同學是否存在未下载章节
2026-09-27 01:22:00 - mkk_pika - main.py:45 - INFO - 正在下载:[擅長大屠殺的薩諾斯同學]-[DDK (암흑설탕)]-[['非人類']]-[total_pages:6]
2026-09-27 01:22:00 - mkk_pika - main.py:49 - INFO - [{'_id': '5cfccc0cc938292951d689f2', 'title': '第1集', 'order': 1, 'updated_at': '2019-06-08T21:15:00.675Z', 'id': '5cfccc0cc938292951d689f2'}]
2026-09-27 01:22:00 - mkk_pika - database.py:215 - INFO - 第一次下载该漫画，记录数据库中
2026-09-27 01:22:01 - mkk_pika - main.py:83 - INFO - 找到 6 张图片在:第1集
2026-09-27 01:22:01 - mkk_pika - main.py:112 - INFO - [episode:第1集       ] downloaded:     6, total:   6, progress:100%
2026-09-27 01:22:01 - mkk_pika - database.py:238 - INFO - 数据库更新已下载章节
2026-09-27 01:22:01 - mkk_pika - database.py:244 - INFO - 该漫画已下载章节如下
2026-09-27 01:22:01 - mkk_pika - database.py:245 - INFO - ['第1集']
2026-09-27 01:22:02 - mkk_pika - main.py:348 - INFO - ==================== 漫画信息 ====================
                                   漫画ID：5cfccc0cc938292951d689f1
                                   标题：擅長大屠殺的薩諾斯同學
                                   作者：DDK (암흑설탕)
                                   是否完结：否
                                   总页数：6
                                   分类：非人類
                                   章节数：1
                                   最后更新时间：2019-06-09T09:06:20.448Z
                                   =================================================
2026-09-27 01:22:02 - mkk_pika - database.py:101 - INFO - 保存成功：擅長大屠殺的薩諾斯同學
2026-09-27 01:22:02 - mkk_pika - main.py:35 - INFO - 开始检查ナンパしたババアが気に入ったから俺のモノにした[中国翻訳]是否存在未下载章节
2026-09-27 01:22:03 - mkk_pika - main.py:45 - INFO - 正在下载:[ナンパしたババアが気に入ったから俺のモノにした[中国翻訳]]-[黒野タイツ]-[['短篇', '全彩', '人妻', 'NTR']]-[total_pages:24]
2026-09-27 01:22:03 - mkk_pika - main.py:49 - INFO - [{'_id': '5cfe06a8af8540523c4d2914', 'title': '第1集', 'order': 1, 'updated_at': '2019-06-09T10:08:44.559Z', 'id': '5cfe06a8af8540523c4d2914'}]
2026-09-27 01:22:03 - mkk_pika - database.py:215 - INFO - 第一次下载该漫画，记录数据库中
2026-09-27 01:22:04 - mkk_pika - main.py:83 - INFO - 找到 24 张图片在:第1集
2026-09-27 01:22:05 - mkk_pika - main.py:112 - INFO - [episode:第1集       ] downloaded:    24, total:  24, progress:100%
2026-09-27 01:22:05 - mkk_pika - database.py:238 - INFO - 数据库更新已下载章节
2026-09-27 01:22:05 - mkk_pika - database.py:244 - INFO - 该漫画已下载章节如下
2026-09-27 01:22:05 - mkk_pika - database.py:245 - INFO - ['第1集']
2026-09-27 01:22:06 - mkk_pika - main.py:348 - INFO - ==================== 漫画信息 ====================
                                   漫画ID：5cfe06a8af8540523c4d2913
                                   标题：ナンパしたババアが気に入ったから俺のモノにした[中国翻訳]
                                   作者：黒野タイツ
                                   是否完结：是
                                   总页数：24
                                   分类：短篇,全彩,人妻,NTR
                                   章节数：1
                                   最后更新时间：2019-06-10T07:28:40.967Z
                                   =================================================
2026-09-27 01:22:06 - mkk_pika - database.py:101 - INFO - 保存成功：ナンパしたババアが気に入ったから俺のモノにした[中国翻訳]
2026-09-27 01:22:06 - mkk_pika - main.py:35 - INFO - 开始检查瑞鳳ちゃんとえっちなお酒でぱーりない (艦隊これくしょん -艦これ-)是否存在未下载章节
2026-09-27 01:22:07 - mkk_pika - main.py:45 - INFO - 正在下载:[瑞鳳ちゃんとえっちなお酒でぱーりない (艦隊これくしょん -艦これ-)]-[相原飯店 (相原翔太)]-[['全彩', '短篇']]-[total_pages:17]
2026-09-27 01:22:07 - mkk_pika - main.py:49 - INFO - [{'_id': '5cfe07d713938c522a71e452', 'title': '第1集', 'order': 1, 'updated_at': '2019-06-09T09:12:29.689Z', 'id': '5cfe07d713938c522a71e452'}]
2026-09-27 01:22:07 - mkk_pika - database.py:215 - INFO - 第一次下载该漫画，记录数据库中
2026-09-27 01:22:07 - mkk_pika - main.py:83 - INFO - 找到 17 张图片在:第1集
2026-09-27 01:22:08 - mkk_pika - main.py:112 - INFO - [episode:第1集       ] downloaded:    17, total:  17, progress:100%
2026-09-27 01:22:08 - mkk_pika - database.py:238 - INFO - 数据库更新已下载章节
2026-09-27 01:22:08 - mkk_pika - database.py:244 - INFO - 该漫画已下载章节如下
2026-09-27 01:22:08 - mkk_pika - database.py:245 - INFO - ['第1集']
2026-09-27 01:22:09 - mkk_pika - main.py:348 - INFO - ==================== 漫画信息 ====================
                                   漫画ID：5cfe07d713938c522a71e451
                                   标题：瑞鳳ちゃんとえっちなお酒でぱーりない (艦隊これくしょん -艦これ-)
                                   作者：相原飯店 (相原翔太)
                                   是否完结：否
                                   总页数：17
                                   分类：全彩,短篇
                                   章节数：1
                                   最后更新时间：2019-06-10T07:33:43.461Z
                                   =================================================
2026-09-27 01:22:09 - mkk_pika - database.py:101 - INFO - 保存成功：瑞鳳ちゃんとえっちなお酒でぱーりない (艦隊これくしょん -艦これ-)
2026-09-27 01:22:09 - mkk_pika - main.py:35 - INFO - 开始检查駆逐艦をちんぽでやっつける本 (艦隊これくしょん -艦これ-)是否存在未下载章节
2026-09-27 01:22:10 - mkk_pika - main.py:45 - INFO - 正在下载:[駆逐艦をちんぽでやっつける本 (艦隊これくしょん -艦これ-)]-[相原飯店 (相原翔太)]-[['全彩', '短篇']]-[total_pages:9]
2026-09-27 01:22:10 - mkk_pika - main.py:49 - INFO - [{'_id': '5cfe07e913938c522a71e465', 'title': '第1集', 'order': 1, 'updated_at': '2019-06-09T09:15:56.366Z', 'id': '5cfe07e913938c522a71e465'}]
2026-09-27 01:22:10 - mkk_pika - database.py:215 - INFO - 第一次下载该漫画，记录数据库中
2026-09-27 01:22:10 - mkk_pika - main.py:83 - INFO - 找到 9 张图片在:第1集
2026-09-27 01:22:11 - mkk_pika - main.py:112 - INFO - [episode:第1集       ] downloaded:     9, total:   9, progress:100%
2026-09-27 01:22:11 - mkk_pika - database.py:238 - INFO - 数据库更新已下载章节
2026-09-27 01:22:11 - mkk_pika - database.py:244 - INFO - 该漫画已下载章节如下
2026-09-27 01:22:11 - mkk_pika - database.py:245 - INFO - ['第1集']
2026-09-27 01:22:12 - mkk_pika - main.py:348 - INFO - ==================== 漫画信息 ====================
                                   漫画ID：5cfe07e913938c522a71e464
                                   标题：駆逐艦をちんぽでやっつける本 (艦隊これくしょん -艦これ-)
                                   作者：相原飯店 (相原翔太)
                                   是否完结：否
                                   总页数：9
                                   分类：全彩,短篇
                                   章节数：1
                                   最后更新时间：2019-06-10T07:34:01.658Z
                                   =================================================
2026-09-27 01:22:12 - mkk_pika - database.py:101 - INFO - 保存成功：駆逐艦をちんぽでやっつける本 (艦隊これくしょん -艦これ-)
2026-09-27 01:22:12 - mkk_pika - main.py:35 - INFO - 开始检查ずいほうちゃんと一緒。 (艦隊これくしょん -艦これ-)是否存在未下载章节
2026-09-27 01:22:13 - mkk_pika - main.py:45 - INFO - 正在下载:[ずいほうちゃんと一緒。 (艦隊これくしょん -艦これ-)]-[相原飯店 (相原翔太)]-[['全彩', '短篇', '妹妹系']]-[total_pages:13]
2026-09-27 01:22:13 - mkk_pika - main.py:49 - INFO - [{'_id': '5cfe07faaf8540523c4d292e', 'title': '第1集', 'order': 1, 'updated_at': '2019-06-09T09:19:34.813Z', 'id': '5cfe07faaf8540523c4d292e'}]
2026-09-27 01:22:13 - mkk_pika - database.py:215 - INFO - 第一次下载该漫画，记录数据库中
2026-09-27 01:22:13 - mkk_pika - main.py:83 - INFO - 找到 13 张图片在:第1集
2026-09-27 01:22:14 - mkk_pika - main.py:112 - INFO - [episode:第1集       ] downloaded:    13, total:  13, progress:100%
2026-09-27 01:22:14 - mkk_pika - database.py:238 - INFO - 数据库更新已下载章节
2026-09-27 01:22:14 - mkk_pika - database.py:244 - INFO - 该漫画已下载章节如下
2026-09-27 01:22:14 - mkk_pika - database.py:245 - INFO - ['第1集']
2026-09-27 01:22:15 - mkk_pika - main.py:348 - INFO - ==================== 漫画信息 ====================
                                   漫画ID：5cfe07faaf8540523c4d292d
                                   标题：ずいほうちゃんと一緒。 (艦隊これくしょん -艦これ-)
                                   作者：相原飯店 (相原翔太)
                                   是否完结：否
                                   总页数：13
                                   分类：全彩,短篇,妹妹系
                                   章节数：1
                                   最后更新时间：2019-06-10T07:34:18.263Z
                                   =================================================
2026-09-27 01:22:15 - mkk_pika - database.py:101 - INFO - 保存成功：ずいほうちゃんと一緒。 (艦隊これくしょん -艦これ-)
2026-09-27 01:22:15 - mkk_pika - main.py:35 - INFO - 开始检查敬献圣餐是否存在未下载章节
2026-09-27 01:22:16 - mkk_pika - main.py:45 - INFO - 正在下载:[敬献圣餐]-[未知]-[['同人', '全彩', '短篇', '強暴', '非人類']]-[total_pages:28]
2026-09-27 01:22:16 - mkk_pika - main.py:49 - INFO - [{'_id': '5cfe087c13938c522a71e48e', 'title': '第1集', 'order': 1, 'updated_at': '2019-06-09T10:28:59.664Z', 'id': '5cfe087c13938c522a71e48e'}]
2026-09-27 01:22:16 - mkk_pika - database.py:215 - INFO - 第一次下载该漫画，记录数据库中
2026-09-27 01:22:16 - mkk_pika - main.py:83 - INFO - 找到 28 张图片在:第1集
2026-09-27 01:22:18 - mkk_pika - main.py:112 - INFO - [episode:第1集       ] downloaded:    28, total:  28, progress:100%
2026-09-27 01:22:18 - mkk_pika - database.py:238 - INFO - 数据库更新已下载章节
2026-09-27 01:22:18 - mkk_pika - database.py:244 - INFO - 该漫画已下载章节如下
2026-09-27 01:22:18 - mkk_pika - database.py:245 - INFO - ['第1集']
2026-09-27 01:22:19 - mkk_pika - main.py:348 - INFO - ==================== 漫画信息 ====================
                                   漫画ID：5cfe087c13938c522a71e48d
                                   标题：敬献圣餐
                                   作者：未知
                                   是否完结：否
                                   总页数：28
                                   分类：同人,全彩,短篇,強暴,非人類
                                   章节数：1
                                   最后更新时间：2019-06-10T07:36:28.843Z
                                   =================================================
2026-09-27 01:22:19 - mkk_pika - database.py:101 - INFO - 保存成功：敬献圣餐
2026-09-27 01:22:19 - mkk_pika - main.py:35 - INFO - 开始检查にゃんこいしのみるく是否存在未下载章节
2026-09-27 01:22:19 - mkk_pika - main.py:45 - INFO - 正在下载:[にゃんこいしのみるく]-[蒼色彼方 (色谷あすか)]-[['同人', '短篇', '妹妹系', '純愛', '非人類', '東方']]-[total_pages:11]
2026-09-27 01:22:19 - mkk_pika - main.py:49 - INFO - [{'_id': '5cfe088faf8540523c4d2c8c', 'title': '第1集', 'order': 1, 'updated_at': '2019-06-09T10:38:41.523Z', 'id': '5cfe088faf8540523c4d2c8c'}]
2026-09-27 01:22:19 - mkk_pika - database.py:215 - INFO - 第一次下载该漫画，记录数据库中
2026-09-27 01:22:20 - mkk_pika - main.py:83 - INFO - 找到 11 张图片在:第1集
2026-09-27 01:22:21 - mkk_pika - main.py:112 - INFO - [episode:第1集       ] downloaded:    11, total:  11, progress:100%
2026-09-27 01:22:21 - mkk_pika - database.py:238 - INFO - 数据库更新已下载章节
2026-09-27 01:22:21 - mkk_pika - database.py:244 - INFO - 该漫画已下载章节如下
2026-09-27 01:22:21 - mkk_pika - database.py:245 - INFO - ['第1集']
2026-09-27 01:22:22 - mkk_pika - main.py:348 - INFO - ==================== 漫画信息 ====================
                                   漫画ID：5cfe088faf8540523c4d2c8b
                                   标题：にゃんこいしのみるく
                                   作者：蒼色彼方 (色谷あすか)
                                   是否完结：否
                                   总页数：11
                                   分类：同人,短篇,妹妹系,純愛,非人類,東方
                                   章节数：1
                                   最后更新时间：2019-06-10T07:36:47.958Z
                                   =================================================
2026-09-27 01:22:22 - mkk_pika - database.py:101 - INFO - 保存成功：にゃんこいしのみるく
2026-09-27 01:22:22 - mkk_pika - main.py:35 - INFO - 开始检查(COMIC1☆15)  ヒロインXXにINしちゃおう! (Fate/Grand Order) [中国翻訳]是否存在未下载章节
2026-09-27 01:22:22 - mkk_pika - main.py:45 - INFO - 正在下载:[(COMIC1☆15)  ヒロインXXにINしちゃおう! (Fate/Grand Order) [中国翻訳]]-[芦間山道 (芦間たくみ)]-[['純愛', '同人', '短篇', 'Fate']]-[total_pages:26]
2026-09-27 01:22:22 - mkk_pika - main.py:49 - INFO - [{'_id': '5cfe08ef13938c522a71e4d9', 'title': '第1集', 'order': 1, 'updated_at': '2019-06-09T11:44:53.906Z', 'id': '5cfe08ef13938c522a71e4d9'}]
2026-09-27 01:22:22 - mkk_pika - database.py:215 - INFO - 第一次下载该漫画，记录数据库中
2026-09-27 01:22:23 - mkk_pika - main.py:83 - INFO - 找到 26 张图片在:第1集
2026-09-27 01:22:24 - mkk_pika - main.py:112 - INFO - [episode:第1集       ] downloaded:    26, total:  26, progress:100%
2026-09-27 01:22:24 - mkk_pika - database.py:238 - INFO - 数据库更新已下载章节
2026-09-27 01:22:24 - mkk_pika - database.py:244 - INFO - 该漫画已下载章节如下
2026-09-27 01:22:24 - mkk_pika - database.py:245 - INFO - ['第1集']
2026-09-27 01:22:26 - mkk_pika - main.py:348 - INFO - ==================== 漫画信息 ====================
                                   漫画ID：5cfe08ef13938c522a71e4d8
                                   标题：(COMIC1☆15)  ヒロインXXにINしちゃおう! (Fate/Grand Order) [中国翻訳]
                                   作者：芦間山道 (芦間たくみ)
                                   是否完结：是
                                   总页数：26
                                   分类：純愛,同人,短篇,Fate
                                   章节数：1
                                   最后更新时间：2019-06-10T07:38:23.248Z
                                   =================================================
2026-09-27 01:22:26 - mkk_pika - database.py:101 - INFO - 保存成功：(COMIC1☆15)  ヒロインXXにINしちゃおう! (Fate/Grand Order) [中国翻訳]
2026-09-27 01:22:26 - mkk_pika - main.py:35 - INFO - 开始检查PM GALS サンムーン マオ是否存在未下载章节
2026-09-27 01:22:26 - mkk_pika - main.py:45 - INFO - 正在下载:[PM GALS サンムーン マオ]-[ギャンブラー倶楽部 (香坂純)]-[['同人', '短篇', '後宮閃光']]-[total_pages:27]
2026-09-27 01:22:26 - mkk_pika - main.py:49 - INFO - [{'_id': '5cfe09ca13938c522a71e624', 'title': '第1集', 'order': 1, 'updated_at': '2019-06-09T14:33:45.518Z', 'id': '5cfe09ca13938c522a71e624'}]
2026-09-27 01:22:26 - mkk_pika - database.py:215 - INFO - 第一次下载该漫画，记录数据库中
2026-09-27 01:22:27 - mkk_pika - main.py:83 - INFO - 找到 27 张图片在:第1集
2026-09-27 01:22:28 - mkk_pika - main.py:112 - INFO - [episode:第1集       ] downloaded:    27, total:  27, progress:100%
2026-09-27 01:22:28 - mkk_pika - database.py:238 - INFO - 数据库更新已下载章节
2026-09-27 01:22:28 - mkk_pika - database.py:244 - INFO - 该漫画已下载章节如下
2026-09-27 01:22:28 - mkk_pika - database.py:245 - INFO - ['第1集']
2026-09-27 01:22:30 - mkk_pika - main.py:348 - INFO - ==================== 漫画信息 ====================
                                   漫画ID：5cfe09ca13938c522a71e623
                                   标题：PM GALS サンムーン マオ
                                   作者：ギャンブラー倶楽部 (香坂純)
                                   是否完结：否
                                   总页数：27
                                   分类：同人,短篇,後宮閃光
                                   章节数：1
                                   最后更新时间：2019-06-10T07:42:02.024Z
                                   =================================================
2026-09-27 01:22:30 - mkk_pika - database.py:101 - INFO - 保存成功：PM GALS サンムーン マオ
2026-09-27 01:22:30 - mkk_pika - main.py:35 - INFO - 开始检查女教師の密かな寝取られ願望 (コミックゼロス #77) [中国翻訳] [DL版]是否存在未下载章节
2026-09-27 01:22:30 - mkk_pika - main.py:45 - INFO - 正在下载:[女教師の密かな寝取られ願望 (コミックゼロス #77) [中国翻訳] [DL版]]-[米倉けんご]-[['短篇', '人妻']]-[total_pages:26]
2026-09-27 01:22:30 - mkk_pika - main.py:49 - INFO - [{'_id': '5cfe09fdcf8e435220d3c0bf', 'title': '第1集', 'order': 1, 'updated_at': '2019-06-09T14:44:01.907Z', 'id': '5cfe09fdcf8e435220d3c0bf'}]
2026-09-27 01:22:30 - mkk_pika - database.py:215 - INFO - 第一次下载该漫画，记录数据库中
2026-09-27 01:22:31 - mkk_pika - main.py:83 - INFO - 找到 26 张图片在:第1集
2026-09-27 01:22:32 - mkk_pika - main.py:112 - INFO - [episode:第1集       ] downloaded:    26, total:  26, progress:100%
2026-09-27 01:22:32 - mkk_pika - database.py:238 - INFO - 数据库更新已下载章节
2026-09-27 01:22:32 - mkk_pika - database.py:244 - INFO - 该漫画已下载章节如下
2026-09-27 01:22:32 - mkk_pika - database.py:245 - INFO - ['第1集']
2026-09-27 01:22:33 - mkk_pika - main.py:348 - INFO - ==================== 漫画信息 ====================
                                   漫画ID：5cfe09fdcf8e435220d3c0be
                                   标题：女教師の密かな寝取られ願望 (コミックゼロス #77) [中国翻訳] [DL版]
                                   作者：米倉けんご
                                   是否完结：是
                                   总页数：26
                                   分类：短篇,人妻
                                   章节数：1
                                   最后更新时间：2019-06-10T07:42:53.165Z
                                   =================================================
2026-09-27 01:22:33 - mkk_pika - database.py:101 - INFO - 保存成功：女教師の密かな寝取られ願望 (コミックゼロス #77) [中国翻訳] [DL版]
2026-09-27 01:22:33 - mkk_pika - main.py:35 - INFO - 开始检查(例大祭15) 季節解放・屁 (東方Project)是否存在未下载章节
2026-09-27 01:22:34 - mkk_pika - main.py:45 - INFO - 正在下载:[(例大祭15) 季節解放・屁 (東方Project)]-[えふえふえふ (木五倍子)]-[['短篇', '同人', '東方']]-[total_pages:17]
2026-09-27 01:22:34 - mkk_pika - main.py:49 - INFO - [{'_id': '5cfe0a2813938c522a71e642', 'title': '第1集', 'order': 1, 'updated_at': '2019-06-09T15:06:17.176Z', 'id': '5cfe0a2813938c522a71e642'}]
2026-09-27 01:22:34 - mkk_pika - database.py:215 - INFO - 第一次下载该漫画，记录数据库中
2026-09-27 01:22:34 - mkk_pika - main.py:83 - INFO - 找到 17 张图片在:第1集
2026-09-27 01:22:35 - mkk_pika - main.py:112 - INFO - [episode:第1集       ] downloaded:    17, total:  17, progress:100%
2026-09-27 01:22:35 - mkk_pika - database.py:238 - INFO - 数据库更新已下载章节
2026-09-27 01:22:35 - mkk_pika - database.py:244 - INFO - 该漫画已下载章节如下
2026-09-27 01:22:35 - mkk_pika - database.py:245 - INFO - ['第1集']
2026-09-27 01:22:37 - mkk_pika - main.py:348 - INFO - ==================== 漫画信息 ====================
                                   漫画ID：5cfe0a2813938c522a71e641
                                   标题：(例大祭15) 季節解放・屁 (東方Project)
                                   作者：えふえふえふ (木五倍子)
                                   是否完结：是
                                   总页数：17
                                   分类：短篇,同人,東方
                                   章节数：1
                                   最后更新时间：2019-06-10T07:43:36.097Z
                                   =================================================
2026-09-27 01:22:37 - mkk_pika - database.py:101 - INFO - 保存成功：(例大祭15) 季節解放・屁 (東方Project)
2026-09-27 01:22:37 - mkk_pika - main.py:35 - INFO - 开始检查(C92)  リフデア ～嫁王チャンネル～ (Fate Grand Order)[中国翻訳]是否存在未下载章节
2026-09-27 01:22:37 - mkk_pika - main.py:45 - INFO - 正在下载:[(C92)  リフデア ～嫁王チャンネル～ (Fate Grand Order)[中国翻訳]]-[ダイコテツ団 (92M)]-[['短篇', '全彩', '同人', 'Fate']]-[total_pages:20]
2026-09-27 01:22:37 - mkk_pika - main.py:49 - INFO - [{'_id': '5cfe0a88cf8e435220d3c0f1', 'title': '第1集', 'order': 1, 'updated_at': '2019-06-09T15:43:48.225Z', 'id': '5cfe0a88cf8e435220d3c0f1'}]
2026-09-27 01:22:37 - mkk_pika - database.py:215 - INFO - 第一次下载该漫画，记录数据库中
2026-09-27 01:22:38 - mkk_pika - main.py:83 - INFO - 找到 20 张图片在:第1集
2026-09-27 01:22:39 - mkk_pika - main.py:112 - INFO - [episode:第1集       ] downloaded:    20, total:  20, progress:100%
2026-09-27 01:22:39 - mkk_pika - database.py:238 - INFO - 数据库更新已下载章节
2026-09-27 01:22:39 - mkk_pika - database.py:244 - INFO - 该漫画已下载章节如下
2026-09-27 01:22:39 - mkk_pika - database.py:245 - INFO - ['第1集']
2026-09-27 01:22:40 - mkk_pika - main.py:348 - INFO - ==================== 漫画信息 ====================
                                   漫画ID：5cfe0a88cf8e435220d3c0f0
                                   标题：(C92)  リフデア ～嫁王チャンネル～ (Fate Grand Order)[中国翻訳]
                                   作者：ダイコテツ団 (92M)
                                   是否完结：是
                                   总页数：20
                                   分类：短篇,全彩,同人,Fate
                                   章节数：1
                                   最后更新时间：2019-06-10T07:45:12.369Z
                                   =================================================
2026-09-27 01:22:40 - mkk_pika - database.py:101 - INFO - 保存成功：(C92)  リフデア ～嫁王チャンネル～ (Fate Grand Order)[中国翻訳]
2026-09-27 01:22:40 - mkk_pika - main.py:35 - INFO - 开始检查(例大祭8) おとなしのうた (東方Project)是否存在未下载章节
2026-09-27 01:22:40 - mkk_pika - main.py:45 - INFO - 正在下载:[(例大祭8) おとなしのうた (東方Project)]-[魚骨工造 (カポ)]-[['同人', '短篇', '東方']]-[total_pages:35]
2026-09-27 01:22:40 - mkk_pika - main.py:49 - INFO - [{'_id': '5cfe0ab8cf8e435220d3c108', 'title': '第1集', 'order': 1, 'updated_at': '2019-06-09T17:25:40.336Z', 'id': '5cfe0ab8cf8e435220d3c108'}]
2026-09-27 01:22:40 - mkk_pika - database.py:215 - INFO - 第一次下载该漫画，记录数据库中
2026-09-27 01:22:41 - mkk_pika - main.py:83 - INFO - 找到 35 张图片在:第1集
2026-09-27 01:22:43 - mkk_pika - main.py:112 - INFO - [episode:第1集       ] downloaded:    35, total:  35, progress:100%
2026-09-27 01:22:43 - mkk_pika - database.py:238 - INFO - 数据库更新已下载章节
2026-09-27 01:22:43 - mkk_pika - database.py:244 - INFO - 该漫画已下载章节如下
2026-09-27 01:22:43 - mkk_pika - database.py:245 - INFO - ['第1集']
2026-09-27 01:22:45 - mkk_pika - main.py:348 - INFO - ==================== 漫画信息 ====================
                                   漫画ID：5cfe0ab8cf8e435220d3c107
                                   标题：(例大祭8) おとなしのうた (東方Project)
                                   作者：魚骨工造 (カポ)
                                   是否完结：是
                                   总页数：35
                                   分类：同人,短篇,東方
                                   章节数：1
                                   最后更新时间：2019-06-10T07:46:00.732Z
                                   =================================================
2026-09-27 01:22:45 - mkk_pika - database.py:101 - INFO - 保存成功：(例大祭8) おとなしのうた (東方Project)
2026-09-27 01:22:45 - mkk_pika - main.py:35 - INFO - 开始检查(例大祭SP2)Borderline (東方Project)是否存在未下载章节
2026-09-27 01:22:45 - mkk_pika - main.py:45 - INFO - 正在下载:[(例大祭SP2)Borderline (東方Project)]-[ 魚骨工造 (カポ)]-[['同人', '短篇', '東方']]-[total_pages:22]
2026-09-27 01:22:45 - mkk_pika - main.py:49 - INFO - [{'_id': '5cfe0b1c8b12165246df8904', 'title': '第1集', 'order': 1, 'updated_at': '2019-06-09T17:45:49.096Z', 'id': '5cfe0b1c8b12165246df8904'}]
2026-09-27 01:22:45 - mkk_pika - database.py:215 - INFO - 第一次下载该漫画，记录数据库中
2026-09-27 01:22:46 - mkk_pika - main.py:83 - INFO - 找到 22 张图片在:第1集
2026-09-27 01:22:47 - mkk_pika - main.py:112 - INFO - [episode:第1集       ] downloaded:    22, total:  22, progress:100%
2026-09-27 01:22:47 - mkk_pika - database.py:238 - INFO - 数据库更新已下载章节
2026-09-27 01:22:47 - mkk_pika - database.py:244 - INFO - 该漫画已下载章节如下
2026-09-27 01:22:47 - mkk_pika - database.py:245 - INFO - ['第1集']
2026-09-27 01:22:48 - mkk_pika - main.py:348 - INFO - ==================== 漫画信息 ====================
                                   漫画ID：5cfe0b1c8b12165246df8903
                                   标题：(例大祭SP2)Borderline (東方Project)
                                   作者： 魚骨工造 (カポ)
                                   是否完结：是
                                   总页数：22
                                   分类：同人,短篇,東方
                                   章节数：1
                                   最后更新时间：2019-06-10T07:47:40.046Z
                                   =================================================
2026-09-27 01:22:48 - mkk_pika - database.py:101 - INFO - 保存成功：(例大祭SP2)Borderline (東方Project)
2026-09-27 01:22:48 - mkk_pika - main.py:35 - INFO - 开始检查全滅パーティーレイプ2 (ゴブリンスレイヤー) [中国翻訳]是否存在未下载章节
2026-09-27 01:22:48 - mkk_pika - main.py:45 - INFO - 正在下载:[全滅パーティーレイプ2 (ゴブリンスレイヤー) [中国翻訳]]-[sad.co (さどっこ)]-[['短篇', '同人', '非人類', '強暴', 'NTR']]-[total_pages:115]
2026-09-27 01:22:48 - mkk_pika - main.py:49 - INFO - [{'_id': '5cfe0b38af8540523c4d2dbd', 'title': '第1集', 'order': 1, 'updated_at': '2019-06-09T18:43:18.162Z', 'id': '5cfe0b38af8540523c4d2dbd'}]
2026-09-27 01:22:48 - mkk_pika - database.py:215 - INFO - 第一次下载该漫画，记录数据库中
2026-09-27 01:22:50 - mkk_pika - main.py:83 - INFO - 找到 115 张图片在:第1集
2026-09-27 01:22:55 - mkk_pika - main.py:112 - INFO - [episode:第1集       ] downloaded:   115, total: 115, progress:100%
2026-09-27 01:22:55 - mkk_pika - database.py:238 - INFO - 数据库更新已下载章节
2026-09-27 01:22:55 - mkk_pika - database.py:244 - INFO - 该漫画已下载章节如下
2026-09-27 01:22:55 - mkk_pika - database.py:245 - INFO - ['第1集']
2026-09-27 01:22:56 - mkk_pika - main.py:348 - INFO - ==================== 漫画信息 ====================
                                   漫画ID：5cfe0b38af8540523c4d2dbc
                                   标题：全滅パーティーレイプ2 (ゴブリンスレイヤー) [中国翻訳]
                                   作者：sad.co (さどっこ)
                                   是否完结：是
                                   总页数：115
                                   分类：短篇,同人,非人類,強暴,NTR
                                   章节数：1
                                   最后更新时间：2019-06-10T07:48:08.240Z
                                   =================================================
2026-09-27 01:22:56 - mkk_pika - database.py:101 - INFO - 保存成功：全滅パーティーレイプ2 (ゴブリンスレイヤー) [中国翻訳]
2026-09-27 01:22:56 - mkk_pika - main.py:35 - INFO - 开始检查痴女カノ 痴女女友是否存在未下载章节
2026-09-27 01:22:56 - mkk_pika - main.py:45 - INFO - 正在下载:[痴女カノ 痴女女友]-[ぼんすけ]-[['長篇', '短篇', '純愛', '後宮閃光', '單行本']]-[total_pages:194]
2026-09-27 01:22:56 - mkk_pika - main.py:49 - INFO - [{'_id': '5cfe0b4c13938c522a71e655', 'title': '我的痴女女友單行本', 'order': 1, 'updated_at': '2019-06-06T04:12:56.871Z', 'id': '5cfe0b4c13938c522a71e655'}]
2026-09-27 01:22:56 - mkk_pika - database.py:215 - INFO - 第一次下载该漫画，记录数据库中
2026-09-27 01:22:59 - mkk_pika - main.py:83 - INFO - 找到 194 张图片在:我的痴女女友單行本
2026-09-27 01:23:07 - mkk_pika - main.py:112 - INFO - [episode:我的痴女女友單行本 ] downloaded:   194, total: 194, progress:100%
2026-09-27 01:23:07 - mkk_pika - database.py:238 - INFO - 数据库更新已下载章节
2026-09-27 01:23:07 - mkk_pika - database.py:244 - INFO - 该漫画已下载章节如下
2026-09-27 01:23:07 - mkk_pika - database.py:245 - INFO - ['我的痴女女友單行本']
2026-09-27 01:23:08 - mkk_pika - main.py:348 - INFO - ==================== 漫画信息 ====================
                                   漫画ID：5cfe0b4c13938c522a71e654
                                   标题：痴女カノ 痴女女友
                                   作者：ぼんすけ
                                   是否完结：是
                                   总页数：194
                                   分类：長篇,短篇,純愛,後宮閃光,單行本
                                   章节数：1
                                   最后更新时间：2019-06-10T07:48:28.030Z
                                   =================================================
2026-09-27 01:23:08 - mkk_pika - database.py:101 - INFO - 保存成功：痴女カノ 痴女女友
2026-09-27 01:23:08 - mkk_pika - main.py:35 - INFO - 开始检查Grand Hotel Life (COMIC 快楽天 2018年2月号)[無修正]是否存在未下载章节
2026-09-27 01:23:09 - mkk_pika - main.py:45 - INFO - 正在下载:[Grand Hotel Life (COMIC 快楽天 2018年2月号)[無修正]]-[スミヤ]-[['短篇', '純愛']]-[total_pages:23]
2026-09-27 01:23:09 - mkk_pika - main.py:49 - INFO - [{'_id': '5cfe0b588b12165246df891c', 'title': '第1集', 'order': 1, 'updated_at': '2019-06-10T04:28:00.553Z', 'id': '5cfe0b588b12165246df891c'}]
2026-09-27 01:23:09 - mkk_pika - database.py:215 - INFO - 第一次下载该漫画，记录数据库中
2026-09-27 01:23:09 - mkk_pika - main.py:83 - INFO - 找到 23 张图片在:第1集
2026-09-27 01:23:11 - mkk_pika - main.py:112 - INFO - [episode:第1集       ] downloaded:    23, total:  23, progress:100%
2026-09-27 01:23:11 - mkk_pika - database.py:238 - INFO - 数据库更新已下载章节
2026-09-27 01:23:11 - mkk_pika - database.py:244 - INFO - 该漫画已下载章节如下
2026-09-27 01:23:11 - mkk_pika - database.py:245 - INFO - ['第1集']
2026-09-27 01:23:12 - mkk_pika - main.py:348 - INFO - ==================== 漫画信息 ====================
                                   漫画ID：5cfe0b588b12165246df891b
                                   标题：Grand Hotel Life (COMIC 快楽天 2018年2月号)[無修正]
                                   作者：スミヤ
                                   是否完结：否
                                   总页数：23
                                   分类：短篇,純愛
                                   章节数：1
                                   最后更新时间：2019-06-10T07:48:40.857Z
                                   =================================================
2026-09-27 01:23:12 - mkk_pika - database.py:101 - INFO - 保存成功：Grand Hotel Life (COMIC 快楽天 2018年2月号)[無修正]
2026-09-27 01:23:12 - mkk_pika - main.py:35 - INFO - 开始检查メイドインシークレットアフターMaid in Secret After是否存在未下载章节
2026-09-27 01:23:12 - mkk_pika - main.py:45 - INFO - 正在下载:[メイドインシークレットアフターMaid in Secret After]-[Hisasi]-[['短篇', '純愛', '全彩']]-[total_pages:8]
2026-09-27 01:23:12 - mkk_pika - main.py:49 - INFO - [{'_id': '5cfe0b668b12165246df8935', 'title': '第1集', 'order': 1, 'updated_at': '2019-06-10T06:19:55.708Z', 'id': '5cfe0b668b12165246df8935'}]
2026-09-27 01:23:12 - mkk_pika - database.py:215 - INFO - 第一次下载该漫画，记录数据库中
2026-09-27 01:23:13 - mkk_pika - main.py:83 - INFO - 找到 8 张图片在:第1集
2026-09-27 01:23:14 - mkk_pika - main.py:112 - INFO - [episode:第1集       ] downloaded:     8, total:   8, progress:100%
2026-09-27 01:23:14 - mkk_pika - database.py:238 - INFO - 数据库更新已下载章节
2026-09-27 01:23:14 - mkk_pika - database.py:244 - INFO - 该漫画已下载章节如下
2026-09-27 01:23:14 - mkk_pika - database.py:245 - INFO - ['第1集']
2026-09-27 01:23:15 - mkk_pika - main.py:348 - INFO - ==================== 漫画信息 ====================
                                   漫画ID：5cfe0b668b12165246df8934
                                   标题：メイドインシークレットアフターMaid in Secret After
                                   作者：Hisasi
                                   是否完结：是
                                   总页数：8
                                   分类：短篇,純愛,全彩
                                   章节数：1
                                   最后更新时间：2019-06-10T07:48:54.866Z
                                   =================================================
2026-09-27 01:23:15 - mkk_pika - database.py:101 - INFO - 保存成功：メイドインシークレットアフターMaid in Secret After
2026-09-27 01:23:15 - mkk_pika - main.py:35 - INFO - 开始检查黒ギャルちゃんはキミだけが好き♥ 辣妹美少女她只有喜歡你一人是否存在未下载章节
2026-09-27 01:23:15 - mkk_pika - main.py:45 - INFO - 正在下载:[黒ギャルちゃんはキミだけが好き♥ 辣妹美少女她只有喜歡你一人]-[跳馬遊鹿]-[['長篇', '短篇', '純愛', '單行本', '姐姐系', '妹妹系', '足の恋']]-[total_pages:198]
2026-09-27 01:23:15 - mkk_pika - main.py:49 - INFO - [{'_id': '5cff4dd0d9a0c1609abdab68', 'title': '射飽超騷黑辣妹的單行本', 'order': 1, 'updated_at': '2019-06-06T04:53:17.401Z', 'id': '5cff4dd0d9a0c1609abdab68'}]
2026-09-27 01:23:15 - mkk_pika - database.py:215 - INFO - 第一次下载该漫画，记录数据库中
2026-09-27 01:23:18 - mkk_pika - main.py:83 - INFO - 找到 198 张图片在:射飽超騷黑辣妹的單行本
2026-09-27 01:23:27 - mkk_pika - main.py:112 - INFO - [episode:射飽超騷黑辣妹的單行本] downloaded:   198, total: 198, progress:100%
2026-09-27 01:23:27 - mkk_pika - database.py:238 - INFO - 数据库更新已下载章节
2026-09-27 01:23:27 - mkk_pika - database.py:244 - INFO - 该漫画已下载章节如下
2026-09-27 01:23:27 - mkk_pika - database.py:245 - INFO - ['射飽超騷黑辣妹的單行本']
2026-09-27 01:23:28 - mkk_pika - main.py:348 - INFO - ==================== 漫画信息 ====================
                                   漫画ID：5cff4dd0d9a0c1609abdab67
                                   标题：黒ギャルちゃんはキミだけが好き♥ 辣妹美少女她只有喜歡你一人
                                   作者：跳馬遊鹿
                                   是否完结：是
                                   总页数：198
                                   分类：長篇,短篇,純愛,單行本,姐姐系,妹妹系,足の恋
                                   章节数：1
                                   最后更新时间：2019-06-11T06:44:32.147Z
                                   =================================================
2026-09-27 01:23:28 - mkk_pika - database.py:101 - INFO - 保存成功：黒ギャルちゃんはキミだけが好き♥ 辣妹美少女她只有喜歡你一人
2026-09-27 01:23:28 - mkk_pika - main.py:35 - INFO - 开始检查ゲーム会社の人たちとHした (NEW GAME!)是否存在未下载章节
2026-09-27 01:23:28 - mkk_pika - main.py:45 - INFO - 正在下载:[ゲーム会社の人たちとHした (NEW GAME!)]-[シンヤんち (シンヤ)]-[['同人', '全彩', '長篇', '後宮閃光', '足の恋']]-[total_pages:153]
2026-09-27 01:23:28 - mkk_pika - main.py:49 - INFO - [{'_id': '5cff4fcf47124a60a078db22', 'title': '第1集', 'order': 1, 'updated_at': '2019-06-10T13:26:31.411Z', 'id': '5cff4fcf47124a60a078db22'}]
2026-09-27 01:23:28 - mkk_pika - database.py:215 - INFO - 第一次下载该漫画，记录数据库中
2026-09-27 01:23:30 - mkk_pika - main.py:83 - INFO - 找到 153 张图片在:第1集
2026-09-27 01:23:39 - mkk_pika - main.py:112 - INFO - [episode:第1集       ] downloaded:   153, total: 153, progress:100%
2026-09-27 01:23:39 - mkk_pika - database.py:238 - INFO - 数据库更新已下载章节
2026-09-27 01:23:39 - mkk_pika - database.py:244 - INFO - 该漫画已下载章节如下
2026-09-27 01:23:39 - mkk_pika - database.py:245 - INFO - ['第1集']
2026-09-27 01:23:40 - mkk_pika - main.py:348 - INFO - ==================== 漫画信息 ====================
                                   漫画ID：5cff4fcf47124a60a078db21
                                   标题：ゲーム会社の人たちとHした (NEW GAME!)
                                   作者：シンヤんち (シンヤ)
                                   是否完结：是
                                   总页数：153
                                   分类：同人,全彩,長篇,後宮閃光,足の恋
                                   章节数：1
                                   最后更新时间：2019-06-11T06:53:03.034Z
                                   =================================================
2026-09-27 01:23:40 - mkk_pika - database.py:101 - INFO - 保存成功：ゲーム会社の人たちとHした (NEW GAME!)
2026-09-27 01:23:40 - mkk_pika - main.py:35 - INFO - 开始检查Sorrow Rain II是否存在未下载章节
2026-09-27 01:23:40 - mkk_pika - main.py:45 - INFO - 正在下载:[Sorrow Rain II]-[ねじまきこうげん (きりさわときと)]-[['同人', '短篇', '強暴']]-[total_pages:53]
2026-09-27 01:23:40 - mkk_pika - main.py:49 - INFO - [{'_id': '5cee9b1a6ca8f8704c63b722', 'title': '生肉', 'order': 1, 'updated_at': '2019-06-11T06:53:20.458Z', 'id': '5cee9b1a6ca8f8704c63b722'}, {'_id': '5cff4fe0bb69326088c1e662', 'title': '熟肉', 'order': 2, 'updated_at': '2019-06-10T13:47:36.386Z', 'id': '5cff4fe0bb69326088c1e662'}]
2026-09-27 01:23:40 - mkk_pika - database.py:215 - INFO - 第一次下载该漫画，记录数据库中
2026-09-27 01:23:41 - mkk_pika - main.py:83 - INFO - 找到 26 张图片在:生肉
2026-09-27 01:23:42 - mkk_pika - main.py:112 - INFO - [episode:生肉        ] downloaded:    26, total:  26, progress:100%
2026-09-27 01:23:42 - mkk_pika - database.py:238 - INFO - 数据库更新已下载章节
2026-09-27 01:23:42 - mkk_pika - database.py:244 - INFO - 该漫画已下载章节如下
2026-09-27 01:23:42 - mkk_pika - database.py:245 - INFO - ['生肉']
2026-09-27 01:23:44 - mkk_pika - main.py:83 - INFO - 找到 27 张图片在:熟肉
2026-09-27 01:23:45 - mkk_pika - main.py:112 - INFO - [episode:熟肉        ] downloaded:    27, total:  27, progress:100%
2026-09-27 01:23:45 - mkk_pika - database.py:238 - INFO - 数据库更新已下载章节
2026-09-27 01:23:45 - mkk_pika - database.py:244 - INFO - 该漫画已下载章节如下
2026-09-27 01:23:45 - mkk_pika - database.py:245 - INFO - ['生肉', '熟肉']
2026-09-27 01:23:47 - mkk_pika - main.py:348 - INFO - ==================== 漫画信息 ====================
                                   漫画ID：5cee9b1a6ca8f8704c63b721
                                   标题：Sorrow Rain II
                                   作者：ねじまきこうげん (きりさわときと)
                                   是否完结：否
                                   总页数：53
                                   分类：同人,短篇,強暴
                                   章节数：2
                                   最后更新时间：2019-06-11T06:53:20.447Z
                                   =================================================
2026-09-27 01:23:47 - mkk_pika - database.py:101 - INFO - 保存成功：Sorrow Rain II
2026-09-27 01:23:47 - mkk_pika - main.py:35 - INFO - 开始检查もっと!×2お眠りルーン先生 (ラグナロクオンライン)是否存在未下载章节
2026-09-27 01:23:47 - mkk_pika - main.py:45 - INFO - 正在下载:[もっと!×2お眠りルーン先生 (ラグナロクオンライン)]-[Xration (mil)]-[['短篇', '同人', '強暴', 'NTR', '人妻']]-[total_pages:35]
2026-09-27 01:23:47 - mkk_pika - main.py:49 - INFO - [{'_id': '5cff500fbb69326088c1e67f', 'title': '第1集', 'order': 1, 'updated_at': '2019-06-10T13:49:08.571Z', 'id': '5cff500fbb69326088c1e67f'}]
2026-09-27 01:23:47 - mkk_pika - database.py:215 - INFO - 第一次下载该漫画，记录数据库中
2026-09-27 01:23:48 - mkk_pika - main.py:83 - INFO - 找到 35 张图片在:第1集
2026-09-27 01:23:50 - mkk_pika - main.py:112 - INFO - [episode:第1集       ] downloaded:    35, total:  35, progress:100%
2026-09-27 01:23:50 - mkk_pika - database.py:238 - INFO - 数据库更新已下载章节
2026-09-27 01:23:50 - mkk_pika - database.py:244 - INFO - 该漫画已下载章节如下
2026-09-27 01:23:50 - mkk_pika - database.py:245 - INFO - ['第1集']
2026-09-27 01:23:51 - mkk_pika - main.py:348 - INFO - ==================== 漫画信息 ====================
                                   漫画ID：5cff500fbb69326088c1e67e
                                   标题：もっと!×2お眠りルーン先生 (ラグナロクオンライン)
                                   作者：Xration (mil)
                                   是否完结：是
                                   总页数：35
                                   分类：短篇,同人,強暴,NTR,人妻
                                   章节数：1
                                   最后更新时间：2019-06-11T06:54:07.106Z
                                   =================================================
2026-09-27 01:23:51 - mkk_pika - database.py:101 - INFO - 保存成功：もっと!×2お眠りルーン先生 (ラグナロクオンライン)
2026-09-27 01:23:51 - mkk_pika - main.py:35 - INFO - 开始检查ウィンター▪アゲイン (ラブライブ!) 是否存在未下载章节
2026-09-27 01:23:51 - mkk_pika - main.py:45 - INFO - 正在下载:[ウィンター▪アゲイン (ラブライブ!) ]-[うどん]-[['同人', '短篇', '純愛', '百合花園', 'Love Live']]-[total_pages:22]
2026-09-27 01:23:51 - mkk_pika - main.py:49 - INFO - [{'_id': '5cff502a47124a60a078dbbd', 'title': '第1集', 'order': 1, 'updated_at': '2019-06-10T14:15:43.536Z', 'id': '5cff502a47124a60a078dbbd'}]
2026-09-27 01:23:51 - mkk_pika - database.py:215 - INFO - 第一次下载该漫画，记录数据库中
2026-09-27 01:23:52 - mkk_pika - main.py:83 - INFO - 找到 22 张图片在:第1集
2026-09-27 01:23:53 - mkk_pika - main.py:112 - INFO - [episode:第1集       ] downloaded:    22, total:  22, progress:100%
2026-09-27 01:23:53 - mkk_pika - database.py:238 - INFO - 数据库更新已下载章节
2026-09-27 01:23:53 - mkk_pika - database.py:244 - INFO - 该漫画已下载章节如下
2026-09-27 01:23:53 - mkk_pika - database.py:245 - INFO - ['第1集']
2026-09-27 01:23:54 - mkk_pika - main.py:348 - INFO - ==================== 漫画信息 ====================
                                   漫画ID：5cff502a47124a60a078dbbc
                                   标题：ウィンター▪アゲイン (ラブライブ!) 
                                   作者：うどん
                                   是否完结：否
                                   总页数：22
                                   分类：同人,短篇,純愛,百合花園,Love Live
                                   章节数：1
                                   最后更新时间：2019-06-11T06:54:34.925Z
                                   =================================================
2026-09-27 01:23:54 - mkk_pika - database.py:101 - INFO - 保存成功：ウィンター▪アゲイン (ラブライブ!) 
2026-09-27 01:23:54 - mkk_pika - main.py:35 - INFO - 开始检查さんかっけいの、ひみつ (ゆるキャン△)是否存在未下载章节
2026-09-27 01:23:55 - mkk_pika - main.py:45 - INFO - 正在下载:[さんかっけいの、ひみつ (ゆるキャン△)]-[ぷり桃 (ごやっち)]-[['同人', '短篇', '純愛', '百合花園']]-[total_pages:20]
2026-09-27 01:23:55 - mkk_pika - main.py:49 - INFO - [{'_id': '5cff506047124a60a078dc43', 'title': '第1集', 'order': 1, 'updated_at': '2019-06-10T15:30:06.931Z', 'id': '5cff506047124a60a078dc43'}]
2026-09-27 01:23:55 - mkk_pika - database.py:215 - INFO - 第一次下载该漫画，记录数据库中
2026-09-27 01:23:55 - mkk_pika - main.py:83 - INFO - 找到 20 张图片在:第1集
2026-09-27 01:23:57 - mkk_pika - main.py:112 - INFO - [episode:第1集       ] downloaded:    20, total:  20, progress:100%
2026-09-27 01:23:57 - mkk_pika - database.py:238 - INFO - 数据库更新已下载章节
2026-09-27 01:23:57 - mkk_pika - database.py:244 - INFO - 该漫画已下载章节如下
2026-09-27 01:23:57 - mkk_pika - database.py:245 - INFO - ['第1集']
2026-09-27 01:23:58 - mkk_pika - main.py:348 - INFO - ==================== 漫画信息 ====================
                                   漫画ID：5cff506047124a60a078dc42
                                   标题：さんかっけいの、ひみつ (ゆるキャン△)
                                   作者：ぷり桃 (ごやっち)
                                   是否完结：否
                                   总页数：20
                                   分类：同人,短篇,純愛,百合花園
                                   章节数：1
                                   最后更新时间：2019-06-11T06:55:28.481Z
                                   =================================================
2026-09-27 01:23:58 - mkk_pika - database.py:101 - INFO - 保存成功：さんかっけいの、ひみつ (ゆるキャン△)
2026-09-27 01:23:58 - mkk_pika - main.py:35 - INFO - 开始检查りなちゃん恋愛方程式～家庭教師を誘惑えっち～ [中国翻訳] [DL版]是否存在未下载章节
2026-09-27 01:23:58 - mkk_pika - main.py:45 - INFO - 正在下载:[りなちゃん恋愛方程式～家庭教師を誘惑えっち～ [中国翻訳] [DL版]]-[きのこのみ (kino)]-[['短篇', '純愛']]-[total_pages:27]
2026-09-27 01:23:58 - mkk_pika - main.py:49 - INFO - [{'_id': '5cff50afbb69326088c1e6a4', 'title': '第1集', 'order': 1, 'updated_at': '2019-06-10T16:31:40.428Z', 'id': '5cff50afbb69326088c1e6a4'}]
2026-09-27 01:23:58 - mkk_pika - database.py:215 - INFO - 第一次下载该漫画，记录数据库中
2026-09-27 01:23:59 - mkk_pika - main.py:83 - INFO - 找到 27 张图片在:第1集
2026-09-27 01:24:00 - mkk_pika - main.py:112 - INFO - [episode:第1集       ] downloaded:    27, total:  27, progress:100%
2026-09-27 01:24:00 - mkk_pika - database.py:238 - INFO - 数据库更新已下载章节
2026-09-27 01:24:00 - mkk_pika - database.py:244 - INFO - 该漫画已下载章节如下
2026-09-27 01:24:00 - mkk_pika - database.py:245 - INFO - ['第1集']
2026-09-27 01:24:02 - mkk_pika - main.py:348 - INFO - ==================== 漫画信息 ====================
                                   漫画ID：5cff50afbb69326088c1e6a3
                                   标题：りなちゃん恋愛方程式～家庭教師を誘惑えっち～ [中国翻訳] [DL版]
                                   作者：きのこのみ (kino)
                                   是否完结：是
                                   总页数：27
                                   分类：短篇,純愛
                                   章节数：1
                                   最后更新时间：2019-06-11T06:56:47.791Z
                                   =================================================
2026-09-27 01:24:02 - mkk_pika - database.py:101 - INFO - 保存成功：りなちゃん恋愛方程式～家庭教師を誘惑えっち～ [中国翻訳] [DL版]
2026-09-27 01:24:02 - mkk_pika - main.py:35 - INFO - 开始检查 特別な日 (COMIC 快楽天 2019年6月号) [中国翻訳] [DL版]是否存在未下载章节
2026-09-27 01:24:02 - mkk_pika - main.py:45 - INFO - 正在下载:[ 特別な日 (COMIC 快楽天 2019年6月号) [中国翻訳] [DL版]]-[ゆずのきいち]-[['短篇', '純愛']]-[total_pages:22]
2026-09-27 01:24:02 - mkk_pika - main.py:49 - INFO - [{'_id': '5cff5123d9a0c1609abdac6d', 'title': '第1集', 'order': 1, 'updated_at': '2019-06-10T16:53:03.482Z', 'id': '5cff5123d9a0c1609abdac6d'}]
2026-09-27 01:24:02 - mkk_pika - database.py:215 - INFO - 第一次下载该漫画，记录数据库中
2026-09-27 01:24:03 - mkk_pika - main.py:83 - INFO - 找到 22 张图片在:第1集
2026-09-27 01:24:04 - mkk_pika - main.py:112 - INFO - [episode:第1集       ] downloaded:    22, total:  22, progress:100%
2026-09-27 01:24:04 - mkk_pika - database.py:238 - INFO - 数据库更新已下载章节
2026-09-27 01:24:04 - mkk_pika - database.py:244 - INFO - 该漫画已下载章节如下
2026-09-27 01:24:04 - mkk_pika - database.py:245 - INFO - ['第1集']
2026-09-27 01:24:05 - mkk_pika - main.py:348 - INFO - ==================== 漫画信息 ====================
                                   漫画ID：5cff5123d9a0c1609abdac6c
                                   标题： 特別な日 (COMIC 快楽天 2019年6月号) [中国翻訳] [DL版]
                                   作者：ゆずのきいち
                                   是否完结：是
                                   总页数：22
                                   分类：短篇,純愛
                                   章节数：1
                                   最后更新时间：2019-06-11T06:58:43.268Z
                                   =================================================
2026-09-27 01:24:05 - mkk_pika - database.py:101 - INFO - 保存成功： 特別な日 (COMIC 快楽天 2019年6月号) [中国翻訳] [DL版]
2026-09-27 01:24:05 - mkk_pika - main.py:35 - INFO - 开始检查幻想文藝復興是否存在未下载章节
2026-09-27 01:24:06 - mkk_pika - main.py:45 - INFO - 正在下载:[幻想文藝復興]-[海老川ケイ]-[['百合花園']]-[total_pages:29]
2026-09-27 01:24:06 - mkk_pika - main.py:49 - INFO - [{'_id': '5c61428548d6430bf28df06f', 'title': '第1集', 'order': 1, 'updated_at': '2019-02-11T05:09:50.795Z', 'id': '5c61428548d6430bf28df06f'}, {'_id': '5cff5197edba6a608d9fc678', 'title': '第2集', 'order': 2, 'updated_at': '2019-06-10T17:00:35.166Z', 'id': '5cff5197edba6a608d9fc678'}]
2026-09-27 01:24:06 - mkk_pika - database.py:215 - INFO - 第一次下载该漫画，记录数据库中
2026-09-27 01:24:06 - mkk_pika - main.py:83 - INFO - 找到 15 张图片在:第1集
2026-09-27 01:24:07 - mkk_pika - main.py:112 - INFO - [episode:第1集       ] downloaded:    15, total:  15, progress:100%
2026-09-27 01:24:07 - mkk_pika - database.py:238 - INFO - 数据库更新已下载章节
2026-09-27 01:24:07 - mkk_pika - database.py:244 - INFO - 该漫画已下载章节如下
2026-09-27 01:24:07 - mkk_pika - database.py:245 - INFO - ['第1集']
2026-09-27 01:24:09 - mkk_pika - main.py:83 - INFO - 找到 14 张图片在:第2集
2026-09-27 01:24:10 - mkk_pika - main.py:112 - INFO - [episode:第2集       ] downloaded:    14, total:  14, progress:100%
2026-09-27 01:24:10 - mkk_pika - database.py:238 - INFO - 数据库更新已下载章节
2026-09-27 01:24:10 - mkk_pika - database.py:244 - INFO - 该漫画已下载章节如下
2026-09-27 01:24:10 - mkk_pika - database.py:245 - INFO - ['第1集', '第2集']
2026-09-27 01:24:11 - mkk_pika - main.py:348 - INFO - ==================== 漫画信息 ====================
                                   漫画ID：5c61428548d6430bf28df06e
                                   标题：幻想文藝復興
                                   作者：海老川ケイ
                                   是否完结：否
                                   总页数：29
                                   分类：百合花園
                                   章节数：2
                                   最后更新时间：2019-06-11T07:00:39.401Z
                                   =================================================
2026-09-27 01:24:11 - mkk_pika - database.py:101 - INFO - 保存成功：幻想文藝復興
2026-09-27 01:24:11 - mkk_pika - main.py:35 - INFO - 开始检查(COMIC1☆13)ぼくのノッブに大興奮!? (Fate/Grand Order) [中国翻訳]是否存在未下载章节
2026-09-27 01:24:11 - mkk_pika - main.py:45 - INFO - 正在下载:[(COMIC1☆13)ぼくのノッブに大興奮!? (Fate/Grand Order) [中国翻訳]]-[Seven Deadly Sins (homu)]-[['同人', '短篇', '純愛', 'Fate']]-[total_pages:26]
2026-09-27 01:24:11 - mkk_pika - main.py:49 - INFO - [{'_id': '5cff51e7edba6a608d9fc6b8', 'title': '第1集', 'order': 1, 'updated_at': '2019-06-10T17:13:26.241Z', 'id': '5cff51e7edba6a608d9fc6b8'}]
2026-09-27 01:24:11 - mkk_pika - database.py:215 - INFO - 第一次下载该漫画，记录数据库中
2026-09-27 01:24:12 - mkk_pika - main.py:83 - INFO - 找到 26 张图片在:第1集
2026-09-27 01:24:13 - mkk_pika - main.py:112 - INFO - [episode:第1集       ] downloaded:    26, total:  26, progress:100%
2026-09-27 01:24:13 - mkk_pika - database.py:238 - INFO - 数据库更新已下载章节
2026-09-27 01:24:13 - mkk_pika - database.py:244 - INFO - 该漫画已下载章节如下
2026-09-27 01:24:13 - mkk_pika - database.py:245 - INFO - ['第1集']
2026-09-27 01:24:15 - mkk_pika - main.py:348 - INFO - ==================== 漫画信息 ====================
                                   漫画ID：5cff51e7edba6a608d9fc6b7
                                   标题：(COMIC1☆13)ぼくのノッブに大興奮!? (Fate/Grand Order) [中国翻訳]
                                   作者：Seven Deadly Sins (homu)
                                   是否完结：是
                                   总页数：26
                                   分类：同人,短篇,純愛,Fate
                                   章节数：1
                                   最后更新时间：2019-06-11T07:01:59.690Z
                                   =================================================
2026-09-27 01:24:15 - mkk_pika - database.py:101 - INFO - 保存成功：(COMIC1☆13)ぼくのノッブに大興奮!? (Fate/Grand Order) [中国翻訳]
2026-09-27 01:24:15 - mkk_pika - main.py:35 - INFO - 开始检查制服美少女 B(V)ITCH HAPPENING是否存在未下载章节
2026-09-27 01:24:15 - mkk_pika - main.py:45 - INFO - 正在下载:[制服美少女 B(V)ITCH HAPPENING]-[愛国者 (アゴビッチ姉さん)]-[['全彩', '短篇']]-[total_pages:63]
2026-09-27 01:24:15 - mkk_pika - main.py:49 - INFO - [{'_id': '5cff52bdedba6a608d9fc750', 'title': '第1集', 'order': 1, 'updated_at': '2019-06-11T03:21:03.842Z', 'id': '5cff52bdedba6a608d9fc750'}]
2026-09-27 01:24:15 - mkk_pika - database.py:215 - INFO - 第一次下载该漫画，记录数据库中
2026-09-27 01:24:16 - mkk_pika - main.py:83 - INFO - 找到 63 张图片在:第1集
2026-09-27 01:24:19 - mkk_pika - main.py:112 - INFO - [episode:第1集       ] downloaded:    63, total:  63, progress:100%
2026-09-27 01:24:19 - mkk_pika - database.py:238 - INFO - 数据库更新已下载章节
2026-09-27 01:24:19 - mkk_pika - database.py:244 - INFO - 该漫画已下载章节如下
2026-09-27 01:24:19 - mkk_pika - database.py:245 - INFO - ['第1集']
2026-09-27 01:24:20 - mkk_pika - main.py:348 - INFO - ==================== 漫画信息 ====================
                                   漫画ID：5cff52bdedba6a608d9fc74f
                                   标题：制服美少女 B(V)ITCH HAPPENING
                                   作者：愛国者 (アゴビッチ姉さん)
                                   是否完结：是
                                   总页数：63
                                   分类：全彩,短篇
                                   章节数：1
                                   最后更新时间：2019-06-11T07:05:33.975Z
                                   =================================================
2026-09-27 01:24:20 - mkk_pika - database.py:101 - INFO - 保存成功：制服美少女 B(V)ITCH HAPPENING
2026-09-27 01:24:20 - mkk_pika - main.py:35 - INFO - 开始检查(C82)ミクさんがメイド服を着ていろいろキレイにしてくれるお話是否存在未下载章节
2026-09-27 01:24:20 - mkk_pika - main.py:45 - INFO - 正在下载:[(C82)ミクさんがメイド服を着ていろいろキレイにしてくれるお話]-[回遊企画 (鈴井ナルミ)]-[['同人', '短篇', '純愛']]-[total_pages:20]
2026-09-27 01:24:20 - mkk_pika - main.py:49 - INFO - [{'_id': '5cff52e2d9a0c1609abdadf0', 'title': '第1集', 'order': 1, 'updated_at': '2019-06-11T02:12:21.440Z', 'id': '5cff52e2d9a0c1609abdadf0'}]
2026-09-27 01:24:20 - mkk_pika - database.py:215 - INFO - 第一次下载该漫画，记录数据库中
2026-09-27 01:24:21 - mkk_pika - main.py:83 - INFO - 找到 25 张图片在:第1集
2026-09-27 01:24:22 - mkk_pika - main.py:112 - INFO - [episode:第1集       ] downloaded:    25, total:  25, progress:100%
2026-09-27 01:24:22 - mkk_pika - database.py:238 - INFO - 数据库更新已下载章节
2026-09-27 01:24:22 - mkk_pika - database.py:244 - INFO - 该漫画已下载章节如下
2026-09-27 01:24:22 - mkk_pika - database.py:245 - INFO - ['第1集']
2026-09-27 01:24:24 - mkk_pika - main.py:348 - INFO - ==================== 漫画信息 ====================
                                   漫画ID：5cff52e2d9a0c1609abdadef
                                   标题：(C82)ミクさんがメイド服を着ていろいろキレイにしてくれるお話
                                   作者：回遊企画 (鈴井ナルミ)
                                   是否完结：是
                                   总页数：20
                                   分类：同人,短篇,純愛
                                   章节数：1
                                   最后更新时间：2019-06-11T07:06:10.460Z
                                   =================================================
2026-09-27 01:24:24 - mkk_pika - database.py:101 - INFO - 保存成功：(C82)ミクさんがメイド服を着ていろいろキレイにしてくれるお話
2026-09-27 01:24:24 - mkk_pika - main.py:35 - INFO - 开始检查(C95) SSSS. (SSSS.GRIDMAN)是否存在未下载章节
2026-09-27 01:24:24 - mkk_pika - main.py:45 - INFO - 正在下载:[(C95) SSSS. (SSSS.GRIDMAN)]-[琴乃舎 (むつみまさと)]-[['同人', '短篇', '全彩', '強暴']]-[total_pages:20]
2026-09-27 01:24:24 - mkk_pika - main.py:49 - INFO - [{'_id': '5cff534eedba6a608d9fc7c1', 'title': '第1集', 'order': 1, 'updated_at': '2019-06-11T04:05:28.724Z', 'id': '5cff534eedba6a608d9fc7c1'}]
2026-09-27 01:24:24 - mkk_pika - database.py:215 - INFO - 第一次下载该漫画，记录数据库中
2026-09-27 01:24:25 - mkk_pika - main.py:83 - INFO - 找到 20 张图片在:第1集
2026-09-27 01:24:26 - mkk_pika - main.py:112 - INFO - [episode:第1集       ] downloaded:    20, total:  20, progress:100%
2026-09-27 01:24:26 - mkk_pika - database.py:238 - INFO - 数据库更新已下载章节
2026-09-27 01:24:26 - mkk_pika - database.py:244 - INFO - 该漫画已下载章节如下
2026-09-27 01:24:26 - mkk_pika - database.py:245 - INFO - ['第1集']
2026-09-27 01:24:27 - mkk_pika - main.py:348 - INFO - ==================== 漫画信息 ====================
                                   漫画ID：5cff534eedba6a608d9fc7c0
                                   标题：(C95) SSSS. (SSSS.GRIDMAN)
                                   作者：琴乃舎 (むつみまさと)
                                   是否完结：是
                                   总页数：20
                                   分类：同人,短篇,全彩,強暴
                                   章节数：1
                                   最后更新时间：2019-06-11T07:07:58.352Z
                                   =================================================
2026-09-27 01:24:27 - mkk_pika - database.py:101 - INFO - 保存成功：(C95) SSSS. (SSSS.GRIDMAN)
2026-09-27 01:24:27 - mkk_pika - main.py:35 - INFO - 开始检查 リコーダー吹いてたうちの妹犯す。 [2018年10月1日]是否存在未下载章节
2026-09-27 01:24:27 - mkk_pika - main.py:45 - INFO - 正在下载:[ リコーダー吹いてたうちの妹犯す。 [2018年10月1日]]-[HR (本領はなる)]-[['短篇', '同人', '妹妹系']]-[total_pages:21]
2026-09-27 01:24:27 - mkk_pika - main.py:49 - INFO - [{'_id': '5cffd051edba6a608d9fcd32', 'title': '第1集', 'order': 1, 'updated_at': '2019-06-11T04:54:09.514Z', 'id': '5cffd051edba6a608d9fcd32'}]
2026-09-27 01:24:27 - mkk_pika - database.py:215 - INFO - 第一次下载该漫画，记录数据库中
2026-09-27 01:24:28 - mkk_pika - main.py:83 - INFO - 找到 21 张图片在:第1集
2026-09-27 01:24:29 - mkk_pika - main.py:112 - INFO - [episode:第1集       ] downloaded:    21, total:  21, progress:100%
2026-09-27 01:24:29 - mkk_pika - database.py:238 - INFO - 数据库更新已下载章节
2026-09-27 01:24:29 - mkk_pika - database.py:244 - INFO - 该漫画已下载章节如下
2026-09-27 01:24:29 - mkk_pika - database.py:245 - INFO - ['第1集']
2026-09-27 01:24:31 - mkk_pika - main.py:348 - INFO - ==================== 漫画信息 ====================
                                   漫画ID：5cffd051edba6a608d9fcd31
                                   标题： リコーダー吹いてたうちの妹犯す。 [2018年10月1日]
                                   作者：HR (本領はなる)
                                   是否完结：否
                                   总页数：21
                                   分类：短篇,同人,妹妹系
                                   章节数：1
                                   最后更新时间：2019-06-11T16:01:21.161Z
                                   =================================================
2026-09-27 01:24:31 - mkk_pika - database.py:101 - INFO - 保存成功： リコーダー吹いてたうちの妹犯す。 [2018年10月1日]
2026-09-27 01:24:31 - mkk_pika - main.py:35 - INFO - 开始检查(C94) 9人の5秒前 (ラブライブ! サンシャイン!!) [全彩]是否存在未下载章节
2026-09-27 01:24:31 - mkk_pika - main.py:45 - INFO - 正在下载:[(C94) 9人の5秒前 (ラブライブ! サンシャイン!!) [全彩]]-[すてうかの小屋 (相音うしお)]-[['短篇', '同人', '全彩', 'Love Live']]-[total_pages:28]
2026-09-27 01:24:31 - mkk_pika - main.py:49 - INFO - [{'_id': '5cffd217bb69326088c1ed9d', 'title': '第1集', 'order': 1, 'updated_at': '2019-06-11T05:17:25.561Z', 'id': '5cffd217bb69326088c1ed9d'}]
2026-09-27 01:24:31 - mkk_pika - database.py:215 - INFO - 第一次下载该漫画，记录数据库中
2026-09-27 01:24:32 - mkk_pika - main.py:83 - INFO - 找到 28 张图片在:第1集
2026-09-27 01:24:33 - mkk_pika - main.py:112 - INFO - [episode:第1集       ] downloaded:    28, total:  28, progress:100%
2026-09-27 01:24:33 - mkk_pika - database.py:238 - INFO - 数据库更新已下载章节
2026-09-27 01:24:33 - mkk_pika - database.py:244 - INFO - 该漫画已下载章节如下
2026-09-27 01:24:33 - mkk_pika - database.py:245 - INFO - ['第1集']
2026-09-27 01:24:35 - mkk_pika - main.py:348 - INFO - ==================== 漫画信息 ====================
                                   漫画ID：5cffd217bb69326088c1ed9c
                                   标题：(C94) 9人の5秒前 (ラブライブ! サンシャイン!!) [全彩]
                                   作者：すてうかの小屋 (相音うしお)
                                   是否完结：否
                                   总页数：28
                                   分类：短篇,同人,全彩,Love Live
                                   章节数：1
                                   最后更新时间：2019-06-11T16:08:55.061Z
                                   =================================================
2026-09-27 01:24:35 - mkk_pika - database.py:101 - INFO - 保存成功：(C94) 9人の5秒前 (ラブライブ! サンシャイン!!) [全彩]
2026-09-27 01:24:35 - mkk_pika - main.py:35 - INFO - 开始检查(C90) エッチしないと猫耳が取れない病気になって (艦隊これくしょん -艦これ-)是否存在未下载章节
2026-09-27 01:24:35 - mkk_pika - main.py:45 - INFO - 正在下载:[(C90) エッチしないと猫耳が取れない病気になって (艦隊これくしょん -艦これ-)]-[水豆腐 (水心天羅)]-[['短篇', '同人', '艦隊收藏']]-[total_pages:22]
2026-09-27 01:24:35 - mkk_pika - main.py:49 - INFO - [{'_id': '5cffdcfed9a0c1609abdb4b2', 'title': '第1集', 'order': 1, 'updated_at': '2019-06-11T05:26:49.100Z', 'id': '5cffdcfed9a0c1609abdb4b2'}]
2026-09-27 01:24:35 - mkk_pika - database.py:215 - INFO - 第一次下载该漫画，记录数据库中
2026-09-27 01:24:36 - mkk_pika - main.py:83 - INFO - 找到 22 张图片在:第1集
2026-09-27 01:24:37 - mkk_pika - main.py:112 - INFO - [episode:第1集       ] downloaded:    22, total:  22, progress:100%
2026-09-27 01:24:37 - mkk_pika - database.py:238 - INFO - 数据库更新已下载章节
2026-09-27 01:24:37 - mkk_pika - database.py:244 - INFO - 该漫画已下载章节如下
2026-09-27 01:24:37 - mkk_pika - database.py:245 - INFO - ['第1集']
2026-09-27 01:24:38 - mkk_pika - main.py:348 - INFO - ==================== 漫画信息 ====================
                                   漫画ID：5cffdcfed9a0c1609abdb4b1
                                   标题：(C90) エッチしないと猫耳が取れない病気になって (艦隊これくしょん -艦これ-)
                                   作者：水豆腐 (水心天羅)
                                   是否完结：否
                                   总页数：22
                                   分类：短篇,同人,艦隊收藏
                                   章节数：1
                                   最后更新时间：2019-06-11T16:55:26.640Z
                                   =================================================
2026-09-27 01:24:38 - mkk_pika - database.py:101 - INFO - 保存成功：(C90) エッチしないと猫耳が取れない病気になって (艦隊これくしょん -艦これ-)
2026-09-27 01:24:38 - mkk_pika - main.py:35 - INFO - 开始检查妈妈化妆后3D番外 是否存在未下载章节
2026-09-27 01:24:39 - mkk_pika - main.py:45 - INFO - 正在下载:[妈妈化妆后3D番外 ]-[不明]-[['全彩', '人妻']]-[total_pages:20]
2026-09-27 01:24:39 - mkk_pika - main.py:49 - INFO - [{'_id': '5d0523fa6189352ac770399b', 'title': '第1集', 'order': 1, 'updated_at': '2019-06-15T10:41:07.613Z', 'id': '5d0523fa6189352ac770399b'}]
2026-09-27 01:24:39 - mkk_pika - database.py:215 - INFO - 第一次下载该漫画，记录数据库中
2026-09-27 01:24:39 - mkk_pika - main.py:83 - INFO - 找到 20 张图片在:第1集
2026-09-27 01:24:40 - mkk_pika - main.py:112 - INFO - [episode:第1集       ] downloaded:    20, total:  20, progress:100%
2026-09-27 01:24:40 - mkk_pika - database.py:238 - INFO - 数据库更新已下载章节
2026-09-27 01:24:40 - mkk_pika - database.py:244 - INFO - 该漫画已下载章节如下
2026-09-27 01:24:40 - mkk_pika - database.py:245 - INFO - ['第1集']
2026-09-27 01:24:41 - mkk_pika - main.py:348 - INFO - ==================== 漫画信息 ====================
                                   漫画ID：5cffe67b47124a60a078e630
                                   标题：妈妈化妆后3D番外 
                                   作者：不明
                                   是否完结：否
                                   总页数：20
                                   分类：全彩,人妻
                                   章节数：1
                                   最后更新时间：2019-06-11T17:35:55.199Z
                                   =================================================
2026-09-27 01:24:41 - mkk_pika - database.py:101 - INFO - 保存成功：妈妈化妆后3D番外 
2026-09-27 01:24:41 - mkk_pika - main.py:35 - INFO - 开始检查麻煩的大發明是否存在未下载章节
2026-09-27 01:24:42 - mkk_pika - main.py:45 - INFO - 正在下载:[麻煩的大發明]-[漢羊博士]-[['同人', '短篇', '非人類', '性轉換']]-[total_pages:18]
2026-09-27 01:24:42 - mkk_pika - main.py:49 - INFO - [{'_id': '5cffe694d9a0c1609abdb51c', 'title': '第1集', 'order': 1, 'updated_at': '2019-06-11T06:37:48.368Z', 'id': '5cffe694d9a0c1609abdb51c'}]
2026-09-27 01:24:42 - mkk_pika - database.py:215 - INFO - 第一次下载该漫画，记录数据库中
2026-09-27 01:24:42 - mkk_pika - main.py:83 - INFO - 找到 18 张图片在:第1集
2026-09-27 01:24:43 - mkk_pika - main.py:112 - INFO - [episode:第1集       ] downloaded:    18, total:  18, progress:100%
2026-09-27 01:24:43 - mkk_pika - database.py:238 - INFO - 数据库更新已下载章节
2026-09-27 01:24:43 - mkk_pika - database.py:244 - INFO - 该漫画已下载章节如下
2026-09-27 01:24:43 - mkk_pika - database.py:245 - INFO - ['第1集']
2026-09-27 01:24:45 - mkk_pika - main.py:348 - INFO - ==================== 漫画信息 ====================
                                   漫画ID：5cffe694d9a0c1609abdb51b
                                   标题：麻煩的大發明
                                   作者：漢羊博士
                                   是否完结：否
                                   总页数：18
                                   分类：同人,短篇,非人類,性轉換
                                   章节数：1
                                   最后更新时间：2019-06-11T17:36:20.474Z
                                   =================================================
2026-09-27 01:24:45 - mkk_pika - database.py:101 - INFO - 保存成功：麻煩的大發明
2026-09-27 01:24:45 - mkk_pika - main.py:35 - INFO - 开始检查(COMIC1☆15)アルビノ桜ちゃんとあまえっち是否存在未下载章节
2026-09-27 01:24:45 - mkk_pika - main.py:45 - INFO - 正在下载:[(COMIC1☆15)アルビノ桜ちゃんとあまえっち]-[Usacastle (うさ城まに)]-[['同人', '短篇', '非人類', '純愛']]-[total_pages:21]
2026-09-27 01:24:45 - mkk_pika - main.py:49 - INFO - [{'_id': '5cffe6a8d9a0c1609abdb530', 'title': '第1集', 'order': 1, 'updated_at': '2019-06-11T06:45:46.929Z', 'id': '5cffe6a8d9a0c1609abdb530'}]
2026-09-27 01:24:45 - mkk_pika - database.py:215 - INFO - 第一次下载该漫画，记录数据库中
2026-09-27 01:24:46 - mkk_pika - main.py:83 - INFO - 找到 21 张图片在:第1集
2026-09-27 01:24:47 - mkk_pika - main.py:112 - INFO - [episode:第1集       ] downloaded:    21, total:  21, progress:100%
2026-09-27 01:24:47 - mkk_pika - database.py:238 - INFO - 数据库更新已下载章节
2026-09-27 01:24:47 - mkk_pika - database.py:244 - INFO - 该漫画已下载章节如下
2026-09-27 01:24:47 - mkk_pika - database.py:245 - INFO - ['第1集']
2026-09-27 01:24:48 - mkk_pika - main.py:348 - INFO - ==================== 漫画信息 ====================
                                   漫画ID：5cffe6a8d9a0c1609abdb52f
                                   标题：(COMIC1☆15)アルビノ桜ちゃんとあまえっち
                                   作者：Usacastle (うさ城まに)
                                   是否完结：否
                                   总页数：21
                                   分类：同人,短篇,非人類,純愛
                                   章节数：1
                                   最后更新时间：2019-06-11T17:36:40.665Z
                                   =================================================
2026-09-27 01:24:48 - mkk_pika - database.py:101 - INFO - 保存成功：(COMIC1☆15)アルビノ桜ちゃんとあまえっち
2026-09-27 01:24:48 - mkk_pika - main.py:35 - INFO - 开始检查 (C88)  Sweet Day's♥ (アイドルマスター シンデレラガールズ)是否存在未下载章节
2026-09-27 01:24:49 - mkk_pika - main.py:45 - INFO - 正在下载:[ (C88)  Sweet Day's♥ (アイドルマスター シンデレラガールズ)]-[悪徳同盟 (源之助)]-[['短篇', '同人']]-[total_pages:31]
2026-09-27 01:24:49 - mkk_pika - main.py:49 - INFO - [{'_id': '5cffe6e2edba6a608d9fcdf4', 'title': '第1集', 'order': 1, 'updated_at': '2019-06-11T05:49:45.170Z', 'id': '5cffe6e2edba6a608d9fcdf4'}]
2026-09-27 01:24:49 - mkk_pika - database.py:215 - INFO - 第一次下载该漫画，记录数据库中
2026-09-27 01:24:49 - mkk_pika - main.py:83 - INFO - 找到 31 张图片在:第1集
2026-09-27 01:24:51 - mkk_pika - main.py:112 - INFO - [episode:第1集       ] downloaded:    31, total:  31, progress:100%
2026-09-27 01:24:51 - mkk_pika - database.py:238 - INFO - 数据库更新已下载章节
2026-09-27 01:24:51 - mkk_pika - database.py:244 - INFO - 该漫画已下载章节如下
2026-09-27 01:24:51 - mkk_pika - database.py:245 - INFO - ['第1集']
2026-09-27 01:24:52 - mkk_pika - main.py:348 - INFO - ==================== 漫画信息 ====================
                                   漫画ID：5cffe6e2edba6a608d9fcdf3
                                   标题： (C88)  Sweet Day's♥ (アイドルマスター シンデレラガールズ)
                                   作者：悪徳同盟 (源之助)
                                   是否完结：否
                                   总页数：31
                                   分类：短篇,同人
                                   章节数：1
                                   最后更新时间：2019-06-11T17:37:38.519Z
                                   =================================================
2026-09-27 01:24:52 - mkk_pika - database.py:101 - INFO - 保存成功： (C88)  Sweet Day's♥ (アイドルマスター シンデレラガールズ)
2026-09-27 01:24:52 - mkk_pika - main.py:35 - INFO - 开始检查Exploitation（剥削）是否存在未下载章节
2026-09-27 01:24:53 - mkk_pika - main.py:45 - INFO - 正在下载:[Exploitation（剥削）]-[高級デニムには七味をかけないで (ふてー)]-[['短篇', '非人類']]-[total_pages:46]
2026-09-27 01:24:53 - mkk_pika - main.py:49 - INFO - [{'_id': '5cffe741edba6a608d9fce42', 'title': '第1集', 'order': 1, 'updated_at': '2019-06-11T07:30:40.002Z', 'id': '5cffe741edba6a608d9fce42'}]
2026-09-27 01:24:53 - mkk_pika - database.py:215 - INFO - 第一次下载该漫画，记录数据库中
2026-09-27 01:24:54 - mkk_pika - main.py:83 - INFO - 找到 46 张图片在:第1集
2026-09-27 01:24:56 - mkk_pika - main.py:112 - INFO - [episode:第1集       ] downloaded:    46, total:  46, progress:100%
2026-09-27 01:24:56 - mkk_pika - database.py:238 - INFO - 数据库更新已下载章节
2026-09-27 01:24:56 - mkk_pika - database.py:244 - INFO - 该漫画已下载章节如下
2026-09-27 01:24:56 - mkk_pika - database.py:245 - INFO - ['第1集']
2026-09-27 01:24:57 - mkk_pika - main.py:348 - INFO - ==================== 漫画信息 ====================
                                   漫画ID：5cffe741edba6a608d9fce41
                                   标题：Exploitation（剥削）
                                   作者：高級デニムには七味をかけないで (ふてー)
                                   是否完结：否
                                   总页数：46
                                   分类：短篇,非人類
                                   章节数：1
                                   最后更新时间：2019-06-11T17:39:13.525Z
                                   =================================================
2026-09-27 01:24:57 - mkk_pika - database.py:101 - INFO - 保存成功：Exploitation（剥削）
2026-09-27 01:24:57 - mkk_pika - main.py:35 - INFO - 开始检查けもかのばなし是否存在未下载章节
2026-09-27 01:24:57 - mkk_pika - main.py:45 - INFO - 正在下载:[けもかのばなし]-[moffle (マボ)]-[['短篇', '純愛', '非人類']]-[total_pages:32]
2026-09-27 01:24:57 - mkk_pika - main.py:49 - INFO - [{'_id': '5cffe755bb69326088c1eead', 'title': '第1集', 'order': 1, 'updated_at': '2019-06-11T07:41:54.580Z', 'id': '5cffe755bb69326088c1eead'}]
2026-09-27 01:24:57 - mkk_pika - database.py:215 - INFO - 第一次下载该漫画，记录数据库中
2026-09-27 01:24:58 - mkk_pika - main.py:83 - INFO - 找到 32 张图片在:第1集
2026-09-27 01:25:00 - mkk_pika - main.py:112 - INFO - [episode:第1集       ] downloaded:    32, total:  32, progress:100%
2026-09-27 01:25:00 - mkk_pika - database.py:238 - INFO - 数据库更新已下载章节
2026-09-27 01:25:00 - mkk_pika - database.py:244 - INFO - 该漫画已下载章节如下
2026-09-27 01:25:00 - mkk_pika - database.py:245 - INFO - ['第1集']
2026-09-27 01:25:01 - mkk_pika - main.py:348 - INFO - ==================== 漫画信息 ====================
                                   漫画ID：5cffe755bb69326088c1eeac
                                   标题：けもかのばなし
                                   作者：moffle (マボ)
                                   是否完结：否
                                   总页数：32
                                   分类：短篇,純愛,非人類
                                   章节数：1
                                   最后更新时间：2019-06-11T17:39:33.075Z
                                   =================================================
2026-09-27 01:25:01 - mkk_pika - database.py:101 - INFO - 保存成功：けもかのばなし
2026-09-27 01:25:01 - mkk_pika - main.py:35 - INFO - 开始检查(秋季例大祭4) 幻想郷のHな秘密 (東方Project) [中国翻訳]是否存在未下载章节
2026-09-27 01:25:01 - mkk_pika - main.py:45 - INFO - 正在下载:[(秋季例大祭4) 幻想郷のHな秘密 (東方Project) [中国翻訳]]-[てれびさん (中枢回路)]-[['短篇', '同人', '東方']]-[total_pages:22]
2026-09-27 01:25:01 - mkk_pika - main.py:49 - INFO - [{'_id': '5cffe771d9a0c1609abdb62d', 'title': '第1集', 'order': 1, 'updated_at': '2019-06-11T08:41:06.521Z', 'id': '5cffe771d9a0c1609abdb62d'}]
2026-09-27 01:25:01 - mkk_pika - database.py:215 - INFO - 第一次下载该漫画，记录数据库中
2026-09-27 01:25:02 - mkk_pika - main.py:83 - INFO - 找到 22 张图片在:第1集
2026-09-27 01:25:03 - mkk_pika - main.py:112 - INFO - [episode:第1集       ] downloaded:    22, total:  22, progress:100%
2026-09-27 01:25:03 - mkk_pika - database.py:238 - INFO - 数据库更新已下载章节
2026-09-27 01:25:03 - mkk_pika - database.py:244 - INFO - 该漫画已下载章节如下
2026-09-27 01:25:03 - mkk_pika - database.py:245 - INFO - ['第1集']
2026-09-27 01:25:05 - mkk_pika - main.py:348 - INFO - ==================== 漫画信息 ====================
                                   漫画ID：5cffe771d9a0c1609abdb62c
                                   标题：(秋季例大祭4) 幻想郷のHな秘密 (東方Project) [中国翻訳]
                                   作者：てれびさん (中枢回路)
                                   是否完结：是
                                   总页数：22
                                   分类：短篇,同人,東方
                                   章节数：1
                                   最后更新时间：2019-06-11T17:40:01.145Z
                                   =================================================
2026-09-27 01:25:05 - mkk_pika - database.py:101 - INFO - 保存成功：(秋季例大祭4) 幻想郷のHな秘密 (東方Project) [中国翻訳]
2026-09-27 01:25:05 - mkk_pika - main.py:35 - INFO - 开始检查少女嗜好是否存在未下载章节
2026-09-27 01:25:05 - mkk_pika - main.py:45 - INFO - 正在下载:[少女嗜好]-[八的暁]-[['長篇']]-[total_pages:187]
2026-09-27 01:25:05 - mkk_pika - main.py:49 - INFO - [{'_id': '5cffe78ad9a0c1609abdb647', 'title': '第1集', 'order': 1, 'updated_at': '2019-06-11T08:39:01.480Z', 'id': '5cffe78ad9a0c1609abdb647'}]
2026-09-27 01:25:05 - mkk_pika - database.py:215 - INFO - 第一次下载该漫画，记录数据库中
2026-09-27 01:25:07 - mkk_pika - main.py:83 - INFO - 找到 187 张图片在:第1集
2026-09-27 01:25:16 - mkk_pika - main.py:112 - INFO - [episode:第1集       ] downloaded:   187, total: 187, progress:100%
2026-09-27 01:25:16 - mkk_pika - database.py:238 - INFO - 数据库更新已下载章节
2026-09-27 01:25:16 - mkk_pika - database.py:244 - INFO - 该漫画已下载章节如下
2026-09-27 01:25:16 - mkk_pika - database.py:245 - INFO - ['第1集']
2026-09-27 01:25:17 - mkk_pika - main.py:348 - INFO - ==================== 漫画信息 ====================
                                   漫画ID：5cffe78ad9a0c1609abdb646
                                   标题：少女嗜好
                                   作者：八的暁
                                   是否完结：否
                                   总页数：187
                                   分类：長篇
                                   章节数：1
                                   最后更新时间：2019-06-11T17:40:26.511Z
                                   =================================================
2026-09-27 01:25:17 - mkk_pika - database.py:101 - INFO - 保存成功：少女嗜好
2026-09-27 01:25:17 - mkk_pika - main.py:35 - INFO - 开始检查 爆乳JK逆痴漢→トイレで生パコパコ [中国翻訳] [DL版]是否存在未下载章节
2026-09-27 01:25:18 - mkk_pika - main.py:45 - INFO - 正在下载:[ 爆乳JK逆痴漢→トイレで生パコパコ [中国翻訳] [DL版]]-[かいろうどう (大木亜美)]-[['短篇']]-[total_pages:26]
2026-09-27 01:25:18 - mkk_pika - main.py:49 - INFO - [{'_id': '5cffe7a547124a60a078e686', 'title': '第1集', 'order': 1, 'updated_at': '2019-06-11T08:47:35.211Z', 'id': '5cffe7a547124a60a078e686'}]
2026-09-27 01:25:18 - mkk_pika - database.py:215 - INFO - 第一次下载该漫画，记录数据库中
2026-09-27 01:25:18 - mkk_pika - main.py:83 - INFO - 找到 26 张图片在:第1集
2026-09-27 01:25:19 - mkk_pika - main.py:112 - INFO - [episode:第1集       ] downloaded:    26, total:  26, progress:100%
2026-09-27 01:25:19 - mkk_pika - database.py:238 - INFO - 数据库更新已下载章节
2026-09-27 01:25:19 - mkk_pika - database.py:244 - INFO - 该漫画已下载章节如下
2026-09-27 01:25:19 - mkk_pika - database.py:245 - INFO - ['第1集']
2026-09-27 01:25:21 - mkk_pika - main.py:348 - INFO - ==================== 漫画信息 ====================
                                   漫画ID：5cffe7a547124a60a078e685
                                   标题： 爆乳JK逆痴漢→トイレで生パコパコ [中国翻訳] [DL版]
                                   作者：かいろうどう (大木亜美)
                                   是否完结：是
                                   总页数：26
                                   分类：短篇
                                   章节数：1
                                   最后更新时间：2019-06-11T17:40:53.581Z
                                   =================================================
2026-09-27 01:25:21 - mkk_pika - database.py:101 - INFO - 保存成功： 爆乳JK逆痴漢→トイレで生パコパコ [中国翻訳] [DL版]
2026-09-27 01:25:21 - mkk_pika - main.py:35 - INFO - 开始检查twins/双胞胎是否存在未下载章节
2026-09-27 01:25:21 - mkk_pika - main.py:45 - INFO - 正在下载:[twins/双胞胎]-[H.txt]-[['全彩', '短篇', '妹妹系', '百合花園']]-[total_pages:29]
2026-09-27 01:25:21 - mkk_pika - main.py:49 - INFO - [{'_id': '5cffe991edba6a608d9fcfd8', 'title': '第1集', 'order': 1, 'updated_at': '2019-06-11T10:36:21.040Z', 'id': '5cffe991edba6a608d9fcfd8'}]
2026-09-27 01:25:21 - mkk_pika - database.py:215 - INFO - 第一次下载该漫画，记录数据库中
2026-09-27 01:25:22 - mkk_pika - main.py:83 - INFO - 找到 29 张图片在:第1集
2026-09-27 01:25:23 - mkk_pika - main.py:112 - INFO - [episode:第1集       ] downloaded:    29, total:  29, progress:100%
2026-09-27 01:25:23 - mkk_pika - database.py:238 - INFO - 数据库更新已下载章节
2026-09-27 01:25:23 - mkk_pika - database.py:244 - INFO - 该漫画已下载章节如下
2026-09-27 01:25:23 - mkk_pika - database.py:245 - INFO - ['第1集']
2026-09-27 01:25:24 - mkk_pika - main.py:348 - INFO - ==================== 漫画信息 ====================
                                   漫画ID：5cffe991edba6a608d9fcfd7
                                   标题：twins/双胞胎
                                   作者：H.txt
                                   是否完结：是
                                   总页数：29
                                   分类：全彩,短篇,妹妹系,百合花園
                                   章节数：1
                                   最后更新时间：2019-06-11T17:49:05.374Z
                                   =================================================
2026-09-27 01:25:24 - mkk_pika - database.py:101 - INFO - 保存成功：twins/双胞胎
2026-09-27 01:25:24 - mkk_pika - main.py:35 - INFO - 开始检查精飲少女是否存在未下载章节
2026-09-27 01:25:25 - mkk_pika - main.py:45 - INFO - 正在下载:[精飲少女]-[トキサナ]-[['長篇']]-[total_pages:169]
2026-09-27 01:25:25 - mkk_pika - main.py:49 - INFO - [{'_id': '5cffe9a447124a60a078e6ec', 'title': '第1集', 'order': 1, 'updated_at': '2019-06-11T11:08:37.518Z', 'id': '5cffe9a447124a60a078e6ec'}]
2026-09-27 01:25:25 - mkk_pika - database.py:215 - INFO - 第一次下载该漫画，记录数据库中
2026-09-27 01:25:27 - mkk_pika - main.py:83 - INFO - 找到 169 张图片在:第1集
2026-09-27 01:25:35 - mkk_pika - main.py:112 - INFO - [episode:第1集       ] downloaded:   169, total: 169, progress:100%
2026-09-27 01:25:35 - mkk_pika - database.py:238 - INFO - 数据库更新已下载章节
2026-09-27 01:25:35 - mkk_pika - database.py:244 - INFO - 该漫画已下载章节如下
2026-09-27 01:25:35 - mkk_pika - database.py:245 - INFO - ['第1集']
2026-09-27 01:25:36 - mkk_pika - main.py:348 - INFO - ==================== 漫画信息 ====================
                                   漫画ID：5cffe9a447124a60a078e6eb
                                   标题：精飲少女
                                   作者：トキサナ
                                   是否完结：是
                                   总页数：169
                                   分类：長篇
                                   章节数：1
                                   最后更新时间：2019-06-11T17:49:24.411Z
                                   =================================================
2026-09-27 01:25:36 - mkk_pika - database.py:101 - INFO - 保存成功：精飲少女
2026-09-27 01:25:36 - mkk_pika - main.py:35 - INFO - 开始检查正しい交尾のススメ 正確的交尾法推薦你是否存在未下载章节
2026-09-27 01:25:37 - mkk_pika - main.py:45 - INFO - 正在下载:[正しい交尾のススメ 正確的交尾法推薦你]-[友野ヒロ]-[['長篇', '短篇', '純愛', '後宮閃光', '單行本', '姐姐系', '妹妹系', 'NTR', '人妻']]-[total_pages:209]
2026-09-27 01:25:37 - mkk_pika - main.py:49 - INFO - [{'_id': '5cffe9dfedba6a608d9fd005', 'title': '和小姨子練習交尾的單行本', 'order': 1, 'updated_at': '2019-06-11T11:44:49.861Z', 'id': '5cffe9dfedba6a608d9fd005'}]
2026-09-27 01:25:37 - mkk_pika - database.py:215 - INFO - 第一次下载该漫画，记录数据库中
2026-09-27 01:25:39 - mkk_pika - main.py:83 - INFO - 找到 209 张图片在:和小姨子練習交尾的單行本
2026-09-27 01:25:48 - mkk_pika - main.py:112 - INFO - [episode:和小姨子練習交尾的單行本] downloaded:   209, total: 209, progress:100%
2026-09-27 01:25:48 - mkk_pika - database.py:238 - INFO - 数据库更新已下载章节
2026-09-27 01:25:48 - mkk_pika - database.py:244 - INFO - 该漫画已下载章节如下
2026-09-27 01:25:48 - mkk_pika - database.py:245 - INFO - ['和小姨子練習交尾的單行本']
2026-09-27 01:25:49 - mkk_pika - main.py:348 - INFO - ==================== 漫画信息 ====================
                                   漫画ID：5cffe9dfedba6a608d9fd004
                                   标题：正しい交尾のススメ 正確的交尾法推薦你
                                   作者：友野ヒロ
                                   是否完结：是
                                   总页数：209
                                   分类：長篇,短篇,純愛,後宮閃光,單行本,姐姐系,妹妹系,NTR,人妻
                                   章节数：1
                                   最后更新时间：2019-06-11T17:50:23.431Z
                                   =================================================
2026-09-27 01:25:49 - mkk_pika - database.py:101 - INFO - 保存成功：正しい交尾のススメ 正確的交尾法推薦你
2026-09-27 01:25:49 - mkk_pika - main.py:35 - INFO - 开始检查(C93)無防備な文おねえちゃんとおとまり (東方Project)是否存在未下载章节
2026-09-27 01:25:50 - mkk_pika - main.py:45 - INFO - 正在下载:[(C93)無防備な文おねえちゃんとおとまり (東方Project)]-[あるたな (薙派)]-[['短篇', '同人', '東方', '姐姐系']]-[total_pages:35]
2026-09-27 01:25:50 - mkk_pika - main.py:49 - INFO - [{'_id': '5cffea03bb69326088c1ef4e', 'title': '第1集', 'order': 1, 'updated_at': '2019-06-11T13:26:08.191Z', 'id': '5cffea03bb69326088c1ef4e'}]
2026-09-27 01:25:50 - mkk_pika - database.py:215 - INFO - 第一次下载该漫画，记录数据库中
2026-09-27 01:25:50 - mkk_pika - main.py:83 - INFO - 找到 35 张图片在:第1集
2026-09-27 01:25:52 - mkk_pika - main.py:112 - INFO - [episode:第1集       ] downloaded:    35, total:  35, progress:100%
2026-09-27 01:25:52 - mkk_pika - database.py:238 - INFO - 数据库更新已下载章节
2026-09-27 01:25:52 - mkk_pika - database.py:244 - INFO - 该漫画已下载章节如下
2026-09-27 01:25:52 - mkk_pika - database.py:245 - INFO - ['第1集']
2026-09-27 01:25:53 - mkk_pika - main.py:348 - INFO - ==================== 漫画信息 ====================
                                   漫画ID：5cffea03bb69326088c1ef4d
                                   标题：(C93)無防備な文おねえちゃんとおとまり (東方Project)
                                   作者：あるたな (薙派)
                                   是否完结：是
                                   总页数：35
                                   分类：短篇,同人,東方,姐姐系
                                   章节数：1
                                   最后更新时间：2019-06-11T17:50:59.319Z
                                   =================================================
2026-09-27 01:25:53 - mkk_pika - database.py:101 - INFO - 保存成功：(C93)無防備な文おねえちゃんとおとまり (東方Project)
2026-09-27 01:25:53 - mkk_pika - main.py:35 - INFO - 开始检查(C83)誘惑OVERFLOW (VOCALOID)是否存在未下载章节
2026-09-27 01:25:54 - mkk_pika - main.py:45 - INFO - 正在下载:[(C83)誘惑OVERFLOW (VOCALOID)]-[回遊企画(鈴井ナルミ)]-[['短篇', '同人']]-[total_pages:25]
2026-09-27 01:25:54 - mkk_pika - main.py:49 - INFO - [{'_id': '5cffeaaad9a0c1609abdb8cf', 'title': '第1集', 'order': 1, 'updated_at': '2019-06-11T14:02:01.364Z', 'id': '5cffeaaad9a0c1609abdb8cf'}]
2026-09-27 01:25:54 - mkk_pika - database.py:215 - INFO - 第一次下载该漫画，记录数据库中
2026-09-27 01:25:54 - mkk_pika - main.py:83 - INFO - 找到 25 张图片在:第1集
2026-09-27 01:25:55 - mkk_pika - main.py:112 - INFO - [episode:第1集       ] downloaded:    25, total:  25, progress:100%
2026-09-27 01:25:55 - mkk_pika - database.py:238 - INFO - 数据库更新已下载章节
2026-09-27 01:25:55 - mkk_pika - database.py:244 - INFO - 该漫画已下载章节如下
2026-09-27 01:25:55 - mkk_pika - database.py:245 - INFO - ['第1集']
2026-09-27 01:25:57 - mkk_pika - main.py:348 - INFO - ==================== 漫画信息 ====================
                                   漫画ID：5cffeaaad9a0c1609abdb8ce
                                   标题：(C83)誘惑OVERFLOW (VOCALOID)
                                   作者：回遊企画(鈴井ナルミ)
                                   是否完结：是
                                   总页数：25
                                   分类：短篇,同人
                                   章节数：1
                                   最后更新时间：2019-06-11T17:53:46.564Z
                                   =================================================
2026-09-27 01:25:57 - mkk_pika - database.py:101 - INFO - 保存成功：(C83)誘惑OVERFLOW (VOCALOID)
2026-09-27 01:25:57 - mkk_pika - main.py:35 - INFO - 开始检查雪色 ～ユキイロ～是否存在未下载章节
2026-09-27 01:25:57 - mkk_pika - main.py:45 - INFO - 正在下载:[雪色 ～ユキイロ～]-[YuKi-IRo]-[['同人', '短篇']]-[total_pages:27]
2026-09-27 01:25:57 - mkk_pika - main.py:49 - INFO - [{'_id': '5cffeab5edba6a608d9fd0fb', 'title': '第1集', 'order': 1, 'updated_at': '2019-06-11T14:08:56.592Z', 'id': '5cffeab5edba6a608d9fd0fb'}]
2026-09-27 01:25:57 - mkk_pika - database.py:215 - INFO - 第一次下载该漫画，记录数据库中
2026-09-27 01:25:58 - mkk_pika - main.py:83 - INFO - 找到 27 张图片在:第1集
2026-09-27 01:25:59 - mkk_pika - main.py:112 - INFO - [episode:第1集       ] downloaded:    27, total:  27, progress:100%
2026-09-27 01:25:59 - mkk_pika - database.py:238 - INFO - 数据库更新已下载章节
2026-09-27 01:25:59 - mkk_pika - database.py:244 - INFO - 该漫画已下载章节如下
2026-09-27 01:25:59 - mkk_pika - database.py:245 - INFO - ['第1集']
2026-09-27 01:26:00 - mkk_pika - main.py:348 - INFO - ==================== 漫画信息 ====================
                                   漫画ID：5cffeab5edba6a608d9fd0fa
                                   标题：雪色 ～ユキイロ～
                                   作者：YuKi-IRo
                                   是否完结：否
                                   总页数：27
                                   分类：同人,短篇
                                   章节数：1
                                   最后更新时间：2019-06-11T17:53:57.431Z
                                   =================================================
2026-09-27 01:26:00 - mkk_pika - database.py:101 - INFO - 保存成功：雪色 ～ユキイロ～
2026-09-27 01:26:00 - mkk_pika - main.py:35 - INFO - 开始检查(C84) ミラクルマジックアワー (VOCALOID)是否存在未下载章节
2026-09-27 01:26:01 - mkk_pika - main.py:45 - INFO - 正在下载:[(C84) ミラクルマジックアワー (VOCALOID)]-[回遊企画(鈴井ナルミ)]-[['短篇', '同人', '純愛']]-[total_pages:28]
2026-09-27 01:26:01 - mkk_pika - main.py:49 - INFO - [{'_id': '5cffeacdbb69326088c1f07d', 'title': '第1集', 'order': 1, 'updated_at': '2019-06-11T14:26:01.598Z', 'id': '5cffeacdbb69326088c1f07d'}]
2026-09-27 01:26:01 - mkk_pika - database.py:215 - INFO - 第一次下载该漫画，记录数据库中
2026-09-27 01:26:01 - mkk_pika - main.py:83 - INFO - 找到 28 张图片在:第1集
2026-09-27 01:26:03 - mkk_pika - main.py:112 - INFO - [episode:第1集       ] downloaded:    28, total:  28, progress:100%
2026-09-27 01:26:03 - mkk_pika - database.py:238 - INFO - 数据库更新已下载章节
2026-09-27 01:26:03 - mkk_pika - database.py:244 - INFO - 该漫画已下载章节如下
2026-09-27 01:26:03 - mkk_pika - database.py:245 - INFO - ['第1集']
2026-09-27 01:26:04 - mkk_pika - main.py:348 - INFO - ==================== 漫画信息 ====================
                                   漫画ID：5cffeacdbb69326088c1f07c
                                   标题：(C84) ミラクルマジックアワー (VOCALOID)
                                   作者：回遊企画(鈴井ナルミ)
                                   是否完结：是
                                   总页数：28
                                   分类：短篇,同人,純愛
                                   章节数：1
                                   最后更新时间：2019-06-11T17:54:21.906Z
                                   =================================================
2026-09-27 01:26:04 - mkk_pika - database.py:101 - INFO - 保存成功：(C84) ミラクルマジックアワー (VOCALOID)
2026-09-27 01:26:04 - mkk_pika - main.py:35 - INFO - 开始检查セレブの棲む家是否存在未下载章节
2026-09-27 01:26:04 - mkk_pika - main.py:45 - INFO - 正在下载:[セレブの棲む家]-[飛龍乱]-[['長篇', '人妻']]-[total_pages:200]
2026-09-27 01:26:04 - mkk_pika - main.py:49 - INFO - [{'_id': '5cffeae8d9a0c1609abdb8ed', 'title': '第1集', 'order': 1, 'updated_at': '2019-06-11T14:30:36.180Z', 'id': '5cffeae8d9a0c1609abdb8ed'}]
2026-09-27 01:26:04 - mkk_pika - database.py:215 - INFO - 第一次下载该漫画，记录数据库中
2026-09-27 01:26:07 - mkk_pika - main.py:83 - INFO - 找到 200 张图片在:第1集
2026-09-27 01:26:16 - mkk_pika - main.py:112 - INFO - [episode:第1集       ] downloaded:   200, total: 200, progress:100%
2026-09-27 01:26:16 - mkk_pika - database.py:238 - INFO - 数据库更新已下载章节
2026-09-27 01:26:16 - mkk_pika - database.py:244 - INFO - 该漫画已下载章节如下
2026-09-27 01:26:16 - mkk_pika - database.py:245 - INFO - ['第1集']
2026-09-27 01:26:17 - mkk_pika - main.py:348 - INFO - ==================== 漫画信息 ====================
                                   漫画ID：5cffeae8d9a0c1609abdb8ec
                                   标题：セレブの棲む家
                                   作者：飛龍乱
                                   是否完结：是
                                   总页数：200
                                   分类：長篇,人妻
                                   章节数：1
                                   最后更新时间：2019-06-11T17:54:48.815Z
                                   =================================================
2026-09-27 01:26:17 - mkk_pika - database.py:101 - INFO - 保存成功：セレブの棲む家
2026-09-27 01:26:17 - mkk_pika - main.py:35 - INFO - 开始检查 ねとられイベ 木場静火 (実況パワフルプロ野球) [中国翻訳] [DL版]是否存在未下载章节
2026-09-27 01:26:17 - mkk_pika - main.py:45 - INFO - 正在下载:[ ねとられイベ 木場静火 (実況パワフルプロ野球) [中国翻訳] [DL版]]-[ドーシア (テラスmc)]-[['短篇', '同人', 'NTR']]-[total_pages:23]
2026-09-27 01:26:17 - mkk_pika - main.py:49 - INFO - [{'_id': '5cffeb2947124a60a078eb4e', 'title': '第1集', 'order': 1, 'updated_at': '2019-06-11T15:42:15.229Z', 'id': '5cffeb2947124a60a078eb4e'}]
2026-09-27 01:26:17 - mkk_pika - database.py:215 - INFO - 第一次下载该漫画，记录数据库中
2026-09-27 01:26:18 - mkk_pika - main.py:83 - INFO - 找到 23 张图片在:第1集
2026-09-27 01:26:19 - mkk_pika - main.py:112 - INFO - [episode:第1集       ] downloaded:    23, total:  23, progress:100%
2026-09-27 01:26:19 - mkk_pika - database.py:238 - INFO - 数据库更新已下载章节
2026-09-27 01:26:19 - mkk_pika - database.py:244 - INFO - 该漫画已下载章节如下
2026-09-27 01:26:19 - mkk_pika - database.py:245 - INFO - ['第1集']
2026-09-27 01:26:21 - mkk_pika - main.py:348 - INFO - ==================== 漫画信息 ====================
                                   漫画ID：5cffeb2947124a60a078eb4d
                                   标题： ねとられイベ 木場静火 (実況パワフルプロ野球) [中国翻訳] [DL版]
                                   作者：ドーシア (テラスmc)
                                   是否完结：是
                                   总页数：23
                                   分类：短篇,同人,NTR
                                   章节数：1
                                   最后更新时间：2019-06-11T17:55:53.983Z
                                   =================================================
2026-09-27 01:26:21 - mkk_pika - database.py:101 - INFO - 保存成功： ねとられイベ 木場静火 (実況パワフルプロ野球) [中国翻訳] [DL版]
2026-09-27 01:26:21 - mkk_pika - main.py:35 - INFO - 开始检查(例大祭16) 調教催眠優曇華院 (東方Project) [中国翻訳]是否存在未下载章节
2026-09-27 01:26:21 - mkk_pika - main.py:45 - INFO - 正在下载:[(例大祭16) 調教催眠優曇華院 (東方Project) [中国翻訳]]-[Chocolate Synapse (椎架ゆの)]-[['短篇', '同人', '非人類', '東方', '強暴']]-[total_pages:21]
2026-09-27 01:26:21 - mkk_pika - main.py:49 - INFO - [{'_id': '5cffeb5247124a60a078eb68', 'title': '第1集', 'order': 1, 'updated_at': '2019-06-11T16:22:13.047Z', 'id': '5cffeb5247124a60a078eb68'}]
2026-09-27 01:26:21 - mkk_pika - database.py:215 - INFO - 第一次下载该漫画，记录数据库中
2026-09-27 01:26:22 - mkk_pika - main.py:83 - INFO - 找到 21 张图片在:第1集
2026-09-27 01:26:23 - mkk_pika - main.py:112 - INFO - [episode:第1集       ] downloaded:    21, total:  21, progress:100%
2026-09-27 01:26:23 - mkk_pika - database.py:238 - INFO - 数据库更新已下载章节
2026-09-27 01:26:23 - mkk_pika - database.py:244 - INFO - 该漫画已下载章节如下
2026-09-27 01:26:23 - mkk_pika - database.py:245 - INFO - ['第1集']
2026-09-27 01:26:24 - mkk_pika - main.py:348 - INFO - ==================== 漫画信息 ====================
                                   漫画ID：5cffeb5247124a60a078eb67
                                   标题：(例大祭16) 調教催眠優曇華院 (東方Project) [中国翻訳]
                                   作者：Chocolate Synapse (椎架ゆの)
                                   是否完结：是
                                   总页数：21
                                   分类：短篇,同人,非人類,東方,強暴
                                   章节数：1
                                   最后更新时间：2019-06-11T17:56:34.841Z
                                   =================================================
2026-09-27 01:26:24 - mkk_pika - database.py:101 - INFO - 保存成功：(例大祭16) 調教催眠優曇華院 (東方Project) [中国翻訳]
2026-09-27 01:26:24 - mkk_pika - main.py:35 - INFO - 开始检查(C95) 久しぶりに再会した武蔵ちゃんと一晩中エッチする (Fate Grand Order)是否存在未下载章节
2026-09-27 01:26:24 - mkk_pika - main.py:45 - INFO - 正在下载:[(C95) 久しぶりに再会した武蔵ちゃんと一晩中エッチする (Fate Grand Order)]-[かるわに (らま)]-[['短篇', '同人', '純愛', 'Fate']]-[total_pages:54]
2026-09-27 01:26:24 - mkk_pika - main.py:49 - INFO - [{'_id': '5c7fae10530d734c47ce3480', 'title': '第1集', 'order': 1, 'updated_at': '2019-02-26T15:12:41.267Z', 'id': '5c7fae10530d734c47ce3480'}, {'_id': '5d007b6ebb69326088c1f228', 'title': '汉化', 'order': 2, 'updated_at': '2019-06-11T19:27:29.822Z', 'id': '5d007b6ebb69326088c1f228'}]
2026-09-27 01:26:24 - mkk_pika - database.py:215 - INFO - 第一次下载该漫画，记录数据库中
2026-09-27 01:26:25 - mkk_pika - main.py:83 - INFO - 找到 27 张图片在:第1集
2026-09-27 01:26:26 - mkk_pika - main.py:112 - INFO - [episode:第1集       ] downloaded:    27, total:  27, progress:100%
2026-09-27 01:26:26 - mkk_pika - database.py:238 - INFO - 数据库更新已下载章节
2026-09-27 01:26:26 - mkk_pika - database.py:244 - INFO - 该漫画已下载章节如下
2026-09-27 01:26:26 - mkk_pika - database.py:245 - INFO - ['第1集']
2026-09-27 01:26:28 - mkk_pika - main.py:83 - INFO - 找到 27 张图片在:汉化
2026-09-27 01:26:29 - mkk_pika - main.py:112 - INFO - [episode:汉化        ] downloaded:    27, total:  27, progress:100%
2026-09-27 01:26:29 - mkk_pika - database.py:238 - INFO - 数据库更新已下载章节
2026-09-27 01:26:29 - mkk_pika - database.py:244 - INFO - 该漫画已下载章节如下
2026-09-27 01:26:29 - mkk_pika - database.py:245 - INFO - ['第1集', '汉化']
2026-09-27 01:26:30 - mkk_pika - main.py:348 - INFO - ==================== 漫画信息 ====================
                                   漫画ID：5c7fae10530d734c47ce347f
                                   标题：(C95) 久しぶりに再会した武蔵ちゃんと一晩中エッチする (Fate Grand Order)
                                   作者：かるわに (らま)
                                   是否完结：是
                                   总页数：54
                                   分类：短篇,同人,純愛,Fate
                                   章节数：2
                                   最后更新时间：2019-06-12T04:11:26.063Z
                                   =================================================
2026-09-27 01:26:30 - mkk_pika - database.py:101 - INFO - 保存成功：(C95) 久しぶりに再会した武蔵ちゃんと一晩中エッチする (Fate Grand Order)
2026-09-27 01:26:30 - mkk_pika - main.py:35 - INFO - 开始检查(COMIC1☆15)  ツマミグイ (Fate/stay night)是否存在未下载章节
2026-09-27 01:26:30 - mkk_pika - main.py:45 - INFO - 正在下载:[(COMIC1☆15)  ツマミグイ (Fate/stay night)]-[破壊大帝国 (破壊大帝)]-[['短篇', '同人', '純愛', 'Fate']]-[total_pages:36]
2026-09-27 01:26:30 - mkk_pika - main.py:49 - INFO - [{'_id': '5cfcc51d01e1a1295697e64c', 'title': '第1集', 'order': 1, 'updated_at': '2019-06-03T14:18:17.391Z', 'id': '5cfcc51d01e1a1295697e64c'}, {'_id': '5d007b8f47124a60a078ecb6', 'title': '汉化', 'order': 2, 'updated_at': '2019-06-11T19:32:33.292Z', 'id': '5d007b8f47124a60a078ecb6'}]
2026-09-27 01:26:30 - mkk_pika - database.py:215 - INFO - 第一次下载该漫画，记录数据库中
2026-09-27 01:26:31 - mkk_pika - main.py:83 - INFO - 找到 18 张图片在:第1集
2026-09-27 01:26:32 - mkk_pika - main.py:112 - INFO - [episode:第1集       ] downloaded:    18, total:  18, progress:100%
2026-09-27 01:26:32 - mkk_pika - database.py:238 - INFO - 数据库更新已下载章节
2026-09-27 01:26:32 - mkk_pika - database.py:244 - INFO - 该漫画已下载章节如下
2026-09-27 01:26:32 - mkk_pika - database.py:245 - INFO - ['第1集']
2026-09-27 01:26:34 - mkk_pika - main.py:83 - INFO - 找到 18 张图片在:汉化
2026-09-27 01:26:35 - mkk_pika - main.py:112 - INFO - [episode:汉化        ] downloaded:    18, total:  18, progress:100%
2026-09-27 01:26:35 - mkk_pika - database.py:238 - INFO - 数据库更新已下载章节
2026-09-27 01:26:35 - mkk_pika - database.py:244 - INFO - 该漫画已下载章节如下
2026-09-27 01:26:35 - mkk_pika - database.py:245 - INFO - ['第1集', '汉化']
2026-09-27 01:26:36 - mkk_pika - main.py:348 - INFO - ==================== 漫画信息 ====================
                                   漫画ID：5cfcc51d01e1a1295697e64b
                                   标题：(COMIC1☆15)  ツマミグイ (Fate/stay night)
                                   作者：破壊大帝国 (破壊大帝)
                                   是否完结：是
                                   总页数：36
                                   分类：短篇,同人,純愛,Fate
                                   章节数：2
                                   最后更新时间：2019-06-12T04:11:59.424Z
                                   =================================================
2026-09-27 01:26:36 - mkk_pika - database.py:101 - INFO - 保存成功：(COMIC1☆15)  ツマミグイ (Fate/stay night)
2026-09-27 01:26:36 - mkk_pika - main.py:35 - INFO - 开始检查(C85)ANGEL ALIVE（VOCALOID）是否存在未下载章节
2026-09-27 01:26:37 - mkk_pika - main.py:45 - INFO - 正在下载:[(C85)ANGEL ALIVE（VOCALOID）]-[回遊企画(鈴井ナルミ)]-[['同人', '短篇', '純愛']]-[total_pages:26]
2026-09-27 01:26:37 - mkk_pika - main.py:49 - INFO - [{'_id': '5d007bd6edba6a608d9fd5c8', 'title': '第1集', 'order': 1, 'updated_at': '2019-06-12T00:11:47.384Z', 'id': '5d007bd6edba6a608d9fd5c8'}]
2026-09-27 01:26:37 - mkk_pika - database.py:215 - INFO - 第一次下载该漫画，记录数据库中
2026-09-27 01:26:37 - mkk_pika - main.py:83 - INFO - 找到 26 张图片在:第1集
2026-09-27 01:26:38 - mkk_pika - main.py:112 - INFO - [episode:第1集       ] downloaded:    26, total:  26, progress:100%
2026-09-27 01:26:38 - mkk_pika - database.py:238 - INFO - 数据库更新已下载章节
2026-09-27 01:26:38 - mkk_pika - database.py:244 - INFO - 该漫画已下载章节如下
2026-09-27 01:26:38 - mkk_pika - database.py:245 - INFO - ['第1集']
2026-09-27 01:26:40 - mkk_pika - main.py:348 - INFO - ==================== 漫画信息 ====================
                                   漫画ID：5d007bd6edba6a608d9fd5c7
                                   标题：(C85)ANGEL ALIVE（VOCALOID）
                                   作者：回遊企画(鈴井ナルミ)
                                   是否完结：是
                                   总页数：26
                                   分类：同人,短篇,純愛
                                   章节数：1
                                   最后更新时间：2019-06-12T04:13:10.451Z
                                   =================================================
2026-09-27 01:26:40 - mkk_pika - database.py:101 - INFO - 保存成功：(C85)ANGEL ALIVE（VOCALOID）
2026-09-27 01:26:40 - mkk_pika - main.py:35 - INFO - 开始检查(C81) 39 for WAITING (VOCALOID)是否存在未下载章节
2026-09-27 01:26:40 - mkk_pika - main.py:45 - INFO - 正在下载:[(C81) 39 for WAITING (VOCALOID)]-[回遊企画(鈴井ナルミ)]-[['同人', '純愛', '短篇']]-[total_pages:27]
2026-09-27 01:26:40 - mkk_pika - main.py:49 - INFO - [{'_id': '5d007be7edba6a608d9fd5e4', 'title': '第1集', 'order': 1, 'updated_at': '2019-06-12T00:18:37.478Z', 'id': '5d007be7edba6a608d9fd5e4'}]
2026-09-27 01:26:40 - mkk_pika - database.py:215 - INFO - 第一次下载该漫画，记录数据库中
2026-09-27 01:26:41 - mkk_pika - main.py:83 - INFO - 找到 27 张图片在:第1集
2026-09-27 01:26:42 - mkk_pika - main.py:112 - INFO - [episode:第1集       ] downloaded:    27, total:  27, progress:100%
2026-09-27 01:26:42 - mkk_pika - database.py:238 - INFO - 数据库更新已下载章节
2026-09-27 01:26:42 - mkk_pika - database.py:244 - INFO - 该漫画已下载章节如下
2026-09-27 01:26:42 - mkk_pika - database.py:245 - INFO - ['第1集']
2026-09-27 01:26:43 - mkk_pika - main.py:348 - INFO - ==================== 漫画信息 ====================
                                   漫画ID：5d007be7edba6a608d9fd5e3
                                   标题：(C81) 39 for WAITING (VOCALOID)
                                   作者：回遊企画(鈴井ナルミ)
                                   是否完结：是
                                   总页数：27
                                   分类：同人,純愛,短篇
                                   章节数：1
                                   最后更新时间：2019-06-12T04:13:27.309Z
                                   =================================================
2026-09-27 01:26:43 - mkk_pika - database.py:101 - INFO - 保存成功：(C81) 39 for WAITING (VOCALOID)
2026-09-27 01:26:43 - mkk_pika - main.py:35 - INFO - 开始检查(こみトレ32)催眠能力で淫らなパコハメ性活～発情したイジメッ娘とおねだりSEX～是否存在未下载章节
2026-09-27 01:26:44 - mkk_pika - main.py:45 - INFO - 正在下载:[(こみトレ32)催眠能力で淫らなパコハメ性活～発情したイジメッ娘とおねだりSEX～]-[やまなし娘。 (シツジ、さわやか鮫肌)]-[['短篇', '同人', '全彩']]-[total_pages:29]
2026-09-27 01:26:44 - mkk_pika - main.py:49 - INFO - [{'_id': '5d0082afedba6a608d9fd698', 'title': '第1集', 'order': 1, 'updated_at': '2019-06-12T02:56:42.875Z', 'id': '5d0082afedba6a608d9fd698'}]
2026-09-27 01:26:44 - mkk_pika - database.py:215 - INFO - 第一次下载该漫画，记录数据库中
2026-09-27 01:26:44 - mkk_pika - main.py:83 - INFO - 找到 29 张图片在:第1集
2026-09-27 01:26:46 - mkk_pika - main.py:112 - INFO - [episode:第1集       ] downloaded:    29, total:  29, progress:100%
2026-09-27 01:26:46 - mkk_pika - database.py:238 - INFO - 数据库更新已下载章节
2026-09-27 01:26:46 - mkk_pika - database.py:244 - INFO - 该漫画已下载章节如下
2026-09-27 01:26:46 - mkk_pika - database.py:245 - INFO - ['第1集']
2026-09-27 01:26:47 - mkk_pika - main.py:348 - INFO - ==================== 漫画信息 ====================
                                   漫画ID：5d0082afedba6a608d9fd697
                                   标题：(こみトレ32)催眠能力で淫らなパコハメ性活～発情したイジメッ娘とおねだりSEX～
                                   作者：やまなし娘。 (シツジ、さわやか鮫肌)
                                   是否完结：否
                                   总页数：29
                                   分类：短篇,同人,全彩
                                   章节数：1
                                   最后更新时间：2019-06-12T04:42:23.214Z
                                   =================================================
2026-09-27 01:26:47 - mkk_pika - database.py:101 - INFO - 保存成功：(こみトレ32)催眠能力で淫らなパコハメ性活～発情したイジメッ娘とおねだりSEX～
2026-09-27 01:26:47 - mkk_pika - main.py:35 - INFO - 开始检查 (サンクリ2015 Winter) 大鳳ちゃんとこたつみかん (艦隊これくしょん -艦これ-)是否存在未下载章节
2026-09-27 01:26:48 - mkk_pika - main.py:45 - INFO - 正在下载:[ (サンクリ2015 Winter) 大鳳ちゃんとこたつみかん (艦隊これくしょん -艦これ-)]-[守月史貴]-[['短篇', '同人', '純愛', '艦隊收藏']]-[total_pages:28]
2026-09-27 01:26:48 - mkk_pika - main.py:49 - INFO - [{'_id': '5d0100ff6189352ac7700573', 'title': '第1集', 'order': 1, 'updated_at': '2019-06-12T06:43:23.252Z', 'id': '5d0100ff6189352ac7700573'}]
2026-09-27 01:26:48 - mkk_pika - database.py:215 - INFO - 第一次下载该漫画，记录数据库中
2026-09-27 01:26:48 - mkk_pika - main.py:83 - INFO - 找到 28 张图片在:第1集
2026-09-27 01:26:50 - mkk_pika - main.py:112 - INFO - [episode:第1集       ] downloaded:    28, total:  28, progress:100%
2026-09-27 01:26:50 - mkk_pika - database.py:238 - INFO - 数据库更新已下载章节
2026-09-27 01:26:50 - mkk_pika - database.py:244 - INFO - 该漫画已下载章节如下
2026-09-27 01:26:50 - mkk_pika - database.py:245 - INFO - ['第1集']
2026-09-27 01:26:51 - mkk_pika - main.py:348 - INFO - ==================== 漫画信息 ====================
                                   漫画ID：5d0100ff6189352ac7700572
                                   标题： (サンクリ2015 Winter) 大鳳ちゃんとこたつみかん (艦隊これくしょん -艦これ-)
                                   作者：守月史貴
                                   是否完结：是
                                   总页数：28
                                   分类：短篇,同人,純愛,艦隊收藏
                                   章节数：1
                                   最后更新时间：2019-06-12T13:41:19.983Z
                                   =================================================
2026-09-27 01:26:51 - mkk_pika - database.py:101 - INFO - 保存成功： (サンクリ2015 Winter) 大鳳ちゃんとこたつみかん (艦隊これくしょん -艦これ-)
2026-09-27 01:26:51 - mkk_pika - main.py:35 - INFO - 开始检查(C85)  古明地あんあん (東方Project)是否存在未下载章节
2026-09-27 01:26:51 - mkk_pika - main.py:45 - INFO - 正在下载:[(C85)  古明地あんあん (東方Project)]-[出席番号26 (にろ)]-[['全彩', '同人', '短篇', '東方']]-[total_pages:25]
2026-09-27 01:26:51 - mkk_pika - main.py:49 - INFO - [{'_id': '5d0101af6189352ac77005cf', 'title': '第1集', 'order': 1, 'updated_at': '2019-06-12T07:25:24.229Z', 'id': '5d0101af6189352ac77005cf'}]
2026-09-27 01:26:51 - mkk_pika - database.py:215 - INFO - 第一次下载该漫画，记录数据库中
2026-09-27 01:26:52 - mkk_pika - main.py:83 - INFO - 找到 25 张图片在:第1集
2026-09-27 01:26:53 - mkk_pika - main.py:112 - INFO - [episode:第1集       ] downloaded:    25, total:  25, progress:100%
2026-09-27 01:26:53 - mkk_pika - database.py:238 - INFO - 数据库更新已下载章节
2026-09-27 01:26:53 - mkk_pika - database.py:244 - INFO - 该漫画已下载章节如下
2026-09-27 01:26:53 - mkk_pika - database.py:245 - INFO - ['第1集']
2026-09-27 01:26:54 - mkk_pika - main.py:348 - INFO - ==================== 漫画信息 ====================
                                   漫画ID：5d0101af6189352ac77005ce
                                   标题：(C85)  古明地あんあん (東方Project)
                                   作者：出席番号26 (にろ)
                                   是否完结：否
                                   总页数：25
                                   分类：全彩,同人,短篇,東方
                                   章节数：1
                                   最后更新时间：2019-06-12T13:44:15.217Z
                                   =================================================
2026-09-27 01:26:54 - mkk_pika - database.py:101 - INFO - 保存成功：(C85)  古明地あんあん (東方Project)
2026-09-27 01:26:54 - mkk_pika - main.py:380 - INFO - 本次任务下载完毕
2026-09-27 01:26:55 - mkk_pika - database.py:173 - INFO - 数据库连接已关闭
