2026-08-14 23:31:32 - mkk_pika - main.py:193 - INFO - =======================================================================
2026-08-14 23:31:32 - mkk_pika - database.py:61 - INFO - 表和索引初始化成功
2026-08-14 23:31:32 - mkk_pika - main.py:197 - INFO - 已经累计下载18778本漫画
2026-08-14 23:31:32 - mkk_pika - api.py:87 - INFO - 登录成功
2026-08-14 23:31:33 - mkk_pika - main.py:203 - INFO - 收藏夹共计0本漫画
2026-08-14 23:31:33 - mkk_pika - main.py:206 - INFO - 开始下载收藏夹内未下载内容
2026-08-14 23:31:33 - mkk_pika - main.py:266 - INFO - 收藏夹内容下载完毕
2026-08-14 23:31:33 - mkk_pika - main.py:268 - INFO - 开始下载订阅内容
2026-08-14 23:31:33 - mkk_pika - database.py:258 - INFO - 根据ID查询到标题：萝莉 -> ちっちゃなエルフママ ~低身長エルフと禁断の母子生活 | 小小只萝莉妈妈 ~跟小矮个精灵之间禁断的母子生活(合集)
2026-08-14 23:31:34 - mkk_pika - database.py:101 - INFO - 保存成功：HOW to Use the Dolls of the ELmo
2026-08-14 23:31:34 - mkk_pika - main.py:273 - INFO - 关键词萝莉找到1本漫画
2026-08-14 23:31:34 - mkk_pika - database.py:258 - INFO - 根据ID查询到标题：蘿莉 -> 地元民だけが入れる温泉
2026-08-14 23:31:34 - mkk_pika - database.py:101 - INFO - 保存成功：Artist - maosam（AI）
2026-08-14 23:31:34 - mkk_pika - main.py:273 - INFO - 关键词蘿莉找到6本漫画
2026-08-14 23:31:34 - mkk_pika - main.py:275 - INFO - 订阅内容共计7本漫画
2026-08-14 23:31:34 - mkk_pika - main.py:35 - INFO - 开始检查I am not you！〜尤藍が入れ替わる話〜 | 蓝，I am not 尤！~尤蓝身体交换的故事~是否存在未下载章节
2026-08-14 23:31:35 - mkk_pika - main.py:45 - INFO - 正在下载:[I am not you！〜尤藍が入れ替わる話〜 | 蓝，I am not 尤！~尤蓝身体交换的故事~]-[にゃんとかしたい (にゃん)]-[['短篇', '東方']]-[total_pages:-1]
2026-08-14 23:31:35 - mkk_pika - main.py:49 - INFO - [{'_id': '6a7f64bd1af8f3308d1e41ec', 'title': '第1話', 'order': 1, 'updated_at': '2026-08-12T17:17:11.905Z', 'id': '6a7f64bd1af8f3308d1e41ec'}]
2026-08-14 23:31:35 - mkk_pika - database.py:215 - INFO - 第一次下载该漫画，记录数据库中
2026-08-14 23:31:36 - mkk_pika - main.py:83 - INFO - 找到 49 张图片在:第1話
2026-08-14 23:31:39 - mkk_pika - main.py:112 - INFO - [episode:第1話       ] downloaded:    49, total:  49, progress:100%
2026-08-14 23:31:39 - mkk_pika - database.py:238 - INFO - 数据库更新已下载章节
2026-08-14 23:31:39 - mkk_pika - database.py:244 - INFO - 该漫画已下载章节如下
2026-08-14 23:31:39 - mkk_pika - database.py:245 - INFO - ['第1話']
2026-08-14 23:31:40 - mkk_pika - main.py:292 - INFO - ==================== 漫画信息 ====================
                                漫画ID：6a7f64bd1af8f3308d1e41eb
                                标题：I am not you！〜尤藍が入れ替わる話〜 | 蓝，I am not 尤！~尤蓝身体交换的故事~
                                作者：にゃんとかしたい (にゃん)
                                是否完结：是
                                总页数：49
                                分类：短篇,東方
                                章节数：1
                                最后更新时间：2026-08-14T18:55:57.327Z
                                =================================================
2026-08-14 23:31:40 - mkk_pika - database.py:101 - INFO - 保存成功：I am not you！〜尤藍が入れ替わる話〜 | 蓝，I am not 尤！~尤蓝身体交换的故事~
2026-08-14 23:31:40 - mkk_pika - main.py:35 - INFO - 开始检查自慰復讐是否存在未下载章节
2026-08-14 23:31:41 - mkk_pika - main.py:45 - INFO - 正在下载:[自慰復讐]-[Tera Stellar (mei)]-[['長篇']]-[total_pages:-1]
2026-08-14 23:31:41 - mkk_pika - main.py:49 - INFO - [{'_id': '63c57806153f2820bb9dbbc5', 'title': '第1話（種豚経営）', 'order': 1, 'updated_at': '2023-08-27T15:38:18.150Z', 'id': '63c57806153f2820bb9dbbc5'}, {'_id': '64eb6dea19931c2a527c9239', 'title': '第1話（山樱汉化）', 'order': 2, 'updated_at': '2023-08-27T14:28:33.072Z', 'id': '64eb6dea19931c2a527c9239'}, {'_id': '64bc068fba20f96dc895e745', 'title': '第2話（種豚経営）', 'order': 3, 'updated_at': '2023-09-10T17:05:27.980Z', 'id': '64bc068fba20f96dc895e745'}, {'_id': '64fdf757a69a443690b82d8b', 'title': '第2話（山樱汉化）', 'order': 4, 'updated_at': '2023-09-10T15:59:24.297Z', 'id': '64fdf757a69a443690b82d8b'}, {'_id': '66686d26a749d1695239c996', 'title': '第3話（山樱汉化）', 'order': 5, 'updated_at': '2024-06-10T16:07:32.436Z', 'id': '66686d26a749d1695239c996'}, {'_id': '6a7f660335142330bd6ca3cb', 'title': '第4話（一匙咖啡豆汉化组）', 'order': 6, 'updated_at': '2026-08-14T11:17:13.001Z', 'id': '6a7f660335142330bd6ca3cb'}]
2026-08-14 23:31:41 - mkk_pika - database.py:215 - INFO - 第一次下载该漫画，记录数据库中
2026-08-14 23:31:41 - mkk_pika - main.py:83 - INFO - 找到 10 张图片在:第1話（種豚経営）
2026-08-14 23:31:42 - mkk_pika - main.py:112 - INFO - [episode:第1話（種豚経営） ] downloaded:    10, total:  10, progress:100%
2026-08-14 23:31:42 - mkk_pika - database.py:238 - INFO - 数据库更新已下载章节
2026-08-14 23:31:42 - mkk_pika - database.py:244 - INFO - 该漫画已下载章节如下
2026-08-14 23:31:42 - mkk_pika - database.py:245 - INFO - ['第1話（種豚経営）']
2026-08-14 23:31:43 - mkk_pika - main.py:83 - INFO - 找到 12 张图片在:第1話（山樱汉化）
2026-08-14 23:31:44 - mkk_pika - main.py:112 - INFO - [episode:第1話（山樱汉化） ] downloaded:    12, total:  12, progress:100%
2026-08-14 23:31:44 - mkk_pika - database.py:238 - INFO - 数据库更新已下载章节
2026-08-14 23:31:44 - mkk_pika - database.py:244 - INFO - 该漫画已下载章节如下
2026-08-14 23:31:44 - mkk_pika - database.py:245 - INFO - ['第1話（種豚経営）', '第1話（山樱汉化）']
2026-08-14 23:31:45 - mkk_pika - main.py:83 - INFO - 找到 20 张图片在:第2話（種豚経営）
2026-08-14 23:31:47 - mkk_pika - main.py:112 - INFO - [episode:第2話（種豚経営） ] downloaded:    20, total:  20, progress:100%
2026-08-14 23:31:47 - mkk_pika - database.py:238 - INFO - 数据库更新已下载章节
2026-08-14 23:31:47 - mkk_pika - database.py:244 - INFO - 该漫画已下载章节如下
2026-08-14 23:31:47 - mkk_pika - database.py:245 - INFO - ['第1話（種豚経営）', '第1話（山樱汉化）', '第2話（種豚経営）']
2026-08-14 23:31:48 - mkk_pika - main.py:83 - INFO - 找到 22 张图片在:第2話（山樱汉化）
2026-08-14 23:31:49 - mkk_pika - main.py:112 - INFO - [episode:第2話（山樱汉化） ] downloaded:    22, total:  22, progress:100%
2026-08-14 23:31:49 - mkk_pika - database.py:238 - INFO - 数据库更新已下载章节
2026-08-14 23:31:49 - mkk_pika - database.py:244 - INFO - 该漫画已下载章节如下
2026-08-14 23:31:49 - mkk_pika - database.py:245 - INFO - ['第1話（種豚経営）', '第1話（山樱汉化）', '第2話（種豚経営）', '第2話（山樱汉化）']
2026-08-14 23:31:51 - mkk_pika - main.py:83 - INFO - 找到 24 张图片在:第3話（山樱汉化）
2026-08-14 23:31:52 - mkk_pika - main.py:112 - INFO - [episode:第3話（山樱汉化） ] downloaded:    24, total:  24, progress:100%
2026-08-14 23:31:52 - mkk_pika - database.py:238 - INFO - 数据库更新已下载章节
2026-08-14 23:31:52 - mkk_pika - database.py:244 - INFO - 该漫画已下载章节如下
2026-08-14 23:31:52 - mkk_pika - database.py:245 - INFO - ['第1話（種豚経営）', '第1話（山樱汉化）', '第2話（種豚経営）', '第2話（山樱汉化）', '第3話（山樱汉化）']
2026-08-14 23:31:53 - mkk_pika - main.py:83 - INFO - 找到 31 张图片在:第4話（一匙咖啡豆汉化组）
2026-08-14 23:31:55 - mkk_pika - main.py:112 - INFO - [episode:第4話（一匙咖啡豆汉化组）] downloaded:    31, total:  31, progress:100%
2026-08-14 23:31:55 - mkk_pika - database.py:238 - INFO - 数据库更新已下载章节
2026-08-14 23:31:55 - mkk_pika - database.py:244 - INFO - 该漫画已下载章节如下
2026-08-14 23:31:55 - mkk_pika - database.py:245 - INFO - ['第1話（種豚経営）', '第1話（山樱汉化）', '第2話（種豚経営）', '第2話（山樱汉化）', '第3話（山樱汉化）', '第4話（一匙咖啡豆汉化组）']
2026-08-14 23:31:56 - mkk_pika - main.py:292 - INFO - ==================== 漫画信息 ====================
                                漫画ID：63c57806153f2820bb9dbbc4
                                标题：自慰復讐
                                作者：Tera Stellar (mei)
                                是否完结：否
                                总页数：119
                                分类：長篇
                                章节数：6
                                最后更新时间：2026-08-14T19:01:23.193Z
                                =================================================
2026-08-14 23:31:56 - mkk_pika - database.py:101 - INFO - 保存成功：自慰復讐
2026-08-14 23:31:56 - mkk_pika - main.py:35 - INFO - 开始检查しょうびっち [DL版][中国翻译][進行中]是否存在未下载章节
2026-08-14 23:31:56 - mkk_pika - main.py:45 - INFO - 正在下载:[しょうびっち [DL版][中国翻译][進行中]]-[さらだ]-[['長篇', '單行本', '妹妹系']]-[total_pages:-1]
2026-08-14 23:31:56 - mkk_pika - main.py:49 - INFO - [{'_id': '62c84278b3b0a812db28afc5', 'title': '生肉', 'order': 1, 'updated_at': '2022-07-07T15:40:21.811Z', 'id': '62c84278b3b0a812db28afc5'}, {'_id': '6a7f65f01af8f3308d1e498c', 'title': '第1話6月12日（土）', 'order': 2, 'updated_at': '2026-08-14T10:33:17.787Z', 'id': '6a7f65f01af8f3308d1e498c'}, {'_id': '6a7f65f01af8f3308d1e498d', 'title': '第2+3話もっと知りたい1-2', 'order': 3, 'updated_at': '2026-08-14T10:02:21.794Z', 'id': '6a7f65f01af8f3308d1e498d'}, {'_id': '6a7f65f01af8f3308d1e498e', 'title': '第4話日常の中のフラグ', 'order': 4, 'updated_at': '2026-08-14T10:03:00.178Z', 'id': '6a7f65f01af8f3308d1e498e'}]
2026-08-14 23:31:56 - mkk_pika - database.py:215 - INFO - 第一次下载该漫画，记录数据库中
2026-08-14 23:31:58 - mkk_pika - main.py:83 - INFO - 找到 210 张图片在:生肉
2026-08-14 23:32:10 - mkk_pika - main.py:112 - INFO - [episode:生肉        ] downloaded:   210, total: 210, progress:100%
2026-08-14 23:32:10 - mkk_pika - database.py:238 - INFO - 数据库更新已下载章节
2026-08-14 23:32:10 - mkk_pika - database.py:244 - INFO - 该漫画已下载章节如下
2026-08-14 23:32:10 - mkk_pika - database.py:245 - INFO - ['生肉']
2026-08-14 23:32:12 - mkk_pika - main.py:83 - INFO - 找到 28 张图片在:第1話6月12日（土）
2026-08-14 23:32:13 - mkk_pika - main.py:112 - INFO - [episode:第1話6月12日（土）] downloaded:    28, total:  28, progress:100%
2026-08-14 23:32:13 - mkk_pika - database.py:238 - INFO - 数据库更新已下载章节
2026-08-14 23:32:13 - mkk_pika - database.py:244 - INFO - 该漫画已下载章节如下
2026-08-14 23:32:13 - mkk_pika - database.py:245 - INFO - ['生肉', '第1話6月12日（土）']
2026-08-14 23:32:15 - mkk_pika - main.py:83 - INFO - 找到 50 张图片在:第2+3話もっと知りたい1－2
2026-08-14 23:32:18 - mkk_pika - main.py:112 - INFO - [episode:第2+3話もっと知りたい1-2] downloaded:    50, total:  50, progress:100%
2026-08-14 23:32:18 - mkk_pika - database.py:238 - INFO - 数据库更新已下载章节
2026-08-14 23:32:18 - mkk_pika - database.py:244 - INFO - 该漫画已下载章节如下
2026-08-14 23:32:18 - mkk_pika - database.py:245 - INFO - ['生肉', '第1話6月12日（土）', '第2+3話もっと知りたい1-2']
2026-08-14 23:32:20 - mkk_pika - main.py:83 - INFO - 找到 30 张图片在:第4話日常の中のフラグ
2026-08-14 23:32:21 - mkk_pika - main.py:112 - INFO - [episode:第4話日常の中のフラグ] downloaded:    30, total:  30, progress:100%
2026-08-14 23:32:21 - mkk_pika - database.py:238 - INFO - 数据库更新已下载章节
2026-08-14 23:32:21 - mkk_pika - database.py:244 - INFO - 该漫画已下载章节如下
2026-08-14 23:32:21 - mkk_pika - database.py:245 - INFO - ['生肉', '第1話6月12日（土）', '第2+3話もっと知りたい1-2', '第4話日常の中のフラグ']
2026-08-14 23:32:23 - mkk_pika - main.py:292 - INFO - ==================== 漫画信息 ====================
                                漫画ID：62c84278b3b0a812db28afc4
                                标题：しょうびっち [DL版][中国翻译][進行中]
                                作者：さらだ
                                是否完结：否
                                总页数：318
                                分类：長篇,單行本,妹妹系
                                章节数：4
                                最后更新时间：2026-08-14T19:01:04.750Z
                                =================================================
2026-08-14 23:32:23 - mkk_pika - database.py:101 - INFO - 保存成功：しょうびっち [DL版][中国翻译][進行中]
2026-08-14 23:32:23 - mkk_pika - main.py:35 - INFO - 开始检查大事な娘を送り出した。是否存在未下载章节
2026-08-14 23:32:23 - mkk_pika - database.py:203 - INFO - 查询数据库中是否已存在第1話
2026-08-14 23:32:23 - mkk_pika - main.py:51 - INFO - 大事な娘を送り出した。中没有可下载章节
2026-08-14 23:32:24 - mkk_pika - main.py:292 - INFO - ==================== 漫画信息 ====================
                                漫画ID：6a7b65c6be2816074344d54c
                                标题：大事な娘を送り出した。
                                作者：無糖クリニック (610cc)
                                是否完结：是
                                总页数：38
                                分类：短篇
                                章节数：1
                                最后更新时间：2026-08-11T18:11:18.803Z
                                =================================================
2026-08-14 23:32:24 - mkk_pika - database.py:101 - INFO - 保存成功：大事な娘を送り出した。
2026-08-14 23:32:24 - mkk_pika - main.py:35 - INFO - 开始检查こんなJSもいるから教師のわいせつなニュースが後を絶えない | 正因为有这样的js存在关于教师猥亵的新闻才不会这样层出不穷的啊是否存在未下载章节
2026-08-14 23:32:24 - mkk_pika - main.py:45 - INFO - 正在下载:[こんなJSもいるから教師のわいせつなニュースが後を絶えない | 正因为有这样的js存在关于教师猥亵的新闻才不会这样层出不穷的啊]-[Azure (かごのとり)]-[['短篇']]-[total_pages:-1]
2026-08-14 23:32:24 - mkk_pika - main.py:49 - INFO - [{'_id': '6a7f640a35142330bd6ca194', 'title': '第1話', 'order': 1, 'updated_at': '2026-08-13T13:58:24.151Z', 'id': '6a7f640a35142330bd6ca194'}]
2026-08-14 23:32:24 - mkk_pika - database.py:215 - INFO - 第一次下载该漫画，记录数据库中
2026-08-14 23:32:25 - mkk_pika - main.py:83 - INFO - 找到 30 张图片在:第1話
2026-08-14 23:32:26 - mkk_pika - main.py:112 - INFO - [episode:第1話       ] downloaded:    30, total:  30, progress:100%
2026-08-14 23:32:26 - mkk_pika - database.py:238 - INFO - 数据库更新已下载章节
2026-08-14 23:32:26 - mkk_pika - database.py:244 - INFO - 该漫画已下载章节如下
2026-08-14 23:32:26 - mkk_pika - database.py:245 - INFO - ['第1話']
2026-08-14 23:32:27 - mkk_pika - main.py:292 - INFO - ==================== 漫画信息 ====================
                                漫画ID：6a7f640a35142330bd6ca193
                                标题：こんなJSもいるから教師のわいせつなニュースが後を絶えない | 正因为有这样的js存在关于教师猥亵的新闻才不会这样层出不穷的啊
                                作者：Azure (かごのとり)
                                是否完结：是
                                总页数：30
                                分类：短篇
                                章节数：1
                                最后更新时间：2026-08-14T18:52:58.468Z
                                =================================================
2026-08-14 23:32:27 - mkk_pika - database.py:101 - INFO - 保存成功：こんなJSもいるから教師のわいせつなニュースが後を絶えない | 正因为有这样的js存在关于教师猥亵的新闻才不会这样层出不穷的啊
2026-08-14 23:32:27 - mkk_pika - main.py:35 - INFO - 开始检查夏と兄と妹是否存在未下载章节
2026-08-14 23:32:28 - mkk_pika - main.py:45 - INFO - 正在下载:[夏と兄と妹]-[たまちゆき]-[['短篇', '妹妹系']]-[total_pages:-1]
2026-08-14 23:32:28 - mkk_pika - main.py:49 - INFO - [{'_id': '6a7f63f4911fbf0872a9bd2c', 'title': '第1話', 'order': 1, 'updated_at': '2026-08-13T12:36:11.344Z', 'id': '6a7f63f4911fbf0872a9bd2c'}]
2026-08-14 23:32:28 - mkk_pika - database.py:215 - INFO - 第一次下载该漫画，记录数据库中
2026-08-14 23:32:28 - mkk_pika - main.py:83 - INFO - 找到 16 张图片在:第1話
2026-08-14 23:32:29 - mkk_pika - main.py:112 - INFO - [episode:第1話       ] downloaded:    16, total:  16, progress:100%
2026-08-14 23:32:29 - mkk_pika - database.py:238 - INFO - 数据库更新已下载章节
2026-08-14 23:32:29 - mkk_pika - database.py:244 - INFO - 该漫画已下载章节如下
2026-08-14 23:32:29 - mkk_pika - database.py:245 - INFO - ['第1話']
2026-08-14 23:32:31 - mkk_pika - main.py:292 - INFO - ==================== 漫画信息 ====================
                                漫画ID：6a7f63f4911fbf0872a9bd2b
                                标题：夏と兄と妹
                                作者：たまちゆき
                                是否完结：否
                                总页数：16
                                分类：短篇,妹妹系
                                章节数：1
                                最后更新时间：2026-08-14T18:52:36.476Z
                                =================================================
2026-08-14 23:32:31 - mkk_pika - database.py:101 - INFO - 保存成功：夏と兄と妹
2026-08-14 23:32:31 - mkk_pika - main.py:35 - INFO - 开始检查予約済み小学生是否存在未下载章节
2026-08-14 23:32:31 - mkk_pika - main.py:45 - INFO - 正在下载:[予約済み小学生]-[高岡基文]-[['短篇']]-[total_pages:-1]
2026-08-14 23:32:31 - mkk_pika - main.py:49 - INFO - [{'_id': '6a7f63c21af8f3308d1e3e76', 'title': '第1話', 'order': 1, 'updated_at': '2026-08-13T12:18:03.389Z', 'id': '6a7f63c21af8f3308d1e3e76'}]
2026-08-14 23:32:31 - mkk_pika - database.py:215 - INFO - 第一次下载该漫画，记录数据库中
2026-08-14 23:32:31 - mkk_pika - main.py:83 - INFO - 找到 16 张图片在:第1話
2026-08-14 23:32:32 - mkk_pika - main.py:112 - INFO - [episode:第1話       ] downloaded:    16, total:  16, progress:100%
2026-08-14 23:32:32 - mkk_pika - database.py:238 - INFO - 数据库更新已下载章节
2026-08-14 23:32:32 - mkk_pika - database.py:244 - INFO - 该漫画已下载章节如下
2026-08-14 23:32:32 - mkk_pika - database.py:245 - INFO - ['第1話']
2026-08-14 23:32:34 - mkk_pika - main.py:292 - INFO - ==================== 漫画信息 ====================
                                漫画ID：6a7f63c21af8f3308d1e3e75
                                标题：予約済み小学生
                                作者：高岡基文
                                是否完结：否
                                总页数：16
                                分类：短篇
                                章节数：1
                                最后更新时间：2026-08-14T18:51:46.570Z
                                =================================================
2026-08-14 23:32:34 - mkk_pika - database.py:101 - INFO - 保存成功：予約済み小学生
2026-08-14 23:32:34 - mkk_pika - main.py:323 - INFO - 订阅内容内容下载完毕
2026-08-14 23:32:34 - mkk_pika - main.py:324 - INFO - 开始分批下载全部章节
2026-08-14 23:32:34 - mkk_pika - database.py:280 - INFO - 表和索引初始化成功
2026-08-14 23:32:34 - mkk_pika - main.py:177 - INFO - 已经下载了1413页，一共7078页，现在开始添加第1414页
2026-08-14 23:32:34 - mkk_pika - database.py:318 - INFO - 保存成功
2026-08-14 23:32:35 - mkk_pika - main.py:177 - INFO - 已经下载了1414页，一共7078页，现在开始添加第1415页
2026-08-14 23:32:35 - mkk_pika - database.py:318 - INFO - 保存成功
2026-08-14 23:32:36 - mkk_pika - main.py:177 - INFO - 已经下载了1415页，一共7078页，现在开始添加第1416页
2026-08-14 23:32:36 - mkk_pika - database.py:318 - INFO - 保存成功
2026-08-14 23:32:37 - mkk_pika - main.py:177 - INFO - 已经下载了1416页，一共7078页，现在开始添加第1417页
2026-08-14 23:32:37 - mkk_pika - database.py:318 - INFO - 保存成功
2026-08-14 23:32:37 - mkk_pika - main.py:177 - INFO - 已经下载了1417页，一共7078页，现在开始添加第1418页
2026-08-14 23:32:38 - mkk_pika - database.py:318 - INFO - 保存成功
2026-08-14 23:32:38 - mkk_pika - main.py:331 - INFO - 分批下载共计54本漫画
2026-08-14 23:32:38 - mkk_pika - main.py:35 - INFO - 开始检查进化的秘密2是否存在未下载章节
2026-08-14 23:32:38 - mkk_pika - main.py:45 - INFO - 正在下载:[进化的秘密2]-[雷蒙德（ranymond15）]-[['同人', '非人類']]-[total_pages:44]
2026-08-14 23:32:38 - mkk_pika - main.py:49 - INFO - [{'_id': '5c5d48b915432a058c2a2a0b', 'title': '45P', 'order': 1, 'updated_at': '2019-02-07T19:26:40.373Z', 'id': '5c5d48b915432a058c2a2a0b'}]
2026-08-14 23:32:38 - mkk_pika - database.py:215 - INFO - 第一次下载该漫画，记录数据库中
2026-08-14 23:32:39 - mkk_pika - main.py:83 - INFO - 找到 45 张图片在:45P
2026-08-14 23:32:41 - mkk_pika - main.py:112 - INFO - [episode:45P       ] downloaded:    45, total:  45, progress:100%
2026-08-14 23:32:41 - mkk_pika - database.py:238 - INFO - 数据库更新已下载章节
2026-08-14 23:32:41 - mkk_pika - database.py:244 - INFO - 该漫画已下载章节如下
2026-08-14 23:32:41 - mkk_pika - database.py:245 - INFO - ['45P']
2026-08-14 23:32:42 - mkk_pika - main.py:348 - INFO - ==================== 漫画信息 ====================
                                   漫画ID：5c5d48b915432a058c2a2a0a
                                   标题：进化的秘密2
                                   作者：雷蒙德（ranymond15）
                                   是否完结：否
                                   总页数：44
                                   分类：同人,非人類
                                   章节数：1
                                   最后更新时间：2019-02-08T09:15:37.461Z
                                   =================================================
2026-08-14 23:32:42 - mkk_pika - database.py:101 - INFO - 保存成功：进化的秘密2
2026-08-14 23:32:42 - mkk_pika - main.py:35 - INFO - 开始检查キリンヒメ (モンスターハンター)是否存在未下载章节
2026-08-14 23:32:42 - mkk_pika - main.py:45 - INFO - 正在下载:[キリンヒメ (モンスターハンター)]-[イーグルハート (久遠まこと)]-[['短篇', '同人', '非人類']]-[total_pages:19]
2026-08-14 23:32:42 - mkk_pika - main.py:49 - INFO - [{'_id': '5c5d48eee653837e36441f08', 'title': '第1集', 'order': 1, 'updated_at': '2019-02-08T01:47:13.451Z', 'id': '5c5d48eee653837e36441f08'}]
2026-08-14 23:32:42 - mkk_pika - database.py:215 - INFO - 第一次下载该漫画，记录数据库中
2026-08-14 23:32:43 - mkk_pika - main.py:83 - INFO - 找到 19 张图片在:第1集
2026-08-14 23:32:44 - mkk_pika - main.py:112 - INFO - [episode:第1集       ] downloaded:    19, total:  19, progress:100%
2026-08-14 23:32:44 - mkk_pika - database.py:238 - INFO - 数据库更新已下载章节
2026-08-14 23:32:44 - mkk_pika - database.py:244 - INFO - 该漫画已下载章节如下
2026-08-14 23:32:44 - mkk_pika - database.py:245 - INFO - ['第1集']
2026-08-14 23:32:45 - mkk_pika - main.py:348 - INFO - ==================== 漫画信息 ====================
                                   漫画ID：5c5d48eee653837e36441f07
                                   标题：キリンヒメ (モンスターハンター)
                                   作者：イーグルハート (久遠まこと)
                                   是否完结：是
                                   总页数：19
                                   分类：短篇,同人,非人類
                                   章节数：1
                                   最后更新时间：2019-02-08T09:16:30.448Z
                                   =================================================
2026-08-14 23:32:45 - mkk_pika - database.py:101 - INFO - 保存成功：キリンヒメ (モンスターハンター)
2026-08-14 23:32:45 - mkk_pika - main.py:35 - INFO - 开始检查(COMIC1☆10)彼女の妹はJKちゃん是否存在未下载章节
2026-08-14 23:32:45 - mkk_pika - main.py:45 - INFO - 正在下载:[(COMIC1☆10)彼女の妹はJKちゃん]-[P：P (おりょう)]-[['短篇', '同人', '妹妹系', 'NTR']]-[total_pages:36]
2026-08-14 23:32:45 - mkk_pika - main.py:49 - INFO - [{'_id': '5c5d49057fcf1d05cc0aa6da', 'title': '第1集', 'order': 1, 'updated_at': '2019-02-08T02:01:10.426Z', 'id': '5c5d49057fcf1d05cc0aa6da'}]
2026-08-14 23:32:45 - mkk_pika - database.py:215 - INFO - 第一次下载该漫画，记录数据库中
2026-08-14 23:32:46 - mkk_pika - main.py:83 - INFO - 找到 36 张图片在:第1集
2026-08-14 23:32:47 - mkk_pika - main.py:112 - INFO - [episode:第1集       ] downloaded:    36, total:  36, progress:100%
2026-08-14 23:32:47 - mkk_pika - database.py:238 - INFO - 数据库更新已下载章节
2026-08-14 23:32:47 - mkk_pika - database.py:244 - INFO - 该漫画已下载章节如下
2026-08-14 23:32:47 - mkk_pika - database.py:245 - INFO - ['第1集']
2026-08-14 23:32:49 - mkk_pika - main.py:348 - INFO - ==================== 漫画信息 ====================
                                   漫画ID：5c5d49057fcf1d05cc0aa6d9
                                   标题：(COMIC1☆10)彼女の妹はJKちゃん
                                   作者：P：P (おりょう)
                                   是否完结：否
                                   总页数：36
                                   分类：短篇,同人,妹妹系,NTR
                                   章节数：1
                                   最后更新时间：2019-02-08T09:16:53.254Z
                                   =================================================
2026-08-14 23:32:49 - mkk_pika - database.py:101 - INFO - 保存成功：(COMIC1☆10)彼女の妹はJKちゃん
2026-08-14 23:32:49 - mkk_pika - main.py:35 - INFO - 开始检查かえで症候群!! (青春ブタ野郎はバニーガール先輩の夢を見ない)是否存在未下载章节
2026-08-14 23:32:49 - mkk_pika - main.py:45 - INFO - 正在下载:[かえで症候群!! (青春ブタ野郎はバニーガール先輩の夢を見ない)]-[スタジオた～ (狂一郎)]-[['短篇', '同人', '純愛', '妹妹系', '後宮閃光']]-[total_pages:28]
2026-08-14 23:32:49 - mkk_pika - main.py:49 - INFO - [{'_id': '5c5d4915e653837e36441f20', 'title': '第1集', 'order': 1, 'updated_at': '2019-02-08T01:56:16.706Z', 'id': '5c5d4915e653837e36441f20'}]
2026-08-14 23:32:49 - mkk_pika - database.py:215 - INFO - 第一次下载该漫画，记录数据库中
2026-08-14 23:32:50 - mkk_pika - main.py:83 - INFO - 找到 28 张图片在:第1集
2026-08-14 23:32:51 - mkk_pika - main.py:112 - INFO - [episode:第1集       ] downloaded:    28, total:  28, progress:100%
2026-08-14 23:32:51 - mkk_pika - database.py:238 - INFO - 数据库更新已下载章节
2026-08-14 23:32:51 - mkk_pika - database.py:244 - INFO - 该漫画已下载章节如下
2026-08-14 23:32:51 - mkk_pika - database.py:245 - INFO - ['第1集']
2026-08-14 23:32:52 - mkk_pika - main.py:348 - INFO - ==================== 漫画信息 ====================
                                   漫画ID：5c5d4915e653837e36441f1f
                                   标题：かえで症候群!! (青春ブタ野郎はバニーガール先輩の夢を見ない)
                                   作者：スタジオた～ (狂一郎)
                                   是否完结：是
                                   总页数：28
                                   分类：短篇,同人,純愛,妹妹系,後宮閃光
                                   章节数：1
                                   最后更新时间：2019-02-08T09:17:09.016Z
                                   =================================================
2026-08-14 23:32:52 - mkk_pika - database.py:101 - INFO - 保存成功：かえで症候群!! (青春ブタ野郎はバニーガール先輩の夢を見ない)
2026-08-14 23:32:52 - mkk_pika - main.py:35 - INFO - 开始检查山姫ノ繭是否存在未下载章节
2026-08-14 23:32:52 - mkk_pika - main.py:45 - INFO - 正在下载:[山姫ノ繭]-[南方ヒトガクシキ (仲村レグラ)]-[['短篇', '非人類', '純愛']]-[total_pages:24]
2026-08-14 23:32:52 - mkk_pika - main.py:49 - INFO - [{'_id': '5c5d493496f1c60594bf6a41', 'title': '第1集', 'order': 1, 'updated_at': '2019-02-08T02:19:21.421Z', 'id': '5c5d493496f1c60594bf6a41'}]
2026-08-14 23:32:52 - mkk_pika - database.py:215 - INFO - 第一次下载该漫画，记录数据库中
2026-08-14 23:32:53 - mkk_pika - main.py:83 - INFO - 找到 24 张图片在:第1集
2026-08-14 23:32:54 - mkk_pika - main.py:112 - INFO - [episode:第1集       ] downloaded:    24, total:  24, progress:100%
2026-08-14 23:32:54 - mkk_pika - database.py:238 - INFO - 数据库更新已下载章节
2026-08-14 23:32:54 - mkk_pika - database.py:244 - INFO - 该漫画已下载章节如下
2026-08-14 23:32:54 - mkk_pika - database.py:245 - INFO - ['第1集']
2026-08-14 23:32:55 - mkk_pika - main.py:348 - INFO - ==================== 漫画信息 ====================
                                   漫画ID：5c5d493496f1c60594bf6a40
                                   标题：山姫ノ繭
                                   作者：南方ヒトガクシキ (仲村レグラ)
                                   是否完结：是
                                   总页数：24
                                   分类：短篇,非人類,純愛
                                   章节数：1
                                   最后更新时间：2019-02-08T09:17:40.056Z
                                   =================================================
2026-08-14 23:32:55 - mkk_pika - database.py:101 - INFO - 保存成功：山姫ノ繭
2026-08-14 23:32:55 - mkk_pika - main.py:35 - INFO - 开始检查ファントムオンライン 悦楽の幻影是否存在未下载章节
2026-08-14 23:32:56 - mkk_pika - main.py:45 - INFO - 正在下载:[ファントムオンライン 悦楽の幻影]-[助三郎]-[['長篇', '非人類', '強暴', 'SM', '扶他樂園', 'NTR']]-[total_pages:181]
2026-08-14 23:32:56 - mkk_pika - main.py:49 - INFO - [{'_id': '5c17b44b8158261a30d482ca', 'title': '第1集', 'order': 1, 'updated_at': '2018-12-17T08:22:50.219Z', 'id': '5c17b44b8158261a30d482ca'}, {'_id': '5c17b44b8158261a30d482cb', 'title': '第2集', 'order': 2, 'updated_at': '2018-12-17T08:31:43.438Z', 'id': '5c17b44b8158261a30d482cb'}, {'_id': '5c17b44b8158261a30d482cc', 'title': '第3集', 'order': 3, 'updated_at': '2018-12-17T08:32:41.009Z', 'id': '5c17b44b8158261a30d482cc'}, {'_id': '5c17b44b8158261a30d482cd', 'title': '第4集', 'order': 4, 'updated_at': '2018-12-17T08:38:35.128Z', 'id': '5c17b44b8158261a30d482cd'}, {'_id': '5c17b44b8158261a30d482ce', 'title': '第5集', 'order': 5, 'updated_at': '2018-12-17T08:46:55.743Z', 'id': '5c17b44b8158261a30d482ce'}, {'_id': '5c17b44b8158261a30d482cf', 'title': '第6集', 'order': 6, 'updated_at': '2018-12-17T08:51:46.802Z', 'id': '5c17b44b8158261a30d482cf'}, {'_id': '5c17b44b8158261a30d482d0', 'title': '第7集', 'order': 7, 'updated_at': '2018-12-17T08:58:38.405Z', 'id': '5c17b44b8158261a30d482d0'}, {'_id': '5c5d493c39b3e77e2b1bfdfa', 'title': '第8集', 'order': 8, 'updated_at': '2019-02-08T03:20:13.800Z', 'id': '5c5d493c39b3e77e2b1bfdfa'}]
2026-08-14 23:32:56 - mkk_pika - database.py:215 - INFO - 第一次下载该漫画，记录数据库中
2026-08-14 23:32:56 - mkk_pika - main.py:83 - INFO - 找到 24 张图片在:第1集
2026-08-14 23:32:57 - mkk_pika - main.py:112 - INFO - [episode:第1集       ] downloaded:    24, total:  24, progress:100%
2026-08-14 23:32:57 - mkk_pika - database.py:238 - INFO - 数据库更新已下载章节
2026-08-14 23:32:57 - mkk_pika - database.py:244 - INFO - 该漫画已下载章节如下
2026-08-14 23:32:57 - mkk_pika - database.py:245 - INFO - ['第1集']
2026-08-14 23:32:59 - mkk_pika - main.py:83 - INFO - 找到 20 张图片在:第2集
2026-08-14 23:32:59 - mkk_pika - main.py:112 - INFO - [episode:第2集       ] downloaded:    20, total:  20, progress:100%
2026-08-14 23:32:59 - mkk_pika - database.py:238 - INFO - 数据库更新已下载章节
2026-08-14 23:32:59 - mkk_pika - database.py:244 - INFO - 该漫画已下载章节如下
2026-08-14 23:32:59 - mkk_pika - database.py:245 - INFO - ['第1集', '第2集']
2026-08-14 23:33:01 - mkk_pika - main.py:83 - INFO - 找到 20 张图片在:第3集
2026-08-14 23:33:02 - mkk_pika - main.py:112 - INFO - [episode:第3集       ] downloaded:    20, total:  20, progress:100%
2026-08-14 23:33:02 - mkk_pika - database.py:238 - INFO - 数据库更新已下载章节
2026-08-14 23:33:02 - mkk_pika - database.py:244 - INFO - 该漫画已下载章节如下
2026-08-14 23:33:02 - mkk_pika - database.py:245 - INFO - ['第1集', '第2集', '第3集']
2026-08-14 23:33:03 - mkk_pika - main.py:83 - INFO - 找到 20 张图片在:第4集
2026-08-14 23:33:04 - mkk_pika - main.py:112 - INFO - [episode:第4集       ] downloaded:    20, total:  20, progress:100%
2026-08-14 23:33:04 - mkk_pika - database.py:238 - INFO - 数据库更新已下载章节
2026-08-14 23:33:04 - mkk_pika - database.py:244 - INFO - 该漫画已下载章节如下
2026-08-14 23:33:04 - mkk_pika - database.py:245 - INFO - ['第1集', '第2集', '第3集', '第4集']
2026-08-14 23:33:06 - mkk_pika - main.py:83 - INFO - 找到 20 张图片在:第5集
2026-08-14 23:33:06 - mkk_pika - main.py:112 - INFO - [episode:第5集       ] downloaded:    20, total:  20, progress:100%
2026-08-14 23:33:06 - mkk_pika - database.py:238 - INFO - 数据库更新已下载章节
2026-08-14 23:33:06 - mkk_pika - database.py:244 - INFO - 该漫画已下载章节如下
2026-08-14 23:33:06 - mkk_pika - database.py:245 - INFO - ['第1集', '第2集', '第3集', '第4集', '第5集']
2026-08-14 23:33:08 - mkk_pika - main.py:83 - INFO - 找到 20 张图片在:第6集
2026-08-14 23:33:09 - mkk_pika - main.py:112 - INFO - [episode:第6集       ] downloaded:    20, total:  20, progress:100%
2026-08-14 23:33:09 - mkk_pika - database.py:238 - INFO - 数据库更新已下载章节
2026-08-14 23:33:09 - mkk_pika - database.py:244 - INFO - 该漫画已下载章节如下
2026-08-14 23:33:09 - mkk_pika - database.py:245 - INFO - ['第1集', '第2集', '第3集', '第4集', '第5集', '第6集']
2026-08-14 23:33:10 - mkk_pika - main.py:83 - INFO - 找到 28 张图片在:第7集
2026-08-14 23:33:11 - mkk_pika - main.py:112 - INFO - [episode:第7集       ] downloaded:    28, total:  28, progress:100%
2026-08-14 23:33:11 - mkk_pika - database.py:238 - INFO - 数据库更新已下载章节
2026-08-14 23:33:11 - mkk_pika - database.py:244 - INFO - 该漫画已下载章节如下
2026-08-14 23:33:11 - mkk_pika - database.py:245 - INFO - ['第1集', '第2集', '第3集', '第4集', '第5集', '第6集', '第7集']
2026-08-14 23:33:13 - mkk_pika - main.py:83 - INFO - 找到 29 张图片在:第8集
2026-08-14 23:33:14 - mkk_pika - main.py:112 - INFO - [episode:第8集       ] downloaded:    29, total:  29, progress:100%
2026-08-14 23:33:14 - mkk_pika - database.py:238 - INFO - 数据库更新已下载章节
2026-08-14 23:33:14 - mkk_pika - database.py:244 - INFO - 该漫画已下载章节如下
2026-08-14 23:33:14 - mkk_pika - database.py:245 - INFO - ['第1集', '第2集', '第3集', '第4集', '第5集', '第6集', '第7集', '第8集']
2026-08-14 23:33:15 - mkk_pika - main.py:348 - INFO - ==================== 漫画信息 ====================
                                   漫画ID：5c17b44b8158261a30d482c9
                                   标题：ファントムオンライン 悦楽の幻影
                                   作者：助三郎
                                   是否完结：是
                                   总页数：181
                                   分类：長篇,非人類,強暴,SM,扶他樂園,NTR
                                   章节数：8
                                   最后更新时间：2019-02-08T09:17:48.299Z
                                   =================================================
2026-08-14 23:33:15 - mkk_pika - database.py:101 - INFO - 保存成功：ファントムオンライン 悦楽の幻影
2026-08-14 23:33:15 - mkk_pika - main.py:35 - INFO - 开始检查天才！ムラムラ動物園 (COMIC はぴにんぐ Vol.1)是否存在未下载章节
2026-08-14 23:33:15 - mkk_pika - main.py:45 - INFO - 正在下载:[天才！ムラムラ動物園 (COMIC はぴにんぐ Vol.1)]-[牡丹もちと]-[['短篇', '純愛']]-[total_pages:17]
2026-08-14 23:33:15 - mkk_pika - main.py:49 - INFO - [{'_id': '5c5d4947b626b57e65146697', 'title': '第1集', 'order': 1, 'updated_at': '2019-02-08T03:48:25.522Z', 'id': '5c5d4947b626b57e65146697'}]
2026-08-14 23:33:15 - mkk_pika - database.py:215 - INFO - 第一次下载该漫画，记录数据库中
2026-08-14 23:33:16 - mkk_pika - main.py:83 - INFO - 找到 17 张图片在:第1集
2026-08-14 23:33:17 - mkk_pika - main.py:112 - INFO - [episode:第1集       ] downloaded:    17, total:  17, progress:100%
2026-08-14 23:33:17 - mkk_pika - database.py:238 - INFO - 数据库更新已下载章节
2026-08-14 23:33:17 - mkk_pika - database.py:244 - INFO - 该漫画已下载章节如下
2026-08-14 23:33:17 - mkk_pika - database.py:245 - INFO - ['第1集']
2026-08-14 23:33:18 - mkk_pika - main.py:348 - INFO - ==================== 漫画信息 ====================
                                   漫画ID：5c5d4947b626b57e65146696
                                   标题：天才！ムラムラ動物園 (COMIC はぴにんぐ Vol.1)
                                   作者：牡丹もちと
                                   是否完结：否
                                   总页数：17
                                   分类：短篇,純愛
                                   章节数：1
                                   最后更新时间：2019-02-08T09:17:59.702Z
                                   =================================================
2026-08-14 23:33:18 - mkk_pika - database.py:101 - INFO - 保存成功：天才！ムラムラ動物園 (COMIC はぴにんぐ Vol.1)
2026-08-14 23:33:18 - mkk_pika - main.py:35 - INFO - 开始检查百の馬に乗られる騎士 (Fate/Grand Order)是否存在未下载章节
2026-08-14 23:33:18 - mkk_pika - main.py:45 - INFO - 正在下载:[百の馬に乗られる騎士 (Fate/Grand Order)]-[F.W.ZHolic (FAN)]-[['短篇', '同人', 'Fate', '非人類']]-[total_pages:17]
2026-08-14 23:33:18 - mkk_pika - main.py:49 - INFO - [{'_id': '5c5d49acb626b57e6514677b', 'title': '第1集', 'order': 1, 'updated_at': '2019-02-08T06:32:35.857Z', 'id': '5c5d49acb626b57e6514677b'}]
2026-08-14 23:33:18 - mkk_pika - database.py:215 - INFO - 第一次下载该漫画，记录数据库中
2026-08-14 23:33:19 - mkk_pika - main.py:83 - INFO - 找到 17 张图片在:第1集
2026-08-14 23:33:20 - mkk_pika - main.py:112 - INFO - [episode:第1集       ] downloaded:    17, total:  17, progress:100%
2026-08-14 23:33:20 - mkk_pika - database.py:238 - INFO - 数据库更新已下载章节
2026-08-14 23:33:20 - mkk_pika - database.py:244 - INFO - 该漫画已下载章节如下
2026-08-14 23:33:20 - mkk_pika - database.py:245 - INFO - ['第1集']
2026-08-14 23:33:21 - mkk_pika - main.py:348 - INFO - ==================== 漫画信息 ====================
                                   漫画ID：5c5d49acb626b57e6514677a
                                   标题：百の馬に乗られる騎士 (Fate/Grand Order)
                                   作者：F.W.ZHolic (FAN)
                                   是否完结：是
                                   总页数：17
                                   分类：短篇,同人,Fate,非人類
                                   章节数：1
                                   最后更新时间：2019-02-08T09:19:40.388Z
                                   =================================================
2026-08-14 23:33:21 - mkk_pika - database.py:101 - INFO - 保存成功：百の馬に乗られる騎士 (Fate/Grand Order)
2026-08-14 23:33:21 - mkk_pika - main.py:35 - INFO - 开始检查(C95) 発情期のにゃんこいし (東方Project)是否存在未下载章节
2026-08-14 23:33:21 - mkk_pika - main.py:45 - INFO - 正在下载:[(C95) 発情期のにゃんこいし (東方Project)]-[蒼色彼方 (色谷あすか)]-[['短篇', '同人', '東方', '純愛', '非人類']]-[total_pages:29]
2026-08-14 23:33:21 - mkk_pika - main.py:49 - INFO - [{'_id': '5c5d78f224cf7e2b888c9411', 'title': '第1集', 'order': 1, 'updated_at': '2019-02-08T09:32:53.292Z', 'id': '5c5d78f224cf7e2b888c9411'}]
2026-08-14 23:33:21 - mkk_pika - database.py:215 - INFO - 第一次下载该漫画，记录数据库中
2026-08-14 23:33:22 - mkk_pika - main.py:83 - INFO - 找到 29 张图片在:第1集
2026-08-14 23:33:23 - mkk_pika - main.py:112 - INFO - [episode:第1集       ] downloaded:    29, total:  29, progress:100%
2026-08-14 23:33:23 - mkk_pika - database.py:238 - INFO - 数据库更新已下载章节
2026-08-14 23:33:23 - mkk_pika - database.py:244 - INFO - 该漫画已下载章节如下
2026-08-14 23:33:23 - mkk_pika - database.py:245 - INFO - ['第1集']
2026-08-14 23:33:24 - mkk_pika - main.py:348 - INFO - ==================== 漫画信息 ====================
                                   漫画ID：5c5d78f224cf7e2b888c9410
                                   标题：(C95) 発情期のにゃんこいし (東方Project)
                                   作者：蒼色彼方 (色谷あすか)
                                   是否完结：是
                                   总页数：29
                                   分类：短篇,同人,東方,純愛,非人類
                                   章节数：1
                                   最后更新时间：2019-02-08T12:41:22.233Z
                                   =================================================
2026-08-14 23:33:24 - mkk_pika - database.py:101 - INFO - 保存成功：(C95) 発情期のにゃんこいし (東方Project)
2026-08-14 23:33:24 - mkk_pika - main.py:35 - INFO - 开始检查ドイツ空母は断れない (艦隊これくしょん -艦これ-)是否存在未下载章节
2026-08-14 23:33:25 - mkk_pika - main.py:45 - INFO - 正在下载:[ドイツ空母は断れない (艦隊これくしょん -艦これ-)]-[TKSpower (ぜっきょ)]-[['短篇', '同人', '艦隊收藏', '純愛']]-[total_pages:15]
2026-08-14 23:33:25 - mkk_pika - main.py:49 - INFO - [{'_id': '5c5d78ff15432a058c2a2b4d', 'title': '第1集', 'order': 1, 'updated_at': '2019-02-08T09:38:51.613Z', 'id': '5c5d78ff15432a058c2a2b4d'}]
2026-08-14 23:33:25 - mkk_pika - database.py:215 - INFO - 第一次下载该漫画，记录数据库中
2026-08-14 23:33:25 - mkk_pika - main.py:83 - INFO - 找到 15 张图片在:第1集
2026-08-14 23:33:26 - mkk_pika - main.py:112 - INFO - [episode:第1集       ] downloaded:    15, total:  15, progress:100%
2026-08-14 23:33:26 - mkk_pika - database.py:238 - INFO - 数据库更新已下载章节
2026-08-14 23:33:26 - mkk_pika - database.py:244 - INFO - 该漫画已下载章节如下
2026-08-14 23:33:26 - mkk_pika - database.py:245 - INFO - ['第1集']
2026-08-14 23:33:27 - mkk_pika - main.py:348 - INFO - ==================== 漫画信息 ====================
                                   漫画ID：5c5d78ff15432a058c2a2b4c
                                   标题：ドイツ空母は断れない (艦隊これくしょん -艦これ-)
                                   作者：TKSpower (ぜっきょ)
                                   是否完结：是
                                   总页数：15
                                   分类：短篇,同人,艦隊收藏,純愛
                                   章节数：1
                                   最后更新时间：2019-02-08T12:41:35.146Z
                                   =================================================
2026-08-14 23:33:27 - mkk_pika - database.py:101 - INFO - 保存成功：ドイツ空母は断れない (艦隊これくしょん -艦これ-)
2026-08-14 23:33:27 - mkk_pika - main.py:35 - INFO - 开始检查 お姫様を助けに来た勇者様が悪堕ちしたお姫様に堕とされちゃう本!（汉化）是否存在未下载章节
2026-08-14 23:33:27 - mkk_pika - main.py:45 - INFO - 正在下载:[ お姫様を助けに来た勇者様が悪堕ちしたお姫様に堕とされちゃう本!（汉化）]-[フキダマリ。 (モスクワ)]-[['短篇', '扶他樂園']]-[total_pages:24]
2026-08-14 23:33:27 - mkk_pika - main.py:49 - INFO - [{'_id': '5c5d790bad486f7e5da2b277', 'title': '第1集', 'order': 1, 'updated_at': '2019-02-08T10:14:01.883Z', 'id': '5c5d790bad486f7e5da2b277'}]
2026-08-14 23:33:27 - mkk_pika - database.py:215 - INFO - 第一次下载该漫画，记录数据库中
2026-08-14 23:33:28 - mkk_pika - main.py:83 - INFO - 找到 24 张图片在:第1集
2026-08-14 23:33:29 - mkk_pika - main.py:112 - INFO - [episode:第1集       ] downloaded:    24, total:  24, progress:100%
2026-08-14 23:33:29 - mkk_pika - database.py:238 - INFO - 数据库更新已下载章节
2026-08-14 23:33:29 - mkk_pika - database.py:244 - INFO - 该漫画已下载章节如下
2026-08-14 23:33:29 - mkk_pika - database.py:245 - INFO - ['第1集']
2026-08-14 23:33:30 - mkk_pika - main.py:348 - INFO - ==================== 漫画信息 ====================
                                   漫画ID：5c5d790bad486f7e5da2b276
                                   标题： お姫様を助けに来た勇者様が悪堕ちしたお姫様に堕とされちゃう本!（汉化）
                                   作者：フキダマリ。 (モスクワ)
                                   是否完结：是
                                   总页数：24
                                   分类：短篇,扶他樂園
                                   章节数：1
                                   最后更新时间：2019-02-08T12:41:47.604Z
                                   =================================================
2026-08-14 23:33:30 - mkk_pika - database.py:101 - INFO - 保存成功： お姫様を助けに来た勇者様が悪堕ちしたお姫様に堕とされちゃう本!（汉化）
2026-08-14 23:33:30 - mkk_pika - main.py:35 - INFO - 开始检查隣人がサキュバス是否存在未下载章节
2026-08-14 23:33:31 - mkk_pika - main.py:45 - INFO - 正在下载:[隣人がサキュバス]-[ひぐま屋 (野良ヒグマ)]-[['人妻', '短篇', '非人類']]-[total_pages:50]
2026-08-14 23:33:31 - mkk_pika - main.py:49 - INFO - [{'_id': '5c5d793ead486f7e5da2b292', 'title': '第1集', 'order': 1, 'updated_at': '2019-02-08T10:27:08.234Z', 'id': '5c5d793ead486f7e5da2b292'}]
2026-08-14 23:33:31 - mkk_pika - database.py:215 - INFO - 第一次下载该漫画，记录数据库中
2026-08-14 23:33:31 - mkk_pika - main.py:83 - INFO - 找到 50 张图片在:第1集
2026-08-14 23:33:33 - mkk_pika - main.py:112 - INFO - [episode:第1集       ] downloaded:    50, total:  50, progress:100%
2026-08-14 23:33:33 - mkk_pika - database.py:238 - INFO - 数据库更新已下载章节
2026-08-14 23:33:33 - mkk_pika - database.py:244 - INFO - 该漫画已下载章节如下
2026-08-14 23:33:33 - mkk_pika - database.py:245 - INFO - ['第1集']
2026-08-14 23:33:35 - mkk_pika - main.py:348 - INFO - ==================== 漫画信息 ====================
                                   漫画ID：5821ad915f6b9a4f93f5ef95
                                   标题：隣人がサキュバス
                                   作者：ひぐま屋 (野良ヒグマ)
                                   是否完结：是
                                   总页数：50
                                   分类：人妻,短篇,非人類
                                   章节数：1
                                   最后更新时间：2019-02-08T12:42:38.032Z
                                   =================================================
2026-08-14 23:33:35 - mkk_pika - database.py:101 - INFO - 保存成功：隣人がサキュバス
2026-08-14 23:33:35 - mkk_pika - main.py:35 - INFO - 开始检查(コミティア120)初華屋の童女たち ～さくら編～是否存在未下载章节
2026-08-14 23:33:35 - mkk_pika - main.py:45 - INFO - 正在下载:[(コミティア120)初華屋の童女たち ～さくら編～]-[kuma-puro (小路あゆむ)]-[['短篇', '同人']]-[total_pages:26]
2026-08-14 23:33:35 - mkk_pika - main.py:49 - INFO - [{'_id': '5c5d794f96f1c60594bf6b67', 'title': '第1集', 'order': 1, 'updated_at': '2019-02-08T11:55:19.580Z', 'id': '5c5d794f96f1c60594bf6b67'}]
2026-08-14 23:33:35 - mkk_pika - database.py:215 - INFO - 第一次下载该漫画，记录数据库中
2026-08-14 23:33:35 - mkk_pika - main.py:83 - INFO - 找到 26 张图片在:第1集
2026-08-14 23:33:36 - mkk_pika - main.py:112 - INFO - [episode:第1集       ] downloaded:    26, total:  26, progress:100%
2026-08-14 23:33:36 - mkk_pika - database.py:238 - INFO - 数据库更新已下载章节
2026-08-14 23:33:36 - mkk_pika - database.py:244 - INFO - 该漫画已下载章节如下
2026-08-14 23:33:36 - mkk_pika - database.py:245 - INFO - ['第1集']
2026-08-14 23:33:38 - mkk_pika - main.py:348 - INFO - ==================== 漫画信息 ====================
                                   漫画ID：5c5d794f96f1c60594bf6b66
                                   标题：(コミティア120)初華屋の童女たち ～さくら編～
                                   作者：kuma-puro (小路あゆむ)
                                   是否完结：否
                                   总页数：26
                                   分类：短篇,同人
                                   章节数：1
                                   最后更新时间：2019-02-08T12:42:55.368Z
                                   =================================================
2026-08-14 23:33:38 - mkk_pika - database.py:101 - INFO - 保存成功：(コミティア120)初華屋の童女たち ～さくら編～
2026-08-14 23:33:38 - mkk_pika - main.py:35 - INFO - 开始检查(C92)可愛いチノちゃんといっぱいえっちしたい! (ご注文はうさぎですか?)是否存在未下载章节
2026-08-14 23:33:38 - mkk_pika - main.py:45 - INFO - 正在下载:[(C92)可愛いチノちゃんといっぱいえっちしたい! (ご注文はうさぎですか?)]-[kuma-puro (小路あゆむ)]-[['短篇', '同人']]-[total_pages:29]
2026-08-14 23:33:38 - mkk_pika - main.py:49 - INFO - [{'_id': '5c5d7964f031ca05bad8eb17', 'title': '第1集', 'order': 1, 'updated_at': '2019-02-08T11:59:04.749Z', 'id': '5c5d7964f031ca05bad8eb17'}]
2026-08-14 23:33:38 - mkk_pika - database.py:215 - INFO - 第一次下载该漫画，记录数据库中
2026-08-14 23:33:39 - mkk_pika - main.py:83 - INFO - 找到 29 张图片在:第1集
2026-08-14 23:33:40 - mkk_pika - main.py:112 - INFO - [episode:第1集       ] downloaded:    29, total:  29, progress:100%
2026-08-14 23:33:40 - mkk_pika - database.py:238 - INFO - 数据库更新已下载章节
2026-08-14 23:33:40 - mkk_pika - database.py:244 - INFO - 该漫画已下载章节如下
2026-08-14 23:33:40 - mkk_pika - database.py:245 - INFO - ['第1集']
2026-08-14 23:33:41 - mkk_pika - main.py:348 - INFO - ==================== 漫画信息 ====================
                                   漫画ID：5c5d7964f031ca05bad8eb16
                                   标题：(C92)可愛いチノちゃんといっぱいえっちしたい! (ご注文はうさぎですか?)
                                   作者：kuma-puro (小路あゆむ)
                                   是否完结：否
                                   总页数：29
                                   分类：短篇,同人
                                   章节数：1
                                   最后更新时间：2019-02-08T12:43:16.905Z
                                   =================================================
2026-08-14 23:33:41 - mkk_pika - database.py:101 - INFO - 保存成功：(C92)可愛いチノちゃんといっぱいえっちしたい! (ご注文はうさぎですか?)
2026-08-14 23:33:41 - mkk_pika - main.py:35 - INFO - 开始检查かわらないもの ～帰還～ (永遠娘 5)是否存在未下载章节
2026-08-14 23:33:41 - mkk_pika - main.py:45 - INFO - 正在下载:[かわらないもの ～帰還～ (永遠娘 5)]-[源五郎]-[['短篇', '同人', '純愛']]-[total_pages:17]
2026-08-14 23:33:41 - mkk_pika - main.py:49 - INFO - [{'_id': '5c5d797124cf7e2b888c9432', 'title': '第1集', 'order': 1, 'updated_at': '2019-02-08T12:05:30.922Z', 'id': '5c5d797124cf7e2b888c9432'}]
2026-08-14 23:33:41 - mkk_pika - database.py:215 - INFO - 第一次下载该漫画，记录数据库中
2026-08-14 23:33:42 - mkk_pika - main.py:83 - INFO - 找到 17 张图片在:第1集
2026-08-14 23:33:42 - mkk_pika - main.py:112 - INFO - [episode:第1集       ] downloaded:    17, total:  17, progress:100%
2026-08-14 23:33:42 - mkk_pika - database.py:238 - INFO - 数据库更新已下载章节
2026-08-14 23:33:42 - mkk_pika - database.py:244 - INFO - 该漫画已下载章节如下
2026-08-14 23:33:42 - mkk_pika - database.py:245 - INFO - ['第1集']
2026-08-14 23:33:44 - mkk_pika - main.py:348 - INFO - ==================== 漫画信息 ====================
                                   漫画ID：5c5d797124cf7e2b888c9431
                                   标题：かわらないもの ～帰還～ (永遠娘 5)
                                   作者：源五郎
                                   是否完结：否
                                   总页数：17
                                   分类：短篇,同人,純愛
                                   章节数：1
                                   最后更新时间：2019-02-08T12:43:29.332Z
                                   =================================================
2026-08-14 23:33:44 - mkk_pika - database.py:101 - INFO - 保存成功：かわらないもの ～帰還～ (永遠娘 5)
2026-08-14 23:33:44 - mkk_pika - main.py:35 - INFO - 开始检查思春期RIOT是否存在未下载章节
2026-08-14 23:33:44 - mkk_pika - main.py:45 - INFO - 正在下载:[思春期RIOT]-[でこちんハンマー]-[['長篇', '純愛', '單行本', '妹妹系']]-[total_pages:186]
2026-08-14 23:33:44 - mkk_pika - main.py:49 - INFO - [{'_id': '5c5d79787fcf1d05cc0aa846', 'title': '第1集', 'order': 1, 'updated_at': '2019-01-31T08:20:53.604Z', 'id': '5c5d79787fcf1d05cc0aa846'}]
2026-08-14 23:33:44 - mkk_pika - database.py:215 - INFO - 第一次下载该漫画，记录数据库中
2026-08-14 23:33:46 - mkk_pika - main.py:83 - INFO - 找到 186 张图片在:第1集
2026-08-14 23:33:51 - mkk_pika - main.py:112 - INFO - [episode:第1集       ] downloaded:   186, total: 186, progress:100%
2026-08-14 23:33:51 - mkk_pika - database.py:238 - INFO - 数据库更新已下载章节
2026-08-14 23:33:51 - mkk_pika - database.py:244 - INFO - 该漫画已下载章节如下
2026-08-14 23:33:51 - mkk_pika - database.py:245 - INFO - ['第1集']
2026-08-14 23:33:53 - mkk_pika - main.py:348 - INFO - ==================== 漫画信息 ====================
                                   漫画ID：5c5d79787fcf1d05cc0aa845
                                   标题：思春期RIOT
                                   作者：でこちんハンマー
                                   是否完结：是
                                   总页数：186
                                   分类：長篇,純愛,單行本,妹妹系
                                   章节数：1
                                   最后更新时间：2019-02-08T12:43:36.467Z
                                   =================================================
2026-08-14 23:33:53 - mkk_pika - database.py:101 - INFO - 保存成功：思春期RIOT
2026-08-14 23:33:53 - mkk_pika - main.py:35 - INFO - 开始检查Diamond是否存在未下载章节
2026-08-14 23:33:53 - mkk_pika - main.py:45 - INFO - 正在下载:[Diamond]-[Clone人間]-[['單行本', '人妻', 'NTR', '長篇']]-[total_pages:200]
2026-08-14 23:33:53 - mkk_pika - main.py:49 - INFO - [{'_id': '5c5e47a538565d0d46ac0970', 'title': '第1集', 'order': 1, 'updated_at': '2019-02-08T13:01:18.116Z', 'id': '5c5e47a538565d0d46ac0970'}]
2026-08-14 23:33:53 - mkk_pika - database.py:215 - INFO - 第一次下载该漫画，记录数据库中
2026-08-14 23:33:55 - mkk_pika - main.py:83 - INFO - 找到 200 张图片在:第1集
2026-08-14 23:34:01 - mkk_pika - main.py:112 - INFO - [episode:第1集       ] downloaded:   200, total: 200, progress:100%
2026-08-14 23:34:01 - mkk_pika - database.py:238 - INFO - 数据库更新已下载章节
2026-08-14 23:34:01 - mkk_pika - database.py:244 - INFO - 该漫画已下载章节如下
2026-08-14 23:34:01 - mkk_pika - database.py:245 - INFO - ['第1集']
2026-08-14 23:34:03 - mkk_pika - main.py:348 - INFO - ==================== 漫画信息 ====================
                                   漫画ID：5c5e47a538565d0d46ac096f
                                   标题：Diamond
                                   作者：Clone人間
                                   是否完结：是
                                   总页数：200
                                   分类：單行本,人妻,NTR,長篇
                                   章节数：1
                                   最后更新时间：2019-02-09T03:23:17.869Z
                                   =================================================
2026-08-14 23:34:03 - mkk_pika - database.py:101 - INFO - 保存成功：Diamond
2026-08-14 23:34:03 - mkk_pika - main.py:35 - INFO - 开始检查神サマーな夏休み(コミックゼロス#70)[DL版]是否存在未下载章节
2026-08-14 23:34:03 - mkk_pika - main.py:45 - INFO - 正在下载:[神サマーな夏休み(コミックゼロス#70)[DL版]]-[七尾ゆきじ]-[['短篇']]-[total_pages:20]
2026-08-14 23:34:03 - mkk_pika - main.py:49 - INFO - [{'_id': '5c5e483e39b3e77e2b1c076f', 'title': '第1集', 'order': 1, 'updated_at': '2019-02-08T13:04:20.058Z', 'id': '5c5e483e39b3e77e2b1c076f'}]
2026-08-14 23:34:03 - mkk_pika - database.py:215 - INFO - 第一次下载该漫画，记录数据库中
2026-08-14 23:34:04 - mkk_pika - main.py:83 - INFO - 找到 20 张图片在:第1集
2026-08-14 23:34:04 - mkk_pika - main.py:112 - INFO - [episode:第1集       ] downloaded:    20, total:  20, progress:100%
2026-08-14 23:34:04 - mkk_pika - database.py:238 - INFO - 数据库更新已下载章节
2026-08-14 23:34:04 - mkk_pika - database.py:244 - INFO - 该漫画已下载章节如下
2026-08-14 23:34:04 - mkk_pika - database.py:245 - INFO - ['第1集']
2026-08-14 23:34:06 - mkk_pika - main.py:348 - INFO - ==================== 漫画信息 ====================
                                   漫画ID：5c5e483e39b3e77e2b1c076e
                                   标题：神サマーな夏休み(コミックゼロス#70)[DL版]
                                   作者：七尾ゆきじ
                                   是否完结：是
                                   总页数：20
                                   分类：短篇
                                   章节数：1
                                   最后更新时间：2019-02-09T03:25:50.265Z
                                   =================================================
2026-08-14 23:34:06 - mkk_pika - database.py:101 - INFO - 保存成功：神サマーな夏休み(コミックゼロス#70)[DL版]
2026-08-14 23:34:06 - mkk_pika - main.py:35 - INFO - 开始检查 幻想郷の怪談 山小屋のはメイド長!- (東方Project)是否存在未下载章节
2026-08-14 23:34:06 - mkk_pika - main.py:45 - INFO - 正在下载:[ 幻想郷の怪談 山小屋のはメイド長!- (東方Project)]-[らふれしあ (キャンベル議長)]-[['短篇', '同人', '東方']]-[total_pages:27]
2026-08-14 23:34:06 - mkk_pika - main.py:49 - INFO - [{'_id': '5c5e48e3ad486f7e5da2b9f6', 'title': '第1集', 'order': 1, 'updated_at': '2019-02-08T14:02:09.601Z', 'id': '5c5e48e3ad486f7e5da2b9f6'}]
2026-08-14 23:34:06 - mkk_pika - database.py:215 - INFO - 第一次下载该漫画，记录数据库中
2026-08-14 23:34:07 - mkk_pika - main.py:83 - INFO - 找到 27 张图片在:第1集
2026-08-14 23:34:08 - mkk_pika - main.py:112 - INFO - [episode:第1集       ] downloaded:    27, total:  27, progress:100%
2026-08-14 23:34:08 - mkk_pika - database.py:238 - INFO - 数据库更新已下载章节
2026-08-14 23:34:08 - mkk_pika - database.py:244 - INFO - 该漫画已下载章节如下
2026-08-14 23:34:08 - mkk_pika - database.py:245 - INFO - ['第1集']
2026-08-14 23:34:09 - mkk_pika - main.py:348 - INFO - ==================== 漫画信息 ====================
                                   漫画ID：5c5e48e3ad486f7e5da2b9f5
                                   标题： 幻想郷の怪談 山小屋のはメイド長!- (東方Project)
                                   作者：らふれしあ (キャンベル議長)
                                   是否完结：是
                                   总页数：27
                                   分类：短篇,同人,東方
                                   章节数：1
                                   最后更新时间：2019-02-09T03:28:35.498Z
                                   =================================================
2026-08-14 23:34:09 - mkk_pika - database.py:101 - INFO - 保存成功： 幻想郷の怪談 山小屋のはメイド長!- (東方Project)
2026-08-14 23:34:09 - mkk_pika - main.py:35 - INFO - 开始检查(C95)冴えない男女の暮らしかた4 (冴えない彼女の育てかた)是否存在未下载章节
2026-08-14 23:34:09 - mkk_pika - main.py:45 - INFO - 正在下载:[(C95)冴えない男女の暮らしかた4 (冴えない彼女の育てかた)]-[町田チェリーボーイズ (クロサワ)]-[['短篇', '同人', '純愛', '後宮閃光']]-[total_pages:36]
2026-08-14 23:34:09 - mkk_pika - main.py:49 - INFO - [{'_id': '5c5e4910ad486f7e5da2ba19', 'title': '第1集', 'order': 1, 'updated_at': '2019-02-08T14:09:34.306Z', 'id': '5c5e4910ad486f7e5da2ba19'}]
2026-08-14 23:34:09 - mkk_pika - database.py:215 - INFO - 第一次下载该漫画，记录数据库中
2026-08-14 23:34:10 - mkk_pika - main.py:83 - INFO - 找到 36 张图片在:第1集
2026-08-14 23:34:11 - mkk_pika - main.py:112 - INFO - [episode:第1集       ] downloaded:    36, total:  36, progress:100%
2026-08-14 23:34:11 - mkk_pika - database.py:238 - INFO - 数据库更新已下载章节
2026-08-14 23:34:11 - mkk_pika - database.py:244 - INFO - 该漫画已下载章节如下
2026-08-14 23:34:11 - mkk_pika - database.py:245 - INFO - ['第1集']
2026-08-14 23:34:13 - mkk_pika - main.py:348 - INFO - ==================== 漫画信息 ====================
                                   漫画ID：5c5e4910ad486f7e5da2ba18
                                   标题：(C95)冴えない男女の暮らしかた4 (冴えない彼女の育てかた)
                                   作者：町田チェリーボーイズ (クロサワ)
                                   是否完结：是
                                   总页数：36
                                   分类：短篇,同人,純愛,後宮閃光
                                   章节数：1
                                   最后更新时间：2019-02-09T03:29:20.249Z
                                   =================================================
2026-08-14 23:34:13 - mkk_pika - database.py:101 - INFO - 保存成功：(C95)冴えない男女の暮らしかた4 (冴えない彼女の育てかた)
2026-08-14 23:34:13 - mkk_pika - main.py:35 - INFO - 开始检查時間停止-空白の記憶是否存在未下载章节
2026-08-14 23:34:13 - mkk_pika - main.py:45 - INFO - 正在下载:[時間停止-空白の記憶]-[むしゃぶる (武者サブ)]-[['短篇']]-[total_pages:25]
2026-08-14 23:34:13 - mkk_pika - main.py:49 - INFO - [{'_id': '5c5e494a38565d0d46ac0a41', 'title': '第1集', 'order': 1, 'updated_at': '2019-02-08T15:17:10.982Z', 'id': '5c5e494a38565d0d46ac0a41'}]
2026-08-14 23:34:13 - mkk_pika - database.py:215 - INFO - 第一次下载该漫画，记录数据库中
2026-08-14 23:34:14 - mkk_pika - main.py:83 - INFO - 找到 25 张图片在:第1集
2026-08-14 23:34:15 - mkk_pika - main.py:112 - INFO - [episode:第1集       ] downloaded:    25, total:  25, progress:100%
2026-08-14 23:34:15 - mkk_pika - database.py:238 - INFO - 数据库更新已下载章节
2026-08-14 23:34:15 - mkk_pika - database.py:244 - INFO - 该漫画已下载章节如下
2026-08-14 23:34:15 - mkk_pika - database.py:245 - INFO - ['第1集']
2026-08-14 23:34:16 - mkk_pika - main.py:348 - INFO - ==================== 漫画信息 ====================
                                   漫画ID：5c5e494a38565d0d46ac0a40
                                   标题：時間停止-空白の記憶
                                   作者：むしゃぶる (武者サブ)
                                   是否完结：是
                                   总页数：25
                                   分类：短篇
                                   章节数：1
                                   最后更新时间：2019-02-09T03:30:18.125Z
                                   =================================================
2026-08-14 23:34:16 - mkk_pika - database.py:101 - INFO - 保存成功：時間停止-空白の記憶
2026-08-14 23:34:16 - mkk_pika - main.py:35 - INFO - 开始检查犠牲者有紗ちゃん（汉化）是否存在未下载章节
2026-08-14 23:34:16 - mkk_pika - main.py:45 - INFO - 正在下载:[犠牲者有紗ちゃん（汉化）]-[なななな (なんなる)]-[['短篇', '強暴']]-[total_pages:25]
2026-08-14 23:34:16 - mkk_pika - main.py:49 - INFO - [{'_id': '5c5e49ee3e482c0d4285fc26', 'title': '第1集', 'order': 1, 'updated_at': '2019-02-09T01:48:31.212Z', 'id': '5c5e49ee3e482c0d4285fc26'}]
2026-08-14 23:34:16 - mkk_pika - database.py:215 - INFO - 第一次下载该漫画，记录数据库中
2026-08-14 23:34:17 - mkk_pika - main.py:83 - INFO - 找到 25 张图片在:第1集
2026-08-14 23:34:18 - mkk_pika - main.py:112 - INFO - [episode:第1集       ] downloaded:    25, total:  25, progress:100%
2026-08-14 23:34:18 - mkk_pika - database.py:238 - INFO - 数据库更新已下载章节
2026-08-14 23:34:18 - mkk_pika - database.py:244 - INFO - 该漫画已下载章节如下
2026-08-14 23:34:18 - mkk_pika - database.py:245 - INFO - ['第1集']
2026-08-14 23:34:19 - mkk_pika - main.py:348 - INFO - ==================== 漫画信息 ====================
                                   漫画ID：5c5e49ee3e482c0d4285fc25
                                   标题：犠牲者有紗ちゃん（汉化）
                                   作者：なななな (なんなる)
                                   是否完结：是
                                   总页数：25
                                   分类：短篇,強暴
                                   章节数：1
                                   最后更新时间：2019-02-09T03:33:02.486Z
                                   =================================================
2026-08-14 23:34:19 - mkk_pika - database.py:101 - INFO - 保存成功：犠牲者有紗ちゃん（汉化）
2026-08-14 23:34:19 - mkk_pika - main.py:35 - INFO - 开始检查 炎の魔女にお尻弄られる本 (ウィッチクラフトワークス)是否存在未下载章节
2026-08-14 23:34:19 - mkk_pika - main.py:45 - INFO - 正在下载:[ 炎の魔女にお尻弄られる本 (ウィッチクラフトワークス)]-[七面楚歌 (すたーきー)]-[['短篇', '同人', '純愛', '扶他樂園']]-[total_pages:22]
2026-08-14 23:34:19 - mkk_pika - main.py:49 - INFO - [{'_id': '5c5e4a0038565d0d46ac0a5e', 'title': '第1集', 'order': 1, 'updated_at': '2019-02-09T01:58:34.498Z', 'id': '5c5e4a0038565d0d46ac0a5e'}]
2026-08-14 23:34:19 - mkk_pika - database.py:215 - INFO - 第一次下载该漫画，记录数据库中
2026-08-14 23:34:20 - mkk_pika - main.py:83 - INFO - 找到 22 张图片在:第1集
2026-08-14 23:34:21 - mkk_pika - main.py:112 - INFO - [episode:第1集       ] downloaded:    22, total:  22, progress:100%
2026-08-14 23:34:21 - mkk_pika - database.py:238 - INFO - 数据库更新已下载章节
2026-08-14 23:34:21 - mkk_pika - database.py:244 - INFO - 该漫画已下载章节如下
2026-08-14 23:34:21 - mkk_pika - database.py:245 - INFO - ['第1集']
2026-08-14 23:34:22 - mkk_pika - main.py:348 - INFO - ==================== 漫画信息 ====================
                                   漫画ID：5c5e4a0038565d0d46ac0a5d
                                   标题： 炎の魔女にお尻弄られる本 (ウィッチクラフトワークス)
                                   作者：七面楚歌 (すたーきー)
                                   是否完结：是
                                   总页数：22
                                   分类：短篇,同人,純愛,扶他樂園
                                   章节数：1
                                   最后更新时间：2019-02-09T03:33:20.653Z
                                   =================================================
2026-08-14 23:34:22 - mkk_pika - database.py:101 - INFO - 保存成功： 炎の魔女にお尻弄られる本 (ウィッチクラフトワークス)
2026-08-14 23:34:22 - mkk_pika - main.py:35 - INFO - 开始检查ポチ 牝幼犬調教是否存在未下载章节
2026-08-14 23:34:22 - mkk_pika - main.py:45 - INFO - 正在下载:[ポチ 牝幼犬調教]-[LOLI西洋剣 (PANBAI)]-[['短篇', '強暴']]-[total_pages:29]
2026-08-14 23:34:22 - mkk_pika - main.py:49 - INFO - [{'_id': '5c5e4a6115432a058c2a323d', 'title': '第1集', 'order': 1, 'updated_at': '2019-02-09T02:06:55.313Z', 'id': '5c5e4a6115432a058c2a323d'}]
2026-08-14 23:34:22 - mkk_pika - database.py:215 - INFO - 第一次下载该漫画，记录数据库中
2026-08-14 23:34:23 - mkk_pika - main.py:83 - INFO - 找到 29 张图片在:第1集
2026-08-14 23:34:24 - mkk_pika - main.py:112 - INFO - [episode:第1集       ] downloaded:    29, total:  29, progress:100%
2026-08-14 23:34:24 - mkk_pika - database.py:238 - INFO - 数据库更新已下载章节
2026-08-14 23:34:24 - mkk_pika - database.py:244 - INFO - 该漫画已下载章节如下
2026-08-14 23:34:24 - mkk_pika - database.py:245 - INFO - ['第1集']
2026-08-14 23:34:25 - mkk_pika - main.py:348 - INFO - ==================== 漫画信息 ====================
                                   漫画ID：5c5e4a6115432a058c2a323c
                                   标题：ポチ 牝幼犬調教
                                   作者：LOLI西洋剣 (PANBAI)
                                   是否完结：是
                                   总页数：29
                                   分类：短篇,強暴
                                   章节数：1
                                   最后更新时间：2019-02-09T03:34:57.016Z
                                   =================================================
2026-08-14 23:34:25 - mkk_pika - database.py:101 - INFO - 保存成功：ポチ 牝幼犬調教
2026-08-14 23:34:25 - mkk_pika - main.py:35 - INFO - 开始检查(C95)性幼犬調教1.5是否存在未下载章节
2026-08-14 23:34:26 - mkk_pika - main.py:45 - INFO - 正在下载:[(C95)性幼犬調教1.5]-[LOLI西洋剣 (PANBAI)]-[['短篇', '強暴']]-[total_pages:9]
2026-08-14 23:34:26 - mkk_pika - main.py:49 - INFO - [{'_id': '5c5e4a877fcf1d05cc0aace9', 'title': '第1集', 'order': 1, 'updated_at': '2019-02-09T02:11:40.850Z', 'id': '5c5e4a877fcf1d05cc0aace9'}]
2026-08-14 23:34:26 - mkk_pika - database.py:215 - INFO - 第一次下载该漫画，记录数据库中
2026-08-14 23:34:26 - mkk_pika - main.py:83 - INFO - 找到 9 张图片在:第1集
2026-08-14 23:34:27 - mkk_pika - main.py:112 - INFO - [episode:第1集       ] downloaded:     9, total:   9, progress:100%
2026-08-14 23:34:27 - mkk_pika - database.py:238 - INFO - 数据库更新已下载章节
2026-08-14 23:34:27 - mkk_pika - database.py:244 - INFO - 该漫画已下载章节如下
2026-08-14 23:34:27 - mkk_pika - database.py:245 - INFO - ['第1集']
2026-08-14 23:34:28 - mkk_pika - main.py:348 - INFO - ==================== 漫画信息 ====================
                                   漫画ID：5c5e4a877fcf1d05cc0aace8
                                   标题：(C95)性幼犬調教1.5
                                   作者：LOLI西洋剣 (PANBAI)
                                   是否完结：是
                                   总页数：9
                                   分类：短篇,強暴
                                   章节数：1
                                   最后更新时间：2019-02-09T03:35:35.261Z
                                   =================================================
2026-08-14 23:34:28 - mkk_pika - database.py:101 - INFO - 保存成功：(C95)性幼犬調教1.5
2026-08-14 23:34:28 - mkk_pika - main.py:35 - INFO - 开始检查(C95) ふたなり秋山殿が西住さんでパンツァーハイ!! (ガールズ&パンツァー)是否存在未下载章节
2026-08-14 23:34:28 - mkk_pika - main.py:45 - INFO - 正在下载:[(C95) ふたなり秋山殿が西住さんでパンツァーハイ!! (ガールズ&パンツァー)]-[カムリズム (鬼頭サケル)]-[['同人', '短篇', '扶他樂園']]-[total_pages:21]
2026-08-14 23:34:28 - mkk_pika - main.py:49 - INFO - [{'_id': '5c5e4abcb789520d17fcdf5a', 'title': '第1集', 'order': 1, 'updated_at': '2019-02-09T02:26:59.040Z', 'id': '5c5e4abcb789520d17fcdf5a'}]
2026-08-14 23:34:28 - mkk_pika - database.py:215 - INFO - 第一次下载该漫画，记录数据库中
2026-08-14 23:34:29 - mkk_pika - main.py:83 - INFO - 找到 21 张图片在:第1集
2026-08-14 23:34:30 - mkk_pika - main.py:112 - INFO - [episode:第1集       ] downloaded:    21, total:  21, progress:100%
2026-08-14 23:34:30 - mkk_pika - database.py:238 - INFO - 数据库更新已下载章节
2026-08-14 23:34:30 - mkk_pika - database.py:244 - INFO - 该漫画已下载章节如下
2026-08-14 23:34:30 - mkk_pika - database.py:245 - INFO - ['第1集']
2026-08-14 23:34:31 - mkk_pika - main.py:348 - INFO - ==================== 漫画信息 ====================
                                   漫画ID：5c5e4abcb789520d17fcdf59
                                   标题：(C95) ふたなり秋山殿が西住さんでパンツァーハイ!! (ガールズ&パンツァー)
                                   作者：カムリズム (鬼頭サケル)
                                   是否完结：是
                                   总页数：21
                                   分类：同人,短篇,扶他樂園
                                   章节数：1
                                   最后更新时间：2019-02-09T03:36:28.003Z
                                   =================================================
2026-08-14 23:34:31 - mkk_pika - database.py:101 - INFO - 保存成功：(C95) ふたなり秋山殿が西住さんでパンツァーハイ!! (ガールズ&パンツァー)
2026-08-14 23:34:31 - mkk_pika - main.py:35 - INFO - 开始检查一緒にふたなりプラクティス | 一起來做雙性扶他練習是否存在未下载章节
2026-08-14 23:34:31 - mkk_pika - main.py:45 - INFO - 正在下载:[一緒にふたなりプラクティス | 一起來做雙性扶他練習]-[青葉Q魔洞 (墓場淀夢)]-[['短篇', '扶他樂園']]-[total_pages:28]
2026-08-14 23:34:31 - mkk_pika - main.py:49 - INFO - [{'_id': '5c5e4bbbb626b57e65147123', 'title': '第1集', 'order': 1, 'updated_at': '2019-02-09T02:44:50.788Z', 'id': '5c5e4bbbb626b57e65147123'}]
2026-08-14 23:34:31 - mkk_pika - database.py:215 - INFO - 第一次下载该漫画，记录数据库中
2026-08-14 23:34:32 - mkk_pika - main.py:83 - INFO - 找到 28 张图片在:第1集
2026-08-14 23:34:33 - mkk_pika - main.py:112 - INFO - [episode:第1集       ] downloaded:    28, total:  28, progress:100%
2026-08-14 23:34:33 - mkk_pika - database.py:238 - INFO - 数据库更新已下载章节
2026-08-14 23:34:33 - mkk_pika - database.py:244 - INFO - 该漫画已下载章节如下
2026-08-14 23:34:33 - mkk_pika - database.py:245 - INFO - ['第1集']
2026-08-14 23:34:34 - mkk_pika - main.py:348 - INFO - ==================== 漫画信息 ====================
                                   漫画ID：5c5e4bbbb626b57e65147122
                                   标题：一緒にふたなりプラクティス | 一起來做雙性扶他練習
                                   作者：青葉Q魔洞 (墓場淀夢)
                                   是否完结：是
                                   总页数：28
                                   分类：短篇,扶他樂園
                                   章节数：1
                                   最后更新时间：2019-02-09T03:40:43.108Z
                                   =================================================
2026-08-14 23:34:34 - mkk_pika - database.py:101 - INFO - 保存成功：一緒にふたなりプラクティス | 一起來做雙性扶他練習
2026-08-14 23:34:34 - mkk_pika - main.py:35 - INFO - 开始检查一緒にふたなりプラクティス2 | 一起來做雙性扶他練習2是否存在未下载章节
2026-08-14 23:34:35 - mkk_pika - main.py:45 - INFO - 正在下载:[一緒にふたなりプラクティス2 | 一起來做雙性扶他練習2]-[青葉Q魔洞 (墓場淀夢)]-[['短篇', '扶他樂園']]-[total_pages:31]
2026-08-14 23:34:35 - mkk_pika - main.py:49 - INFO - [{'_id': '5c5e4bc83e482c0d4285fc49', 'title': '第1集', 'order': 1, 'updated_at': '2019-02-09T02:47:58.198Z', 'id': '5c5e4bc83e482c0d4285fc49'}]
2026-08-14 23:34:35 - mkk_pika - database.py:215 - INFO - 第一次下载该漫画，记录数据库中
2026-08-14 23:34:35 - mkk_pika - main.py:83 - INFO - 找到 31 张图片在:第1集
2026-08-14 23:34:36 - mkk_pika - main.py:112 - INFO - [episode:第1集       ] downloaded:    31, total:  31, progress:100%
2026-08-14 23:34:36 - mkk_pika - database.py:238 - INFO - 数据库更新已下载章节
2026-08-14 23:34:36 - mkk_pika - database.py:244 - INFO - 该漫画已下载章节如下
2026-08-14 23:34:36 - mkk_pika - database.py:245 - INFO - ['第1集']
2026-08-14 23:34:38 - mkk_pika - main.py:348 - INFO - ==================== 漫画信息 ====================
                                   漫画ID：5c5e4bc83e482c0d4285fc48
                                   标题：一緒にふたなりプラクティス2 | 一起來做雙性扶他練習2
                                   作者：青葉Q魔洞 (墓場淀夢)
                                   是否完结：是
                                   总页数：31
                                   分类：短篇,扶他樂園
                                   章节数：1
                                   最后更新时间：2019-02-09T03:40:56.748Z
                                   =================================================
2026-08-14 23:34:38 - mkk_pika - database.py:101 - INFO - 保存成功：一緒にふたなりプラクティス2 | 一起來做雙性扶他練習2
2026-08-14 23:34:38 - mkk_pika - main.py:35 - INFO - 开始检查一緒にふたなりプラクティス3 | 一起來做雙性扶他練習3是否存在未下载章节
2026-08-14 23:34:38 - mkk_pika - main.py:45 - INFO - 正在下载:[一緒にふたなりプラクティス3 | 一起來做雙性扶他練習3]-[青葉Q魔洞 (墓場淀夢)]-[['短篇', '扶他樂園']]-[total_pages:29]
2026-08-14 23:34:38 - mkk_pika - main.py:49 - INFO - [{'_id': '5c5e4c06ad486f7e5da2ba6c', 'title': '第1集', 'order': 1, 'updated_at': '2019-02-09T02:53:25.048Z', 'id': '5c5e4c06ad486f7e5da2ba6c'}]
2026-08-14 23:34:38 - mkk_pika - database.py:215 - INFO - 第一次下载该漫画，记录数据库中
2026-08-14 23:34:39 - mkk_pika - main.py:83 - INFO - 找到 29 张图片在:第1集
2026-08-14 23:34:40 - mkk_pika - main.py:112 - INFO - [episode:第1集       ] downloaded:    29, total:  29, progress:100%
2026-08-14 23:34:40 - mkk_pika - database.py:238 - INFO - 数据库更新已下载章节
2026-08-14 23:34:40 - mkk_pika - database.py:244 - INFO - 该漫画已下载章节如下
2026-08-14 23:34:40 - mkk_pika - database.py:245 - INFO - ['第1集']
2026-08-14 23:34:41 - mkk_pika - main.py:348 - INFO - ==================== 漫画信息 ====================
                                   漫画ID：5c5e4c06ad486f7e5da2ba6b
                                   标题：一緒にふたなりプラクティス3 | 一起來做雙性扶他練習3
                                   作者：青葉Q魔洞 (墓場淀夢)
                                   是否完结：是
                                   总页数：29
                                   分类：短篇,扶他樂園
                                   章节数：1
                                   最后更新时间：2019-02-09T03:41:58.561Z
                                   =================================================
2026-08-14 23:34:41 - mkk_pika - database.py:101 - INFO - 保存成功：一緒にふたなりプラクティス3 | 一起來做雙性扶他練習3
2026-08-14 23:34:41 - mkk_pika - main.py:35 - INFO - 开始检查一緒にふたなりプラクティス4 | 一起來做雙性扶他練習4是否存在未下载章节
2026-08-14 23:34:41 - mkk_pika - main.py:45 - INFO - 正在下载:[一緒にふたなりプラクティス4 | 一起來做雙性扶他練習4]-[青葉Q魔洞 (墓場淀夢)]-[['短篇', '扶他樂園']]-[total_pages:34]
2026-08-14 23:34:41 - mkk_pika - main.py:49 - INFO - [{'_id': '5c5e4c0db789520d17fcdf74', 'title': '第1集', 'order': 1, 'updated_at': '2019-02-09T02:56:42.426Z', 'id': '5c5e4c0db789520d17fcdf74'}]
2026-08-14 23:34:41 - mkk_pika - database.py:215 - INFO - 第一次下载该漫画，记录数据库中
2026-08-14 23:34:42 - mkk_pika - main.py:83 - INFO - 找到 34 张图片在:第1集
2026-08-14 23:34:43 - mkk_pika - main.py:112 - INFO - [episode:第1集       ] downloaded:    34, total:  34, progress:100%
2026-08-14 23:34:43 - mkk_pika - database.py:238 - INFO - 数据库更新已下载章节
2026-08-14 23:34:43 - mkk_pika - database.py:244 - INFO - 该漫画已下载章节如下
2026-08-14 23:34:43 - mkk_pika - database.py:245 - INFO - ['第1集']
2026-08-14 23:34:44 - mkk_pika - main.py:348 - INFO - ==================== 漫画信息 ====================
                                   漫画ID：5c5e4c0db789520d17fcdf73
                                   标题：一緒にふたなりプラクティス4 | 一起來做雙性扶他練習4
                                   作者：青葉Q魔洞 (墓場淀夢)
                                   是否完结：是
                                   总页数：34
                                   分类：短篇,扶他樂園
                                   章节数：1
                                   最后更新时间：2019-02-09T03:42:05.839Z
                                   =================================================
2026-08-14 23:34:44 - mkk_pika - database.py:101 - INFO - 保存成功：一緒にふたなりプラクティス4 | 一起來做雙性扶他練習4
2026-08-14 23:34:44 - mkk_pika - main.py:35 - INFO - 开始检查(紅楼夢10) さなさなサナックス (東方Project)是否存在未下载章节
2026-08-14 23:34:45 - mkk_pika - main.py:45 - INFO - 正在下载:[(紅楼夢10) さなさなサナックス (東方Project)]-[やし屋 (YASSY)]-[['全彩', '同人', '短篇', '東方']]-[total_pages:28]
2026-08-14 23:34:45 - mkk_pika - main.py:49 - INFO - [{'_id': '5c5e4c26ad486f7e5da2ba8d', 'title': '第1集', 'order': 1, 'updated_at': '2019-02-09T03:16:16.730Z', 'id': '5c5e4c26ad486f7e5da2ba8d'}]
2026-08-14 23:34:45 - mkk_pika - database.py:215 - INFO - 第一次下载该漫画，记录数据库中
2026-08-14 23:34:45 - mkk_pika - main.py:83 - INFO - 找到 28 张图片在:第1集
2026-08-14 23:34:46 - mkk_pika - main.py:112 - INFO - [episode:第1集       ] downloaded:    28, total:  28, progress:100%
2026-08-14 23:34:46 - mkk_pika - database.py:238 - INFO - 数据库更新已下载章节
2026-08-14 23:34:46 - mkk_pika - database.py:244 - INFO - 该漫画已下载章节如下
2026-08-14 23:34:46 - mkk_pika - database.py:245 - INFO - ['第1集']
2026-08-14 23:34:48 - mkk_pika - main.py:348 - INFO - ==================== 漫画信息 ====================
                                   漫画ID：5c5e4c26ad486f7e5da2ba8c
                                   标题：(紅楼夢10) さなさなサナックス (東方Project)
                                   作者：やし屋 (YASSY)
                                   是否完结：是
                                   总页数：28
                                   分类：全彩,同人,短篇,東方
                                   章节数：1
                                   最后更新时间：2019-02-09T03:42:30.049Z
                                   =================================================
2026-08-14 23:34:48 - mkk_pika - database.py:101 - INFO - 保存成功：(紅楼夢10) さなさなサナックス (東方Project)
2026-08-14 23:34:48 - mkk_pika - main.py:35 - INFO - 开始检查 実拡張空想のマナ是否存在未下载章节
2026-08-14 23:34:48 - mkk_pika - main.py:45 - INFO - 正在下载:[ 実拡張空想のマナ]-[ternotte (ノネト)]-[['長篇', '純愛', '後宮閃光', '百合花園']]-[total_pages:265]
2026-08-14 23:34:48 - mkk_pika - main.py:49 - INFO - [{'_id': '5c5810c861e3d4213110337f', 'title': '第1集', 'order': 1, 'updated_at': '2019-02-04T09:47:26.308Z', 'id': '5c5810c861e3d4213110337f'}, {'_id': '5c5810c861e3d42131103380', 'title': '第2集', 'order': 2, 'updated_at': '2019-02-04T09:48:35.209Z', 'id': '5c5810c861e3d42131103380'}, {'_id': '5c5810c861e3d42131103381', 'title': '第3集', 'order': 3, 'updated_at': '2019-02-04T09:49:22.467Z', 'id': '5c5810c861e3d42131103381'}, {'_id': '5c5810c861e3d42131103382', 'title': '第4集', 'order': 4, 'updated_at': '2019-02-08T08:50:25.260Z', 'id': '5c5810c861e3d42131103382'}, {'_id': '5c5810c861e3d42131103383', 'title': '第5集', 'order': 5, 'updated_at': '2019-02-04T09:51:07.613Z', 'id': '5c5810c861e3d42131103383'}, {'_id': '5c5810c861e3d42131103384', 'title': '第6集', 'order': 6, 'updated_at': '2019-02-04T09:51:50.052Z', 'id': '5c5810c861e3d42131103384'}, {'_id': '5c5810c861e3d42131103385', 'title': '第7集', 'order': 7, 'updated_at': '2019-02-04T09:53:23.322Z', 'id': '5c5810c861e3d42131103385'}, {'_id': '5c5d42d124cf7e2b888c92a9', 'title': '第8集', 'order': 8, 'updated_at': '2019-02-07T03:47:55.754Z', 'id': '5c5d42d124cf7e2b888c92a9'}, {'_id': '5c5e4c7f3e482c0d4285fc6b', 'title': '第9集', 'order': 9, 'updated_at': '2019-02-09T03:36:38.140Z', 'id': '5c5e4c7f3e482c0d4285fc6b'}]
2026-08-14 23:34:48 - mkk_pika - database.py:215 - INFO - 第一次下载该漫画，记录数据库中
2026-08-14 23:34:49 - mkk_pika - main.py:83 - INFO - 找到 27 张图片在:第1集
2026-08-14 23:34:50 - mkk_pika - main.py:112 - INFO - [episode:第1集       ] downloaded:    27, total:  27, progress:100%
2026-08-14 23:34:50 - mkk_pika - database.py:238 - INFO - 数据库更新已下载章节
2026-08-14 23:34:50 - mkk_pika - database.py:244 - INFO - 该漫画已下载章节如下
2026-08-14 23:34:50 - mkk_pika - database.py:245 - INFO - ['第1集']
2026-08-14 23:34:51 - mkk_pika - main.py:83 - INFO - 找到 30 张图片在:第2集
2026-08-14 23:34:52 - mkk_pika - main.py:112 - INFO - [episode:第2集       ] downloaded:    30, total:  30, progress:100%
2026-08-14 23:34:52 - mkk_pika - database.py:238 - INFO - 数据库更新已下载章节
2026-08-14 23:34:52 - mkk_pika - database.py:244 - INFO - 该漫画已下载章节如下
2026-08-14 23:34:52 - mkk_pika - database.py:245 - INFO - ['第1集', '第2集']
2026-08-14 23:34:54 - mkk_pika - main.py:83 - INFO - 找到 29 张图片在:第3集
2026-08-14 23:34:55 - mkk_pika - main.py:112 - INFO - [episode:第3集       ] downloaded:    29, total:  29, progress:100%
2026-08-14 23:34:55 - mkk_pika - database.py:238 - INFO - 数据库更新已下载章节
2026-08-14 23:34:55 - mkk_pika - database.py:244 - INFO - 该漫画已下载章节如下
2026-08-14 23:34:55 - mkk_pika - database.py:245 - INFO - ['第1集', '第2集', '第3集']
2026-08-14 23:34:56 - mkk_pika - main.py:83 - INFO - 找到 37 张图片在:第4集
2026-08-14 23:34:58 - mkk_pika - main.py:112 - INFO - [episode:第4集       ] downloaded:    37, total:  37, progress:100%
2026-08-14 23:34:58 - mkk_pika - database.py:238 - INFO - 数据库更新已下载章节
2026-08-14 23:34:58 - mkk_pika - database.py:244 - INFO - 该漫画已下载章节如下
2026-08-14 23:34:58 - mkk_pika - database.py:245 - INFO - ['第1集', '第2集', '第3集', '第4集']
2026-08-14 23:34:59 - mkk_pika - main.py:83 - INFO - 找到 26 张图片在:第5集
2026-08-14 23:35:00 - mkk_pika - main.py:112 - INFO - [episode:第5集       ] downloaded:    26, total:  26, progress:100%
2026-08-14 23:35:00 - mkk_pika - database.py:238 - INFO - 数据库更新已下载章节
2026-08-14 23:35:00 - mkk_pika - database.py:244 - INFO - 该漫画已下载章节如下
2026-08-14 23:35:00 - mkk_pika - database.py:245 - INFO - ['第1集', '第2集', '第3集', '第4集', '第5集']
2026-08-14 23:35:02 - mkk_pika - main.py:83 - INFO - 找到 34 张图片在:第6集
2026-08-14 23:35:03 - mkk_pika - main.py:112 - INFO - [episode:第6集       ] downloaded:    34, total:  34, progress:100%
2026-08-14 23:35:03 - mkk_pika - database.py:238 - INFO - 数据库更新已下载章节
2026-08-14 23:35:03 - mkk_pika - database.py:244 - INFO - 该漫画已下载章节如下
2026-08-14 23:35:03 - mkk_pika - database.py:245 - INFO - ['第1集', '第2集', '第3集', '第4集', '第5集', '第6集']
2026-08-14 23:35:04 - mkk_pika - main.py:83 - INFO - 找到 33 张图片在:第7集
2026-08-14 23:35:06 - mkk_pika - main.py:112 - INFO - [episode:第7集       ] downloaded:    33, total:  33, progress:100%
2026-08-14 23:35:06 - mkk_pika - database.py:238 - INFO - 数据库更新已下载章节
2026-08-14 23:35:06 - mkk_pika - database.py:244 - INFO - 该漫画已下载章节如下
2026-08-14 23:35:06 - mkk_pika - database.py:245 - INFO - ['第1集', '第2集', '第3集', '第4集', '第5集', '第6集', '第7集']
2026-08-14 23:35:08 - mkk_pika - main.py:83 - INFO - 找到 34 张图片在:第8集
2026-08-14 23:35:09 - mkk_pika - main.py:112 - INFO - [episode:第8集       ] downloaded:    34, total:  34, progress:100%
2026-08-14 23:35:09 - mkk_pika - database.py:238 - INFO - 数据库更新已下载章节
2026-08-14 23:35:09 - mkk_pika - database.py:244 - INFO - 该漫画已下载章节如下
2026-08-14 23:35:09 - mkk_pika - database.py:245 - INFO - ['第1集', '第2集', '第3集', '第4集', '第5集', '第6集', '第7集', '第8集']
2026-08-14 23:35:11 - mkk_pika - main.py:83 - INFO - 找到 15 张图片在:第9集
2026-08-14 23:35:11 - mkk_pika - main.py:112 - INFO - [episode:第9集       ] downloaded:    15, total:  15, progress:100%
2026-08-14 23:35:11 - mkk_pika - database.py:238 - INFO - 数据库更新已下载章节
2026-08-14 23:35:11 - mkk_pika - database.py:244 - INFO - 该漫画已下载章节如下
2026-08-14 23:35:11 - mkk_pika - database.py:245 - INFO - ['第1集', '第2集', '第3集', '第4集', '第5集', '第6集', '第7集', '第8集', '第9集']
2026-08-14 23:35:12 - mkk_pika - main.py:348 - INFO - ==================== 漫画信息 ====================
                                   漫画ID：5c5810c861e3d4213110337e
                                   标题： 実拡張空想のマナ
                                   作者：ternotte (ノネト)
                                   是否完结：是
                                   总页数：265
                                   分类：長篇,純愛,後宮閃光,百合花園
                                   章节数：9
                                   最后更新时间：2019-02-09T03:43:59.387Z
                                   =================================================
2026-08-14 23:35:12 - mkk_pika - database.py:101 - INFO - 保存成功： 実拡張空想のマナ
2026-08-14 23:35:12 - mkk_pika - main.py:35 - INFO - 开始检查世界のはてまで（直到世界尽头）系列是否存在未下载章节
2026-08-14 23:35:13 - mkk_pika - main.py:45 - INFO - 正在下载:[世界のはてまで（直到世界尽头）系列]-[はしくれ工房 (こう1)]-[['長篇', '短篇']]-[total_pages:70]
2026-08-14 23:35:13 - mkk_pika - main.py:49 - INFO - [{'_id': '5c580f3e394b7008425d1ff5', 'title': '第1集', 'order': 1, 'updated_at': '2019-02-04T03:58:31.550Z', 'id': '5c580f3e394b7008425d1ff5'}, {'_id': '5c5ee37fad486f7e5da2c274', 'title': '第2集', 'order': 2, 'updated_at': '2019-02-09T05:07:19.835Z', 'id': '5c5ee37fad486f7e5da2c274'}]
2026-08-14 23:35:13 - mkk_pika - database.py:215 - INFO - 第一次下载该漫画，记录数据库中
2026-08-14 23:35:13 - mkk_pika - main.py:83 - INFO - 找到 33 张图片在:第1集
2026-08-14 23:35:14 - mkk_pika - main.py:112 - INFO - [episode:第1集       ] downloaded:    33, total:  33, progress:100%
2026-08-14 23:35:14 - mkk_pika - database.py:238 - INFO - 数据库更新已下载章节
2026-08-14 23:35:14 - mkk_pika - database.py:244 - INFO - 该漫画已下载章节如下
2026-08-14 23:35:14 - mkk_pika - database.py:245 - INFO - ['第1集']
2026-08-14 23:35:16 - mkk_pika - main.py:83 - INFO - 找到 37 张图片在:第2集
2026-08-14 23:35:17 - mkk_pika - main.py:112 - INFO - [episode:第2集       ] downloaded:    37, total:  37, progress:100%
2026-08-14 23:35:17 - mkk_pika - database.py:238 - INFO - 数据库更新已下载章节
2026-08-14 23:35:17 - mkk_pika - database.py:244 - INFO - 该漫画已下载章节如下
2026-08-14 23:35:17 - mkk_pika - database.py:245 - INFO - ['第1集', '第2集']
2026-08-14 23:35:19 - mkk_pika - main.py:348 - INFO - ==================== 漫画信息 ====================
                                   漫画ID：5c580f3e394b7008425d1ff4
                                   标题：世界のはてまで（直到世界尽头）系列
                                   作者：はしくれ工房 (こう1)
                                   是否完结：否
                                   总页数：70
                                   分类：長篇,短篇
                                   章节数：2
                                   最后更新时间：2019-02-09T14:28:15.634Z
                                   =================================================
2026-08-14 23:35:19 - mkk_pika - database.py:101 - INFO - 保存成功：世界のはてまで（直到世界尽头）系列
2026-08-14 23:35:19 - mkk_pika - main.py:35 - INFO - 开始检查エミちゃん (２１-コミックゼロス #38)是否存在未下载章节
2026-08-14 23:35:19 - mkk_pika - main.py:45 - INFO - 正在下载:[エミちゃん (２１-コミックゼロス #38)]-[ゆらん]-[['短篇', '純愛']]-[total_pages:26]
2026-08-14 23:35:19 - mkk_pika - main.py:49 - INFO - [{'_id': '5c5fbff87fcf1d05cc0ab637', 'title': '第1集', 'order': 1, 'updated_at': '2019-02-10T01:51:23.499Z', 'id': '5c5fbff87fcf1d05cc0ab637'}]
2026-08-14 23:35:19 - mkk_pika - database.py:215 - INFO - 第一次下载该漫画，记录数据库中
2026-08-14 23:35:19 - mkk_pika - main.py:83 - INFO - 找到 26 张图片在:第1集
2026-08-14 23:35:20 - mkk_pika - main.py:112 - INFO - [episode:第1集       ] downloaded:    26, total:  26, progress:100%
2026-08-14 23:35:20 - mkk_pika - database.py:238 - INFO - 数据库更新已下载章节
2026-08-14 23:35:20 - mkk_pika - database.py:244 - INFO - 该漫画已下载章节如下
2026-08-14 23:35:20 - mkk_pika - database.py:245 - INFO - ['第1集']
2026-08-14 23:35:22 - mkk_pika - main.py:348 - INFO - ==================== 漫画信息 ====================
                                   漫画ID：5c5ee3ecb789520d17fce40e
                                   标题：エミちゃん (２１-コミックゼロス #38)
                                   作者：ゆらん
                                   是否完结：否
                                   总页数：26
                                   分类：短篇,純愛
                                   章节数：1
                                   最后更新时间：2019-02-09T14:30:04.545Z
                                   =================================================
2026-08-14 23:35:22 - mkk_pika - database.py:101 - INFO - 保存成功：エミちゃん (２１-コミックゼロス #38)
2026-08-14 23:35:22 - mkk_pika - main.py:35 - INFO - 开始检查乳白色のいやし (COMIC快楽天ビースト 2018年2月号)[無修正]是否存在未下载章节
2026-08-14 23:35:22 - mkk_pika - main.py:45 - INFO - 正在下载:[乳白色のいやし (COMIC快楽天ビースト 2018年2月号)[無修正]]-[れぐでく]-[['短篇', '純愛']]-[total_pages:21]
2026-08-14 23:35:22 - mkk_pika - main.py:49 - INFO - [{'_id': '5c5ee3fcad486f7e5da2c2a2', 'title': '第1集', 'order': 1, 'updated_at': '2019-02-09T05:52:54.832Z', 'id': '5c5ee3fcad486f7e5da2c2a2'}]
2026-08-14 23:35:22 - mkk_pika - database.py:215 - INFO - 第一次下载该漫画，记录数据库中
2026-08-14 23:35:23 - mkk_pika - main.py:83 - INFO - 找到 21 张图片在:第1集
2026-08-14 23:35:23 - mkk_pika - main.py:112 - INFO - [episode:第1集       ] downloaded:    21, total:  21, progress:100%
2026-08-14 23:35:23 - mkk_pika - database.py:238 - INFO - 数据库更新已下载章节
2026-08-14 23:35:23 - mkk_pika - database.py:244 - INFO - 该漫画已下载章节如下
2026-08-14 23:35:23 - mkk_pika - database.py:245 - INFO - ['第1集']
2026-08-14 23:35:25 - mkk_pika - main.py:348 - INFO - ==================== 漫画信息 ====================
                                   漫画ID：5c5ee3fcad486f7e5da2c2a1
                                   标题：乳白色のいやし (COMIC快楽天ビースト 2018年2月号)[無修正]
                                   作者：れぐでく
                                   是否完结：否
                                   总页数：21
                                   分类：短篇,純愛
                                   章节数：1
                                   最后更新时间：2019-02-09T14:30:20.846Z
                                   =================================================
2026-08-14 23:35:25 - mkk_pika - database.py:101 - INFO - 保存成功：乳白色のいやし (COMIC快楽天ビースト 2018年2月号)[無修正]
2026-08-14 23:35:25 - mkk_pika - main.py:35 - INFO - 开始检查マリッジ?シュガー?マッチ (コミックゼロス #60)[無修正]是否存在未下载章节
2026-08-14 23:35:25 - mkk_pika - main.py:45 - INFO - 正在下载:[マリッジ?シュガー?マッチ (コミックゼロス #60)[無修正]]-[二条かため]-[['短篇', '純愛', '妹妹系']]-[total_pages:19]
2026-08-14 23:35:25 - mkk_pika - main.py:49 - INFO - [{'_id': '5c5ee411b626b57e651479a2', 'title': '第1集', 'order': 1, 'updated_at': '2019-02-09T06:03:57.619Z', 'id': '5c5ee411b626b57e651479a2'}]
2026-08-14 23:35:25 - mkk_pika - database.py:215 - INFO - 第一次下载该漫画，记录数据库中
2026-08-14 23:35:26 - mkk_pika - main.py:83 - INFO - 找到 19 张图片在:第1集
2026-08-14 23:35:26 - mkk_pika - main.py:112 - INFO - [episode:第1集       ] downloaded:    19, total:  19, progress:100%
2026-08-14 23:35:26 - mkk_pika - database.py:238 - INFO - 数据库更新已下载章节
2026-08-14 23:35:26 - mkk_pika - database.py:244 - INFO - 该漫画已下载章节如下
2026-08-14 23:35:26 - mkk_pika - database.py:245 - INFO - ['第1集']
2026-08-14 23:35:28 - mkk_pika - main.py:348 - INFO - ==================== 漫画信息 ====================
                                   漫画ID：5c5ee411b626b57e651479a1
                                   标题：マリッジ?シュガー?マッチ (コミックゼロス #60)[無修正]
                                   作者：二条かため
                                   是否完结：否
                                   总页数：19
                                   分类：短篇,純愛,妹妹系
                                   章节数：1
                                   最后更新时间：2019-02-09T14:30:41.370Z
                                   =================================================
2026-08-14 23:35:28 - mkk_pika - database.py:101 - INFO - 保存成功：マリッジ?シュガー?マッチ (コミックゼロス #60)[無修正]
2026-08-14 23:35:28 - mkk_pika - main.py:35 - INFO - 开始检查虞美人ストリップチャレンジ是否存在未下载章节
2026-08-14 23:35:28 - mkk_pika - main.py:45 - INFO - 正在下载:[虞美人ストリップチャレンジ]-[青ばなな]-[['短篇', '全彩', '同人']]-[total_pages:5]
2026-08-14 23:35:28 - mkk_pika - main.py:49 - INFO - [{'_id': '5c5ee41f96f1c60594bf72b5', 'title': '第1集', 'order': 1, 'updated_at': '2019-02-09T06:05:43.368Z', 'id': '5c5ee41f96f1c60594bf72b5'}]
2026-08-14 23:35:28 - mkk_pika - database.py:215 - INFO - 第一次下载该漫画，记录数据库中
2026-08-14 23:35:29 - mkk_pika - main.py:83 - INFO - 找到 5 张图片在:第1集
2026-08-14 23:35:29 - mkk_pika - main.py:112 - INFO - [episode:第1集       ] downloaded:     5, total:   5, progress:100%
2026-08-14 23:35:29 - mkk_pika - database.py:238 - INFO - 数据库更新已下载章节
2026-08-14 23:35:29 - mkk_pika - database.py:244 - INFO - 该漫画已下载章节如下
2026-08-14 23:35:29 - mkk_pika - database.py:245 - INFO - ['第1集']
2026-08-14 23:35:30 - mkk_pika - main.py:348 - INFO - ==================== 漫画信息 ====================
                                   漫画ID：5c5ee41f96f1c60594bf72b4
                                   标题：虞美人ストリップチャレンジ
                                   作者：青ばなな
                                   是否完结：是
                                   总页数：5
                                   分类：短篇,全彩,同人
                                   章节数：1
                                   最后更新时间：2019-02-09T14:30:55.849Z
                                   =================================================
2026-08-14 23:35:30 - mkk_pika - database.py:101 - INFO - 保存成功：虞美人ストリップチャレンジ
2026-08-14 23:35:30 - mkk_pika - main.py:35 - INFO - 开始检查サマーストラテジー(コミックゼロス #58)[無修正]是否存在未下载章节
2026-08-14 23:35:30 - mkk_pika - main.py:45 - INFO - 正在下载:[サマーストラテジー(コミックゼロス #58)[無修正]]-[二条かため]-[['短篇', '純愛', '妹妹系']]-[total_pages:19]
2026-08-14 23:35:30 - mkk_pika - main.py:49 - INFO - [{'_id': '5c5ee4357fcf1d05cc0ab091', 'title': '第1集', 'order': 1, 'updated_at': '2019-02-09T06:11:16.931Z', 'id': '5c5ee4357fcf1d05cc0ab091'}]
2026-08-14 23:35:30 - mkk_pika - database.py:215 - INFO - 第一次下载该漫画，记录数据库中
2026-08-14 23:35:31 - mkk_pika - main.py:83 - INFO - 找到 19 张图片在:第1集
2026-08-14 23:35:32 - mkk_pika - main.py:112 - INFO - [episode:第1集       ] downloaded:    19, total:  19, progress:100%
2026-08-14 23:35:32 - mkk_pika - database.py:238 - INFO - 数据库更新已下载章节
2026-08-14 23:35:32 - mkk_pika - database.py:244 - INFO - 该漫画已下载章节如下
2026-08-14 23:35:32 - mkk_pika - database.py:245 - INFO - ['第1集']
2026-08-14 23:35:33 - mkk_pika - main.py:348 - INFO - ==================== 漫画信息 ====================
                                   漫画ID：5c5ee4357fcf1d05cc0ab090
                                   标题：サマーストラテジー(コミックゼロス #58)[無修正]
                                   作者：二条かため
                                   是否完结：否
                                   总页数：19
                                   分类：短篇,純愛,妹妹系
                                   章节数：1
                                   最后更新时间：2019-02-09T14:31:17.739Z
                                   =================================================
2026-08-14 23:35:33 - mkk_pika - database.py:101 - INFO - 保存成功：サマーストラテジー(コミックゼロス #58)[無修正]
2026-08-14 23:35:33 - mkk_pika - main.py:35 - INFO - 开始检查(C74) レミフラ丼 特濃ソース (東方Project)是否存在未下载章节
2026-08-14 23:35:33 - mkk_pika - main.py:45 - INFO - 正在下载:[(C74) レミフラ丼 特濃ソース (東方Project)]-[Yashiya (YASSY)]-[['同人', '短篇', '東方']]-[total_pages:52]
2026-08-14 23:35:33 - mkk_pika - main.py:49 - INFO - [{'_id': '5c5ee4ba96f1c60594bf72c4', 'title': '第1集', 'order': 1, 'updated_at': '2019-02-09T06:19:29.019Z', 'id': '5c5ee4ba96f1c60594bf72c4'}]
2026-08-14 23:35:33 - mkk_pika - database.py:215 - INFO - 第一次下载该漫画，记录数据库中
2026-08-14 23:35:34 - mkk_pika - main.py:83 - INFO - 找到 52 张图片在:第1集
2026-08-14 23:35:36 - mkk_pika - main.py:112 - INFO - [episode:第1集       ] downloaded:    52, total:  52, progress:100%
2026-08-14 23:35:36 - mkk_pika - database.py:238 - INFO - 数据库更新已下载章节
2026-08-14 23:35:36 - mkk_pika - database.py:244 - INFO - 该漫画已下载章节如下
2026-08-14 23:35:36 - mkk_pika - database.py:245 - INFO - ['第1集']
2026-08-14 23:35:37 - mkk_pika - main.py:348 - INFO - ==================== 漫画信息 ====================
                                   漫画ID：5c5ee4ba96f1c60594bf72c3
                                   标题：(C74) レミフラ丼 特濃ソース (東方Project)
                                   作者：Yashiya (YASSY)
                                   是否完结：是
                                   总页数：52
                                   分类：同人,短篇,東方
                                   章节数：1
                                   最后更新时间：2019-02-09T14:33:30.175Z
                                   =================================================
2026-08-14 23:35:37 - mkk_pika - database.py:101 - INFO - 保存成功：(C74) レミフラ丼 特濃ソース (東方Project)
2026-08-14 23:35:37 - mkk_pika - main.py:35 - INFO - 开始检查(C87) 遊ぶ金欲しさに (東方Project) 是否存在未下载章节
2026-08-14 23:35:37 - mkk_pika - main.py:45 - INFO - 正在下载:[(C87) 遊ぶ金欲しさに (東方Project) ]-[やし屋 (YASSY)]-[['同人', '短篇', '東方']]-[total_pages:19]
2026-08-14 23:35:37 - mkk_pika - main.py:49 - INFO - [{'_id': '5c5ee4d3e653837e364433de', 'title': '第1集', 'order': 1, 'updated_at': '2019-02-09T06:27:33.748Z', 'id': '5c5ee4d3e653837e364433de'}]
2026-08-14 23:35:37 - mkk_pika - database.py:215 - INFO - 第一次下载该漫画，记录数据库中
2026-08-14 23:35:38 - mkk_pika - main.py:83 - INFO - 找到 19 张图片在:第1集
2026-08-14 23:35:39 - mkk_pika - main.py:112 - INFO - [episode:第1集       ] downloaded:    19, total:  19, progress:100%
2026-08-14 23:35:39 - mkk_pika - database.py:238 - INFO - 数据库更新已下载章节
2026-08-14 23:35:39 - mkk_pika - database.py:244 - INFO - 该漫画已下载章节如下
2026-08-14 23:35:39 - mkk_pika - database.py:245 - INFO - ['第1集']
2026-08-14 23:35:40 - mkk_pika - main.py:348 - INFO - ==================== 漫画信息 ====================
                                   漫画ID：5c5ee4d3e653837e364433dd
                                   标题：(C87) 遊ぶ金欲しさに (東方Project) 
                                   作者：やし屋 (YASSY)
                                   是否完结：是
                                   总页数：19
                                   分类：同人,短篇,東方
                                   章节数：1
                                   最后更新时间：2019-02-09T14:33:55.671Z
                                   =================================================
2026-08-14 23:35:40 - mkk_pika - database.py:101 - INFO - 保存成功：(C87) 遊ぶ金欲しさに (東方Project) 
2026-08-14 23:35:40 - mkk_pika - main.py:35 - INFO - 开始检查妖夢くずし (東方Project) 是否存在未下载章节
2026-08-14 23:35:40 - mkk_pika - main.py:45 - INFO - 正在下载:[妖夢くずし (東方Project) ]-[やし屋 (YASSY)]-[['短篇', '同人', '東方', '百合花園']]-[total_pages:35]
2026-08-14 23:35:40 - mkk_pika - main.py:49 - INFO - [{'_id': '5c5ee4e5f031ca05bad8f39a', 'title': '第1集', 'order': 1, 'updated_at': '2019-02-09T06:32:29.080Z', 'id': '5c5ee4e5f031ca05bad8f39a'}]
2026-08-14 23:35:40 - mkk_pika - database.py:215 - INFO - 第一次下载该漫画，记录数据库中
2026-08-14 23:35:41 - mkk_pika - main.py:83 - INFO - 找到 35 张图片在:第1集
2026-08-14 23:35:42 - mkk_pika - main.py:112 - INFO - [episode:第1集       ] downloaded:    35, total:  35, progress:100%
2026-08-14 23:35:42 - mkk_pika - database.py:238 - INFO - 数据库更新已下载章节
2026-08-14 23:35:42 - mkk_pika - database.py:244 - INFO - 该漫画已下载章节如下
2026-08-14 23:35:42 - mkk_pika - database.py:245 - INFO - ['第1集']
2026-08-14 23:35:44 - mkk_pika - main.py:348 - INFO - ==================== 漫画信息 ====================
                                   漫画ID：5c5ee4e5f031ca05bad8f399
                                   标题：妖夢くずし (東方Project) 
                                   作者：やし屋 (YASSY)
                                   是否完结：是
                                   总页数：35
                                   分类：短篇,同人,東方,百合花園
                                   章节数：1
                                   最后更新时间：2019-02-09T14:34:13.459Z
                                   =================================================
2026-08-14 23:35:44 - mkk_pika - database.py:101 - INFO - 保存成功：妖夢くずし (東方Project) 
2026-08-14 23:35:44 - mkk_pika - main.py:35 - INFO - 开始检查みだらな…是否存在未下载章节
2026-08-14 23:35:44 - mkk_pika - main.py:45 - INFO - 正在下载:[みだらな…]-[あいの智絵]-[['短篇', '純愛']]-[total_pages:24]
2026-08-14 23:35:44 - mkk_pika - main.py:49 - INFO - [{'_id': '5c5ee525f031ca05bad8f3c0', 'title': '第1集', 'order': 1, 'updated_at': '2019-02-09T09:22:48.744Z', 'id': '5c5ee525f031ca05bad8f3c0'}]
2026-08-14 23:35:44 - mkk_pika - database.py:215 - INFO - 第一次下载该漫画，记录数据库中
2026-08-14 23:35:45 - mkk_pika - main.py:83 - INFO - 找到 24 张图片在:第1集
2026-08-14 23:35:45 - mkk_pika - main.py:112 - INFO - [episode:第1集       ] downloaded:    24, total:  24, progress:100%
2026-08-14 23:35:45 - mkk_pika - database.py:238 - INFO - 数据库更新已下载章节
2026-08-14 23:35:45 - mkk_pika - database.py:244 - INFO - 该漫画已下载章节如下
2026-08-14 23:35:45 - mkk_pika - database.py:245 - INFO - ['第1集']
2026-08-14 23:35:47 - mkk_pika - main.py:348 - INFO - ==================== 漫画信息 ====================
                                   漫画ID：5c5ee525f031ca05bad8f3bf
                                   标题：みだらな…
                                   作者：あいの智絵
                                   是否完结：否
                                   总页数：24
                                   分类：短篇,純愛
                                   章节数：1
                                   最后更新时间：2019-02-09T14:35:17.902Z
                                   =================================================
2026-08-14 23:35:47 - mkk_pika - database.py:101 - INFO - 保存成功：みだらな…
2026-08-14 23:35:47 - mkk_pika - main.py:35 - INFO - 开始检查哥哥是我的性玩具——おにいちゃんはおなぺっと是否存在未下载章节
2026-08-14 23:35:47 - mkk_pika - main.py:45 - INFO - 正在下载:[哥哥是我的性玩具——おにいちゃんはおなぺっと]-[ぽよぽよスカイ (佐伯ソラ)]-[['短篇', '純愛', '妹妹系']]-[total_pages:18]
2026-08-14 23:35:47 - mkk_pika - main.py:49 - INFO - [{'_id': '5c5ee53de653837e364433f6', 'title': '第1集', 'order': 1, 'updated_at': '2019-02-09T10:41:41.077Z', 'id': '5c5ee53de653837e364433f6'}]
2026-08-14 23:35:47 - mkk_pika - database.py:215 - INFO - 第一次下载该漫画，记录数据库中
2026-08-14 23:35:48 - mkk_pika - main.py:83 - INFO - 找到 18 张图片在:第1集
2026-08-14 23:35:48 - mkk_pika - main.py:112 - INFO - [episode:第1集       ] downloaded:    18, total:  18, progress:100%
2026-08-14 23:35:48 - mkk_pika - database.py:238 - INFO - 数据库更新已下载章节
2026-08-14 23:35:48 - mkk_pika - database.py:244 - INFO - 该漫画已下载章节如下
2026-08-14 23:35:48 - mkk_pika - database.py:245 - INFO - ['第1集']
2026-08-14 23:35:50 - mkk_pika - main.py:348 - INFO - ==================== 漫画信息 ====================
                                   漫画ID：5c5ee53de653837e364433f5
                                   标题：哥哥是我的性玩具——おにいちゃんはおなぺっと
                                   作者：ぽよぽよスカイ (佐伯ソラ)
                                   是否完结：是
                                   总页数：18
                                   分类：短篇,純愛,妹妹系
                                   章节数：1
                                   最后更新时间：2019-02-09T14:35:41.319Z
                                   =================================================
2026-08-14 23:35:50 - mkk_pika - database.py:101 - INFO - 保存成功：哥哥是我的性玩具——おにいちゃんはおなぺっと
2026-08-14 23:35:50 - mkk_pika - main.py:35 - INFO - 开始检查 (C95)Carnal Chaldea (Fate Grand Order)是否存在未下载章节
2026-08-14 23:35:50 - mkk_pika - main.py:45 - INFO - 正在下载:[ (C95)Carnal Chaldea (Fate Grand Order)]-[天香屋 (ミサカ12003)]-[['短篇', '同人', 'Fate', '全彩', '後宮閃光']]-[total_pages:19]
2026-08-14 23:35:50 - mkk_pika - main.py:49 - INFO - [{'_id': '5c5ee54fad486f7e5da2c2ef', 'title': '第1集', 'order': 1, 'updated_at': '2019-02-09T10:42:52.755Z', 'id': '5c5ee54fad486f7e5da2c2ef'}]
2026-08-14 23:35:50 - mkk_pika - database.py:215 - INFO - 第一次下载该漫画，记录数据库中
2026-08-14 23:35:51 - mkk_pika - main.py:83 - INFO - 找到 19 张图片在:第1集
2026-08-14 23:35:51 - mkk_pika - main.py:112 - INFO - [episode:第1集       ] downloaded:    19, total:  19, progress:100%
2026-08-14 23:35:51 - mkk_pika - database.py:238 - INFO - 数据库更新已下载章节
2026-08-14 23:35:51 - mkk_pika - database.py:244 - INFO - 该漫画已下载章节如下
2026-08-14 23:35:51 - mkk_pika - database.py:245 - INFO - ['第1集']
2026-08-14 23:35:53 - mkk_pika - main.py:348 - INFO - ==================== 漫画信息 ====================
                                   漫画ID：5c5ee54fad486f7e5da2c2ee
                                   标题： (C95)Carnal Chaldea (Fate Grand Order)
                                   作者：天香屋 (ミサカ12003)
                                   是否完结：是
                                   总页数：19
                                   分类：短篇,同人,Fate,全彩,後宮閃光
                                   章节数：1
                                   最后更新时间：2019-02-09T14:35:59.629Z
                                   =================================================
2026-08-14 23:35:53 - mkk_pika - database.py:101 - INFO - 保存成功： (C95)Carnal Chaldea (Fate Grand Order)
2026-08-14 23:35:53 - mkk_pika - main.py:35 - INFO - 开始检查(C95)お泊りしたのはHなギャルお姉ちゃん達のお家でした (オリジナル)是否存在未下载章节
2026-08-14 23:35:53 - mkk_pika - main.py:45 - INFO - 正在下载:[(C95)お泊りしたのはHなギャルお姉ちゃん達のお家でした (オリジナル)]-[A極振り (Sian)]-[['短篇', '同人', '後宮閃光']]-[total_pages:38]
2026-08-14 23:35:53 - mkk_pika - main.py:49 - INFO - [{'_id': '5c5ee5657fcf1d05cc0ab0cc', 'title': '第1集', 'order': 1, 'updated_at': '2019-02-09T10:57:06.266Z', 'id': '5c5ee5657fcf1d05cc0ab0cc'}]
2026-08-14 23:35:53 - mkk_pika - database.py:215 - INFO - 第一次下载该漫画，记录数据库中
2026-08-14 23:35:54 - mkk_pika - main.py:83 - INFO - 找到 38 张图片在:第1集
2026-08-14 23:35:55 - mkk_pika - main.py:112 - INFO - [episode:第1集       ] downloaded:    38, total:  38, progress:100%
2026-08-14 23:35:55 - mkk_pika - database.py:238 - INFO - 数据库更新已下载章节
2026-08-14 23:35:55 - mkk_pika - database.py:244 - INFO - 该漫画已下载章节如下
2026-08-14 23:35:55 - mkk_pika - database.py:245 - INFO - ['第1集']
2026-08-14 23:35:56 - mkk_pika - main.py:348 - INFO - ==================== 漫画信息 ====================
                                   漫画ID：5c5ee5657fcf1d05cc0ab0cb
                                   标题：(C95)お泊りしたのはHなギャルお姉ちゃん達のお家でした (オリジナル)
                                   作者：A極振り (Sian)
                                   是否完结：是
                                   总页数：38
                                   分类：短篇,同人,後宮閃光
                                   章节数：1
                                   最后更新时间：2019-02-09T14:36:21.493Z
                                   =================================================
2026-08-14 23:35:56 - mkk_pika - database.py:101 - INFO - 保存成功：(C95)お泊りしたのはHなギャルお姉ちゃん達のお家でした (オリジナル)
2026-08-14 23:35:56 - mkk_pika - main.py:35 - INFO - 开始检查春蚕の済んだ後に是否存在未下载章节
2026-08-14 23:35:56 - mkk_pika - main.py:45 - INFO - 正在下载:[春蚕の済んだ後に]-[奥ヴぁ]-[['短篇', '純愛', '非人類']]-[total_pages:26]
2026-08-14 23:35:56 - mkk_pika - main.py:49 - INFO - [{'_id': '5c5ee59096f1c60594bf7303', 'title': '第1集', 'order': 1, 'updated_at': '2019-02-09T12:45:42.018Z', 'id': '5c5ee59096f1c60594bf7303'}]
2026-08-14 23:35:56 - mkk_pika - database.py:215 - INFO - 第一次下载该漫画，记录数据库中
2026-08-14 23:35:57 - mkk_pika - main.py:83 - INFO - 找到 26 张图片在:第1集
2026-08-14 23:35:58 - mkk_pika - main.py:112 - INFO - [episode:第1集       ] downloaded:    26, total:  26, progress:100%
2026-08-14 23:35:58 - mkk_pika - database.py:238 - INFO - 数据库更新已下载章节
2026-08-14 23:35:58 - mkk_pika - database.py:244 - INFO - 该漫画已下载章节如下
2026-08-14 23:35:58 - mkk_pika - database.py:245 - INFO - ['第1集']
2026-08-14 23:36:00 - mkk_pika - main.py:348 - INFO - ==================== 漫画信息 ====================
                                   漫画ID：5c5ee59096f1c60594bf7302
                                   标题：春蚕の済んだ後に
                                   作者：奥ヴぁ
                                   是否完结：是
                                   总页数：26
                                   分类：短篇,純愛,非人類
                                   章节数：1
                                   最后更新时间：2019-02-09T14:37:04.404Z
                                   =================================================
2026-08-14 23:36:00 - mkk_pika - database.py:101 - INFO - 保存成功：春蚕の済んだ後に
2026-08-14 23:36:00 - mkk_pika - main.py:35 - INFO - 开始检查(C62)Azure Angels ver.0.45是否存在未下载章节
2026-08-14 23:36:00 - mkk_pika - main.py:45 - INFO - 正在下载:[(C62)Azure Angels ver.0.45]-[菊花酒楼 (菊水)]-[['短篇', 'SM', '強暴', '扶他樂園']]-[total_pages:31]
2026-08-14 23:36:00 - mkk_pika - main.py:49 - INFO - [{'_id': '5c5ee5e6e4a17b2b5c99ae92', 'title': '第1集', 'order': 1, 'updated_at': '2019-02-09T14:27:44.485Z', 'id': '5c5ee5e6e4a17b2b5c99ae92'}]
2026-08-14 23:36:00 - mkk_pika - database.py:215 - INFO - 第一次下载该漫画，记录数据库中
2026-08-14 23:36:01 - mkk_pika - main.py:83 - INFO - 找到 31 张图片在:第1集
2026-08-14 23:36:02 - mkk_pika - main.py:112 - INFO - [episode:第1集       ] downloaded:    31, total:  31, progress:100%
2026-08-14 23:36:02 - mkk_pika - database.py:238 - INFO - 数据库更新已下载章节
2026-08-14 23:36:02 - mkk_pika - database.py:244 - INFO - 该漫画已下载章节如下
2026-08-14 23:36:02 - mkk_pika - database.py:245 - INFO - ['第1集']
2026-08-14 23:36:03 - mkk_pika - main.py:348 - INFO - ==================== 漫画信息 ====================
                                   漫画ID：5c5ee5e6e4a17b2b5c99ae91
                                   标题：(C62)Azure Angels ver.0.45
                                   作者：菊花酒楼 (菊水)
                                   是否完结：是
                                   总页数：31
                                   分类：短篇,SM,強暴,扶他樂園
                                   章节数：1
                                   最后更新时间：2019-02-09T14:38:30.444Z
                                   =================================================
2026-08-14 23:36:03 - mkk_pika - database.py:101 - INFO - 保存成功：(C62)Azure Angels ver.0.45
2026-08-14 23:36:03 - mkk_pika - main.py:35 - INFO - 开始检查私の彼は種馬さん (獣DIRECT)是否存在未下载章节
2026-08-14 23:36:04 - mkk_pika - main.py:45 - INFO - 正在下载:[私の彼は種馬さん (獣DIRECT)]-[Anchors]-[['短篇', '非人類']]-[total_pages:16]
2026-08-14 23:36:04 - mkk_pika - main.py:49 - INFO - [{'_id': '5c5ee5f6f031ca05bad8f3f3', 'title': '第1集', 'order': 1, 'updated_at': '2019-02-09T14:34:05.144Z', 'id': '5c5ee5f6f031ca05bad8f3f3'}]
2026-08-14 23:36:04 - mkk_pika - database.py:215 - INFO - 第一次下载该漫画，记录数据库中
2026-08-14 23:36:04 - mkk_pika - main.py:83 - INFO - 找到 16 张图片在:第1集
2026-08-14 23:36:05 - mkk_pika - main.py:112 - INFO - [episode:第1集       ] downloaded:    16, total:  16, progress:100%
2026-08-14 23:36:05 - mkk_pika - database.py:238 - INFO - 数据库更新已下载章节
2026-08-14 23:36:05 - mkk_pika - database.py:244 - INFO - 该漫画已下载章节如下
2026-08-14 23:36:05 - mkk_pika - database.py:245 - INFO - ['第1集']
2026-08-14 23:36:06 - mkk_pika - main.py:348 - INFO - ==================== 漫画信息 ====================
                                   漫画ID：5c5ee5f6f031ca05bad8f3f2
                                   标题：私の彼は種馬さん (獣DIRECT)
                                   作者：Anchors
                                   是否完结：是
                                   总页数：16
                                   分类：短篇,非人類
                                   章节数：1
                                   最后更新时间：2019-02-09T14:38:46.427Z
                                   =================================================
2026-08-14 23:36:06 - mkk_pika - database.py:101 - INFO - 保存成功：私の彼は種馬さん (獣DIRECT)
2026-08-14 23:36:06 - mkk_pika - main.py:35 - INFO - 开始检查 ふたなりお姉さん風俗 逆アナル・調教日記是否存在未下载章节
2026-08-14 23:36:06 - mkk_pika - main.py:45 - INFO - 正在下载:[ ふたなりお姉さん風俗 逆アナル・調教日記]-[千夜茶房 (α・アルフライラ)]-[['短篇', '扶他樂園', '姐姐系', 'SM']]-[total_pages:19]
2026-08-14 23:36:06 - mkk_pika - main.py:49 - INFO - [{'_id': '5c5fbf63ad486f7e5da2caac', 'title': '第1集', 'order': 1, 'updated_at': '2019-02-10T01:39:07.231Z', 'id': '5c5fbf63ad486f7e5da2caac'}]
2026-08-14 23:36:06 - mkk_pika - database.py:215 - INFO - 第一次下载该漫画，记录数据库中
2026-08-14 23:36:07 - mkk_pika - main.py:83 - INFO - 找到 19 张图片在:第1集
2026-08-14 23:36:08 - mkk_pika - main.py:112 - INFO - [episode:第1集       ] downloaded:    19, total:  19, progress:100%
2026-08-14 23:36:08 - mkk_pika - database.py:238 - INFO - 数据库更新已下载章节
2026-08-14 23:36:08 - mkk_pika - database.py:244 - INFO - 该漫画已下载章节如下
2026-08-14 23:36:08 - mkk_pika - database.py:245 - INFO - ['第1集']
2026-08-14 23:36:09 - mkk_pika - main.py:348 - INFO - ==================== 漫画信息 ====================
                                   漫画ID：5c5fbf63ad486f7e5da2caab
                                   标题： ふたなりお姉さん風俗 逆アナル・調教日記
                                   作者：千夜茶房 (α・アルフライラ)
                                   是否完结：是
                                   总页数：19
                                   分类：短篇,扶他樂園,姐姐系,SM
                                   章节数：1
                                   最后更新时间：2019-02-10T06:06:27.791Z
                                   =================================================
2026-08-14 23:36:09 - mkk_pika - database.py:101 - INFO - 保存成功： ふたなりお姉さん風俗 逆アナル・調教日記
2026-08-14 23:36:09 - mkk_pika - main.py:35 - INFO - 开始检查(C95) SEXY CODE (Fate/Grand Order)是否存在未下载章节
2026-08-14 23:36:09 - mkk_pika - main.py:45 - INFO - 正在下载:[(C95) SEXY CODE (Fate/Grand Order)]-[なしぱす屋 (なしぱすた)]-[['短篇', '同人', 'Fate']]-[total_pages:26]
2026-08-14 23:36:09 - mkk_pika - main.py:49 - INFO - [{'_id': '5c5fbfdbad486f7e5da2cac5', 'title': '第1集', 'order': 1, 'updated_at': '2019-02-10T01:47:17.960Z', 'id': '5c5fbfdbad486f7e5da2cac5'}]
2026-08-14 23:36:09 - mkk_pika - database.py:215 - INFO - 第一次下载该漫画，记录数据库中
2026-08-14 23:36:10 - mkk_pika - main.py:83 - INFO - 找到 26 张图片在:第1集
2026-08-14 23:36:11 - mkk_pika - main.py:112 - INFO - [episode:第1集       ] downloaded:    26, total:  26, progress:100%
2026-08-14 23:36:11 - mkk_pika - database.py:238 - INFO - 数据库更新已下载章节
2026-08-14 23:36:11 - mkk_pika - database.py:244 - INFO - 该漫画已下载章节如下
2026-08-14 23:36:11 - mkk_pika - database.py:245 - INFO - ['第1集']
2026-08-14 23:36:12 - mkk_pika - main.py:348 - INFO - ==================== 漫画信息 ====================
                                   漫画ID：5c5fbfdbad486f7e5da2cac4
                                   标题：(C95) SEXY CODE (Fate/Grand Order)
                                   作者：なしぱす屋 (なしぱすた)
                                   是否完结：是
                                   总页数：26
                                   分类：短篇,同人,Fate
                                   章节数：1
                                   最后更新时间：2019-02-10T06:08:27.575Z
                                   =================================================
2026-08-14 23:36:12 - mkk_pika - database.py:101 - INFO - 保存成功：(C95) SEXY CODE (Fate/Grand Order)
2026-08-14 23:36:12 - mkk_pika - main.py:35 - INFO - 开始检查creamer (アイドルマスター シンデレラガールズ)是否存在未下载章节
2026-08-14 23:36:12 - mkk_pika - main.py:45 - INFO - 正在下载:[creamer (アイドルマスター シンデレラガールズ)]-[CatJellyFish (Vanadium)]-[['短篇', '同人', 'SM', '強暴']]-[total_pages:28]
2026-08-14 23:36:12 - mkk_pika - main.py:49 - INFO - [{'_id': '5c5fc02139b3e77e2b1c187e', 'title': '第1集', 'order': 1, 'updated_at': '2019-02-10T01:54:00.753Z', 'id': '5c5fc02139b3e77e2b1c187e'}]
2026-08-14 23:36:12 - mkk_pika - database.py:215 - INFO - 第一次下载该漫画，记录数据库中
2026-08-14 23:36:13 - mkk_pika - main.py:83 - INFO - 找到 28 张图片在:第1集
2026-08-14 23:36:14 - mkk_pika - main.py:112 - INFO - [episode:第1集       ] downloaded:    28, total:  28, progress:100%
2026-08-14 23:36:14 - mkk_pika - database.py:238 - INFO - 数据库更新已下载章节
2026-08-14 23:36:14 - mkk_pika - database.py:244 - INFO - 该漫画已下载章节如下
2026-08-14 23:36:14 - mkk_pika - database.py:245 - INFO - ['第1集']
2026-08-14 23:36:15 - mkk_pika - main.py:348 - INFO - ==================== 漫画信息 ====================
                                   漫画ID：5c5fc02139b3e77e2b1c187d
                                   标题：creamer (アイドルマスター シンデレラガールズ)
                                   作者：CatJellyFish (Vanadium)
                                   是否完结：是
                                   总页数：28
                                   分类：短篇,同人,SM,強暴
                                   章节数：1
                                   最后更新时间：2019-02-10T06:09:37.583Z
                                   =================================================
2026-08-14 23:36:15 - mkk_pika - database.py:101 - INFO - 保存成功：creamer (アイドルマスター シンデレラガールズ)
2026-08-14 23:36:15 - mkk_pika - main.py:35 - INFO - 开始检查母を眠らせて是否存在未下载章节
2026-08-14 23:36:16 - mkk_pika - main.py:45 - INFO - 正在下载:[母を眠らせて]-[みかん堂]-[['短篇', '人妻', '全彩']]-[total_pages:32]
2026-08-14 23:36:16 - mkk_pika - main.py:49 - INFO - [{'_id': '5c5fc0de96f1c60594bf766c', 'title': '第1集', 'order': 1, 'updated_at': '2019-02-10T02:02:25.875Z', 'id': '5c5fc0de96f1c60594bf766c'}]
2026-08-14 23:36:16 - mkk_pika - database.py:215 - INFO - 第一次下载该漫画，记录数据库中
2026-08-14 23:36:16 - mkk_pika - main.py:83 - INFO - 找到 32 张图片在:第1集
2026-08-14 23:36:17 - mkk_pika - main.py:112 - INFO - [episode:第1集       ] downloaded:    32, total:  32, progress:100%
2026-08-14 23:36:17 - mkk_pika - database.py:238 - INFO - 数据库更新已下载章节
2026-08-14 23:36:17 - mkk_pika - database.py:244 - INFO - 该漫画已下载章节如下
2026-08-14 23:36:17 - mkk_pika - database.py:245 - INFO - ['第1集']
2026-08-14 23:36:19 - mkk_pika - main.py:348 - INFO - ==================== 漫画信息 ====================
                                   漫画ID：5c5fc0de96f1c60594bf766b
                                   标题：母を眠らせて
                                   作者：みかん堂
                                   是否完结：是
                                   总页数：32
                                   分类：短篇,人妻,全彩
                                   章节数：1
                                   最后更新时间：2019-02-10T06:12:46.015Z
                                   =================================================
2026-08-14 23:36:19 - mkk_pika - database.py:101 - INFO - 保存成功：母を眠らせて
2026-08-14 23:36:19 - mkk_pika - main.py:35 - INFO - 开始检查アイドルリフレセックス。是否存在未下载章节
2026-08-14 23:36:19 - mkk_pika - main.py:45 - INFO - 正在下载:[アイドルリフレセックス。]-[薺屋本舗 (7zu7)]-[['短篇']]-[total_pages:24]
2026-08-14 23:36:19 - mkk_pika - main.py:49 - INFO - [{'_id': '5c5fc124ad486f7e5da2caed', 'title': '第1集', 'order': 1, 'updated_at': '2019-02-10T02:10:15.240Z', 'id': '5c5fc124ad486f7e5da2caed'}]
2026-08-14 23:36:19 - mkk_pika - database.py:215 - INFO - 第一次下载该漫画，记录数据库中
2026-08-14 23:36:19 - mkk_pika - main.py:83 - INFO - 找到 24 张图片在:第1集
2026-08-14 23:36:20 - mkk_pika - main.py:112 - INFO - [episode:第1集       ] downloaded:    24, total:  24, progress:100%
2026-08-14 23:36:20 - mkk_pika - database.py:238 - INFO - 数据库更新已下载章节
2026-08-14 23:36:20 - mkk_pika - database.py:244 - INFO - 该漫画已下载章节如下
2026-08-14 23:36:20 - mkk_pika - database.py:245 - INFO - ['第1集']
2026-08-14 23:36:22 - mkk_pika - main.py:348 - INFO - ==================== 漫画信息 ====================
                                   漫画ID：5c5fc124ad486f7e5da2caec
                                   标题：アイドルリフレセックス。
                                   作者：薺屋本舗 (7zu7)
                                   是否完结：是
                                   总页数：24
                                   分类：短篇
                                   章节数：1
                                   最后更新时间：2019-02-10T06:13:56.743Z
                                   =================================================
2026-08-14 23:36:22 - mkk_pika - database.py:101 - INFO - 保存成功：アイドルリフレセックス。
2026-08-14 23:36:22 - mkk_pika - main.py:35 - INFO - 开始检查MamimamiX digress是否存在未下载章节
2026-08-14 23:36:22 - mkk_pika - main.py:45 - INFO - 正在下载:[MamimamiX digress]-[CELTRANCE (虎顎かずや)]-[['同人', '短篇', '扶他樂園', '圓神領域']]-[total_pages:58]
2026-08-14 23:36:22 - mkk_pika - main.py:49 - INFO - [{'_id': '5c4dbb4478dfcf4d46a1818f', 'title': '生肉', 'order': 1, 'updated_at': '2019-02-10T06:15:25.637Z', 'id': '5c4dbb4478dfcf4d46a1818f'}, {'_id': '5c5fc17d1b43e92b561ce24b', 'title': '熟肉', 'order': 2, 'updated_at': '2019-02-10T04:28:16.925Z', 'id': '5c5fc17d1b43e92b561ce24b'}]
2026-08-14 23:36:22 - mkk_pika - database.py:215 - INFO - 第一次下载该漫画，记录数据库中
2026-08-14 23:36:23 - mkk_pika - main.py:83 - INFO - 找到 26 张图片在:生肉
2026-08-14 23:36:24 - mkk_pika - main.py:112 - INFO - [episode:生肉        ] downloaded:    26, total:  26, progress:100%
2026-08-14 23:36:24 - mkk_pika - database.py:238 - INFO - 数据库更新已下载章节
2026-08-14 23:36:24 - mkk_pika - database.py:244 - INFO - 该漫画已下载章节如下
2026-08-14 23:36:24 - mkk_pika - database.py:245 - INFO - ['生肉']
2026-08-14 23:36:26 - mkk_pika - main.py:83 - INFO - 找到 32 张图片在:熟肉
2026-08-14 23:36:27 - mkk_pika - main.py:112 - INFO - [episode:熟肉        ] downloaded:    32, total:  32, progress:100%
2026-08-14 23:36:27 - mkk_pika - database.py:238 - INFO - 数据库更新已下载章节
2026-08-14 23:36:27 - mkk_pika - database.py:244 - INFO - 该漫画已下载章节如下
2026-08-14 23:36:27 - mkk_pika - database.py:245 - INFO - ['生肉', '熟肉']
2026-08-14 23:36:28 - mkk_pika - main.py:348 - INFO - ==================== 漫画信息 ====================
                                   漫画ID：5c4dbb4478dfcf4d46a1818e
                                   标题：MamimamiX digress
                                   作者：CELTRANCE (虎顎かずや)
                                   是否完结：否
                                   总页数：58
                                   分类：同人,短篇,扶他樂園,圓神領域
                                   章节数：2
                                   最后更新时间：2019-02-10T06:15:25.612Z
                                   =================================================
2026-08-14 23:36:28 - mkk_pika - database.py:101 - INFO - 保存成功：MamimamiX digress
2026-08-14 23:36:28 - mkk_pika - main.py:380 - INFO - 本次任务下载完毕
2026-08-14 23:36:28 - mkk_pika - database.py:173 - INFO - 数据库连接已关闭
