2026-09-16 01:20:48 - mkk_pika - main.py:193 - INFO - =======================================================================
2026-09-16 01:20:48 - mkk_pika - database.py:61 - INFO - 表和索引初始化成功
2026-09-16 01:20:48 - mkk_pika - main.py:197 - INFO - 已经累计下载20996本漫画
2026-09-16 01:20:49 - mkk_pika - api.py:87 - INFO - 登录成功
2026-09-16 01:20:50 - mkk_pika - main.py:203 - INFO - 收藏夹共计0本漫画
2026-09-16 01:20:50 - mkk_pika - main.py:206 - INFO - 开始下载收藏夹内未下载内容
2026-09-16 01:20:50 - mkk_pika - main.py:266 - INFO - 收藏夹内容下载完毕
2026-09-16 01:20:50 - mkk_pika - main.py:268 - INFO - 开始下载订阅内容
2026-09-16 01:20:50 - mkk_pika - database.py:258 - INFO - 根据ID查询到标题：萝莉 -> 海ちゃんと夏休み 気づいたら俺の家が無防備汗だく○リっ子の休憩スポットになっていた話 | 海妹妹和暑假关于一不小心我家里多了一个汗津津的无防备小萝莉在休息这件事
2026-09-16 01:20:50 - mkk_pika - database.py:101 - INFO - 保存成功：海ちゃんと夏休み 気づいたら俺の家が無防備汗だく○リっ子の休憩スポットになっていた話 | 海妹妹和暑假关于一不小心我家里多了一个汗津津的无防备小萝莉在休息这件事
2026-09-16 01:20:50 - mkk_pika - main.py:273 - INFO - 关键词萝莉找到1本漫画
2026-09-16 01:20:50 - mkk_pika - database.py:258 - INFO - 根据ID查询到标题：蘿莉 -> もぺあべりーエロバラデビュー
2026-09-16 01:20:51 - mkk_pika - database.py:101 - INFO - 保存成功：団地の片隅
2026-09-16 01:20:51 - mkk_pika - main.py:273 - INFO - 关键词蘿莉找到3本漫画
2026-09-16 01:20:51 - mkk_pika - main.py:275 - INFO - 订阅内容共计4本漫画
2026-09-16 01:20:51 - mkk_pika - main.py:35 - INFO - 开始检查陽菜ちゃん調教日記|阳菜酱的调教日记 [中国翻译][進行中]是否存在未下载章节
2026-09-16 01:20:52 - mkk_pika - database.py:203 - INFO - 查询数据库中是否已存在第1話熟肉100p
2026-09-16 01:20:52 - mkk_pika - main.py:51 - INFO - 陽菜ちゃん調教日記|阳菜酱的调教日记 [中国翻译][進行中]中没有可下载章节
2026-09-16 01:20:52 - mkk_pika - main.py:292 - INFO - ==================== 漫画信息 ====================
                                漫画ID：68dd17e83c6fe63b068bea88
                                标题：陽菜ちゃん調教日記|阳菜酱的调教日记 [中国翻译][進行中]
                                作者：OKINA
                                是否完结：否
                                总页数：101
                                分类：全彩,長篇,SM
                                章节数：1
                                最后更新时间：2026-09-12T15:23:27.295Z
                                =================================================
2026-09-16 01:20:52 - mkk_pika - database.py:101 - INFO - 保存成功：陽菜ちゃん調教日記|阳菜酱的调教日记 [中国翻译][進行中]
2026-09-16 01:20:52 - mkk_pika - main.py:35 - INFO - 开始检查ロリババお義母さんは押しに弱い1-11+まとめ本 (オリジナル)[中国翻译]是否存在未下载章节
2026-09-16 01:20:52 - mkk_pika - database.py:203 - INFO - 查询数据库中是否已存在第1-2話熟肉
2026-09-16 01:20:52 - mkk_pika - database.py:203 - INFO - 查询数据库中是否已存在第3-4話熟肉
2026-09-16 01:20:52 - mkk_pika - database.py:203 - INFO - 查询数据库中是否已存在第4.5話1-4为止的日常故事
2026-09-16 01:20:52 - mkk_pika - database.py:203 - INFO - 查询数据库中是否已存在第5話熟肉
2026-09-16 01:20:52 - mkk_pika - database.py:203 - INFO - 查询数据库中是否已存在第6話熟肉
2026-09-16 01:20:52 - mkk_pika - database.py:203 - INFO - 查询数据库中是否已存在第7話熟肉
2026-09-16 01:20:52 - mkk_pika - database.py:203 - INFO - 查询数据库中是否已存在第8話熟肉
2026-09-16 01:20:52 - mkk_pika - database.py:203 - INFO - 查询数据库中是否已存在第9話熟肉V2
2026-09-16 01:20:52 - mkk_pika - database.py:203 - INFO - 查询数据库中是否已存在第10話熟肉
2026-09-16 01:20:52 - mkk_pika - database.py:203 - INFO - 查询数据库中是否已存在まとめ本1熟肉
2026-09-16 01:20:52 - mkk_pika - main.py:51 - INFO - ロリババお義母さんは押しに弱い1-11+まとめ本 (オリジナル)[中国翻译]中没有可下载章节
2026-09-16 01:20:53 - mkk_pika - main.py:292 - INFO - ==================== 漫画信息 ====================
                                漫画ID：62adbe225eef367437a2978f
                                标题：ロリババお義母さんは押しに弱い1-11+まとめ本 (オリジナル)[中国翻译]
                                作者：LBL
                                是否完结：否
                                总页数：848
                                分类：非人類,長篇
                                章节数：11
                                最后更新时间：2026-09-10T08:40:53.330Z
                                =================================================
2026-09-16 01:20:53 - mkk_pika - database.py:101 - INFO - 保存成功：ロリババお義母さんは押しに弱い1-11+まとめ本 (オリジナル)[中国翻译]
2026-09-16 01:20:53 - mkk_pika - main.py:35 - INFO - 开始检查处女便器春原瞬是否存在未下载章节
2026-09-16 01:20:53 - mkk_pika - main.py:45 - INFO - 正在下载:[处女便器春原瞬]-[君の核弹]-[['全彩', '短篇', '同人']]-[total_pages:-1]
2026-09-16 01:20:53 - mkk_pika - main.py:49 - INFO - [{'_id': '6aa95fcae1dbce1e11ce5f13', 'title': '第1話', 'order': 1, 'updated_at': '2026-09-14T13:23:50.792Z', 'id': '6aa95fcae1dbce1e11ce5f13'}]
2026-09-16 01:20:53 - mkk_pika - database.py:215 - INFO - 第一次下载该漫画，记录数据库中
2026-09-16 01:20:54 - mkk_pika - main.py:83 - INFO - 找到 23 张图片在:第1話
2026-09-16 01:20:56 - mkk_pika - main.py:112 - INFO - [episode:第1話       ] downloaded:    23, total:  23, progress:100%
2026-09-16 01:20:56 - mkk_pika - database.py:238 - INFO - 数据库更新已下载章节
2026-09-16 01:20:56 - mkk_pika - database.py:244 - INFO - 该漫画已下载章节如下
2026-09-16 01:20:56 - mkk_pika - database.py:245 - INFO - ['第1話']
2026-09-16 01:20:57 - mkk_pika - main.py:292 - INFO - ==================== 漫画信息 ====================
                                漫画ID：6aa95fcae1dbce1e11ce5f12
                                标题：处女便器春原瞬
                                作者：君の核弹
                                是否完结：否
                                总页数：23
                                分类：全彩,短篇,同人
                                章节数：1
                                最后更新时间：2026-09-15T15:10:02.532Z
                                =================================================
2026-09-16 01:20:57 - mkk_pika - database.py:101 - INFO - 保存成功：处女便器春原瞬
2026-09-16 01:20:57 - mkk_pika - main.py:35 - INFO - 开始检查カカオの香りに誘われて是否存在未下载章节
2026-09-16 01:20:57 - mkk_pika - database.py:203 - INFO - 查询数据库中是否已存在第1話
2026-09-16 01:20:57 - mkk_pika - main.py:51 - INFO - カカオの香りに誘われて中没有可下载章节
2026-09-16 01:20:58 - mkk_pika - main.py:292 - INFO - ==================== 漫画信息 ====================
                                漫画ID：6aa80f289dc5e649a2204dd2
                                标题：カカオの香りに誘われて
                                作者：Night White Lily (仁科かけり)
                                是否完结：是
                                总页数：33
                                分类：短篇
                                章节数：1
                                最后更新时间：2026-09-14T15:13:44.152Z
                                =================================================
2026-09-16 01:20:58 - mkk_pika - database.py:101 - INFO - 保存成功：カカオの香りに誘われて
2026-09-16 01:20:58 - mkk_pika - main.py:323 - INFO - 订阅内容内容下载完毕
2026-09-16 01:20:58 - mkk_pika - main.py:324 - INFO - 开始分批下载全部章节
2026-09-16 01:20:58 - mkk_pika - database.py:280 - INFO - 表和索引初始化成功
2026-09-16 01:20:58 - mkk_pika - main.py:177 - INFO - 已经下载了1625页，一共7147页，现在开始添加第1626页
2026-09-16 01:20:59 - mkk_pika - database.py:318 - INFO - 保存成功
2026-09-16 01:20:59 - mkk_pika - main.py:177 - INFO - 已经下载了1626页，一共7147页，现在开始添加第1627页
2026-09-16 01:21:00 - mkk_pika - database.py:318 - INFO - 保存成功
2026-09-16 01:21:00 - mkk_pika - main.py:177 - INFO - 已经下载了1627页，一共7147页，现在开始添加第1628页
2026-09-16 01:21:01 - mkk_pika - database.py:318 - INFO - 保存成功
2026-09-16 01:21:01 - mkk_pika - main.py:177 - INFO - 已经下载了1628页，一共7147页，现在开始添加第1629页
2026-09-16 01:21:02 - mkk_pika - database.py:318 - INFO - 保存成功
2026-09-16 01:21:02 - mkk_pika - main.py:177 - INFO - 已经下载了1629页，一共7147页，现在开始添加第1630页
2026-09-16 01:21:03 - mkk_pika - database.py:318 - INFO - 保存成功
2026-09-16 01:21:03 - mkk_pika - main.py:177 - INFO - 已经下载了1630页，一共7147页，现在开始添加第1631页
2026-09-16 01:21:04 - mkk_pika - database.py:318 - INFO - 保存成功
2026-09-16 01:21:04 - mkk_pika - main.py:177 - INFO - 已经下载了1631页，一共7147页，现在开始添加第1632页
2026-09-16 01:21:05 - mkk_pika - database.py:318 - INFO - 保存成功
2026-09-16 01:21:05 - mkk_pika - main.py:331 - INFO - 分批下载共计73本漫画
2026-09-16 01:21:05 - mkk_pika - main.py:35 - INFO - 开始检查 魔法少女マジカルなごみ [中国翻訳]是否存在未下载章节
2026-09-16 01:21:05 - mkk_pika - main.py:45 - INFO - 正在下载:[ 魔法少女マジカルなごみ [中国翻訳]]-[がりがりがり]-[['全彩', '短篇', '非人類']]-[total_pages:17]
2026-09-16 01:21:05 - mkk_pika - main.py:49 - INFO - [{'_id': '5ccd9edb6ac70926d02e32de', 'title': '第1集', 'order': 1, 'updated_at': '2019-05-03T14:35:34.925Z', 'id': '5ccd9edb6ac70926d02e32de'}]
2026-09-16 01:21:05 - mkk_pika - database.py:215 - INFO - 第一次下载该漫画，记录数据库中
2026-09-16 01:21:07 - mkk_pika - main.py:83 - INFO - 找到 17 张图片在:第1集
2026-09-16 01:21:08 - mkk_pika - main.py:112 - INFO - [episode:第1集       ] downloaded:    17, total:  17, progress:100%
2026-09-16 01:21:08 - mkk_pika - database.py:238 - INFO - 数据库更新已下载章节
2026-09-16 01:21:08 - mkk_pika - database.py:244 - INFO - 该漫画已下载章节如下
2026-09-16 01:21:08 - mkk_pika - database.py:245 - INFO - ['第1集']
2026-09-16 01:21:09 - mkk_pika - main.py:348 - INFO - ==================== 漫画信息 ====================
                                   漫画ID：5ccd9edb6ac70926d02e32dd
                                   标题： 魔法少女マジカルなごみ [中国翻訳]
                                   作者：がりがりがり
                                   是否完结：是
                                   总页数：17
                                   分类：全彩,短篇,非人類
                                   章节数：1
                                   最后更新时间：2019-05-04T14:16:59.901Z
                                   =================================================
2026-09-16 01:21:09 - mkk_pika - database.py:101 - INFO - 保存成功： 魔法少女マジカルなごみ [中国翻訳]
2026-09-16 01:21:09 - mkk_pika - main.py:35 - INFO - 开始检查(COMIC1☆15) 外の世界 (Fate/Grand Order)是否存在未下载章节
2026-09-16 01:21:10 - mkk_pika - main.py:45 - INFO - 正在下载:[(COMIC1☆15) 外の世界 (Fate/Grand Order)]-[SOLID AIR (ぞんだ)]-[['短篇', '同人', '純愛', 'Fate']]-[total_pages:45]
2026-09-16 01:21:10 - mkk_pika - main.py:49 - INFO - [{'_id': '5cc7efa546e92b5d8167e4b5', 'title': '第1集', 'order': 1, 'updated_at': '2019-04-29T12:47:57.849Z', 'id': '5cc7efa546e92b5d8167e4b5'}, {'_id': '5ccd9f5f882a373a68fb6e65', 'title': '汉化', 'order': 2, 'updated_at': '2019-05-03T15:08:02.095Z', 'id': '5ccd9f5f882a373a68fb6e65'}]
2026-09-16 01:21:10 - mkk_pika - database.py:215 - INFO - 第一次下载该漫画，记录数据库中
2026-09-16 01:21:11 - mkk_pika - main.py:83 - INFO - 找到 22 张图片在:第1集
2026-09-16 01:21:12 - mkk_pika - main.py:112 - INFO - [episode:第1集       ] downloaded:    22, total:  22, progress:100%
2026-09-16 01:21:12 - mkk_pika - database.py:238 - INFO - 数据库更新已下载章节
2026-09-16 01:21:12 - mkk_pika - database.py:244 - INFO - 该漫画已下载章节如下
2026-09-16 01:21:12 - mkk_pika - database.py:245 - INFO - ['第1集']
2026-09-16 01:21:14 - mkk_pika - main.py:83 - INFO - 找到 23 张图片在:汉化
2026-09-16 01:21:15 - mkk_pika - main.py:112 - INFO - [episode:汉化        ] downloaded:    23, total:  23, progress:100%
2026-09-16 01:21:15 - mkk_pika - database.py:238 - INFO - 数据库更新已下载章节
2026-09-16 01:21:15 - mkk_pika - database.py:244 - INFO - 该漫画已下载章节如下
2026-09-16 01:21:15 - mkk_pika - database.py:245 - INFO - ['第1集', '汉化']
2026-09-16 01:21:16 - mkk_pika - main.py:348 - INFO - ==================== 漫画信息 ====================
                                   漫画ID：5cc7efa546e92b5d8167e4b4
                                   标题：(COMIC1☆15) 外の世界 (Fate/Grand Order)
                                   作者：SOLID AIR (ぞんだ)
                                   是否完结：是
                                   总页数：45
                                   分类：短篇,同人,純愛,Fate
                                   章节数：2
                                   最后更新时间：2019-05-04T14:19:11.492Z
                                   =================================================
2026-09-16 01:21:16 - mkk_pika - database.py:101 - INFO - 保存成功：(COMIC1☆15) 外の世界 (Fate/Grand Order)
2026-09-16 01:21:16 - mkk_pika - main.py:35 - INFO - 开始检查鬼 (COMIC快楽天ビースト 2019年3月号)[無修正]是否存在未下载章节
2026-09-16 01:21:17 - mkk_pika - main.py:45 - INFO - 正在下载:[鬼 (COMIC快楽天ビースト 2019年3月号)[無修正]]-[雛咲葉]-[['短篇', '非人類']]-[total_pages:28]
2026-09-16 01:21:17 - mkk_pika - main.py:49 - INFO - [{'_id': '5ccd9f816ac70926d02e32f4', 'title': '第1集', 'order': 1, 'updated_at': '2019-05-03T14:13:10.007Z', 'id': '5ccd9f816ac70926d02e32f4'}]
2026-09-16 01:21:17 - mkk_pika - database.py:215 - INFO - 第一次下载该漫画，记录数据库中
2026-09-16 01:21:17 - mkk_pika - main.py:83 - INFO - 找到 28 张图片在:第1集
2026-09-16 01:21:19 - mkk_pika - main.py:112 - INFO - [episode:第1集       ] downloaded:    28, total:  28, progress:100%
2026-09-16 01:21:19 - mkk_pika - database.py:238 - INFO - 数据库更新已下载章节
2026-09-16 01:21:19 - mkk_pika - database.py:244 - INFO - 该漫画已下载章节如下
2026-09-16 01:21:19 - mkk_pika - database.py:245 - INFO - ['第1集']
2026-09-16 01:21:21 - mkk_pika - main.py:348 - INFO - ==================== 漫画信息 ====================
                                   漫画ID：5ccd9f816ac70926d02e32f3
                                   标题：鬼 (COMIC快楽天ビースト 2019年3月号)[無修正]
                                   作者：雛咲葉
                                   是否完结：否
                                   总页数：28
                                   分类：短篇,非人類
                                   章节数：1
                                   最后更新时间：2019-05-04T14:19:45.735Z
                                   =================================================
2026-09-16 01:21:21 - mkk_pika - database.py:101 - INFO - 保存成功：鬼 (COMIC快楽天ビースト 2019年3月号)[無修正]
2026-09-16 01:21:21 - mkk_pika - main.py:35 - INFO - 开始检查 戦姫全滅 EP3: 暁切歌&月読調 (戦姫絶唱シンフォギア) [中国翻訳]是否存在未下载章节
2026-09-16 01:21:21 - mkk_pika - main.py:45 - INFO - 正在下载:[ 戦姫全滅 EP3: 暁切歌&月読調 (戦姫絶唱シンフォギア) [中国翻訳]]-[スタジオきゃうん]-[['短篇', '同人', '非人類']]-[total_pages:190]
2026-09-16 01:21:21 - mkk_pika - main.py:49 - INFO - [{'_id': '5ccd9f90fa8fbc4da5b2641c', 'title': '第1集', 'order': 1, 'updated_at': '2019-05-03T14:59:00.620Z', 'id': '5ccd9f90fa8fbc4da5b2641c'}, {'_id': '5ccd9f90fa8fbc4da5b2641d', 'title': 'CG', 'order': 2, 'updated_at': '2019-05-03T15:19:13.503Z', 'id': '5ccd9f90fa8fbc4da5b2641d'}]
2026-09-16 01:21:21 - mkk_pika - database.py:215 - INFO - 第一次下载该漫画，记录数据库中
2026-09-16 01:21:22 - mkk_pika - main.py:83 - INFO - 找到 26 张图片在:第1集
2026-09-16 01:21:23 - mkk_pika - main.py:112 - INFO - [episode:第1集       ] downloaded:    26, total:  26, progress:100%
2026-09-16 01:21:23 - mkk_pika - database.py:238 - INFO - 数据库更新已下载章节
2026-09-16 01:21:23 - mkk_pika - database.py:244 - INFO - 该漫画已下载章节如下
2026-09-16 01:21:23 - mkk_pika - database.py:245 - INFO - ['第1集']
2026-09-16 01:21:26 - mkk_pika - main.py:83 - INFO - 找到 164 张图片在:CG
2026-09-16 01:21:35 - mkk_pika - main.py:112 - INFO - [episode:CG        ] downloaded:   164, total: 164, progress:100%
2026-09-16 01:21:35 - mkk_pika - database.py:238 - INFO - 数据库更新已下载章节
2026-09-16 01:21:35 - mkk_pika - database.py:244 - INFO - 该漫画已下载章节如下
2026-09-16 01:21:35 - mkk_pika - database.py:245 - INFO - ['第1集', 'CG']
2026-09-16 01:21:36 - mkk_pika - main.py:348 - INFO - ==================== 漫画信息 ====================
                                   漫画ID：5ccd9f90fa8fbc4da5b2641b
                                   标题： 戦姫全滅 EP3: 暁切歌&月読調 (戦姫絶唱シンフォギア) [中国翻訳]
                                   作者：スタジオきゃうん
                                   是否完结：是
                                   总页数：190
                                   分类：短篇,同人,非人類
                                   章节数：2
                                   最后更新时间：2019-05-04T14:20:00.033Z
                                   =================================================
2026-09-16 01:21:36 - mkk_pika - database.py:101 - INFO - 保存成功： 戦姫全滅 EP3: 暁切歌&月読調 (戦姫絶唱シンフォギア) [中国翻訳]
2026-09-16 01:21:36 - mkk_pika - main.py:35 - INFO - 开始检查 お姉ちゃんのヒミツ (ラブライブ! サンシャイン!!) [DL版]是否存在未下载章节
2026-09-16 01:21:36 - mkk_pika - main.py:45 - INFO - 正在下载:[ お姉ちゃんのヒミツ (ラブライブ! サンシャイン!!) [DL版]]-[芹沢室 (芹沢)]-[['短篇', '同人', '全彩']]-[total_pages:21]
2026-09-16 01:21:36 - mkk_pika - main.py:49 - INFO - [{'_id': '5ccda02b56c0ca6decee0ece', 'title': '第1集', 'order': 1, 'updated_at': '2019-05-03T15:13:18.761Z', 'id': '5ccda02b56c0ca6decee0ece'}]
2026-09-16 01:21:36 - mkk_pika - database.py:215 - INFO - 第一次下载该漫画，记录数据库中
2026-09-16 01:21:37 - mkk_pika - main.py:83 - INFO - 找到 21 张图片在:第1集
2026-09-16 01:21:38 - mkk_pika - main.py:112 - INFO - [episode:第1集       ] downloaded:    21, total:  21, progress:100%
2026-09-16 01:21:38 - mkk_pika - database.py:238 - INFO - 数据库更新已下载章节
2026-09-16 01:21:38 - mkk_pika - database.py:244 - INFO - 该漫画已下载章节如下
2026-09-16 01:21:38 - mkk_pika - database.py:245 - INFO - ['第1集']
2026-09-16 01:21:39 - mkk_pika - main.py:348 - INFO - ==================== 漫画信息 ====================
                                   漫画ID：5ccda02b56c0ca6decee0ecd
                                   标题： お姉ちゃんのヒミツ (ラブライブ! サンシャイン!!) [DL版]
                                   作者：芹沢室 (芹沢)
                                   是否完结：否
                                   总页数：21
                                   分类：短篇,同人,全彩
                                   章节数：1
                                   最后更新时间：2019-05-04T14:22:35.889Z
                                   =================================================
2026-09-16 01:21:39 - mkk_pika - database.py:101 - INFO - 保存成功： お姉ちゃんのヒミツ (ラブライブ! サンシャイン!!) [DL版]
2026-09-16 01:21:39 - mkk_pika - main.py:35 - INFO - 开始检查ダメな貴方に恋してる [中国翻訳] [DL版]是否存在未下载章节
2026-09-16 01:21:40 - mkk_pika - main.py:45 - INFO - 正在下载:[ダメな貴方に恋してる [中国翻訳] [DL版]]-[ラサハン]-[['長篇', '純愛']]-[total_pages:208]
2026-09-16 01:21:40 - mkk_pika - main.py:49 - INFO - [{'_id': '5ccda11fcba5a62acb03d7da', 'title': '第1集', 'order': 1, 'updated_at': '2019-05-03T17:06:59.665Z', 'id': '5ccda11fcba5a62acb03d7da'}]
2026-09-16 01:21:40 - mkk_pika - database.py:215 - INFO - 第一次下载该漫画，记录数据库中
2026-09-16 01:21:43 - mkk_pika - main.py:83 - INFO - 找到 208 张图片在:第1集
2026-09-16 01:21:56 - mkk_pika - main.py:112 - INFO - [episode:第1集       ] downloaded:   208, total: 208, progress:100%
2026-09-16 01:21:56 - mkk_pika - database.py:238 - INFO - 数据库更新已下载章节
2026-09-16 01:21:56 - mkk_pika - database.py:244 - INFO - 该漫画已下载章节如下
2026-09-16 01:21:56 - mkk_pika - database.py:245 - INFO - ['第1集']
2026-09-16 01:21:58 - mkk_pika - main.py:348 - INFO - ==================== 漫画信息 ====================
                                   漫画ID：5ccda11fcba5a62acb03d7d9
                                   标题：ダメな貴方に恋してる [中国翻訳] [DL版]
                                   作者：ラサハン
                                   是否完结：是
                                   总页数：208
                                   分类：長篇,純愛
                                   章节数：1
                                   最后更新时间：2019-05-04T14:26:39.753Z
                                   =================================================
2026-09-16 01:21:58 - mkk_pika - database.py:101 - INFO - 保存成功：ダメな貴方に恋してる [中国翻訳] [DL版]
2026-09-16 01:21:58 - mkk_pika - main.py:35 - INFO - 开始检查ボクの理想の異世界生活5是否存在未下载章节
2026-09-16 01:21:58 - mkk_pika - main.py:45 - INFO - 正在下载:[ボクの理想の異世界生活5]-[23.4ド (イチリ)]-[['短篇', '非人類', '純愛', '後宮閃光']]-[total_pages:31]
2026-09-16 01:21:58 - mkk_pika - main.py:49 - INFO - [{'_id': '5ccda1b78f0d9151cb407a24', 'title': '第1集', 'order': 1, 'updated_at': '2019-05-03T19:05:57.887Z', 'id': '5ccda1b78f0d9151cb407a24'}]
2026-09-16 01:21:58 - mkk_pika - database.py:215 - INFO - 第一次下载该漫画，记录数据库中
2026-09-16 01:21:59 - mkk_pika - main.py:83 - INFO - 找到 31 张图片在:第1集
2026-09-16 01:22:01 - mkk_pika - main.py:112 - INFO - [episode:第1集       ] downloaded:    31, total:  31, progress:100%
2026-09-16 01:22:01 - mkk_pika - database.py:238 - INFO - 数据库更新已下载章节
2026-09-16 01:22:01 - mkk_pika - database.py:244 - INFO - 该漫画已下载章节如下
2026-09-16 01:22:01 - mkk_pika - database.py:245 - INFO - ['第1集']
2026-09-16 01:22:02 - mkk_pika - main.py:348 - INFO - ==================== 漫画信息 ====================
                                   漫画ID：5ccda1b78f0d9151cb407a23
                                   标题：ボクの理想の異世界生活5
                                   作者：23.4ド (イチリ)
                                   是否完结：是
                                   总页数：31
                                   分类：短篇,非人類,純愛,後宮閃光
                                   章节数：1
                                   最后更新时间：2019-05-04T14:29:11.275Z
                                   =================================================
2026-09-16 01:22:02 - mkk_pika - database.py:101 - INFO - 保存成功：ボクの理想の異世界生活5
2026-09-16 01:22:02 - mkk_pika - main.py:35 - INFO - 开始检查 好きなあのコと土下座ックス！ (COMIC BAVEL 2019年4月号) [中国語翻訳] [DL版]是否存在未下载章节
2026-09-16 01:22:02 - mkk_pika - main.py:45 - INFO - 正在下载:[ 好きなあのコと土下座ックス！ (COMIC BAVEL 2019年4月号) [中国語翻訳] [DL版]]-[朝峰テル]-[['純愛', '短篇', 'SM']]-[total_pages:20]
2026-09-16 01:22:02 - mkk_pika - main.py:49 - INFO - [{'_id': '5ccda1c6cba5a62acb03dd6d', 'title': '第1集', 'order': 1, 'updated_at': '2019-05-03T19:22:40.398Z', 'id': '5ccda1c6cba5a62acb03dd6d'}]
2026-09-16 01:22:02 - mkk_pika - database.py:215 - INFO - 第一次下载该漫画，记录数据库中
2026-09-16 01:22:03 - mkk_pika - main.py:83 - INFO - 找到 20 张图片在:第1集
2026-09-16 01:22:04 - mkk_pika - main.py:112 - INFO - [episode:第1集       ] downloaded:    20, total:  20, progress:100%
2026-09-16 01:22:04 - mkk_pika - database.py:238 - INFO - 数据库更新已下载章节
2026-09-16 01:22:04 - mkk_pika - database.py:244 - INFO - 该漫画已下载章节如下
2026-09-16 01:22:04 - mkk_pika - database.py:245 - INFO - ['第1集']
2026-09-16 01:22:05 - mkk_pika - main.py:348 - INFO - ==================== 漫画信息 ====================
                                   漫画ID：5ccda1c6cba5a62acb03dd6c
                                   标题： 好きなあのコと土下座ックス！ (COMIC BAVEL 2019年4月号) [中国語翻訳] [DL版]
                                   作者：朝峰テル
                                   是否完结：是
                                   总页数：20
                                   分类：純愛,短篇,SM
                                   章节数：1
                                   最后更新时间：2019-05-04T14:29:26.156Z
                                   =================================================
2026-09-16 01:22:05 - mkk_pika - database.py:101 - INFO - 保存成功： 好きなあのコと土下座ックス！ (COMIC BAVEL 2019年4月号) [中国語翻訳] [DL版]
2026-09-16 01:22:05 - mkk_pika - main.py:35 - INFO - 开始检查初恋のお姉さんに甘えたいだけの人生だった是否存在未下载章节
2026-09-16 01:22:06 - mkk_pika - main.py:45 - INFO - 正在下载:[初恋のお姉さんに甘えたいだけの人生だった]-[柚木N']-[['短篇', '純愛', '姐姐系']]-[total_pages:32]
2026-09-16 01:22:06 - mkk_pika - main.py:49 - INFO - [{'_id': '5ccda1d96ac70926d02e3713', 'title': '第1集', 'order': 1, 'updated_at': '2019-05-03T19:39:11.626Z', 'id': '5ccda1d96ac70926d02e3713'}]
2026-09-16 01:22:06 - mkk_pika - database.py:215 - INFO - 第一次下载该漫画，记录数据库中
2026-09-16 01:22:07 - mkk_pika - main.py:83 - INFO - 找到 32 张图片在:第1集
2026-09-16 01:22:08 - mkk_pika - main.py:112 - INFO - [episode:第1集       ] downloaded:    32, total:  32, progress:100%
2026-09-16 01:22:08 - mkk_pika - database.py:238 - INFO - 数据库更新已下载章节
2026-09-16 01:22:08 - mkk_pika - database.py:244 - INFO - 该漫画已下载章节如下
2026-09-16 01:22:08 - mkk_pika - database.py:245 - INFO - ['第1集']
2026-09-16 01:22:09 - mkk_pika - main.py:348 - INFO - ==================== 漫画信息 ====================
                                   漫画ID：5ccda1d96ac70926d02e3712
                                   标题：初恋のお姉さんに甘えたいだけの人生だった
                                   作者：柚木N'
                                   是否完结：是
                                   总页数：32
                                   分类：短篇,純愛,姐姐系
                                   章节数：1
                                   最后更新时间：2019-05-04T14:29:45.449Z
                                   =================================================
2026-09-16 01:22:09 - mkk_pika - database.py:101 - INFO - 保存成功：初恋のお姉さんに甘えたいだけの人生だった
2026-09-16 01:22:09 - mkk_pika - main.py:35 - INFO - 开始检查(C95)  セレナーデ (BanG Dream!) [中国翻訳]是否存在未下载章节
2026-09-16 01:22:10 - mkk_pika - main.py:45 - INFO - 正在下载:[(C95)  セレナーデ (BanG Dream!) [中国翻訳]]-[ける都 (晴太)]-[['短篇', '同人', '純愛', '扶他樂園']]-[total_pages:22]
2026-09-16 01:22:10 - mkk_pika - main.py:49 - INFO - [{'_id': '5ccda269389c594de43d7681', 'title': '第1集', 'order': 1, 'updated_at': '2019-05-04T01:12:47.004Z', 'id': '5ccda269389c594de43d7681'}]
2026-09-16 01:22:10 - mkk_pika - database.py:215 - INFO - 第一次下载该漫画，记录数据库中
2026-09-16 01:22:11 - mkk_pika - main.py:83 - INFO - 找到 22 张图片在:第1集
2026-09-16 01:22:12 - mkk_pika - main.py:112 - INFO - [episode:第1集       ] downloaded:    22, total:  22, progress:100%
2026-09-16 01:22:12 - mkk_pika - database.py:238 - INFO - 数据库更新已下载章节
2026-09-16 01:22:12 - mkk_pika - database.py:244 - INFO - 该漫画已下载章节如下
2026-09-16 01:22:12 - mkk_pika - database.py:245 - INFO - ['第1集']
2026-09-16 01:22:13 - mkk_pika - main.py:348 - INFO - ==================== 漫画信息 ====================
                                   漫画ID：5ccda269389c594de43d7680
                                   标题：(C95)  セレナーデ (BanG Dream!) [中国翻訳]
                                   作者：ける都 (晴太)
                                   是否完结：是
                                   总页数：22
                                   分类：短篇,同人,純愛,扶他樂園
                                   章节数：1
                                   最后更新时间：2019-05-04T14:32:09.919Z
                                   =================================================
2026-09-16 01:22:13 - mkk_pika - database.py:101 - INFO - 保存成功：(C95)  セレナーデ (BanG Dream!) [中国翻訳]
2026-09-16 01:22:13 - mkk_pika - main.py:35 - INFO - 开始检查(C82)  幻想郷口唇記5 (東方Project) [中国翻訳]是否存在未下载章节
2026-09-16 01:22:14 - mkk_pika - main.py:45 - INFO - 正在下载:[(C82)  幻想郷口唇記5 (東方Project) [中国翻訳]]-[ナハバル (前)]-[['短篇', '同人', '東方']]-[total_pages:24]
2026-09-16 01:22:14 - mkk_pika - main.py:49 - INFO - [{'_id': '5ccda3526ac70926d02e3762', 'title': '第1集', 'order': 1, 'updated_at': '2019-05-04T04:15:04.520Z', 'id': '5ccda3526ac70926d02e3762'}]
2026-09-16 01:22:14 - mkk_pika - database.py:215 - INFO - 第一次下载该漫画，记录数据库中
2026-09-16 01:22:14 - mkk_pika - main.py:83 - INFO - 找到 24 张图片在:第1集
2026-09-16 01:22:16 - mkk_pika - main.py:112 - INFO - [episode:第1集       ] downloaded:    24, total:  24, progress:100%
2026-09-16 01:22:16 - mkk_pika - database.py:238 - INFO - 数据库更新已下载章节
2026-09-16 01:22:16 - mkk_pika - database.py:244 - INFO - 该漫画已下载章节如下
2026-09-16 01:22:16 - mkk_pika - database.py:245 - INFO - ['第1集']
2026-09-16 01:22:17 - mkk_pika - main.py:348 - INFO - ==================== 漫画信息 ====================
                                   漫画ID：5ccda3526ac70926d02e3761
                                   标题：(C82)  幻想郷口唇記5 (東方Project) [中国翻訳]
                                   作者：ナハバル (前)
                                   是否完结：是
                                   总页数：24
                                   分类：短篇,同人,東方
                                   章节数：1
                                   最后更新时间：2019-05-04T14:36:02.479Z
                                   =================================================
2026-09-16 01:22:17 - mkk_pika - database.py:101 - INFO - 保存成功：(C82)  幻想郷口唇記5 (東方Project) [中国翻訳]
2026-09-16 01:22:17 - mkk_pika - main.py:35 - INFO - 开始检查(ようせいげんき!12)  サニーの♡♡♡♡に気持ちいい○○○○を教え込み隊 (東方Project) [中国翻訳]是否存在未下载章节
2026-09-16 01:22:18 - mkk_pika - main.py:45 - INFO - 正在下载:[(ようせいげんき!12)  サニーの♡♡♡♡に気持ちいい○○○○を教え込み隊 (東方Project) [中国翻訳]]-[IncluDe (ふぅりすと)]-[['同人', '短篇', '東方']]-[total_pages:30]
2026-09-16 01:22:18 - mkk_pika - main.py:49 - INFO - [{'_id': '5ccda36b7d948f69d81971ff', 'title': '第1集', 'order': 1, 'updated_at': '2019-05-04T04:53:21.288Z', 'id': '5ccda36b7d948f69d81971ff'}]
2026-09-16 01:22:18 - mkk_pika - database.py:215 - INFO - 第一次下载该漫画，记录数据库中
2026-09-16 01:22:18 - mkk_pika - main.py:83 - INFO - 找到 30 张图片在:第1集
2026-09-16 01:22:20 - mkk_pika - main.py:112 - INFO - [episode:第1集       ] downloaded:    30, total:  30, progress:100%
2026-09-16 01:22:20 - mkk_pika - database.py:238 - INFO - 数据库更新已下载章节
2026-09-16 01:22:20 - mkk_pika - database.py:244 - INFO - 该漫画已下载章节如下
2026-09-16 01:22:20 - mkk_pika - database.py:245 - INFO - ['第1集']
2026-09-16 01:22:21 - mkk_pika - main.py:348 - INFO - ==================== 漫画信息 ====================
                                   漫画ID：5ccda36b7d948f69d81971fe
                                   标题：(ようせいげんき!12)  サニーの♡♡♡♡に気持ちいい○○○○を教え込み隊 (東方Project) [中国翻訳]
                                   作者：IncluDe (ふぅりすと)
                                   是否完结：是
                                   总页数：30
                                   分类：同人,短篇,東方
                                   章节数：1
                                   最后更新时间：2019-05-04T14:36:27.456Z
                                   =================================================
2026-09-16 01:22:21 - mkk_pika - database.py:101 - INFO - 保存成功：(ようせいげんき!12)  サニーの♡♡♡♡に気持ちいい○○○○を教え込み隊 (東方Project) [中国翻訳]
2026-09-16 01:22:21 - mkk_pika - main.py:35 - INFO - 开始检查 C95会場限定ママン本是否存在未下载章节
2026-09-16 01:22:22 - mkk_pika - main.py:45 - INFO - 正在下载:[ C95会場限定ママン本]-[焼酎MAC (ほずみけんじ)]-[['短篇', '同人', '非人類', '人妻']]-[total_pages:21]
2026-09-16 01:22:22 - mkk_pika - main.py:49 - INFO - [{'_id': '5cc17f4a4563d01994314b5e', 'title': '第1集', 'order': 1, 'updated_at': '2019-04-21T12:24:45.187Z', 'id': '5cc17f4a4563d01994314b5e'}, {'_id': '5ccda3737d76fb26cdf0d282', 'title': '汉化', 'order': 2, 'updated_at': '2019-05-04T05:17:24.511Z', 'id': '5ccda3737d76fb26cdf0d282'}]
2026-09-16 01:22:22 - mkk_pika - database.py:215 - INFO - 第一次下载该漫画，记录数据库中
2026-09-16 01:22:23 - mkk_pika - main.py:83 - INFO - 找到 10 张图片在:第1集
2026-09-16 01:22:23 - mkk_pika - main.py:112 - INFO - [episode:第1集       ] downloaded:    10, total:  10, progress:100%
2026-09-16 01:22:23 - mkk_pika - database.py:238 - INFO - 数据库更新已下载章节
2026-09-16 01:22:23 - mkk_pika - database.py:244 - INFO - 该漫画已下载章节如下
2026-09-16 01:22:23 - mkk_pika - database.py:245 - INFO - ['第1集']
2026-09-16 01:22:25 - mkk_pika - main.py:83 - INFO - 找到 11 张图片在:汉化
2026-09-16 01:22:26 - mkk_pika - main.py:112 - INFO - [episode:汉化        ] downloaded:    11, total:  11, progress:100%
2026-09-16 01:22:26 - mkk_pika - database.py:238 - INFO - 数据库更新已下载章节
2026-09-16 01:22:26 - mkk_pika - database.py:244 - INFO - 该漫画已下载章节如下
2026-09-16 01:22:26 - mkk_pika - database.py:245 - INFO - ['第1集', '汉化']
2026-09-16 01:22:27 - mkk_pika - main.py:348 - INFO - ==================== 漫画信息 ====================
                                   漫画ID：5cc17f4a4563d01994314b5d
                                   标题： C95会場限定ママン本
                                   作者：焼酎MAC (ほずみけんじ)
                                   是否完结：是
                                   总页数：21
                                   分类：短篇,同人,非人類,人妻
                                   章节数：2
                                   最后更新时间：2019-05-04T14:36:35.588Z
                                   =================================================
2026-09-16 01:22:27 - mkk_pika - database.py:101 - INFO - 保存成功： C95会場限定ママン本
2026-09-16 01:22:27 - mkk_pika - main.py:35 - INFO - 开始检查ショタ指揮官はバニーガール秘書艦の夢を見る (アズールレーン) [DL版] [中国翻訳]是否存在未下载章节
2026-09-16 01:22:27 - mkk_pika - main.py:45 - INFO - 正在下载:[ショタ指揮官はバニーガール秘書艦の夢を見る (アズールレーン) [DL版] [中国翻訳]]-[時間差攻撃 (遠矢大介)]-[['短篇', '同人', '純愛']]-[total_pages:26]
2026-09-16 01:22:27 - mkk_pika - main.py:49 - INFO - [{'_id': '5ccda3ab7d76fb26cdf0d2a0', 'title': '第1集', 'order': 1, 'updated_at': '2019-05-04T06:04:53.517Z', 'id': '5ccda3ab7d76fb26cdf0d2a0'}]
2026-09-16 01:22:27 - mkk_pika - database.py:215 - INFO - 第一次下载该漫画，记录数据库中
2026-09-16 01:22:28 - mkk_pika - main.py:83 - INFO - 找到 26 张图片在:第1集
2026-09-16 01:22:29 - mkk_pika - main.py:112 - INFO - [episode:第1集       ] downloaded:    26, total:  26, progress:100%
2026-09-16 01:22:29 - mkk_pika - database.py:238 - INFO - 数据库更新已下载章节
2026-09-16 01:22:29 - mkk_pika - database.py:244 - INFO - 该漫画已下载章节如下
2026-09-16 01:22:29 - mkk_pika - database.py:245 - INFO - ['第1集']
2026-09-16 01:22:31 - mkk_pika - main.py:348 - INFO - ==================== 漫画信息 ====================
                                   漫画ID：5ccda3ab7d76fb26cdf0d29f
                                   标题：ショタ指揮官はバニーガール秘書艦の夢を見る (アズールレーン) [DL版] [中国翻訳]
                                   作者：時間差攻撃 (遠矢大介)
                                   是否完结：是
                                   总页数：26
                                   分类：短篇,同人,純愛
                                   章节数：1
                                   最后更新时间：2019-05-04T14:37:31.086Z
                                   =================================================
2026-09-16 01:22:31 - mkk_pika - database.py:101 - INFO - 保存成功：ショタ指揮官はバニーガール秘書艦の夢を見る (アズールレーン) [DL版] [中国翻訳]
2026-09-16 01:22:31 - mkk_pika - main.py:35 - INFO - 开始检查(C94)褐色三昧 冬霞編 [中国翻訳]是否存在未下载章节
2026-09-16 01:22:31 - mkk_pika - main.py:45 - INFO - 正在下载:[(C94)褐色三昧 冬霞編 [中国翻訳]]-[ぴるぽろー (廃狼)]-[['短篇', '純愛', '後宮閃光']]-[total_pages:32]
2026-09-16 01:22:31 - mkk_pika - main.py:49 - INFO - [{'_id': '5ccda4027d76fb26cdf0d2d2', 'title': '第1集', 'order': 1, 'updated_at': '2019-05-04T06:23:39.917Z', 'id': '5ccda4027d76fb26cdf0d2d2'}]
2026-09-16 01:22:31 - mkk_pika - database.py:215 - INFO - 第一次下载该漫画，记录数据库中
2026-09-16 01:22:32 - mkk_pika - main.py:83 - INFO - 找到 32 张图片在:第1集
2026-09-16 01:22:34 - mkk_pika - main.py:112 - INFO - [episode:第1集       ] downloaded:    32, total:  32, progress:100%
2026-09-16 01:22:34 - mkk_pika - database.py:238 - INFO - 数据库更新已下载章节
2026-09-16 01:22:34 - mkk_pika - database.py:244 - INFO - 该漫画已下载章节如下
2026-09-16 01:22:34 - mkk_pika - database.py:245 - INFO - ['第1集']
2026-09-16 01:22:36 - mkk_pika - main.py:348 - INFO - ==================== 漫画信息 ====================
                                   漫画ID：5ccda4027d76fb26cdf0d2d1
                                   标题：(C94)褐色三昧 冬霞編 [中国翻訳]
                                   作者：ぴるぽろー (廃狼)
                                   是否完结：是
                                   总页数：32
                                   分类：短篇,純愛,後宮閃光
                                   章节数：1
                                   最后更新时间：2019-05-04T14:38:58.492Z
                                   =================================================
2026-09-16 01:22:36 - mkk_pika - database.py:101 - INFO - 保存成功：(C94)褐色三昧 冬霞編 [中国翻訳]
2026-09-16 01:22:36 - mkk_pika - main.py:35 - INFO - 开始检查 Eternally yours [中国翻訳]是否存在未下载章节
2026-09-16 01:22:36 - mkk_pika - main.py:45 - INFO - 正在下载:[ Eternally yours [中国翻訳]]-[Marialite (瘋)]-[['短篇', '非人類', '性轉換']]-[total_pages:38]
2026-09-16 01:22:36 - mkk_pika - main.py:49 - INFO - [{'_id': '5ccda42a8f62512ab1a30423', 'title': '第1集', 'order': 1, 'updated_at': '2019-05-04T06:40:33.779Z', 'id': '5ccda42a8f62512ab1a30423'}]
2026-09-16 01:22:36 - mkk_pika - database.py:215 - INFO - 第一次下载该漫画，记录数据库中
2026-09-16 01:22:37 - mkk_pika - main.py:83 - INFO - 找到 38 张图片在:第1集
2026-09-16 01:22:38 - mkk_pika - main.py:112 - INFO - [episode:第1集       ] downloaded:    38, total:  38, progress:100%
2026-09-16 01:22:38 - mkk_pika - database.py:238 - INFO - 数据库更新已下载章节
2026-09-16 01:22:38 - mkk_pika - database.py:244 - INFO - 该漫画已下载章节如下
2026-09-16 01:22:38 - mkk_pika - database.py:245 - INFO - ['第1集']
2026-09-16 01:22:40 - mkk_pika - main.py:348 - INFO - ==================== 漫画信息 ====================
                                   漫画ID：5ccda42a8f62512ab1a30422
                                   标题： Eternally yours [中国翻訳]
                                   作者：Marialite (瘋)
                                   是否完结：是
                                   总页数：38
                                   分类：短篇,非人類,性轉換
                                   章节数：1
                                   最后更新时间：2019-05-04T14:39:38.374Z
                                   =================================================
2026-09-16 01:22:40 - mkk_pika - database.py:101 - INFO - 保存成功： Eternally yours [中国翻訳]
2026-09-16 01:22:40 - mkk_pika - main.py:35 - INFO - 开始检查丑御前ハ尻欲ニ狂フ(Fate Grand Order)是否存在未下载章节
2026-09-16 01:22:40 - mkk_pika - main.py:45 - INFO - 正在下载:[丑御前ハ尻欲ニ狂フ(Fate Grand Order)]-[焼酎MAC]-[['同人', 'NTR', 'Fate', '長篇']]-[total_pages:76]
2026-09-16 01:22:40 - mkk_pika - main.py:49 - INFO - [{'_id': '5cc32aa37e84e07ebe5b044c', 'title': '第1集', 'order': 1, 'updated_at': '2019-04-26T07:41:07.296Z', 'id': '5cc32aa37e84e07ebe5b044c'}, {'_id': '5ccda440fa8fbc4da5b265fb', 'title': '汉化', 'order': 2, 'updated_at': '2019-05-04T06:56:00.091Z', 'id': '5ccda440fa8fbc4da5b265fb'}]
2026-09-16 01:22:40 - mkk_pika - database.py:215 - INFO - 第一次下载该漫画，记录数据库中
2026-09-16 01:22:41 - mkk_pika - main.py:83 - INFO - 找到 37 张图片在:第1集
2026-09-16 01:22:43 - mkk_pika - main.py:112 - INFO - [episode:第1集       ] downloaded:    37, total:  37, progress:100%
2026-09-16 01:22:43 - mkk_pika - database.py:238 - INFO - 数据库更新已下载章节
2026-09-16 01:22:43 - mkk_pika - database.py:244 - INFO - 该漫画已下载章节如下
2026-09-16 01:22:43 - mkk_pika - database.py:245 - INFO - ['第1集']
2026-09-16 01:22:45 - mkk_pika - main.py:83 - INFO - 找到 39 张图片在:汉化
2026-09-16 01:22:47 - mkk_pika - main.py:112 - INFO - [episode:汉化        ] downloaded:    39, total:  39, progress:100%
2026-09-16 01:22:47 - mkk_pika - database.py:238 - INFO - 数据库更新已下载章节
2026-09-16 01:22:47 - mkk_pika - database.py:244 - INFO - 该漫画已下载章节如下
2026-09-16 01:22:47 - mkk_pika - database.py:245 - INFO - ['第1集', '汉化']
2026-09-16 01:22:48 - mkk_pika - main.py:348 - INFO - ==================== 漫画信息 ====================
                                   漫画ID：5cc32aa37e84e07ebe5b044b
                                   标题：丑御前ハ尻欲ニ狂フ(Fate Grand Order)
                                   作者：焼酎MAC
                                   是否完结：是
                                   总页数：76
                                   分类：同人,NTR,Fate,長篇
                                   章节数：2
                                   最后更新时间：2019-05-04T14:40:00.784Z
                                   =================================================
2026-09-16 01:22:48 - mkk_pika - database.py:101 - INFO - 保存成功：丑御前ハ尻欲ニ狂フ(Fate Grand Order)
2026-09-16 01:22:48 - mkk_pika - main.py:35 - INFO - 开始检查 狐の嫁入り (二次元コミックマガジン 人外娘孕ませ 気高き牝たちは人間子種に屈服するVol.3) [中国翻訳] 是否存在未下载章节
2026-09-16 01:22:49 - mkk_pika - main.py:45 - INFO - 正在下载:[ 狐の嫁入り (二次元コミックマガジン 人外娘孕ませ 気高き牝たちは人間子種に屈服するVol.3) [中国翻訳] ]-[ササマシン]-[['短篇', '非人類', '強暴']]-[total_pages:25]
2026-09-16 01:22:49 - mkk_pika - main.py:49 - INFO - [{'_id': '5ccda559fa8fbc4da5b2662b', 'title': '第1集', 'order': 1, 'updated_at': '2019-05-04T13:02:28.300Z', 'id': '5ccda559fa8fbc4da5b2662b'}]
2026-09-16 01:22:49 - mkk_pika - database.py:215 - INFO - 第一次下载该漫画，记录数据库中
2026-09-16 01:22:49 - mkk_pika - main.py:83 - INFO - 找到 25 张图片在:第1集
2026-09-16 01:22:51 - mkk_pika - main.py:112 - INFO - [episode:第1集       ] downloaded:    25, total:  25, progress:100%
2026-09-16 01:22:51 - mkk_pika - database.py:238 - INFO - 数据库更新已下载章节
2026-09-16 01:22:51 - mkk_pika - database.py:244 - INFO - 该漫画已下载章节如下
2026-09-16 01:22:51 - mkk_pika - database.py:245 - INFO - ['第1集']
2026-09-16 01:22:52 - mkk_pika - main.py:348 - INFO - ==================== 漫画信息 ====================
                                   漫画ID：5ccda559fa8fbc4da5b2662a
                                   标题： 狐の嫁入り (二次元コミックマガジン 人外娘孕ませ 気高き牝たちは人間子種に屈服するVol.3) [中国翻訳] 
                                   作者：ササマシン
                                   是否完结：是
                                   总页数：25
                                   分类：短篇,非人類,強暴
                                   章节数：1
                                   最后更新时间：2019-05-04T14:44:41.515Z
                                   =================================================
2026-09-16 01:22:52 - mkk_pika - database.py:101 - INFO - 保存成功： 狐の嫁入り (二次元コミックマガジン 人外娘孕ませ 気高き牝たちは人間子種に屈服するVol.3) [中国翻訳] 
2026-09-16 01:22:52 - mkk_pika - main.py:35 - INFO - 开始检查 (C72) こどものじクマー！2 (こどものじかん) [中国翻訳]是否存在未下载章节
2026-09-16 01:22:53 - mkk_pika - main.py:45 - INFO - 正在下载:[ (C72) こどものじクマー！2 (こどものじかん) [中国翻訳]]-[ASGO (暫時)]-[['短篇', '同人', '扶他樂園']]-[total_pages:23]
2026-09-16 01:22:53 - mkk_pika - main.py:49 - INFO - [{'_id': '5ccda59456c0ca6decee104a', 'title': '第1集', 'order': 1, 'updated_at': '2019-05-04T13:16:13.469Z', 'id': '5ccda59456c0ca6decee104a'}]
2026-09-16 01:22:53 - mkk_pika - database.py:215 - INFO - 第一次下载该漫画，记录数据库中
2026-09-16 01:22:53 - mkk_pika - main.py:83 - INFO - 找到 23 张图片在:第1集
2026-09-16 01:22:55 - mkk_pika - main.py:112 - INFO - [episode:第1集       ] downloaded:    23, total:  23, progress:100%
2026-09-16 01:22:55 - mkk_pika - database.py:238 - INFO - 数据库更新已下载章节
2026-09-16 01:22:55 - mkk_pika - database.py:244 - INFO - 该漫画已下载章节如下
2026-09-16 01:22:55 - mkk_pika - database.py:245 - INFO - ['第1集']
2026-09-16 01:22:56 - mkk_pika - main.py:348 - INFO - ==================== 漫画信息 ====================
                                   漫画ID：5ccda59456c0ca6decee1049
                                   标题： (C72) こどものじクマー！2 (こどものじかん) [中国翻訳]
                                   作者：ASGO (暫時)
                                   是否完结：是
                                   总页数：23
                                   分类：短篇,同人,扶他樂園
                                   章节数：1
                                   最后更新时间：2019-05-04T14:45:40.129Z
                                   =================================================
2026-09-16 01:22:56 - mkk_pika - database.py:101 - INFO - 保存成功： (C72) こどものじクマー！2 (こどものじかん) [中国翻訳]
2026-09-16 01:22:56 - mkk_pika - main.py:35 - INFO - 开始检查双姬贯通[中国翻訳]是否存在未下载章节
2026-09-16 01:22:56 - mkk_pika - main.py:45 - INFO - 正在下载:[双姬贯通[中国翻訳]]-[孫陽州]-[['短篇', '非人類']]-[total_pages:23]
2026-09-16 01:22:56 - mkk_pika - main.py:49 - INFO - [{'_id': '5ccda5ecfa8fbc4da5b26646', 'title': '第1集', 'order': 1, 'updated_at': '2019-05-04T14:06:12.892Z', 'id': '5ccda5ecfa8fbc4da5b26646'}]
2026-09-16 01:22:56 - mkk_pika - database.py:215 - INFO - 第一次下载该漫画，记录数据库中
2026-09-16 01:22:57 - mkk_pika - main.py:83 - INFO - 找到 23 张图片在:第1集
2026-09-16 01:22:58 - mkk_pika - main.py:112 - INFO - [episode:第1集       ] downloaded:    23, total:  23, progress:100%
2026-09-16 01:22:58 - mkk_pika - database.py:238 - INFO - 数据库更新已下载章节
2026-09-16 01:22:58 - mkk_pika - database.py:244 - INFO - 该漫画已下载章节如下
2026-09-16 01:22:58 - mkk_pika - database.py:245 - INFO - ['第1集']
2026-09-16 01:23:00 - mkk_pika - main.py:348 - INFO - ==================== 漫画信息 ====================
                                   漫画ID：5ccda5ecfa8fbc4da5b26645
                                   标题：双姬贯通[中国翻訳]
                                   作者：孫陽州
                                   是否完结：是
                                   总页数：23
                                   分类：短篇,非人類
                                   章节数：1
                                   最后更新时间：2019-05-04T14:47:08.819Z
                                   =================================================
2026-09-16 01:23:00 - mkk_pika - database.py:101 - INFO - 保存成功：双姬贯通[中国翻訳]
2026-09-16 01:23:00 - mkk_pika - main.py:35 - INFO - 开始检查 運命の身体りにゅうある[中国翻訳] [DL版]是否存在未下载章节
2026-09-16 01:23:00 - mkk_pika - main.py:45 - INFO - 正在下载:[ 運命の身体りにゅうある[中国翻訳] [DL版]]-[やんやんよ (やんよ)]-[['短篇', '純愛']]-[total_pages:28]
2026-09-16 01:23:00 - mkk_pika - main.py:49 - INFO - [{'_id': '5ccda606fa8fbc4da5b26660', 'title': '第1集', 'order': 1, 'updated_at': '2019-05-04T14:22:54.861Z', 'id': '5ccda606fa8fbc4da5b26660'}]
2026-09-16 01:23:00 - mkk_pika - database.py:215 - INFO - 第一次下载该漫画，记录数据库中
2026-09-16 01:23:01 - mkk_pika - main.py:83 - INFO - 找到 28 张图片在:第1集
2026-09-16 01:23:03 - mkk_pika - main.py:112 - INFO - [episode:第1集       ] downloaded:    28, total:  28, progress:100%
2026-09-16 01:23:03 - mkk_pika - database.py:238 - INFO - 数据库更新已下载章节
2026-09-16 01:23:03 - mkk_pika - database.py:244 - INFO - 该漫画已下载章节如下
2026-09-16 01:23:03 - mkk_pika - database.py:245 - INFO - ['第1集']
2026-09-16 01:23:04 - mkk_pika - main.py:348 - INFO - ==================== 漫画信息 ====================
                                   漫画ID：5ccda606fa8fbc4da5b2665f
                                   标题： 運命の身体りにゅうある[中国翻訳] [DL版]
                                   作者：やんやんよ (やんよ)
                                   是否完结：是
                                   总页数：28
                                   分类：短篇,純愛
                                   章节数：1
                                   最后更新时间：2019-05-04T14:47:34.774Z
                                   =================================================
2026-09-16 01:23:04 - mkk_pika - database.py:101 - INFO - 保存成功： 運命の身体りにゅうある[中国翻訳] [DL版]
2026-09-16 01:23:04 - mkk_pika - main.py:35 - INFO - 开始检查(C94) 聖女の逆ナン是否存在未下载章节
2026-09-16 01:23:05 - mkk_pika - main.py:45 - INFO - 正在下载:[(C94) 聖女の逆ナン]-[たぬきんぐすりーぷ (ドラチェフ)]-[['同人', '短篇', 'Fate']]-[total_pages:52]
2026-09-16 01:23:05 - mkk_pika - main.py:49 - INFO - [{'_id': '5c0bc9306c95fd393aa23609', 'title': '第1集', 'order': 1, 'updated_at': '2018-11-15T02:34:25.248Z', 'id': '5c0bc9306c95fd393aa23609'}, {'_id': '5ccda6c46ac70926d02e37b5', 'title': '汉化', 'order': 2, 'updated_at': '2019-05-04T14:29:10.051Z', 'id': '5ccda6c46ac70926d02e37b5'}]
2026-09-16 01:23:05 - mkk_pika - database.py:215 - INFO - 第一次下载该漫画，记录数据库中
2026-09-16 01:23:05 - mkk_pika - main.py:83 - INFO - 找到 26 张图片在:第1集
2026-09-16 01:23:07 - mkk_pika - main.py:112 - INFO - [episode:第1集       ] downloaded:    26, total:  26, progress:100%
2026-09-16 01:23:07 - mkk_pika - database.py:238 - INFO - 数据库更新已下载章节
2026-09-16 01:23:07 - mkk_pika - database.py:244 - INFO - 该漫画已下载章节如下
2026-09-16 01:23:07 - mkk_pika - database.py:245 - INFO - ['第1集']
2026-09-16 01:23:08 - mkk_pika - main.py:83 - INFO - 找到 26 张图片在:汉化
2026-09-16 01:23:10 - mkk_pika - main.py:112 - INFO - [episode:汉化        ] downloaded:    26, total:  26, progress:100%
2026-09-16 01:23:10 - mkk_pika - database.py:238 - INFO - 数据库更新已下载章节
2026-09-16 01:23:10 - mkk_pika - database.py:244 - INFO - 该漫画已下载章节如下
2026-09-16 01:23:10 - mkk_pika - database.py:245 - INFO - ['第1集', '汉化']
2026-09-16 01:23:12 - mkk_pika - main.py:348 - INFO - ==================== 漫画信息 ====================
                                   漫画ID：5c0bc9306c95fd393aa23608
                                   标题：(C94) 聖女の逆ナン
                                   作者：たぬきんぐすりーぷ (ドラチェフ)
                                   是否完结：是
                                   总页数：52
                                   分类：同人,短篇,Fate
                                   章节数：2
                                   最后更新时间：2019-05-04T14:50:44.161Z
                                   =================================================
2026-09-16 01:23:12 - mkk_pika - database.py:101 - INFO - 保存成功：(C94) 聖女の逆ナン
2026-09-16 01:23:12 - mkk_pika - main.py:35 - INFO - 开始检查 (C93) 八雲藍という女の事情。 (東方Project)是否存在未下载章节
2026-09-16 01:23:12 - mkk_pika - main.py:45 - INFO - 正在下载:[ (C93) 八雲藍という女の事情。 (東方Project)]-[ロケット調査室 (コザ)]-[['短篇', '同人', '東方']]-[total_pages:41]
2026-09-16 01:23:12 - mkk_pika - main.py:49 - INFO - [{'_id': '5ccf07fa00c1c26d88e69262', 'title': '第1集', 'order': 1, 'updated_at': '2019-05-04T15:20:05.935Z', 'id': '5ccf07fa00c1c26d88e69262'}]
2026-09-16 01:23:12 - mkk_pika - database.py:215 - INFO - 第一次下载该漫画，记录数据库中
2026-09-16 01:23:13 - mkk_pika - main.py:83 - INFO - 找到 41 张图片在:第1集
2026-09-16 01:23:15 - mkk_pika - main.py:112 - INFO - [episode:第1集       ] downloaded:    41, total:  41, progress:100%
2026-09-16 01:23:15 - mkk_pika - database.py:238 - INFO - 数据库更新已下载章节
2026-09-16 01:23:15 - mkk_pika - database.py:244 - INFO - 该漫画已下载章节如下
2026-09-16 01:23:15 - mkk_pika - database.py:245 - INFO - ['第1集']
2026-09-16 01:23:17 - mkk_pika - main.py:348 - INFO - ==================== 漫画信息 ====================
                                   漫画ID：5ccf07fa00c1c26d88e69261
                                   标题： (C93) 八雲藍という女の事情。 (東方Project)
                                   作者：ロケット調査室 (コザ)
                                   是否完结：否
                                   总页数：41
                                   分类：短篇,同人,東方
                                   章节数：1
                                   最后更新时间：2019-05-05T15:57:46.836Z
                                   =================================================
2026-09-16 01:23:17 - mkk_pika - database.py:101 - INFO - 保存成功： (C93) 八雲藍という女の事情。 (東方Project)
2026-09-16 01:23:17 - mkk_pika - main.py:35 - INFO - 开始检查なんとなく結婚した私の浮気 (限界性欲〜我慢できない人妻たち〜) [中国翻訳] [DL版]是否存在未下载章节
2026-09-16 01:23:17 - mkk_pika - main.py:45 - INFO - 正在下载:[なんとなく結婚した私の浮気 (限界性欲〜我慢できない人妻たち〜) [中国翻訳] [DL版]]-[山本善々]-[['短篇', 'NTR', '人妻']]-[total_pages:48]
2026-09-16 01:23:17 - mkk_pika - main.py:49 - INFO - [{'_id': '5ccf084e6ac70926d02e423b', 'title': '第1集', 'order': 1, 'updated_at': '2019-05-04T17:11:57.113Z', 'id': '5ccf084e6ac70926d02e423b'}]
2026-09-16 01:23:17 - mkk_pika - database.py:215 - INFO - 第一次下载该漫画，记录数据库中
2026-09-16 01:23:18 - mkk_pika - main.py:83 - INFO - 找到 48 张图片在:第1集
2026-09-16 01:23:21 - mkk_pika - main.py:112 - INFO - [episode:第1集       ] downloaded:    48, total:  48, progress:100%
2026-09-16 01:23:21 - mkk_pika - database.py:238 - INFO - 数据库更新已下载章节
2026-09-16 01:23:21 - mkk_pika - database.py:244 - INFO - 该漫画已下载章节如下
2026-09-16 01:23:21 - mkk_pika - database.py:245 - INFO - ['第1集']
2026-09-16 01:23:22 - mkk_pika - main.py:348 - INFO - ==================== 漫画信息 ====================
                                   漫画ID：5ccf084d6ac70926d02e423a
                                   标题：なんとなく結婚した私の浮気 (限界性欲〜我慢できない人妻たち〜) [中国翻訳] [DL版]
                                   作者：山本善々
                                   是否完结：是
                                   总页数：48
                                   分类：短篇,NTR,人妻
                                   章节数：1
                                   最后更新时间：2019-05-05T15:59:09.971Z
                                   =================================================
2026-09-16 01:23:22 - mkk_pika - database.py:101 - INFO - 保存成功：なんとなく結婚した私の浮気 (限界性欲〜我慢できない人妻たち〜) [中国翻訳] [DL版]
2026-09-16 01:23:22 - mkk_pika - main.py:35 - INFO - 开始检查家に憑く妖(永遠娘 6)是否存在未下载章节
2026-09-16 01:23:23 - mkk_pika - main.py:45 - INFO - 正在下载:[家に憑く妖(永遠娘 6)]-[源五郎]-[['短篇', '純愛']]-[total_pages:20]
2026-09-16 01:23:23 - mkk_pika - main.py:49 - INFO - [{'_id': '5ccf08657d76fb26cdf0ddf0', 'title': '第1集', 'order': 1, 'updated_at': '2019-05-04T17:15:12.727Z', 'id': '5ccf08657d76fb26cdf0ddf0'}]
2026-09-16 01:23:23 - mkk_pika - database.py:215 - INFO - 第一次下载该漫画，记录数据库中
2026-09-16 01:23:23 - mkk_pika - main.py:83 - INFO - 找到 20 张图片在:第1集
2026-09-16 01:23:25 - mkk_pika - main.py:112 - INFO - [episode:第1集       ] downloaded:    20, total:  20, progress:100%
2026-09-16 01:23:25 - mkk_pika - database.py:238 - INFO - 数据库更新已下载章节
2026-09-16 01:23:25 - mkk_pika - database.py:244 - INFO - 该漫画已下载章节如下
2026-09-16 01:23:25 - mkk_pika - database.py:245 - INFO - ['第1集']
2026-09-16 01:23:26 - mkk_pika - main.py:348 - INFO - ==================== 漫画信息 ====================
                                   漫画ID：5ccf08657d76fb26cdf0ddef
                                   标题：家に憑く妖(永遠娘 6)
                                   作者：源五郎
                                   是否完结：是
                                   总页数：20
                                   分类：短篇,純愛
                                   章节数：1
                                   最后更新时间：2019-05-05T15:59:33.016Z
                                   =================================================
2026-09-16 01:23:26 - mkk_pika - database.py:101 - INFO - 保存成功：家に憑く妖(永遠娘 6)
2026-09-16 01:23:26 - mkk_pika - main.py:35 - INFO - 开始检查 あと1mmで挿入っちゃうね?雑魚寝してたら隣の女子にイジられて…【特別版】1 [中国翻訳]是否存在未下载章节
2026-09-16 01:23:26 - mkk_pika - main.py:45 - INFO - 正在下载:[ あと1mmで挿入っちゃうね?雑魚寝してたら隣の女子にイジられて…【特別版】1 [中国翻訳]]-[亜美寿真]-[['長篇', '純愛']]-[total_pages:75]
2026-09-16 01:23:26 - mkk_pika - main.py:49 - INFO - [{'_id': '5ccf087f8f0d9151cb407ede', 'title': '第1集', 'order': 1, 'updated_at': '2019-05-04T17:23:20.187Z', 'id': '5ccf087f8f0d9151cb407ede'}]
2026-09-16 01:23:26 - mkk_pika - database.py:215 - INFO - 第一次下载该漫画，记录数据库中
2026-09-16 01:23:28 - mkk_pika - main.py:83 - INFO - 找到 75 张图片在:第1集
2026-09-16 01:23:31 - mkk_pika - main.py:112 - INFO - [episode:第1集       ] downloaded:    75, total:  75, progress:100%
2026-09-16 01:23:31 - mkk_pika - database.py:238 - INFO - 数据库更新已下载章节
2026-09-16 01:23:31 - mkk_pika - database.py:244 - INFO - 该漫画已下载章节如下
2026-09-16 01:23:31 - mkk_pika - database.py:245 - INFO - ['第1集']
2026-09-16 01:23:33 - mkk_pika - main.py:348 - INFO - ==================== 漫画信息 ====================
                                   漫画ID：5ccf087f8f0d9151cb407edd
                                   标题： あと1mmで挿入っちゃうね?雑魚寝してたら隣の女子にイジられて…【特別版】1 [中国翻訳]
                                   作者：亜美寿真
                                   是否完结：是
                                   总页数：75
                                   分类：長篇,純愛
                                   章节数：1
                                   最后更新时间：2019-05-05T15:59:59.294Z
                                   =================================================
2026-09-16 01:23:33 - mkk_pika - database.py:101 - INFO - 保存成功： あと1mmで挿入っちゃうね?雑魚寝してたら隣の女子にイジられて…【特別版】1 [中国翻訳]
2026-09-16 01:23:33 - mkk_pika - main.py:35 - INFO - 开始检查(C95)肉便器、はじめました。是否存在未下载章节
2026-09-16 01:23:33 - mkk_pika - main.py:45 - INFO - 正在下载:[(C95)肉便器、はじめました。]-[milkberry (如月みゆ)]-[['短篇', 'SM']]-[total_pages:23]
2026-09-16 01:23:33 - mkk_pika - main.py:49 - INFO - [{'_id': '5ccf08aacba5a62acb03f092', 'title': '第1集', 'order': 1, 'updated_at': '2019-05-04T17:22:28.613Z', 'id': '5ccf08aacba5a62acb03f092'}]
2026-09-16 01:23:33 - mkk_pika - database.py:215 - INFO - 第一次下载该漫画，记录数据库中
2026-09-16 01:23:34 - mkk_pika - main.py:83 - INFO - 找到 23 张图片在:第1集
2026-09-16 01:23:35 - mkk_pika - main.py:112 - INFO - [episode:第1集       ] downloaded:    23, total:  23, progress:100%
2026-09-16 01:23:35 - mkk_pika - database.py:238 - INFO - 数据库更新已下载章节
2026-09-16 01:23:35 - mkk_pika - database.py:244 - INFO - 该漫画已下载章节如下
2026-09-16 01:23:35 - mkk_pika - database.py:245 - INFO - ['第1集']
2026-09-16 01:23:36 - mkk_pika - main.py:348 - INFO - ==================== 漫画信息 ====================
                                   漫画ID：5ccf08aacba5a62acb03f091
                                   标题：(C95)肉便器、はじめました。
                                   作者：milkberry (如月みゆ)
                                   是否完结：是
                                   总页数：23
                                   分类：短篇,SM
                                   章节数：1
                                   最后更新时间：2019-05-05T16:00:42.522Z
                                   =================================================
2026-09-16 01:23:36 - mkk_pika - database.py:101 - INFO - 保存成功：(C95)肉便器、はじめました。
2026-09-16 01:23:36 - mkk_pika - main.py:35 - INFO - 开始检查我的妹妹可以算乘法是否存在未下载章节
2026-09-16 01:23:37 - mkk_pika - main.py:45 - INFO - 正在下载:[我的妹妹可以算乘法]-[squeezecandyheaven (いちはや)]-[['妹妹系']]-[total_pages:36]
2026-09-16 01:23:37 - mkk_pika - main.py:49 - INFO - [{'_id': '5ccf097944122b6a9c309db3', 'title': '第1集', 'order': 1, 'updated_at': '2019-05-04T22:29:25.688Z', 'id': '5ccf097944122b6a9c309db3'}]
2026-09-16 01:23:37 - mkk_pika - database.py:215 - INFO - 第一次下载该漫画，记录数据库中
2026-09-16 01:23:38 - mkk_pika - main.py:83 - INFO - 找到 36 张图片在:第1集
2026-09-16 01:23:39 - mkk_pika - main.py:112 - INFO - [episode:第1集       ] downloaded:    36, total:  36, progress:100%
2026-09-16 01:23:39 - mkk_pika - database.py:238 - INFO - 数据库更新已下载章节
2026-09-16 01:23:39 - mkk_pika - database.py:244 - INFO - 该漫画已下载章节如下
2026-09-16 01:23:39 - mkk_pika - database.py:245 - INFO - ['第1集']
2026-09-16 01:23:41 - mkk_pika - main.py:348 - INFO - ==================== 漫画信息 ====================
                                   漫画ID：5ccf097944122b6a9c309db2
                                   标题：我的妹妹可以算乘法
                                   作者：squeezecandyheaven (いちはや)
                                   是否完结：否
                                   总页数：36
                                   分类：妹妹系
                                   章节数：1
                                   最后更新时间：2019-05-05T16:04:09.498Z
                                   =================================================
2026-09-16 01:23:41 - mkk_pika - database.py:101 - INFO - 保存成功：我的妹妹可以算乘法
2026-09-16 01:23:41 - mkk_pika - main.py:35 - INFO - 开始检查初めての学生バイト 信じていた店長に脱処女された都会を知らない学生是否存在未下载章节
2026-09-16 01:23:41 - mkk_pika - main.py:45 - INFO - 正在下载:[初めての学生バイト 信じていた店長に脱処女された都会を知らない学生]-[エアリーソックス]-[['全彩', '短篇', '強暴']]-[total_pages:44]
2026-09-16 01:23:41 - mkk_pika - main.py:49 - INFO - [{'_id': '5ccf0a26cba5a62acb03f14a', 'title': '第1集', 'order': 1, 'updated_at': '2019-05-05T01:32:56.081Z', 'id': '5ccf0a26cba5a62acb03f14a'}]
2026-09-16 01:23:41 - mkk_pika - database.py:215 - INFO - 第一次下载该漫画，记录数据库中
2026-09-16 01:23:42 - mkk_pika - main.py:83 - INFO - 找到 44 张图片在:第1集
2026-09-16 01:23:44 - mkk_pika - main.py:112 - INFO - [episode:第1集       ] downloaded:    44, total:  44, progress:100%
2026-09-16 01:23:44 - mkk_pika - database.py:238 - INFO - 数据库更新已下载章节
2026-09-16 01:23:44 - mkk_pika - database.py:244 - INFO - 该漫画已下载章节如下
2026-09-16 01:23:44 - mkk_pika - database.py:245 - INFO - ['第1集']
2026-09-16 01:23:46 - mkk_pika - main.py:348 - INFO - ==================== 漫画信息 ====================
                                   漫画ID：5ccf0a26cba5a62acb03f149
                                   标题：初めての学生バイト 信じていた店長に脱処女された都会を知らない学生
                                   作者：エアリーソックス
                                   是否完结：是
                                   总页数：44
                                   分类：全彩,短篇,強暴
                                   章节数：1
                                   最后更新时间：2019-05-05T16:07:02.560Z
                                   =================================================
2026-09-16 01:23:46 - mkk_pika - database.py:101 - INFO - 保存成功：初めての学生バイト 信じていた店長に脱処女された都会を知らない学生
2026-09-16 01:23:46 - mkk_pika - main.py:35 - INFO - 开始检查(BanG Dreamer's Party! 4th STAGE) 友希那は素直じゃない (BanG Dream!) [中国翻訳]是否存在未下载章节
2026-09-16 01:23:46 - mkk_pika - main.py:45 - INFO - 正在下载:[(BanG Dreamer's Party! 4th STAGE) 友希那は素直じゃない (BanG Dream!) [中国翻訳]]-[ヨーグリイナ (志羽ゆか)]-[['同人', '短篇', '百合花園']]-[total_pages:26]
2026-09-16 01:23:46 - mkk_pika - main.py:49 - INFO - [{'_id': '5ccf0a4d9cfc6e376d73e188', 'title': '第1集', 'order': 1, 'updated_at': '2019-05-05T02:40:56.910Z', 'id': '5ccf0a4d9cfc6e376d73e188'}]
2026-09-16 01:23:46 - mkk_pika - database.py:215 - INFO - 第一次下载该漫画，记录数据库中
2026-09-16 01:23:47 - mkk_pika - main.py:83 - INFO - 找到 26 张图片在:第1集
2026-09-16 01:23:48 - mkk_pika - main.py:112 - INFO - [episode:第1集       ] downloaded:    26, total:  26, progress:100%
2026-09-16 01:23:48 - mkk_pika - database.py:238 - INFO - 数据库更新已下载章节
2026-09-16 01:23:48 - mkk_pika - database.py:244 - INFO - 该漫画已下载章节如下
2026-09-16 01:23:48 - mkk_pika - database.py:245 - INFO - ['第1集']
2026-09-16 01:23:49 - mkk_pika - main.py:348 - INFO - ==================== 漫画信息 ====================
                                   漫画ID：5ccf0a4d9cfc6e376d73e187
                                   标题：(BanG Dreamer's Party! 4th STAGE) 友希那は素直じゃない (BanG Dream!) [中国翻訳]
                                   作者：ヨーグリイナ (志羽ゆか)
                                   是否完结：是
                                   总页数：26
                                   分类：同人,短篇,百合花園
                                   章节数：1
                                   最后更新时间：2019-05-05T16:07:41.705Z
                                   =================================================
2026-09-16 01:23:49 - mkk_pika - database.py:101 - INFO - 保存成功：(BanG Dreamer's Party! 4th STAGE) 友希那は素直じゃない (BanG Dream!) [中国翻訳]
2026-09-16 01:23:49 - mkk_pika - main.py:35 - INFO - 开始检查彼女を起こさないで❤是否存在未下载章节
2026-09-16 01:23:50 - mkk_pika - main.py:45 - INFO - 正在下载:[彼女を起こさないで❤]-[aki99]-[['全彩', '短篇', '百合花園']]-[total_pages:24]
2026-09-16 01:23:50 - mkk_pika - main.py:49 - INFO - [{'_id': '5ccf0a9b56c0ca6decee15ee', 'title': '第1集', 'order': 1, 'updated_at': '2019-05-05T02:06:57.548Z', 'id': '5ccf0a9b56c0ca6decee15ee'}]
2026-09-16 01:23:50 - mkk_pika - database.py:215 - INFO - 第一次下载该漫画，记录数据库中
2026-09-16 01:23:50 - mkk_pika - main.py:83 - INFO - 找到 24 张图片在:第1集
2026-09-16 01:23:51 - mkk_pika - main.py:112 - INFO - [episode:第1集       ] downloaded:    24, total:  24, progress:100%
2026-09-16 01:23:51 - mkk_pika - database.py:238 - INFO - 数据库更新已下载章节
2026-09-16 01:23:51 - mkk_pika - database.py:244 - INFO - 该漫画已下载章节如下
2026-09-16 01:23:51 - mkk_pika - database.py:245 - INFO - ['第1集']
2026-09-16 01:23:53 - mkk_pika - main.py:348 - INFO - ==================== 漫画信息 ====================
                                   漫画ID：5ccf0a9b56c0ca6decee15ed
                                   标题：彼女を起こさないで❤
                                   作者：aki99
                                   是否完结：是
                                   总页数：24
                                   分类：全彩,短篇,百合花園
                                   章节数：1
                                   最后更新时间：2019-05-05T16:08:59.452Z
                                   =================================================
2026-09-16 01:23:53 - mkk_pika - database.py:101 - INFO - 保存成功：彼女を起こさないで❤
2026-09-16 01:23:53 - mkk_pika - main.py:35 - INFO - 开始检查(COMIC1☆15) たくじ本2019はる (アイドルマスター シャイニーカラーズ) [中国翻訳]是否存在未下载章节
2026-09-16 01:23:53 - mkk_pika - main.py:45 - INFO - 正在下载:[(COMIC1☆15) たくじ本2019はる (アイドルマスター シャイニーカラーズ) [中国翻訳]]-[Number2 (たくじ)]-[['短篇', 'NTR']]-[total_pages:9]
2026-09-16 01:23:53 - mkk_pika - main.py:49 - INFO - [{'_id': '5ccf0ae38f62512ab1a3106c', 'title': '第1集', 'order': 1, 'updated_at': '2019-05-05T02:58:21.705Z', 'id': '5ccf0ae38f62512ab1a3106c'}]
2026-09-16 01:23:53 - mkk_pika - database.py:215 - INFO - 第一次下载该漫画，记录数据库中
2026-09-16 01:23:54 - mkk_pika - main.py:83 - INFO - 找到 9 张图片在:第1集
2026-09-16 01:23:55 - mkk_pika - main.py:112 - INFO - [episode:第1集       ] downloaded:     9, total:   9, progress:100%
2026-09-16 01:23:55 - mkk_pika - database.py:238 - INFO - 数据库更新已下载章节
2026-09-16 01:23:55 - mkk_pika - database.py:244 - INFO - 该漫画已下载章节如下
2026-09-16 01:23:55 - mkk_pika - database.py:245 - INFO - ['第1集']
2026-09-16 01:23:57 - mkk_pika - main.py:348 - INFO - ==================== 漫画信息 ====================
                                   漫画ID：5ccf0ae38f62512ab1a3106b
                                   标题：(COMIC1☆15) たくじ本2019はる (アイドルマスター シャイニーカラーズ) [中国翻訳]
                                   作者：Number2 (たくじ)
                                   是否完结：是
                                   总页数：9
                                   分类：短篇,NTR
                                   章节数：1
                                   最后更新时间：2019-05-05T16:10:11.457Z
                                   =================================================
2026-09-16 01:23:57 - mkk_pika - database.py:101 - INFO - 保存成功：(COMIC1☆15) たくじ本2019はる (アイドルマスター シャイニーカラーズ) [中国翻訳]
2026-09-16 01:23:57 - mkk_pika - main.py:35 - INFO - 开始检查(ふたけっと13)  やばんなフレンズ (けものフレンズ) [中国翻訳]是否存在未下载章节
2026-09-16 01:23:57 - mkk_pika - main.py:45 - INFO - 正在下载:[(ふたけっと13)  やばんなフレンズ (けものフレンズ) [中国翻訳]]-[Circle Σ (泡盛一太朗)]-[['短篇', '同人', '扶他樂園', '純愛', '非人類']]-[total_pages:25]
2026-09-16 01:23:57 - mkk_pika - main.py:49 - INFO - [{'_id': '5ccf0b1c882a373a68fb7476', 'title': '第1集', 'order': 1, 'updated_at': '2019-05-05T03:08:18.789Z', 'id': '5ccf0b1c882a373a68fb7476'}]
2026-09-16 01:23:57 - mkk_pika - database.py:215 - INFO - 第一次下载该漫画，记录数据库中
2026-09-16 01:23:58 - mkk_pika - main.py:83 - INFO - 找到 25 张图片在:第1集
2026-09-16 01:23:59 - mkk_pika - main.py:112 - INFO - [episode:第1集       ] downloaded:    25, total:  25, progress:100%
2026-09-16 01:23:59 - mkk_pika - database.py:238 - INFO - 数据库更新已下载章节
2026-09-16 01:23:59 - mkk_pika - database.py:244 - INFO - 该漫画已下载章节如下
2026-09-16 01:23:59 - mkk_pika - database.py:245 - INFO - ['第1集']
2026-09-16 01:24:01 - mkk_pika - main.py:348 - INFO - ==================== 漫画信息 ====================
                                   漫画ID：5ccf0b1c882a373a68fb7475
                                   标题：(ふたけっと13)  やばんなフレンズ (けものフレンズ) [中国翻訳]
                                   作者：Circle Σ (泡盛一太朗)
                                   是否完结：是
                                   总页数：25
                                   分类：短篇,同人,扶他樂園,純愛,非人類
                                   章节数：1
                                   最后更新时间：2019-05-05T16:11:08.180Z
                                   =================================================
2026-09-16 01:24:01 - mkk_pika - database.py:101 - INFO - 保存成功：(ふたけっと13)  やばんなフレンズ (けものフレンズ) [中国翻訳]
2026-09-16 01:24:01 - mkk_pika - main.py:35 - INFO - 开始检查(C94) 鮮烈のディープブルー (艦隊これくしょん -艦これ-) [中国翻訳]是否存在未下载章节
2026-09-16 01:24:01 - mkk_pika - main.py:45 - INFO - 正在下载:[(C94) 鮮烈のディープブルー (艦隊これくしょん -艦これ-) [中国翻訳]]-[金揚尾 (フライデイ)]-[['短篇', '同人', '艦隊收藏', '強暴']]-[total_pages:29]
2026-09-16 01:24:01 - mkk_pika - main.py:49 - INFO - [{'_id': '5ccf0b347d76fb26cdf0de26', 'title': '第1集', 'order': 1, 'updated_at': '2019-05-05T03:47:12.082Z', 'id': '5ccf0b347d76fb26cdf0de26'}]
2026-09-16 01:24:01 - mkk_pika - database.py:215 - INFO - 第一次下载该漫画，记录数据库中
2026-09-16 01:24:02 - mkk_pika - main.py:83 - INFO - 找到 29 张图片在:第1集
2026-09-16 01:24:03 - mkk_pika - main.py:112 - INFO - [episode:第1集       ] downloaded:    29, total:  29, progress:100%
2026-09-16 01:24:03 - mkk_pika - database.py:238 - INFO - 数据库更新已下载章节
2026-09-16 01:24:03 - mkk_pika - database.py:244 - INFO - 该漫画已下载章节如下
2026-09-16 01:24:03 - mkk_pika - database.py:245 - INFO - ['第1集']
2026-09-16 01:24:04 - mkk_pika - main.py:348 - INFO - ==================== 漫画信息 ====================
                                   漫画ID：5ccf0b347d76fb26cdf0de25
                                   标题：(C94) 鮮烈のディープブルー (艦隊これくしょん -艦これ-) [中国翻訳]
                                   作者：金揚尾 (フライデイ)
                                   是否完结：是
                                   总页数：29
                                   分类：短篇,同人,艦隊收藏,強暴
                                   章节数：1
                                   最后更新时间：2019-05-05T16:11:32.593Z
                                   =================================================
2026-09-16 01:24:04 - mkk_pika - database.py:101 - INFO - 保存成功：(C94) 鮮烈のディープブルー (艦隊これくしょん -艦これ-) [中国翻訳]
2026-09-16 01:24:04 - mkk_pika - main.py:35 - INFO - 开始检查(C78)  Angel's stroke 44 きんぐさいず! (聖痕のクェイサー) [中国翻訳]是否存在未下载章节
2026-09-16 01:24:05 - mkk_pika - main.py:45 - INFO - 正在下载:[(C78)  Angel's stroke 44 きんぐさいず! (聖痕のクェイサー) [中国翻訳]]-[AXZ (九手児)]-[['短篇', '同人', '強暴', '非人類']]-[total_pages:44]
2026-09-16 01:24:05 - mkk_pika - main.py:49 - INFO - [{'_id': '5ccf0b7d7d948f69d8197780', 'title': '第1集', 'order': 1, 'updated_at': '2019-05-05T04:05:25.740Z', 'id': '5ccf0b7d7d948f69d8197780'}]
2026-09-16 01:24:05 - mkk_pika - database.py:215 - INFO - 第一次下载该漫画，记录数据库中
2026-09-16 01:24:07 - mkk_pika - main.py:83 - INFO - 找到 44 张图片在:第1集
2026-09-16 01:24:09 - mkk_pika - main.py:112 - INFO - [episode:第1集       ] downloaded:    44, total:  44, progress:100%
2026-09-16 01:24:09 - mkk_pika - database.py:238 - INFO - 数据库更新已下载章节
2026-09-16 01:24:09 - mkk_pika - database.py:244 - INFO - 该漫画已下载章节如下
2026-09-16 01:24:09 - mkk_pika - database.py:245 - INFO - ['第1集']
2026-09-16 01:24:11 - mkk_pika - main.py:348 - INFO - ==================== 漫画信息 ====================
                                   漫画ID：5ccf0b7d7d948f69d819777f
                                   标题：(C78)  Angel's stroke 44 きんぐさいず! (聖痕のクェイサー) [中国翻訳]
                                   作者：AXZ (九手児)
                                   是否完结：是
                                   总页数：44
                                   分类：短篇,同人,強暴,非人類
                                   章节数：1
                                   最后更新时间：2019-05-05T16:12:45.146Z
                                   =================================================
2026-09-16 01:24:11 - mkk_pika - database.py:101 - INFO - 保存成功：(C78)  Angel's stroke 44 きんぐさいず! (聖痕のクェイサー) [中国翻訳]
2026-09-16 01:24:11 - mkk_pika - main.py:35 - INFO - 开始检查ユメ渡りの女王様1—3话是否存在未下载章节
2026-09-16 01:24:11 - mkk_pika - main.py:45 - INFO - 正在下载:[ユメ渡りの女王様1—3话]-[チーズ酵母 (なか)]-[['長篇', '百合花園', 'SM']]-[total_pages:130]
2026-09-16 01:24:11 - mkk_pika - main.py:49 - INFO - [{'_id': '5ccf0b9ecba5a62acb03f217', 'title': '第1集', 'order': 1, 'updated_at': '2019-05-05T04:33:37.634Z', 'id': '5ccf0b9ecba5a62acb03f217'}, {'_id': '5ccf0b9ecba5a62acb03f218', 'title': '第2集', 'order': 2, 'updated_at': '2019-05-05T04:35:13.478Z', 'id': '5ccf0b9ecba5a62acb03f218'}, {'_id': '5ccf0b9ecba5a62acb03f219', 'title': '第3集', 'order': 3, 'updated_at': '2019-05-05T04:37:38.687Z', 'id': '5ccf0b9ecba5a62acb03f219'}]
2026-09-16 01:24:11 - mkk_pika - database.py:215 - INFO - 第一次下载该漫画，记录数据库中
2026-09-16 01:24:12 - mkk_pika - main.py:83 - INFO - 找到 42 张图片在:第1集
2026-09-16 01:24:14 - mkk_pika - main.py:112 - INFO - [episode:第1集       ] downloaded:    42, total:  42, progress:100%
2026-09-16 01:24:14 - mkk_pika - database.py:238 - INFO - 数据库更新已下载章节
2026-09-16 01:24:14 - mkk_pika - database.py:244 - INFO - 该漫画已下载章节如下
2026-09-16 01:24:14 - mkk_pika - database.py:245 - INFO - ['第1集']
2026-09-16 01:24:16 - mkk_pika - main.py:83 - INFO - 找到 41 张图片在:第2集
2026-09-16 01:24:18 - mkk_pika - main.py:112 - INFO - [episode:第2集       ] downloaded:    41, total:  41, progress:100%
2026-09-16 01:24:18 - mkk_pika - database.py:238 - INFO - 数据库更新已下载章节
2026-09-16 01:24:18 - mkk_pika - database.py:244 - INFO - 该漫画已下载章节如下
2026-09-16 01:24:18 - mkk_pika - database.py:245 - INFO - ['第1集', '第2集']
2026-09-16 01:24:20 - mkk_pika - main.py:83 - INFO - 找到 47 张图片在:第3集
2026-09-16 01:24:22 - mkk_pika - main.py:112 - INFO - [episode:第3集       ] downloaded:    47, total:  47, progress:100%
2026-09-16 01:24:22 - mkk_pika - database.py:238 - INFO - 数据库更新已下载章节
2026-09-16 01:24:22 - mkk_pika - database.py:244 - INFO - 该漫画已下载章节如下
2026-09-16 01:24:22 - mkk_pika - database.py:245 - INFO - ['第1集', '第2集', '第3集']
2026-09-16 01:24:23 - mkk_pika - main.py:348 - INFO - ==================== 漫画信息 ====================
                                   漫画ID：5ccf0b9ecba5a62acb03f216
                                   标题：ユメ渡りの女王様1—3话
                                   作者：チーズ酵母 (なか)
                                   是否完结：否
                                   总页数：130
                                   分类：長篇,百合花園,SM
                                   章节数：3
                                   最后更新时间：2019-05-05T16:13:18.117Z
                                   =================================================
2026-09-16 01:24:23 - mkk_pika - database.py:101 - INFO - 保存成功：ユメ渡りの女王様1—3话
2026-09-16 01:24:23 - mkk_pika - main.py:35 - INFO - 开始检查 隷獄生徒会  [中国翻訳]是否存在未下载章节
2026-09-16 01:24:24 - mkk_pika - main.py:45 - INFO - 正在下载:[ 隷獄生徒会  [中国翻訳]]-[サークル太平天国 (堀川悟郎)]-[['短篇']]-[total_pages:243]
2026-09-16 01:24:24 - mkk_pika - main.py:49 - INFO - [{'_id': '5cc5a385200af34aa789155c', 'title': '第1集', 'order': 1, 'updated_at': '2019-04-28T05:08:24.903Z', 'id': '5cc5a385200af34aa789155c'}, {'_id': '5cc5a385200af34aa789155d', 'title': '第2集', 'order': 2, 'updated_at': '2019-04-28T05:11:47.460Z', 'id': '5cc5a385200af34aa789155d'}, {'_id': '5cc5a385200af34aa789155e', 'title': '第3集', 'order': 3, 'updated_at': '2019-04-28T05:08:27.023Z', 'id': '5cc5a385200af34aa789155e'}, {'_id': '5ccf0be4a523a238075de0f4', 'title': '第4集', 'order': 4, 'updated_at': '2019-05-05T06:00:43.940Z', 'id': '5ccf0be4a523a238075de0f4'}]
2026-09-16 01:24:24 - mkk_pika - database.py:215 - INFO - 第一次下载该漫画，记录数据库中
2026-09-16 01:24:25 - mkk_pika - main.py:83 - INFO - 找到 61 张图片在:第1集
2026-09-16 01:24:28 - mkk_pika - main.py:112 - INFO - [episode:第1集       ] downloaded:    61, total:  61, progress:100%
2026-09-16 01:24:28 - mkk_pika - database.py:238 - INFO - 数据库更新已下载章节
2026-09-16 01:24:28 - mkk_pika - database.py:244 - INFO - 该漫画已下载章节如下
2026-09-16 01:24:28 - mkk_pika - database.py:245 - INFO - ['第1集']
2026-09-16 01:24:30 - mkk_pika - main.py:83 - INFO - 找到 61 张图片在:第2集
2026-09-16 01:24:33 - mkk_pika - main.py:112 - INFO - [episode:第2集       ] downloaded:    61, total:  61, progress:100%
2026-09-16 01:24:33 - mkk_pika - database.py:238 - INFO - 数据库更新已下载章节
2026-09-16 01:24:33 - mkk_pika - database.py:244 - INFO - 该漫画已下载章节如下
2026-09-16 01:24:33 - mkk_pika - database.py:245 - INFO - ['第1集', '第2集']
2026-09-16 01:24:36 - mkk_pika - main.py:83 - INFO - 找到 61 张图片在:第3集
2026-09-16 01:24:39 - mkk_pika - main.py:112 - INFO - [episode:第3集       ] downloaded:    61, total:  61, progress:100%
2026-09-16 01:24:39 - mkk_pika - database.py:238 - INFO - 数据库更新已下载章节
2026-09-16 01:24:39 - mkk_pika - database.py:244 - INFO - 该漫画已下载章节如下
2026-09-16 01:24:39 - mkk_pika - database.py:245 - INFO - ['第1集', '第2集', '第3集']
2026-09-16 01:24:41 - mkk_pika - main.py:83 - INFO - 找到 60 张图片在:第4集
2026-09-16 01:24:44 - mkk_pika - main.py:112 - INFO - [episode:第4集       ] downloaded:    60, total:  60, progress:100%
2026-09-16 01:24:44 - mkk_pika - database.py:238 - INFO - 数据库更新已下载章节
2026-09-16 01:24:44 - mkk_pika - database.py:244 - INFO - 该漫画已下载章节如下
2026-09-16 01:24:44 - mkk_pika - database.py:245 - INFO - ['第1集', '第2集', '第3集', '第4集']
2026-09-16 01:24:46 - mkk_pika - main.py:348 - INFO - ==================== 漫画信息 ====================
                                   漫画ID：5cc5a385200af34aa789155b
                                   标题： 隷獄生徒会  [中国翻訳]
                                   作者：サークル太平天国 (堀川悟郎)
                                   是否完结：是
                                   总页数：243
                                   分类：短篇
                                   章节数：4
                                   最后更新时间：2019-05-05T16:14:28.032Z
                                   =================================================
2026-09-16 01:24:46 - mkk_pika - database.py:101 - INFO - 保存成功： 隷獄生徒会  [中国翻訳]
2026-09-16 01:24:46 - mkk_pika - main.py:35 - INFO - 开始检查 とろいめらい 3rd STAGE (コミック エグゼ 04) [中国翻訳] [DL版]是否存在未下载章节
2026-09-16 01:24:47 - mkk_pika - main.py:45 - INFO - 正在下载:[ とろいめらい 3rd STAGE (コミック エグゼ 04) [中国翻訳] [DL版]]-[ヤスイリオスケ]-[['短篇', '同人']]-[total_pages:24]
2026-09-16 01:24:47 - mkk_pika - main.py:49 - INFO - [{'_id': '5ccf0c91389c594de43d7cae', 'title': '第1集', 'order': 1, 'updated_at': '2019-05-05T08:06:45.037Z', 'id': '5ccf0c91389c594de43d7cae'}]
2026-09-16 01:24:47 - mkk_pika - database.py:215 - INFO - 第一次下载该漫画，记录数据库中
2026-09-16 01:24:47 - mkk_pika - main.py:83 - INFO - 找到 24 张图片在:第1集
2026-09-16 01:24:49 - mkk_pika - main.py:112 - INFO - [episode:第1集       ] downloaded:    24, total:  24, progress:100%
2026-09-16 01:24:49 - mkk_pika - database.py:238 - INFO - 数据库更新已下载章节
2026-09-16 01:24:49 - mkk_pika - database.py:244 - INFO - 该漫画已下载章节如下
2026-09-16 01:24:49 - mkk_pika - database.py:245 - INFO - ['第1集']
2026-09-16 01:24:50 - mkk_pika - main.py:348 - INFO - ==================== 漫画信息 ====================
                                   漫画ID：5ccf0c91389c594de43d7cad
                                   标题： とろいめらい 3rd STAGE (コミック エグゼ 04) [中国翻訳] [DL版]
                                   作者：ヤスイリオスケ
                                   是否完结：是
                                   总页数：24
                                   分类：短篇,同人
                                   章节数：1
                                   最后更新时间：2019-05-05T16:17:21.529Z
                                   =================================================
2026-09-16 01:24:50 - mkk_pika - database.py:101 - INFO - 保存成功： とろいめらい 3rd STAGE (コミック エグゼ 04) [中国翻訳] [DL版]
2026-09-16 01:24:50 - mkk_pika - main.py:35 - INFO - 开始检查僕だけのおねえさん (コミックジェシカ Vol.2) 中文翻譯是否存在未下载章节
2026-09-16 01:24:50 - mkk_pika - main.py:45 - INFO - 正在下载:[僕だけのおねえさん (コミックジェシカ Vol.2) 中文翻譯]-[オジィ]-[['短篇', '純愛']]-[total_pages:16]
2026-09-16 01:24:50 - mkk_pika - main.py:49 - INFO - [{'_id': '5ccf0cd5882a373a68fb749f', 'title': '第1集', 'order': 1, 'updated_at': '2019-05-05T09:56:17.391Z', 'id': '5ccf0cd5882a373a68fb749f'}]
2026-09-16 01:24:50 - mkk_pika - database.py:215 - INFO - 第一次下载该漫画，记录数据库中
2026-09-16 01:24:51 - mkk_pika - main.py:83 - INFO - 找到 16 张图片在:第1集
2026-09-16 01:24:52 - mkk_pika - main.py:112 - INFO - [episode:第1集       ] downloaded:    16, total:  16, progress:100%
2026-09-16 01:24:52 - mkk_pika - database.py:238 - INFO - 数据库更新已下载章节
2026-09-16 01:24:52 - mkk_pika - database.py:244 - INFO - 该漫画已下载章节如下
2026-09-16 01:24:52 - mkk_pika - database.py:245 - INFO - ['第1集']
2026-09-16 01:24:53 - mkk_pika - main.py:348 - INFO - ==================== 漫画信息 ====================
                                   漫画ID：5ccf0cd5882a373a68fb749e
                                   标题：僕だけのおねえさん (コミックジェシカ Vol.2) 中文翻譯
                                   作者：オジィ
                                   是否完结：是
                                   总页数：16
                                   分类：短篇,純愛
                                   章节数：1
                                   最后更新时间：2019-05-05T16:18:29.317Z
                                   =================================================
2026-09-16 01:24:53 - mkk_pika - database.py:101 - INFO - 保存成功：僕だけのおねえさん (コミックジェシカ Vol.2) 中文翻譯
2026-09-16 01:24:53 - mkk_pika - main.py:35 - INFO - 开始检查(C95) お隣さんは俺の想い人 [中国翻訳]是否存在未下载章节
2026-09-16 01:24:54 - mkk_pika - main.py:45 - INFO - 正在下载:[(C95) お隣さんは俺の想い人 [中国翻訳]]-[とんぷぅら亭 (サエモン)]-[['短篇', '純愛']]-[total_pages:44]
2026-09-16 01:24:54 - mkk_pika - main.py:49 - INFO - [{'_id': '5ccf0cf256c0ca6decee16eb', 'title': '第1集', 'order': 1, 'updated_at': '2019-05-05T10:28:49.916Z', 'id': '5ccf0cf256c0ca6decee16eb'}]
2026-09-16 01:24:54 - mkk_pika - database.py:215 - INFO - 第一次下载该漫画，记录数据库中
2026-09-16 01:24:55 - mkk_pika - main.py:83 - INFO - 找到 44 张图片在:第1集
2026-09-16 01:24:57 - mkk_pika - main.py:112 - INFO - [episode:第1集       ] downloaded:    44, total:  44, progress:100%
2026-09-16 01:24:57 - mkk_pika - database.py:238 - INFO - 数据库更新已下载章节
2026-09-16 01:24:57 - mkk_pika - database.py:244 - INFO - 该漫画已下载章节如下
2026-09-16 01:24:57 - mkk_pika - database.py:245 - INFO - ['第1集']
2026-09-16 01:24:59 - mkk_pika - main.py:348 - INFO - ==================== 漫画信息 ====================
                                   漫画ID：5ccf0cf256c0ca6decee16ea
                                   标题：(C95) お隣さんは俺の想い人 [中国翻訳]
                                   作者：とんぷぅら亭 (サエモン)
                                   是否完结：是
                                   总页数：44
                                   分类：短篇,純愛
                                   章节数：1
                                   最后更新时间：2019-05-05T16:18:58.381Z
                                   =================================================
2026-09-16 01:24:59 - mkk_pika - database.py:101 - INFO - 保存成功：(C95) お隣さんは俺の想い人 [中国翻訳]
2026-09-16 01:24:59 - mkk_pika - main.py:35 - INFO - 开始检查(COMIC1☆15) KOGGIO [中国翻訳]是否存在未下载章节
2026-09-16 01:24:59 - mkk_pika - main.py:45 - INFO - 正在下载:[(COMIC1☆15) KOGGIO [中国翻訳]]-[40010壱号 (40010試作型)]-[['短篇']]-[total_pages:24]
2026-09-16 01:24:59 - mkk_pika - main.py:49 - INFO - [{'_id': '5ccf0d068f62512ab1a3109a', 'title': '第1集', 'order': 1, 'updated_at': '2019-05-05T10:35:38.660Z', 'id': '5ccf0d068f62512ab1a3109a'}]
2026-09-16 01:24:59 - mkk_pika - database.py:215 - INFO - 第一次下载该漫画，记录数据库中
2026-09-16 01:25:00 - mkk_pika - main.py:83 - INFO - 找到 24 张图片在:第1集
2026-09-16 01:25:01 - mkk_pika - main.py:112 - INFO - [episode:第1集       ] downloaded:    24, total:  24, progress:100%
2026-09-16 01:25:01 - mkk_pika - database.py:238 - INFO - 数据库更新已下载章节
2026-09-16 01:25:01 - mkk_pika - database.py:244 - INFO - 该漫画已下载章节如下
2026-09-16 01:25:01 - mkk_pika - database.py:245 - INFO - ['第1集']
2026-09-16 01:25:02 - mkk_pika - main.py:348 - INFO - ==================== 漫画信息 ====================
                                   漫画ID：5ccf0d068f62512ab1a31099
                                   标题：(COMIC1☆15) KOGGIO [中国翻訳]
                                   作者：40010壱号 (40010試作型)
                                   是否完结：是
                                   总页数：24
                                   分类：短篇
                                   章节数：1
                                   最后更新时间：2019-05-05T16:19:18.376Z
                                   =================================================
2026-09-16 01:25:02 - mkk_pika - database.py:101 - INFO - 保存成功：(COMIC1☆15) KOGGIO [中国翻訳]
2026-09-16 01:25:02 - mkk_pika - main.py:35 - INFO - 开始检查(コミティア127)メスメリズム5.5 [中国翻訳]是否存在未下载章节
2026-09-16 01:25:03 - mkk_pika - main.py:45 - INFO - 正在下载:[(コミティア127)メスメリズム5.5 [中国翻訳]]-[abgrund (さいかわゆさ)]-[['短篇', 'NTR', '人妻']]-[total_pages:32]
2026-09-16 01:25:03 - mkk_pika - main.py:49 - INFO - [{'_id': '5ccf0d254670e73a4e8e837d', 'title': '第1集', 'order': 1, 'updated_at': '2019-05-05T11:07:44.337Z', 'id': '5ccf0d254670e73a4e8e837d'}]
2026-09-16 01:25:03 - mkk_pika - database.py:215 - INFO - 第一次下载该漫画，记录数据库中
2026-09-16 01:25:04 - mkk_pika - main.py:83 - INFO - 找到 32 张图片在:第1集
2026-09-16 01:25:05 - mkk_pika - main.py:112 - INFO - [episode:第1集       ] downloaded:    32, total:  32, progress:100%
2026-09-16 01:25:05 - mkk_pika - database.py:238 - INFO - 数据库更新已下载章节
2026-09-16 01:25:05 - mkk_pika - database.py:244 - INFO - 该漫画已下载章节如下
2026-09-16 01:25:05 - mkk_pika - database.py:245 - INFO - ['第1集']
2026-09-16 01:25:07 - mkk_pika - main.py:348 - INFO - ==================== 漫画信息 ====================
                                   漫画ID：5ccf0d254670e73a4e8e837c
                                   标题：(コミティア127)メスメリズム5.5 [中国翻訳]
                                   作者：abgrund (さいかわゆさ)
                                   是否完结：是
                                   总页数：32
                                   分类：短篇,NTR,人妻
                                   章节数：1
                                   最后更新时间：2019-05-05T16:19:49.840Z
                                   =================================================
2026-09-16 01:25:07 - mkk_pika - database.py:101 - INFO - 保存成功：(コミティア127)メスメリズム5.5 [中国翻訳]
2026-09-16 01:25:07 - mkk_pika - main.py:35 - INFO - 开始检查(COMIC1☆15) 愛宕とめざましエッチ (艦隊これくしょん -艦これ-) [中国翻訳]是否存在未下载章节
2026-09-16 01:25:07 - mkk_pika - main.py:45 - INFO - 正在下载:[(COMIC1☆15) 愛宕とめざましエッチ (艦隊これくしょん -艦これ-) [中国翻訳]]-[七色のねりぶくろ (七色風香)]-[['短篇', '同人', '純愛', '艦隊收藏']]-[total_pages:20]
2026-09-16 01:25:07 - mkk_pika - main.py:49 - INFO - [{'_id': '5ccf0d364670e73a4e8e839f', 'title': '第1集', 'order': 1, 'updated_at': '2019-05-05T11:12:16.690Z', 'id': '5ccf0d364670e73a4e8e839f'}]
2026-09-16 01:25:07 - mkk_pika - database.py:215 - INFO - 第一次下载该漫画，记录数据库中
2026-09-16 01:25:08 - mkk_pika - main.py:83 - INFO - 找到 20 张图片在:第1集
2026-09-16 01:25:09 - mkk_pika - main.py:112 - INFO - [episode:第1集       ] downloaded:    20, total:  20, progress:100%
2026-09-16 01:25:09 - mkk_pika - database.py:238 - INFO - 数据库更新已下载章节
2026-09-16 01:25:09 - mkk_pika - database.py:244 - INFO - 该漫画已下载章节如下
2026-09-16 01:25:09 - mkk_pika - database.py:245 - INFO - ['第1集']
2026-09-16 01:25:10 - mkk_pika - main.py:348 - INFO - ==================== 漫画信息 ====================
                                   漫画ID：5ccf0d364670e73a4e8e839e
                                   标题：(COMIC1☆15) 愛宕とめざましエッチ (艦隊これくしょん -艦これ-) [中国翻訳]
                                   作者：七色のねりぶくろ (七色風香)
                                   是否完结：是
                                   总页数：20
                                   分类：短篇,同人,純愛,艦隊收藏
                                   章节数：1
                                   最后更新时间：2019-05-05T16:20:06.889Z
                                   =================================================
2026-09-16 01:25:10 - mkk_pika - database.py:101 - INFO - 保存成功：(COMIC1☆15) 愛宕とめざましエッチ (艦隊これくしょん -艦これ-) [中国翻訳]
2026-09-16 01:25:10 - mkk_pika - main.py:35 - INFO - 开始检查やわこいおなかの女の子 [中国翻訳] [DL版]是否存在未下载章节
2026-09-16 01:25:11 - mkk_pika - main.py:45 - INFO - 正在下载:[やわこいおなかの女の子 [中国翻訳] [DL版]]-[不決断 (茶鳥)]-[['短篇']]-[total_pages:24]
2026-09-16 01:25:11 - mkk_pika - main.py:49 - INFO - [{'_id': '5ccf0da58f62512ab1a310c0', 'title': '第1集', 'order': 1, 'updated_at': '2019-05-05T11:27:18.485Z', 'id': '5ccf0da58f62512ab1a310c0'}]
2026-09-16 01:25:11 - mkk_pika - database.py:215 - INFO - 第一次下载该漫画，记录数据库中
2026-09-16 01:25:11 - mkk_pika - main.py:83 - INFO - 找到 24 张图片在:第1集
2026-09-16 01:25:13 - mkk_pika - main.py:112 - INFO - [episode:第1集       ] downloaded:    24, total:  24, progress:100%
2026-09-16 01:25:13 - mkk_pika - database.py:238 - INFO - 数据库更新已下载章节
2026-09-16 01:25:13 - mkk_pika - database.py:244 - INFO - 该漫画已下载章节如下
2026-09-16 01:25:13 - mkk_pika - database.py:245 - INFO - ['第1集']
2026-09-16 01:25:14 - mkk_pika - main.py:348 - INFO - ==================== 漫画信息 ====================
                                   漫画ID：5ccf0da48f62512ab1a310bf
                                   标题：やわこいおなかの女の子 [中国翻訳] [DL版]
                                   作者：不決断 (茶鳥)
                                   是否完结：是
                                   总页数：24
                                   分类：短篇
                                   章节数：1
                                   最后更新时间：2019-05-05T16:21:56.992Z
                                   =================================================
2026-09-16 01:25:14 - mkk_pika - database.py:101 - INFO - 保存成功：やわこいおなかの女の子 [中国翻訳] [DL版]
2026-09-16 01:25:14 - mkk_pika - main.py:35 - INFO - 开始检查Star Luster (COMIC BAVEL 2019年4月号) [中国翻訳] [DL版]是否存在未下载章节
2026-09-16 01:25:14 - mkk_pika - main.py:45 - INFO - 正在下载:[Star Luster (COMIC BAVEL 2019年4月号) [中国翻訳] [DL版]]-[emily]-[['短篇']]-[total_pages:32]
2026-09-16 01:25:14 - mkk_pika - main.py:49 - INFO - [{'_id': '5ccf0ddf00c1c26d88e6934d', 'title': '第1集', 'order': 1, 'updated_at': '2019-05-05T11:43:32.801Z', 'id': '5ccf0ddf00c1c26d88e6934d'}]
2026-09-16 01:25:14 - mkk_pika - database.py:215 - INFO - 第一次下载该漫画，记录数据库中
2026-09-16 01:25:15 - mkk_pika - main.py:83 - INFO - 找到 32 张图片在:第1集
2026-09-16 01:25:17 - mkk_pika - main.py:112 - INFO - [episode:第1集       ] downloaded:    32, total:  32, progress:100%
2026-09-16 01:25:17 - mkk_pika - database.py:238 - INFO - 数据库更新已下载章节
2026-09-16 01:25:17 - mkk_pika - database.py:244 - INFO - 该漫画已下载章节如下
2026-09-16 01:25:17 - mkk_pika - database.py:245 - INFO - ['第1集']
2026-09-16 01:25:18 - mkk_pika - main.py:348 - INFO - ==================== 漫画信息 ====================
                                   漫画ID：5ccf0ddf00c1c26d88e6934c
                                   标题：Star Luster (COMIC BAVEL 2019年4月号) [中国翻訳] [DL版]
                                   作者：emily
                                   是否完结：是
                                   总页数：32
                                   分类：短篇
                                   章节数：1
                                   最后更新时间：2019-05-05T16:22:55.689Z
                                   =================================================
2026-09-16 01:25:18 - mkk_pika - database.py:101 - INFO - 保存成功：Star Luster (COMIC BAVEL 2019年4月号) [中国翻訳] [DL版]
2026-09-16 01:25:18 - mkk_pika - main.py:35 - INFO - 开始检查(COMIC1☆15)  MANIAC+ (グランブルーファンタジー) [中国翻訳]是否存在未下载章节
2026-09-16 01:25:18 - mkk_pika - main.py:45 - INFO - 正在下载:[(COMIC1☆15)  MANIAC+ (グランブルーファンタジー) [中国翻訳]]-[Handful☆Happiness! (七原冬雪)]-[['短篇', '強暴', '碧藍幻想']]-[total_pages:22]
2026-09-16 01:25:18 - mkk_pika - main.py:49 - INFO - [{'_id': '5ccf0e098f62512ab1a310e1', 'title': '第1集', 'order': 1, 'updated_at': '2019-05-05T11:59:14.207Z', 'id': '5ccf0e098f62512ab1a310e1'}]
2026-09-16 01:25:18 - mkk_pika - database.py:215 - INFO - 第一次下载该漫画，记录数据库中
2026-09-16 01:25:19 - mkk_pika - main.py:83 - INFO - 找到 22 张图片在:第1集
2026-09-16 01:25:20 - mkk_pika - main.py:112 - INFO - [episode:第1集       ] downloaded:    22, total:  22, progress:100%
2026-09-16 01:25:20 - mkk_pika - database.py:238 - INFO - 数据库更新已下载章节
2026-09-16 01:25:20 - mkk_pika - database.py:244 - INFO - 该漫画已下载章节如下
2026-09-16 01:25:20 - mkk_pika - database.py:245 - INFO - ['第1集']
2026-09-16 01:25:21 - mkk_pika - main.py:348 - INFO - ==================== 漫画信息 ====================
                                   漫画ID：5ccf0e088f62512ab1a310e0
                                   标题：(COMIC1☆15)  MANIAC+ (グランブルーファンタジー) [中国翻訳]
                                   作者：Handful☆Happiness! (七原冬雪)
                                   是否完结：是
                                   总页数：22
                                   分类：短篇,強暴,碧藍幻想
                                   章节数：1
                                   最后更新时间：2019-05-05T16:23:36.870Z
                                   =================================================
2026-09-16 01:25:21 - mkk_pika - database.py:101 - INFO - 保存成功：(COMIC1☆15)  MANIAC+ (グランブルーファンタジー) [中国翻訳]
2026-09-16 01:25:21 - mkk_pika - main.py:35 - INFO - 开始检查ウェディング・ロード(COMIC 快楽天 2018年7月号)是否存在未下载章节
2026-09-16 01:25:22 - mkk_pika - main.py:45 - INFO - 正在下载:[ウェディング・ロード(COMIC 快楽天 2018年7月号)]-[ヨイコノtt]-[['短篇', '純愛']]-[total_pages:17]
2026-09-16 01:25:22 - mkk_pika - main.py:49 - INFO - [{'_id': '5ccf0e268f0d9151cb407ff8', 'title': '第1集', 'order': 1, 'updated_at': '2019-05-05T12:21:51.783Z', 'id': '5ccf0e268f0d9151cb407ff8'}]
2026-09-16 01:25:22 - mkk_pika - database.py:215 - INFO - 第一次下载该漫画，记录数据库中
2026-09-16 01:25:24 - mkk_pika - main.py:83 - INFO - 找到 17 张图片在:第1集
2026-09-16 01:25:25 - mkk_pika - main.py:112 - INFO - [episode:第1集       ] downloaded:    17, total:  17, progress:100%
2026-09-16 01:25:25 - mkk_pika - database.py:238 - INFO - 数据库更新已下载章节
2026-09-16 01:25:25 - mkk_pika - database.py:244 - INFO - 该漫画已下载章节如下
2026-09-16 01:25:25 - mkk_pika - database.py:245 - INFO - ['第1集']
2026-09-16 01:25:27 - mkk_pika - main.py:348 - INFO - ==================== 漫画信息 ====================
                                   漫画ID：5ccf0e268f0d9151cb407ff7
                                   标题：ウェディング・ロード(COMIC 快楽天 2018年7月号)
                                   作者：ヨイコノtt
                                   是否完结：是
                                   总页数：17
                                   分类：短篇,純愛
                                   章节数：1
                                   最后更新时间：2019-05-05T16:24:06.382Z
                                   =================================================
2026-09-16 01:25:27 - mkk_pika - database.py:101 - INFO - 保存成功：ウェディング・ロード(COMIC 快楽天 2018年7月号)
2026-09-16 01:25:27 - mkk_pika - main.py:35 - INFO - 开始检查SEX LECTURF 性愛的講義授業是否存在未下载章节
2026-09-16 01:25:28 - mkk_pika - main.py:45 - INFO - 正在下载:[SEX LECTURF 性愛的講義授業]-[つげ安奈]-[['長篇', '純愛', '單行本', 'NTR', '人妻', '姐姐系']]-[total_pages:199]
2026-09-16 01:25:28 - mkk_pika - main.py:49 - INFO - [{'_id': '5ccf0e318f62512ab1a310fe', 'title': '享受社保的單行本', 'order': 1, 'updated_at': '2019-05-02T10:37:49.158Z', 'id': '5ccf0e318f62512ab1a310fe'}]
2026-09-16 01:25:28 - mkk_pika - database.py:215 - INFO - 第一次下载该漫画，记录数据库中
2026-09-16 01:25:31 - mkk_pika - main.py:83 - INFO - 找到 199 张图片在:享受社保的單行本
2026-09-16 01:25:39 - mkk_pika - main.py:112 - INFO - [episode:享受社保的單行本  ] downloaded:   199, total: 199, progress:100%
2026-09-16 01:25:39 - mkk_pika - database.py:238 - INFO - 数据库更新已下载章节
2026-09-16 01:25:39 - mkk_pika - database.py:244 - INFO - 该漫画已下载章节如下
2026-09-16 01:25:39 - mkk_pika - database.py:245 - INFO - ['享受社保的單行本']
2026-09-16 01:25:41 - mkk_pika - main.py:348 - INFO - ==================== 漫画信息 ====================
                                   漫画ID：5ccf0e318f62512ab1a310fd
                                   标题：SEX LECTURF 性愛的講義授業
                                   作者：つげ安奈
                                   是否完结：是
                                   总页数：199
                                   分类：長篇,純愛,單行本,NTR,人妻,姐姐系
                                   章节数：1
                                   最后更新时间：2019-05-05T16:24:17.055Z
                                   =================================================
2026-09-16 01:25:41 - mkk_pika - database.py:101 - INFO - 保存成功：SEX LECTURF 性愛的講義授業
2026-09-16 01:25:41 - mkk_pika - main.py:35 - INFO - 开始检查(C83) ANYWAY THE WIND BLOWS (スマイルプリキュア!)是否存在未下载章节
2026-09-16 01:25:41 - mkk_pika - main.py:45 - INFO - 正在下载:[(C83) ANYWAY THE WIND BLOWS (スマイルプリキュア!)]-[mon-petit (もんぷち)]-[['短篇', '同人', '強暴']]-[total_pages:27]
2026-09-16 01:25:41 - mkk_pika - main.py:49 - INFO - [{'_id': '5ccf1a7f8f62512ab1a31250', 'title': '第1集', 'order': 1, 'updated_at': '2019-05-05T14:13:18.659Z', 'id': '5ccf1a7f8f62512ab1a31250'}]
2026-09-16 01:25:41 - mkk_pika - database.py:215 - INFO - 第一次下载该漫画，记录数据库中
2026-09-16 01:25:42 - mkk_pika - main.py:83 - INFO - 找到 27 张图片在:第1集
2026-09-16 01:25:43 - mkk_pika - main.py:112 - INFO - [episode:第1集       ] downloaded:    27, total:  27, progress:100%
2026-09-16 01:25:43 - mkk_pika - database.py:238 - INFO - 数据库更新已下载章节
2026-09-16 01:25:43 - mkk_pika - database.py:244 - INFO - 该漫画已下载章节如下
2026-09-16 01:25:43 - mkk_pika - database.py:245 - INFO - ['第1集']
2026-09-16 01:25:45 - mkk_pika - main.py:348 - INFO - ==================== 漫画信息 ====================
                                   漫画ID：5ccf1a7f8f62512ab1a3124f
                                   标题：(C83) ANYWAY THE WIND BLOWS (スマイルプリキュア!)
                                   作者：mon-petit (もんぷち)
                                   是否完结：是
                                   总页数：27
                                   分类：短篇,同人,強暴
                                   章节数：1
                                   最后更新时间：2019-05-05T17:16:47.645Z
                                   =================================================
2026-09-16 01:25:45 - mkk_pika - database.py:101 - INFO - 保存成功：(C83) ANYWAY THE WIND BLOWS (スマイルプリキュア!)
2026-09-16 01:25:45 - mkk_pika - main.py:35 - INFO - 开始检查スカ★シス (黄金のソナタXXX Vol.1)是否存在未下载章节
2026-09-16 01:25:45 - mkk_pika - main.py:45 - INFO - 正在下载:[スカ★シス (黄金のソナタXXX Vol.1)]-[るなるく]-[['短篇', 'SM']]-[total_pages:19]
2026-09-16 01:25:45 - mkk_pika - main.py:49 - INFO - [{'_id': '5ccf1a938f62512ab1a3126d', 'title': '第1集', 'order': 1, 'updated_at': '2019-05-05T14:19:47.028Z', 'id': '5ccf1a938f62512ab1a3126d'}]
2026-09-16 01:25:45 - mkk_pika - database.py:215 - INFO - 第一次下载该漫画，记录数据库中
2026-09-16 01:25:46 - mkk_pika - main.py:83 - INFO - 找到 19 张图片在:第1集
2026-09-16 01:25:47 - mkk_pika - main.py:112 - INFO - [episode:第1集       ] downloaded:    19, total:  19, progress:100%
2026-09-16 01:25:47 - mkk_pika - database.py:238 - INFO - 数据库更新已下载章节
2026-09-16 01:25:47 - mkk_pika - database.py:244 - INFO - 该漫画已下载章节如下
2026-09-16 01:25:47 - mkk_pika - database.py:245 - INFO - ['第1集']
2026-09-16 01:25:48 - mkk_pika - main.py:348 - INFO - ==================== 漫画信息 ====================
                                   漫画ID：5ccf1a938f62512ab1a3126c
                                   标题：スカ★シス (黄金のソナタXXX Vol.1)
                                   作者：るなるく
                                   是否完结：是
                                   总页数：19
                                   分类：短篇,SM
                                   章节数：1
                                   最后更新时间：2019-05-05T17:17:07.674Z
                                   =================================================
2026-09-16 01:25:48 - mkk_pika - database.py:101 - INFO - 保存成功：スカ★シス (黄金のソナタXXX Vol.1)
2026-09-16 01:25:48 - mkk_pika - main.py:35 - INFO - 开始检查高飛車巨乳お嬢様と秘密のえっち [中国翻訳] [DL版]是否存在未下载章节
2026-09-16 01:25:49 - mkk_pika - main.py:45 - INFO - 正在下载:[高飛車巨乳お嬢様と秘密のえっち [中国翻訳] [DL版]]-[無糖紅茶]-[['短篇', '純愛']]-[total_pages:29]
2026-09-16 01:25:49 - mkk_pika - main.py:49 - INFO - [{'_id': '5ccf1aa67d76fb26cdf0df65', 'title': '第1集', 'order': 1, 'updated_at': '2019-05-05T14:30:24.762Z', 'id': '5ccf1aa67d76fb26cdf0df65'}]
2026-09-16 01:25:49 - mkk_pika - database.py:215 - INFO - 第一次下载该漫画，记录数据库中
2026-09-16 01:25:50 - mkk_pika - main.py:83 - INFO - 找到 29 张图片在:第1集
2026-09-16 01:25:51 - mkk_pika - main.py:112 - INFO - [episode:第1集       ] downloaded:    29, total:  29, progress:100%
2026-09-16 01:25:51 - mkk_pika - database.py:238 - INFO - 数据库更新已下载章节
2026-09-16 01:25:51 - mkk_pika - database.py:244 - INFO - 该漫画已下载章节如下
2026-09-16 01:25:51 - mkk_pika - database.py:245 - INFO - ['第1集']
2026-09-16 01:25:52 - mkk_pika - main.py:348 - INFO - ==================== 漫画信息 ====================
                                   漫画ID：5ccf1aa67d76fb26cdf0df64
                                   标题：高飛車巨乳お嬢様と秘密のえっち [中国翻訳] [DL版]
                                   作者：無糖紅茶
                                   是否完结：是
                                   总页数：29
                                   分类：短篇,純愛
                                   章节数：1
                                   最后更新时间：2019-05-05T17:17:26.529Z
                                   =================================================
2026-09-16 01:25:52 - mkk_pika - database.py:101 - INFO - 保存成功：高飛車巨乳お嬢様と秘密のえっち [中国翻訳] [DL版]
2026-09-16 01:25:52 - mkk_pika - main.py:35 - INFO - 开始检查(C87) ミリオンバックダンサーたちのオトナの「せったい」合宿 2 (アイドルマスターミリオンライブ!)是否存在未下载章节
2026-09-16 01:25:53 - mkk_pika - main.py:45 - INFO - 正在下载:[(C87) ミリオンバックダンサーたちのオトナの「せったい」合宿 2 (アイドルマスターミリオンライブ!)]-[Grace (よこやまなおき)]-[['短篇', '同人']]-[total_pages:33]
2026-09-16 01:25:53 - mkk_pika - main.py:49 - INFO - [{'_id': '5ccf1ac2fa8fbc4da5b26c45', 'title': '第1集', 'order': 1, 'updated_at': '2019-05-05T14:01:39.309Z', 'id': '5ccf1ac2fa8fbc4da5b26c45'}]
2026-09-16 01:25:53 - mkk_pika - database.py:215 - INFO - 第一次下载该漫画，记录数据库中
2026-09-16 01:25:54 - mkk_pika - main.py:83 - INFO - 找到 33 张图片在:第1集
2026-09-16 01:25:56 - mkk_pika - main.py:112 - INFO - [episode:第1集       ] downloaded:    33, total:  33, progress:100%
2026-09-16 01:25:56 - mkk_pika - database.py:238 - INFO - 数据库更新已下载章节
2026-09-16 01:25:56 - mkk_pika - database.py:244 - INFO - 该漫画已下载章节如下
2026-09-16 01:25:56 - mkk_pika - database.py:245 - INFO - ['第1集']
2026-09-16 01:25:57 - mkk_pika - main.py:348 - INFO - ==================== 漫画信息 ====================
                                   漫画ID：5ccf1ac2fa8fbc4da5b26c44
                                   标题：(C87) ミリオンバックダンサーたちのオトナの「せったい」合宿 2 (アイドルマスターミリオンライブ!)
                                   作者：Grace (よこやまなおき)
                                   是否完结：否
                                   总页数：33
                                   分类：短篇,同人
                                   章节数：1
                                   最后更新时间：2019-05-05T17:17:54.475Z
                                   =================================================
2026-09-16 01:25:57 - mkk_pika - database.py:101 - INFO - 保存成功：(C87) ミリオンバックダンサーたちのオトナの「せったい」合宿 2 (アイドルマスターミリオンライブ!)
2026-09-16 01:25:57 - mkk_pika - main.py:35 - INFO - 开始检查(砲雷撃戦!よーい!四十三戦目) 全高3倍艦娘　大鳳と秋のガス漏れ鎮守府 (艦隊これくしょん -艦これ-)是否存在未下载章节
2026-09-16 01:25:57 - mkk_pika - main.py:45 - INFO - 正在下载:[(砲雷撃戦!よーい!四十三戦目) 全高3倍艦娘　大鳳と秋のガス漏れ鎮守府 (艦隊これくしょん -艦これ-)]-[シスリラ (エビゾメ)]-[['短篇', '同人', '艦隊收藏']]-[total_pages:45]
2026-09-16 01:25:57 - mkk_pika - main.py:49 - INFO - [{'_id': '5ccf1aed7d948f69d8197853', 'title': '第1集', 'order': 1, 'updated_at': '2019-05-05T14:49:06.902Z', 'id': '5ccf1aed7d948f69d8197853'}]
2026-09-16 01:25:57 - mkk_pika - database.py:215 - INFO - 第一次下载该漫画，记录数据库中
2026-09-16 01:25:58 - mkk_pika - main.py:83 - INFO - 找到 45 张图片在:第1集
2026-09-16 01:26:01 - mkk_pika - main.py:112 - INFO - [episode:第1集       ] downloaded:    45, total:  45, progress:100%
2026-09-16 01:26:01 - mkk_pika - database.py:238 - INFO - 数据库更新已下载章节
2026-09-16 01:26:01 - mkk_pika - database.py:244 - INFO - 该漫画已下载章节如下
2026-09-16 01:26:01 - mkk_pika - database.py:245 - INFO - ['第1集']
2026-09-16 01:26:02 - mkk_pika - main.py:348 - INFO - ==================== 漫画信息 ====================
                                   漫画ID：5ccf1aed7d948f69d8197852
                                   标题：(砲雷撃戦!よーい!四十三戦目) 全高3倍艦娘　大鳳と秋のガス漏れ鎮守府 (艦隊これくしょん -艦これ-)
                                   作者：シスリラ (エビゾメ)
                                   是否完结：是
                                   总页数：45
                                   分类：短篇,同人,艦隊收藏
                                   章节数：1
                                   最后更新时间：2019-05-05T17:18:37.415Z
                                   =================================================
2026-09-16 01:26:02 - mkk_pika - database.py:101 - INFO - 保存成功：(砲雷撃戦!よーい!四十三戦目) 全高3倍艦娘　大鳳と秋のガス漏れ鎮守府 (艦隊これくしょん -艦これ-)
2026-09-16 01:26:02 - mkk_pika - main.py:35 - INFO - 开始检查天使学園の寮姦性活 場外性交記録是否存在未下载章节
2026-09-16 01:26:03 - mkk_pika - main.py:45 - INFO - 正在下载:[天使学園の寮姦性活 場外性交記録]-[桂井よしあき]-[['短篇']]-[total_pages:16]
2026-09-16 01:26:03 - mkk_pika - main.py:49 - INFO - [{'_id': '5ccf1b04cba5a62acb03f429', 'title': '第1集', 'order': 1, 'updated_at': '2019-05-05T14:52:37.772Z', 'id': '5ccf1b04cba5a62acb03f429'}]
2026-09-16 01:26:03 - mkk_pika - database.py:215 - INFO - 第一次下载该漫画，记录数据库中
2026-09-16 01:26:04 - mkk_pika - main.py:83 - INFO - 找到 16 张图片在:第1集
2026-09-16 01:26:04 - mkk_pika - main.py:112 - INFO - [episode:第1集       ] downloaded:    16, total:  16, progress:100%
2026-09-16 01:26:04 - mkk_pika - database.py:238 - INFO - 数据库更新已下载章节
2026-09-16 01:26:04 - mkk_pika - database.py:244 - INFO - 该漫画已下载章节如下
2026-09-16 01:26:04 - mkk_pika - database.py:245 - INFO - ['第1集']
2026-09-16 01:26:06 - mkk_pika - main.py:348 - INFO - ==================== 漫画信息 ====================
                                   漫画ID：5ccf1b04cba5a62acb03f428
                                   标题：天使学園の寮姦性活 場外性交記録
                                   作者：桂井よしあき
                                   是否完结：否
                                   总页数：16
                                   分类：短篇
                                   章节数：1
                                   最后更新时间：2019-05-05T17:19:00.738Z
                                   =================================================
2026-09-16 01:26:06 - mkk_pika - database.py:101 - INFO - 保存成功：天使学園の寮姦性活 場外性交記録
2026-09-16 01:26:06 - mkk_pika - main.py:35 - INFO - 开始检查 淫乱カルテ (COMICプルメロ 2006年08月号 Vol.1) [中国翻译] [DL版]是否存在未下载章节
2026-09-16 01:26:06 - mkk_pika - main.py:45 - INFO - 正在下载:[ 淫乱カルテ (COMICプルメロ 2006年08月号 Vol.1) [中国翻译] [DL版]]-[夢～眠]-[['短篇']]-[total_pages:18]
2026-09-16 01:26:06 - mkk_pika - main.py:49 - INFO - [{'_id': '5ccf1b1e8f62512ab1a31285', 'title': '第1集', 'order': 1, 'updated_at': '2019-05-05T14:55:14.554Z', 'id': '5ccf1b1e8f62512ab1a31285'}]
2026-09-16 01:26:06 - mkk_pika - database.py:215 - INFO - 第一次下载该漫画，记录数据库中
2026-09-16 01:26:07 - mkk_pika - main.py:83 - INFO - 找到 18 张图片在:第1集
2026-09-16 01:26:08 - mkk_pika - main.py:112 - INFO - [episode:第1集       ] downloaded:    18, total:  18, progress:100%
2026-09-16 01:26:08 - mkk_pika - database.py:238 - INFO - 数据库更新已下载章节
2026-09-16 01:26:08 - mkk_pika - database.py:244 - INFO - 该漫画已下载章节如下
2026-09-16 01:26:08 - mkk_pika - database.py:245 - INFO - ['第1集']
2026-09-16 01:26:10 - mkk_pika - main.py:348 - INFO - ==================== 漫画信息 ====================
                                   漫画ID：5ccf1b1e8f62512ab1a31284
                                   标题： 淫乱カルテ (COMICプルメロ 2006年08月号 Vol.1) [中国翻译] [DL版]
                                   作者：夢～眠
                                   是否完结：是
                                   总页数：18
                                   分类：短篇
                                   章节数：1
                                   最后更新时间：2019-05-05T17:19:26.454Z
                                   =================================================
2026-09-16 01:26:10 - mkk_pika - database.py:101 - INFO - 保存成功： 淫乱カルテ (COMICプルメロ 2006年08月号 Vol.1) [中国翻译] [DL版]
2026-09-16 01:26:10 - mkk_pika - main.py:35 - INFO - 开始检查(C95)蘿莉控會夢到透明人嗎是否存在未下载章节
2026-09-16 01:26:10 - mkk_pika - main.py:45 - INFO - 正在下载:[(C95)蘿莉控會夢到透明人嗎]-[squeezecandyheaven (いちはや)]-[['短篇', '同人']]-[total_pages:52]
2026-09-16 01:26:10 - mkk_pika - main.py:49 - INFO - [{'_id': '5ccf1b6d00c1c26d88e693f7', 'title': '第1集', 'order': 1, 'updated_at': '2019-05-05T14:37:38.330Z', 'id': '5ccf1b6d00c1c26d88e693f7'}]
2026-09-16 01:26:10 - mkk_pika - database.py:215 - INFO - 第一次下载该漫画，记录数据库中
2026-09-16 01:26:11 - mkk_pika - main.py:83 - INFO - 找到 52 张图片在:第1集
2026-09-16 01:26:14 - mkk_pika - main.py:112 - INFO - [episode:第1集       ] downloaded:    52, total:  52, progress:100%
2026-09-16 01:26:14 - mkk_pika - database.py:238 - INFO - 数据库更新已下载章节
2026-09-16 01:26:14 - mkk_pika - database.py:244 - INFO - 该漫画已下载章节如下
2026-09-16 01:26:14 - mkk_pika - database.py:245 - INFO - ['第1集']
2026-09-16 01:26:15 - mkk_pika - main.py:348 - INFO - ==================== 漫画信息 ====================
                                   漫画ID：5ccf1b6d00c1c26d88e693f6
                                   标题：(C95)蘿莉控會夢到透明人嗎
                                   作者：squeezecandyheaven (いちはや)
                                   是否完结：否
                                   总页数：52
                                   分类：短篇,同人
                                   章节数：1
                                   最后更新时间：2019-05-05T17:20:45.406Z
                                   =================================================
2026-09-16 01:26:15 - mkk_pika - database.py:101 - INFO - 保存成功：(C95)蘿莉控會夢到透明人嗎
2026-09-16 01:26:15 - mkk_pika - main.py:35 - INFO - 开始检查甘やか師匠  (Fate/Grand Order) [DL版]是否存在未下载章节
2026-09-16 01:26:15 - mkk_pika - main.py:45 - INFO - 正在下载:[甘やか師匠  (Fate/Grand Order) [DL版]]-[赤外圏 (狛形)]-[['短篇', '同人', '純愛', 'Fate']]-[total_pages:55]
2026-09-16 01:26:15 - mkk_pika - main.py:49 - INFO - [{'_id': '5ccf1b7bfa8fbc4da5b26c6c', 'title': '前篇', 'order': 1, 'updated_at': '2019-05-05T15:48:47.033Z', 'id': '5ccf1b7bfa8fbc4da5b26c6c'}, {'_id': '5ccf1b7bfa8fbc4da5b26c6d', 'title': '后篇', 'order': 2, 'updated_at': '2019-05-05T15:51:07.270Z', 'id': '5ccf1b7bfa8fbc4da5b26c6d'}]
2026-09-16 01:26:15 - mkk_pika - database.py:215 - INFO - 第一次下载该漫画，记录数据库中
2026-09-16 01:26:16 - mkk_pika - main.py:83 - INFO - 找到 28 张图片在:前篇
2026-09-16 01:26:18 - mkk_pika - main.py:112 - INFO - [episode:前篇        ] downloaded:    28, total:  28, progress:100%
2026-09-16 01:26:18 - mkk_pika - database.py:238 - INFO - 数据库更新已下载章节
2026-09-16 01:26:18 - mkk_pika - database.py:244 - INFO - 该漫画已下载章节如下
2026-09-16 01:26:18 - mkk_pika - database.py:245 - INFO - ['前篇']
2026-09-16 01:26:20 - mkk_pika - main.py:83 - INFO - 找到 27 张图片在:后篇
2026-09-16 01:26:21 - mkk_pika - main.py:112 - INFO - [episode:后篇        ] downloaded:    27, total:  27, progress:100%
2026-09-16 01:26:21 - mkk_pika - database.py:238 - INFO - 数据库更新已下载章节
2026-09-16 01:26:21 - mkk_pika - database.py:244 - INFO - 该漫画已下载章节如下
2026-09-16 01:26:21 - mkk_pika - database.py:245 - INFO - ['前篇', '后篇']
2026-09-16 01:26:23 - mkk_pika - main.py:348 - INFO - ==================== 漫画信息 ====================
                                   漫画ID：5ccf1b7bfa8fbc4da5b26c6b
                                   标题：甘やか師匠  (Fate/Grand Order) [DL版]
                                   作者：赤外圏 (狛形)
                                   是否完结：是
                                   总页数：55
                                   分类：短篇,同人,純愛,Fate
                                   章节数：2
                                   最后更新时间：2019-05-05T17:20:59.193Z
                                   =================================================
2026-09-16 01:26:23 - mkk_pika - database.py:101 - INFO - 保存成功：甘やか師匠  (Fate/Grand Order) [DL版]
2026-09-16 01:26:23 - mkk_pika - main.py:35 - INFO - 开始检查(COMIC1☆15) マゾメスガキ敗北 (ボンバーガール) [中国翻訳]是否存在未下载章节
2026-09-16 01:26:23 - mkk_pika - main.py:45 - INFO - 正在下载:[(COMIC1☆15) マゾメスガキ敗北 (ボンバーガール) [中国翻訳]]-[もすきーと音。 (ぐれーともす)]-[['短篇', '同人', '非人類']]-[total_pages:22]
2026-09-16 01:26:23 - mkk_pika - main.py:49 - INFO - [{'_id': '5ccf1c2b7d76fb26cdf0df93', 'title': '第1集', 'order': 1, 'updated_at': '2019-05-05T17:00:57.220Z', 'id': '5ccf1c2b7d76fb26cdf0df93'}]
2026-09-16 01:26:23 - mkk_pika - database.py:215 - INFO - 第一次下载该漫画，记录数据库中
2026-09-16 01:26:24 - mkk_pika - main.py:83 - INFO - 找到 22 张图片在:第1集
2026-09-16 01:26:25 - mkk_pika - main.py:112 - INFO - [episode:第1集       ] downloaded:    22, total:  22, progress:100%
2026-09-16 01:26:25 - mkk_pika - database.py:238 - INFO - 数据库更新已下载章节
2026-09-16 01:26:25 - mkk_pika - database.py:244 - INFO - 该漫画已下载章节如下
2026-09-16 01:26:25 - mkk_pika - database.py:245 - INFO - ['第1集']
2026-09-16 01:26:26 - mkk_pika - main.py:348 - INFO - ==================== 漫画信息 ====================
                                   漫画ID：5ccf1c2b7d76fb26cdf0df92
                                   标题：(COMIC1☆15) マゾメスガキ敗北 (ボンバーガール) [中国翻訳]
                                   作者：もすきーと音。 (ぐれーともす)
                                   是否完结：是
                                   总页数：22
                                   分类：短篇,同人,非人類
                                   章节数：1
                                   最后更新时间：2019-05-05T17:23:55.535Z
                                   =================================================
2026-09-16 01:26:26 - mkk_pika - database.py:101 - INFO - 保存成功：(COMIC1☆15) マゾメスガキ敗北 (ボンバーガール) [中国翻訳]
2026-09-16 01:26:26 - mkk_pika - main.py:35 - INFO - 开始检查愛のあるセックスでギャルを寝取る話 [中国翻訳] [DL版]是否存在未下载章节
2026-09-16 01:26:27 - mkk_pika - main.py:45 - INFO - 正在下载:[愛のあるセックスでギャルを寝取る話 [中国翻訳] [DL版]]-[咳寝 (咳寝はじめ)]-[['短篇']]-[total_pages:25]
2026-09-16 01:26:27 - mkk_pika - main.py:49 - INFO - [{'_id': '5ccf208a6760e74eda8482da', 'title': '第1集', 'order': 1, 'updated_at': '2019-05-05T17:38:24.016Z', 'id': '5ccf208a6760e74eda8482da'}]
2026-09-16 01:26:27 - mkk_pika - database.py:215 - INFO - 第一次下载该漫画，记录数据库中
2026-09-16 01:26:27 - mkk_pika - main.py:83 - INFO - 找到 25 张图片在:第1集
2026-09-16 01:26:29 - mkk_pika - main.py:112 - INFO - [episode:第1集       ] downloaded:    25, total:  25, progress:100%
2026-09-16 01:26:29 - mkk_pika - database.py:238 - INFO - 数据库更新已下载章节
2026-09-16 01:26:29 - mkk_pika - database.py:244 - INFO - 该漫画已下载章节如下
2026-09-16 01:26:29 - mkk_pika - database.py:245 - INFO - ['第1集']
2026-09-16 01:26:30 - mkk_pika - main.py:348 - INFO - ==================== 漫画信息 ====================
                                   漫画ID：5ccf208a6760e74eda8482d9
                                   标题：愛のあるセックスでギャルを寝取る話 [中国翻訳] [DL版]
                                   作者：咳寝 (咳寝はじめ)
                                   是否完结：是
                                   总页数：25
                                   分类：短篇
                                   章节数：1
                                   最后更新时间：2019-05-05T17:42:34.808Z
                                   =================================================
2026-09-16 01:26:30 - mkk_pika - database.py:101 - INFO - 保存成功：愛のあるセックスでギャルを寝取る話 [中国翻訳] [DL版]
2026-09-16 01:26:30 - mkk_pika - main.py:35 - INFO - 开始检查エデュケイション  [中国翻訳] [DL版]是否存在未下载章节
2026-09-16 01:26:31 - mkk_pika - main.py:45 - INFO - 正在下载:[エデュケイション  [中国翻訳] [DL版]]-[鬼頭サケル]-[['短篇', 'SM', '姐姐系', '強暴']]-[total_pages:50]
2026-09-16 01:26:31 - mkk_pika - main.py:49 - INFO - [{'_id': '5ccfb5f28f62512ab1a3148f', 'title': '第1集', 'order': 1, 'updated_at': '2019-05-05T17:51:46.061Z', 'id': '5ccfb5f28f62512ab1a3148f'}, {'_id': '5ccfb5f28f62512ab1a31490', 'title': '第2集', 'order': 2, 'updated_at': '2019-05-05T17:54:48.200Z', 'id': '5ccfb5f28f62512ab1a31490'}]
2026-09-16 01:26:31 - mkk_pika - database.py:215 - INFO - 第一次下载该漫画，记录数据库中
2026-09-16 01:26:32 - mkk_pika - main.py:83 - INFO - 找到 25 张图片在:第1集
2026-09-16 01:26:33 - mkk_pika - main.py:112 - INFO - [episode:第1集       ] downloaded:    25, total:  25, progress:100%
2026-09-16 01:26:33 - mkk_pika - database.py:238 - INFO - 数据库更新已下载章节
2026-09-16 01:26:33 - mkk_pika - database.py:244 - INFO - 该漫画已下载章节如下
2026-09-16 01:26:33 - mkk_pika - database.py:245 - INFO - ['第1集']
2026-09-16 01:26:35 - mkk_pika - main.py:83 - INFO - 找到 25 张图片在:第2集
2026-09-16 01:26:36 - mkk_pika - main.py:112 - INFO - [episode:第2集       ] downloaded:    25, total:  25, progress:100%
2026-09-16 01:26:36 - mkk_pika - database.py:238 - INFO - 数据库更新已下载章节
2026-09-16 01:26:36 - mkk_pika - database.py:244 - INFO - 该漫画已下载章节如下
2026-09-16 01:26:36 - mkk_pika - database.py:245 - INFO - ['第1集', '第2集']
2026-09-16 01:26:38 - mkk_pika - main.py:348 - INFO - ==================== 漫画信息 ====================
                                   漫画ID：5ccfb5f28f62512ab1a3148e
                                   标题：エデュケイション  [中国翻訳] [DL版]
                                   作者：鬼頭サケル
                                   是否完结：是
                                   总页数：50
                                   分类：短篇,SM,姐姐系,強暴
                                   章节数：2
                                   最后更新时间：2019-05-06T04:20:02.925Z
                                   =================================================
2026-09-16 01:26:38 - mkk_pika - database.py:101 - INFO - 保存成功：エデュケイション  [中国翻訳] [DL版]
2026-09-16 01:26:38 - mkk_pika - main.py:35 - INFO - 开始检查授孕的後宮淫亂美人3姊妹是否存在未下载章节
2026-09-16 01:26:38 - mkk_pika - main.py:45 - INFO - 正在下载:[授孕的後宮淫亂美人3姊妹]-[仲峰紘史]-[['長篇', '後宮閃光', '單行本', '姐姐系']]-[total_pages:220]
2026-09-16 01:26:38 - mkk_pika - main.py:49 - INFO - [{'_id': '5ccfb8598f62512ab1a314ff', 'title': '第1集', 'order': 1, 'updated_at': '2019-05-05T23:50:38.802Z', 'id': '5ccfb8598f62512ab1a314ff'}]
2026-09-16 01:26:38 - mkk_pika - database.py:215 - INFO - 第一次下载该漫画，记录数据库中
2026-09-16 01:26:43 - mkk_pika - main.py:83 - INFO - 找到 220 张图片在:第1集
2026-09-16 01:26:55 - mkk_pika - main.py:112 - INFO - [episode:第1集       ] downloaded:   220, total: 220, progress:100%
2026-09-16 01:26:55 - mkk_pika - database.py:238 - INFO - 数据库更新已下载章节
2026-09-16 01:26:55 - mkk_pika - database.py:244 - INFO - 该漫画已下载章节如下
2026-09-16 01:26:55 - mkk_pika - database.py:245 - INFO - ['第1集']
2026-09-16 01:26:56 - mkk_pika - main.py:348 - INFO - ==================== 漫画信息 ====================
                                   漫画ID：5ccfb8598f62512ab1a314fe
                                   标题：授孕的後宮淫亂美人3姊妹
                                   作者：仲峰紘史
                                   是否完结：是
                                   总页数：220
                                   分类：長篇,後宮閃光,單行本,姐姐系
                                   章节数：1
                                   最后更新时间：2019-05-06T04:30:17.044Z
                                   =================================================
2026-09-16 01:26:56 - mkk_pika - database.py:101 - INFO - 保存成功：授孕的後宮淫亂美人3姊妹
2026-09-16 01:26:56 - mkk_pika - main.py:35 - INFO - 开始检查妻は夫の知らぬ間に 妻於夫不知的時間裡是否存在未下载章节
2026-09-16 01:26:57 - mkk_pika - main.py:45 - INFO - 正在下载:[妻は夫の知らぬ間に 妻於夫不知的時間裡]-[黒金真樹]-[['長篇', '單行本', 'SM', '人妻', 'NTR', '強暴']]-[total_pages:200]
2026-09-16 01:26:57 - mkk_pika - main.py:49 - INFO - [{'_id': '5ccfec2c6ac70926d02e47ce', 'title': 'NTR社保人妻的單行本', 'order': 1, 'updated_at': '2019-05-02T11:48:48.648Z', 'id': '5ccfec2c6ac70926d02e47ce'}]
2026-09-16 01:26:57 - mkk_pika - database.py:215 - INFO - 第一次下载该漫画，记录数据库中
2026-09-16 01:26:59 - mkk_pika - main.py:83 - INFO - 找到 200 张图片在:NTR社保人妻的單行本
2026-09-16 01:27:08 - mkk_pika - main.py:112 - INFO - [episode:NTR社保人妻的單行本] downloaded:   200, total: 200, progress:100%
2026-09-16 01:27:08 - mkk_pika - database.py:238 - INFO - 数据库更新已下载章节
2026-09-16 01:27:08 - mkk_pika - database.py:244 - INFO - 该漫画已下载章节如下
2026-09-16 01:27:08 - mkk_pika - database.py:245 - INFO - ['NTR社保人妻的單行本']
2026-09-16 01:27:09 - mkk_pika - main.py:348 - INFO - ==================== 漫画信息 ====================
                                   漫画ID：5ccfec2c6ac70926d02e47cd
                                   标题：妻は夫の知らぬ間に 妻於夫不知的時間裡
                                   作者：黒金真樹
                                   是否完结：是
                                   总页数：200
                                   分类：長篇,單行本,SM,人妻,NTR,強暴
                                   章节数：1
                                   最后更新时间：2019-05-06T08:11:24.619Z
                                   =================================================
2026-09-16 01:27:09 - mkk_pika - database.py:101 - INFO - 保存成功：妻は夫の知らぬ間に 妻於夫不知的時間裡
2026-09-16 01:27:09 - mkk_pika - main.py:35 - INFO - 开始检查EGOIST (冴えない彼女の育てかた)是否存在未下载章节
2026-09-16 01:27:09 - mkk_pika - main.py:45 - INFO - 正在下载:[EGOIST (冴えない彼女の育てかた)]-[ななろば華]-[['短篇', '同人', '純愛']]-[total_pages:12]
2026-09-16 01:27:09 - mkk_pika - main.py:49 - INFO - [{'_id': '5ccfec41389c594de43d8241', 'title': '第1集', 'order': 1, 'updated_at': '2019-05-06T07:50:31.903Z', 'id': '5ccfec41389c594de43d8241'}]
2026-09-16 01:27:09 - mkk_pika - database.py:215 - INFO - 第一次下载该漫画，记录数据库中
2026-09-16 01:27:10 - mkk_pika - main.py:83 - INFO - 找到 12 张图片在:第1集
2026-09-16 01:27:11 - mkk_pika - main.py:112 - INFO - [episode:第1集       ] downloaded:    12, total:  12, progress:100%
2026-09-16 01:27:11 - mkk_pika - database.py:238 - INFO - 数据库更新已下载章节
2026-09-16 01:27:11 - mkk_pika - database.py:244 - INFO - 该漫画已下载章节如下
2026-09-16 01:27:11 - mkk_pika - database.py:245 - INFO - ['第1集']
2026-09-16 01:27:12 - mkk_pika - main.py:348 - INFO - ==================== 漫画信息 ====================
                                   漫画ID：5ccfec41389c594de43d8240
                                   标题：EGOIST (冴えない彼女の育てかた)
                                   作者：ななろば華
                                   是否完结：是
                                   总页数：12
                                   分类：短篇,同人,純愛
                                   章节数：1
                                   最后更新时间：2019-05-06T08:11:45.400Z
                                   =================================================
2026-09-16 01:27:12 - mkk_pika - database.py:101 - INFO - 保存成功：EGOIST (冴えない彼女の育てかた)
2026-09-16 01:27:12 - mkk_pika - main.py:35 - INFO - 开始检查竜乃御宝 Ch. 1-2是否存在未下载章节
2026-09-16 01:27:12 - mkk_pika - main.py:45 - INFO - 正在下载:[竜乃御宝 Ch. 1-2]-[玉田平準]-[['短篇', '非人類', '強暴']]-[total_pages:31]
2026-09-16 01:27:12 - mkk_pika - main.py:49 - INFO - [{'_id': '5ccfec53bceb7c763435e209', 'title': '第1集', 'order': 1, 'updated_at': '2019-05-06T07:58:58.779Z', 'id': '5ccfec53bceb7c763435e209'}]
2026-09-16 01:27:12 - mkk_pika - database.py:215 - INFO - 第一次下载该漫画，记录数据库中
2026-09-16 01:27:13 - mkk_pika - main.py:83 - INFO - 找到 31 张图片在:第1集
2026-09-16 01:27:15 - mkk_pika - main.py:112 - INFO - [episode:第1集       ] downloaded:    31, total:  31, progress:100%
2026-09-16 01:27:15 - mkk_pika - database.py:238 - INFO - 数据库更新已下载章节
2026-09-16 01:27:15 - mkk_pika - database.py:244 - INFO - 该漫画已下载章节如下
2026-09-16 01:27:15 - mkk_pika - database.py:245 - INFO - ['第1集']
2026-09-16 01:27:16 - mkk_pika - main.py:348 - INFO - ==================== 漫画信息 ====================
                                   漫画ID：5ccfec53bceb7c763435e208
                                   标题：竜乃御宝 Ch. 1-2
                                   作者：玉田平準
                                   是否完结：是
                                   总页数：31
                                   分类：短篇,非人類,強暴
                                   章节数：1
                                   最后更新时间：2019-05-06T08:12:03.357Z
                                   =================================================
2026-09-16 01:27:16 - mkk_pika - database.py:101 - INFO - 保存成功：竜乃御宝 Ch. 1-2
2026-09-16 01:27:16 - mkk_pika - main.py:35 - INFO - 开始检查着せ替え三月精ショウ (東方Project)是否存在未下载章节
2026-09-16 01:27:17 - mkk_pika - main.py:45 - INFO - 正在下载:[着せ替え三月精ショウ (東方Project)]-[あばらんち (チマQ)]-[['短篇', '同人', '東方']]-[total_pages:29]
2026-09-16 01:27:17 - mkk_pika - main.py:49 - INFO - [{'_id': '5ccfec61cba5a62acb03f775', 'title': '第1集', 'order': 1, 'updated_at': '2019-05-06T08:06:28.710Z', 'id': '5ccfec61cba5a62acb03f775'}]
2026-09-16 01:27:17 - mkk_pika - database.py:215 - INFO - 第一次下载该漫画，记录数据库中
2026-09-16 01:27:18 - mkk_pika - main.py:83 - INFO - 找到 29 张图片在:第1集
2026-09-16 01:27:19 - mkk_pika - main.py:112 - INFO - [episode:第1集       ] downloaded:    29, total:  29, progress:100%
2026-09-16 01:27:19 - mkk_pika - database.py:238 - INFO - 数据库更新已下载章节
2026-09-16 01:27:19 - mkk_pika - database.py:244 - INFO - 该漫画已下载章节如下
2026-09-16 01:27:19 - mkk_pika - database.py:245 - INFO - ['第1集']
2026-09-16 01:27:21 - mkk_pika - main.py:348 - INFO - ==================== 漫画信息 ====================
                                   漫画ID：5ccfec61cba5a62acb03f774
                                   标题：着せ替え三月精ショウ (東方Project)
                                   作者：あばらんち (チマQ)
                                   是否完结：是
                                   总页数：29
                                   分类：短篇,同人,東方
                                   章节数：1
                                   最后更新时间：2019-05-06T08:12:17.589Z
                                   =================================================
2026-09-16 01:27:21 - mkk_pika - database.py:101 - INFO - 保存成功：着せ替え三月精ショウ (東方Project)
2026-09-16 01:27:21 - mkk_pika - main.py:35 - INFO - 开始检查《我的英雄学院》叶隐酱同人自慰本是否存在未下载章节
2026-09-16 01:27:21 - mkk_pika - main.py:45 - INFO - 正在下载:[《我的英雄学院》叶隐酱同人自慰本]-[不愿透露姓名以免被轰炸]-[['短篇', '同人']]-[total_pages:3]
2026-09-16 01:27:21 - mkk_pika - main.py:49 - INFO - [{'_id': '5cd11fbb944d35327b48511c', 'title': '第1集', 'order': 1, 'updated_at': '2019-04-14T08:44:02.941Z', 'id': '5cd11fbb944d35327b48511c'}]
2026-09-16 01:27:21 - mkk_pika - database.py:215 - INFO - 第一次下载该漫画，记录数据库中
2026-09-16 01:27:22 - mkk_pika - main.py:83 - INFO - 找到 4 张图片在:第1集
2026-09-16 01:27:22 - mkk_pika - main.py:112 - INFO - [episode:第1集       ] downloaded:     4, total:   4, progress:100%
2026-09-16 01:27:22 - mkk_pika - database.py:238 - INFO - 数据库更新已下载章节
2026-09-16 01:27:22 - mkk_pika - database.py:244 - INFO - 该漫画已下载章节如下
2026-09-16 01:27:22 - mkk_pika - database.py:245 - INFO - ['第1集']
2026-09-16 01:27:23 - mkk_pika - main.py:348 - INFO - ==================== 漫画信息 ====================
                                   漫画ID：5cd11fbb944d35327b48511b
                                   标题：《我的英雄学院》叶隐酱同人自慰本
                                   作者：不愿透露姓名以免被轰炸
                                   是否完结：是
                                   总页数：3
                                   分类：短篇,同人
                                   章节数：1
                                   最后更新时间：2019-05-07T06:03:39.974Z
                                   =================================================
2026-09-16 01:27:23 - mkk_pika - database.py:101 - INFO - 保存成功：《我的英雄学院》叶隐酱同人自慰本
2026-09-16 01:27:23 - mkk_pika - main.py:35 - INFO - 开始检查三白眼の目付き悪い爆乳おっぱい娘が蒸し蒸しの部室でムレムレセックス♡ (コミック・マショウ 2017年9月号) [中国翻訳][DL版]是否存在未下载章节
2026-09-16 01:27:24 - mkk_pika - main.py:45 - INFO - 正在下载:[三白眼の目付き悪い爆乳おっぱい娘が蒸し蒸しの部室でムレムレセックス♡ (コミック・マショウ 2017年9月号) [中国翻訳][DL版]]-[雨存]-[['短篇']]-[total_pages:12]
2026-09-16 01:27:24 - mkk_pika - main.py:49 - INFO - [{'_id': '5cd12ac99c10e7323f27b7a6', 'title': '第1集', 'order': 1, 'updated_at': '2019-05-06T08:10:51.438Z', 'id': '5cd12ac99c10e7323f27b7a6'}]
2026-09-16 01:27:24 - mkk_pika - database.py:215 - INFO - 第一次下载该漫画，记录数据库中
2026-09-16 01:27:24 - mkk_pika - main.py:83 - INFO - 找到 12 张图片在:第1集
2026-09-16 01:27:25 - mkk_pika - main.py:112 - INFO - [episode:第1集       ] downloaded:    12, total:  12, progress:100%
2026-09-16 01:27:25 - mkk_pika - database.py:238 - INFO - 数据库更新已下载章节
2026-09-16 01:27:25 - mkk_pika - database.py:244 - INFO - 该漫画已下载章节如下
2026-09-16 01:27:25 - mkk_pika - database.py:245 - INFO - ['第1集']
2026-09-16 01:27:27 - mkk_pika - main.py:348 - INFO - ==================== 漫画信息 ====================
                                   漫画ID：5cd12ac99c10e7323f27b7a5
                                   标题：三白眼の目付き悪い爆乳おっぱい娘が蒸し蒸しの部室でムレムレセックス♡ (コミック・マショウ 2017年9月号) [中国翻訳][DL版]
                                   作者：雨存
                                   是否完结：是
                                   总页数：12
                                   分类：短篇
                                   章节数：1
                                   最后更新时间：2019-05-07T06:50:49.385Z
                                   =================================================
2026-09-16 01:27:27 - mkk_pika - database.py:101 - INFO - 保存成功：三白眼の目付き悪い爆乳おっぱい娘が蒸し蒸しの部室でムレムレセックス♡ (コミック・マショウ 2017年9月号) [中国翻訳][DL版]
2026-09-16 01:27:27 - mkk_pika - main.py:35 - INFO - 开始检查キモいのがすき (小悪魔☆アラモード)是否存在未下载章节
2026-09-16 01:27:27 - mkk_pika - main.py:45 - INFO - 正在下载:[キモいのがすき (小悪魔☆アラモード)]-[逆又練物]-[['短篇']]-[total_pages:41]
2026-09-16 01:27:27 - mkk_pika - main.py:49 - INFO - [{'_id': '5cd12b650b4ef24a0cfe3b36', 'title': '第1集', 'order': 1, 'updated_at': '2019-05-06T08:13:13.406Z', 'id': '5cd12b650b4ef24a0cfe3b36'}]
2026-09-16 01:27:27 - mkk_pika - database.py:215 - INFO - 第一次下载该漫画，记录数据库中
2026-09-16 01:27:28 - mkk_pika - main.py:83 - INFO - 找到 41 张图片在:第1集
2026-09-16 01:27:31 - mkk_pika - main.py:112 - INFO - [episode:第1集       ] downloaded:    41, total:  41, progress:100%
2026-09-16 01:27:31 - mkk_pika - database.py:238 - INFO - 数据库更新已下载章节
2026-09-16 01:27:31 - mkk_pika - database.py:244 - INFO - 该漫画已下载章节如下
2026-09-16 01:27:31 - mkk_pika - database.py:245 - INFO - ['第1集']
2026-09-16 01:27:32 - mkk_pika - main.py:348 - INFO - ==================== 漫画信息 ====================
                                   漫画ID：5cd12b650b4ef24a0cfe3b35
                                   标题：キモいのがすき (小悪魔☆アラモード)
                                   作者：逆又練物
                                   是否完结：是
                                   总页数：41
                                   分类：短篇
                                   章节数：1
                                   最后更新时间：2019-05-07T06:53:25.379Z
                                   =================================================
2026-09-16 01:27:32 - mkk_pika - database.py:101 - INFO - 保存成功：キモいのがすき (小悪魔☆アラモード)
2026-09-16 01:27:32 - mkk_pika - main.py:35 - INFO - 开始检查(COMIC1☆15) FGOユートピア2 あなたのことを癒やしたい (Fate/Grand Order)是否存在未下载章节
2026-09-16 01:27:33 - mkk_pika - main.py:45 - INFO - 正在下载:[(COMIC1☆15) FGOユートピア2 あなたのことを癒やしたい (Fate/Grand Order)]-[M.H.牧場 (TOYOMAN、BEN)]-[['全彩', '短篇', '純愛', '同人', 'Fate', '非人類']]-[total_pages:38]
2026-09-16 01:27:33 - mkk_pika - main.py:49 - INFO - [{'_id': '5cc9692c53cb927b8dff8b70', 'title': '第1集', 'order': 1, 'updated_at': '2019-04-30T11:58:04.622Z', 'id': '5cc9692c53cb927b8dff8b70'}, {'_id': '5cd12c898a1c2408d78d5173', 'title': '汉化', 'order': 2, 'updated_at': '2019-05-06T10:58:04.281Z', 'id': '5cd12c898a1c2408d78d5173'}]
2026-09-16 01:27:33 - mkk_pika - database.py:215 - INFO - 第一次下载该漫画，记录数据库中
2026-09-16 01:27:33 - mkk_pika - main.py:83 - INFO - 找到 18 张图片在:第1集
2026-09-16 01:27:34 - mkk_pika - main.py:112 - INFO - [episode:第1集       ] downloaded:    18, total:  18, progress:100%
2026-09-16 01:27:34 - mkk_pika - database.py:238 - INFO - 数据库更新已下载章节
2026-09-16 01:27:34 - mkk_pika - database.py:244 - INFO - 该漫画已下载章节如下
2026-09-16 01:27:34 - mkk_pika - database.py:245 - INFO - ['第1集']
2026-09-16 01:27:36 - mkk_pika - main.py:83 - INFO - 找到 20 张图片在:汉化
2026-09-16 01:27:37 - mkk_pika - main.py:112 - INFO - [episode:汉化        ] downloaded:    20, total:  20, progress:100%
2026-09-16 01:27:37 - mkk_pika - database.py:238 - INFO - 数据库更新已下载章节
2026-09-16 01:27:37 - mkk_pika - database.py:244 - INFO - 该漫画已下载章节如下
2026-09-16 01:27:37 - mkk_pika - database.py:245 - INFO - ['第1集', '汉化']
2026-09-16 01:27:38 - mkk_pika - main.py:348 - INFO - ==================== 漫画信息 ====================
                                   漫画ID：5cc9692c53cb927b8dff8b6f
                                   标题：(COMIC1☆15) FGOユートピア2 あなたのことを癒やしたい (Fate/Grand Order)
                                   作者：M.H.牧場 (TOYOMAN、BEN)
                                   是否完结：否
                                   总页数：38
                                   分类：全彩,短篇,純愛,同人,Fate,非人類
                                   章节数：2
                                   最后更新时间：2019-05-07T06:58:17.341Z
                                   =================================================
2026-09-16 01:27:38 - mkk_pika - database.py:101 - INFO - 保存成功：(COMIC1☆15) FGOユートピア2 あなたのことを癒やしたい (Fate/Grand Order)
2026-09-16 01:27:38 - mkk_pika - main.py:35 - INFO - 开始检查肉欲連鎖 (獣 For ESSENTIAL 7)是否存在未下载章节
2026-09-16 01:27:39 - mkk_pika - main.py:45 - INFO - 正在下载:[肉欲連鎖 (獣 For ESSENTIAL 7)]-[服部ミツカ]-[['短篇', '非人類']]-[total_pages:20]
2026-09-16 01:27:39 - mkk_pika - main.py:49 - INFO - [{'_id': '5cd12ce68a1c2408d78d5189', 'title': '第1集', 'order': 1, 'updated_at': '2019-05-06T11:24:10.194Z', 'id': '5cd12ce68a1c2408d78d5189'}]
2026-09-16 01:27:39 - mkk_pika - database.py:215 - INFO - 第一次下载该漫画，记录数据库中
2026-09-16 01:27:39 - mkk_pika - main.py:83 - INFO - 找到 20 张图片在:第1集
2026-09-16 01:27:41 - mkk_pika - main.py:112 - INFO - [episode:第1集       ] downloaded:    20, total:  20, progress:100%
2026-09-16 01:27:41 - mkk_pika - database.py:238 - INFO - 数据库更新已下载章节
2026-09-16 01:27:41 - mkk_pika - database.py:244 - INFO - 该漫画已下载章节如下
2026-09-16 01:27:41 - mkk_pika - database.py:245 - INFO - ['第1集']
2026-09-16 01:27:42 - mkk_pika - main.py:348 - INFO - ==================== 漫画信息 ====================
                                   漫画ID：5cd12ce68a1c2408d78d5188
                                   标题：肉欲連鎖 (獣 For ESSENTIAL 7)
                                   作者：服部ミツカ
                                   是否完结：是
                                   总页数：20
                                   分类：短篇,非人類
                                   章节数：1
                                   最后更新时间：2019-05-07T06:59:50.887Z
                                   =================================================
2026-09-16 01:27:42 - mkk_pika - database.py:101 - INFO - 保存成功：肉欲連鎖 (獣 For ESSENTIAL 7)
2026-09-16 01:27:42 - mkk_pika - main.py:35 - INFO - 开始检查年下しんどろ～む 年輕美眉症候～群是否存在未下载章节
2026-09-16 01:27:43 - mkk_pika - main.py:45 - INFO - 正在下载:[年下しんどろ～む 年輕美眉症候～群]-[たかやKi]-[['長篇', '純愛', '單行本', '後宮閃光', '妹妹系', '姐姐系']]-[total_pages:235]
2026-09-16 01:27:43 - mkk_pika - main.py:49 - INFO - [{'_id': '5cd12e1387b2ea7bc05cd7a1', 'title': '射保年下女孩的神之單行本', 'order': 1, 'updated_at': '2019-05-02T09:59:37.807Z', 'id': '5cd12e1387b2ea7bc05cd7a1'}]
2026-09-16 01:27:43 - mkk_pika - database.py:215 - INFO - 第一次下载该漫画，记录数据库中
2026-09-16 01:27:45 - mkk_pika - main.py:83 - INFO - 找到 235 张图片在:射保年下女孩的神之單行本
2026-09-16 01:27:55 - mkk_pika - main.py:112 - INFO - [episode:射保年下女孩的神之單行本] downloaded:   235, total: 235, progress:100%
2026-09-16 01:27:55 - mkk_pika - database.py:238 - INFO - 数据库更新已下载章节
2026-09-16 01:27:55 - mkk_pika - database.py:244 - INFO - 该漫画已下载章节如下
2026-09-16 01:27:55 - mkk_pika - database.py:245 - INFO - ['射保年下女孩的神之單行本']
2026-09-16 01:27:56 - mkk_pika - main.py:348 - INFO - ==================== 漫画信息 ====================
                                   漫画ID：5cd12e1387b2ea7bc05cd7a0
                                   标题：年下しんどろ～む 年輕美眉症候～群
                                   作者：たかやKi
                                   是否完结：是
                                   总页数：235
                                   分类：長篇,純愛,單行本,後宮閃光,妹妹系,姐姐系
                                   章节数：1
                                   最后更新时间：2019-05-07T07:04:51.271Z
                                   =================================================
2026-09-16 01:27:56 - mkk_pika - database.py:101 - INFO - 保存成功：年下しんどろ～む 年輕美眉症候～群
2026-09-16 01:27:56 - mkk_pika - main.py:35 - INFO - 开始检查秒速爆炸的真祐里美眉是否存在未下载章节
2026-09-16 01:27:57 - mkk_pika - main.py:45 - INFO - 正在下载:[秒速爆炸的真祐里美眉]-[SALPIn02]-[['全彩', '短篇', '純愛']]-[total_pages:23]
2026-09-16 01:27:57 - mkk_pika - main.py:49 - INFO - [{'_id': '5cd12f97944d35327b485371', 'title': '第1集', 'order': 1, 'updated_at': '2019-05-06T12:33:30.191Z', 'id': '5cd12f97944d35327b485371'}]
2026-09-16 01:27:57 - mkk_pika - database.py:215 - INFO - 第一次下载该漫画，记录数据库中
2026-09-16 01:27:57 - mkk_pika - main.py:83 - INFO - 找到 23 张图片在:第1集
2026-09-16 01:27:58 - mkk_pika - main.py:112 - INFO - [episode:第1集       ] downloaded:    23, total:  23, progress:100%
2026-09-16 01:27:58 - mkk_pika - database.py:238 - INFO - 数据库更新已下载章节
2026-09-16 01:27:58 - mkk_pika - database.py:244 - INFO - 该漫画已下载章节如下
2026-09-16 01:27:58 - mkk_pika - database.py:245 - INFO - ['第1集']
2026-09-16 01:28:00 - mkk_pika - main.py:348 - INFO - ==================== 漫画信息 ====================
                                   漫画ID：5cd12f97944d35327b485370
                                   标题：秒速爆炸的真祐里美眉
                                   作者：SALPIn02
                                   是否完结：否
                                   总页数：23
                                   分类：全彩,短篇,純愛
                                   章节数：1
                                   最后更新时间：2019-05-07T07:11:19.636Z
                                   =================================================
2026-09-16 01:28:00 - mkk_pika - database.py:101 - INFO - 保存成功：秒速爆炸的真祐里美眉
2026-09-16 01:28:00 - mkk_pika - main.py:35 - INFO - 开始检查憧れの慧音先生の身体 (東方Project) [中国翻訳][DL版]是否存在未下载章节
2026-09-16 01:28:00 - mkk_pika - main.py:45 - INFO - 正在下载:[憧れの慧音先生の身体 (東方Project) [中国翻訳][DL版]]-[夏中症 (雨存)]-[['短篇', '同人', '東方']]-[total_pages:24]
2026-09-16 01:28:00 - mkk_pika - main.py:49 - INFO - [{'_id': '5cd12fdd58d9e108a9e96d72', 'title': '第1集', 'order': 1, 'updated_at': '2019-05-06T12:55:14.971Z', 'id': '5cd12fdd58d9e108a9e96d72'}]
2026-09-16 01:28:00 - mkk_pika - database.py:215 - INFO - 第一次下载该漫画，记录数据库中
2026-09-16 01:28:01 - mkk_pika - main.py:83 - INFO - 找到 24 张图片在:第1集
2026-09-16 01:28:02 - mkk_pika - main.py:112 - INFO - [episode:第1集       ] downloaded:    24, total:  24, progress:100%
2026-09-16 01:28:02 - mkk_pika - database.py:238 - INFO - 数据库更新已下载章节
2026-09-16 01:28:02 - mkk_pika - database.py:244 - INFO - 该漫画已下载章节如下
2026-09-16 01:28:02 - mkk_pika - database.py:245 - INFO - ['第1集']
2026-09-16 01:28:04 - mkk_pika - main.py:348 - INFO - ==================== 漫画信息 ====================
                                   漫画ID：5cd12fdd58d9e108a9e96d71
                                   标题：憧れの慧音先生の身体 (東方Project) [中国翻訳][DL版]
                                   作者：夏中症 (雨存)
                                   是否完结：是
                                   总页数：24
                                   分类：短篇,同人,東方
                                   章节数：1
                                   最后更新时间：2019-05-07T07:12:29.338Z
                                   =================================================
2026-09-16 01:28:04 - mkk_pika - database.py:101 - INFO - 保存成功：憧れの慧音先生の身体 (東方Project) [中国翻訳][DL版]
2026-09-16 01:28:04 - mkk_pika - main.py:380 - INFO - 本次任务下载完毕
2026-09-16 01:28:04 - mkk_pika - database.py:173 - INFO - 数据库连接已关闭
