2026-09-17 01:18:48 - mkk_pika - main.py:193 - INFO - =======================================================================
2026-09-17 01:18:48 - mkk_pika - database.py:61 - INFO - 表和索引初始化成功
2026-09-17 01:18:48 - mkk_pika - main.py:197 - INFO - 已经累计下载21070本漫画
2026-09-17 01:18:49 - mkk_pika - api.py:87 - INFO - 登录成功
2026-09-17 01:18:49 - mkk_pika - main.py:203 - INFO - 收藏夹共计0本漫画
2026-09-17 01:18:49 - mkk_pika - main.py:206 - INFO - 开始下载收藏夹内未下载内容
2026-09-17 01:18:49 - mkk_pika - main.py:266 - INFO - 收藏夹内容下载完毕
2026-09-17 01:18:49 - mkk_pika - main.py:268 - INFO - 开始下载订阅内容
2026-09-17 01:18:49 - mkk_pika - database.py:258 - INFO - 根据ID查询到标题：萝莉 -> 海ちゃんと夏休み 気づいたら俺の家が無防備汗だく○リっ子の休憩スポットになっていた話 | 海妹妹和暑假关于一不小心我家里多了一个汗津津的无防备小萝莉在休息这件事
2026-09-17 01:18:50 - mkk_pika - database.py:101 - INFO - 保存成功：海ちゃんと夏休み 気づいたら俺の家が無防備汗だく○リっ子の休憩スポットになっていた話 | 海妹妹和暑假关于一不小心我家里多了一个汗津津的无防备小萝莉在休息这件事
2026-09-17 01:18:50 - mkk_pika - main.py:273 - INFO - 关键词萝莉找到1本漫画
2026-09-17 01:18:50 - mkk_pika - database.py:258 - INFO - 根据ID查询到标题：蘿莉 -> 団地の片隅
2026-09-17 01:18:51 - mkk_pika - database.py:101 - INFO - 保存成功：[PIXIV] TengaWa 修行中 [24729168]（AI）
2026-09-17 01:18:51 - mkk_pika - main.py:273 - INFO - 关键词蘿莉找到3本漫画
2026-09-17 01:18:51 - mkk_pika - main.py:275 - INFO - 订阅内容共计4本漫画
2026-09-17 01:18:51 - mkk_pika - main.py:35 - INFO - 开始检查陽菜ちゃん調教日記|阳菜酱的调教日记 [中国翻译][進行中]是否存在未下载章节
2026-09-17 01:18:51 - mkk_pika - database.py:203 - INFO - 查询数据库中是否已存在第1話熟肉100p
2026-09-17 01:18:51 - mkk_pika - main.py:51 - INFO - 陽菜ちゃん調教日記|阳菜酱的调教日记 [中国翻译][進行中]中没有可下载章节
2026-09-17 01:18:51 - mkk_pika - main.py:292 - INFO - ==================== 漫画信息 ====================
                                漫画ID：68dd17e83c6fe63b068bea88
                                标题：陽菜ちゃん調教日記|阳菜酱的调教日记 [中国翻译][進行中]
                                作者：OKINA
                                是否完结：否
                                总页数：101
                                分类：全彩,長篇,SM
                                章节数：1
                                最后更新时间：2026-09-12T15:23:27.295Z
                                =================================================
2026-09-17 01:18:51 - mkk_pika - database.py:101 - INFO - 保存成功：陽菜ちゃん調教日記|阳菜酱的调教日记 [中国翻译][進行中]
2026-09-17 01:18:51 - mkk_pika - main.py:35 - INFO - 开始检查イロハのイロゴト2 (ブルーアーカイブ)是否存在未下载章节
2026-09-17 01:18:51 - mkk_pika - main.py:45 - INFO - 正在下载:[イロハのイロゴト2 (ブルーアーカイブ)]-[肉骨茶漬け (ばくて)]-[['短篇', '同人']]-[total_pages:-1]
2026-09-17 01:18:51 - mkk_pika - main.py:49 - INFO - [{'_id': '6aaac11694ebf41f0a6a42c3', 'title': '第1話', 'order': 1, 'updated_at': '2026-09-16T08:22:38.747Z', 'id': '6aaac11694ebf41f0a6a42c3'}]
2026-09-17 01:18:51 - mkk_pika - database.py:215 - INFO - 第一次下载该漫画，记录数据库中
2026-09-17 01:18:52 - mkk_pika - main.py:83 - INFO - 找到 32 张图片在:第1話
2026-09-17 01:18:54 - mkk_pika - main.py:112 - INFO - [episode:第1話       ] downloaded:    32, total:  32, progress:100%
2026-09-17 01:18:54 - mkk_pika - database.py:238 - INFO - 数据库更新已下载章节
2026-09-17 01:18:54 - mkk_pika - database.py:244 - INFO - 该漫画已下载章节如下
2026-09-17 01:18:54 - mkk_pika - database.py:245 - INFO - ['第1話']
2026-09-17 01:18:56 - mkk_pika - main.py:292 - INFO - ==================== 漫画信息 ====================
                                漫画ID：6aaac11694ebf41f0a6a42c2
                                标题：イロハのイロゴト2 (ブルーアーカイブ)
                                作者：肉骨茶漬け (ばくて)
                                是否完结：是
                                总页数：32
                                分类：短篇,同人
                                章节数：1
                                最后更新时间：2026-09-16T16:17:26.657Z
                                =================================================
2026-09-17 01:18:56 - mkk_pika - database.py:101 - INFO - 保存成功：イロハのイロゴト2 (ブルーアーカイブ)
2026-09-17 01:18:56 - mkk_pika - main.py:35 - INFO - 开始检查Undercover!(ブルーアーカイブ)是否存在未下载章节
2026-09-17 01:18:56 - mkk_pika - main.py:45 - INFO - 正在下载:[Undercover!(ブルーアーカイブ)]-[baa-baa-sheeps (いぬしだ)]-[['同人', '短篇']]-[total_pages:-1]
2026-09-17 01:18:56 - mkk_pika - main.py:49 - INFO - [{'_id': '6aaac1123e92481ecb779283', 'title': '第1話', 'order': 1, 'updated_at': '2026-09-16T08:15:05.675Z', 'id': '6aaac1123e92481ecb779283'}]
2026-09-17 01:18:56 - mkk_pika - database.py:215 - INFO - 第一次下载该漫画，记录数据库中
2026-09-17 01:18:57 - mkk_pika - main.py:83 - INFO - 找到 27 张图片在:第1話
2026-09-17 01:18:59 - mkk_pika - main.py:112 - INFO - [episode:第1話       ] downloaded:    27, total:  27, progress:100%
2026-09-17 01:18:59 - mkk_pika - database.py:238 - INFO - 数据库更新已下载章节
2026-09-17 01:18:59 - mkk_pika - database.py:244 - INFO - 该漫画已下载章节如下
2026-09-17 01:18:59 - mkk_pika - database.py:245 - INFO - ['第1話']
2026-09-17 01:19:00 - mkk_pika - main.py:292 - INFO - ==================== 漫画信息 ====================
                                漫画ID：6aaac1123e92481ecb779282
                                标题：Undercover!(ブルーアーカイブ)
                                作者：baa-baa-sheeps (いぬしだ)
                                是否完结：是
                                总页数：27
                                分类：同人,短篇
                                章节数：1
                                最后更新时间：2026-09-16T16:17:22.873Z
                                =================================================
2026-09-17 01:19:00 - mkk_pika - database.py:101 - INFO - 保存成功：Undercover!(ブルーアーカイブ)
2026-09-17 01:19:00 - mkk_pika - main.py:35 - INFO - 开始检查雌穴兎姦 ～復讐の兎は淫欲に染まる～ | 雌穴兔奸 ~前来复仇的兔人沉浸于淫欲之中~是否存在未下载章节
2026-09-17 01:19:00 - mkk_pika - main.py:45 - INFO - 正在下载:[雌穴兎姦 ～復讐の兎は淫欲に染まる～ | 雌穴兔奸 ~前来复仇的兔人沉浸于淫欲之中~]-[Atelier Neo-Axis (そうたつ)]-[['短篇', '強暴']]-[total_pages:-1]
2026-09-17 01:19:00 - mkk_pika - main.py:49 - INFO - [{'_id': '6aaac0e7e1dbce1e11ce6ecd', 'title': '熟肉', 'order': 1, 'updated_at': '2026-09-15T17:46:57.413Z', 'id': '6aaac0e7e1dbce1e11ce6ecd'}]
2026-09-17 01:19:00 - mkk_pika - database.py:215 - INFO - 第一次下载该漫画，记录数据库中
2026-09-17 01:19:01 - mkk_pika - main.py:83 - INFO - 找到 41 张图片在:熟肉
2026-09-17 01:19:04 - mkk_pika - main.py:112 - INFO - [episode:熟肉        ] downloaded:    41, total:  41, progress:100%
2026-09-17 01:19:04 - mkk_pika - database.py:238 - INFO - 数据库更新已下载章节
2026-09-17 01:19:04 - mkk_pika - database.py:244 - INFO - 该漫画已下载章节如下
2026-09-17 01:19:04 - mkk_pika - database.py:245 - INFO - ['熟肉']
2026-09-17 01:19:05 - mkk_pika - main.py:292 - INFO - ==================== 漫画信息 ====================
                                漫画ID：6aaac0e7e1dbce1e11ce6ecc
                                标题：雌穴兎姦 ～復讐の兎は淫欲に染まる～ | 雌穴兔奸 ~前来复仇的兔人沉浸于淫欲之中~
                                作者：Atelier Neo-Axis (そうたつ)
                                是否完结：是
                                总页数：41
                                分类：短篇,強暴
                                章节数：1
                                最后更新时间：2026-09-16T16:16:39.202Z
                                =================================================
2026-09-17 01:19:05 - mkk_pika - database.py:101 - INFO - 保存成功：雌穴兎姦 ～復讐の兎は淫欲に染まる～ | 雌穴兔奸 ~前来复仇的兔人沉浸于淫欲之中~
2026-09-17 01:19:05 - mkk_pika - main.py:323 - INFO - 订阅内容内容下载完毕
2026-09-17 01:19:05 - mkk_pika - main.py:324 - INFO - 开始分批下载全部章节
2026-09-17 01:19:05 - mkk_pika - database.py:280 - INFO - 表和索引初始化成功
2026-09-17 01:19:06 - mkk_pika - main.py:177 - INFO - 已经下载了1632页，一共7149页，现在开始添加第1633页
2026-09-17 01:19:06 - mkk_pika - database.py:318 - INFO - 保存成功
2026-09-17 01:19:07 - mkk_pika - main.py:177 - INFO - 已经下载了1633页，一共7149页，现在开始添加第1634页
2026-09-17 01:19:07 - mkk_pika - database.py:318 - INFO - 保存成功
2026-09-17 01:19:07 - mkk_pika - main.py:177 - INFO - 已经下载了1634页，一共7149页，现在开始添加第1635页
2026-09-17 01:19:08 - mkk_pika - database.py:318 - INFO - 保存成功
2026-09-17 01:19:08 - mkk_pika - main.py:177 - INFO - 已经下载了1635页，一共7149页，现在开始添加第1636页
2026-09-17 01:19:09 - mkk_pika - database.py:318 - INFO - 保存成功
2026-09-17 01:19:09 - mkk_pika - main.py:177 - INFO - 已经下载了1636页，一共7149页，现在开始添加第1637页
2026-09-17 01:19:10 - mkk_pika - database.py:318 - INFO - 保存成功
2026-09-17 01:19:10 - mkk_pika - main.py:177 - INFO - 已经下载了1637页，一共7149页，现在开始添加第1638页
2026-09-17 01:19:11 - mkk_pika - database.py:318 - INFO - 保存成功
2026-09-17 01:19:11 - mkk_pika - main.py:177 - INFO - 已经下载了1638页，一共7149页，现在开始添加第1639页
2026-09-17 01:19:12 - mkk_pika - database.py:318 - INFO - 保存成功
2026-09-17 01:19:12 - mkk_pika - main.py:331 - INFO - 分批下载共计83本漫画
2026-09-17 01:19:12 - mkk_pika - main.py:35 - INFO - 开始检查Iカップ裏垢素人配信者コスプレ生配信 ～業者(プロ)じゃヌけないんだよなぁ…～ 是否存在未下载章节
2026-09-17 01:19:12 - mkk_pika - main.py:45 - INFO - 正在下载:[Iカップ裏垢素人配信者コスプレ生配信 ～業者(プロ)じゃヌけないんだよなぁ…～ ]-[SSB (まりりん)]-[['短篇', 'Fate']]-[total_pages:26]
2026-09-17 01:19:12 - mkk_pika - main.py:49 - INFO - [{'_id': '5cd130dd8a1c2408d78d51a9', 'title': '第1集', 'order': 1, 'updated_at': '2019-05-06T13:35:25.317Z', 'id': '5cd130dd8a1c2408d78d51a9'}]
2026-09-17 01:19:12 - mkk_pika - database.py:215 - INFO - 第一次下载该漫画，记录数据库中
2026-09-17 01:19:13 - mkk_pika - main.py:83 - INFO - 找到 26 张图片在:第1集
2026-09-17 01:19:14 - mkk_pika - main.py:112 - INFO - [episode:第1集       ] downloaded:    26, total:  26, progress:100%
2026-09-17 01:19:14 - mkk_pika - database.py:238 - INFO - 数据库更新已下载章节
2026-09-17 01:19:14 - mkk_pika - database.py:244 - INFO - 该漫画已下载章节如下
2026-09-17 01:19:14 - mkk_pika - database.py:245 - INFO - ['第1集']
2026-09-17 01:19:15 - mkk_pika - main.py:348 - INFO - ==================== 漫画信息 ====================
                                   漫画ID：5cd130dd8a1c2408d78d51a8
                                   标题：Iカップ裏垢素人配信者コスプレ生配信 ～業者(プロ)じゃヌけないんだよなぁ…～ 
                                   作者：SSB (まりりん)
                                   是否完结：否
                                   总页数：26
                                   分类：短篇,Fate
                                   章节数：1
                                   最后更新时间：2019-05-07T07:16:45.204Z
                                   =================================================
2026-09-17 01:19:15 - mkk_pika - database.py:101 - INFO - 保存成功：Iカップ裏垢素人配信者コスプレ生配信 ～業者(プロ)じゃヌけないんだよなぁ…～ 
2026-09-17 01:19:15 - mkk_pika - main.py:35 - INFO - 开始检查あなたを想う夜の鶴是否存在未下载章节
2026-09-17 01:19:16 - mkk_pika - main.py:45 - INFO - 正在下载:[あなたを想う夜の鶴]-[ゆうさりつかた (淡夢)]-[['同人', '短篇', '後宮閃光', '艦隊收藏']]-[total_pages:32]
2026-09-17 01:19:16 - mkk_pika - main.py:49 - INFO - [{'_id': '5cd13fa22d9f964a29f3c880', 'title': '第1集', 'order': 1, 'updated_at': '2019-05-06T13:58:52.646Z', 'id': '5cd13fa22d9f964a29f3c880'}]
2026-09-17 01:19:16 - mkk_pika - database.py:215 - INFO - 第一次下载该漫画，记录数据库中
2026-09-17 01:19:16 - mkk_pika - main.py:83 - INFO - 找到 32 张图片在:第1集
2026-09-17 01:19:18 - mkk_pika - main.py:112 - INFO - [episode:第1集       ] downloaded:    32, total:  32, progress:100%
2026-09-17 01:19:18 - mkk_pika - database.py:238 - INFO - 数据库更新已下载章节
2026-09-17 01:19:18 - mkk_pika - database.py:244 - INFO - 该漫画已下载章节如下
2026-09-17 01:19:18 - mkk_pika - database.py:245 - INFO - ['第1集']
2026-09-17 01:19:19 - mkk_pika - main.py:348 - INFO - ==================== 漫画信息 ====================
                                   漫画ID：5cd13fa22d9f964a29f3c87f
                                   标题：あなたを想う夜の鶴
                                   作者：ゆうさりつかた (淡夢)
                                   是否完结：否
                                   总页数：32
                                   分类：同人,短篇,後宮閃光,艦隊收藏
                                   章节数：1
                                   最后更新时间：2019-05-07T08:19:46.374Z
                                   =================================================
2026-09-17 01:19:19 - mkk_pika - database.py:101 - INFO - 保存成功：あなたを想う夜の鶴
2026-09-17 01:19:19 - mkk_pika - main.py:35 - INFO - 开始检查(COMIC1☆15)  島田流VS西住流 美熟女レズビアン 極限肛虐狂い (ガールズ&パンツァー) [中国翻訳]是否存在未下载章节
2026-09-17 01:19:20 - mkk_pika - main.py:45 - INFO - 正在下载:[(COMIC1☆15)  島田流VS西住流 美熟女レズビアン 極限肛虐狂い (ガールズ&パンツァー) [中国翻訳]]-[ゲルピン (水無月十三、USSO)]-[['同人', '短篇', '百合花園', 'SM', '人妻']]-[total_pages:31]
2026-09-17 01:19:20 - mkk_pika - main.py:49 - INFO - [{'_id': '5cd14049171a5d7bf65f4c50', 'title': '第1集', 'order': 1, 'updated_at': '2019-05-06T14:06:31.429Z', 'id': '5cd14049171a5d7bf65f4c50'}]
2026-09-17 01:19:20 - mkk_pika - database.py:215 - INFO - 第一次下载该漫画，记录数据库中
2026-09-17 01:19:20 - mkk_pika - main.py:83 - INFO - 找到 31 张图片在:第1集
2026-09-17 01:19:22 - mkk_pika - main.py:112 - INFO - [episode:第1集       ] downloaded:    31, total:  31, progress:100%
2026-09-17 01:19:22 - mkk_pika - database.py:238 - INFO - 数据库更新已下载章节
2026-09-17 01:19:22 - mkk_pika - database.py:244 - INFO - 该漫画已下载章节如下
2026-09-17 01:19:22 - mkk_pika - database.py:245 - INFO - ['第1集']
2026-09-17 01:19:23 - mkk_pika - main.py:348 - INFO - ==================== 漫画信息 ====================
                                   漫画ID：5cd14049171a5d7bf65f4c4f
                                   标题：(COMIC1☆15)  島田流VS西住流 美熟女レズビアン 極限肛虐狂い (ガールズ&パンツァー) [中国翻訳]
                                   作者：ゲルピン (水無月十三、USSO)
                                   是否完结：是
                                   总页数：31
                                   分类：同人,短篇,百合花園,SM,人妻
                                   章节数：1
                                   最后更新时间：2019-05-07T08:22:33.913Z
                                   =================================================
2026-09-17 01:19:23 - mkk_pika - database.py:101 - INFO - 保存成功：(COMIC1☆15)  島田流VS西住流 美熟女レズビアン 極限肛虐狂い (ガールズ&パンツァー) [中国翻訳]
2026-09-17 01:19:23 - mkk_pika - main.py:35 - INFO - 开始检查[胜出] 895牧场物语 | 895牧場ラブストーリー(我的英雄学院,MHA)(52P)是否存在未下载章节
2026-09-17 01:19:24 - mkk_pika - main.py:45 - INFO - 正在下载:[[胜出] 895牧场物语 | 895牧場ラブストーリー(我的英雄学院,MHA)(52P)]-[折れたシャー芯]-[['同人', '性轉換', '非人類', '短篇']]-[total_pages:52]
2026-09-17 01:19:24 - mkk_pika - main.py:49 - INFO - [{'_id': '5cd14298171a5d7bf65f4ca2', 'title': '第1集', 'order': 1, 'updated_at': '2019-05-06T15:44:11.129Z', 'id': '5cd14298171a5d7bf65f4ca2'}]
2026-09-17 01:19:24 - mkk_pika - database.py:215 - INFO - 第一次下载该漫画，记录数据库中
2026-09-17 01:19:25 - mkk_pika - main.py:83 - INFO - 找到 52 张图片在:第1集
2026-09-17 01:19:27 - mkk_pika - main.py:112 - INFO - [episode:第1集       ] downloaded:    52, total:  52, progress:100%
2026-09-17 01:19:27 - mkk_pika - database.py:238 - INFO - 数据库更新已下载章节
2026-09-17 01:19:27 - mkk_pika - database.py:244 - INFO - 该漫画已下载章节如下
2026-09-17 01:19:27 - mkk_pika - database.py:245 - INFO - ['第1集']
2026-09-17 01:19:29 - mkk_pika - main.py:348 - INFO - ==================== 漫画信息 ====================
                                   漫画ID：5cd14298171a5d7bf65f4ca1
                                   标题：[胜出] 895牧场物语 | 895牧場ラブストーリー(我的英雄学院,MHA)(52P)
                                   作者：折れたシャー芯
                                   是否完结：否
                                   总页数：52
                                   分类：同人,性轉換,非人類,短篇
                                   章节数：1
                                   最后更新时间：2019-05-07T08:32:24.578Z
                                   =================================================
2026-09-17 01:19:29 - mkk_pika - database.py:101 - INFO - 保存成功：[胜出] 895牧场物语 | 895牧場ラブストーリー(我的英雄学院,MHA)(52P)
2026-09-17 01:19:29 - mkk_pika - main.py:35 - INFO - 开始检查小如月才不可怜!2 是否存在未下载章节
2026-09-17 01:19:29 - mkk_pika - main.py:45 - INFO - 正在下载:[小如月才不可怜!2 ]-[ぴよ寺むちゃ]-[['短篇', '全彩', '同人']]-[total_pages:15]
2026-09-17 01:19:29 - mkk_pika - main.py:49 - INFO - [{'_id': '5cd1436cfc712d4a2b654896', 'title': '第1集', 'order': 1, 'updated_at': '2019-05-06T15:45:38.633Z', 'id': '5cd1436cfc712d4a2b654896'}]
2026-09-17 01:19:29 - mkk_pika - database.py:215 - INFO - 第一次下载该漫画，记录数据库中
2026-09-17 01:19:30 - mkk_pika - main.py:83 - INFO - 找到 15 张图片在:第1集
2026-09-17 01:19:30 - mkk_pika - main.py:112 - INFO - [episode:第1集       ] downloaded:    15, total:  15, progress:100%
2026-09-17 01:19:30 - mkk_pika - database.py:238 - INFO - 数据库更新已下载章节
2026-09-17 01:19:30 - mkk_pika - database.py:244 - INFO - 该漫画已下载章节如下
2026-09-17 01:19:30 - mkk_pika - database.py:245 - INFO - ['第1集']
2026-09-17 01:19:32 - mkk_pika - main.py:348 - INFO - ==================== 漫画信息 ====================
                                   漫画ID：5cd1436cfc712d4a2b654895
                                   标题：小如月才不可怜!2 
                                   作者：ぴよ寺むちゃ
                                   是否完结：否
                                   总页数：15
                                   分类：短篇,全彩,同人
                                   章节数：1
                                   最后更新时间：2019-05-07T08:35:56.679Z
                                   =================================================
2026-09-17 01:19:32 - mkk_pika - database.py:101 - INFO - 保存成功：小如月才不可怜!2 
2026-09-17 01:19:32 - mkk_pika - main.py:35 - INFO - 开始检查夕空の彩[中国翻訳] [無修正]（8P）是否存在未下载章节
2026-09-17 01:19:32 - mkk_pika - main.py:45 - INFO - 正在下载:[夕空の彩[中国翻訳] [無修正]（8P）]-[鸣海]-[['全彩', '短篇', '純愛']]-[total_pages:8]
2026-09-17 01:19:32 - mkk_pika - main.py:49 - INFO - [{'_id': '5cd1440e0b4ef24a0cfe3c44', 'title': '全集', 'order': 1, 'updated_at': '2019-05-06T16:40:57.862Z', 'id': '5cd1440e0b4ef24a0cfe3c44'}]
2026-09-17 01:19:32 - mkk_pika - database.py:215 - INFO - 第一次下载该漫画，记录数据库中
2026-09-17 01:19:33 - mkk_pika - main.py:83 - INFO - 找到 8 张图片在:全集
2026-09-17 01:19:33 - mkk_pika - main.py:112 - INFO - [episode:全集        ] downloaded:     8, total:   8, progress:100%
2026-09-17 01:19:33 - mkk_pika - database.py:238 - INFO - 数据库更新已下载章节
2026-09-17 01:19:33 - mkk_pika - database.py:244 - INFO - 该漫画已下载章节如下
2026-09-17 01:19:33 - mkk_pika - database.py:245 - INFO - ['全集']
2026-09-17 01:19:35 - mkk_pika - main.py:348 - INFO - ==================== 漫画信息 ====================
                                   漫画ID：5cd1440e0b4ef24a0cfe3c43
                                   标题：夕空の彩[中国翻訳] [無修正]（8P）
                                   作者：鸣海
                                   是否完结：是
                                   总页数：8
                                   分类：全彩,短篇,純愛
                                   章节数：1
                                   最后更新时间：2019-05-07T08:38:38.251Z
                                   =================================================
2026-09-17 01:19:35 - mkk_pika - database.py:101 - INFO - 保存成功：夕空の彩[中国翻訳] [無修正]（8P）
2026-09-17 01:19:35 - mkk_pika - main.py:35 - INFO - 开始检查TastYui（16P）是否存在未下载章节
2026-09-17 01:19:35 - mkk_pika - main.py:45 - INFO - 正在下载:[TastYui（16P）]-[綿120パーセント (めんようじゃん)]-[['全彩', '同人', '短篇', '純愛']]-[total_pages:17]
2026-09-17 01:19:35 - mkk_pika - main.py:49 - INFO - [{'_id': '5cd14482171a5d7bf65f4cdc', 'title': '第1集', 'order': 1, 'updated_at': '2019-05-06T16:58:06.340Z', 'id': '5cd14482171a5d7bf65f4cdc'}]
2026-09-17 01:19:35 - mkk_pika - database.py:215 - INFO - 第一次下载该漫画，记录数据库中
2026-09-17 01:19:36 - mkk_pika - main.py:83 - INFO - 找到 17 张图片在:第1集
2026-09-17 01:19:37 - mkk_pika - main.py:112 - INFO - [episode:第1集       ] downloaded:    17, total:  17, progress:100%
2026-09-17 01:19:37 - mkk_pika - database.py:238 - INFO - 数据库更新已下载章节
2026-09-17 01:19:37 - mkk_pika - database.py:244 - INFO - 该漫画已下载章节如下
2026-09-17 01:19:37 - mkk_pika - database.py:245 - INFO - ['第1集']
2026-09-17 01:19:38 - mkk_pika - main.py:348 - INFO - ==================== 漫画信息 ====================
                                   漫画ID：5cd14482171a5d7bf65f4cdb
                                   标题：TastYui（16P）
                                   作者：綿120パーセント (めんようじゃん)
                                   是否完结：是
                                   总页数：17
                                   分类：全彩,同人,短篇,純愛
                                   章节数：1
                                   最后更新时间：2019-05-07T08:40:34.097Z
                                   =================================================
2026-09-17 01:19:38 - mkk_pika - database.py:101 - INFO - 保存成功：TastYui（16P）
2026-09-17 01:19:38 - mkk_pika - main.py:35 - INFO - 开始检查ご利用は計画的に (コミックメガストア 2011年12月号) [中国翻訳] [無修正]（9P）是否存在未下载章节
2026-09-17 01:19:38 - mkk_pika - main.py:45 - INFO - 正在下载:[ご利用は計画的に (コミックメガストア 2011年12月号) [中国翻訳] [無修正]（9P）]-[サブロー]-[['全彩', '短篇']]-[total_pages:9]
2026-09-17 01:19:38 - mkk_pika - main.py:49 - INFO - [{'_id': '5cd144a2bb06f84a1414a962', 'title': '第1集', 'order': 1, 'updated_at': '2019-05-06T17:16:15.743Z', 'id': '5cd144a2bb06f84a1414a962'}]
2026-09-17 01:19:38 - mkk_pika - database.py:215 - INFO - 第一次下载该漫画，记录数据库中
2026-09-17 01:19:39 - mkk_pika - main.py:83 - INFO - 找到 9 张图片在:第1集
2026-09-17 01:19:39 - mkk_pika - main.py:112 - INFO - [episode:第1集       ] downloaded:     9, total:   9, progress:100%
2026-09-17 01:19:39 - mkk_pika - database.py:238 - INFO - 数据库更新已下载章节
2026-09-17 01:19:39 - mkk_pika - database.py:244 - INFO - 该漫画已下载章节如下
2026-09-17 01:19:39 - mkk_pika - database.py:245 - INFO - ['第1集']
2026-09-17 01:19:41 - mkk_pika - main.py:348 - INFO - ==================== 漫画信息 ====================
                                   漫画ID：5cd144a2bb06f84a1414a961
                                   标题：ご利用は計画的に (コミックメガストア 2011年12月号) [中国翻訳] [無修正]（9P）
                                   作者：サブロー
                                   是否完结：否
                                   总页数：9
                                   分类：全彩,短篇
                                   章节数：1
                                   最后更新时间：2019-05-07T08:41:06.239Z
                                   =================================================
2026-09-17 01:19:41 - mkk_pika - database.py:101 - INFO - 保存成功：ご利用は計画的に (コミックメガストア 2011年12月号) [中国翻訳] [無修正]（9P）
2026-09-17 01:19:41 - mkk_pika - main.py:35 - INFO - 开始检查(C75)  粘獄のリーゼ appetizer[中国翻訳][拡大書き]是否存在未下载章节
2026-09-17 01:19:42 - mkk_pika - main.py:45 - INFO - 正在下载:[(C75)  粘獄のリーゼ appetizer[中国翻訳][拡大書き]]-[Radical Dream (黒井弘騎、竜胆)]-[['短篇', '非人類', '強暴']]-[total_pages:73]
2026-09-17 01:19:42 - mkk_pika - main.py:49 - INFO - [{'_id': '5cd14509944d35327b485f7f', 'title': '第1集', 'order': 1, 'updated_at': '2019-05-06T18:07:00.354Z', 'id': '5cd14509944d35327b485f7f'}]
2026-09-17 01:19:42 - mkk_pika - database.py:215 - INFO - 第一次下载该漫画，记录数据库中
2026-09-17 01:19:43 - mkk_pika - main.py:83 - INFO - 找到 73 张图片在:第1集
2026-09-17 01:19:45 - mkk_pika - main.py:112 - INFO - [episode:第1集       ] downloaded:    73, total:  73, progress:100%
2026-09-17 01:19:45 - mkk_pika - database.py:238 - INFO - 数据库更新已下载章节
2026-09-17 01:19:45 - mkk_pika - database.py:244 - INFO - 该漫画已下载章节如下
2026-09-17 01:19:45 - mkk_pika - database.py:245 - INFO - ['第1集']
2026-09-17 01:19:47 - mkk_pika - main.py:348 - INFO - ==================== 漫画信息 ====================
                                   漫画ID：5cd14509944d35327b485f7e
                                   标题：(C75)  粘獄のリーゼ appetizer[中国翻訳][拡大書き]
                                   作者：Radical Dream (黒井弘騎、竜胆)
                                   是否完结：是
                                   总页数：73
                                   分类：短篇,非人類,強暴
                                   章节数：1
                                   最后更新时间：2019-05-07T08:42:49.343Z
                                   =================================================
2026-09-17 01:19:47 - mkk_pika - database.py:101 - INFO - 保存成功：(C75)  粘獄のリーゼ appetizer[中国翻訳][拡大書き]
2026-09-17 01:19:47 - mkk_pika - main.py:35 - INFO - 开始检查 怪獸家長 [中國語]是否存在未下载章节
2026-09-17 01:19:47 - mkk_pika - main.py:45 - INFO - 正在下载:[ 怪獸家長 [中國語]]-[榊歌丸]-[['短篇', '強暴', '人妻']]-[total_pages:21]
2026-09-17 01:19:47 - mkk_pika - main.py:49 - INFO - [{'_id': '5cd1456fb945077bc822acbe', 'title': '第1集', 'order': 1, 'updated_at': '2019-05-06T19:35:18.371Z', 'id': '5cd1456fb945077bc822acbe'}]
2026-09-17 01:19:47 - mkk_pika - database.py:215 - INFO - 第一次下载该漫画，记录数据库中
2026-09-17 01:19:48 - mkk_pika - main.py:83 - INFO - 找到 21 张图片在:第1集
2026-09-17 01:19:49 - mkk_pika - main.py:112 - INFO - [episode:第1集       ] downloaded:    21, total:  21, progress:100%
2026-09-17 01:19:49 - mkk_pika - database.py:238 - INFO - 数据库更新已下载章节
2026-09-17 01:19:49 - mkk_pika - database.py:244 - INFO - 该漫画已下载章节如下
2026-09-17 01:19:49 - mkk_pika - database.py:245 - INFO - ['第1集']
2026-09-17 01:19:50 - mkk_pika - main.py:348 - INFO - ==================== 漫画信息 ====================
                                   漫画ID：5cd1456fb945077bc822acbd
                                   标题： 怪獸家長 [中國語]
                                   作者：榊歌丸
                                   是否完结：是
                                   总页数：21
                                   分类：短篇,強暴,人妻
                                   章节数：1
                                   最后更新时间：2019-05-07T08:44:31.875Z
                                   =================================================
2026-09-17 01:19:50 - mkk_pika - database.py:101 - INFO - 保存成功： 怪獸家長 [中國語]
2026-09-17 01:19:50 - mkk_pika - main.py:35 - INFO - 开始检查100人我也沒問題！是否存在未下载章节
2026-09-17 01:19:50 - mkk_pika - main.py:45 - INFO - 正在下载:[100人我也沒問題！]-[りょう]-[['長篇', 'NTR']]-[total_pages:201]
2026-09-17 01:19:50 - mkk_pika - main.py:49 - INFO - [{'_id': '5cd14681068b04326ef45b0f', 'title': '第1集', 'order': 1, 'updated_at': '2019-05-07T02:10:36.353Z', 'id': '5cd14681068b04326ef45b0f'}]
2026-09-17 01:19:50 - mkk_pika - database.py:215 - INFO - 第一次下载该漫画，记录数据库中
2026-09-17 01:19:53 - mkk_pika - main.py:83 - INFO - 找到 201 张图片在:第1集
2026-09-17 01:20:04 - mkk_pika - main.py:112 - INFO - [episode:第1集       ] downloaded:   201, total: 201, progress:100%
2026-09-17 01:20:04 - mkk_pika - database.py:238 - INFO - 数据库更新已下载章节
2026-09-17 01:20:04 - mkk_pika - database.py:244 - INFO - 该漫画已下载章节如下
2026-09-17 01:20:04 - mkk_pika - database.py:245 - INFO - ['第1集']
2026-09-17 01:20:05 - mkk_pika - main.py:348 - INFO - ==================== 漫画信息 ====================
                                   漫画ID：5cd14681068b04326ef45b0e
                                   标题：100人我也沒問題！
                                   作者：りょう
                                   是否完结：是
                                   总页数：201
                                   分类：長篇,NTR
                                   章节数：1
                                   最后更新时间：2019-05-07T08:49:05.309Z
                                   =================================================
2026-09-17 01:20:05 - mkk_pika - database.py:101 - INFO - 保存成功：100人我也沒問題！
2026-09-17 01:20:05 - mkk_pika - main.py:35 - INFO - 开始检查(C95) 我が炎で溺れ死になさい争 (Fate Grand Order)是否存在未下载章节
2026-09-17 01:20:06 - mkk_pika - main.py:45 - INFO - 正在下载:[(C95) 我が炎で溺れ死になさい争 (Fate Grand Order)]-[薬缶本舗 (いのうえとみい)]-[['短篇', '同人', '純愛', 'Fate']]-[total_pages:53]
2026-09-17 01:20:06 - mkk_pika - main.py:49 - INFO - [{'_id': '5c79eb421dfd97789549f87c', 'title': '第1集', 'order': 1, 'updated_at': '2019-02-19T18:56:25.635Z', 'id': '5c79eb421dfd97789549f87c'}, {'_id': '5cd146cbfc712d4a2b6548ac', 'title': '汉化', 'order': 2, 'updated_at': '2019-05-07T03:25:10.410Z', 'id': '5cd146cbfc712d4a2b6548ac'}]
2026-09-17 01:20:06 - mkk_pika - database.py:215 - INFO - 第一次下载该漫画，记录数据库中
2026-09-17 01:20:06 - mkk_pika - main.py:83 - INFO - 找到 26 张图片在:第1集
2026-09-17 01:20:07 - mkk_pika - main.py:28 - ERROR - Attempt 1 error for https://storage1.picacomic.com/static/3f41e8a4-c3a3-4b20-8d9f-ba44a8cdb20a.jpg: ('Connection broken: IncompleteRead(366473 bytes read, 19879 more expected)', IncompleteRead(366473 bytes read, 19879 more expected))
2026-09-17 01:20:07 - mkk_pika - main.py:28 - ERROR - Attempt 1 error for https://storage1.picacomic.com/static/fcd1581a-3eaa-4ecf-8b44-a6c182154705.jpg: ('Connection broken: IncompleteRead(70981 bytes read, 303380 more expected)', IncompleteRead(70981 bytes read, 303380 more expected))
2026-09-17 01:20:07 - mkk_pika - main.py:112 - INFO - [episode:第1集       ] downloaded:    26, total:  26, progress:100%
2026-09-17 01:20:07 - mkk_pika - database.py:238 - INFO - 数据库更新已下载章节
2026-09-17 01:20:07 - mkk_pika - database.py:244 - INFO - 该漫画已下载章节如下
2026-09-17 01:20:07 - mkk_pika - database.py:245 - INFO - ['第1集']
2026-09-17 01:20:09 - mkk_pika - main.py:83 - INFO - 找到 27 张图片在:汉化
2026-09-17 01:20:11 - mkk_pika - main.py:112 - INFO - [episode:汉化        ] downloaded:    27, total:  27, progress:100%
2026-09-17 01:20:11 - mkk_pika - database.py:238 - INFO - 数据库更新已下载章节
2026-09-17 01:20:11 - mkk_pika - database.py:244 - INFO - 该漫画已下载章节如下
2026-09-17 01:20:11 - mkk_pika - database.py:245 - INFO - ['第1集', '汉化']
2026-09-17 01:20:12 - mkk_pika - main.py:348 - INFO - ==================== 漫画信息 ====================
                                   漫画ID：5c79eb421dfd97789549f87b
                                   标题：(C95) 我が炎で溺れ死になさい争 (Fate Grand Order)
                                   作者：薬缶本舗 (いのうえとみい)
                                   是否完结：是
                                   总页数：53
                                   分类：短篇,同人,純愛,Fate
                                   章节数：2
                                   最后更新时间：2019-05-07T08:50:19.682Z
                                   =================================================
2026-09-17 01:20:12 - mkk_pika - database.py:101 - INFO - 保存成功：(C95) 我が炎で溺れ死になさい争 (Fate Grand Order)
2026-09-17 01:20:12 - mkk_pika - main.py:35 - INFO - 开始检查(COMIC1☆15)  Carnal Chaldea 2 (Fate/Grand Order)是否存在未下载章节
2026-09-17 01:20:13 - mkk_pika - main.py:45 - INFO - 正在下载:[(COMIC1☆15)  Carnal Chaldea 2 (Fate/Grand Order)]-[Kuro Queen (ミサカ12003)]-[['短篇', '全彩', '同人', '純愛', 'Fate']]-[total_pages:37]
2026-09-17 01:20:13 - mkk_pika - main.py:49 - INFO - [{'_id': '5cd12f04b51e9b7bf7eeb395', 'title': '第1集', 'order': 1, 'updated_at': '2019-05-06T12:37:09.438Z', 'id': '5cd12f04b51e9b7bf7eeb395'}, {'_id': '5cd2544496f20345d00e64ad', 'title': '汉化', 'order': 2, 'updated_at': '2019-05-07T09:16:22.210Z', 'id': '5cd2544496f20345d00e64ad'}]
2026-09-17 01:20:13 - mkk_pika - database.py:215 - INFO - 第一次下载该漫画，记录数据库中
2026-09-17 01:20:13 - mkk_pika - main.py:83 - INFO - 找到 18 张图片在:第1集
2026-09-17 01:20:14 - mkk_pika - main.py:112 - INFO - [episode:第1集       ] downloaded:    18, total:  18, progress:100%
2026-09-17 01:20:14 - mkk_pika - database.py:238 - INFO - 数据库更新已下载章节
2026-09-17 01:20:14 - mkk_pika - database.py:244 - INFO - 该漫画已下载章节如下
2026-09-17 01:20:14 - mkk_pika - database.py:245 - INFO - ['第1集']
2026-09-17 01:20:16 - mkk_pika - main.py:83 - INFO - 找到 19 张图片在:汉化
2026-09-17 01:20:17 - mkk_pika - main.py:112 - INFO - [episode:汉化        ] downloaded:    19, total:  19, progress:100%
2026-09-17 01:20:17 - mkk_pika - database.py:238 - INFO - 数据库更新已下载章节
2026-09-17 01:20:17 - mkk_pika - database.py:244 - INFO - 该漫画已下载章节如下
2026-09-17 01:20:17 - mkk_pika - database.py:245 - INFO - ['第1集', '汉化']
2026-09-17 01:20:18 - mkk_pika - main.py:348 - INFO - ==================== 漫画信息 ====================
                                   漫画ID：5cd12f04b51e9b7bf7eeb394
                                   标题：(COMIC1☆15)  Carnal Chaldea 2 (Fate/Grand Order)
                                   作者：Kuro Queen (ミサカ12003)
                                   是否完结：是
                                   总页数：37
                                   分类：短篇,全彩,同人,純愛,Fate
                                   章节数：2
                                   最后更新时间：2019-05-08T04:00:04.671Z
                                   =================================================
2026-09-17 01:20:18 - mkk_pika - database.py:101 - INFO - 保存成功：(COMIC1☆15)  Carnal Chaldea 2 (Fate/Grand Order)
2026-09-17 01:20:18 - mkk_pika - main.py:35 - INFO - 开始检查(COMIC1☆15) 男を立てる癒しのメイド様♥是否存在未下载章节
2026-09-17 01:20:19 - mkk_pika - main.py:45 - INFO - 正在下载:[(COMIC1☆15) 男を立てる癒しのメイド様♥]-[mocha 2popcorn (きびぃもか)]-[['短篇', '純愛']]-[total_pages:20]
2026-09-17 01:20:19 - mkk_pika - main.py:49 - INFO - [{'_id': '5cd25456c461520a03ba5a3d', 'title': '第1集', 'order': 1, 'updated_at': '2019-05-07T09:17:14.131Z', 'id': '5cd25456c461520a03ba5a3d'}]
2026-09-17 01:20:19 - mkk_pika - database.py:215 - INFO - 第一次下载该漫画，记录数据库中
2026-09-17 01:20:19 - mkk_pika - main.py:83 - INFO - 找到 20 张图片在:第1集
2026-09-17 01:20:20 - mkk_pika - main.py:112 - INFO - [episode:第1集       ] downloaded:    20, total:  20, progress:100%
2026-09-17 01:20:20 - mkk_pika - database.py:238 - INFO - 数据库更新已下载章节
2026-09-17 01:20:20 - mkk_pika - database.py:244 - INFO - 该漫画已下载章节如下
2026-09-17 01:20:20 - mkk_pika - database.py:245 - INFO - ['第1集']
2026-09-17 01:20:21 - mkk_pika - main.py:348 - INFO - ==================== 漫画信息 ====================
                                   漫画ID：5cd25456c461520a03ba5a3c
                                   标题：(COMIC1☆15) 男を立てる癒しのメイド様♥
                                   作者：mocha 2popcorn (きびぃもか)
                                   是否完结：否
                                   总页数：20
                                   分类：短篇,純愛
                                   章节数：1
                                   最后更新时间：2019-05-08T04:00:22.706Z
                                   =================================================
2026-09-17 01:20:21 - mkk_pika - database.py:101 - INFO - 保存成功：(COMIC1☆15) 男を立てる癒しのメイド様♥
2026-09-17 01:20:21 - mkk_pika - main.py:35 - INFO - 开始检查サービスタイムLOVER 特別服務時間的LOVER是否存在未下载章节
2026-09-17 01:20:22 - mkk_pika - main.py:45 - INFO - 正在下载:[サービスタイムLOVER 特別服務時間的LOVER]-[養酒オヘペ]-[['長篇', '純愛', '單行本', '姐姐系', '妹妹系']]-[total_pages:194]
2026-09-17 01:20:22 - mkk_pika - main.py:49 - INFO - [{'_id': '5cd2545dc461520a03ba5a53', 'title': '性感學姐的單行本', 'order': 1, 'updated_at': '2019-05-02T11:56:00.571Z', 'id': '5cd2545dc461520a03ba5a53'}]
2026-09-17 01:20:22 - mkk_pika - database.py:215 - INFO - 第一次下载该漫画，记录数据库中
2026-09-17 01:20:24 - mkk_pika - main.py:83 - INFO - 找到 194 张图片在:性感學姐的單行本
2026-09-17 01:20:32 - mkk_pika - main.py:112 - INFO - [episode:性感學姐的單行本  ] downloaded:   194, total: 194, progress:100%
2026-09-17 01:20:32 - mkk_pika - database.py:238 - INFO - 数据库更新已下载章节
2026-09-17 01:20:32 - mkk_pika - database.py:244 - INFO - 该漫画已下载章节如下
2026-09-17 01:20:32 - mkk_pika - database.py:245 - INFO - ['性感學姐的單行本']
2026-09-17 01:20:33 - mkk_pika - main.py:348 - INFO - ==================== 漫画信息 ====================
                                   漫画ID：5cd2545dc461520a03ba5a52
                                   标题：サービスタイムLOVER 特別服務時間的LOVER
                                   作者：養酒オヘペ
                                   是否完结：是
                                   总页数：194
                                   分类：長篇,純愛,單行本,姐姐系,妹妹系
                                   章节数：1
                                   最后更新时间：2019-05-08T04:00:29.293Z
                                   =================================================
2026-09-17 01:20:33 - mkk_pika - database.py:101 - INFO - 保存成功：サービスタイムLOVER 特別服務時間的LOVER
2026-09-17 01:20:33 - mkk_pika - main.py:35 - INFO - 开始检查どきどき♡保健室 (COMIC ペンギンセレブ 2011年12月号) [中国翻訳] [DL版]是否存在未下载章节
2026-09-17 01:20:33 - mkk_pika - main.py:45 - INFO - 正在下载:[どきどき♡保健室 (COMIC ペンギンセレブ 2011年12月号) [中国翻訳] [DL版]]-[瑛一朗]-[['短篇']]-[total_pages:18]
2026-09-17 01:20:33 - mkk_pika - main.py:49 - INFO - [{'_id': '5cd25468e12b6d45ca4779b9', 'title': '第1集', 'order': 1, 'updated_at': '2019-05-07T09:19:49.625Z', 'id': '5cd25468e12b6d45ca4779b9'}]
2026-09-17 01:20:33 - mkk_pika - database.py:215 - INFO - 第一次下载该漫画，记录数据库中
2026-09-17 01:20:34 - mkk_pika - main.py:83 - INFO - 找到 18 张图片在:第1集
2026-09-17 01:20:35 - mkk_pika - main.py:112 - INFO - [episode:第1集       ] downloaded:    18, total:  18, progress:100%
2026-09-17 01:20:35 - mkk_pika - database.py:238 - INFO - 数据库更新已下载章节
2026-09-17 01:20:35 - mkk_pika - database.py:244 - INFO - 该漫画已下载章节如下
2026-09-17 01:20:35 - mkk_pika - database.py:245 - INFO - ['第1集']
2026-09-17 01:20:36 - mkk_pika - main.py:348 - INFO - ==================== 漫画信息 ====================
                                   漫画ID：5cd25468e12b6d45ca4779b8
                                   标题：どきどき♡保健室 (COMIC ペンギンセレブ 2011年12月号) [中国翻訳] [DL版]
                                   作者：瑛一朗
                                   是否完结：是
                                   总页数：18
                                   分类：短篇
                                   章节数：1
                                   最后更新时间：2019-05-08T04:00:40.084Z
                                   =================================================
2026-09-17 01:20:36 - mkk_pika - database.py:101 - INFO - 保存成功：どきどき♡保健室 (COMIC ペンギンセレブ 2011年12月号) [中国翻訳] [DL版]
2026-09-17 01:20:36 - mkk_pika - main.py:35 - INFO - 开始检查キズモノオトメ (コミック エグゼ 02)是否存在未下载章节
2026-09-17 01:20:37 - mkk_pika - main.py:45 - INFO - 正在下载:[キズモノオトメ (コミック エグゼ 02)]-[りょう]-[['短篇', 'NTR']]-[total_pages:24]
2026-09-17 01:20:37 - mkk_pika - main.py:49 - INFO - [{'_id': '5cd2fda26962d05e04ab927e', 'title': '第1集（画质调整）', 'order': 1, 'updated_at': '2019-05-08T05:27:09.040Z', 'id': '5cd2fda26962d05e04ab927e'}]
2026-09-17 01:20:37 - mkk_pika - database.py:215 - INFO - 第一次下载该漫画，记录数据库中
2026-09-17 01:20:37 - mkk_pika - main.py:83 - INFO - 找到 24 张图片在:第1集（画质调整）
2026-09-17 01:20:39 - mkk_pika - main.py:112 - INFO - [episode:第1集（画质调整） ] downloaded:    24, total:  24, progress:100%
2026-09-17 01:20:39 - mkk_pika - database.py:238 - INFO - 数据库更新已下载章节
2026-09-17 01:20:39 - mkk_pika - database.py:244 - INFO - 该漫画已下载章节如下
2026-09-17 01:20:39 - mkk_pika - database.py:245 - INFO - ['第1集（画质调整）']
2026-09-17 01:20:40 - mkk_pika - main.py:348 - INFO - ==================== 漫画信息 ====================
                                   漫画ID：5cd254d91625de753dc9e167
                                   标题：キズモノオトメ (コミック エグゼ 02)
                                   作者：りょう
                                   是否完结：是
                                   总页数：24
                                   分类：短篇,NTR
                                   章节数：1
                                   最后更新时间：2019-05-08T04:02:33.612Z
                                   =================================================
2026-09-17 01:20:40 - mkk_pika - database.py:101 - INFO - 保存成功：キズモノオトメ (コミック エグゼ 02)
2026-09-17 01:20:40 - mkk_pika - main.py:35 - INFO - 开始检查(C88) 気の強い叢雲チャンは足裏とアナルが弱い!改 (艦隊これくしょん -艦これ-) [中国翻訳]是否存在未下载章节
2026-09-17 01:20:40 - mkk_pika - main.py:45 - INFO - 正在下载:[(C88) 気の強い叢雲チャンは足裏とアナルが弱い!改 (艦隊これくしょん -艦これ-) [中国翻訳]]-[Mebiusの環 (にゅくす)]-[['短篇', '同人', '艦隊收藏', '足の恋']]-[total_pages:22]
2026-09-17 01:20:40 - mkk_pika - main.py:49 - INFO - [{'_id': '5cd254f2264c553e85cebcaa', 'title': '第1集', 'order': 1, 'updated_at': '2019-05-07T10:06:18.006Z', 'id': '5cd254f2264c553e85cebcaa'}]
2026-09-17 01:20:40 - mkk_pika - database.py:215 - INFO - 第一次下载该漫画，记录数据库中
2026-09-17 01:20:41 - mkk_pika - main.py:83 - INFO - 找到 22 张图片在:第1集
2026-09-17 01:20:42 - mkk_pika - main.py:112 - INFO - [episode:第1集       ] downloaded:    22, total:  22, progress:100%
2026-09-17 01:20:42 - mkk_pika - database.py:238 - INFO - 数据库更新已下载章节
2026-09-17 01:20:42 - mkk_pika - database.py:244 - INFO - 该漫画已下载章节如下
2026-09-17 01:20:42 - mkk_pika - database.py:245 - INFO - ['第1集']
2026-09-17 01:20:44 - mkk_pika - main.py:348 - INFO - ==================== 漫画信息 ====================
                                   漫画ID：5cd254f2264c553e85cebca9
                                   标题：(C88) 気の強い叢雲チャンは足裏とアナルが弱い!改 (艦隊これくしょん -艦これ-) [中国翻訳]
                                   作者：Mebiusの環 (にゅくす)
                                   是否完结：是
                                   总页数：22
                                   分类：短篇,同人,艦隊收藏,足の恋
                                   章节数：1
                                   最后更新时间：2019-05-08T04:02:58.162Z
                                   =================================================
2026-09-17 01:20:44 - mkk_pika - database.py:101 - INFO - 保存成功：(C88) 気の強い叢雲チャンは足裏とアナルが弱い!改 (艦隊これくしょん -艦これ-) [中国翻訳]
2026-09-17 01:20:44 - mkk_pika - main.py:35 - INFO - 开始检查蜜と欲是否存在未下载章节
2026-09-17 01:20:44 - mkk_pika - main.py:45 - INFO - 正在下载:[蜜と欲]-[三顕人]-[['長篇', '單行本', '人妻']]-[total_pages:177]
2026-09-17 01:20:44 - mkk_pika - main.py:49 - INFO - [{'_id': '5cd255de85118e09d51e92de', 'title': '第1集', 'order': 1, 'updated_at': '2019-05-07T10:31:24.889Z', 'id': '5cd255de85118e09d51e92de'}]
2026-09-17 01:20:44 - mkk_pika - database.py:215 - INFO - 第一次下载该漫画，记录数据库中
2026-09-17 01:20:46 - mkk_pika - main.py:83 - INFO - 找到 177 张图片在:第1集
2026-09-17 01:20:54 - mkk_pika - main.py:112 - INFO - [episode:第1集       ] downloaded:   177, total: 177, progress:100%
2026-09-17 01:20:54 - mkk_pika - database.py:238 - INFO - 数据库更新已下载章节
2026-09-17 01:20:54 - mkk_pika - database.py:244 - INFO - 该漫画已下载章节如下
2026-09-17 01:20:54 - mkk_pika - database.py:245 - INFO - ['第1集']
2026-09-17 01:20:55 - mkk_pika - main.py:348 - INFO - ==================== 漫画信息 ====================
                                   漫画ID：5cd255de85118e09d51e92dd
                                   标题：蜜と欲
                                   作者：三顕人
                                   是否完结：是
                                   总页数：177
                                   分类：長篇,單行本,人妻
                                   章节数：1
                                   最后更新时间：2019-05-08T04:06:54.843Z
                                   =================================================
2026-09-17 01:20:55 - mkk_pika - database.py:101 - INFO - 保存成功：蜜と欲
2026-09-17 01:20:55 - mkk_pika - main.py:35 - INFO - 开始检查色欲のJK淫魔~犯された友人は放課後に笑う~是否存在未下载章节
2026-09-17 01:20:56 - mkk_pika - main.py:45 - INFO - 正在下载:[色欲のJK淫魔~犯された友人は放課後に笑う~]-[三顕人]-[['長篇', '單行本', '非人類']]-[total_pages:199]
2026-09-17 01:20:56 - mkk_pika - main.py:49 - INFO - [{'_id': '5cd2561485118e09d51e9391', 'title': '第1集', 'order': 1, 'updated_at': '2019-05-07T11:33:44.270Z', 'id': '5cd2561485118e09d51e9391'}]
2026-09-17 01:20:56 - mkk_pika - database.py:215 - INFO - 第一次下载该漫画，记录数据库中
2026-09-17 01:20:58 - mkk_pika - main.py:83 - INFO - 找到 199 张图片在:第1集
2026-09-17 01:21:08 - mkk_pika - main.py:112 - INFO - [episode:第1集       ] downloaded:   199, total: 199, progress:100%
2026-09-17 01:21:08 - mkk_pika - database.py:238 - INFO - 数据库更新已下载章节
2026-09-17 01:21:08 - mkk_pika - database.py:244 - INFO - 该漫画已下载章节如下
2026-09-17 01:21:08 - mkk_pika - database.py:245 - INFO - ['第1集']
2026-09-17 01:21:09 - mkk_pika - main.py:348 - INFO - ==================== 漫画信息 ====================
                                   漫画ID：5cd2561485118e09d51e9390
                                   标题：色欲のJK淫魔~犯された友人は放課後に笑う~
                                   作者：三顕人
                                   是否完结：是
                                   总页数：199
                                   分类：長篇,單行本,非人類
                                   章节数：1
                                   最后更新时间：2019-05-08T04:07:48.283Z
                                   =================================================
2026-09-17 01:21:09 - mkk_pika - database.py:101 - INFO - 保存成功：色欲のJK淫魔~犯された友人は放課後に笑う~
2026-09-17 01:21:09 - mkk_pika - main.py:35 - INFO - 开始检查(C93) リリカルママさん PARADISE! (魔法少女リリカルなのは)是否存在未下载章节
2026-09-17 01:21:10 - mkk_pika - main.py:45 - INFO - 正在下载:[(C93) リリカルママさん PARADISE! (魔法少女リリカルなのは)]-[ETERNAL WORLD (zero)]-[['同人', '短篇']]-[total_pages:17]
2026-09-17 01:21:10 - mkk_pika - main.py:49 - INFO - [{'_id': '5cd256675b6ff63ec4b8e7b2', 'title': '第1集', 'order': 1, 'updated_at': '2019-05-07T12:06:51.607Z', 'id': '5cd256675b6ff63ec4b8e7b2'}]
2026-09-17 01:21:10 - mkk_pika - database.py:215 - INFO - 第一次下载该漫画，记录数据库中
2026-09-17 01:21:10 - mkk_pika - main.py:83 - INFO - 找到 17 张图片在:第1集
2026-09-17 01:21:11 - mkk_pika - main.py:112 - INFO - [episode:第1集       ] downloaded:    17, total:  17, progress:100%
2026-09-17 01:21:11 - mkk_pika - database.py:238 - INFO - 数据库更新已下载章节
2026-09-17 01:21:11 - mkk_pika - database.py:244 - INFO - 该漫画已下载章节如下
2026-09-17 01:21:11 - mkk_pika - database.py:245 - INFO - ['第1集']
2026-09-17 01:21:13 - mkk_pika - main.py:348 - INFO - ==================== 漫画信息 ====================
                                   漫画ID：5cd256675b6ff63ec4b8e7b1
                                   标题：(C93) リリカルママさん PARADISE! (魔法少女リリカルなのは)
                                   作者：ETERNAL WORLD (zero)
                                   是否完结：是
                                   总页数：17
                                   分类：同人,短篇
                                   章节数：1
                                   最后更新时间：2019-05-08T04:09:11.877Z
                                   =================================================
2026-09-17 01:21:13 - mkk_pika - database.py:101 - INFO - 保存成功：(C93) リリカルママさん PARADISE! (魔法少女リリカルなのは)
2026-09-17 01:21:13 - mkk_pika - main.py:35 - INFO - 开始检查(C80) 堕天スルマデ犯サレ続ケル女神サマノ物語 (ああっ女神さまっ) [中国翻訳]是否存在未下载章节
2026-09-17 01:21:13 - mkk_pika - main.py:45 - INFO - 正在下载:[(C80) 堕天スルマデ犯サレ続ケル女神サマノ物語 (ああっ女神さまっ) [中国翻訳]]-[スタジオ・ワラビー (はるほんや)]-[['短篇', '同人', '後宮閃光']]-[total_pages:35]
2026-09-17 01:21:13 - mkk_pika - main.py:49 - INFO - [{'_id': '5cd256ec1625de753dc9e1fe', 'title': '第1集', 'order': 1, 'updated_at': '2019-05-07T12:28:04.096Z', 'id': '5cd256ec1625de753dc9e1fe'}]
2026-09-17 01:21:13 - mkk_pika - database.py:215 - INFO - 第一次下载该漫画，记录数据库中
2026-09-17 01:21:13 - mkk_pika - main.py:83 - INFO - 找到 35 张图片在:第1集
2026-09-17 01:21:15 - mkk_pika - main.py:112 - INFO - [episode:第1集       ] downloaded:    35, total:  35, progress:100%
2026-09-17 01:21:15 - mkk_pika - database.py:238 - INFO - 数据库更新已下载章节
2026-09-17 01:21:15 - mkk_pika - database.py:244 - INFO - 该漫画已下载章节如下
2026-09-17 01:21:15 - mkk_pika - database.py:245 - INFO - ['第1集']
2026-09-17 01:21:17 - mkk_pika - main.py:348 - INFO - ==================== 漫画信息 ====================
                                   漫画ID：5cd256ec1625de753dc9e1fd
                                   标题：(C80) 堕天スルマデ犯サレ続ケル女神サマノ物語 (ああっ女神さまっ) [中国翻訳]
                                   作者：スタジオ・ワラビー (はるほんや)
                                   是否完结：是
                                   总页数：35
                                   分类：短篇,同人,後宮閃光
                                   章节数：1
                                   最后更新时间：2019-05-08T04:11:24.810Z
                                   =================================================
2026-09-17 01:21:17 - mkk_pika - database.py:101 - INFO - 保存成功：(C80) 堕天スルマデ犯サレ続ケル女神サマノ物語 (ああっ女神さまっ) [中国翻訳]
2026-09-17 01:21:17 - mkk_pika - main.py:35 - INFO - 开始检查(C93) SSWX (Fate⁄Grand Order) [DL版]是否存在未下载章节
2026-09-17 01:21:17 - mkk_pika - main.py:45 - INFO - 正在下载:[(C93) SSWX (Fate⁄Grand Order) [DL版]]-[黒白デザイア (秋月からす)]-[['短篇', '同人', '純愛', '後宮閃光', 'Fate']]-[total_pages:7]
2026-09-17 01:21:17 - mkk_pika - main.py:49 - INFO - [{'_id': '5cd2fe337ee76826eda37cca', 'title': '第1集（重传）', 'order': 1, 'updated_at': '2019-05-08T07:16:43.316Z', 'id': '5cd2fe337ee76826eda37cca'}]
2026-09-17 01:21:17 - mkk_pika - database.py:215 - INFO - 第一次下载该漫画，记录数据库中
2026-09-17 01:21:18 - mkk_pika - main.py:83 - INFO - 找到 27 张图片在:第1集（重传）
2026-09-17 01:21:20 - mkk_pika - main.py:112 - INFO - [episode:第1集（重传）   ] downloaded:    27, total:  27, progress:100%
2026-09-17 01:21:20 - mkk_pika - database.py:238 - INFO - 数据库更新已下载章节
2026-09-17 01:21:20 - mkk_pika - database.py:244 - INFO - 该漫画已下载章节如下
2026-09-17 01:21:20 - mkk_pika - database.py:245 - INFO - ['第1集（重传）']
2026-09-17 01:21:21 - mkk_pika - main.py:348 - INFO - ==================== 漫画信息 ====================
                                   漫画ID：5cd25787bfc3f43eb7d22439
                                   标题：(C93) SSWX (Fate⁄Grand Order) [DL版]
                                   作者：黒白デザイア (秋月からす)
                                   是否完结：是
                                   总页数：7
                                   分类：短篇,同人,純愛,後宮閃光,Fate
                                   章节数：1
                                   最后更新时间：2019-05-08T04:13:59.853Z
                                   =================================================
2026-09-17 01:21:21 - mkk_pika - database.py:101 - INFO - 保存成功：(C93) SSWX (Fate⁄Grand Order) [DL版]
2026-09-17 01:21:21 - mkk_pika - main.py:35 - INFO - 开始检查とろいめらい 4th STAGE (コミック エグゼ 06) [中国翻訳] [DL版]是否存在未下载章节
2026-09-17 01:21:21 - mkk_pika - main.py:45 - INFO - 正在下载:[とろいめらい 4th STAGE (コミック エグゼ 06) [中国翻訳] [DL版]]-[ヤスイリオスケ]-[['短篇', '後宮閃光']]-[total_pages:26]
2026-09-17 01:21:21 - mkk_pika - main.py:49 - INFO - [{'_id': '5cd2579aa27dbf7507de409c', 'title': '第1集', 'order': 1, 'updated_at': '2019-05-07T14:06:56.307Z', 'id': '5cd2579aa27dbf7507de409c'}, {'_id': '5cd2579aa27dbf7507de409d', 'title': '附赠', 'order': 2, 'updated_at': '2019-05-07T14:07:38.929Z', 'id': '5cd2579aa27dbf7507de409d'}]
2026-09-17 01:21:21 - mkk_pika - database.py:215 - INFO - 第一次下载该漫画，记录数据库中
2026-09-17 01:21:22 - mkk_pika - main.py:83 - INFO - 找到 24 张图片在:第1集
2026-09-17 01:21:23 - mkk_pika - main.py:112 - INFO - [episode:第1集       ] downloaded:    24, total:  24, progress:100%
2026-09-17 01:21:23 - mkk_pika - database.py:238 - INFO - 数据库更新已下载章节
2026-09-17 01:21:23 - mkk_pika - database.py:244 - INFO - 该漫画已下载章节如下
2026-09-17 01:21:23 - mkk_pika - database.py:245 - INFO - ['第1集']
2026-09-17 01:21:25 - mkk_pika - main.py:83 - INFO - 找到 2 张图片在:附赠
2026-09-17 01:21:25 - mkk_pika - main.py:112 - INFO - [episode:附赠        ] downloaded:     2, total:   2, progress:100%
2026-09-17 01:21:25 - mkk_pika - database.py:238 - INFO - 数据库更新已下载章节
2026-09-17 01:21:25 - mkk_pika - database.py:244 - INFO - 该漫画已下载章节如下
2026-09-17 01:21:25 - mkk_pika - database.py:245 - INFO - ['第1集', '附赠']
2026-09-17 01:21:27 - mkk_pika - main.py:348 - INFO - ==================== 漫画信息 ====================
                                   漫画ID：5cd2579aa27dbf7507de409b
                                   标题：とろいめらい 4th STAGE (コミック エグゼ 06) [中国翻訳] [DL版]
                                   作者：ヤスイリオスケ
                                   是否完结：是
                                   总页数：26
                                   分类：短篇,後宮閃光
                                   章节数：2
                                   最后更新时间：2019-05-08T04:14:18.183Z
                                   =================================================
2026-09-17 01:21:27 - mkk_pika - database.py:101 - INFO - 保存成功：とろいめらい 4th STAGE (コミック エグゼ 06) [中国翻訳] [DL版]
2026-09-17 01:21:27 - mkk_pika - main.py:35 - INFO - 开始检查催眠之書是否存在未下载章节
2026-09-17 01:21:27 - mkk_pika - main.py:45 - INFO - 正在下载:[催眠之書]-[ぜのさいど (是乃)]-[['同人', '短篇', '東方']]-[total_pages:23]
2026-09-17 01:21:27 - mkk_pika - main.py:49 - INFO - [{'_id': '5cd257aae94cdc09dba67615', 'title': '第1集', 'order': 1, 'updated_at': '2019-05-07T14:09:28.576Z', 'id': '5cd257aae94cdc09dba67615'}]
2026-09-17 01:21:27 - mkk_pika - database.py:215 - INFO - 第一次下载该漫画，记录数据库中
2026-09-17 01:21:28 - mkk_pika - main.py:83 - INFO - 找到 23 张图片在:第1集
2026-09-17 01:21:29 - mkk_pika - main.py:112 - INFO - [episode:第1集       ] downloaded:    23, total:  23, progress:100%
2026-09-17 01:21:29 - mkk_pika - database.py:238 - INFO - 数据库更新已下载章节
2026-09-17 01:21:29 - mkk_pika - database.py:244 - INFO - 该漫画已下载章节如下
2026-09-17 01:21:29 - mkk_pika - database.py:245 - INFO - ['第1集']
2026-09-17 01:21:30 - mkk_pika - main.py:348 - INFO - ==================== 漫画信息 ====================
                                   漫画ID：5cd257aae94cdc09dba67614
                                   标题：催眠之書
                                   作者：ぜのさいど (是乃)
                                   是否完结：否
                                   总页数：23
                                   分类：同人,短篇,東方
                                   章节数：1
                                   最后更新时间：2019-05-08T04:14:34.788Z
                                   =================================================
2026-09-17 01:21:30 - mkk_pika - database.py:101 - INFO - 保存成功：催眠之書
2026-09-17 01:21:30 - mkk_pika - main.py:35 - INFO - 开始检查(C95)  西住殿に生えてしまっても愛しております! (ガールズ&パンツァー) [中国翻訳]是否存在未下载章节
2026-09-17 01:21:31 - mkk_pika - main.py:45 - INFO - 正在下载:[(C95)  西住殿に生えてしまっても愛しております! (ガールズ&パンツァー) [中国翻訳]]-[その他大勢 (ゆかたろ)]-[['短篇', '同人', '扶他樂園', '純愛']]-[total_pages:27]
2026-09-17 01:21:31 - mkk_pika - main.py:49 - INFO - [{'_id': '5cd257be6c9d0a460902971d', 'title': '第1集', 'order': 1, 'updated_at': '2019-05-07T14:14:51.202Z', 'id': '5cd257be6c9d0a460902971d'}]
2026-09-17 01:21:31 - mkk_pika - database.py:215 - INFO - 第一次下载该漫画，记录数据库中
2026-09-17 01:21:31 - mkk_pika - main.py:83 - INFO - 找到 27 张图片在:第1集
2026-09-17 01:21:33 - mkk_pika - main.py:112 - INFO - [episode:第1集       ] downloaded:    27, total:  27, progress:100%
2026-09-17 01:21:33 - mkk_pika - database.py:238 - INFO - 数据库更新已下载章节
2026-09-17 01:21:33 - mkk_pika - database.py:244 - INFO - 该漫画已下载章节如下
2026-09-17 01:21:33 - mkk_pika - database.py:245 - INFO - ['第1集']
2026-09-17 01:21:34 - mkk_pika - main.py:348 - INFO - ==================== 漫画信息 ====================
                                   漫画ID：5cd257be6c9d0a460902971c
                                   标题：(C95)  西住殿に生えてしまっても愛しております! (ガールズ&パンツァー) [中国翻訳]
                                   作者：その他大勢 (ゆかたろ)
                                   是否完结：否
                                   总页数：27
                                   分类：短篇,同人,扶他樂園,純愛
                                   章节数：1
                                   最后更新时间：2019-05-08T04:14:54.287Z
                                   =================================================
2026-09-17 01:21:34 - mkk_pika - database.py:101 - INFO - 保存成功：(C95)  西住殿に生えてしまっても愛しております! (ガールズ&パンツァー) [中国翻訳]
2026-09-17 01:21:34 - mkk_pika - main.py:35 - INFO - 开始检查ビッチお義姉ちゃんの日常 [中国翻訳] [DL版]是否存在未下载章节
2026-09-17 01:21:35 - mkk_pika - main.py:45 - INFO - 正在下载:[ビッチお義姉ちゃんの日常 [中国翻訳] [DL版]]-[愛国者 (アゴビッチ姉さん)]-[['短篇', '全彩', '姐姐系']]-[total_pages:15]
2026-09-17 01:21:35 - mkk_pika - main.py:49 - INFO - [{'_id': '5cd258144b77b1750f35e5e2', 'title': '第1集', 'order': 1, 'updated_at': '2019-05-07T14:26:24.513Z', 'id': '5cd258144b77b1750f35e5e2'}]
2026-09-17 01:21:35 - mkk_pika - database.py:215 - INFO - 第一次下载该漫画，记录数据库中
2026-09-17 01:21:35 - mkk_pika - main.py:83 - INFO - 找到 15 张图片在:第1集
2026-09-17 01:21:36 - mkk_pika - main.py:112 - INFO - [episode:第1集       ] downloaded:    15, total:  15, progress:100%
2026-09-17 01:21:36 - mkk_pika - database.py:238 - INFO - 数据库更新已下载章节
2026-09-17 01:21:36 - mkk_pika - database.py:244 - INFO - 该漫画已下载章节如下
2026-09-17 01:21:36 - mkk_pika - database.py:245 - INFO - ['第1集']
2026-09-17 01:21:37 - mkk_pika - main.py:348 - INFO - ==================== 漫画信息 ====================
                                   漫画ID：5cd258144b77b1750f35e5e1
                                   标题：ビッチお義姉ちゃんの日常 [中国翻訳] [DL版]
                                   作者：愛国者 (アゴビッチ姉さん)
                                   是否完结：是
                                   总页数：15
                                   分类：短篇,全彩,姐姐系
                                   章节数：1
                                   最后更新时间：2019-05-08T04:16:20.622Z
                                   =================================================
2026-09-17 01:21:37 - mkk_pika - database.py:101 - INFO - 保存成功：ビッチお義姉ちゃんの日常 [中国翻訳] [DL版]
2026-09-17 01:21:37 - mkk_pika - main.py:35 - INFO - 开始检查e是否存在未下载章节
2026-09-17 01:21:38 - mkk_pika - main.py:45 - INFO - 正在下载:[e]-[もんてりあきっと]-[['全彩', '長篇', '強暴', 'SM']]-[total_pages:76]
2026-09-17 01:21:38 - mkk_pika - main.py:49 - INFO - [{'_id': '5cd258235b6ff63ec4b8e7f1', 'title': '第1集', 'order': 1, 'updated_at': '2019-05-07T14:22:18.982Z', 'id': '5cd258235b6ff63ec4b8e7f1'}]
2026-09-17 01:21:38 - mkk_pika - database.py:215 - INFO - 第一次下载该漫画，记录数据库中
2026-09-17 01:21:39 - mkk_pika - main.py:83 - INFO - 找到 76 张图片在:第1集
2026-09-17 01:21:42 - mkk_pika - main.py:112 - INFO - [episode:第1集       ] downloaded:    76, total:  76, progress:100%
2026-09-17 01:21:42 - mkk_pika - database.py:238 - INFO - 数据库更新已下载章节
2026-09-17 01:21:42 - mkk_pika - database.py:244 - INFO - 该漫画已下载章节如下
2026-09-17 01:21:42 - mkk_pika - database.py:245 - INFO - ['第1集']
2026-09-17 01:21:43 - mkk_pika - main.py:348 - INFO - ==================== 漫画信息 ====================
                                   漫画ID：5cd258235b6ff63ec4b8e7f0
                                   标题：e
                                   作者：もんてりあきっと
                                   是否完结：否
                                   总页数：76
                                   分类：全彩,長篇,強暴,SM
                                   章节数：1
                                   最后更新时间：2019-05-08T04:16:35.236Z
                                   =================================================
2026-09-17 01:21:43 - mkk_pika - database.py:101 - INFO - 保存成功：e
2026-09-17 01:21:43 - mkk_pika - main.py:35 - INFO - 开始检查(C94)答えは聞いてない! (Fate/Grand Order) [中国翻訳]是否存在未下载章节
2026-09-17 01:21:44 - mkk_pika - main.py:45 - INFO - 正在下载:[(C94)答えは聞いてない! (Fate/Grand Order) [中国翻訳]]-[ダイコテツ団 (92M)]-[['全彩', '短篇', '同人', 'Fate']]-[total_pages:19]
2026-09-17 01:21:44 - mkk_pika - main.py:49 - INFO - [{'_id': '5cd2584d96f20345d00e64e8', 'title': '第1集', 'order': 1, 'updated_at': '2019-05-07T14:49:27.060Z', 'id': '5cd2584d96f20345d00e64e8'}]
2026-09-17 01:21:44 - mkk_pika - database.py:215 - INFO - 第一次下载该漫画，记录数据库中
2026-09-17 01:21:44 - mkk_pika - main.py:83 - INFO - 找到 19 张图片在:第1集
2026-09-17 01:21:45 - mkk_pika - main.py:112 - INFO - [episode:第1集       ] downloaded:    19, total:  19, progress:100%
2026-09-17 01:21:45 - mkk_pika - database.py:238 - INFO - 数据库更新已下载章节
2026-09-17 01:21:45 - mkk_pika - database.py:244 - INFO - 该漫画已下载章节如下
2026-09-17 01:21:45 - mkk_pika - database.py:245 - INFO - ['第1集']
2026-09-17 01:21:47 - mkk_pika - main.py:348 - INFO - ==================== 漫画信息 ====================
                                   漫画ID：5cd2584d96f20345d00e64e7
                                   标题：(C94)答えは聞いてない! (Fate/Grand Order) [中国翻訳]
                                   作者：ダイコテツ団 (92M)
                                   是否完结：是
                                   总页数：19
                                   分类：全彩,短篇,同人,Fate
                                   章节数：1
                                   最后更新时间：2019-05-08T04:17:17.303Z
                                   =================================================
2026-09-17 01:21:47 - mkk_pika - database.py:101 - INFO - 保存成功：(C94)答えは聞いてない! (Fate/Grand Order) [中国翻訳]
2026-09-17 01:21:47 - mkk_pika - main.py:35 - INFO - 开始检查 正しい娘の愛し方是否存在未下载章节
2026-09-17 01:21:47 - mkk_pika - main.py:45 - INFO - 正在下载:[ 正しい娘の愛し方]-[たいぷはてな]-[['短篇', '單行本']]-[total_pages:16]
2026-09-17 01:21:47 - mkk_pika - main.py:49 - INFO - [{'_id': '5cd2fbfe6962d05e04ab9269', 'title': '第1集', 'order': 1, 'updated_at': '2019-05-07T14:52:47.636Z', 'id': '5cd2fbfe6962d05e04ab9269'}]
2026-09-17 01:21:47 - mkk_pika - database.py:215 - INFO - 第一次下载该漫画，记录数据库中
2026-09-17 01:21:48 - mkk_pika - main.py:83 - INFO - 找到 16 张图片在:第1集
2026-09-17 01:21:49 - mkk_pika - main.py:112 - INFO - [episode:第1集       ] downloaded:    16, total:  16, progress:100%
2026-09-17 01:21:49 - mkk_pika - database.py:238 - INFO - 数据库更新已下载章节
2026-09-17 01:21:49 - mkk_pika - database.py:244 - INFO - 该漫画已下载章节如下
2026-09-17 01:21:49 - mkk_pika - database.py:245 - INFO - ['第1集']
2026-09-17 01:21:50 - mkk_pika - main.py:348 - INFO - ==================== 漫画信息 ====================
                                   漫画ID：5cd2fbfe6962d05e04ab9268
                                   标题： 正しい娘の愛し方
                                   作者：たいぷはてな
                                   是否完结：否
                                   总页数：16
                                   分类：短篇,單行本
                                   章节数：1
                                   最后更新时间：2019-05-08T15:55:42.214Z
                                   =================================================
2026-09-17 01:21:50 - mkk_pika - database.py:101 - INFO - 保存成功： 正しい娘の愛し方
2026-09-17 01:21:50 - mkk_pika - main.py:35 - INFO - 开始检查お嬢さま入れ替わり是否存在未下载章节
2026-09-17 01:21:50 - mkk_pika - main.py:45 - INFO - 正在下载:[お嬢さま入れ替わり]-[ゆにば]-[['同人', '短篇', '妹妹系', '姐姐系', '性轉換', '足の恋']]-[total_pages:82]
2026-09-17 01:21:50 - mkk_pika - main.py:49 - INFO - [{'_id': '5cd2fc0e047dd626c22ee680', 'title': '第1集', 'order': 1, 'updated_at': '2019-05-07T14:13:19.208Z', 'id': '5cd2fc0e047dd626c22ee680'}, {'_id': '5cd2fc0e047dd626c22ee681', 'title': '道殤1-4', 'order': 2, 'updated_at': '2019-05-07T14:16:43.730Z', 'id': '5cd2fc0e047dd626c22ee681'}]
2026-09-17 01:21:50 - mkk_pika - database.py:215 - INFO - 第一次下载该漫画，记录数据库中
2026-09-17 01:21:51 - mkk_pika - main.py:83 - INFO - 找到 33 张图片在:第1集
2026-09-17 01:21:53 - mkk_pika - main.py:112 - INFO - [episode:第1集       ] downloaded:    33, total:  33, progress:100%
2026-09-17 01:21:53 - mkk_pika - database.py:238 - INFO - 数据库更新已下载章节
2026-09-17 01:21:53 - mkk_pika - database.py:244 - INFO - 该漫画已下载章节如下
2026-09-17 01:21:53 - mkk_pika - database.py:245 - INFO - ['第1集']
2026-09-17 01:21:55 - mkk_pika - main.py:83 - INFO - 找到 49 张图片在:道殤1－4
2026-09-17 01:21:57 - mkk_pika - main.py:112 - INFO - [episode:道殤1-4     ] downloaded:    49, total:  49, progress:100%
2026-09-17 01:21:57 - mkk_pika - database.py:238 - INFO - 数据库更新已下载章节
2026-09-17 01:21:57 - mkk_pika - database.py:244 - INFO - 该漫画已下载章节如下
2026-09-17 01:21:57 - mkk_pika - database.py:245 - INFO - ['第1集', '道殤1-4']
2026-09-17 01:21:58 - mkk_pika - main.py:348 - INFO - ==================== 漫画信息 ====================
                                   漫画ID：5cd2fc0d047dd626c22ee67f
                                   标题：お嬢さま入れ替わり
                                   作者：ゆにば
                                   是否完结：是
                                   总页数：82
                                   分类：同人,短篇,妹妹系,姐姐系,性轉換,足の恋
                                   章节数：2
                                   最后更新时间：2019-05-08T15:55:57.996Z
                                   =================================================
2026-09-17 01:21:58 - mkk_pika - database.py:101 - INFO - 保存成功：お嬢さま入れ替わり
2026-09-17 01:21:58 - mkk_pika - main.py:35 - INFO - 开始检查 俺と彼女のおならな初H | 是否存在未下载章节
2026-09-17 01:21:58 - mkk_pika - main.py:45 - INFO - 正在下载:[ 俺と彼女のおならな初H | ]-[神ぃぃぃぃぃ]-[['全彩', '短篇', '純愛']]-[total_pages:87]
2026-09-17 01:21:58 - mkk_pika - main.py:49 - INFO - [{'_id': '5cd2fc2adcb7e11eb69f7f3c', 'title': '無陰毛', 'order': 1, 'updated_at': '2019-05-07T14:58:45.276Z', 'id': '5cd2fc2adcb7e11eb69f7f3c'}, {'_id': '5cd2fc2adcb7e11eb69f7f3d', 'title': '有陰毛', 'order': 2, 'updated_at': '2019-05-07T15:02:32.456Z', 'id': '5cd2fc2adcb7e11eb69f7f3d'}]
2026-09-17 01:21:58 - mkk_pika - database.py:215 - INFO - 第一次下载该漫画，记录数据库中
2026-09-17 01:21:59 - mkk_pika - main.py:83 - INFO - 找到 45 张图片在:無陰毛
2026-09-17 01:22:01 - mkk_pika - main.py:112 - INFO - [episode:無陰毛       ] downloaded:    45, total:  45, progress:100%
2026-09-17 01:22:01 - mkk_pika - database.py:238 - INFO - 数据库更新已下载章节
2026-09-17 01:22:01 - mkk_pika - database.py:244 - INFO - 该漫画已下载章节如下
2026-09-17 01:22:01 - mkk_pika - database.py:245 - INFO - ['無陰毛']
2026-09-17 01:22:03 - mkk_pika - main.py:83 - INFO - 找到 43 张图片在:有陰毛
2026-09-17 01:22:06 - mkk_pika - main.py:112 - INFO - [episode:有陰毛       ] downloaded:    43, total:  43, progress:100%
2026-09-17 01:22:06 - mkk_pika - database.py:238 - INFO - 数据库更新已下载章节
2026-09-17 01:22:06 - mkk_pika - database.py:244 - INFO - 该漫画已下载章节如下
2026-09-17 01:22:06 - mkk_pika - database.py:245 - INFO - ['無陰毛', '有陰毛']
2026-09-17 01:22:07 - mkk_pika - main.py:348 - INFO - ==================== 漫画信息 ====================
                                   漫画ID：5cd2fc2adcb7e11eb69f7f3b
                                   标题： 俺と彼女のおならな初H | 
                                   作者：神ぃぃぃぃぃ
                                   是否完结：是
                                   总页数：87
                                   分类：全彩,短篇,純愛
                                   章节数：2
                                   最后更新时间：2019-05-08T15:56:26.410Z
                                   =================================================
2026-09-17 01:22:07 - mkk_pika - database.py:101 - INFO - 保存成功： 俺と彼女のおならな初H | 
2026-09-17 01:22:07 - mkk_pika - main.py:35 - INFO - 开始检查CL-orz 16 (あの日見た花の名前を僕達はまだ知らない) [中国翻訳] [無修正]（21P）是否存在未下载章节
2026-09-17 01:22:07 - mkk_pika - main.py:45 - INFO - 正在下载:[CL-orz 16 (あの日見た花の名前を僕達はまだ知らない) [中国翻訳] [無修正]（21P）]-[クレスタ (呉マサヒロ)]-[['全彩', '同人', '短篇', '純愛', '足の恋']]-[total_pages:22]
2026-09-17 01:22:07 - mkk_pika - main.py:49 - INFO - [{'_id': '5cd2fc9a663f715dda90ad31', 'title': '第1集', 'order': 1, 'updated_at': '2019-05-07T16:49:11.330Z', 'id': '5cd2fc9a663f715dda90ad31'}]
2026-09-17 01:22:07 - mkk_pika - database.py:215 - INFO - 第一次下载该漫画，记录数据库中
2026-09-17 01:22:08 - mkk_pika - main.py:83 - INFO - 找到 22 张图片在:第1集
2026-09-17 01:22:09 - mkk_pika - main.py:112 - INFO - [episode:第1集       ] downloaded:    22, total:  22, progress:100%
2026-09-17 01:22:09 - mkk_pika - database.py:238 - INFO - 数据库更新已下载章节
2026-09-17 01:22:09 - mkk_pika - database.py:244 - INFO - 该漫画已下载章节如下
2026-09-17 01:22:09 - mkk_pika - database.py:245 - INFO - ['第1集']
2026-09-17 01:22:10 - mkk_pika - main.py:348 - INFO - ==================== 漫画信息 ====================
                                   漫画ID：5cd2fc9a663f715dda90ad30
                                   标题：CL-orz 16 (あの日見た花の名前を僕達はまだ知らない) [中国翻訳] [無修正]（21P）
                                   作者：クレスタ (呉マサヒロ)
                                   是否完结：是
                                   总页数：22
                                   分类：全彩,同人,短篇,純愛,足の恋
                                   章节数：1
                                   最后更新时间：2019-05-08T15:58:18.564Z
                                   =================================================
2026-09-17 01:22:10 - mkk_pika - database.py:101 - INFO - 保存成功：CL-orz 16 (あの日見た花の名前を僕達はまだ知らない) [中国翻訳] [無修正]（21P）
2026-09-17 01:22:10 - mkk_pika - main.py:35 - INFO - 开始检查僕とお姉ちゃんと従姉弟たちの覚えたてっ! 里帰りックス♪ |我和姐姐 還有表姐他們的美好回憶 回老家做愛啦 是否存在未下载章节
2026-09-17 01:22:11 - mkk_pika - main.py:45 - INFO - 正在下载:[僕とお姉ちゃんと従姉弟たちの覚えたてっ! 里帰りックス♪ |我和姐姐 還有表姐他們的美好回憶 回老家做愛啦 ]-[AIM]-[['短篇', '全彩', '姐姐系']]-[total_pages:35]
2026-09-17 01:22:11 - mkk_pika - main.py:49 - INFO - [{'_id': '5cd2fcc317de991ebe738b4c', 'title': '第1集', 'order': 1, 'updated_at': '2019-05-08T01:25:18.305Z', 'id': '5cd2fcc317de991ebe738b4c'}]
2026-09-17 01:22:11 - mkk_pika - database.py:215 - INFO - 第一次下载该漫画，记录数据库中
2026-09-17 01:22:11 - mkk_pika - main.py:83 - INFO - 找到 35 张图片在:第1集
2026-09-17 01:22:13 - mkk_pika - main.py:112 - INFO - [episode:第1集       ] downloaded:    35, total:  35, progress:100%
2026-09-17 01:22:13 - mkk_pika - database.py:238 - INFO - 数据库更新已下载章节
2026-09-17 01:22:13 - mkk_pika - database.py:244 - INFO - 该漫画已下载章节如下
2026-09-17 01:22:13 - mkk_pika - database.py:245 - INFO - ['第1集']
2026-09-17 01:22:14 - mkk_pika - main.py:348 - INFO - ==================== 漫画信息 ====================
                                   漫画ID：5cd2fcc317de991ebe738b4b
                                   标题：僕とお姉ちゃんと従姉弟たちの覚えたてっ! 里帰りックス♪ |我和姐姐 還有表姐他們的美好回憶 回老家做愛啦 
                                   作者：AIM
                                   是否完结：是
                                   总页数：35
                                   分类：短篇,全彩,姐姐系
                                   章节数：1
                                   最后更新时间：2019-05-08T15:58:59.379Z
                                   =================================================
2026-09-17 01:22:14 - mkk_pika - database.py:101 - INFO - 保存成功：僕とお姉ちゃんと従姉弟たちの覚えたてっ! 里帰りックス♪ |我和姐姐 還有表姐他們的美好回憶 回老家做愛啦 
2026-09-17 01:22:14 - mkk_pika - main.py:35 - INFO - 开始检查我的癡女前妻是否存在未下载章节
2026-09-17 01:22:14 - mkk_pika - main.py:45 - INFO - 正在下载:[我的癡女前妻]-[原田重光 X 松本救助]-[['長篇', '單行本', '人妻']]-[total_pages:177]
2026-09-17 01:22:14 - mkk_pika - main.py:49 - INFO - [{'_id': '5cd2fd1f6da72e26f7640fae', 'title': '第1集', 'order': 1, 'updated_at': '2019-05-08T01:56:55.423Z', 'id': '5cd2fd1f6da72e26f7640fae'}]
2026-09-17 01:22:14 - mkk_pika - database.py:215 - INFO - 第一次下载该漫画，记录数据库中
2026-09-17 01:22:17 - mkk_pika - main.py:83 - INFO - 找到 177 张图片在:第1集
2026-09-17 01:22:23 - mkk_pika - main.py:112 - INFO - [episode:第1集       ] downloaded:   177, total: 177, progress:100%
2026-09-17 01:22:23 - mkk_pika - database.py:238 - INFO - 数据库更新已下载章节
2026-09-17 01:22:23 - mkk_pika - database.py:244 - INFO - 该漫画已下载章节如下
2026-09-17 01:22:23 - mkk_pika - database.py:245 - INFO - ['第1集']
2026-09-17 01:22:24 - mkk_pika - main.py:348 - INFO - ==================== 漫画信息 ====================
                                   漫画ID：5cd2fd1f6da72e26f7640fad
                                   标题：我的癡女前妻
                                   作者：原田重光 X 松本救助
                                   是否完结：是
                                   总页数：177
                                   分类：長篇,單行本,人妻
                                   章节数：1
                                   最后更新时间：2019-05-08T16:00:31.695Z
                                   =================================================
2026-09-17 01:22:24 - mkk_pika - database.py:101 - INFO - 保存成功：我的癡女前妻
2026-09-17 01:22:24 - mkk_pika - main.py:35 - INFO - 开始检查100％性欲爆発 (モブサイコ100)是否存在未下载章节
2026-09-17 01:22:25 - mkk_pika - main.py:45 - INFO - 正在下载:[100％性欲爆発 (モブサイコ100)]-[ベイゴン]-[['同人', '短篇']]-[total_pages:21]
2026-09-17 01:22:25 - mkk_pika - main.py:49 - INFO - [{'_id': '5cd2fd6b578cf65de07e51df', 'title': '第1集', 'order': 1, 'updated_at': '2019-05-08T04:53:48.200Z', 'id': '5cd2fd6b578cf65de07e51df'}]
2026-09-17 01:22:25 - mkk_pika - database.py:215 - INFO - 第一次下载该漫画，记录数据库中
2026-09-17 01:22:25 - mkk_pika - main.py:83 - INFO - 找到 21 张图片在:第1集
2026-09-17 01:22:27 - mkk_pika - main.py:112 - INFO - [episode:第1集       ] downloaded:    21, total:  21, progress:100%
2026-09-17 01:22:27 - mkk_pika - database.py:238 - INFO - 数据库更新已下载章节
2026-09-17 01:22:27 - mkk_pika - database.py:244 - INFO - 该漫画已下载章节如下
2026-09-17 01:22:27 - mkk_pika - database.py:245 - INFO - ['第1集']
2026-09-17 01:22:28 - mkk_pika - main.py:348 - INFO - ==================== 漫画信息 ====================
                                   漫画ID：5cd2fd6b578cf65de07e51de
                                   标题：100％性欲爆発 (モブサイコ100)
                                   作者：ベイゴン
                                   是否完结：是
                                   总页数：21
                                   分类：同人,短篇
                                   章节数：1
                                   最后更新时间：2019-05-08T16:01:47.124Z
                                   =================================================
2026-09-17 01:22:28 - mkk_pika - database.py:101 - INFO - 保存成功：100％性欲爆発 (モブサイコ100)
2026-09-17 01:22:28 - mkk_pika - main.py:35 - INFO - 开始检查女教師恥穴授業 汉化是否存在未下载章节
2026-09-17 01:22:29 - mkk_pika - main.py:45 - INFO - 正在下载:[女教師恥穴授業 汉化]-[三顕人]-[['長篇', '單行本', '人妻']]-[total_pages:184]
2026-09-17 01:22:29 - mkk_pika - main.py:49 - INFO - [{'_id': '5cd2fd97047dd626c22ee6db', 'title': '第1集', 'order': 1, 'updated_at': '2019-05-07T09:20:40.911Z', 'id': '5cd2fd97047dd626c22ee6db'}]
2026-09-17 01:22:29 - mkk_pika - database.py:215 - INFO - 第一次下载该漫画，记录数据库中
2026-09-17 01:22:30 - mkk_pika - main.py:83 - INFO - 找到 184 张图片在:第1集
2026-09-17 01:22:40 - mkk_pika - main.py:112 - INFO - [episode:第1集       ] downloaded:   184, total: 184, progress:100%
2026-09-17 01:22:40 - mkk_pika - database.py:238 - INFO - 数据库更新已下载章节
2026-09-17 01:22:40 - mkk_pika - database.py:244 - INFO - 该漫画已下载章节如下
2026-09-17 01:22:40 - mkk_pika - database.py:245 - INFO - ['第1集']
2026-09-17 01:22:42 - mkk_pika - main.py:348 - INFO - ==================== 漫画信息 ====================
                                   漫画ID：5cd2fd97047dd626c22ee6da
                                   标题：女教師恥穴授業 汉化
                                   作者：三顕人
                                   是否完结：是
                                   总页数：184
                                   分类：長篇,單行本,人妻
                                   章节数：1
                                   最后更新时间：2019-05-08T16:02:31.259Z
                                   =================================================
2026-09-17 01:22:42 - mkk_pika - database.py:101 - INFO - 保存成功：女教師恥穴授業 汉化
2026-09-17 01:22:42 - mkk_pika - main.py:35 - INFO - 开始检查(CC大阪102) 爆乳ツンデレ妹とメチャクチャせっくすしたい本 是否存在未下载章节
2026-09-17 01:22:42 - mkk_pika - main.py:45 - INFO - 正在下载:[(CC大阪102) 爆乳ツンデレ妹とメチャクチャせっくすしたい本 ]-[ゐちぼっち (一宮夕羽)]-[['短篇', '妹妹系']]-[total_pages:21]
2026-09-17 01:22:42 - mkk_pika - main.py:49 - INFO - [{'_id': '5cd2fe1a31f0c01ee9e2782a', 'title': '第1集', 'order': 1, 'updated_at': '2019-05-08T06:50:57.363Z', 'id': '5cd2fe1a31f0c01ee9e2782a'}]
2026-09-17 01:22:42 - mkk_pika - database.py:215 - INFO - 第一次下载该漫画，记录数据库中
2026-09-17 01:22:42 - mkk_pika - main.py:83 - INFO - 找到 21 张图片在:第1集
2026-09-17 01:22:44 - mkk_pika - main.py:112 - INFO - [episode:第1集       ] downloaded:    21, total:  21, progress:100%
2026-09-17 01:22:44 - mkk_pika - database.py:238 - INFO - 数据库更新已下载章节
2026-09-17 01:22:44 - mkk_pika - database.py:244 - INFO - 该漫画已下载章节如下
2026-09-17 01:22:44 - mkk_pika - database.py:245 - INFO - ['第1集']
2026-09-17 01:22:46 - mkk_pika - main.py:348 - INFO - ==================== 漫画信息 ====================
                                   漫画ID：5cd2fe1931f0c01ee9e27829
                                   标题：(CC大阪102) 爆乳ツンデレ妹とメチャクチャせっくすしたい本 
                                   作者：ゐちぼっち (一宮夕羽)
                                   是否完结：是
                                   总页数：21
                                   分类：短篇,妹妹系
                                   章节数：1
                                   最后更新时间：2019-05-08T16:04:41.849Z
                                   =================================================
2026-09-17 01:22:46 - mkk_pika - database.py:101 - INFO - 保存成功：(CC大阪102) 爆乳ツンデレ妹とメチャクチャせっくすしたい本 
2026-09-17 01:22:46 - mkk_pika - main.py:35 - INFO - 开始检查ほむらちゃんの天地開闢是否存在未下载章节
2026-09-17 01:22:46 - mkk_pika - main.py:45 - INFO - 正在下载:[ほむらちゃんの天地開闢]-[Pixiv id=27904890]-[['圓神領域', '同人']]-[total_pages:9]
2026-09-17 01:22:46 - mkk_pika - main.py:49 - INFO - [{'_id': '5cd2fe2b047dd626c22ee797', 'title': '第1集', 'order': 1, 'updated_at': '2019-05-08T07:01:00.321Z', 'id': '5cd2fe2b047dd626c22ee797'}]
2026-09-17 01:22:46 - mkk_pika - database.py:215 - INFO - 第一次下载该漫画，记录数据库中
2026-09-17 01:22:47 - mkk_pika - main.py:83 - INFO - 找到 9 张图片在:第1集
2026-09-17 01:22:47 - mkk_pika - main.py:112 - INFO - [episode:第1集       ] downloaded:     9, total:   9, progress:100%
2026-09-17 01:22:47 - mkk_pika - database.py:238 - INFO - 数据库更新已下载章节
2026-09-17 01:22:47 - mkk_pika - database.py:244 - INFO - 该漫画已下载章节如下
2026-09-17 01:22:47 - mkk_pika - database.py:245 - INFO - ['第1集']
2026-09-17 01:22:49 - mkk_pika - main.py:348 - INFO - ==================== 漫画信息 ====================
                                   漫画ID：5cd2fe2b047dd626c22ee796
                                   标题：ほむらちゃんの天地開闢
                                   作者：Pixiv id=27904890
                                   是否完结：是
                                   总页数：9
                                   分类：圓神領域,同人
                                   章节数：1
                                   最后更新时间：2019-05-08T16:04:59.001Z
                                   =================================================
2026-09-17 01:22:49 - mkk_pika - database.py:101 - INFO - 保存成功：ほむらちゃんの天地開闢
2026-09-17 01:22:49 - mkk_pika - main.py:35 - INFO - 开始检查(COMIC1☆15) センパイとのカンケイ (Fate/Grand Order)是否存在未下载章节
2026-09-17 01:22:49 - mkk_pika - main.py:45 - INFO - 正在下载:[(COMIC1☆15) センパイとのカンケイ (Fate/Grand Order)]-[めろですうぃーぷ (アブ)]-[['短篇', '同人', 'Fate']]-[total_pages:30]
2026-09-17 01:22:49 - mkk_pika - main.py:49 - INFO - [{'_id': '5cd12f619cb4ca3247503208', 'title': '第1集', 'order': 1, 'updated_at': '2019-05-06T12:47:35.558Z', 'id': '5cd12f619cb4ca3247503208'}, {'_id': '5cd2feda80904f26ba56f23a', 'title': '汉化', 'order': 2, 'updated_at': '2019-05-08T10:48:36.960Z', 'id': '5cd2feda80904f26ba56f23a'}]
2026-09-17 01:22:49 - mkk_pika - database.py:215 - INFO - 第一次下载该漫画，记录数据库中
2026-09-17 01:22:49 - mkk_pika - main.py:83 - INFO - 找到 14 张图片在:第1集
2026-09-17 01:22:50 - mkk_pika - main.py:112 - INFO - [episode:第1集       ] downloaded:    14, total:  14, progress:100%
2026-09-17 01:22:50 - mkk_pika - database.py:238 - INFO - 数据库更新已下载章节
2026-09-17 01:22:50 - mkk_pika - database.py:244 - INFO - 该漫画已下载章节如下
2026-09-17 01:22:50 - mkk_pika - database.py:245 - INFO - ['第1集']
2026-09-17 01:22:52 - mkk_pika - main.py:83 - INFO - 找到 16 张图片在:汉化
2026-09-17 01:22:53 - mkk_pika - main.py:112 - INFO - [episode:汉化        ] downloaded:    16, total:  16, progress:100%
2026-09-17 01:22:53 - mkk_pika - database.py:238 - INFO - 数据库更新已下载章节
2026-09-17 01:22:53 - mkk_pika - database.py:244 - INFO - 该漫画已下载章节如下
2026-09-17 01:22:53 - mkk_pika - database.py:245 - INFO - ['第1集', '汉化']
2026-09-17 01:22:54 - mkk_pika - main.py:348 - INFO - ==================== 漫画信息 ====================
                                   漫画ID：5cd12f619cb4ca3247503207
                                   标题：(COMIC1☆15) センパイとのカンケイ (Fate/Grand Order)
                                   作者：めろですうぃーぷ (アブ)
                                   是否完结：是
                                   总页数：30
                                   分类：短篇,同人,Fate
                                   章节数：2
                                   最后更新时间：2019-05-08T16:07:54.556Z
                                   =================================================
2026-09-17 01:22:54 - mkk_pika - database.py:101 - INFO - 保存成功：(COMIC1☆15) センパイとのカンケイ (Fate/Grand Order)
2026-09-17 01:22:54 - mkk_pika - main.py:35 - INFO - 开始检查(C88)  Indirect Lip (アイドルマスター)是否存在未下载章节
2026-09-17 01:22:54 - mkk_pika - main.py:45 - INFO - 正在下载:[(C88)  Indirect Lip (アイドルマスター)]-[ぴすや (雪乃みくり)]-[['純愛', '百合花園', '短篇']]-[total_pages:22]
2026-09-17 01:22:54 - mkk_pika - main.py:49 - INFO - [{'_id': '5cd2fef8dcb7e11eb69f7fbf', 'title': '第1集', 'order': 1, 'updated_at': '2019-05-08T07:28:11.095Z', 'id': '5cd2fef8dcb7e11eb69f7fbf'}]
2026-09-17 01:22:54 - mkk_pika - database.py:215 - INFO - 第一次下载该漫画，记录数据库中
2026-09-17 01:22:55 - mkk_pika - main.py:83 - INFO - 找到 22 张图片在:第1集
2026-09-17 01:22:57 - mkk_pika - main.py:112 - INFO - [episode:第1集       ] downloaded:    22, total:  22, progress:100%
2026-09-17 01:22:57 - mkk_pika - database.py:238 - INFO - 数据库更新已下载章节
2026-09-17 01:22:57 - mkk_pika - database.py:244 - INFO - 该漫画已下载章节如下
2026-09-17 01:22:57 - mkk_pika - database.py:245 - INFO - ['第1集']
2026-09-17 01:22:58 - mkk_pika - main.py:348 - INFO - ==================== 漫画信息 ====================
                                   漫画ID：5cd2fef8dcb7e11eb69f7fbe
                                   标题：(C88)  Indirect Lip (アイドルマスター)
                                   作者：ぴすや (雪乃みくり)
                                   是否完结：否
                                   总页数：22
                                   分类：純愛,百合花園,短篇
                                   章节数：1
                                   最后更新时间：2019-05-08T16:08:24.846Z
                                   =================================================
2026-09-17 01:22:58 - mkk_pika - database.py:101 - INFO - 保存成功：(C88)  Indirect Lip (アイドルマスター)
2026-09-17 01:22:58 - mkk_pika - main.py:35 - INFO - 开始检查したくなっちゃった。 我變得好想要喔。是否存在未下载章节
2026-09-17 01:22:58 - mkk_pika - main.py:45 - INFO - 正在下载:[したくなっちゃった。 我變得好想要喔。]-[杜拓哉]-[['長篇', '純愛', '單行本', '後宮閃光', '妹妹系', '姐姐系', '人妻', 'NTR']]-[total_pages:198]
2026-09-17 01:22:58 - mkk_pika - main.py:49 - INFO - [{'_id': '5cd2ff05dcb7e11eb69f7fda', 'title': '小姐姐們好想要愛愛的單行本', 'order': 1, 'updated_at': '2019-05-02T11:28:03.733Z', 'id': '5cd2ff05dcb7e11eb69f7fda'}]
2026-09-17 01:22:58 - mkk_pika - database.py:215 - INFO - 第一次下载该漫画，记录数据库中
2026-09-17 01:23:00 - mkk_pika - main.py:83 - INFO - 找到 198 张图片在:小姐姐們好想要愛愛的單行本
2026-09-17 01:23:08 - mkk_pika - main.py:112 - INFO - [episode:小姐姐們好想要愛愛的單行本] downloaded:   198, total: 198, progress:100%
2026-09-17 01:23:08 - mkk_pika - database.py:238 - INFO - 数据库更新已下载章节
2026-09-17 01:23:08 - mkk_pika - database.py:244 - INFO - 该漫画已下载章节如下
2026-09-17 01:23:08 - mkk_pika - database.py:245 - INFO - ['小姐姐們好想要愛愛的單行本']
2026-09-17 01:23:09 - mkk_pika - main.py:348 - INFO - ==================== 漫画信息 ====================
                                   漫画ID：5cd2ff05dcb7e11eb69f7fd9
                                   标题：したくなっちゃった。 我變得好想要喔。
                                   作者：杜拓哉
                                   是否完结：是
                                   总页数：198
                                   分类：長篇,純愛,單行本,後宮閃光,妹妹系,姐姐系,人妻,NTR
                                   章节数：1
                                   最后更新时间：2019-05-08T16:08:37.661Z
                                   =================================================
2026-09-17 01:23:09 - mkk_pika - database.py:101 - INFO - 保存成功：したくなっちゃった。 我變得好想要喔。
2026-09-17 01:23:09 - mkk_pika - main.py:35 - INFO - 开始检查(C93)フタ菊2 (ブリーチ)是否存在未下载章节
2026-09-17 01:23:10 - mkk_pika - main.py:45 - INFO - 正在下载:[(C93)フタ菊2 (ブリーチ)]-[武蔵堂 (ムサシノセカイ)]-[['短篇', '同人', '扶他樂園']]-[total_pages:17]
2026-09-17 01:23:10 - mkk_pika - main.py:49 - INFO - [{'_id': '5cd2ff4f7ee76826eda37d1e', 'title': '第1集', 'order': 1, 'updated_at': '2019-05-08T10:35:59.395Z', 'id': '5cd2ff4f7ee76826eda37d1e'}]
2026-09-17 01:23:10 - mkk_pika - database.py:215 - INFO - 第一次下载该漫画，记录数据库中
2026-09-17 01:23:10 - mkk_pika - main.py:83 - INFO - 找到 17 张图片在:第1集
2026-09-17 01:23:11 - mkk_pika - main.py:112 - INFO - [episode:第1集       ] downloaded:    17, total:  17, progress:100%
2026-09-17 01:23:11 - mkk_pika - database.py:238 - INFO - 数据库更新已下载章节
2026-09-17 01:23:11 - mkk_pika - database.py:244 - INFO - 该漫画已下载章节如下
2026-09-17 01:23:11 - mkk_pika - database.py:245 - INFO - ['第1集']
2026-09-17 01:23:13 - mkk_pika - main.py:348 - INFO - ==================== 漫画信息 ====================
                                   漫画ID：5cd2ff4f7ee76826eda37d1d
                                   标题：(C93)フタ菊2 (ブリーチ)
                                   作者：武蔵堂 (ムサシノセカイ)
                                   是否完结：是
                                   总页数：17
                                   分类：短篇,同人,扶他樂園
                                   章节数：1
                                   最后更新时间：2019-05-08T16:09:51.236Z
                                   =================================================
2026-09-17 01:23:13 - mkk_pika - database.py:101 - INFO - 保存成功：(C93)フタ菊2 (ブリーチ)
2026-09-17 01:23:13 - mkk_pika - main.py:35 - INFO - 开始检查種付けハーレムシスターズ 授孕的後宮淫亂美人3姊妹是否存在未下载章节
2026-09-17 01:23:13 - mkk_pika - main.py:45 - INFO - 正在下载:[種付けハーレムシスターズ 授孕的後宮淫亂美人3姊妹]-[仲峰紘史]-[['長篇', '純愛', '後宮閃光', '單行本', '姐姐系', '強暴']]-[total_pages:222]
2026-09-17 01:23:13 - mkk_pika - main.py:49 - INFO - [{'_id': '5cd2ff85578cf65de07e5202', 'title': '讓3姊妹懷孕的後宮單行本', 'order': 1, 'updated_at': '2019-05-02T10:41:42.355Z', 'id': '5cd2ff85578cf65de07e5202'}]
2026-09-17 01:23:13 - mkk_pika - database.py:215 - INFO - 第一次下载该漫画，记录数据库中
2026-09-17 01:23:15 - mkk_pika - main.py:83 - INFO - 找到 222 张图片在:讓3姊妹懷孕的後宮單行本
2026-09-17 01:23:24 - mkk_pika - main.py:112 - INFO - [episode:讓3姊妹懷孕的後宮單行本] downloaded:   222, total: 222, progress:100%
2026-09-17 01:23:24 - mkk_pika - database.py:238 - INFO - 数据库更新已下载章节
2026-09-17 01:23:24 - mkk_pika - database.py:244 - INFO - 该漫画已下载章节如下
2026-09-17 01:23:24 - mkk_pika - database.py:245 - INFO - ['讓3姊妹懷孕的後宮單行本']
2026-09-17 01:23:25 - mkk_pika - main.py:348 - INFO - ==================== 漫画信息 ====================
                                   漫画ID：5cd2ff85578cf65de07e5201
                                   标题：種付けハーレムシスターズ 授孕的後宮淫亂美人3姊妹
                                   作者：仲峰紘史
                                   是否完结：是
                                   总页数：222
                                   分类：長篇,純愛,後宮閃光,單行本,姐姐系,強暴
                                   章节数：1
                                   最后更新时间：2019-05-08T16:10:45.632Z
                                   =================================================
2026-09-17 01:23:25 - mkk_pika - database.py:101 - INFO - 保存成功：種付けハーレムシスターズ 授孕的後宮淫亂美人3姊妹
2026-09-17 01:23:25 - mkk_pika - main.py:35 - INFO - 开始检查彼女彼氏彼女 (エロ♡ピッピ) [中国翻訳] [無修正]是否存在未下载章节
2026-09-17 01:23:25 - mkk_pika - main.py:45 - INFO - 正在下载:[彼女彼氏彼女 (エロ♡ピッピ) [中国翻訳] [無修正]]-[師走の翁]-[['短篇', '純愛']]-[total_pages:34]
2026-09-17 01:23:25 - mkk_pika - main.py:49 - INFO - [{'_id': '5cd2ff95047dd626c22ee7a7', 'title': '第1集', 'order': 1, 'updated_at': '2019-05-08T13:26:25.846Z', 'id': '5cd2ff95047dd626c22ee7a7'}]
2026-09-17 01:23:25 - mkk_pika - database.py:215 - INFO - 第一次下载该漫画，记录数据库中
2026-09-17 01:23:26 - mkk_pika - main.py:83 - INFO - 找到 34 张图片在:第1集
2026-09-17 01:23:28 - mkk_pika - main.py:112 - INFO - [episode:第1集       ] downloaded:    34, total:  34, progress:100%
2026-09-17 01:23:28 - mkk_pika - database.py:238 - INFO - 数据库更新已下载章节
2026-09-17 01:23:28 - mkk_pika - database.py:244 - INFO - 该漫画已下载章节如下
2026-09-17 01:23:28 - mkk_pika - database.py:245 - INFO - ['第1集']
2026-09-17 01:23:29 - mkk_pika - main.py:348 - INFO - ==================== 漫画信息 ====================
                                   漫画ID：5cd2ff95047dd626c22ee7a6
                                   标题：彼女彼氏彼女 (エロ♡ピッピ) [中国翻訳] [無修正]
                                   作者：師走の翁
                                   是否完结：是
                                   总页数：34
                                   分类：短篇,純愛
                                   章节数：1
                                   最后更新时间：2019-05-08T16:11:01.614Z
                                   =================================================
2026-09-17 01:23:29 - mkk_pika - database.py:101 - INFO - 保存成功：彼女彼氏彼女 (エロ♡ピッピ) [中国翻訳] [無修正]
2026-09-17 01:23:29 - mkk_pika - main.py:35 - INFO - 开始检查おやびんヒプ丿ティスム (COMIC BAVEL 2019年4月号) [中国翻訳] [DL版]是否存在未下载章节
2026-09-17 01:23:29 - mkk_pika - main.py:45 - INFO - 正在下载:[おやびんヒプ丿ティスム (COMIC BAVEL 2019年4月号) [中国翻訳] [DL版]]-[ぬんぬ]-[['短篇']]-[total_pages:20]
2026-09-17 01:23:29 - mkk_pika - main.py:49 - INFO - [{'_id': '5cd2ffac1666e85e3ca71245', 'title': '第1集', 'order': 1, 'updated_at': '2019-05-08T13:50:55.821Z', 'id': '5cd2ffac1666e85e3ca71245'}]
2026-09-17 01:23:29 - mkk_pika - database.py:215 - INFO - 第一次下载该漫画，记录数据库中
2026-09-17 01:23:30 - mkk_pika - main.py:83 - INFO - 找到 20 张图片在:第1集
2026-09-17 01:23:31 - mkk_pika - main.py:112 - INFO - [episode:第1集       ] downloaded:    20, total:  20, progress:100%
2026-09-17 01:23:31 - mkk_pika - database.py:238 - INFO - 数据库更新已下载章节
2026-09-17 01:23:31 - mkk_pika - database.py:244 - INFO - 该漫画已下载章节如下
2026-09-17 01:23:31 - mkk_pika - database.py:245 - INFO - ['第1集']
2026-09-17 01:23:33 - mkk_pika - main.py:348 - INFO - ==================== 漫画信息 ====================
                                   漫画ID：5cd2ffac1666e85e3ca71244
                                   标题：おやびんヒプ丿ティスム (COMIC BAVEL 2019年4月号) [中国翻訳] [DL版]
                                   作者：ぬんぬ
                                   是否完结：是
                                   总页数：20
                                   分类：短篇
                                   章节数：1
                                   最后更新时间：2019-05-08T16:11:24.773Z
                                   =================================================
2026-09-17 01:23:33 - mkk_pika - database.py:101 - INFO - 保存成功：おやびんヒプ丿ティスム (COMIC BAVEL 2019年4月号) [中国翻訳] [DL版]
2026-09-17 01:23:33 - mkk_pika - main.py:35 - INFO - 开始检查(C92) 山田エルフ先生 VS オーク軍団 (エロマンガ先生) [中國翻訳]是否存在未下载章节
2026-09-17 01:23:33 - mkk_pika - main.py:45 - INFO - 正在下载:[(C92) 山田エルフ先生 VS オーク軍団 (エロマンガ先生) [中國翻訳]]-[友毒屋 (友吉)]-[['短篇', '同人', '非人類']]-[total_pages:23]
2026-09-17 01:23:33 - mkk_pika - main.py:49 - INFO - [{'_id': '5cd2ffcff472ab5df838b46b', 'title': '第1集', 'order': 1, 'updated_at': '2019-05-08T14:22:44.275Z', 'id': '5cd2ffcff472ab5df838b46b'}]
2026-09-17 01:23:33 - mkk_pika - database.py:215 - INFO - 第一次下载该漫画，记录数据库中
2026-09-17 01:23:34 - mkk_pika - main.py:83 - INFO - 找到 23 张图片在:第1集
2026-09-17 01:23:35 - mkk_pika - main.py:112 - INFO - [episode:第1集       ] downloaded:    23, total:  23, progress:100%
2026-09-17 01:23:35 - mkk_pika - database.py:238 - INFO - 数据库更新已下载章节
2026-09-17 01:23:35 - mkk_pika - database.py:244 - INFO - 该漫画已下载章节如下
2026-09-17 01:23:35 - mkk_pika - database.py:245 - INFO - ['第1集']
2026-09-17 01:23:36 - mkk_pika - main.py:348 - INFO - ==================== 漫画信息 ====================
                                   漫画ID：5cd2ffcff472ab5df838b46a
                                   标题：(C92) 山田エルフ先生 VS オーク軍団 (エロマンガ先生) [中國翻訳]
                                   作者：友毒屋 (友吉)
                                   是否完结：是
                                   总页数：23
                                   分类：短篇,同人,非人類
                                   章节数：1
                                   最后更新时间：2019-05-08T16:11:59.187Z
                                   =================================================
2026-09-17 01:23:36 - mkk_pika - database.py:101 - INFO - 保存成功：(C92) 山田エルフ先生 VS オーク軍団 (エロマンガ先生) [中國翻訳]
2026-09-17 01:23:36 - mkk_pika - main.py:35 - INFO - 开始检查愛妻、同意の上、寝取られ 2 〜原田家の場合〜是否存在未下载章节
2026-09-17 01:23:37 - mkk_pika - main.py:45 - INFO - 正在下载:[愛妻、同意の上、寝取られ 2 〜原田家の場合〜]-[NTラボ]-[['短篇', 'NTR']]-[total_pages:46]
2026-09-17 01:23:37 - mkk_pika - main.py:49 - INFO - [{'_id': '5cd44dc331f0c01ee9e28008', 'title': '第1集', 'order': 1, 'updated_at': '2019-05-08T04:18:14.614Z', 'id': '5cd44dc331f0c01ee9e28008'}]
2026-09-17 01:23:37 - mkk_pika - database.py:215 - INFO - 第一次下载该漫画，记录数据库中
2026-09-17 01:23:38 - mkk_pika - main.py:83 - INFO - 找到 46 张图片在:第1集
2026-09-17 01:23:40 - mkk_pika - main.py:112 - INFO - [episode:第1集       ] downloaded:    46, total:  46, progress:100%
2026-09-17 01:23:40 - mkk_pika - database.py:238 - INFO - 数据库更新已下载章节
2026-09-17 01:23:40 - mkk_pika - database.py:244 - INFO - 该漫画已下载章节如下
2026-09-17 01:23:40 - mkk_pika - database.py:245 - INFO - ['第1集']
2026-09-17 01:23:41 - mkk_pika - main.py:348 - INFO - ==================== 漫画信息 ====================
                                   漫画ID：5cd44dc331f0c01ee9e28007
                                   标题：愛妻、同意の上、寝取られ 2 〜原田家の場合〜
                                   作者：NTラボ
                                   是否完结：是
                                   总页数：46
                                   分类：短篇,NTR
                                   章节数：1
                                   最后更新时间：2019-05-09T15:56:51.267Z
                                   =================================================
2026-09-17 01:23:41 - mkk_pika - database.py:101 - INFO - 保存成功：愛妻、同意の上、寝取られ 2 〜原田家の場合〜
2026-09-17 01:23:41 - mkk_pika - main.py:35 - INFO - 开始检查(COMIC1☆15)ブラダマンテ大敗北 (Fate/Grand Order)是否存在未下载章节
2026-09-17 01:23:41 - mkk_pika - main.py:45 - INFO - 正在下载:[(COMIC1☆15)ブラダマンテ大敗北 (Fate/Grand Order)]-[フルーツジャム (水鏡想)]-[['短篇', '同人', '強暴', 'Fate']]-[total_pages:53]
2026-09-17 01:23:41 - mkk_pika - main.py:49 - INFO - [{'_id': '5ccd9e7d6ac70926d02e32c2', 'title': '第1集', 'order': 1, 'updated_at': '2019-05-03T13:29:40.541Z', 'id': '5ccd9e7d6ac70926d02e32c2'}, {'_id': '5cd44df4e486e81ee880daa2', 'title': '汉化', 'order': 2, 'updated_at': '2019-05-08T14:48:09.985Z', 'id': '5cd44df4e486e81ee880daa2'}]
2026-09-17 01:23:41 - mkk_pika - database.py:215 - INFO - 第一次下载该漫画，记录数据库中
2026-09-17 01:23:42 - mkk_pika - main.py:83 - INFO - 找到 26 张图片在:第1集
2026-09-17 01:23:43 - mkk_pika - main.py:112 - INFO - [episode:第1集       ] downloaded:    26, total:  26, progress:100%
2026-09-17 01:23:43 - mkk_pika - database.py:238 - INFO - 数据库更新已下载章节
2026-09-17 01:23:43 - mkk_pika - database.py:244 - INFO - 该漫画已下载章节如下
2026-09-17 01:23:43 - mkk_pika - database.py:245 - INFO - ['第1集']
2026-09-17 01:23:45 - mkk_pika - main.py:83 - INFO - 找到 27 张图片在:汉化
2026-09-17 01:23:47 - mkk_pika - main.py:112 - INFO - [episode:汉化        ] downloaded:    27, total:  27, progress:100%
2026-09-17 01:23:47 - mkk_pika - database.py:238 - INFO - 数据库更新已下载章节
2026-09-17 01:23:47 - mkk_pika - database.py:244 - INFO - 该漫画已下载章节如下
2026-09-17 01:23:47 - mkk_pika - database.py:245 - INFO - ['第1集', '汉化']
2026-09-17 01:23:48 - mkk_pika - main.py:348 - INFO - ==================== 漫画信息 ====================
                                   漫画ID：5ccd9e7d6ac70926d02e32c1
                                   标题：(COMIC1☆15)ブラダマンテ大敗北 (Fate/Grand Order)
                                   作者：フルーツジャム (水鏡想)
                                   是否完结：是
                                   总页数：53
                                   分类：短篇,同人,強暴,Fate
                                   章节数：2
                                   最后更新时间：2019-05-09T15:57:40.566Z
                                   =================================================
2026-09-17 01:23:48 - mkk_pika - database.py:101 - INFO - 保存成功：(COMIC1☆15)ブラダマンテ大敗北 (Fate/Grand Order)
2026-09-17 01:23:48 - mkk_pika - main.py:35 - INFO - 开始检查(COMIC1☆11)  NURSE AID FESTA Vol.2 (ラブライブ!)是否存在未下载章节
2026-09-17 01:23:48 - mkk_pika - main.py:45 - INFO - 正在下载:[(COMIC1☆11)  NURSE AID FESTA Vol.2 (ラブライブ!)]-[八木崎銀座 (八神秋一)]-[['短篇', '同人', 'Love Live']]-[total_pages:35]
2026-09-17 01:23:48 - mkk_pika - main.py:49 - INFO - [{'_id': '5cd533cc17de991ebe739b6e', 'title': '第1集', 'order': 1, 'updated_at': '2019-05-08T15:08:16.447Z', 'id': '5cd533cc17de991ebe739b6e'}]
2026-09-17 01:23:48 - mkk_pika - database.py:215 - INFO - 第一次下载该漫画，记录数据库中
2026-09-17 01:23:49 - mkk_pika - main.py:83 - INFO - 找到 35 张图片在:第1集
2026-09-17 01:23:51 - mkk_pika - main.py:112 - INFO - [episode:第1集       ] downloaded:    35, total:  35, progress:100%
2026-09-17 01:23:51 - mkk_pika - database.py:238 - INFO - 数据库更新已下载章节
2026-09-17 01:23:51 - mkk_pika - database.py:244 - INFO - 该漫画已下载章节如下
2026-09-17 01:23:51 - mkk_pika - database.py:245 - INFO - ['第1集']
2026-09-17 01:23:52 - mkk_pika - main.py:348 - INFO - ==================== 漫画信息 ====================
                                   漫画ID：5cd533cc17de991ebe739b6d
                                   标题：(COMIC1☆11)  NURSE AID FESTA Vol.2 (ラブライブ!)
                                   作者：八木崎銀座 (八神秋一)
                                   是否完结：否
                                   总页数：35
                                   分类：短篇,同人,Love Live
                                   章节数：1
                                   最后更新时间：2019-05-10T08:18:20.433Z
                                   =================================================
2026-09-17 01:23:52 - mkk_pika - database.py:101 - INFO - 保存成功：(COMIC1☆11)  NURSE AID FESTA Vol.2 (ラブライブ!)
2026-09-17 01:23:52 - mkk_pika - main.py:35 - INFO - 开始检查 (C89) 秋月のだきごこち (艦隊これくしょん -艦これ-)是否存在未下载章节
2026-09-17 01:23:53 - mkk_pika - main.py:45 - INFO - 正在下载:[ (C89) 秋月のだきごこち (艦隊これくしょん -艦これ-)]-[黒錦 (タカハル)]-[['短篇', '同人', '艦隊收藏']]-[total_pages:23]
2026-09-17 01:23:53 - mkk_pika - main.py:49 - INFO - [{'_id': '5cd533e6e486e81ee880e039', 'title': '第1集', 'order': 1, 'updated_at': '2019-05-08T16:04:13.898Z', 'id': '5cd533e6e486e81ee880e039'}]
2026-09-17 01:23:53 - mkk_pika - database.py:215 - INFO - 第一次下载该漫画，记录数据库中
2026-09-17 01:23:54 - mkk_pika - main.py:83 - INFO - 找到 23 张图片在:第1集
2026-09-17 01:23:55 - mkk_pika - main.py:112 - INFO - [episode:第1集       ] downloaded:    23, total:  23, progress:100%
2026-09-17 01:23:55 - mkk_pika - database.py:238 - INFO - 数据库更新已下载章节
2026-09-17 01:23:55 - mkk_pika - database.py:244 - INFO - 该漫画已下载章节如下
2026-09-17 01:23:55 - mkk_pika - database.py:245 - INFO - ['第1集']
2026-09-17 01:23:56 - mkk_pika - main.py:348 - INFO - ==================== 漫画信息 ====================
                                   漫画ID：5cd533e6e486e81ee880e038
                                   标题： (C89) 秋月のだきごこち (艦隊これくしょん -艦これ-)
                                   作者：黒錦 (タカハル)
                                   是否完结：否
                                   总页数：23
                                   分类：短篇,同人,艦隊收藏
                                   章节数：1
                                   最后更新时间：2019-05-10T08:18:46.470Z
                                   =================================================
2026-09-17 01:23:56 - mkk_pika - database.py:101 - INFO - 保存成功： (C89) 秋月のだきごこち (艦隊これくしょん -艦これ-)
2026-09-17 01:23:56 - mkk_pika - main.py:35 - INFO - 开始检查シャドウ・アリスと秘密のお茶会是否存在未下载章节
2026-09-17 01:23:56 - mkk_pika - main.py:45 - INFO - 正在下载:[シャドウ・アリスと秘密のお茶会]-[シノビロケット (ササマシン)]-[['同人', '短篇']]-[total_pages:15]
2026-09-17 01:23:56 - mkk_pika - main.py:49 - INFO - [{'_id': '5cd5340617de991ebe739bbc', 'title': '第1集', 'order': 1, 'updated_at': '2019-05-08T16:09:53.308Z', 'id': '5cd5340617de991ebe739bbc'}]
2026-09-17 01:23:56 - mkk_pika - database.py:215 - INFO - 第一次下载该漫画，记录数据库中
2026-09-17 01:23:57 - mkk_pika - main.py:83 - INFO - 找到 15 张图片在:第1集
2026-09-17 01:23:58 - mkk_pika - main.py:112 - INFO - [episode:第1集       ] downloaded:    15, total:  15, progress:100%
2026-09-17 01:23:58 - mkk_pika - database.py:238 - INFO - 数据库更新已下载章节
2026-09-17 01:23:58 - mkk_pika - database.py:244 - INFO - 该漫画已下载章节如下
2026-09-17 01:23:58 - mkk_pika - database.py:245 - INFO - ['第1集']
2026-09-17 01:23:59 - mkk_pika - main.py:348 - INFO - ==================== 漫画信息 ====================
                                   漫画ID：5cd5340617de991ebe739bbb
                                   标题：シャドウ・アリスと秘密のお茶会
                                   作者：シノビロケット (ササマシン)
                                   是否完结：否
                                   总页数：15
                                   分类：同人,短篇
                                   章节数：1
                                   最后更新时间：2019-05-10T08:19:18.310Z
                                   =================================================
2026-09-17 01:23:59 - mkk_pika - database.py:101 - INFO - 保存成功：シャドウ・アリスと秘密のお茶会
2026-09-17 01:23:59 - mkk_pika - main.py:35 - INFO - 开始检查母乳色の花嫁 (牝母) [中国翻訳]是否存在未下载章节
2026-09-17 01:24:00 - mkk_pika - main.py:45 - INFO - 正在下载:[母乳色の花嫁 (牝母) [中国翻訳]]-[マスタングR]-[['短篇']]-[total_pages:18]
2026-09-17 01:24:00 - mkk_pika - main.py:49 - INFO - [{'_id': '5cd538067ee76826eda38383', 'title': '第1集', 'order': 1, 'updated_at': '2019-05-08T17:11:28.080Z', 'id': '5cd538067ee76826eda38383'}]
2026-09-17 01:24:00 - mkk_pika - database.py:215 - INFO - 第一次下载该漫画，记录数据库中
2026-09-17 01:24:00 - mkk_pika - main.py:83 - INFO - 找到 18 张图片在:第1集
2026-09-17 01:24:01 - mkk_pika - main.py:112 - INFO - [episode:第1集       ] downloaded:    18, total:  18, progress:100%
2026-09-17 01:24:01 - mkk_pika - database.py:238 - INFO - 数据库更新已下载章节
2026-09-17 01:24:01 - mkk_pika - database.py:244 - INFO - 该漫画已下载章节如下
2026-09-17 01:24:01 - mkk_pika - database.py:245 - INFO - ['第1集']
2026-09-17 01:24:03 - mkk_pika - main.py:348 - INFO - ==================== 漫画信息 ====================
                                   漫画ID：5cd538067ee76826eda38382
                                   标题：母乳色の花嫁 (牝母) [中国翻訳]
                                   作者：マスタングR
                                   是否完结：是
                                   总页数：18
                                   分类：短篇
                                   章节数：1
                                   最后更新时间：2019-05-10T08:36:22.558Z
                                   =================================================
2026-09-17 01:24:03 - mkk_pika - database.py:101 - INFO - 保存成功：母乳色の花嫁 (牝母) [中国翻訳]
2026-09-17 01:24:03 - mkk_pika - main.py:35 - INFO - 开始检查肉体コミュニケーション是否存在未下载章节
2026-09-17 01:24:03 - mkk_pika - main.py:45 - INFO - 正在下载:[肉体コミュニケーション]-[mogg]-[['長篇', '單行本']]-[total_pages:208]
2026-09-17 01:24:03 - mkk_pika - main.py:49 - INFO - [{'_id': '5cd53945e486e81ee880e090', 'title': '第1集', 'order': 1, 'updated_at': '2019-05-09T01:05:12.274Z', 'id': '5cd53945e486e81ee880e090'}]
2026-09-17 01:24:03 - mkk_pika - database.py:215 - INFO - 第一次下载该漫画，记录数据库中
2026-09-17 01:24:05 - mkk_pika - main.py:83 - INFO - 找到 208 张图片在:第1集
2026-09-17 01:24:18 - mkk_pika - main.py:112 - INFO - [episode:第1集       ] downloaded:   208, total: 208, progress:100%
2026-09-17 01:24:18 - mkk_pika - database.py:238 - INFO - 数据库更新已下载章节
2026-09-17 01:24:18 - mkk_pika - database.py:244 - INFO - 该漫画已下载章节如下
2026-09-17 01:24:18 - mkk_pika - database.py:245 - INFO - ['第1集']
2026-09-17 01:24:19 - mkk_pika - main.py:348 - INFO - ==================== 漫画信息 ====================
                                   漫画ID：5cd53945e486e81ee880e08f
                                   标题：肉体コミュニケーション
                                   作者：mogg
                                   是否完结：是
                                   总页数：208
                                   分类：長篇,單行本
                                   章节数：1
                                   最后更新时间：2019-05-10T08:41:41.415Z
                                   =================================================
2026-09-17 01:24:19 - mkk_pika - database.py:101 - INFO - 保存成功：肉体コミュニケーション
2026-09-17 01:24:19 - mkk_pika - main.py:35 - INFO - 开始检查(COMIC1☆13)  恥辱の痴漢電車2～狙われた受験生～ [中國翻訳]是否存在未下载章节
2026-09-17 01:24:20 - mkk_pika - main.py:45 - INFO - 正在下载:[(COMIC1☆13)  恥辱の痴漢電車2～狙われた受験生～ [中國翻訳]]-[SugarBerrySyrup (クロエ)]-[['短篇', '強暴']]-[total_pages:28]
2026-09-17 01:24:20 - mkk_pika - main.py:49 - INFO - [{'_id': '5cd539664c768e60e51beb2b', 'title': '第1集', 'order': 1, 'updated_at': '2019-05-09T02:34:11.311Z', 'id': '5cd539664c768e60e51beb2b'}]
2026-09-17 01:24:20 - mkk_pika - database.py:215 - INFO - 第一次下载该漫画，记录数据库中
2026-09-17 01:24:20 - mkk_pika - main.py:83 - INFO - 找到 28 张图片在:第1集
2026-09-17 01:24:22 - mkk_pika - main.py:112 - INFO - [episode:第1集       ] downloaded:    28, total:  28, progress:100%
2026-09-17 01:24:22 - mkk_pika - database.py:238 - INFO - 数据库更新已下载章节
2026-09-17 01:24:22 - mkk_pika - database.py:244 - INFO - 该漫画已下载章节如下
2026-09-17 01:24:22 - mkk_pika - database.py:245 - INFO - ['第1集']
2026-09-17 01:24:23 - mkk_pika - main.py:348 - INFO - ==================== 漫画信息 ====================
                                   漫画ID：5cd539664c768e60e51beb2a
                                   标题：(COMIC1☆13)  恥辱の痴漢電車2～狙われた受験生～ [中國翻訳]
                                   作者：SugarBerrySyrup (クロエ)
                                   是否完结：是
                                   总页数：28
                                   分类：短篇,強暴
                                   章节数：1
                                   最后更新时间：2019-05-10T08:42:14.412Z
                                   =================================================
2026-09-17 01:24:23 - mkk_pika - database.py:101 - INFO - 保存成功：(COMIC1☆13)  恥辱の痴漢電車2～狙われた受験生～ [中國翻訳]
2026-09-17 01:24:23 - mkk_pika - main.py:35 - INFO - 开始检查とある遊郭で出会った清楚系サブカル委員長 (バーチャルYouTuber)是否存在未下载章节
2026-09-17 01:24:24 - mkk_pika - main.py:45 - INFO - 正在下载:[とある遊郭で出会った清楚系サブカル委員長 (バーチャルYouTuber)]-[友毒屋 (友吉)]-[['同人', '短篇', '非人類']]-[total_pages:23]
2026-09-17 01:24:24 - mkk_pika - main.py:49 - INFO - [{'_id': '5cd53a9d52263963dd1d8d8a', 'title': '第1集', 'order': 1, 'updated_at': '2019-05-09T01:52:17.102Z', 'id': '5cd53a9d52263963dd1d8d8a'}]
2026-09-17 01:24:24 - mkk_pika - database.py:215 - INFO - 第一次下载该漫画，记录数据库中
2026-09-17 01:24:24 - mkk_pika - main.py:83 - INFO - 找到 23 张图片在:第1集
2026-09-17 01:24:26 - mkk_pika - main.py:112 - INFO - [episode:第1集       ] downloaded:    23, total:  23, progress:100%
2026-09-17 01:24:26 - mkk_pika - database.py:238 - INFO - 数据库更新已下载章节
2026-09-17 01:24:26 - mkk_pika - database.py:244 - INFO - 该漫画已下载章节如下
2026-09-17 01:24:26 - mkk_pika - database.py:245 - INFO - ['第1集']
2026-09-17 01:24:27 - mkk_pika - main.py:348 - INFO - ==================== 漫画信息 ====================
                                   漫画ID：5cd53a9d52263963dd1d8d89
                                   标题：とある遊郭で出会った清楚系サブカル委員長 (バーチャルYouTuber)
                                   作者：友毒屋 (友吉)
                                   是否完结：是
                                   总页数：23
                                   分类：同人,短篇,非人類
                                   章节数：1
                                   最后更新时间：2019-05-10T08:47:25.484Z
                                   =================================================
2026-09-17 01:24:27 - mkk_pika - database.py:101 - INFO - 保存成功：とある遊郭で出会った清楚系サブカル委員長 (バーチャルYouTuber)
2026-09-17 01:24:27 - mkk_pika - main.py:35 - INFO - 开始检查Harvest Moon (ゴブリンスレイヤー)是否存在未下载章节
2026-09-17 01:24:27 - mkk_pika - main.py:45 - INFO - 正在下载:[Harvest Moon (ゴブリンスレイヤー)]-[missa (御坂)]-[['短篇', '同人', '純愛']]-[total_pages:26]
2026-09-17 01:24:27 - mkk_pika - main.py:49 - INFO - [{'_id': '5ccf0cc3cba5a62acb03f2bf', 'title': '第1話', 'order': 1, 'updated_at': '2020-05-06T00:39:31.553Z', 'id': '5ccf0cc3cba5a62acb03f2bf'}]
2026-09-17 01:24:27 - mkk_pika - database.py:215 - INFO - 第一次下载该漫画，记录数据库中
2026-09-17 01:24:28 - mkk_pika - main.py:83 - INFO - 找到 26 张图片在:第1話
2026-09-17 01:24:29 - mkk_pika - main.py:112 - INFO - [episode:第1話       ] downloaded:    26, total:  26, progress:100%
2026-09-17 01:24:29 - mkk_pika - database.py:238 - INFO - 数据库更新已下载章节
2026-09-17 01:24:29 - mkk_pika - database.py:244 - INFO - 该漫画已下载章节如下
2026-09-17 01:24:29 - mkk_pika - database.py:245 - INFO - ['第1話']
2026-09-17 01:24:31 - mkk_pika - main.py:348 - INFO - ==================== 漫画信息 ====================
                                   漫画ID：5c9b05ebccd13254cb3d4c93
                                   标题：Harvest Moon (ゴブリンスレイヤー)
                                   作者：missa (御坂)
                                   是否完结：是
                                   总页数：26
                                   分类：短篇,同人,純愛
                                   章节数：1
                                   最后更新时间：2019-05-10T08:47:40.382Z
                                   =================================================
2026-09-17 01:24:31 - mkk_pika - database.py:101 - INFO - 保存成功：Harvest Moon (ゴブリンスレイヤー)
2026-09-17 01:24:31 - mkk_pika - main.py:35 - INFO - 开始检查(C89) おしおきらんみあ (東方Project) [中国翻訳]是否存在未下载章节
2026-09-17 01:24:31 - mkk_pika - main.py:45 - INFO - 正在下载:[(C89) おしおきらんみあ (東方Project) [中国翻訳]]-[YAMADA AIR BASE (ざわ, むむむ, ゆからんのすけ)]-[['短篇', '同人', '東方', '非人類']]-[total_pages:34]
2026-09-17 01:24:31 - mkk_pika - main.py:49 - INFO - [{'_id': '5cd53b66909a6d383b4fab5f', 'title': '第1集', 'order': 1, 'updated_at': '2019-05-09T09:33:40.591Z', 'id': '5cd53b66909a6d383b4fab5f'}]
2026-09-17 01:24:31 - mkk_pika - database.py:215 - INFO - 第一次下载该漫画，记录数据库中
2026-09-17 01:24:32 - mkk_pika - main.py:83 - INFO - 找到 34 张图片在:第1集
2026-09-17 01:24:33 - mkk_pika - main.py:112 - INFO - [episode:第1集       ] downloaded:    34, total:  34, progress:100%
2026-09-17 01:24:33 - mkk_pika - database.py:238 - INFO - 数据库更新已下载章节
2026-09-17 01:24:33 - mkk_pika - database.py:244 - INFO - 该漫画已下载章节如下
2026-09-17 01:24:33 - mkk_pika - database.py:245 - INFO - ['第1集']
2026-09-17 01:24:35 - mkk_pika - main.py:348 - INFO - ==================== 漫画信息 ====================
                                   漫画ID：5cd53b66909a6d383b4fab5e
                                   标题：(C89) おしおきらんみあ (東方Project) [中国翻訳]
                                   作者：YAMADA AIR BASE (ざわ, むむむ, ゆからんのすけ)
                                   是否完结：是
                                   总页数：34
                                   分类：短篇,同人,東方,非人類
                                   章节数：1
                                   最后更新时间：2019-05-10T08:50:46.827Z
                                   =================================================
2026-09-17 01:24:35 - mkk_pika - database.py:101 - INFO - 保存成功：(C89) おしおきらんみあ (東方Project) [中国翻訳]
2026-09-17 01:24:35 - mkk_pika - main.py:35 - INFO - 开始检查Dinaranger是否存在未下载章节
2026-09-17 01:24:35 - mkk_pika - main.py:45 - INFO - 正在下载:[Dinaranger]-[MACXE’S]-[['長篇', '強暴', '非人類']]-[total_pages:661]
2026-09-17 01:24:35 - mkk_pika - main.py:49 - INFO - [{'_id': '5cd53b7adf16ce78fa283a16', 'title': '第1集', 'order': 1, 'updated_at': '2019-05-08T08:56:44.082Z', 'id': '5cd53b7adf16ce78fa283a16'}, {'_id': '5cd53b7adf16ce78fa283a17', 'title': '第2集', 'order': 2, 'updated_at': '2019-05-08T08:58:41.991Z', 'id': '5cd53b7adf16ce78fa283a17'}, {'_id': '5cd53b7adf16ce78fa283a18', 'title': '第3集', 'order': 3, 'updated_at': '2019-05-08T09:00:37.081Z', 'id': '5cd53b7adf16ce78fa283a18'}, {'_id': '5cd53b7adf16ce78fa283a19', 'title': '第4~6集', 'order': 4, 'updated_at': '2019-05-08T09:20:27.694Z', 'id': '5cd53b7adf16ce78fa283a19'}, {'_id': '5cd53b7adf16ce78fa283a1a', 'title': '第7~8集', 'order': 5, 'updated_at': '2019-05-08T09:27:45.344Z', 'id': '5cd53b7adf16ce78fa283a1a'}, {'_id': '5cd53b7adf16ce78fa283a1b', 'title': '第9~11集', 'order': 6, 'updated_at': '2019-05-08T09:49:14.560Z', 'id': '5cd53b7adf16ce78fa283a1b'}, {'_id': '5cd53b7adf16ce78fa283a1c', 'title': '第12~14集', 'order': 7, 'updated_at': '2019-05-08T10:13:26.129Z', 'id': '5cd53b7adf16ce78fa283a1c'}, {'_id': '5cd53b7adf16ce78fa283a1d', 'title': '第15~16集', 'order': 8, 'updated_at': '2019-05-08T10:30:34.900Z', 'id': '5cd53b7adf16ce78fa283a1d'}, {'_id': '5cd53b7adf16ce78fa283a1e', 'title': '第17~18集', 'order': 9, 'updated_at': '2019-05-08T10:56:15.183Z', 'id': '5cd53b7adf16ce78fa283a1e'}]
2026-09-17 01:24:35 - mkk_pika - database.py:215 - INFO - 第一次下载该漫画，记录数据库中
2026-09-17 01:24:36 - mkk_pika - main.py:83 - INFO - 找到 31 张图片在:第1集
2026-09-17 01:24:37 - mkk_pika - main.py:112 - INFO - [episode:第1集       ] downloaded:    31, total:  31, progress:100%
2026-09-17 01:24:37 - mkk_pika - database.py:238 - INFO - 数据库更新已下载章节
2026-09-17 01:24:37 - mkk_pika - database.py:244 - INFO - 该漫画已下载章节如下
2026-09-17 01:24:37 - mkk_pika - database.py:245 - INFO - ['第1集']
2026-09-17 01:24:39 - mkk_pika - main.py:83 - INFO - 找到 41 张图片在:第2集
2026-09-17 01:24:40 - mkk_pika - main.py:112 - INFO - [episode:第2集       ] downloaded:    41, total:  41, progress:100%
2026-09-17 01:24:40 - mkk_pika - database.py:238 - INFO - 数据库更新已下载章节
2026-09-17 01:24:40 - mkk_pika - database.py:244 - INFO - 该漫画已下载章节如下
2026-09-17 01:24:40 - mkk_pika - database.py:245 - INFO - ['第1集', '第2集']
2026-09-17 01:24:42 - mkk_pika - main.py:83 - INFO - 找到 47 张图片在:第3集
2026-09-17 01:24:44 - mkk_pika - main.py:112 - INFO - [episode:第3集       ] downloaded:    47, total:  47, progress:100%
2026-09-17 01:24:44 - mkk_pika - database.py:238 - INFO - 数据库更新已下载章节
2026-09-17 01:24:44 - mkk_pika - database.py:244 - INFO - 该漫画已下载章节如下
2026-09-17 01:24:44 - mkk_pika - database.py:245 - INFO - ['第1集', '第2集', '第3集']
2026-09-17 01:24:46 - mkk_pika - main.py:83 - INFO - 找到 90 张图片在:第4~6集
2026-09-17 01:24:52 - mkk_pika - main.py:112 - INFO - [episode:第4~6集     ] downloaded:    90, total:  90, progress:100%
2026-09-17 01:24:52 - mkk_pika - database.py:238 - INFO - 数据库更新已下载章节
2026-09-17 01:24:52 - mkk_pika - database.py:244 - INFO - 该漫画已下载章节如下
2026-09-17 01:24:52 - mkk_pika - database.py:245 - INFO - ['第1集', '第2集', '第3集', '第4~6集']
2026-09-17 01:24:54 - mkk_pika - main.py:83 - INFO - 找到 67 张图片在:第7~8集
2026-09-17 01:24:57 - mkk_pika - main.py:112 - INFO - [episode:第7~8集     ] downloaded:    67, total:  67, progress:100%
2026-09-17 01:24:57 - mkk_pika - database.py:238 - INFO - 数据库更新已下载章节
2026-09-17 01:24:57 - mkk_pika - database.py:244 - INFO - 该漫画已下载章节如下
2026-09-17 01:24:57 - mkk_pika - database.py:245 - INFO - ['第1集', '第2集', '第3集', '第4~6集', '第7~8集']
2026-09-17 01:24:59 - mkk_pika - main.py:83 - INFO - 找到 92 张图片在:第9~11集
2026-09-17 01:25:04 - mkk_pika - main.py:112 - INFO - [episode:第9~11集    ] downloaded:    92, total:  92, progress:100%
2026-09-17 01:25:04 - mkk_pika - database.py:238 - INFO - 数据库更新已下载章节
2026-09-17 01:25:04 - mkk_pika - database.py:244 - INFO - 该漫画已下载章节如下
2026-09-17 01:25:04 - mkk_pika - database.py:245 - INFO - ['第1集', '第2集', '第3集', '第4~6集', '第7~8集', '第9~11集']
2026-09-17 01:25:07 - mkk_pika - main.py:83 - INFO - 找到 116 张图片在:第12~14集
2026-09-17 01:25:12 - mkk_pika - main.py:112 - INFO - [episode:第12~14集   ] downloaded:   116, total: 116, progress:100%
2026-09-17 01:25:12 - mkk_pika - database.py:238 - INFO - 数据库更新已下载章节
2026-09-17 01:25:12 - mkk_pika - database.py:244 - INFO - 该漫画已下载章节如下
2026-09-17 01:25:12 - mkk_pika - database.py:245 - INFO - ['第1集', '第2集', '第3集', '第4~6集', '第7~8集', '第9~11集', '第12~14集']
2026-09-17 01:25:14 - mkk_pika - main.py:83 - INFO - 找到 83 张图片在:第15~16集
2026-09-17 01:25:18 - mkk_pika - main.py:112 - INFO - [episode:第15~16集   ] downloaded:    83, total:  83, progress:100%
2026-09-17 01:25:18 - mkk_pika - database.py:238 - INFO - 数据库更新已下载章节
2026-09-17 01:25:18 - mkk_pika - database.py:244 - INFO - 该漫画已下载章节如下
2026-09-17 01:25:18 - mkk_pika - database.py:245 - INFO - ['第1集', '第2集', '第3集', '第4~6集', '第7~8集', '第9~11集', '第12~14集', '第15~16集']
2026-09-17 01:25:21 - mkk_pika - main.py:83 - INFO - 找到 94 张图片在:第17~18集
2026-09-17 01:25:25 - mkk_pika - main.py:112 - INFO - [episode:第17~18集   ] downloaded:    94, total:  94, progress:100%
2026-09-17 01:25:25 - mkk_pika - database.py:238 - INFO - 数据库更新已下载章节
2026-09-17 01:25:25 - mkk_pika - database.py:244 - INFO - 该漫画已下载章节如下
2026-09-17 01:25:25 - mkk_pika - database.py:245 - INFO - ['第1集', '第2集', '第3集', '第4~6集', '第7~8集', '第9~11集', '第12~14集', '第15~16集', '第17~18集']
2026-09-17 01:25:26 - mkk_pika - main.py:348 - INFO - ==================== 漫画信息 ====================
                                   漫画ID：5cd53b7adf16ce78fa283a15
                                   标题：Dinaranger
                                   作者：MACXE’S
                                   是否完结：否
                                   总页数：661
                                   分类：長篇,強暴,非人類
                                   章节数：9
                                   最后更新时间：2019-05-10T08:51:06.714Z
                                   =================================================
2026-09-17 01:25:26 - mkk_pika - database.py:101 - INFO - 保存成功：Dinaranger
2026-09-17 01:25:26 - mkk_pika - main.py:35 - INFO - 开始检查(C95)  みんなの浜風√弍 (艦隊これくしょん -艦これ-) [中国翻訳]是否存在未下载章节
2026-09-17 01:25:26 - mkk_pika - main.py:45 - INFO - 正在下载:[(C95)  みんなの浜風√弍 (艦隊これくしょん -艦これ-) [中国翻訳]]-[るしえ堂 (jema)]-[['短篇', '同人', '艦隊收藏', '全彩']]-[total_pages:18]
2026-09-17 01:25:26 - mkk_pika - main.py:49 - INFO - [{'_id': '5cd53ba7663f715dda90b887', 'title': '第1集', 'order': 1, 'updated_at': '2019-05-09T11:04:28.437Z', 'id': '5cd53ba7663f715dda90b887'}]
2026-09-17 01:25:26 - mkk_pika - database.py:215 - INFO - 第一次下载该漫画，记录数据库中
2026-09-17 01:25:27 - mkk_pika - main.py:83 - INFO - 找到 18 张图片在:第1集
2026-09-17 01:25:28 - mkk_pika - main.py:112 - INFO - [episode:第1集       ] downloaded:    18, total:  18, progress:100%
2026-09-17 01:25:28 - mkk_pika - database.py:238 - INFO - 数据库更新已下载章节
2026-09-17 01:25:28 - mkk_pika - database.py:244 - INFO - 该漫画已下载章节如下
2026-09-17 01:25:28 - mkk_pika - database.py:245 - INFO - ['第1集']
2026-09-17 01:25:29 - mkk_pika - main.py:348 - INFO - ==================== 漫画信息 ====================
                                   漫画ID：5cd53ba7663f715dda90b886
                                   标题：(C95)  みんなの浜風√弍 (艦隊これくしょん -艦これ-) [中国翻訳]
                                   作者：るしえ堂 (jema)
                                   是否完结：是
                                   总页数：18
                                   分类：短篇,同人,艦隊收藏,全彩
                                   章节数：1
                                   最后更新时间：2019-05-10T08:51:51.606Z
                                   =================================================
2026-09-17 01:25:29 - mkk_pika - database.py:101 - INFO - 保存成功：(C95)  みんなの浜風√弍 (艦隊これくしょん -艦これ-) [中国翻訳]
2026-09-17 01:25:29 - mkk_pika - main.py:35 - INFO - 开始检查とろいめらい♪  (COMIC E×E)是否存在未下载章节
2026-09-17 01:25:29 - mkk_pika - main.py:45 - INFO - 正在下载:[とろいめらい♪  (COMIC E×E)]-[ゴロメンツ(ヤスイリオスケ)]-[['長篇', '純愛', '姐姐系', '後宮閃光']]-[total_pages:97]
2026-09-17 01:25:29 - mkk_pika - main.py:49 - INFO - [{'_id': '5cac0f17e859a07091d8b70d', 'title': '1st stage', 'order': 1, 'updated_at': '2019-04-07T17:04:16.283Z', 'id': '5cac0f17e859a07091d8b70d'}, {'_id': '5cbddafb6e6f1e4def87fce7', 'title': '2nd stage', 'order': 2, 'updated_at': '2019-04-22T05:22:49.832Z', 'id': '5cbddafb6e6f1e4def87fce7'}, {'_id': '5cd2fca817de991ebe738b31', 'title': '3rd stage', 'order': 3, 'updated_at': '2019-05-07T17:50:00.921Z', 'id': '5cd2fca817de991ebe738b31'}, {'_id': '5cd53bbe663f715dda90b89b', 'title': 'bangaihen', 'order': 4, 'updated_at': '2019-05-09T11:10:00.952Z', 'id': '5cd53bbe663f715dda90b89b'}, {'_id': '5cd53bbe663f715dda90b89c', 'title': '4th stage', 'order': 5, 'updated_at': '2019-05-09T10:59:06.585Z', 'id': '5cd53bbe663f715dda90b89c'}]
2026-09-17 01:25:29 - mkk_pika - database.py:215 - INFO - 第一次下载该漫画，记录数据库中
2026-09-17 01:25:30 - mkk_pika - main.py:83 - INFO - 找到 23 张图片在:1ststage
2026-09-17 01:25:32 - mkk_pika - main.py:112 - INFO - [episode:1st stage ] downloaded:    23, total:  23, progress:100%
2026-09-17 01:25:32 - mkk_pika - database.py:238 - INFO - 数据库更新已下载章节
2026-09-17 01:25:32 - mkk_pika - database.py:244 - INFO - 该漫画已下载章节如下
2026-09-17 01:25:32 - mkk_pika - database.py:245 - INFO - ['1st stage']
2026-09-17 01:25:34 - mkk_pika - main.py:83 - INFO - 找到 24 张图片在:2ndstage
2026-09-17 01:25:35 - mkk_pika - main.py:112 - INFO - [episode:2nd stage ] downloaded:    24, total:  24, progress:100%
2026-09-17 01:25:35 - mkk_pika - database.py:238 - INFO - 数据库更新已下载章节
2026-09-17 01:25:35 - mkk_pika - database.py:244 - INFO - 该漫画已下载章节如下
2026-09-17 01:25:35 - mkk_pika - database.py:245 - INFO - ['1st stage', '2nd stage']
2026-09-17 01:25:37 - mkk_pika - main.py:83 - INFO - 找到 24 张图片在:3rdstage
2026-09-17 01:25:38 - mkk_pika - main.py:112 - INFO - [episode:3rd stage ] downloaded:    24, total:  24, progress:100%
2026-09-17 01:25:38 - mkk_pika - database.py:238 - INFO - 数据库更新已下载章节
2026-09-17 01:25:38 - mkk_pika - database.py:244 - INFO - 该漫画已下载章节如下
2026-09-17 01:25:38 - mkk_pika - database.py:245 - INFO - ['1st stage', '2nd stage', '3rd stage']
2026-09-17 01:25:40 - mkk_pika - main.py:83 - INFO - 找到 2 张图片在:bangaihen
2026-09-17 01:25:40 - mkk_pika - main.py:112 - INFO - [episode:bangaihen ] downloaded:     2, total:   2, progress:100%
2026-09-17 01:25:40 - mkk_pika - database.py:238 - INFO - 数据库更新已下载章节
2026-09-17 01:25:40 - mkk_pika - database.py:244 - INFO - 该漫画已下载章节如下
2026-09-17 01:25:40 - mkk_pika - database.py:245 - INFO - ['1st stage', '2nd stage', '3rd stage', 'bangaihen']
2026-09-17 01:25:42 - mkk_pika - main.py:83 - INFO - 找到 24 张图片在:4thstage
2026-09-17 01:25:44 - mkk_pika - main.py:112 - INFO - [episode:4th stage ] downloaded:    24, total:  24, progress:100%
2026-09-17 01:25:44 - mkk_pika - database.py:238 - INFO - 数据库更新已下载章节
2026-09-17 01:25:44 - mkk_pika - database.py:244 - INFO - 该漫画已下载章节如下
2026-09-17 01:25:44 - mkk_pika - database.py:245 - INFO - ['1st stage', '2nd stage', '3rd stage', 'bangaihen', '4th stage']
2026-09-17 01:25:45 - mkk_pika - main.py:348 - INFO - ==================== 漫画信息 ====================
                                   漫画ID：5cac0f17e859a07091d8b70c
                                   标题：とろいめらい♪  (COMIC E×E)
                                   作者：ゴロメンツ(ヤスイリオスケ)
                                   是否完结：否
                                   总页数：97
                                   分类：長篇,純愛,姐姐系,後宮閃光
                                   章节数：5
                                   最后更新时间：2019-05-10T08:52:14.652Z
                                   =================================================
2026-09-17 01:25:45 - mkk_pika - database.py:101 - INFO - 保存成功：とろいめらい♪  (COMIC E×E)
2026-09-17 01:25:45 - mkk_pika - main.py:35 - INFO - 开始检查越做越愛的二人密話 ~從假告白開始的戀情~是否存在未下载章节
2026-09-17 01:25:45 - mkk_pika - main.py:45 - INFO - 正在下载:[越做越愛的二人密話 ~從假告白開始的戀情~]-[秋月たかひろ]-[['長篇', '純愛']]-[total_pages:33]
2026-09-17 01:25:45 - mkk_pika - main.py:49 - INFO - [{'_id': '5cd53bd23f52813c0bec203b', 'title': '第1集', 'order': 1, 'updated_at': '2019-05-09T11:23:20.673Z', 'id': '5cd53bd23f52813c0bec203b'}]
2026-09-17 01:25:45 - mkk_pika - database.py:215 - INFO - 第一次下载该漫画，记录数据库中
2026-09-17 01:25:46 - mkk_pika - main.py:83 - INFO - 找到 33 张图片在:第1集
2026-09-17 01:25:48 - mkk_pika - main.py:112 - INFO - [episode:第1集       ] downloaded:    33, total:  33, progress:100%
2026-09-17 01:25:48 - mkk_pika - database.py:238 - INFO - 数据库更新已下载章节
2026-09-17 01:25:48 - mkk_pika - database.py:244 - INFO - 该漫画已下载章节如下
2026-09-17 01:25:48 - mkk_pika - database.py:245 - INFO - ['第1集']
2026-09-17 01:25:49 - mkk_pika - main.py:348 - INFO - ==================== 漫画信息 ====================
                                   漫画ID：5cd53bd13f52813c0bec203a
                                   标题：越做越愛的二人密話 ~從假告白開始的戀情~
                                   作者：秋月たかひろ
                                   是否完结：否
                                   总页数：33
                                   分类：長篇,純愛
                                   章节数：1
                                   最后更新时间：2019-05-10T08:52:33.993Z
                                   =================================================
2026-09-17 01:25:49 - mkk_pika - database.py:101 - INFO - 保存成功：越做越愛的二人密話 ~從假告白開始的戀情~
2026-09-17 01:25:49 - mkk_pika - main.py:35 - INFO - 开始检查(C94) 八坂さんのおっぱい (ハイスクールD×D) [中国翻訳]是否存在未下载章节
2026-09-17 01:25:49 - mkk_pika - main.py:45 - INFO - 正在下载:[(C94) 八坂さんのおっぱい (ハイスクールD×D) [中国翻訳]]-[芝雪屋 (しばゆき)]-[['短篇', '同人', '人妻', '非人類']]-[total_pages:12]
2026-09-17 01:25:49 - mkk_pika - main.py:49 - INFO - [{'_id': '5cd53c14fdcdff7bd108a53e', 'title': '第1集', 'order': 1, 'updated_at': '2019-05-09T13:35:44.372Z', 'id': '5cd53c14fdcdff7bd108a53e'}]
2026-09-17 01:25:49 - mkk_pika - database.py:215 - INFO - 第一次下载该漫画，记录数据库中
2026-09-17 01:25:50 - mkk_pika - main.py:83 - INFO - 找到 12 张图片在:第1集
2026-09-17 01:25:51 - mkk_pika - main.py:112 - INFO - [episode:第1集       ] downloaded:    12, total:  12, progress:100%
2026-09-17 01:25:51 - mkk_pika - database.py:238 - INFO - 数据库更新已下载章节
2026-09-17 01:25:51 - mkk_pika - database.py:244 - INFO - 该漫画已下载章节如下
2026-09-17 01:25:51 - mkk_pika - database.py:245 - INFO - ['第1集']
2026-09-17 01:25:52 - mkk_pika - main.py:348 - INFO - ==================== 漫画信息 ====================
                                   漫画ID：5cd53c14fdcdff7bd108a53d
                                   标题：(C94) 八坂さんのおっぱい (ハイスクールD×D) [中国翻訳]
                                   作者：芝雪屋 (しばゆき)
                                   是否完结：是
                                   总页数：12
                                   分类：短篇,同人,人妻,非人類
                                   章节数：1
                                   最后更新时间：2019-05-10T08:53:40.981Z
                                   =================================================
2026-09-17 01:25:52 - mkk_pika - database.py:101 - INFO - 保存成功：(C94) 八坂さんのおっぱい (ハイスクールD×D) [中国翻訳]
2026-09-17 01:25:52 - mkk_pika - main.py:35 - INFO - 开始检查僕にセフレが出来た理由 ～おとなりの人妻編～ 中文翻譯是否存在未下载章节
2026-09-17 01:25:53 - mkk_pika - main.py:45 - INFO - 正在下载:[僕にセフレが出来た理由 ～おとなりの人妻編～ 中文翻譯]-[あいるあいる (あいる)]-[['短篇', '人妻']]-[total_pages:67]
2026-09-17 01:25:53 - mkk_pika - main.py:49 - INFO - [{'_id': '5cd53ce3e83d2d67cf9c62b3', 'title': '第1集', 'order': 1, 'updated_at': '2019-05-09T14:40:44.815Z', 'id': '5cd53ce3e83d2d67cf9c62b3'}]
2026-09-17 01:25:53 - mkk_pika - database.py:215 - INFO - 第一次下载该漫画，记录数据库中
2026-09-17 01:25:54 - mkk_pika - main.py:83 - INFO - 找到 67 张图片在:第1集
2026-09-17 01:25:57 - mkk_pika - main.py:112 - INFO - [episode:第1集       ] downloaded:    67, total:  67, progress:100%
2026-09-17 01:25:57 - mkk_pika - database.py:238 - INFO - 数据库更新已下载章节
2026-09-17 01:25:57 - mkk_pika - database.py:244 - INFO - 该漫画已下载章节如下
2026-09-17 01:25:57 - mkk_pika - database.py:245 - INFO - ['第1集']
2026-09-17 01:25:58 - mkk_pika - main.py:348 - INFO - ==================== 漫画信息 ====================
                                   漫画ID：5cd53ce3e83d2d67cf9c62b2
                                   标题：僕にセフレが出来た理由 ～おとなりの人妻編～ 中文翻譯
                                   作者：あいるあいる (あいる)
                                   是否完结：是
                                   总页数：67
                                   分类：短篇,人妻
                                   章节数：1
                                   最后更新时间：2019-05-10T08:57:07.331Z
                                   =================================================
2026-09-17 01:25:58 - mkk_pika - database.py:101 - INFO - 保存成功：僕にセフレが出来た理由 ～おとなりの人妻編～ 中文翻譯
2026-09-17 01:25:58 - mkk_pika - main.py:35 - INFO - 开始检查 (サンクリ51)  シャル+ラウラ√route (IS＜インフィニット・ストラトス＞)是否存在未下载章节
2026-09-17 01:25:58 - mkk_pika - main.py:45 - INFO - 正在下载:[ (サンクリ51)  シャル+ラウラ√route (IS＜インフィニット・ストラトス＞)]-[あめ のち ゆき (あめとゆき)]-[['短篇', '同人']]-[total_pages:28]
2026-09-17 01:25:58 - mkk_pika - main.py:49 - INFO - [{'_id': '5cd53d75ef22ca3cf05bcf43', 'title': '第1集', 'order': 1, 'updated_at': '2019-05-09T14:27:39.812Z', 'id': '5cd53d75ef22ca3cf05bcf43'}]
2026-09-17 01:25:58 - mkk_pika - database.py:215 - INFO - 第一次下载该漫画，记录数据库中
2026-09-17 01:25:59 - mkk_pika - main.py:83 - INFO - 找到 28 张图片在:第1集
2026-09-17 01:26:01 - mkk_pika - main.py:112 - INFO - [episode:第1集       ] downloaded:    28, total:  28, progress:100%
2026-09-17 01:26:01 - mkk_pika - database.py:238 - INFO - 数据库更新已下载章节
2026-09-17 01:26:01 - mkk_pika - database.py:244 - INFO - 该漫画已下载章节如下
2026-09-17 01:26:01 - mkk_pika - database.py:245 - INFO - ['第1集']
2026-09-17 01:26:02 - mkk_pika - main.py:348 - INFO - ==================== 漫画信息 ====================
                                   漫画ID：5cd53d75ef22ca3cf05bcf42
                                   标题： (サンクリ51)  シャル+ラウラ√route (IS＜インフィニット・ストラトス＞)
                                   作者：あめ のち ゆき (あめとゆき)
                                   是否完结：否
                                   总页数：28
                                   分类：短篇,同人
                                   章节数：1
                                   最后更新时间：2019-05-10T08:59:33.270Z
                                   =================================================
2026-09-17 01:26:02 - mkk_pika - database.py:101 - INFO - 保存成功： (サンクリ51)  シャル+ラウラ√route (IS＜インフィニット・ストラトス＞)
2026-09-17 01:26:02 - mkk_pika - main.py:35 - INFO - 开始检查(COMIC1☆15) 三蔵ちゃんと馬2 (Fate/Grand Order) [中国翻訳]是否存在未下载章节
2026-09-17 01:26:03 - mkk_pika - main.py:45 - INFO - 正在下载:[(COMIC1☆15) 三蔵ちゃんと馬2 (Fate/Grand Order) [中国翻訳]]-[ANIMAL SERVICE (ハイソン)]-[['短篇', '同人', '非人類', 'Fate']]-[total_pages:24]
2026-09-17 01:26:03 - mkk_pika - main.py:49 - INFO - [{'_id': '5cd53e1e777e847f7199cd19', 'title': '第1集', 'order': 1, 'updated_at': '2019-05-09T15:18:13.890Z', 'id': '5cd53e1e777e847f7199cd19'}]
2026-09-17 01:26:03 - mkk_pika - database.py:215 - INFO - 第一次下载该漫画，记录数据库中
2026-09-17 01:26:04 - mkk_pika - main.py:83 - INFO - 找到 24 张图片在:第1集
2026-09-17 01:26:05 - mkk_pika - main.py:112 - INFO - [episode:第1集       ] downloaded:    24, total:  24, progress:100%
2026-09-17 01:26:05 - mkk_pika - database.py:238 - INFO - 数据库更新已下载章节
2026-09-17 01:26:05 - mkk_pika - database.py:244 - INFO - 该漫画已下载章节如下
2026-09-17 01:26:05 - mkk_pika - database.py:245 - INFO - ['第1集']
2026-09-17 01:26:06 - mkk_pika - main.py:348 - INFO - ==================== 漫画信息 ====================
                                   漫画ID：5cd53e1e777e847f7199cd18
                                   标题：(COMIC1☆15) 三蔵ちゃんと馬2 (Fate/Grand Order) [中国翻訳]
                                   作者：ANIMAL SERVICE (ハイソン)
                                   是否完结：是
                                   总页数：24
                                   分类：短篇,同人,非人類,Fate
                                   章节数：1
                                   最后更新时间：2019-05-10T09:02:22.052Z
                                   =================================================
2026-09-17 01:26:06 - mkk_pika - database.py:101 - INFO - 保存成功：(COMIC1☆15) 三蔵ちゃんと馬2 (Fate/Grand Order) [中国翻訳]
2026-09-17 01:26:06 - mkk_pika - main.py:35 - INFO - 开始检查  幼馴好 [DL版]是否存在未下载章节
2026-09-17 01:26:06 - mkk_pika - main.py:45 - INFO - 正在下载:[  幼馴好 [DL版]]-[Contamination (eigetu)]-[['短篇', '同人']]-[total_pages:33]
2026-09-17 01:26:06 - mkk_pika - main.py:49 - INFO - [{'_id': '5cd53e8e777e847f7199cd34', 'title': '第1集', 'order': 1, 'updated_at': '2019-05-09T15:08:36.702Z', 'id': '5cd53e8e777e847f7199cd34'}]
2026-09-17 01:26:06 - mkk_pika - database.py:215 - INFO - 第一次下载该漫画，记录数据库中
2026-09-17 01:26:07 - mkk_pika - main.py:83 - INFO - 找到 33 张图片在:第1集
2026-09-17 01:26:09 - mkk_pika - main.py:112 - INFO - [episode:第1集       ] downloaded:    33, total:  33, progress:100%
2026-09-17 01:26:09 - mkk_pika - database.py:238 - INFO - 数据库更新已下载章节
2026-09-17 01:26:09 - mkk_pika - database.py:244 - INFO - 该漫画已下载章节如下
2026-09-17 01:26:09 - mkk_pika - database.py:245 - INFO - ['第1集']
2026-09-17 01:26:10 - mkk_pika - main.py:348 - INFO - ==================== 漫画信息 ====================
                                   漫画ID：5cd53e8e777e847f7199cd33
                                   标题：  幼馴好 [DL版]
                                   作者：Contamination (eigetu)
                                   是否完结：否
                                   总页数：33
                                   分类：短篇,同人
                                   章节数：1
                                   最后更新时间：2019-05-10T09:04:14.124Z
                                   =================================================
2026-09-17 01:26:10 - mkk_pika - database.py:101 - INFO - 保存成功：  幼馴好 [DL版]
2026-09-17 01:26:10 - mkk_pika - main.py:35 - INFO - 开始检查おあずけせっくす是否存在未下载章节
2026-09-17 01:26:10 - mkk_pika - main.py:45 - INFO - 正在下载:[おあずけせっくす]-[アクアドロップ (三上ミカ)]-[['短篇', '純愛', '妹妹系']]-[total_pages:58]
2026-09-17 01:26:10 - mkk_pika - main.py:49 - INFO - [{'_id': '5cd53eb5777e847f7199cd58', 'title': '第1集', 'order': 1, 'updated_at': '2019-05-09T19:33:08.886Z', 'id': '5cd53eb5777e847f7199cd58'}]
2026-09-17 01:26:10 - mkk_pika - database.py:215 - INFO - 第一次下载该漫画，记录数据库中
2026-09-17 01:26:12 - mkk_pika - main.py:83 - INFO - 找到 58 张图片在:第1集
2026-09-17 01:26:14 - mkk_pika - main.py:112 - INFO - [episode:第1集       ] downloaded:    58, total:  58, progress:100%
2026-09-17 01:26:14 - mkk_pika - database.py:238 - INFO - 数据库更新已下载章节
2026-09-17 01:26:14 - mkk_pika - database.py:244 - INFO - 该漫画已下载章节如下
2026-09-17 01:26:14 - mkk_pika - database.py:245 - INFO - ['第1集']
2026-09-17 01:26:15 - mkk_pika - main.py:348 - INFO - ==================== 漫画信息 ====================
                                   漫画ID：5cd53eb5777e847f7199cd57
                                   标题：おあずけせっくす
                                   作者：アクアドロップ (三上ミカ)
                                   是否完结：否
                                   总页数：58
                                   分类：短篇,純愛,妹妹系
                                   章节数：1
                                   最后更新时间：2019-05-10T09:04:53.742Z
                                   =================================================
2026-09-17 01:26:15 - mkk_pika - database.py:101 - INFO - 保存成功：おあずけせっくす
2026-09-17 01:26:15 - mkk_pika - main.py:35 - INFO - 开始检查(COMIC1☆15)  桐須先生は我慢ができない (ぼくたちは勉強ができない) 是否存在未下载章节
2026-09-17 01:26:16 - mkk_pika - main.py:45 - INFO - 正在下载:[(COMIC1☆15)  桐須先生は我慢ができない (ぼくたちは勉強ができない) ]-[ぽぽちち (八尋ぽち)]-[['短篇', '同人', '純愛', '姐姐系']]-[total_pages:24]
2026-09-17 01:26:16 - mkk_pika - main.py:49 - INFO - [{'_id': '5cd53f1abb45ef7cfbf3d34b', 'title': '第1集', 'order': 1, 'updated_at': '2019-05-10T02:47:29.124Z', 'id': '5cd53f1abb45ef7cfbf3d34b'}]
2026-09-17 01:26:16 - mkk_pika - database.py:215 - INFO - 第一次下载该漫画，记录数据库中
2026-09-17 01:26:16 - mkk_pika - main.py:83 - INFO - 找到 24 张图片在:第1集
2026-09-17 01:26:18 - mkk_pika - main.py:112 - INFO - [episode:第1集       ] downloaded:    24, total:  24, progress:100%
2026-09-17 01:26:18 - mkk_pika - database.py:238 - INFO - 数据库更新已下载章节
2026-09-17 01:26:18 - mkk_pika - database.py:244 - INFO - 该漫画已下载章节如下
2026-09-17 01:26:18 - mkk_pika - database.py:245 - INFO - ['第1集']
2026-09-17 01:26:19 - mkk_pika - main.py:348 - INFO - ==================== 漫画信息 ====================
                                   漫画ID：5cd53f1abb45ef7cfbf3d34a
                                   标题：(COMIC1☆15)  桐須先生は我慢ができない (ぼくたちは勉強ができない) 
                                   作者：ぽぽちち (八尋ぽち)
                                   是否完结：是
                                   总页数：24
                                   分类：短篇,同人,純愛,姐姐系
                                   章节数：1
                                   最后更新时间：2019-05-10T09:06:34.435Z
                                   =================================================
2026-09-17 01:26:19 - mkk_pika - database.py:101 - INFO - 保存成功：(COMIC1☆15)  桐須先生は我慢ができない (ぼくたちは勉強ができない) 
2026-09-17 01:26:19 - mkk_pika - main.py:35 - INFO - 开始检查(COMIC1☆15)  想詰めBOX 46 (五等分の花嫁)是否存在未下载章节
2026-09-17 01:26:19 - mkk_pika - main.py:45 - INFO - 正在下载:[(COMIC1☆15)  想詰めBOX 46 (五等分の花嫁)]-[想詰め (串カツ孔明)]-[['短篇', '同人', '純愛', '後宮閃光']]-[total_pages:62]
2026-09-17 01:26:19 - mkk_pika - main.py:49 - INFO - [{'_id': '5cd256c0621d2c3e8c4373e1', 'title': '第1集', 'order': 1, 'updated_at': '2019-05-07T11:41:25.825Z', 'id': '5cd256c0621d2c3e8c4373e1'}, {'_id': '5cd53f42ef22ca3cf05bcf66', 'title': '汉化', 'order': 2, 'updated_at': '2019-05-10T02:55:54.977Z', 'id': '5cd53f42ef22ca3cf05bcf66'}]
2026-09-17 01:26:19 - mkk_pika - database.py:215 - INFO - 第一次下载该漫画，记录数据库中
2026-09-17 01:26:20 - mkk_pika - main.py:83 - INFO - 找到 30 张图片在:第1集
2026-09-17 01:26:21 - mkk_pika - main.py:112 - INFO - [episode:第1集       ] downloaded:    30, total:  30, progress:100%
2026-09-17 01:26:21 - mkk_pika - database.py:238 - INFO - 数据库更新已下载章节
2026-09-17 01:26:21 - mkk_pika - database.py:244 - INFO - 该漫画已下载章节如下
2026-09-17 01:26:21 - mkk_pika - database.py:245 - INFO - ['第1集']
2026-09-17 01:26:23 - mkk_pika - main.py:83 - INFO - 找到 32 张图片在:汉化
2026-09-17 01:26:25 - mkk_pika - main.py:112 - INFO - [episode:汉化        ] downloaded:    32, total:  32, progress:100%
2026-09-17 01:26:25 - mkk_pika - database.py:238 - INFO - 数据库更新已下载章节
2026-09-17 01:26:25 - mkk_pika - database.py:244 - INFO - 该漫画已下载章节如下
2026-09-17 01:26:25 - mkk_pika - database.py:245 - INFO - ['第1集', '汉化']
2026-09-17 01:26:26 - mkk_pika - main.py:348 - INFO - ==================== 漫画信息 ====================
                                   漫画ID：5cd256c0621d2c3e8c4373e0
                                   标题：(COMIC1☆15)  想詰めBOX 46 (五等分の花嫁)
                                   作者：想詰め (串カツ孔明)
                                   是否完结：是
                                   总页数：62
                                   分类：短篇,同人,純愛,後宮閃光
                                   章节数：2
                                   最后更新时间：2019-05-10T09:07:14.435Z
                                   =================================================
2026-09-17 01:26:26 - mkk_pika - database.py:101 - INFO - 保存成功：(COMIC1☆15)  想詰めBOX 46 (五等分の花嫁)
2026-09-17 01:26:26 - mkk_pika - main.py:35 - INFO - 开始检查(C89)  Loli Mika Condition (アイドルマスター シンデレラガールズ) [中国翻訳]是否存在未下载章节
2026-09-17 01:26:26 - mkk_pika - main.py:45 - INFO - 正在下载:[(C89)  Loli Mika Condition (アイドルマスター シンデレラガールズ) [中国翻訳]]-[漆黒のバゼラード (九野十弥)]-[['短篇', '同人', '純愛']]-[total_pages:30]
2026-09-17 01:26:26 - mkk_pika - main.py:49 - INFO - [{'_id': '5cd53f611a706c7d60c64e1a', 'title': '第1集', 'order': 1, 'updated_at': '2019-05-10T03:18:53.192Z', 'id': '5cd53f611a706c7d60c64e1a'}]
2026-09-17 01:26:26 - mkk_pika - database.py:215 - INFO - 第一次下载该漫画，记录数据库中
2026-09-17 01:26:27 - mkk_pika - main.py:83 - INFO - 找到 30 张图片在:第1集
2026-09-17 01:26:29 - mkk_pika - main.py:112 - INFO - [episode:第1集       ] downloaded:    30, total:  30, progress:100%
2026-09-17 01:26:29 - mkk_pika - database.py:238 - INFO - 数据库更新已下载章节
2026-09-17 01:26:29 - mkk_pika - database.py:244 - INFO - 该漫画已下载章节如下
2026-09-17 01:26:29 - mkk_pika - database.py:245 - INFO - ['第1集']
2026-09-17 01:26:30 - mkk_pika - main.py:348 - INFO - ==================== 漫画信息 ====================
                                   漫画ID：5cd53f611a706c7d60c64e19
                                   标题：(C89)  Loli Mika Condition (アイドルマスター シンデレラガールズ) [中国翻訳]
                                   作者：漆黒のバゼラード (九野十弥)
                                   是否完结：是
                                   总页数：30
                                   分类：短篇,同人,純愛
                                   章节数：1
                                   最后更新时间：2019-05-10T09:07:45.203Z
                                   =================================================
2026-09-17 01:26:30 - mkk_pika - database.py:101 - INFO - 保存成功：(C89)  Loli Mika Condition (アイドルマスター シンデレラガールズ) [中国翻訳]
2026-09-17 01:26:30 - mkk_pika - main.py:35 - INFO - 开始检查(COMIC1☆15)  MOUSOUみにしあたー43 (世話やきキツネの仙狐さん) [中国翻訳]是否存在未下载章节
2026-09-17 01:26:30 - mkk_pika - main.py:45 - INFO - 正在下载:[(COMIC1☆15)  MOUSOUみにしあたー43 (世話やきキツネの仙狐さん) [中国翻訳]]-[スタジオBIG-X (ありのひろし)]-[['短篇', '同人', '非人類']]-[total_pages:26]
2026-09-17 01:26:30 - mkk_pika - main.py:49 - INFO - [{'_id': '5cd53f93ef22ca3cf05bcf8c', 'title': '第1集', 'order': 1, 'updated_at': '2019-05-10T03:28:29.135Z', 'id': '5cd53f93ef22ca3cf05bcf8c'}]
2026-09-17 01:26:30 - mkk_pika - database.py:215 - INFO - 第一次下载该漫画，记录数据库中
2026-09-17 01:26:31 - mkk_pika - main.py:83 - INFO - 找到 26 张图片在:第1集
2026-09-17 01:26:32 - mkk_pika - main.py:112 - INFO - [episode:第1集       ] downloaded:    26, total:  26, progress:100%
2026-09-17 01:26:32 - mkk_pika - database.py:238 - INFO - 数据库更新已下载章节
2026-09-17 01:26:32 - mkk_pika - database.py:244 - INFO - 该漫画已下载章节如下
2026-09-17 01:26:32 - mkk_pika - database.py:245 - INFO - ['第1集']
2026-09-17 01:26:34 - mkk_pika - main.py:348 - INFO - ==================== 漫画信息 ====================
                                   漫画ID：5cd53f93ef22ca3cf05bcf8b
                                   标题：(COMIC1☆15)  MOUSOUみにしあたー43 (世話やきキツネの仙狐さん) [中国翻訳]
                                   作者：スタジオBIG-X (ありのひろし)
                                   是否完结：是
                                   总页数：26
                                   分类：短篇,同人,非人類
                                   章节数：1
                                   最后更新时间：2019-05-10T09:08:35.809Z
                                   =================================================
2026-09-17 01:26:34 - mkk_pika - database.py:101 - INFO - 保存成功：(COMIC1☆15)  MOUSOUみにしあたー43 (世話やきキツネの仙狐さん) [中国翻訳]
2026-09-17 01:26:34 - mkk_pika - main.py:35 - INFO - 开始检查シゲキテキナコト (COMIC快楽天ビースト 2017年2月号)[無修正]是否存在未下载章节
2026-09-17 01:26:34 - mkk_pika - main.py:45 - INFO - 正在下载:[シゲキテキナコト (COMIC快楽天ビースト 2017年2月号)[無修正]]-[羽月ユウト]-[['短篇', '純愛']]-[total_pages:20]
2026-09-17 01:26:34 - mkk_pika - main.py:49 - INFO - [{'_id': '5cd540451a706c7d60c64e58', 'title': '第1集', 'order': 1, 'updated_at': '2019-05-10T07:23:20.830Z', 'id': '5cd540451a706c7d60c64e58'}]
2026-09-17 01:26:34 - mkk_pika - database.py:215 - INFO - 第一次下载该漫画，记录数据库中
2026-09-17 01:26:35 - mkk_pika - main.py:83 - INFO - 找到 20 张图片在:第1集
2026-09-17 01:26:36 - mkk_pika - main.py:112 - INFO - [episode:第1集       ] downloaded:    20, total:  20, progress:100%
2026-09-17 01:26:36 - mkk_pika - database.py:238 - INFO - 数据库更新已下载章节
2026-09-17 01:26:36 - mkk_pika - database.py:244 - INFO - 该漫画已下载章节如下
2026-09-17 01:26:36 - mkk_pika - database.py:245 - INFO - ['第1集']
2026-09-17 01:26:37 - mkk_pika - main.py:348 - INFO - ==================== 漫画信息 ====================
                                   漫画ID：5cd540451a706c7d60c64e57
                                   标题：シゲキテキナコト (COMIC快楽天ビースト 2017年2月号)[無修正]
                                   作者：羽月ユウト
                                   是否完结：否
                                   总页数：20
                                   分类：短篇,純愛
                                   章节数：1
                                   最后更新时间：2019-05-10T09:11:33.512Z
                                   =================================================
2026-09-17 01:26:37 - mkk_pika - database.py:101 - INFO - 保存成功：シゲキテキナコト (COMIC快楽天ビースト 2017年2月号)[無修正]
2026-09-17 01:26:37 - mkk_pika - main.py:35 - INFO - 开始检查脳筋西岡の妄想DIARY (COMIC快楽天ビースト 2017年4月号)[無修正]是否存在未下载章节
2026-09-17 01:26:38 - mkk_pika - main.py:45 - INFO - 正在下载:[脳筋西岡の妄想DIARY (COMIC快楽天ビースト 2017年4月号)[無修正]]-[羽月ユウト]-[['短篇']]-[total_pages:20]
2026-09-17 01:26:38 - mkk_pika - main.py:49 - INFO - [{'_id': '5cd5405b1a706c7d60c64e6e', 'title': '第1集', 'order': 1, 'updated_at': '2019-05-10T07:35:34.349Z', 'id': '5cd5405b1a706c7d60c64e6e'}]
2026-09-17 01:26:38 - mkk_pika - database.py:215 - INFO - 第一次下载该漫画，记录数据库中
2026-09-17 01:26:39 - mkk_pika - main.py:83 - INFO - 找到 20 张图片在:第1集
2026-09-17 01:26:40 - mkk_pika - main.py:112 - INFO - [episode:第1集       ] downloaded:    20, total:  20, progress:100%
2026-09-17 01:26:40 - mkk_pika - database.py:238 - INFO - 数据库更新已下载章节
2026-09-17 01:26:40 - mkk_pika - database.py:244 - INFO - 该漫画已下载章节如下
2026-09-17 01:26:40 - mkk_pika - database.py:245 - INFO - ['第1集']
2026-09-17 01:26:42 - mkk_pika - main.py:348 - INFO - ==================== 漫画信息 ====================
                                   漫画ID：5cd5405b1a706c7d60c64e6d
                                   标题：脳筋西岡の妄想DIARY (COMIC快楽天ビースト 2017年4月号)[無修正]
                                   作者：羽月ユウト
                                   是否完结：否
                                   总页数：20
                                   分类：短篇
                                   章节数：1
                                   最后更新时间：2019-05-10T09:11:55.847Z
                                   =================================================
2026-09-17 01:26:42 - mkk_pika - database.py:101 - INFO - 保存成功：脳筋西岡の妄想DIARY (COMIC快楽天ビースト 2017年4月号)[無修正]
2026-09-17 01:26:42 - mkk_pika - main.py:35 - INFO - 开始检查(C95)黒の女王の異世界性活2 (黒獣～気高き聖女は白濁に染まる～) 是否存在未下载章节
2026-09-17 01:26:42 - mkk_pika - main.py:45 - INFO - 正在下载:[(C95)黒の女王の異世界性活2 (黒獣～気高き聖女は白濁に染まる～) ]-[我チ○コ書房 (孤蛮屋こばん)]-[['短篇', '純愛', '同人']]-[total_pages:28]
2026-09-17 01:26:42 - mkk_pika - main.py:49 - INFO - [{'_id': '5cd54082bb45ef7cfbf3d36b', 'title': '第1集', 'order': 1, 'updated_at': '2019-05-10T08:38:26.993Z', 'id': '5cd54082bb45ef7cfbf3d36b'}]
2026-09-17 01:26:42 - mkk_pika - database.py:215 - INFO - 第一次下载该漫画，记录数据库中
2026-09-17 01:26:43 - mkk_pika - main.py:83 - INFO - 找到 28 张图片在:第1集
2026-09-17 01:26:44 - mkk_pika - main.py:112 - INFO - [episode:第1集       ] downloaded:    28, total:  28, progress:100%
2026-09-17 01:26:44 - mkk_pika - database.py:238 - INFO - 数据库更新已下载章节
2026-09-17 01:26:44 - mkk_pika - database.py:244 - INFO - 该漫画已下载章节如下
2026-09-17 01:26:44 - mkk_pika - database.py:245 - INFO - ['第1集']
2026-09-17 01:26:46 - mkk_pika - main.py:348 - INFO - ==================== 漫画信息 ====================
                                   漫画ID：5cd54082bb45ef7cfbf3d36a
                                   标题：(C95)黒の女王の異世界性活2 (黒獣～気高き聖女は白濁に染まる～) 
                                   作者：我チ○コ書房 (孤蛮屋こばん)
                                   是否完结：是
                                   总页数：28
                                   分类：短篇,純愛,同人
                                   章节数：1
                                   最后更新时间：2019-05-10T09:12:34.437Z
                                   =================================================
2026-09-17 01:26:46 - mkk_pika - database.py:101 - INFO - 保存成功：(C95)黒の女王の異世界性活2 (黒獣～気高き聖女は白濁に染まる～) 
2026-09-17 01:26:46 - mkk_pika - main.py:35 - INFO - 开始检查童貞BOY MEETS GAL (COMIC快楽天ビースト 2017年6月号)[無修正]是否存在未下载章节
2026-09-17 01:26:46 - mkk_pika - main.py:45 - INFO - 正在下载:[童貞BOY MEETS GAL (COMIC快楽天ビースト 2017年6月号)[無修正]]-[羽月ユウト]-[['短篇', '純愛']]-[total_pages:20]
2026-09-17 01:26:46 - mkk_pika - main.py:49 - INFO - [{'_id': '5cd540a26661073f95003d03', 'title': '第1集', 'order': 1, 'updated_at': '2019-05-10T07:44:06.262Z', 'id': '5cd540a26661073f95003d03'}]
2026-09-17 01:26:46 - mkk_pika - database.py:215 - INFO - 第一次下载该漫画，记录数据库中
2026-09-17 01:26:47 - mkk_pika - main.py:83 - INFO - 找到 20 张图片在:第1集
2026-09-17 01:26:48 - mkk_pika - main.py:112 - INFO - [episode:第1集       ] downloaded:    20, total:  20, progress:100%
2026-09-17 01:26:48 - mkk_pika - database.py:238 - INFO - 数据库更新已下载章节
2026-09-17 01:26:48 - mkk_pika - database.py:244 - INFO - 该漫画已下载章节如下
2026-09-17 01:26:48 - mkk_pika - database.py:245 - INFO - ['第1集']
2026-09-17 01:26:49 - mkk_pika - main.py:348 - INFO - ==================== 漫画信息 ====================
                                   漫画ID：5cd540a26661073f95003d02
                                   标题：童貞BOY MEETS GAL (COMIC快楽天ビースト 2017年6月号)[無修正]
                                   作者：羽月ユウト
                                   是否完结：否
                                   总页数：20
                                   分类：短篇,純愛
                                   章节数：1
                                   最后更新时间：2019-05-10T09:13:06.124Z
                                   =================================================
2026-09-17 01:26:49 - mkk_pika - database.py:101 - INFO - 保存成功：童貞BOY MEETS GAL (COMIC快楽天ビースト 2017年6月号)[無修正]
2026-09-17 01:26:49 - mkk_pika - main.py:35 - INFO - 开始检查南先生の受難 (COMIC快楽天ビースト 2018年2月号)[無修正]是否存在未下载章节
2026-09-17 01:26:50 - mkk_pika - main.py:45 - INFO - 正在下载:[南先生の受難 (COMIC快楽天ビースト 2018年2月号)[無修正]]-[羽月ユウト]-[['短篇', '純愛']]-[total_pages:22]
2026-09-17 01:26:50 - mkk_pika - main.py:49 - INFO - [{'_id': '5cd540b6bb45ef7cfbf3d389', 'title': '第1集', 'order': 1, 'updated_at': '2019-05-10T07:48:17.030Z', 'id': '5cd540b6bb45ef7cfbf3d389'}]
2026-09-17 01:26:50 - mkk_pika - database.py:215 - INFO - 第一次下载该漫画，记录数据库中
2026-09-17 01:26:50 - mkk_pika - main.py:83 - INFO - 找到 22 张图片在:第1集
2026-09-17 01:26:52 - mkk_pika - main.py:112 - INFO - [episode:第1集       ] downloaded:    22, total:  22, progress:100%
2026-09-17 01:26:52 - mkk_pika - database.py:238 - INFO - 数据库更新已下载章节
2026-09-17 01:26:52 - mkk_pika - database.py:244 - INFO - 该漫画已下载章节如下
2026-09-17 01:26:52 - mkk_pika - database.py:245 - INFO - ['第1集']
2026-09-17 01:26:53 - mkk_pika - main.py:348 - INFO - ==================== 漫画信息 ====================
                                   漫画ID：5cd540b6bb45ef7cfbf3d388
                                   标题：南先生の受難 (COMIC快楽天ビースト 2018年2月号)[無修正]
                                   作者：羽月ユウト
                                   是否完结：否
                                   总页数：22
                                   分类：短篇,純愛
                                   章节数：1
                                   最后更新时间：2019-05-10T09:13:26.086Z
                                   =================================================
2026-09-17 01:26:53 - mkk_pika - database.py:101 - INFO - 保存成功：南先生の受難 (COMIC快楽天ビースト 2018年2月号)[無修正]
2026-09-17 01:26:53 - mkk_pika - main.py:35 - INFO - 开始检查真夏の憂鬱 (COMIC快楽天ビースト 2018年9月号)[無修正]是否存在未下载章节
2026-09-17 01:26:54 - mkk_pika - main.py:45 - INFO - 正在下载:[真夏の憂鬱 (COMIC快楽天ビースト 2018年9月号)[無修正]]-[羽月ユウト]-[['短篇', '純愛']]-[total_pages:20]
2026-09-17 01:26:54 - mkk_pika - main.py:49 - INFO - [{'_id': '5cd540eb8e8b4e7407797590', 'title': '第1集', 'order': 1, 'updated_at': '2019-05-10T07:51:40.518Z', 'id': '5cd540eb8e8b4e7407797590'}]
2026-09-17 01:26:54 - mkk_pika - database.py:215 - INFO - 第一次下载该漫画，记录数据库中
2026-09-17 01:26:54 - mkk_pika - main.py:83 - INFO - 找到 20 张图片在:第1集
2026-09-17 01:26:56 - mkk_pika - main.py:112 - INFO - [episode:第1集       ] downloaded:    20, total:  20, progress:100%
2026-09-17 01:26:56 - mkk_pika - database.py:238 - INFO - 数据库更新已下载章节
2026-09-17 01:26:56 - mkk_pika - database.py:244 - INFO - 该漫画已下载章节如下
2026-09-17 01:26:56 - mkk_pika - database.py:245 - INFO - ['第1集']
2026-09-17 01:26:57 - mkk_pika - main.py:348 - INFO - ==================== 漫画信息 ====================
                                   漫画ID：5cd540eb8e8b4e740779758f
                                   标题：真夏の憂鬱 (COMIC快楽天ビースト 2018年9月号)[無修正]
                                   作者：羽月ユウト
                                   是否完结：否
                                   总页数：20
                                   分类：短篇,純愛
                                   章节数：1
                                   最后更新时间：2019-05-10T09:14:19.142Z
                                   =================================================
2026-09-17 01:26:57 - mkk_pika - database.py:101 - INFO - 保存成功：真夏の憂鬱 (COMIC快楽天ビースト 2018年9月号)[無修正]
2026-09-17 01:26:57 - mkk_pika - main.py:35 - INFO - 开始检查恋ぐすり (犬夜叉)是否存在未下载章节
2026-09-17 01:26:57 - mkk_pika - main.py:45 - INFO - 正在下载:[恋ぐすり (犬夜叉)]-[べっこあめ。 (べっ子。)]-[['同人', '短篇', '純愛', '非人類']]-[total_pages:46]
2026-09-17 01:26:57 - mkk_pika - main.py:49 - INFO - [{'_id': '5cd5ab98bb45ef7cfbf3d7aa', 'title': '第1集', 'order': 1, 'updated_at': '2019-05-09T19:42:37.420Z', 'id': '5cd5ab98bb45ef7cfbf3d7aa'}]
2026-09-17 01:26:57 - mkk_pika - database.py:215 - INFO - 第一次下载该漫画，记录数据库中
2026-09-17 01:26:58 - mkk_pika - main.py:83 - INFO - 找到 46 张图片在:第1集
2026-09-17 01:27:01 - mkk_pika - main.py:112 - INFO - [episode:第1集       ] downloaded:    46, total:  46, progress:100%
2026-09-17 01:27:01 - mkk_pika - database.py:238 - INFO - 数据库更新已下载章节
2026-09-17 01:27:01 - mkk_pika - database.py:244 - INFO - 该漫画已下载章节如下
2026-09-17 01:27:01 - mkk_pika - database.py:245 - INFO - ['第1集']
2026-09-17 01:27:02 - mkk_pika - main.py:348 - INFO - ==================== 漫画信息 ====================
                                   漫画ID：5cd5ab98bb45ef7cfbf3d7a9
                                   标题：恋ぐすり (犬夜叉)
                                   作者：べっこあめ。 (べっ子。)
                                   是否完结：否
                                   总页数：46
                                   分类：同人,短篇,純愛,非人類
                                   章节数：1
                                   最后更新时间：2019-05-10T16:49:28.201Z
                                   =================================================
2026-09-17 01:27:02 - mkk_pika - database.py:101 - INFO - 保存成功：恋ぐすり (犬夜叉)
2026-09-17 01:27:02 - mkk_pika - main.py:35 - INFO - 开始检查(COMIC1☆15) ぷるぷる揺らすHカップ生乳ほぼまる出しレイヤーイチャラブ路上コスイベデート (Fate/Grand Order)是否存在未下载章节
2026-09-17 01:27:03 - mkk_pika - main.py:45 - INFO - 正在下载:[(COMIC1☆15) ぷるぷる揺らすHカップ生乳ほぼまる出しレイヤーイチャラブ路上コスイベデート (Fate/Grand Order)]-[SSB (まりりん)]-[['短篇', '同人', 'Fate']]-[total_pages:45]
2026-09-17 01:27:03 - mkk_pika - main.py:49 - INFO - [{'_id': '5cc9dc511e7c5a63aaf7e834', 'title': '第1集', 'order': 1, 'updated_at': '2019-04-30T15:27:24.462Z', 'id': '5cc9dc511e7c5a63aaf7e834'}, {'_id': '5cd6deb08e8b4e7407797b8e', 'title': '汉化', 'order': 2, 'updated_at': '2019-05-10T09:53:28.577Z', 'id': '5cd6deb08e8b4e7407797b8e'}]
2026-09-17 01:27:03 - mkk_pika - database.py:215 - INFO - 第一次下载该漫画，记录数据库中
2026-09-17 01:27:04 - mkk_pika - main.py:83 - INFO - 找到 22 张图片在:第1集
2026-09-17 01:27:05 - mkk_pika - main.py:112 - INFO - [episode:第1集       ] downloaded:    22, total:  22, progress:100%
2026-09-17 01:27:05 - mkk_pika - database.py:238 - INFO - 数据库更新已下载章节
2026-09-17 01:27:05 - mkk_pika - database.py:244 - INFO - 该漫画已下载章节如下
2026-09-17 01:27:05 - mkk_pika - database.py:245 - INFO - ['第1集']
2026-09-17 01:27:06 - mkk_pika - main.py:83 - INFO - 找到 23 张图片在:汉化
2026-09-17 01:27:08 - mkk_pika - main.py:112 - INFO - [episode:汉化        ] downloaded:    23, total:  23, progress:100%
2026-09-17 01:27:08 - mkk_pika - database.py:238 - INFO - 数据库更新已下载章节
2026-09-17 01:27:08 - mkk_pika - database.py:244 - INFO - 该漫画已下载章节如下
2026-09-17 01:27:08 - mkk_pika - database.py:245 - INFO - ['第1集', '汉化']
2026-09-17 01:27:09 - mkk_pika - main.py:348 - INFO - ==================== 漫画信息 ====================
                                   漫画ID：5cc9dc511e7c5a63aaf7e833
                                   标题：(COMIC1☆15) ぷるぷる揺らすHカップ生乳ほぼまる出しレイヤーイチャラブ路上コスイベデート (Fate/Grand Order)
                                   作者：SSB (まりりん)
                                   是否完结：是
                                   总页数：45
                                   分类：短篇,同人,Fate
                                   章节数：2
                                   最后更新时间：2019-05-11T14:39:44.958Z
                                   =================================================
2026-09-17 01:27:09 - mkk_pika - database.py:101 - INFO - 保存成功：(COMIC1☆15) ぷるぷる揺らすHカップ生乳ほぼまる出しレイヤーイチャラブ路上コスイベデート (Fate/Grand Order)
2026-09-17 01:27:09 - mkk_pika - main.py:35 - INFO - 开始检查牝穴に散る華 牝穴溢散淫華是否存在未下载章节
2026-09-17 01:27:09 - mkk_pika - main.py:45 - INFO - 正在下载:[牝穴に散る華 牝穴溢散淫華]-[B-RIVER]-[['長篇', '單行本', 'SM', '人妻', 'NTR', '強暴', '後宮閃光']]-[total_pages:208]
2026-09-17 01:27:09 - mkk_pika - main.py:49 - INFO - [{'_id': '5cd6debdbb45ef7cfbf3df72', 'title': '墮落女人們的社保單行本', 'order': 1, 'updated_at': '2019-05-09T13:56:33.609Z', 'id': '5cd6debdbb45ef7cfbf3df72'}]
2026-09-17 01:27:09 - mkk_pika - database.py:215 - INFO - 第一次下载该漫画，记录数据库中
2026-09-17 01:27:12 - mkk_pika - main.py:83 - INFO - 找到 208 张图片在:墮落女人們的社保單行本
2026-09-17 01:27:20 - mkk_pika - main.py:112 - INFO - [episode:墮落女人們的社保單行本] downloaded:   208, total: 208, progress:100%
2026-09-17 01:27:20 - mkk_pika - database.py:238 - INFO - 数据库更新已下载章节
2026-09-17 01:27:20 - mkk_pika - database.py:244 - INFO - 该漫画已下载章节如下
2026-09-17 01:27:20 - mkk_pika - database.py:245 - INFO - ['墮落女人們的社保單行本']
2026-09-17 01:27:22 - mkk_pika - main.py:348 - INFO - ==================== 漫画信息 ====================
                                   漫画ID：5cd6debdbb45ef7cfbf3df71
                                   标题：牝穴に散る華 牝穴溢散淫華
                                   作者：B-RIVER
                                   是否完结：是
                                   总页数：208
                                   分类：長篇,單行本,SM,人妻,NTR,強暴,後宮閃光
                                   章节数：1
                                   最后更新时间：2019-05-11T14:39:57.639Z
                                   =================================================
2026-09-17 01:27:22 - mkk_pika - database.py:101 - INFO - 保存成功：牝穴に散る華 牝穴溢散淫華
2026-09-17 01:27:22 - mkk_pika - main.py:35 - INFO - 开始检查(C95)  Kongou Lovers (艦隊これくしょん -艦これ-) [中国翻訳]是否存在未下载章节
2026-09-17 01:27:22 - mkk_pika - main.py:45 - INFO - 正在下载:[(C95)  Kongou Lovers (艦隊これくしょん -艦これ-) [中国翻訳]]-[ぺぱくら (那方翼)]-[['短篇', '同人', '艦隊收藏']]-[total_pages:22]
2026-09-17 01:27:22 - mkk_pika - main.py:49 - INFO - [{'_id': '5cd6df619fc7a37ba4463e84', 'title': '第1集', 'order': 1, 'updated_at': '2019-05-10T12:53:33.693Z', 'id': '5cd6df619fc7a37ba4463e84'}]
2026-09-17 01:27:22 - mkk_pika - database.py:215 - INFO - 第一次下载该漫画，记录数据库中
2026-09-17 01:27:23 - mkk_pika - main.py:83 - INFO - 找到 22 张图片在:第1集
2026-09-17 01:27:24 - mkk_pika - main.py:112 - INFO - [episode:第1集       ] downloaded:    22, total:  22, progress:100%
2026-09-17 01:27:24 - mkk_pika - database.py:238 - INFO - 数据库更新已下载章节
2026-09-17 01:27:24 - mkk_pika - database.py:244 - INFO - 该漫画已下载章节如下
2026-09-17 01:27:24 - mkk_pika - database.py:245 - INFO - ['第1集']
2026-09-17 01:27:25 - mkk_pika - main.py:348 - INFO - ==================== 漫画信息 ====================
                                   漫画ID：5cd6df619fc7a37ba4463e83
                                   标题：(C95)  Kongou Lovers (艦隊これくしょん -艦これ-) [中国翻訳]
                                   作者：ぺぱくら (那方翼)
                                   是否完结：是
                                   总页数：22
                                   分类：短篇,同人,艦隊收藏
                                   章节数：1
                                   最后更新时间：2019-05-11T14:42:41.684Z
                                   =================================================
2026-09-17 01:27:25 - mkk_pika - database.py:101 - INFO - 保存成功：(C95)  Kongou Lovers (艦隊これくしょん -艦これ-) [中国翻訳]
2026-09-17 01:27:25 - mkk_pika - main.py:35 - INFO - 开始检查(例大祭16)  催眠に強い巫女祝 (東方Project) [中国翻訳]是否存在未下载章节
2026-09-17 01:27:25 - mkk_pika - main.py:45 - INFO - 正在下载:[(例大祭16)  催眠に強い巫女祝 (東方Project) [中国翻訳]]-[芋。 (けんぴ)]-[['短篇', '同人', '東方']]-[total_pages:29]
2026-09-17 01:27:25 - mkk_pika - main.py:49 - INFO - [{'_id': '5cd6df8fbb45ef7cfbf3e050', 'title': '第1集', 'order': 1, 'updated_at': '2019-05-10T13:11:41.816Z', 'id': '5cd6df8fbb45ef7cfbf3e050'}]
2026-09-17 01:27:25 - mkk_pika - database.py:215 - INFO - 第一次下载该漫画，记录数据库中
2026-09-17 01:27:26 - mkk_pika - main.py:83 - INFO - 找到 29 张图片在:第1集
2026-09-17 01:27:28 - mkk_pika - main.py:112 - INFO - [episode:第1集       ] downloaded:    29, total:  29, progress:100%
2026-09-17 01:27:28 - mkk_pika - database.py:238 - INFO - 数据库更新已下载章节
2026-09-17 01:27:28 - mkk_pika - database.py:244 - INFO - 该漫画已下载章节如下
2026-09-17 01:27:28 - mkk_pika - database.py:245 - INFO - ['第1集']
2026-09-17 01:27:29 - mkk_pika - main.py:348 - INFO - ==================== 漫画信息 ====================
                                   漫画ID：5cd6df8fbb45ef7cfbf3e04f
                                   标题：(例大祭16)  催眠に強い巫女祝 (東方Project) [中国翻訳]
                                   作者：芋。 (けんぴ)
                                   是否完结：是
                                   总页数：29
                                   分类：短篇,同人,東方
                                   章节数：1
                                   最后更新时间：2019-05-11T14:43:27.128Z
                                   =================================================
2026-09-17 01:27:29 - mkk_pika - database.py:101 - INFO - 保存成功：(例大祭16)  催眠に強い巫女祝 (東方Project) [中国翻訳]
2026-09-17 01:27:29 - mkk_pika - main.py:380 - INFO - 本次任务下载完毕
2026-09-17 01:27:29 - mkk_pika - database.py:173 - INFO - 数据库连接已关闭
