2026-09-13 00:53:28 - mkk_pika - main.py:193 - INFO - =======================================================================
2026-09-13 00:53:28 - mkk_pika - database.py:61 - INFO - 表和索引初始化成功
2026-09-13 00:53:28 - mkk_pika - main.py:197 - INFO - 已经累计下载20755本漫画
2026-09-13 00:53:28 - mkk_pika - api.py:87 - INFO - 登录成功
2026-09-13 00:53:29 - mkk_pika - main.py:203 - INFO - 收藏夹共计0本漫画
2026-09-13 00:53:29 - mkk_pika - main.py:206 - INFO - 开始下载收藏夹内未下载内容
2026-09-13 00:53:29 - mkk_pika - main.py:266 - INFO - 收藏夹内容下载完毕
2026-09-13 00:53:29 - mkk_pika - main.py:268 - INFO - 开始下载订阅内容
2026-09-13 00:53:29 - mkk_pika - database.py:258 - INFO - 根据ID查询到标题：萝莉 -> ロリババお義母さんは押しに弱い11 | 萝莉老太婆义母小姐十分易推倒
2026-09-13 00:53:29 - mkk_pika - database.py:101 - INFO - 保存成功：海ちゃんと夏休み 気づいたら俺の家が無防備汗だく○リっ子の休憩スポットになっていた話 | 海妹妹和暑假关于一不小心我家里多了一个汗津津的无防备小萝莉在休息这件事
2026-09-13 00:53:29 - mkk_pika - main.py:273 - INFO - 关键词萝莉找到2本漫画
2026-09-13 00:53:29 - mkk_pika - database.py:258 - INFO - 根据ID查询到标题：蘿莉 -> 奇普托斯國際性教育期刊
2026-09-13 00:53:30 - mkk_pika - database.py:101 - INFO - 保存成功：[Patreon] Clowenqq（AI）
2026-09-13 00:53:30 - mkk_pika - main.py:273 - INFO - 关键词蘿莉找到11本漫画
2026-09-13 00:53:30 - mkk_pika - main.py:275 - INFO - 订阅内容共计13本漫画
2026-09-13 00:53:30 - mkk_pika - main.py:35 - INFO - 开始检查陽菜ちゃん調教日記|阳菜酱的调教日记 [中国翻译][進行中]是否存在未下载章节
2026-09-13 00:53:30 - mkk_pika - database.py:203 - INFO - 查询数据库中是否已存在第1話熟肉100p
2026-09-13 00:53:30 - mkk_pika - main.py:45 - INFO - 正在下载:[陽菜ちゃん調教日記|阳菜酱的调教日记 [中国翻译][進行中]]-[OKINA]-[['全彩', '長篇', 'SM']]-[total_pages:-1]
2026-09-13 00:53:30 - mkk_pika - main.py:49 - INFO - [{'_id': '6aa56e6f40bf6c74cabd53d1', 'title': '第1話熟肉100p', 'order': 1, 'updated_at': '2026-09-12T10:21:28.673Z', 'id': '6aa56e6f40bf6c74cabd53d1'}]
2026-09-13 00:53:32 - mkk_pika - main.py:83 - INFO - 找到 101 张图片在:第1話熟肉100p
2026-09-13 00:53:36 - mkk_pika - main.py:112 - INFO - [episode:第1話熟肉100p ] downloaded:   101, total: 101, progress:100%
2026-09-13 00:53:36 - mkk_pika - database.py:238 - INFO - 数据库更新已下载章节
2026-09-13 00:53:36 - mkk_pika - database.py:244 - INFO - 该漫画已下载章节如下
2026-09-13 00:53:36 - mkk_pika - database.py:245 - INFO - ['第1話全彩生肉', '第1話全彩熟肉', '第1話全彩熟肉80p', '第1話熟肉95p', '第1話熟肉98p', '第1話熟肉100p']
2026-09-13 00:53:37 - mkk_pika - main.py:292 - INFO - ==================== 漫画信息 ====================
                                漫画ID：68dd17e83c6fe63b068bea88
                                标题：陽菜ちゃん調教日記|阳菜酱的调教日记 [中国翻译][進行中]
                                作者：OKINA
                                是否完结：否
                                总页数：101
                                分类：全彩,長篇,SM
                                章节数：1
                                最后更新时间：2026-09-12T15:23:27.295Z
                                =================================================
2026-09-13 00:53:37 - mkk_pika - database.py:101 - INFO - 保存成功：陽菜ちゃん調教日記|阳菜酱的调教日记 [中国翻译][進行中]
2026-09-13 00:53:37 - mkk_pika - main.py:35 - INFO - 开始检查海ちゃんと夏休み 気づいたら俺の家が無防備汗だく○リっ子の休憩スポットになっていた話 | 海妹妹和暑假关于一不小心我家里多了一个汗津津的无防备小萝莉在休息这件事是否存在未下载章节
2026-09-13 00:53:37 - mkk_pika - database.py:203 - INFO - 查询数据库中是否已存在第1話
2026-09-13 00:53:37 - mkk_pika - main.py:51 - INFO - 海ちゃんと夏休み 気づいたら俺の家が無防備汗だく○リっ子の休憩スポットになっていた話 | 海妹妹和暑假关于一不小心我家里多了一个汗津津的无防备小萝莉在休息这件事中没有可下载章节
2026-09-13 00:53:38 - mkk_pika - main.py:292 - INFO - ==================== 漫画信息 ====================
                                漫画ID：6a9dab3808eee634cc4d7f42
                                标题：海ちゃんと夏休み 気づいたら俺の家が無防備汗だく○リっ子の休憩スポットになっていた話 | 海妹妹和暑假关于一不小心我家里多了一个汗津津的无防备小萝莉在休息这件事
                                作者：ラインアウト (こまり)
                                是否完结：是
                                总页数：45
                                分类：短篇
                                章节数：1
                                最后更新时间：2026-09-06T18:04:40.006Z
                                =================================================
2026-09-13 00:53:38 - mkk_pika - database.py:101 - INFO - 保存成功：海ちゃんと夏休み 気づいたら俺の家が無防備汗だく○リっ子の休憩スポットになっていた話 | 海妹妹和暑假关于一不小心我家里多了一个汗津津的无防备小萝莉在休息这件事
2026-09-13 00:53:38 - mkk_pika - main.py:35 - INFO - 开始检查陽菜ちゃん調教日記|阳菜酱的调教日记 [中国翻译][進行中]是否存在未下载章节
2026-09-13 00:53:38 - mkk_pika - database.py:203 - INFO - 查询数据库中是否已存在第1話熟肉100p
2026-09-13 00:53:38 - mkk_pika - main.py:51 - INFO - 陽菜ちゃん調教日記|阳菜酱的调教日记 [中国翻译][進行中]中没有可下载章节
2026-09-13 00:53:38 - mkk_pika - main.py:292 - INFO - ==================== 漫画信息 ====================
                                漫画ID：68dd17e83c6fe63b068bea88
                                标题：陽菜ちゃん調教日記|阳菜酱的调教日记 [中国翻译][進行中]
                                作者：OKINA
                                是否完结：否
                                总页数：101
                                分类：全彩,長篇,SM
                                章节数：1
                                最后更新时间：2026-09-12T15:23:27.295Z
                                =================================================
2026-09-13 00:53:38 - mkk_pika - database.py:101 - INFO - 保存成功：陽菜ちゃん調教日記|阳菜酱的调教日记 [中国翻译][進行中]
2026-09-13 00:53:38 - mkk_pika - main.py:35 - INFO - 开始检查となりのみみちゃんは催眠アプリでおじさんの性奴隷 | 用催眠软件把邻居家的小环调教成为大叔的性奴隶是否存在未下载章节
2026-09-13 00:53:38 - mkk_pika - main.py:45 - INFO - 正在下载:[となりのみみちゃんは催眠アプリでおじさんの性奴隷 | 用催眠软件把邻居家的小环调教成为大叔的性奴隶]-[しぷおる]-[['短篇', '強暴']]-[total_pages:-1]
2026-09-13 00:53:38 - mkk_pika - main.py:49 - INFO - [{'_id': '6aa56e36bb3a80750a17be76', 'title': '第1話', 'order': 1, 'updated_at': '2026-09-12T10:06:24.159Z', 'id': '6aa56e36bb3a80750a17be76'}]
2026-09-13 00:53:38 - mkk_pika - database.py:215 - INFO - 第一次下载该漫画，记录数据库中
2026-09-13 00:53:39 - mkk_pika - main.py:83 - INFO - 找到 52 张图片在:第1話
2026-09-13 00:53:42 - mkk_pika - main.py:112 - INFO - [episode:第1話       ] downloaded:    52, total:  52, progress:100%
2026-09-13 00:53:42 - mkk_pika - database.py:238 - INFO - 数据库更新已下载章节
2026-09-13 00:53:42 - mkk_pika - database.py:244 - INFO - 该漫画已下载章节如下
2026-09-13 00:53:42 - mkk_pika - database.py:245 - INFO - ['第1話']
2026-09-13 00:53:44 - mkk_pika - main.py:292 - INFO - ==================== 漫画信息 ====================
                                漫画ID：6aa56e36bb3a80750a17be75
                                标题：となりのみみちゃんは催眠アプリでおじさんの性奴隷 | 用催眠软件把邻居家的小环调教成为大叔的性奴隶
                                作者：しぷおる
                                是否完结：是
                                总页数：52
                                分类：短篇,強暴
                                章节数：1
                                最后更新时间：2026-09-12T15:22:30.059Z
                                =================================================
2026-09-13 00:53:44 - mkk_pika - database.py:101 - INFO - 保存成功：となりのみみちゃんは催眠アプリでおじさんの性奴隷 | 用催眠软件把邻居家的小环调教成为大叔的性奴隶
2026-09-13 00:53:44 - mkk_pika - main.py:35 - INFO - 开始检查淫祭 艶 | 淫乱的祭典是否存在未下载章节
2026-09-13 00:53:44 - mkk_pika - main.py:45 - INFO - 正在下载:[淫祭 艶 | 淫乱的祭典]-[caburibbon (caburi)]-[['長篇']]-[total_pages:-1]
2026-09-13 00:53:44 - mkk_pika - main.py:49 - INFO - [{'_id': '6aa56dffbb3a80750a17be31', 'title': '第1話', 'order': 1, 'updated_at': '2026-09-06T13:47:17.250Z', 'id': '6aa56dffbb3a80750a17be31'}]
2026-09-13 00:53:44 - mkk_pika - database.py:215 - INFO - 第一次下载该漫画，记录数据库中
2026-09-13 00:53:45 - mkk_pika - main.py:83 - INFO - 找到 64 张图片在:第1話
2026-09-13 00:53:48 - mkk_pika - main.py:112 - INFO - [episode:第1話       ] downloaded:    64, total:  64, progress:100%
2026-09-13 00:53:48 - mkk_pika - database.py:238 - INFO - 数据库更新已下载章节
2026-09-13 00:53:48 - mkk_pika - database.py:244 - INFO - 该漫画已下载章节如下
2026-09-13 00:53:48 - mkk_pika - database.py:245 - INFO - ['第1話']
2026-09-13 00:53:49 - mkk_pika - main.py:292 - INFO - ==================== 漫画信息 ====================
                                漫画ID：6aa56dffbb3a80750a17be30
                                标题：淫祭 艶 | 淫乱的祭典
                                作者：caburibbon (caburi)
                                是否完结：是
                                总页数：64
                                分类：長篇
                                章节数：1
                                最后更新时间：2026-09-12T15:21:35.791Z
                                =================================================
2026-09-13 00:53:49 - mkk_pika - database.py:101 - INFO - 保存成功：淫祭 艶 | 淫乱的祭典
2026-09-13 00:53:49 - mkk_pika - main.py:35 - INFO - 开始检查お隣さんはおねだり上手 | 擅长撒娇的邻家小妹是否存在未下载章节
2026-09-13 00:53:49 - mkk_pika - main.py:45 - INFO - 正在下载:[お隣さんはおねだり上手 | 擅长撒娇的邻家小妹]-[スミツミ]-[['短篇']]-[total_pages:-1]
2026-09-13 00:53:49 - mkk_pika - main.py:49 - INFO - [{'_id': '6aa56de840bf6c74cabd533c', 'title': '第1話', 'order': 1, 'updated_at': '2026-09-11T15:10:12.502Z', 'id': '6aa56de840bf6c74cabd533c'}]
2026-09-13 00:53:49 - mkk_pika - database.py:215 - INFO - 第一次下载该漫画，记录数据库中
2026-09-13 00:53:50 - mkk_pika - main.py:83 - INFO - 找到 26 张图片在:第1話
2026-09-13 00:53:52 - mkk_pika - main.py:112 - INFO - [episode:第1話       ] downloaded:    26, total:  26, progress:100%
2026-09-13 00:53:52 - mkk_pika - database.py:238 - INFO - 数据库更新已下载章节
2026-09-13 00:53:52 - mkk_pika - database.py:244 - INFO - 该漫画已下载章节如下
2026-09-13 00:53:52 - mkk_pika - database.py:245 - INFO - ['第1話']
2026-09-13 00:53:53 - mkk_pika - main.py:292 - INFO - ==================== 漫画信息 ====================
                                漫画ID：6aa56de840bf6c74cabd533b
                                标题：お隣さんはおねだり上手 | 擅长撒娇的邻家小妹
                                作者：スミツミ
                                是否完结：是
                                总页数：26
                                分类：短篇
                                章节数：1
                                最后更新时间：2026-09-12T15:21:12.043Z
                                =================================================
2026-09-13 00:53:53 - mkk_pika - database.py:101 - INFO - 保存成功：お隣さんはおねだり上手 | 擅长撒娇的邻家小妹
2026-09-13 00:53:53 - mkk_pika - main.py:35 - INFO - 开始检查TSロリババア物語 〜女の子の快感むさぼり編〜 [中国翻訳] [DL版]是否存在未下载章节
2026-09-13 00:53:53 - mkk_pika - main.py:45 - INFO - 正在下载:[TSロリババア物語 〜女の子の快感むさぼり編〜 [中国翻訳] [DL版]]-[エジプトそば屋 (タイコウ)]-[['全彩', '短篇', '性轉換']]-[total_pages:-1]
2026-09-13 00:53:53 - mkk_pika - main.py:49 - INFO - [{'_id': '6aa56dc540bf6c74cabd5312', 'title': '第1話女の子の快感むさぼり編', 'order': 1, 'updated_at': '2026-09-12T08:51:33.863Z', 'id': '6aa56dc540bf6c74cabd5312'}]
2026-09-13 00:53:53 - mkk_pika - database.py:215 - INFO - 第一次下载该漫画，记录数据库中
2026-09-13 00:53:54 - mkk_pika - main.py:83 - INFO - 找到 37 张图片在:第1話女の子の快感むさぼり編
2026-09-13 00:53:56 - mkk_pika - main.py:112 - INFO - [episode:第1話女の子の快感むさぼり編] downloaded:    37, total:  37, progress:100%
2026-09-13 00:53:56 - mkk_pika - database.py:238 - INFO - 数据库更新已下载章节
2026-09-13 00:53:56 - mkk_pika - database.py:244 - INFO - 该漫画已下载章节如下
2026-09-13 00:53:56 - mkk_pika - database.py:245 - INFO - ['第1話女の子の快感むさぼり編']
2026-09-13 00:53:58 - mkk_pika - main.py:292 - INFO - ==================== 漫画信息 ====================
                                漫画ID：6aa56dc540bf6c74cabd5311
                                标题：TSロリババア物語 〜女の子の快感むさぼり編〜 [中国翻訳] [DL版]
                                作者：エジプトそば屋 (タイコウ)
                                是否完结：是
                                总页数：37
                                分类：全彩,短篇,性轉換
                                章节数：1
                                最后更新时间：2026-09-12T15:20:37.282Z
                                =================================================
2026-09-13 00:53:58 - mkk_pika - database.py:101 - INFO - 保存成功：TSロリババア物語 〜女の子の快感むさぼり編〜 [中国翻訳] [DL版]
2026-09-13 00:53:58 - mkk_pika - main.py:35 - INFO - 开始检查鎮矛祭り 壱+弐 地元の変な祭りで年男的なのに選ばれた [中国翻訳]是否存在未下载章节
2026-09-13 00:53:58 - mkk_pika - main.py:45 - INFO - 正在下载:[鎮矛祭り 壱+弐 地元の変な祭りで年男的なのに選ばれた [中国翻訳]]-[てぃーろんたろん]-[['短篇']]-[total_pages:-1]
2026-09-13 00:53:58 - mkk_pika - main.py:49 - INFO - [{'_id': '6aa56d46bb3a80750a17bdbc', 'title': '第1話壱', 'order': 1, 'updated_at': '2026-09-12T07:37:20.734Z', 'id': '6aa56d46bb3a80750a17bdbc'}, {'_id': '6aa56d46bb3a80750a17bdbd', 'title': '第2話弐', 'order': 2, 'updated_at': '2026-09-12T07:38:04.264Z', 'id': '6aa56d46bb3a80750a17bdbd'}]
2026-09-13 00:53:58 - mkk_pika - database.py:215 - INFO - 第一次下载该漫画，记录数据库中
2026-09-13 00:53:59 - mkk_pika - main.py:83 - INFO - 找到 24 张图片在:第1話壱
2026-09-13 00:54:00 - mkk_pika - main.py:112 - INFO - [episode:第1話壱      ] downloaded:    24, total:  24, progress:100%
2026-09-13 00:54:00 - mkk_pika - database.py:238 - INFO - 数据库更新已下载章节
2026-09-13 00:54:00 - mkk_pika - database.py:244 - INFO - 该漫画已下载章节如下
2026-09-13 00:54:00 - mkk_pika - database.py:245 - INFO - ['第1話壱']
2026-09-13 00:54:02 - mkk_pika - main.py:83 - INFO - 找到 31 张图片在:第2話弐
2026-09-13 00:54:04 - mkk_pika - main.py:112 - INFO - [episode:第2話弐      ] downloaded:    31, total:  31, progress:100%
2026-09-13 00:54:04 - mkk_pika - database.py:238 - INFO - 数据库更新已下载章节
2026-09-13 00:54:04 - mkk_pika - database.py:244 - INFO - 该漫画已下载章节如下
2026-09-13 00:54:04 - mkk_pika - database.py:245 - INFO - ['第1話壱', '第2話弐']
2026-09-13 00:54:05 - mkk_pika - main.py:292 - INFO - ==================== 漫画信息 ====================
                                漫画ID：6aa56d46bb3a80750a17bdbb
                                标题：鎮矛祭り 壱+弐 地元の変な祭りで年男的なのに選ばれた [中国翻訳]
                                作者：てぃーろんたろん
                                是否完结：是
                                总页数：55
                                分类：短篇
                                章节数：2
                                最后更新时间：2026-09-12T15:18:30.848Z
                                =================================================
2026-09-13 00:54:05 - mkk_pika - database.py:101 - INFO - 保存成功：鎮矛祭り 壱+弐 地元の変な祭りで年男的なのに選ばれた [中国翻訳]
2026-09-13 00:54:05 - mkk_pika - main.py:35 - INFO - 开始检查お屋敷わんだふるライフ～メイド採用だと思ったら、犬にされました～| 宅邸的不可思议生活~本想应聘女仆却成为了狗~是否存在未下载章节
2026-09-13 00:54:05 - mkk_pika - main.py:45 - INFO - 正在下载:[お屋敷わんだふるライフ～メイド採用だと思ったら、犬にされました～| 宅邸的不可思议生活~本想应聘女仆却成为了狗~]-[秘密結社うさぎ (だんちょ)]-[['短篇']]-[total_pages:-1]
2026-09-13 00:54:05 - mkk_pika - main.py:49 - INFO - [{'_id': '6aa56be1f7e21a74faf96285', 'title': '第1話', 'order': 1, 'updated_at': '2026-09-07T16:42:01.438Z', 'id': '6aa56be1f7e21a74faf96285'}]
2026-09-13 00:54:05 - mkk_pika - database.py:215 - INFO - 第一次下载该漫画，记录数据库中
2026-09-13 00:54:06 - mkk_pika - main.py:83 - INFO - 找到 31 张图片在:第1話
2026-09-13 00:54:08 - mkk_pika - main.py:112 - INFO - [episode:第1話       ] downloaded:    31, total:  31, progress:100%
2026-09-13 00:54:08 - mkk_pika - database.py:238 - INFO - 数据库更新已下载章节
2026-09-13 00:54:08 - mkk_pika - database.py:244 - INFO - 该漫画已下载章节如下
2026-09-13 00:54:08 - mkk_pika - database.py:245 - INFO - ['第1話']
2026-09-13 00:54:09 - mkk_pika - main.py:292 - INFO - ==================== 漫画信息 ====================
                                漫画ID：6aa56be1f7e21a74faf96284
                                标题：お屋敷わんだふるライフ～メイド採用だと思ったら、犬にされました～| 宅邸的不可思议生活~本想应聘女仆却成为了狗~
                                作者：秘密結社うさぎ (だんちょ)
                                是否完结：是
                                总页数：31
                                分类：短篇
                                章节数：1
                                最后更新时间：2026-09-12T15:12:33.869Z
                                =================================================
2026-09-13 00:54:09 - mkk_pika - database.py:101 - INFO - 保存成功：お屋敷わんだふるライフ～メイド採用だと思ったら、犬にされました～| 宅邸的不可思议生活~本想应聘女仆却成为了狗~
2026-09-13 00:54:09 - mkk_pika - main.py:35 - INFO - 开始检查ケイとアリスと幸せ家族計画 | 与凯伊和爱丽丝的幸福家庭计划是否存在未下载章节
2026-09-13 00:54:09 - mkk_pika - main.py:45 - INFO - 正在下载:[ケイとアリスと幸せ家族計画 | 与凯伊和爱丽丝的幸福家庭计划]-[ハケverse (ハケアシ)]-[['同人', '短篇']]-[total_pages:-1]
2026-09-13 00:54:09 - mkk_pika - main.py:49 - INFO - [{'_id': '6aa56b4bf7e21a74faf96249', 'title': '熟肉', 'order': 1, 'updated_at': '2026-09-11T18:20:18.281Z', 'id': '6aa56b4bf7e21a74faf96249'}]
2026-09-13 00:54:09 - mkk_pika - database.py:215 - INFO - 第一次下载该漫画，记录数据库中
2026-09-13 00:54:10 - mkk_pika - main.py:83 - INFO - 找到 33 张图片在:熟肉
2026-09-13 00:54:11 - mkk_pika - main.py:112 - INFO - [episode:熟肉        ] downloaded:    33, total:  33, progress:100%
2026-09-13 00:54:11 - mkk_pika - database.py:238 - INFO - 数据库更新已下载章节
2026-09-13 00:54:11 - mkk_pika - database.py:244 - INFO - 该漫画已下载章节如下
2026-09-13 00:54:11 - mkk_pika - database.py:245 - INFO - ['熟肉']
2026-09-13 00:54:12 - mkk_pika - main.py:292 - INFO - ==================== 漫画信息 ====================
                                漫画ID：6aa56b4bf7e21a74faf96248
                                标题：ケイとアリスと幸せ家族計画 | 与凯伊和爱丽丝的幸福家庭计划
                                作者：ハケverse (ハケアシ)
                                是否完结：是
                                总页数：33
                                分类：同人,短篇
                                章节数：1
                                最后更新时间：2026-09-12T15:10:03.324Z
                                =================================================
2026-09-13 00:54:12 - mkk_pika - database.py:101 - INFO - 保存成功：ケイとアリスと幸せ家族計画 | 与凯伊和爱丽丝的幸福家庭计划
2026-09-13 00:54:12 - mkk_pika - main.py:35 - INFO - 开始检查誕生日プレゼント (COMIC LO 2025年12月号)是否存在未下载章节
2026-09-13 00:54:13 - mkk_pika - main.py:45 - INFO - 正在下载:[誕生日プレゼント (COMIC LO 2025年12月号)]-[ミナカミ理久]-[['短篇']]-[total_pages:-1]
2026-09-13 00:54:13 - mkk_pika - main.py:49 - INFO - [{'_id': '6aa56b1af7e21a74faf96229', 'title': '第1話', 'order': 1, 'updated_at': '2026-09-11T16:54:16.380Z', 'id': '6aa56b1af7e21a74faf96229'}]
2026-09-13 00:54:13 - mkk_pika - database.py:215 - INFO - 第一次下载该漫画，记录数据库中
2026-09-13 00:54:13 - mkk_pika - main.py:83 - INFO - 找到 24 张图片在:第1話
2026-09-13 00:54:15 - mkk_pika - main.py:112 - INFO - [episode:第1話       ] downloaded:    24, total:  24, progress:100%
2026-09-13 00:54:15 - mkk_pika - database.py:238 - INFO - 数据库更新已下载章节
2026-09-13 00:54:15 - mkk_pika - database.py:244 - INFO - 该漫画已下载章节如下
2026-09-13 00:54:15 - mkk_pika - database.py:245 - INFO - ['第1話']
2026-09-13 00:54:16 - mkk_pika - main.py:292 - INFO - ==================== 漫画信息 ====================
                                漫画ID：6aa56b1af7e21a74faf96228
                                标题：誕生日プレゼント (COMIC LO 2025年12月号)
                                作者：ミナカミ理久
                                是否完结：是
                                总页数：24
                                分类：短篇
                                章节数：1
                                最后更新时间：2026-09-12T15:09:14.822Z
                                =================================================
2026-09-13 00:54:16 - mkk_pika - database.py:101 - INFO - 保存成功：誕生日プレゼント (COMIC LO 2025年12月号)
2026-09-13 00:54:16 - mkk_pika - main.py:35 - INFO - 开始检查スパ・カイラクーア 2是否存在未下载章节
2026-09-13 00:54:16 - mkk_pika - main.py:45 - INFO - 正在下载:[スパ・カイラクーア 2]-[かみか堂 (銀曜ハル)]-[['全彩', '長篇']]-[total_pages:-1]
2026-09-13 00:54:16 - mkk_pika - main.py:49 - INFO - [{'_id': '6aa56b0b40bf6c74cabd5122', 'title': '第1話', 'order': 1, 'updated_at': '2026-09-11T16:46:34.534Z', 'id': '6aa56b0b40bf6c74cabd5122'}]
2026-09-13 00:54:16 - mkk_pika - database.py:215 - INFO - 第一次下载该漫画，记录数据库中
2026-09-13 00:54:19 - mkk_pika - main.py:83 - INFO - 找到 232 张图片在:第1話
2026-09-13 00:54:28 - mkk_pika - main.py:112 - INFO - [episode:第1話       ] downloaded:   232, total: 232, progress:100%
2026-09-13 00:54:28 - mkk_pika - database.py:238 - INFO - 数据库更新已下载章节
2026-09-13 00:54:28 - mkk_pika - database.py:244 - INFO - 该漫画已下载章节如下
2026-09-13 00:54:28 - mkk_pika - database.py:245 - INFO - ['第1話']
2026-09-13 00:54:29 - mkk_pika - main.py:292 - INFO - ==================== 漫画信息 ====================
                                漫画ID：6aa56b0b40bf6c74cabd5121
                                标题：スパ・カイラクーア 2
                                作者：かみか堂 (銀曜ハル)
                                是否完结：是
                                总页数：232
                                分类：全彩,長篇
                                章节数：1
                                最后更新时间：2026-09-12T15:08:59.911Z
                                =================================================
2026-09-13 00:54:29 - mkk_pika - database.py:101 - INFO - 保存成功：スパ・カイラクーア 2
2026-09-13 00:54:29 - mkk_pika - main.py:35 - INFO - 开始检查commission!是否存在未下载章节
2026-09-13 00:54:29 - mkk_pika - database.py:203 - INFO - 查询数据库中是否已存在第1話
2026-09-13 00:54:29 - mkk_pika - database.py:203 - INFO - 查询数据库中是否已存在依頼
2026-09-13 00:54:29 - mkk_pika - main.py:45 - INFO - 正在下载:[commission!]-[七氏]-[['全彩', '短篇']]-[total_pages:-1]
2026-09-13 00:54:29 - mkk_pika - main.py:49 - INFO - [{'_id': '6aa56a7daa280b4a379b46ef', 'title': '依頼', 'order': 2, 'updated_at': '2026-09-11T14:53:13.292Z', 'id': '6aa56a7daa280b4a379b46ef'}]
2026-09-13 00:54:30 - mkk_pika - main.py:83 - INFO - 找到 8 张图片在:依頼
2026-09-13 00:54:31 - mkk_pika - main.py:112 - INFO - [episode:依頼        ] downloaded:     8, total:   8, progress:100%
2026-09-13 00:54:31 - mkk_pika - database.py:238 - INFO - 数据库更新已下载章节
2026-09-13 00:54:31 - mkk_pika - database.py:244 - INFO - 该漫画已下载章节如下
2026-09-13 00:54:31 - mkk_pika - database.py:245 - INFO - ['第1話', '依頼']
2026-09-13 00:54:32 - mkk_pika - main.py:292 - INFO - ==================== 漫画信息 ====================
                                漫画ID：6a0f4b711434570ef6fa9baf
                                标题：commission!
                                作者：七氏
                                是否完结：否
                                总页数：6
                                分类：全彩,短篇
                                章节数：1
                                最后更新时间：2026-05-21T18:14:09.441Z
                                =================================================
2026-09-13 00:54:32 - mkk_pika - database.py:101 - INFO - 保存成功：commission!
2026-09-13 00:54:32 - mkk_pika - main.py:323 - INFO - 订阅内容内容下载完毕
2026-09-13 00:54:32 - mkk_pika - main.py:324 - INFO - 开始分批下载全部章节
2026-09-13 00:54:32 - mkk_pika - database.py:280 - INFO - 表和索引初始化成功
2026-09-13 00:54:32 - mkk_pika - main.py:177 - INFO - 已经下载了1604页，一共7141页，现在开始添加第1605页
2026-09-13 00:54:33 - mkk_pika - database.py:318 - INFO - 保存成功
2026-09-13 00:54:33 - mkk_pika - main.py:177 - INFO - 已经下载了1605页，一共7141页，现在开始添加第1606页
2026-09-13 00:54:34 - mkk_pika - database.py:318 - INFO - 保存成功
2026-09-13 00:54:34 - mkk_pika - main.py:177 - INFO - 已经下载了1606页，一共7141页，现在开始添加第1607页
2026-09-13 00:54:35 - mkk_pika - database.py:318 - INFO - 保存成功
2026-09-13 00:54:35 - mkk_pika - main.py:177 - INFO - 已经下载了1607页，一共7141页，现在开始添加第1608页
2026-09-13 00:54:36 - mkk_pika - database.py:318 - INFO - 保存成功
2026-09-13 00:54:36 - mkk_pika - main.py:177 - INFO - 已经下载了1608页，一共7141页，现在开始添加第1609页
2026-09-13 00:54:36 - mkk_pika - database.py:318 - INFO - 保存成功
2026-09-13 00:54:37 - mkk_pika - main.py:177 - INFO - 已经下载了1609页，一共7141页，现在开始添加第1610页
2026-09-13 00:54:37 - mkk_pika - database.py:318 - INFO - 保存成功
2026-09-13 00:54:38 - mkk_pika - main.py:177 - INFO - 已经下载了1610页，一共7141页，现在开始添加第1611页
2026-09-13 00:54:38 - mkk_pika - database.py:318 - INFO - 保存成功
2026-09-13 00:54:38 - mkk_pika - main.py:331 - INFO - 分批下载共计64本漫画
2026-09-13 00:54:38 - mkk_pika - main.py:35 - INFO - 开始检查(C95)  親子なかよく♥ (Fate/Grand Order)是否存在未下载章节
2026-09-13 00:54:38 - mkk_pika - main.py:45 - INFO - 正在下载:[(C95)  親子なかよく♥ (Fate/Grand Order)]-[うらさざん (南乃さざん)]-[['短篇', '同人', '純愛', 'Fate']]-[total_pages:57]
2026-09-13 00:54:38 - mkk_pika - main.py:49 - INFO - [{'_id': '5c8cd876036aa556613c7c63', 'title': '第1集', 'order': 1, 'updated_at': '2019-02-25T18:36:39.863Z', 'id': '5c8cd876036aa556613c7c63'}, {'_id': '5cbddb3324f7db50ed3aaaf1', 'title': '汉化', 'order': 2, 'updated_at': '2019-04-22T06:15:09.219Z', 'id': '5cbddb3324f7db50ed3aaaf1'}]
2026-09-13 00:54:38 - mkk_pika - database.py:215 - INFO - 第一次下载该漫画，记录数据库中
2026-09-13 00:54:39 - mkk_pika - main.py:83 - INFO - 找到 28 张图片在:第1集
2026-09-13 00:54:40 - mkk_pika - main.py:112 - INFO - [episode:第1集       ] downloaded:    28, total:  28, progress:100%
2026-09-13 00:54:40 - mkk_pika - database.py:238 - INFO - 数据库更新已下载章节
2026-09-13 00:54:40 - mkk_pika - database.py:244 - INFO - 该漫画已下载章节如下
2026-09-13 00:54:40 - mkk_pika - database.py:245 - INFO - ['第1集']
2026-09-13 00:54:42 - mkk_pika - main.py:83 - INFO - 找到 29 张图片在:汉化
2026-09-13 00:54:43 - mkk_pika - main.py:112 - INFO - [episode:汉化        ] downloaded:    29, total:  29, progress:100%
2026-09-13 00:54:43 - mkk_pika - database.py:238 - INFO - 数据库更新已下载章节
2026-09-13 00:54:43 - mkk_pika - database.py:244 - INFO - 该漫画已下载章节如下
2026-09-13 00:54:43 - mkk_pika - database.py:245 - INFO - ['第1集', '汉化']
2026-09-13 00:54:45 - mkk_pika - main.py:348 - INFO - ==================== 漫画信息 ====================
                                   漫画ID：5c8cd876036aa556613c7c62
                                   标题：(C95)  親子なかよく♥ (Fate/Grand Order)
                                   作者：うらさざん (南乃さざん)
                                   是否完结：是
                                   总页数：57
                                   分类：短篇,同人,純愛,Fate
                                   章节数：2
                                   最后更新时间：2019-04-22T15:18:11.399Z
                                   =================================================
2026-09-13 00:54:45 - mkk_pika - database.py:101 - INFO - 保存成功：(C95)  親子なかよく♥ (Fate/Grand Order)
2026-09-13 00:54:45 - mkk_pika - main.py:35 - INFO - 开始检查(C90)  水瀬伊織とプロデューサー2 (アイドルマスター) [中国翻訳]是否存在未下载章节
2026-09-13 00:54:45 - mkk_pika - main.py:45 - INFO - 正在下载:[(C90)  水瀬伊織とプロデューサー2 (アイドルマスター) [中国翻訳]]-[パープルスカイ (NO.ゴメス)]-[['短篇', '同人']]-[total_pages:30]
2026-09-13 00:54:45 - mkk_pika - main.py:49 - INFO - [{'_id': '5cbddb44c89bcb50c2e6ae96', 'title': '第1集', 'order': 1, 'updated_at': '2019-04-22T06:27:48.259Z', 'id': '5cbddb44c89bcb50c2e6ae96'}]
2026-09-13 00:54:45 - mkk_pika - database.py:215 - INFO - 第一次下载该漫画，记录数据库中
2026-09-13 00:54:45 - mkk_pika - main.py:83 - INFO - 找到 30 张图片在:第1集
2026-09-13 00:54:47 - mkk_pika - main.py:112 - INFO - [episode:第1集       ] downloaded:    30, total:  30, progress:100%
2026-09-13 00:54:47 - mkk_pika - database.py:238 - INFO - 数据库更新已下载章节
2026-09-13 00:54:47 - mkk_pika - database.py:244 - INFO - 该漫画已下载章节如下
2026-09-13 00:54:47 - mkk_pika - database.py:245 - INFO - ['第1集']
2026-09-13 00:54:48 - mkk_pika - main.py:348 - INFO - ==================== 漫画信息 ====================
                                   漫画ID：5cbddb44c89bcb50c2e6ae95
                                   标题：(C90)  水瀬伊織とプロデューサー2 (アイドルマスター) [中国翻訳]
                                   作者：パープルスカイ (NO.ゴメス)
                                   是否完结：是
                                   总页数：30
                                   分类：短篇,同人
                                   章节数：1
                                   最后更新时间：2019-04-22T15:18:28.413Z
                                   =================================================
2026-09-13 00:54:48 - mkk_pika - database.py:101 - INFO - 保存成功：(C90)  水瀬伊織とプロデューサー2 (アイドルマスター) [中国翻訳]
2026-09-13 00:54:48 - mkk_pika - main.py:35 - INFO - 开始检查思い出のやり直し (コミックホットミルク 2019年5月号) [中国翻訳] [DL版]是否存在未下载章节
2026-09-13 00:54:48 - mkk_pika - main.py:45 - INFO - 正在下载:[思い出のやり直し (コミックホットミルク 2019年5月号) [中国翻訳] [DL版]]-[みずゆき]-[['短篇', '純愛']]-[total_pages:26]
2026-09-13 00:54:48 - mkk_pika - main.py:49 - INFO - [{'_id': '5cbddb5542ce9e7eb62f49f9', 'title': '第1集', 'order': 1, 'updated_at': '2019-04-22T06:33:58.406Z', 'id': '5cbddb5542ce9e7eb62f49f9'}]
2026-09-13 00:54:48 - mkk_pika - database.py:215 - INFO - 第一次下载该漫画，记录数据库中
2026-09-13 00:54:49 - mkk_pika - main.py:83 - INFO - 找到 26 张图片在:第1集
2026-09-13 00:54:50 - mkk_pika - main.py:112 - INFO - [episode:第1集       ] downloaded:    26, total:  26, progress:100%
2026-09-13 00:54:50 - mkk_pika - database.py:238 - INFO - 数据库更新已下载章节
2026-09-13 00:54:50 - mkk_pika - database.py:244 - INFO - 该漫画已下载章节如下
2026-09-13 00:54:50 - mkk_pika - database.py:245 - INFO - ['第1集']
2026-09-13 00:54:51 - mkk_pika - main.py:348 - INFO - ==================== 漫画信息 ====================
                                   漫画ID：5cbddb5542ce9e7eb62f49f8
                                   标题：思い出のやり直し (コミックホットミルク 2019年5月号) [中国翻訳] [DL版]
                                   作者：みずゆき
                                   是否完结：是
                                   总页数：26
                                   分类：短篇,純愛
                                   章节数：1
                                   最后更新时间：2019-04-22T15:18:45.941Z
                                   =================================================
2026-09-13 00:54:51 - mkk_pika - database.py:101 - INFO - 保存成功：思い出のやり直し (コミックホットミルク 2019年5月号) [中国翻訳] [DL版]
2026-09-13 00:54:51 - mkk_pika - main.py:35 - INFO - 开始检查少女は犬の夢を見る是否存在未下载章节
2026-09-13 00:54:52 - mkk_pika - main.py:45 - INFO - 正在下载:[少女は犬の夢を見る]-[栗田勇午]-[['長篇', '單行本', '非人類', '強暴']]-[total_pages:190]
2026-09-13 00:54:52 - mkk_pika - main.py:49 - INFO - [{'_id': '5cbddb6024f7db50ed3aab15', 'title': '第1集', 'order': 1, 'updated_at': '2019-04-22T07:44:13.624Z', 'id': '5cbddb6024f7db50ed3aab15'}]
2026-09-13 00:54:52 - mkk_pika - database.py:215 - INFO - 第一次下载该漫画，记录数据库中
2026-09-13 00:54:53 - mkk_pika - main.py:83 - INFO - 找到 190 张图片在:第1集
2026-09-13 00:55:00 - mkk_pika - main.py:112 - INFO - [episode:第1集       ] downloaded:   190, total: 190, progress:100%
2026-09-13 00:55:00 - mkk_pika - database.py:238 - INFO - 数据库更新已下载章节
2026-09-13 00:55:00 - mkk_pika - database.py:244 - INFO - 该漫画已下载章节如下
2026-09-13 00:55:00 - mkk_pika - database.py:245 - INFO - ['第1集']
2026-09-13 00:55:02 - mkk_pika - main.py:348 - INFO - ==================== 漫画信息 ====================
                                   漫画ID：5cbddb6024f7db50ed3aab14
                                   标题：少女は犬の夢を見る
                                   作者：栗田勇午
                                   是否完结：是
                                   总页数：190
                                   分类：長篇,單行本,非人類,強暴
                                   章节数：1
                                   最后更新时间：2019-04-22T15:18:56.258Z
                                   =================================================
2026-09-13 00:55:02 - mkk_pika - database.py:101 - INFO - 保存成功：少女は犬の夢を見る
2026-09-13 00:55:02 - mkk_pika - main.py:35 - INFO - 开始检查 C94おまけ本 (ラブライブ!、ラブライブ! サンシャイン!!) [中国翻訳]是否存在未下载章节
2026-09-13 00:55:02 - mkk_pika - main.py:45 - INFO - 正在下载:[ C94おまけ本 (ラブライブ!、ラブライブ! サンシャイン!!) [中国翻訳]]-[リンゴヤ (あるぷ)]-[['短篇', '同人', 'Love Live']]-[total_pages:13]
2026-09-13 00:55:02 - mkk_pika - main.py:49 - INFO - [{'_id': '5cbddbeb6e6f1e4def87fd11', 'title': '第1集', 'order': 1, 'updated_at': '2019-04-22T08:44:39.558Z', 'id': '5cbddbeb6e6f1e4def87fd11'}]
2026-09-13 00:55:02 - mkk_pika - database.py:215 - INFO - 第一次下载该漫画，记录数据库中
2026-09-13 00:55:03 - mkk_pika - main.py:83 - INFO - 找到 13 张图片在:第1集
2026-09-13 00:55:03 - mkk_pika - main.py:112 - INFO - [episode:第1集       ] downloaded:    13, total:  13, progress:100%
2026-09-13 00:55:03 - mkk_pika - database.py:238 - INFO - 数据库更新已下载章节
2026-09-13 00:55:03 - mkk_pika - database.py:244 - INFO - 该漫画已下载章节如下
2026-09-13 00:55:03 - mkk_pika - database.py:245 - INFO - ['第1集']
2026-09-13 00:55:05 - mkk_pika - main.py:348 - INFO - ==================== 漫画信息 ====================
                                   漫画ID：5cbddbeb6e6f1e4def87fd10
                                   标题： C94おまけ本 (ラブライブ!、ラブライブ! サンシャイン!!) [中国翻訳]
                                   作者：リンゴヤ (あるぷ)
                                   是否完结：是
                                   总页数：13
                                   分类：短篇,同人,Love Live
                                   章节数：1
                                   最后更新时间：2019-04-22T15:21:15.849Z
                                   =================================================
2026-09-13 00:55:05 - mkk_pika - database.py:101 - INFO - 保存成功： C94おまけ本 (ラブライブ!、ラブライブ! サンシャイン!!) [中国翻訳]
2026-09-13 00:55:05 - mkk_pika - main.py:35 - INFO - 开始检查双杏叶随时都可以！是否存在未下载章节
2026-09-13 00:55:05 - mkk_pika - main.py:45 - INFO - 正在下载:[双杏叶随时都可以！]-[みら国 (やすみみらきち)]-[['同人', '短篇', '純愛']]-[total_pages:4]
2026-09-13 00:55:05 - mkk_pika - main.py:49 - INFO - [{'_id': '5cbddc218eff93199a2beb06', 'title': '抽象', 'order': 1, 'updated_at': '2019-04-22T10:53:37.319Z', 'id': '5cbddc218eff93199a2beb06'}, {'_id': '5cbddc218eff93199a2beb07', 'title': '正常', 'order': 2, 'updated_at': '2019-04-22T10:55:48.918Z', 'id': '5cbddc218eff93199a2beb07'}]
2026-09-13 00:55:05 - mkk_pika - database.py:215 - INFO - 第一次下载该漫画，记录数据库中
2026-09-13 00:55:05 - mkk_pika - main.py:83 - INFO - 找到 27 张图片在:抽象
2026-09-13 00:55:07 - mkk_pika - main.py:112 - INFO - [episode:抽象        ] downloaded:    27, total:  27, progress:100%
2026-09-13 00:55:07 - mkk_pika - database.py:238 - INFO - 数据库更新已下载章节
2026-09-13 00:55:07 - mkk_pika - database.py:244 - INFO - 该漫画已下载章节如下
2026-09-13 00:55:07 - mkk_pika - database.py:245 - INFO - ['抽象']
2026-09-13 00:55:08 - mkk_pika - main.py:83 - INFO - 找到 26 张图片在:正常
2026-09-13 00:55:09 - mkk_pika - main.py:112 - INFO - [episode:正常        ] downloaded:    26, total:  26, progress:100%
2026-09-13 00:55:09 - mkk_pika - database.py:238 - INFO - 数据库更新已下载章节
2026-09-13 00:55:09 - mkk_pika - database.py:244 - INFO - 该漫画已下载章节如下
2026-09-13 00:55:09 - mkk_pika - database.py:245 - INFO - ['抽象', '正常']
2026-09-13 00:55:11 - mkk_pika - main.py:348 - INFO - ==================== 漫画信息 ====================
                                   漫画ID：5cbddc218eff93199a2beb05
                                   标题：双杏叶随时都可以！
                                   作者：みら国 (やすみみらきち)
                                   是否完结：是
                                   总页数：4
                                   分类：同人,短篇,純愛
                                   章节数：2
                                   最后更新时间：2019-04-22T15:22:09.946Z
                                   =================================================
2026-09-13 00:55:11 - mkk_pika - database.py:101 - INFO - 保存成功：双杏叶随时都可以！
2026-09-13 00:55:11 - mkk_pika - main.py:35 - INFO - 开始检查(C95)  シトナイ姉ちゃんって呼んで♡ (Fate/Grand Order) [中国翻訳]是否存在未下载章节
2026-09-13 00:55:11 - mkk_pika - main.py:45 - INFO - 正在下载:[(C95)  シトナイ姉ちゃんって呼んで♡ (Fate/Grand Order) [中国翻訳]]-[紺色果実 (紺菓)]-[['短篇', '同人', '姐姐系', 'Fate']]-[total_pages:27]
2026-09-13 00:55:11 - mkk_pika - main.py:49 - INFO - [{'_id': '5cbddd59cf4d8819e15a74d3', 'title': '第1集', 'order': 1, 'updated_at': '2019-04-22T12:01:14.989Z', 'id': '5cbddd59cf4d8819e15a74d3'}]
2026-09-13 00:55:11 - mkk_pika - database.py:215 - INFO - 第一次下载该漫画，记录数据库中
2026-09-13 00:55:12 - mkk_pika - main.py:83 - INFO - 找到 27 张图片在:第1集
2026-09-13 00:55:13 - mkk_pika - main.py:112 - INFO - [episode:第1集       ] downloaded:    27, total:  27, progress:100%
2026-09-13 00:55:13 - mkk_pika - database.py:238 - INFO - 数据库更新已下载章节
2026-09-13 00:55:13 - mkk_pika - database.py:244 - INFO - 该漫画已下载章节如下
2026-09-13 00:55:13 - mkk_pika - database.py:245 - INFO - ['第1集']
2026-09-13 00:55:14 - mkk_pika - main.py:348 - INFO - ==================== 漫画信息 ====================
                                   漫画ID：5cbddd59cf4d8819e15a74d2
                                   标题：(C95)  シトナイ姉ちゃんって呼んで♡ (Fate/Grand Order) [中国翻訳]
                                   作者：紺色果実 (紺菓)
                                   是否完结：是
                                   总页数：27
                                   分类：短篇,同人,姐姐系,Fate
                                   章节数：1
                                   最后更新时间：2019-04-22T15:27:21.734Z
                                   =================================================
2026-09-13 00:55:14 - mkk_pika - database.py:101 - INFO - 保存成功：(C95)  シトナイ姉ちゃんって呼んで♡ (Fate/Grand Order) [中国翻訳]
2026-09-13 00:55:14 - mkk_pika - main.py:35 - INFO - 开始检查快落の隷刻 (別冊コミックアンリアル 淫紋の魔力で美少女たちが悪堕ち・快楽堕ち! Vol.2) [中国翻訳] [DL版]是否存在未下载章节
2026-09-13 00:55:14 - mkk_pika - main.py:45 - INFO - 正在下载:[快落の隷刻 (別冊コミックアンリアル 淫紋の魔力で美少女たちが悪堕ち・快楽堕ち! Vol.2) [中国翻訳] [DL版]]-[シリ蔵]-[['短篇', '非人類']]-[total_pages:16]
2026-09-13 00:55:14 - mkk_pika - main.py:49 - INFO - [{'_id': '5cbddd9524f7db50ed3aaf3a', 'title': '第1集', 'order': 1, 'updated_at': '2019-04-22T13:18:19.107Z', 'id': '5cbddd9524f7db50ed3aaf3a'}]
2026-09-13 00:55:14 - mkk_pika - database.py:215 - INFO - 第一次下载该漫画，记录数据库中
2026-09-13 00:55:15 - mkk_pika - main.py:83 - INFO - 找到 16 张图片在:第1集
2026-09-13 00:55:15 - mkk_pika - main.py:112 - INFO - [episode:第1集       ] downloaded:    16, total:  16, progress:100%
2026-09-13 00:55:15 - mkk_pika - database.py:238 - INFO - 数据库更新已下载章节
2026-09-13 00:55:15 - mkk_pika - database.py:244 - INFO - 该漫画已下载章节如下
2026-09-13 00:55:15 - mkk_pika - database.py:245 - INFO - ['第1集']
2026-09-13 00:55:17 - mkk_pika - main.py:348 - INFO - ==================== 漫画信息 ====================
                                   漫画ID：5cbddd9524f7db50ed3aaf39
                                   标题：快落の隷刻 (別冊コミックアンリアル 淫紋の魔力で美少女たちが悪堕ち・快楽堕ち! Vol.2) [中国翻訳] [DL版]
                                   作者：シリ蔵
                                   是否完结：是
                                   总页数：16
                                   分类：短篇,非人類
                                   章节数：1
                                   最后更新时间：2019-04-22T15:28:21.101Z
                                   =================================================
2026-09-13 00:55:17 - mkk_pika - database.py:101 - INFO - 保存成功：快落の隷刻 (別冊コミックアンリアル 淫紋の魔力で美少女たちが悪堕ち・快楽堕ち! Vol.2) [中国翻訳] [DL版]
2026-09-13 00:55:17 - mkk_pika - main.py:35 - INFO - 开始检查 クロネコチョコアイス3 [中国翻訳] [DL版]是否存在未下载章节
2026-09-13 00:55:17 - mkk_pika - main.py:45 - INFO - 正在下载:[ クロネコチョコアイス3 [中国翻訳] [DL版]]-[妄想美術部 (しょーやん)]-[['短篇', 'SM']]-[total_pages:24]
2026-09-13 00:55:17 - mkk_pika - main.py:49 - INFO - [{'_id': '5cbdde04c897694df7ec46bf', 'title': '第1集', 'order': 1, 'updated_at': '2019-04-22T14:28:59.790Z', 'id': '5cbdde04c897694df7ec46bf'}]
2026-09-13 00:55:17 - mkk_pika - database.py:215 - INFO - 第一次下载该漫画，记录数据库中
2026-09-13 00:55:18 - mkk_pika - main.py:83 - INFO - 找到 24 张图片在:第1集
2026-09-13 00:55:19 - mkk_pika - main.py:112 - INFO - [episode:第1集       ] downloaded:    24, total:  24, progress:100%
2026-09-13 00:55:19 - mkk_pika - database.py:238 - INFO - 数据库更新已下载章节
2026-09-13 00:55:19 - mkk_pika - database.py:244 - INFO - 该漫画已下载章节如下
2026-09-13 00:55:19 - mkk_pika - database.py:245 - INFO - ['第1集']
2026-09-13 00:55:20 - mkk_pika - main.py:348 - INFO - ==================== 漫画信息 ====================
                                   漫画ID：5cbdde04c897694df7ec46be
                                   标题： クロネコチョコアイス3 [中国翻訳] [DL版]
                                   作者：妄想美術部 (しょーやん)
                                   是否完结：是
                                   总页数：24
                                   分类：短篇,SM
                                   章节数：1
                                   最后更新时间：2019-04-22T15:30:12.141Z
                                   =================================================
2026-09-13 00:55:20 - mkk_pika - database.py:101 - INFO - 保存成功： クロネコチョコアイス3 [中国翻訳] [DL版]
2026-09-13 00:55:20 - mkk_pika - main.py:35 - INFO - 开始检查 ヴァンパレイド5 ～吸血鬼 三姉妹 捕縛編～ [中国翻訳]是否存在未下载章节
2026-09-13 00:55:20 - mkk_pika - main.py:45 - INFO - 正在下载:[ ヴァンパレイド5 ～吸血鬼 三姉妹 捕縛編～ [中国翻訳]]-[トンテン]-[['短篇', 'SM', '非人類']]-[total_pages:25]
2026-09-13 00:55:20 - mkk_pika - main.py:49 - INFO - [{'_id': '5cbdde3a77755019e05db9cf', 'title': '第1集', 'order': 1, 'updated_at': '2019-04-22T14:33:32.242Z', 'id': '5cbdde3a77755019e05db9cf'}]
2026-09-13 00:55:20 - mkk_pika - database.py:215 - INFO - 第一次下载该漫画，记录数据库中
2026-09-13 00:55:21 - mkk_pika - main.py:83 - INFO - 找到 25 张图片在:第1集
2026-09-13 00:55:22 - mkk_pika - main.py:112 - INFO - [episode:第1集       ] downloaded:    25, total:  25, progress:100%
2026-09-13 00:55:22 - mkk_pika - database.py:238 - INFO - 数据库更新已下载章节
2026-09-13 00:55:22 - mkk_pika - database.py:244 - INFO - 该漫画已下载章节如下
2026-09-13 00:55:22 - mkk_pika - database.py:245 - INFO - ['第1集']
2026-09-13 00:55:24 - mkk_pika - main.py:348 - INFO - ==================== 漫画信息 ====================
                                   漫画ID：5cbdde3a77755019e05db9ce
                                   标题： ヴァンパレイド5 ～吸血鬼 三姉妹 捕縛編～ [中国翻訳]
                                   作者：トンテン
                                   是否完结：是
                                   总页数：25
                                   分类：短篇,SM,非人類
                                   章节数：1
                                   最后更新时间：2019-04-22T15:31:06.376Z
                                   =================================================
2026-09-13 00:55:24 - mkk_pika - database.py:101 - INFO - 保存成功： ヴァンパレイド5 ～吸血鬼 三姉妹 捕縛編～ [中国翻訳]
2026-09-13 00:55:24 - mkk_pika - main.py:35 - INFO - 开始检查タメ感覚メルヘン・黒ギャルシンデレラ！ [中国翻訳] [DL版]是否存在未下载章节
2026-09-13 00:55:24 - mkk_pika - main.py:45 - INFO - 正在下载:[タメ感覚メルヘン・黒ギャルシンデレラ！ [中国翻訳] [DL版]]-[岸里さとし]-[['短篇', '純愛']]-[total_pages:22]
2026-09-13 00:55:24 - mkk_pika - main.py:49 - INFO - [{'_id': '5cbddef7068a2b4e2c57e92b', 'title': '第1集', 'order': 1, 'updated_at': '2019-04-22T14:55:41.862Z', 'id': '5cbddef7068a2b4e2c57e92b'}]
2026-09-13 00:55:24 - mkk_pika - database.py:215 - INFO - 第一次下载该漫画，记录数据库中
2026-09-13 00:55:24 - mkk_pika - main.py:83 - INFO - 找到 22 张图片在:第1集
2026-09-13 00:55:25 - mkk_pika - main.py:112 - INFO - [episode:第1集       ] downloaded:    22, total:  22, progress:100%
2026-09-13 00:55:25 - mkk_pika - database.py:238 - INFO - 数据库更新已下载章节
2026-09-13 00:55:25 - mkk_pika - database.py:244 - INFO - 该漫画已下载章节如下
2026-09-13 00:55:25 - mkk_pika - database.py:245 - INFO - ['第1集']
2026-09-13 00:55:27 - mkk_pika - main.py:348 - INFO - ==================== 漫画信息 ====================
                                   漫画ID：5cbddef7068a2b4e2c57e92a
                                   标题：タメ感覚メルヘン・黒ギャルシンデレラ！ [中国翻訳] [DL版]
                                   作者：岸里さとし
                                   是否完结：是
                                   总页数：22
                                   分类：短篇,純愛
                                   章节数：1
                                   最后更新时间：2019-04-22T15:34:15.057Z
                                   =================================================
2026-09-13 00:55:27 - mkk_pika - database.py:101 - INFO - 保存成功：タメ感覚メルヘン・黒ギャルシンデレラ！ [中国翻訳] [DL版]
2026-09-13 00:55:27 - mkk_pika - main.py:35 - INFO - 开始检查(アズレン学園購買部6) 加賀が重複した。 (アズールレーン) [中国翻訳]是否存在未下载章节
2026-09-13 00:55:27 - mkk_pika - main.py:45 - INFO - 正在下载:[(アズレン学園購買部6) 加賀が重複した。 (アズールレーン) [中国翻訳]]-[かもたま座 (かもたま)]-[['同人', '短篇', '非人類', '純愛', '百合花園']]-[total_pages:19]
2026-09-13 00:55:27 - mkk_pika - main.py:49 - INFO - [{'_id': '5cbddf166e6f1e4def87fd2e', 'title': '第1集', 'order': 1, 'updated_at': '2019-04-22T15:00:08.559Z', 'id': '5cbddf166e6f1e4def87fd2e'}]
2026-09-13 00:55:27 - mkk_pika - database.py:215 - INFO - 第一次下载该漫画，记录数据库中
2026-09-13 00:55:28 - mkk_pika - main.py:83 - INFO - 找到 19 张图片在:第1集
2026-09-13 00:55:28 - mkk_pika - main.py:112 - INFO - [episode:第1集       ] downloaded:    19, total:  19, progress:100%
2026-09-13 00:55:28 - mkk_pika - database.py:238 - INFO - 数据库更新已下载章节
2026-09-13 00:55:28 - mkk_pika - database.py:244 - INFO - 该漫画已下载章节如下
2026-09-13 00:55:28 - mkk_pika - database.py:245 - INFO - ['第1集']
2026-09-13 00:55:30 - mkk_pika - main.py:348 - INFO - ==================== 漫画信息 ====================
                                   漫画ID：5cbddf166e6f1e4def87fd2d
                                   标题：(アズレン学園購買部6) 加賀が重複した。 (アズールレーン) [中国翻訳]
                                   作者：かもたま座 (かもたま)
                                   是否完结：是
                                   总页数：19
                                   分类：同人,短篇,非人類,純愛,百合花園
                                   章节数：1
                                   最后更新时间：2019-04-22T15:34:46.605Z
                                   =================================================
2026-09-13 00:55:30 - mkk_pika - database.py:101 - INFO - 保存成功：(アズレン学園購買部6) 加賀が重複した。 (アズールレーン) [中国翻訳]
2026-09-13 00:55:30 - mkk_pika - main.py:35 - INFO - 开始检查(C95) SUKEBE Order VOL.02 (Fate/Grand Order) [中国翻訳]是否存在未下载章节
2026-09-13 00:55:30 - mkk_pika - main.py:45 - INFO - 正在下载:[(C95) SUKEBE Order VOL.02 (Fate/Grand Order) [中国翻訳]]-[自宅vacation (うるりひ)]-[['短篇', '同人', 'Fate']]-[total_pages:47]
2026-09-13 00:55:30 - mkk_pika - main.py:49 - INFO - [{'_id': '5cbdd5f8c89bcb50c2e6ada9', 'title': '第1集', 'order': 1, 'updated_at': '2019-04-21T13:05:08.942Z', 'id': '5cbdd5f8c89bcb50c2e6ada9'}, {'_id': '5cbddf216e6f1e4def87fd42', 'title': '汉化2', 'order': 2, 'updated_at': '2019-04-22T15:03:34.848Z', 'id': '5cbddf216e6f1e4def87fd42'}]
2026-09-13 00:55:30 - mkk_pika - database.py:215 - INFO - 第一次下载该漫画，记录数据库中
2026-09-13 00:55:31 - mkk_pika - main.py:83 - INFO - 找到 25 张图片在:第1集
2026-09-13 00:55:32 - mkk_pika - main.py:112 - INFO - [episode:第1集       ] downloaded:    25, total:  25, progress:100%
2026-09-13 00:55:32 - mkk_pika - database.py:238 - INFO - 数据库更新已下载章节
2026-09-13 00:55:32 - mkk_pika - database.py:244 - INFO - 该漫画已下载章节如下
2026-09-13 00:55:32 - mkk_pika - database.py:245 - INFO - ['第1集']
2026-09-13 00:55:33 - mkk_pika - main.py:83 - INFO - 找到 22 张图片在:汉化2
2026-09-13 00:55:34 - mkk_pika - main.py:112 - INFO - [episode:汉化2       ] downloaded:    22, total:  22, progress:100%
2026-09-13 00:55:34 - mkk_pika - database.py:238 - INFO - 数据库更新已下载章节
2026-09-13 00:55:34 - mkk_pika - database.py:244 - INFO - 该漫画已下载章节如下
2026-09-13 00:55:34 - mkk_pika - database.py:245 - INFO - ['第1集', '汉化2']
2026-09-13 00:55:36 - mkk_pika - main.py:348 - INFO - ==================== 漫画信息 ====================
                                   漫画ID：5cbdd5f8c89bcb50c2e6ada8
                                   标题：(C95) SUKEBE Order VOL.02 (Fate/Grand Order) [中国翻訳]
                                   作者：自宅vacation (うるりひ)
                                   是否完结：是
                                   总页数：47
                                   分类：短篇,同人,Fate
                                   章节数：2
                                   最后更新时间：2019-04-22T15:34:57.624Z
                                   =================================================
2026-09-13 00:55:36 - mkk_pika - database.py:101 - INFO - 保存成功：(C95) SUKEBE Order VOL.02 (Fate/Grand Order) [中国翻訳]
2026-09-13 00:55:36 - mkk_pika - main.py:35 - INFO - 开始检查(王の器16) エレナさんと付き合いたい! (Fate/Grand Order) [中国翻訳]是否存在未下载章节
2026-09-13 00:55:36 - mkk_pika - main.py:45 - INFO - 正在下载:[(王の器16) エレナさんと付き合いたい! (Fate/Grand Order) [中国翻訳]]-[ハードコア座薬装填 (ひらやん)]-[['短篇', '同人', '純愛', 'Fate']]-[total_pages:24]
2026-09-13 00:55:36 - mkk_pika - main.py:49 - INFO - [{'_id': '5cbf276df0799650f7010314', 'title': '第1集', 'order': 1, 'updated_at': '2019-04-22T15:40:22.200Z', 'id': '5cbf276df0799650f7010314'}]
2026-09-13 00:55:36 - mkk_pika - database.py:215 - INFO - 第一次下载该漫画，记录数据库中
2026-09-13 00:55:37 - mkk_pika - main.py:83 - INFO - 找到 24 张图片在:第1集
2026-09-13 00:55:38 - mkk_pika - main.py:112 - INFO - [episode:第1集       ] downloaded:    24, total:  24, progress:100%
2026-09-13 00:55:38 - mkk_pika - database.py:238 - INFO - 数据库更新已下载章节
2026-09-13 00:55:38 - mkk_pika - database.py:244 - INFO - 该漫画已下载章节如下
2026-09-13 00:55:38 - mkk_pika - database.py:245 - INFO - ['第1集']
2026-09-13 00:55:39 - mkk_pika - main.py:348 - INFO - ==================== 漫画信息 ====================
                                   漫画ID：5cbf276df0799650f7010313
                                   标题：(王の器16) エレナさんと付き合いたい! (Fate/Grand Order) [中国翻訳]
                                   作者：ハードコア座薬装填 (ひらやん)
                                   是否完结：是
                                   总页数：24
                                   分类：短篇,同人,純愛,Fate
                                   章节数：1
                                   最后更新时间：2019-04-23T14:55:41.589Z
                                   =================================================
2026-09-13 00:55:39 - mkk_pika - database.py:101 - INFO - 保存成功：(王の器16) エレナさんと付き合いたい! (Fate/Grand Order) [中国翻訳]
2026-09-13 00:55:39 - mkk_pika - main.py:35 - INFO - 开始检查(C89) バウンサー ~うさぎの用心棒~是否存在未下载章节
2026-09-13 00:55:39 - mkk_pika - main.py:45 - INFO - 正在下载:[(C89) バウンサー ~うさぎの用心棒~]-[猿駕アキ]-[['短篇', 'NTR']]-[total_pages:46]
2026-09-13 00:55:39 - mkk_pika - main.py:49 - INFO - [{'_id': '5cbf27aeca60d64e2687e9ff', 'title': '第1集', 'order': 1, 'updated_at': '2019-04-21T14:58:57.240Z', 'id': '5cbf27aeca60d64e2687e9ff'}]
2026-09-13 00:55:39 - mkk_pika - database.py:215 - INFO - 第一次下载该漫画，记录数据库中
2026-09-13 00:55:40 - mkk_pika - main.py:83 - INFO - 找到 46 张图片在:第1集
2026-09-13 00:55:42 - mkk_pika - main.py:112 - INFO - [episode:第1集       ] downloaded:    46, total:  46, progress:100%
2026-09-13 00:55:42 - mkk_pika - database.py:238 - INFO - 数据库更新已下载章节
2026-09-13 00:55:42 - mkk_pika - database.py:244 - INFO - 该漫画已下载章节如下
2026-09-13 00:55:42 - mkk_pika - database.py:245 - INFO - ['第1集']
2026-09-13 00:55:43 - mkk_pika - main.py:348 - INFO - ==================== 漫画信息 ====================
                                   漫画ID：5cbf27aeca60d64e2687e9fe
                                   标题：(C89) バウンサー ~うさぎの用心棒~
                                   作者：猿駕アキ
                                   是否完结：否
                                   总页数：46
                                   分类：短篇,NTR
                                   章节数：1
                                   最后更新时间：2019-04-23T14:56:46.360Z
                                   =================================================
2026-09-13 00:55:43 - mkk_pika - database.py:101 - INFO - 保存成功：(C89) バウンサー ~うさぎの用心棒~
2026-09-13 00:55:43 - mkk_pika - main.py:35 - INFO - 开始检查無垢と華 (COMIC快楽天 2019年4月号)[無修正]是否存在未下载章节
2026-09-13 00:55:44 - mkk_pika - main.py:45 - INFO - 正在下载:[無垢と華 (COMIC快楽天 2019年4月号)[無修正]]-[SAVAN]-[['短篇', '純愛']]-[total_pages:18]
2026-09-13 00:55:44 - mkk_pika - main.py:49 - INFO - [{'_id': '5cbf29e98eff93199a2befea', 'title': '第1集', 'order': 1, 'updated_at': '2019-04-23T03:44:28.710Z', 'id': '5cbf29e98eff93199a2befea'}]
2026-09-13 00:55:44 - mkk_pika - database.py:215 - INFO - 第一次下载该漫画，记录数据库中
2026-09-13 00:55:44 - mkk_pika - main.py:83 - INFO - 找到 18 张图片在:第1集
2026-09-13 00:55:45 - mkk_pika - main.py:112 - INFO - [episode:第1集       ] downloaded:    18, total:  18, progress:100%
2026-09-13 00:55:45 - mkk_pika - database.py:238 - INFO - 数据库更新已下载章节
2026-09-13 00:55:45 - mkk_pika - database.py:244 - INFO - 该漫画已下载章节如下
2026-09-13 00:55:45 - mkk_pika - database.py:245 - INFO - ['第1集']
2026-09-13 00:55:47 - mkk_pika - main.py:348 - INFO - ==================== 漫画信息 ====================
                                   漫画ID：5cbf29e98eff93199a2befe9
                                   标题：無垢と華 (COMIC快楽天 2019年4月号)[無修正]
                                   作者：SAVAN
                                   是否完结：否
                                   总页数：18
                                   分类：短篇,純愛
                                   章节数：1
                                   最后更新时间：2019-04-23T15:06:17.032Z
                                   =================================================
2026-09-13 00:55:47 - mkk_pika - database.py:101 - INFO - 保存成功：無垢と華 (COMIC快楽天 2019年4月号)[無修正]
2026-09-13 00:55:47 - mkk_pika - main.py:35 - INFO - 开始检查辛德拉X阿卡丽是否存在未下载章节
2026-09-13 00:55:47 - mkk_pika - main.py:375 - ERROR - Download failed for 辛德拉X阿卡丽, with Exception:'author'
2026-09-13 00:55:47 - mkk_pika - main.py:35 - INFO - 开始检查寒冰惨遭蛮王五秒真男人蹂躏是否存在未下载章节
2026-09-13 00:55:47 - mkk_pika - main.py:375 - ERROR - Download failed for 寒冰惨遭蛮王五秒真男人蹂躏, with Exception:'author'
2026-09-13 00:55:47 - mkk_pika - main.py:35 - INFO - 开始检查初恋の来た道 (COMIC快楽天ビースト 2018年7月号)[無修正]是否存在未下载章节
2026-09-13 00:55:47 - mkk_pika - main.py:45 - INFO - 正在下载:[初恋の来た道 (COMIC快楽天ビースト 2018年7月号)[無修正]]-[雛咲葉]-[['短篇', '人妻', 'NTR']]-[total_pages:20]
2026-09-13 00:55:47 - mkk_pika - main.py:49 - INFO - [{'_id': '5cbf2a3890707c7edc5e2dae', 'title': '第1集', 'order': 1, 'updated_at': '2019-04-23T04:15:07.103Z', 'id': '5cbf2a3890707c7edc5e2dae'}]
2026-09-13 00:55:47 - mkk_pika - database.py:215 - INFO - 第一次下载该漫画，记录数据库中
2026-09-13 00:55:48 - mkk_pika - main.py:83 - INFO - 找到 20 张图片在:第1集
2026-09-13 00:55:49 - mkk_pika - main.py:112 - INFO - [episode:第1集       ] downloaded:    20, total:  20, progress:100%
2026-09-13 00:55:49 - mkk_pika - database.py:238 - INFO - 数据库更新已下载章节
2026-09-13 00:55:49 - mkk_pika - database.py:244 - INFO - 该漫画已下载章节如下
2026-09-13 00:55:49 - mkk_pika - database.py:245 - INFO - ['第1集']
2026-09-13 00:55:50 - mkk_pika - main.py:348 - INFO - ==================== 漫画信息 ====================
                                   漫画ID：5cbf2a3890707c7edc5e2dad
                                   标题：初恋の来た道 (COMIC快楽天ビースト 2018年7月号)[無修正]
                                   作者：雛咲葉
                                   是否完结：否
                                   总页数：20
                                   分类：短篇,人妻,NTR
                                   章节数：1
                                   最后更新时间：2019-04-23T15:07:36.090Z
                                   =================================================
2026-09-13 00:55:50 - mkk_pika - database.py:101 - INFO - 保存成功：初恋の来た道 (COMIC快楽天ビースト 2018年7月号)[無修正]
2026-09-13 00:55:50 - mkk_pika - main.py:35 - INFO - 开始检查こころががんばる本是否存在未下载章节
2026-09-13 00:55:50 - mkk_pika - main.py:45 - INFO - 正在下载:[こころががんばる本]-[てつのおとしご (チロリアン)]-[['同人', '短篇', '姐姐系', '東方']]-[total_pages:42]
2026-09-13 00:55:50 - mkk_pika - main.py:49 - INFO - [{'_id': '5c0bcca76c95fd393aa23666', 'title': '生肉', 'order': 1, 'updated_at': '2019-04-23T15:08:02.481Z', 'id': '5c0bcca76c95fd393aa23666'}, {'_id': '5cbf2a528eff93199a2befff', 'title': '熟肉', 'order': 2, 'updated_at': '2019-04-23T05:03:03.070Z', 'id': '5cbf2a528eff93199a2befff'}]
2026-09-13 00:55:50 - mkk_pika - database.py:215 - INFO - 第一次下载该漫画，记录数据库中
2026-09-13 00:55:51 - mkk_pika - main.py:83 - INFO - 找到 20 张图片在:生肉
2026-09-13 00:55:52 - mkk_pika - main.py:112 - INFO - [episode:生肉        ] downloaded:    20, total:  20, progress:100%
2026-09-13 00:55:52 - mkk_pika - database.py:238 - INFO - 数据库更新已下载章节
2026-09-13 00:55:52 - mkk_pika - database.py:244 - INFO - 该漫画已下载章节如下
2026-09-13 00:55:52 - mkk_pika - database.py:245 - INFO - ['生肉']
2026-09-13 00:55:53 - mkk_pika - main.py:83 - INFO - 找到 22 张图片在:熟肉
2026-09-13 00:55:54 - mkk_pika - main.py:112 - INFO - [episode:熟肉        ] downloaded:    22, total:  22, progress:100%
2026-09-13 00:55:54 - mkk_pika - database.py:238 - INFO - 数据库更新已下载章节
2026-09-13 00:55:54 - mkk_pika - database.py:244 - INFO - 该漫画已下载章节如下
2026-09-13 00:55:54 - mkk_pika - database.py:245 - INFO - ['生肉', '熟肉']
2026-09-13 00:55:56 - mkk_pika - main.py:348 - INFO - ==================== 漫画信息 ====================
                                   漫画ID：5c0bcca76c95fd393aa23665
                                   标题：こころががんばる本
                                   作者：てつのおとしご (チロリアン)
                                   是否完结：否
                                   总页数：42
                                   分类：同人,短篇,姐姐系,東方
                                   章节数：2
                                   最后更新时间：2019-04-23T15:08:02.442Z
                                   =================================================
2026-09-13 00:55:56 - mkk_pika - database.py:101 - INFO - 保存成功：こころががんばる本
2026-09-13 00:55:56 - mkk_pika - main.py:35 - INFO - 开始检查カラメルハメアート (カラメルハメアート 限定版)是否存在未下载章节
2026-09-13 00:55:56 - mkk_pika - main.py:45 - INFO - 正在下载:[カラメルハメアート (カラメルハメアート 限定版)]-[たまごろー]-[['短篇', '純愛']]-[total_pages:18]
2026-09-13 00:55:56 - mkk_pika - main.py:49 - INFO - [{'_id': '5cbf2a7baad5457ef193a554', 'title': '第1集', 'order': 1, 'updated_at': '2019-04-23T05:59:18.332Z', 'id': '5cbf2a7baad5457ef193a554'}]
2026-09-13 00:55:56 - mkk_pika - database.py:215 - INFO - 第一次下载该漫画，记录数据库中
2026-09-13 00:55:57 - mkk_pika - main.py:83 - INFO - 找到 18 张图片在:第1集
2026-09-13 00:55:58 - mkk_pika - main.py:112 - INFO - [episode:第1集       ] downloaded:    18, total:  18, progress:100%
2026-09-13 00:55:58 - mkk_pika - database.py:238 - INFO - 数据库更新已下载章节
2026-09-13 00:55:58 - mkk_pika - database.py:244 - INFO - 该漫画已下载章节如下
2026-09-13 00:55:58 - mkk_pika - database.py:245 - INFO - ['第1集']
2026-09-13 00:55:59 - mkk_pika - main.py:348 - INFO - ==================== 漫画信息 ====================
                                   漫画ID：5cbf2a7baad5457ef193a553
                                   标题：カラメルハメアート (カラメルハメアート 限定版)
                                   作者：たまごろー
                                   是否完结：是
                                   总页数：18
                                   分类：短篇,純愛
                                   章节数：1
                                   最后更新时间：2019-04-23T15:08:43.398Z
                                   =================================================
2026-09-13 00:55:59 - mkk_pika - database.py:101 - INFO - 保存成功：カラメルハメアート (カラメルハメアート 限定版)
2026-09-13 00:55:59 - mkk_pika - main.py:35 - INFO - 开始检查Change! in the Corruption (戦姫絶唱シンフォギア)是否存在未下载章节
2026-09-13 00:55:59 - mkk_pika - main.py:45 - INFO - 正在下载:[Change! in the Corruption (戦姫絶唱シンフォギア)]-[NISHILL]-[['短篇', '同人', '扶他樂園']]-[total_pages:14]
2026-09-13 00:55:59 - mkk_pika - main.py:49 - INFO - [{'_id': '5cbf2ac7c89bcb50c2e6b7b3', 'title': '第1集', 'order': 1, 'updated_at': '2019-04-23T07:07:09.425Z', 'id': '5cbf2ac7c89bcb50c2e6b7b3'}]
2026-09-13 00:55:59 - mkk_pika - database.py:215 - INFO - 第一次下载该漫画，记录数据库中
2026-09-13 00:56:00 - mkk_pika - main.py:83 - INFO - 找到 14 张图片在:第1集
2026-09-13 00:56:01 - mkk_pika - main.py:112 - INFO - [episode:第1集       ] downloaded:    14, total:  14, progress:100%
2026-09-13 00:56:01 - mkk_pika - database.py:238 - INFO - 数据库更新已下载章节
2026-09-13 00:56:01 - mkk_pika - database.py:244 - INFO - 该漫画已下载章节如下
2026-09-13 00:56:01 - mkk_pika - database.py:245 - INFO - ['第1集']
2026-09-13 00:56:02 - mkk_pika - main.py:348 - INFO - ==================== 漫画信息 ====================
                                   漫画ID：5cbf2ac7c89bcb50c2e6b7b2
                                   标题：Change! in the Corruption (戦姫絶唱シンフォギア)
                                   作者：NISHILL
                                   是否完结：是
                                   总页数：14
                                   分类：短篇,同人,扶他樂園
                                   章节数：1
                                   最后更新时间：2019-04-23T15:09:59.319Z
                                   =================================================
2026-09-13 00:56:02 - mkk_pika - database.py:101 - INFO - 保存成功：Change! in the Corruption (戦姫絶唱シンフォギア)
2026-09-13 00:56:02 - mkk_pika - main.py:35 - INFO - 开始检查恋するアスナはせつなくてキリトくんを想うとついイジワルしちゃうの—热恋中的亚斯娜想与桐人这样那样是否存在未下载章节
2026-09-13 00:56:02 - mkk_pika - main.py:45 - INFO - 正在下载:[恋するアスナはせつなくてキリトくんを想うとついイジワルしちゃうの—热恋中的亚斯娜想与桐人这样那样]-[空屋 (鈴沢秋)]-[['短篇', '同人', 'SAO 刀劍神域', '純愛']]-[total_pages:24]
2026-09-13 00:56:02 - mkk_pika - main.py:49 - INFO - [{'_id': '5cbf2ad86e6f1e4def8801a9', 'title': '第1集', 'order': 1, 'updated_at': '2019-04-23T07:12:53.773Z', 'id': '5cbf2ad86e6f1e4def8801a9'}]
2026-09-13 00:56:02 - mkk_pika - database.py:215 - INFO - 第一次下载该漫画，记录数据库中
2026-09-13 00:56:03 - mkk_pika - main.py:83 - INFO - 找到 24 张图片在:第1集
2026-09-13 00:56:04 - mkk_pika - main.py:112 - INFO - [episode:第1集       ] downloaded:    24, total:  24, progress:100%
2026-09-13 00:56:04 - mkk_pika - database.py:238 - INFO - 数据库更新已下载章节
2026-09-13 00:56:04 - mkk_pika - database.py:244 - INFO - 该漫画已下载章节如下
2026-09-13 00:56:04 - mkk_pika - database.py:245 - INFO - ['第1集']
2026-09-13 00:56:05 - mkk_pika - main.py:348 - INFO - ==================== 漫画信息 ====================
                                   漫画ID：5cbf2ad86e6f1e4def8801a8
                                   标题：恋するアスナはせつなくてキリトくんを想うとついイジワルしちゃうの—热恋中的亚斯娜想与桐人这样那样
                                   作者：空屋 (鈴沢秋)
                                   是否完结：是
                                   总页数：24
                                   分类：短篇,同人,SAO 刀劍神域,純愛
                                   章节数：1
                                   最后更新时间：2019-04-23T15:10:16.325Z
                                   =================================================
2026-09-13 00:56:05 - mkk_pika - database.py:101 - INFO - 保存成功：恋するアスナはせつなくてキリトくんを想うとついイジワルしちゃうの—热恋中的亚斯娜想与桐人这样那样
2026-09-13 00:56:05 - mkk_pika - main.py:35 - INFO - 开始检查エロ本を捨てたらこの子が釣れちゃった!?| 黃書釣妹!?是否存在未下载章节
2026-09-13 00:56:05 - mkk_pika - main.py:45 - INFO - 正在下载:[エロ本を捨てたらこの子が釣れちゃった!?| 黃書釣妹!?]-[あずせ]-[['短篇']]-[total_pages:26]
2026-09-13 00:56:05 - mkk_pika - main.py:49 - INFO - [{'_id': '5cbf2b3d4563d01994314037', 'title': '第1集', 'order': 1, 'updated_at': '2019-04-23T07:38:32.705Z', 'id': '5cbf2b3d4563d01994314037'}]
2026-09-13 00:56:05 - mkk_pika - database.py:215 - INFO - 第一次下载该漫画，记录数据库中
2026-09-13 00:56:06 - mkk_pika - main.py:83 - INFO - 找到 26 张图片在:第1集
2026-09-13 00:56:07 - mkk_pika - main.py:112 - INFO - [episode:第1集       ] downloaded:    26, total:  26, progress:100%
2026-09-13 00:56:07 - mkk_pika - database.py:238 - INFO - 数据库更新已下载章节
2026-09-13 00:56:07 - mkk_pika - database.py:244 - INFO - 该漫画已下载章节如下
2026-09-13 00:56:07 - mkk_pika - database.py:245 - INFO - ['第1集']
2026-09-13 00:56:09 - mkk_pika - main.py:348 - INFO - ==================== 漫画信息 ====================
                                   漫画ID：5cbf2b3d4563d01994314036
                                   标题：エロ本を捨てたらこの子が釣れちゃった!?| 黃書釣妹!?
                                   作者：あずせ
                                   是否完结：是
                                   总页数：26
                                   分类：短篇
                                   章节数：1
                                   最后更新时间：2019-04-23T15:11:57.070Z
                                   =================================================
2026-09-13 00:56:09 - mkk_pika - database.py:101 - INFO - 保存成功：エロ本を捨てたらこの子が釣れちゃった!?| 黃書釣妹!?
2026-09-13 00:56:09 - mkk_pika - main.py:35 - INFO - 开始检查ヒップランナー 美臀淫亂跑者是否存在未下载章节
2026-09-13 00:56:09 - mkk_pika - main.py:45 - INFO - 正在下载:[ヒップランナー 美臀淫亂跑者]-[有賀冬]-[['長篇', '純愛', '後宮閃光', '單行本', '姐姐系', '妹妹系']]-[total_pages:194]
2026-09-13 00:56:09 - mkk_pika - main.py:49 - INFO - [{'_id': '5cbf2b986e6f1e4def8801df', 'title': '淫亂社團後宮的單行本', 'order': 1, 'updated_at': '2019-04-19T06:47:37.643Z', 'id': '5cbf2b986e6f1e4def8801df'}]
2026-09-13 00:56:09 - mkk_pika - database.py:215 - INFO - 第一次下载该漫画，记录数据库中
2026-09-13 00:56:11 - mkk_pika - main.py:83 - INFO - 找到 194 张图片在:淫亂社團後宮的單行本
2026-09-13 00:56:18 - mkk_pika - main.py:112 - INFO - [episode:淫亂社團後宮的單行本] downloaded:   194, total: 194, progress:100%
2026-09-13 00:56:18 - mkk_pika - database.py:238 - INFO - 数据库更新已下载章节
2026-09-13 00:56:18 - mkk_pika - database.py:244 - INFO - 该漫画已下载章节如下
2026-09-13 00:56:18 - mkk_pika - database.py:245 - INFO - ['淫亂社團後宮的單行本']
2026-09-13 00:56:19 - mkk_pika - main.py:348 - INFO - ==================== 漫画信息 ====================
                                   漫画ID：5cbf2b986e6f1e4def8801de
                                   标题：ヒップランナー 美臀淫亂跑者
                                   作者：有賀冬
                                   是否完结：是
                                   总页数：194
                                   分类：長篇,純愛,後宮閃光,單行本,姐姐系,妹妹系
                                   章节数：1
                                   最后更新时间：2019-04-23T15:13:28.643Z
                                   =================================================
2026-09-13 00:56:19 - mkk_pika - database.py:101 - INFO - 保存成功：ヒップランナー 美臀淫亂跑者
2026-09-13 00:56:19 - mkk_pika - main.py:35 - INFO - 开始检查(C95) 咲夜さん達のエロトラップダンジョン (東方Project) (中国翻訳)是否存在未下载章节
2026-09-13 00:56:19 - mkk_pika - main.py:45 - INFO - 正在下载:[(C95) 咲夜さん達のエロトラップダンジョン (東方Project) (中国翻訳)]-[かうすしあん (やまいそ)]-[['同人', '短篇', '非人類', '東方']]-[total_pages:28]
2026-09-13 00:56:19 - mkk_pika - main.py:49 - INFO - [{'_id': '5cbf2bbb42ce9e7eb62f50a9', 'title': '第1集', 'order': 1, 'updated_at': '2019-04-23T11:02:43.278Z', 'id': '5cbf2bbb42ce9e7eb62f50a9'}]
2026-09-13 00:56:19 - mkk_pika - database.py:215 - INFO - 第一次下载该漫画，记录数据库中
2026-09-13 00:56:20 - mkk_pika - main.py:83 - INFO - 找到 28 张图片在:第1集
2026-09-13 00:56:21 - mkk_pika - main.py:112 - INFO - [episode:第1集       ] downloaded:    28, total:  28, progress:100%
2026-09-13 00:56:21 - mkk_pika - database.py:238 - INFO - 数据库更新已下载章节
2026-09-13 00:56:21 - mkk_pika - database.py:244 - INFO - 该漫画已下载章节如下
2026-09-13 00:56:21 - mkk_pika - database.py:245 - INFO - ['第1集']
2026-09-13 00:56:22 - mkk_pika - main.py:348 - INFO - ==================== 漫画信息 ====================
                                   漫画ID：5cbf2bbb42ce9e7eb62f50a8
                                   标题：(C95) 咲夜さん達のエロトラップダンジョン (東方Project) (中国翻訳)
                                   作者：かうすしあん (やまいそ)
                                   是否完结：是
                                   总页数：28
                                   分类：同人,短篇,非人類,東方
                                   章节数：1
                                   最后更新时间：2019-04-23T15:14:03.451Z
                                   =================================================
2026-09-13 00:56:22 - mkk_pika - database.py:101 - INFO - 保存成功：(C95) 咲夜さん達のエロトラップダンジョン (東方Project) (中国翻訳)
2026-09-13 00:56:22 - mkk_pika - main.py:35 - INFO - 开始检查ある日のただれた女の子達。 (やはり俺の青春ラブコメはまちがっている。) [中国翻訳] 是否存在未下载章节
2026-09-13 00:56:23 - mkk_pika - main.py:45 - INFO - 正在下载:[ある日のただれた女の子達。 (やはり俺の青春ラブコメはまちがっている。) [中国翻訳] ]-[studio A (稲鳴四季)]-[['短篇', '同人', '妹妹系']]-[total_pages:22]
2026-09-13 00:56:23 - mkk_pika - main.py:49 - INFO - [{'_id': '5cbf2be3aad5457ef193a978', 'title': '第1集', 'order': 1, 'updated_at': '2019-04-23T11:11:18.267Z', 'id': '5cbf2be3aad5457ef193a978'}]
2026-09-13 00:56:23 - mkk_pika - database.py:215 - INFO - 第一次下载该漫画，记录数据库中
2026-09-13 00:56:23 - mkk_pika - main.py:83 - INFO - 找到 22 张图片在:第1集
2026-09-13 00:56:24 - mkk_pika - main.py:112 - INFO - [episode:第1集       ] downloaded:    22, total:  22, progress:100%
2026-09-13 00:56:24 - mkk_pika - database.py:238 - INFO - 数据库更新已下载章节
2026-09-13 00:56:24 - mkk_pika - database.py:244 - INFO - 该漫画已下载章节如下
2026-09-13 00:56:24 - mkk_pika - database.py:245 - INFO - ['第1集']
2026-09-13 00:56:26 - mkk_pika - main.py:348 - INFO - ==================== 漫画信息 ====================
                                   漫画ID：5cbf2be3aad5457ef193a977
                                   标题：ある日のただれた女の子達。 (やはり俺の青春ラブコメはまちがっている。) [中国翻訳] 
                                   作者：studio A (稲鳴四季)
                                   是否完结：是
                                   总页数：22
                                   分类：短篇,同人,妹妹系
                                   章节数：1
                                   最后更新时间：2019-04-23T15:14:43.372Z
                                   =================================================
2026-09-13 00:56:26 - mkk_pika - database.py:101 - INFO - 保存成功：ある日のただれた女の子達。 (やはり俺の青春ラブコメはまちがっている。) [中国翻訳] 
2026-09-13 00:56:26 - mkk_pika - main.py:35 - INFO - 开始检查(C85)潮乳 (艦隊これくしょん -艦これ-) [中国翻訳]是否存在未下载章节
2026-09-13 00:56:26 - mkk_pika - main.py:45 - INFO - 正在下载:[(C85)潮乳 (艦隊これくしょん -艦これ-) [中国翻訳]]-[トラ屋 (ITOYOKO)]-[['短篇', '同人', '艦隊收藏']]-[total_pages:28]
2026-09-13 00:56:26 - mkk_pika - main.py:49 - INFO - [{'_id': '5cbf2c11f0799650f70105c8', 'title': '第1集', 'order': 1, 'updated_at': '2019-04-23T11:22:24.864Z', 'id': '5cbf2c11f0799650f70105c8'}]
2026-09-13 00:56:26 - mkk_pika - database.py:215 - INFO - 第一次下载该漫画，记录数据库中
2026-09-13 00:56:27 - mkk_pika - main.py:83 - INFO - 找到 28 张图片在:第1集
2026-09-13 00:56:28 - mkk_pika - main.py:112 - INFO - [episode:第1集       ] downloaded:    28, total:  28, progress:100%
2026-09-13 00:56:28 - mkk_pika - database.py:238 - INFO - 数据库更新已下载章节
2026-09-13 00:56:28 - mkk_pika - database.py:244 - INFO - 该漫画已下载章节如下
2026-09-13 00:56:28 - mkk_pika - database.py:245 - INFO - ['第1集']
2026-09-13 00:56:29 - mkk_pika - main.py:348 - INFO - ==================== 漫画信息 ====================
                                   漫画ID：5cbf2c11f0799650f70105c7
                                   标题：(C85)潮乳 (艦隊これくしょん -艦これ-) [中国翻訳]
                                   作者：トラ屋 (ITOYOKO)
                                   是否完结：是
                                   总页数：28
                                   分类：短篇,同人,艦隊收藏
                                   章节数：1
                                   最后更新时间：2019-04-23T15:15:29.776Z
                                   =================================================
2026-09-13 00:56:29 - mkk_pika - database.py:101 - INFO - 保存成功：(C85)潮乳 (艦隊これくしょん -艦これ-) [中国翻訳]
2026-09-13 00:56:29 - mkk_pika - main.py:35 - INFO - 开始检查デザート・ビューティ ヒーリング (Fate/Grand Order) [中国翻訳] [DL版]是否存在未下载章节
2026-09-13 00:56:29 - mkk_pika - main.py:45 - INFO - 正在下载:[デザート・ビューティ ヒーリング (Fate/Grand Order) [中国翻訳] [DL版]]-[塩ちょこ (ナハ78)]-[['同人', '短篇', 'Fate']]-[total_pages:16]
2026-09-13 00:56:29 - mkk_pika - main.py:49 - INFO - [{'_id': '5cbf2c2d24f7db50ed3abac5', 'title': '第1集', 'order': 1, 'updated_at': '2019-04-23T11:45:25.932Z', 'id': '5cbf2c2d24f7db50ed3abac5'}]
2026-09-13 00:56:29 - mkk_pika - database.py:215 - INFO - 第一次下载该漫画，记录数据库中
2026-09-13 00:56:30 - mkk_pika - main.py:83 - INFO - 找到 16 张图片在:第1集
2026-09-13 00:56:31 - mkk_pika - main.py:112 - INFO - [episode:第1集       ] downloaded:    16, total:  16, progress:100%
2026-09-13 00:56:31 - mkk_pika - database.py:238 - INFO - 数据库更新已下载章节
2026-09-13 00:56:31 - mkk_pika - database.py:244 - INFO - 该漫画已下载章节如下
2026-09-13 00:56:31 - mkk_pika - database.py:245 - INFO - ['第1集']
2026-09-13 00:56:32 - mkk_pika - main.py:348 - INFO - ==================== 漫画信息 ====================
                                   漫画ID：5cbf2c2d24f7db50ed3abac4
                                   标题：デザート・ビューティ ヒーリング (Fate/Grand Order) [中国翻訳] [DL版]
                                   作者：塩ちょこ (ナハ78)
                                   是否完结：是
                                   总页数：16
                                   分类：同人,短篇,Fate
                                   章节数：1
                                   最后更新时间：2019-04-23T15:15:57.613Z
                                   =================================================
2026-09-13 00:56:32 - mkk_pika - database.py:101 - INFO - 保存成功：デザート・ビューティ ヒーリング (Fate/Grand Order) [中国翻訳] [DL版]
2026-09-13 00:56:32 - mkk_pika - main.py:35 - INFO - 开始检查(C95)  鬼娘に淫紋付けてみた件 (転生したらスライムだった件)是否存在未下载章节
2026-09-13 00:56:33 - mkk_pika - main.py:45 - INFO - 正在下载:[(C95)  鬼娘に淫紋付けてみた件 (転生したらスライムだった件)]-[AMP (野良黒ネロ)]-[['短篇', '同人', '非人類', 'NTR']]-[total_pages:30]
2026-09-13 00:56:33 - mkk_pika - main.py:49 - INFO - [{'_id': '5cbf2c41c89bcb50c2e6b803', 'title': '第1集', 'order': 1, 'updated_at': '2019-04-23T11:53:06.373Z', 'id': '5cbf2c41c89bcb50c2e6b803'}]
2026-09-13 00:56:33 - mkk_pika - database.py:215 - INFO - 第一次下载该漫画，记录数据库中
2026-09-13 00:56:33 - mkk_pika - main.py:83 - INFO - 找到 30 张图片在:第1集
2026-09-13 00:56:35 - mkk_pika - main.py:112 - INFO - [episode:第1集       ] downloaded:    30, total:  30, progress:100%
2026-09-13 00:56:35 - mkk_pika - database.py:238 - INFO - 数据库更新已下载章节
2026-09-13 00:56:35 - mkk_pika - database.py:244 - INFO - 该漫画已下载章节如下
2026-09-13 00:56:35 - mkk_pika - database.py:245 - INFO - ['第1集']
2026-09-13 00:56:36 - mkk_pika - main.py:348 - INFO - ==================== 漫画信息 ====================
                                   漫画ID：5cbf2c41c89bcb50c2e6b802
                                   标题：(C95)  鬼娘に淫紋付けてみた件 (転生したらスライムだった件)
                                   作者：AMP (野良黒ネロ)
                                   是否完结：是
                                   总页数：30
                                   分类：短篇,同人,非人類,NTR
                                   章节数：1
                                   最后更新时间：2019-04-23T15:16:17.915Z
                                   =================================================
2026-09-13 00:56:36 - mkk_pika - database.py:101 - INFO - 保存成功：(C95)  鬼娘に淫紋付けてみた件 (転生したらスライムだった件)
2026-09-13 00:56:36 - mkk_pika - main.py:35 - INFO - 开始检查(HARUCC24)  告。女性擬態化に成功しました (転生したらスライムだった件) [中国翻訳]是否存在未下载章节
2026-09-13 00:56:36 - mkk_pika - main.py:45 - INFO - 正在下载:[(HARUCC24)  告。女性擬態化に成功しました (転生したらスライムだった件) [中国翻訳]]-[RIX (マミヤ)]-[['同人', '短篇', '性轉換', '非人類']]-[total_pages:68]
2026-09-13 00:56:36 - mkk_pika - main.py:49 - INFO - [{'_id': '5cbf2c7ecf4d8819e15a7a97', 'title': '第1集', 'order': 1, 'updated_at': '2019-04-23T12:49:14.099Z', 'id': '5cbf2c7ecf4d8819e15a7a97'}, {'_id': '5cbf2c7ecf4d8819e15a7a98', 'title': '第2集', 'order': 2, 'updated_at': '2019-04-23T12:46:40.414Z', 'id': '5cbf2c7ecf4d8819e15a7a98'}]
2026-09-13 00:56:36 - mkk_pika - database.py:215 - INFO - 第一次下载该漫画，记录数据库中
2026-09-13 00:56:37 - mkk_pika - main.py:83 - INFO - 找到 34 张图片在:第1集
2026-09-13 00:56:38 - mkk_pika - main.py:112 - INFO - [episode:第1集       ] downloaded:    34, total:  34, progress:100%
2026-09-13 00:56:38 - mkk_pika - database.py:238 - INFO - 数据库更新已下载章节
2026-09-13 00:56:38 - mkk_pika - database.py:244 - INFO - 该漫画已下载章节如下
2026-09-13 00:56:38 - mkk_pika - database.py:245 - INFO - ['第1集']
2026-09-13 00:56:40 - mkk_pika - main.py:83 - INFO - 找到 34 张图片在:第2集
2026-09-13 00:56:41 - mkk_pika - main.py:112 - INFO - [episode:第2集       ] downloaded:    34, total:  34, progress:100%
2026-09-13 00:56:41 - mkk_pika - database.py:238 - INFO - 数据库更新已下载章节
2026-09-13 00:56:41 - mkk_pika - database.py:244 - INFO - 该漫画已下载章节如下
2026-09-13 00:56:41 - mkk_pika - database.py:245 - INFO - ['第1集', '第2集']
2026-09-13 00:56:43 - mkk_pika - main.py:348 - INFO - ==================== 漫画信息 ====================
                                   漫画ID：5cbf2c7ecf4d8819e15a7a96
                                   标题：(HARUCC24)  告。女性擬態化に成功しました (転生したらスライムだった件) [中国翻訳]
                                   作者：RIX (マミヤ)
                                   是否完结：是
                                   总页数：68
                                   分类：同人,短篇,性轉換,非人類
                                   章节数：2
                                   最后更新时间：2019-04-23T15:17:18.946Z
                                   =================================================
2026-09-13 00:56:43 - mkk_pika - database.py:101 - INFO - 保存成功：(HARUCC24)  告。女性擬態化に成功しました (転生したらスライムだった件) [中国翻訳]
2026-09-13 00:56:43 - mkk_pika - main.py:35 - INFO - 开始检查純子ちゃんの秘密是否存在未下载章节
2026-09-13 00:56:43 - mkk_pika - main.py:45 - INFO - 正在下载:[純子ちゃんの秘密]-[もこモコ堂 (ぬくぬくばってん)]-[['全彩', '短篇']]-[total_pages:9]
2026-09-13 00:56:43 - mkk_pika - main.py:49 - INFO - [{'_id': '5cb82014c897694df7ec29df', 'title': '第1集', 'order': 1, 'updated_at': '2019-04-17T16:34:03.702Z', 'id': '5cb82014c897694df7ec29df'}, {'_id': '5cbf2d14aad5457ef193a9cd', 'title': '第2集', 'order': 2, 'updated_at': '2019-04-23T14:31:08.234Z', 'id': '5cbf2d14aad5457ef193a9cd'}]
2026-09-13 00:56:43 - mkk_pika - database.py:215 - INFO - 第一次下载该漫画，记录数据库中
2026-09-13 00:56:44 - mkk_pika - main.py:83 - INFO - 找到 12 张图片在:第1集
2026-09-13 00:56:44 - mkk_pika - main.py:112 - INFO - [episode:第1集       ] downloaded:    12, total:  12, progress:100%
2026-09-13 00:56:44 - mkk_pika - database.py:238 - INFO - 数据库更新已下载章节
2026-09-13 00:56:44 - mkk_pika - database.py:244 - INFO - 该漫画已下载章节如下
2026-09-13 00:56:44 - mkk_pika - database.py:245 - INFO - ['第1集']
2026-09-13 00:56:46 - mkk_pika - main.py:83 - INFO - 找到 2 张图片在:第2集
2026-09-13 00:56:46 - mkk_pika - main.py:112 - INFO - [episode:第2集       ] downloaded:     2, total:   2, progress:100%
2026-09-13 00:56:46 - mkk_pika - database.py:238 - INFO - 数据库更新已下载章节
2026-09-13 00:56:46 - mkk_pika - database.py:244 - INFO - 该漫画已下载章节如下
2026-09-13 00:56:46 - mkk_pika - database.py:245 - INFO - ['第1集', '第2集']
2026-09-13 00:56:47 - mkk_pika - main.py:348 - INFO - ==================== 漫画信息 ====================
                                   漫画ID：5cb82014c897694df7ec29de
                                   标题：純子ちゃんの秘密
                                   作者：もこモコ堂 (ぬくぬくばってん)
                                   是否完结：是
                                   总页数：9
                                   分类：全彩,短篇
                                   章节数：2
                                   最后更新时间：2019-04-23T15:19:48.746Z
                                   =================================================
2026-09-13 00:56:47 - mkk_pika - database.py:101 - INFO - 保存成功：純子ちゃんの秘密
2026-09-13 00:56:47 - mkk_pika - main.py:35 - INFO - 开始检查原田君の素敵なおちんちん様 (COMIC快楽天ビースト 2018年10月号)[無修正]是否存在未下载章节
2026-09-13 00:56:47 - mkk_pika - main.py:45 - INFO - 正在下载:[原田君の素敵なおちんちん様 (COMIC快楽天ビースト 2018年10月号)[無修正]]-[紅村かる]-[['短篇', '純愛']]-[total_pages:20]
2026-09-13 00:56:47 - mkk_pika - main.py:49 - INFO - [{'_id': '5cbf2d254563d01994314089', 'title': '第1集', 'order': 1, 'updated_at': '2019-04-23T14:20:56.255Z', 'id': '5cbf2d254563d01994314089'}]
2026-09-13 00:56:47 - mkk_pika - database.py:215 - INFO - 第一次下载该漫画，记录数据库中
2026-09-13 00:56:48 - mkk_pika - main.py:83 - INFO - 找到 20 张图片在:第1集
2026-09-13 00:56:49 - mkk_pika - main.py:112 - INFO - [episode:第1集       ] downloaded:    20, total:  20, progress:100%
2026-09-13 00:56:49 - mkk_pika - database.py:238 - INFO - 数据库更新已下载章节
2026-09-13 00:56:49 - mkk_pika - database.py:244 - INFO - 该漫画已下载章节如下
2026-09-13 00:56:49 - mkk_pika - database.py:245 - INFO - ['第1集']
2026-09-13 00:56:50 - mkk_pika - main.py:348 - INFO - ==================== 漫画信息 ====================
                                   漫画ID：5cbf2d254563d01994314088
                                   标题：原田君の素敵なおちんちん様 (COMIC快楽天ビースト 2018年10月号)[無修正]
                                   作者：紅村かる
                                   是否完结：否
                                   总页数：20
                                   分类：短篇,純愛
                                   章节数：1
                                   最后更新时间：2019-04-23T15:20:05.943Z
                                   =================================================
2026-09-13 00:56:50 - mkk_pika - database.py:101 - INFO - 保存成功：原田君の素敵なおちんちん様 (COMIC快楽天ビースト 2018年10月号)[無修正]
2026-09-13 00:56:50 - mkk_pika - main.py:35 - INFO - 开始检查Little My Maid-first half- (コミック エグゼ 16)是否存在未下载章节
2026-09-13 00:56:51 - mkk_pika - main.py:45 - INFO - 正在下载:[Little My Maid-first half- (コミック エグゼ 16)]-[さいもん]-[['短篇', '純愛']]-[total_pages:50]
2026-09-13 00:56:51 - mkk_pika - main.py:49 - INFO - [{'_id': '5c33464a62be1445a4a5d604', 'title': '第1集', 'order': 1, 'updated_at': '2019-01-07T05:53:30.882Z', 'id': '5c33464a62be1445a4a5d604'}, {'_id': '5cbf36287e84e07ebe5af4b6', 'title': '第2集', 'order': 2, 'updated_at': '2019-04-23T15:43:07.227Z', 'id': '5cbf36287e84e07ebe5af4b6'}]
2026-09-13 00:56:51 - mkk_pika - database.py:215 - INFO - 第一次下载该漫画，记录数据库中
2026-09-13 00:56:51 - mkk_pika - main.py:83 - INFO - 找到 24 张图片在:第1集
2026-09-13 00:56:52 - mkk_pika - main.py:112 - INFO - [episode:第1集       ] downloaded:    24, total:  24, progress:100%
2026-09-13 00:56:52 - mkk_pika - database.py:238 - INFO - 数据库更新已下载章节
2026-09-13 00:56:52 - mkk_pika - database.py:244 - INFO - 该漫画已下载章节如下
2026-09-13 00:56:52 - mkk_pika - database.py:245 - INFO - ['第1集']
2026-09-13 00:56:54 - mkk_pika - main.py:83 - INFO - 找到 26 张图片在:第2集
2026-09-13 00:56:55 - mkk_pika - main.py:112 - INFO - [episode:第2集       ] downloaded:    26, total:  26, progress:100%
2026-09-13 00:56:55 - mkk_pika - database.py:238 - INFO - 数据库更新已下载章节
2026-09-13 00:56:55 - mkk_pika - database.py:244 - INFO - 该漫画已下载章节如下
2026-09-13 00:56:55 - mkk_pika - database.py:245 - INFO - ['第1集', '第2集']
2026-09-13 00:56:57 - mkk_pika - main.py:348 - INFO - ==================== 漫画信息 ====================
                                   漫画ID：5c33464a62be1445a4a5d603
                                   标题：Little My Maid-first half- (コミック エグゼ 16)
                                   作者：さいもん
                                   是否完结：是
                                   总页数：50
                                   分类：短篇,純愛
                                   章节数：2
                                   最后更新时间：2019-04-23T15:58:32.777Z
                                   =================================================
2026-09-13 00:56:57 - mkk_pika - database.py:101 - INFO - 保存成功：Little My Maid-first half- (コミック エグゼ 16)
2026-09-13 00:56:57 - mkk_pika - main.py:35 - INFO - 开始检查(紅楼夢14)  還る場所  [中国翻訳]是否存在未下载章节
2026-09-13 00:56:57 - mkk_pika - main.py:45 - INFO - 正在下载:[(紅楼夢14)  還る場所  [中国翻訳]]-[東条らーめん (東條)]-[['短篇', '同人']]-[total_pages:27]
2026-09-13 00:56:57 - mkk_pika - main.py:49 - INFO - [{'_id': '5cc031d2f0799650f7010c47', 'title': '第1集', 'order': 1, 'updated_at': '2019-04-23T17:31:40.358Z', 'id': '5cc031d2f0799650f7010c47'}]
2026-09-13 00:56:57 - mkk_pika - database.py:215 - INFO - 第一次下载该漫画，记录数据库中
2026-09-13 00:56:58 - mkk_pika - main.py:83 - INFO - 找到 27 张图片在:第1集
2026-09-13 00:56:59 - mkk_pika - main.py:112 - INFO - [episode:第1集       ] downloaded:    27, total:  27, progress:100%
2026-09-13 00:56:59 - mkk_pika - database.py:238 - INFO - 数据库更新已下载章节
2026-09-13 00:56:59 - mkk_pika - database.py:244 - INFO - 该漫画已下载章节如下
2026-09-13 00:56:59 - mkk_pika - database.py:245 - INFO - ['第1集']
2026-09-13 00:57:00 - mkk_pika - main.py:348 - INFO - ==================== 漫画信息 ====================
                                   漫画ID：5cc031d2f0799650f7010c46
                                   标题：(紅楼夢14)  還る場所  [中国翻訳]
                                   作者：東条らーめん (東條)
                                   是否完结：是
                                   总页数：27
                                   分类：短篇,同人
                                   章节数：1
                                   最后更新时间：2019-04-24T09:52:18.553Z
                                   =================================================
2026-09-13 00:57:00 - mkk_pika - database.py:101 - INFO - 保存成功：(紅楼夢14)  還る場所  [中国翻訳]
2026-09-13 00:57:00 - mkk_pika - main.py:35 - INFO - 开始检查(がるキャン▽▽3(野クルへようこそ)) 犬山あおいちゃんと温泉でイチャ♥キャン△ (ゆるキャン△) [中国翻訳]是否存在未下载章节
2026-09-13 00:57:00 - mkk_pika - main.py:45 - INFO - 正在下载:[(がるキャン▽▽3(野クルへようこそ)) 犬山あおいちゃんと温泉でイチャ♥キャン△ (ゆるキャン△) [中国翻訳]]-[BBG (葵蜜柑)]-[['同人', '短篇']]-[total_pages:24]
2026-09-13 00:57:00 - mkk_pika - main.py:49 - INFO - [{'_id': '5cc033a2cf4d8819e15a7e26', 'title': '第1集', 'order': 1, 'updated_at': '2019-04-23T17:37:04.311Z', 'id': '5cc033a2cf4d8819e15a7e26'}]
2026-09-13 00:57:00 - mkk_pika - database.py:215 - INFO - 第一次下载该漫画，记录数据库中
2026-09-13 00:57:01 - mkk_pika - main.py:83 - INFO - 找到 24 张图片在:第1集
2026-09-13 00:57:02 - mkk_pika - main.py:112 - INFO - [episode:第1集       ] downloaded:    24, total:  24, progress:100%
2026-09-13 00:57:02 - mkk_pika - database.py:238 - INFO - 数据库更新已下载章节
2026-09-13 00:57:02 - mkk_pika - database.py:244 - INFO - 该漫画已下载章节如下
2026-09-13 00:57:02 - mkk_pika - database.py:245 - INFO - ['第1集']
2026-09-13 00:57:03 - mkk_pika - main.py:348 - INFO - ==================== 漫画信息 ====================
                                   漫画ID：5cc033a2cf4d8819e15a7e25
                                   标题：(がるキャン▽▽3(野クルへようこそ)) 犬山あおいちゃんと温泉でイチャ♥キャン△ (ゆるキャン△) [中国翻訳]
                                   作者：BBG (葵蜜柑)
                                   是否完结：是
                                   总页数：24
                                   分类：同人,短篇
                                   章节数：1
                                   最后更新时间：2019-04-24T10:00:02.082Z
                                   =================================================
2026-09-13 00:57:03 - mkk_pika - database.py:101 - INFO - 保存成功：(がるキャン▽▽3(野クルへようこそ)) 犬山あおいちゃんと温泉でイチャ♥キャン△ (ゆるキャン△) [中国翻訳]
2026-09-13 00:57:03 - mkk_pika - main.py:35 - INFO - 开始检查(C95) ももいろカルテット×カルテット (アイドルマスター シンデレラガールズ) [中国翻訳]是否存在未下载章节
2026-09-13 00:57:03 - mkk_pika - main.py:45 - INFO - 正在下载:[(C95) ももいろカルテット×カルテット (アイドルマスター シンデレラガールズ) [中国翻訳]]-[Horizontal World (またのんき▼)]-[['短篇', '同人']]-[total_pages:129]
2026-09-13 00:57:03 - mkk_pika - main.py:49 - INFO - [{'_id': '5cc033bc068a2b4e2c57f2ee', 'title': '第1集', 'order': 1, 'updated_at': '2019-04-23T18:27:57.238Z', 'id': '5cc033bc068a2b4e2c57f2ee'}]
2026-09-13 00:57:03 - mkk_pika - database.py:215 - INFO - 第一次下载该漫画，记录数据库中
2026-09-13 00:57:05 - mkk_pika - main.py:83 - INFO - 找到 129 张图片在:第1集
2026-09-13 00:57:11 - mkk_pika - main.py:112 - INFO - [episode:第1集       ] downloaded:   129, total: 129, progress:100%
2026-09-13 00:57:11 - mkk_pika - database.py:238 - INFO - 数据库更新已下载章节
2026-09-13 00:57:11 - mkk_pika - database.py:244 - INFO - 该漫画已下载章节如下
2026-09-13 00:57:11 - mkk_pika - database.py:245 - INFO - ['第1集']
2026-09-13 00:57:13 - mkk_pika - main.py:348 - INFO - ==================== 漫画信息 ====================
                                   漫画ID：5cc033bc068a2b4e2c57f2ed
                                   标题：(C95) ももいろカルテット×カルテット (アイドルマスター シンデレラガールズ) [中国翻訳]
                                   作者：Horizontal World (またのんき▼)
                                   是否完结：是
                                   总页数：129
                                   分类：短篇,同人
                                   章节数：1
                                   最后更新时间：2019-04-24T10:00:28.467Z
                                   =================================================
2026-09-13 00:57:13 - mkk_pika - database.py:101 - INFO - 保存成功：(C95) ももいろカルテット×カルテット (アイドルマスター シンデレラガールズ) [中国翻訳]
2026-09-13 00:57:13 - mkk_pika - main.py:35 - INFO - 开始检查 Neko Neko Note 4b [全彩] [DL版]是否存在未下载章节
2026-09-13 00:57:13 - mkk_pika - main.py:45 - INFO - 正在下载:[ Neko Neko Note 4b [全彩] [DL版]]-[猫御所 (ヤナギユウ)]-[['短篇', '同人', '全彩']]-[total_pages:32]
2026-09-13 00:57:13 - mkk_pika - main.py:49 - INFO - [{'_id': '5cc034e36e6f1e4def880769', 'title': '第1集', 'order': 1, 'updated_at': '2019-04-24T05:32:28.365Z', 'id': '5cc034e36e6f1e4def880769'}]
2026-09-13 00:57:13 - mkk_pika - database.py:215 - INFO - 第一次下载该漫画，记录数据库中
2026-09-13 00:57:14 - mkk_pika - main.py:83 - INFO - 找到 32 张图片在:第1集
2026-09-13 00:57:15 - mkk_pika - main.py:112 - INFO - [episode:第1集       ] downloaded:    32, total:  32, progress:100%
2026-09-13 00:57:15 - mkk_pika - database.py:238 - INFO - 数据库更新已下载章节
2026-09-13 00:57:15 - mkk_pika - database.py:244 - INFO - 该漫画已下载章节如下
2026-09-13 00:57:15 - mkk_pika - database.py:245 - INFO - ['第1集']
2026-09-13 00:57:16 - mkk_pika - main.py:348 - INFO - ==================== 漫画信息 ====================
                                   漫画ID：5cc034e36e6f1e4def880768
                                   标题： Neko Neko Note 4b [全彩] [DL版]
                                   作者：猫御所 (ヤナギユウ)
                                   是否完结：否
                                   总页数：32
                                   分类：短篇,同人,全彩
                                   章节数：1
                                   最后更新时间：2019-04-24T10:05:23.547Z
                                   =================================================
2026-09-13 00:57:16 - mkk_pika - database.py:101 - INFO - 保存成功： Neko Neko Note 4b [全彩] [DL版]
2026-09-13 00:57:16 - mkk_pika - main.py:35 - INFO - 开始检查とろ娘9 まちとろりっくまぁ～ (くまみこ)是否存在未下载章节
2026-09-13 00:57:16 - mkk_pika - main.py:45 - INFO - 正在下载:[とろ娘9 まちとろりっくまぁ～ (くまみこ)]-[Argyle◇checkとわんとんランド組合 (こまめ丸)]-[['短篇', '同人', '非人類']]-[total_pages:31]
2026-09-13 00:57:16 - mkk_pika - main.py:49 - INFO - [{'_id': '5cc034f0cf4d8819e15a7e4e', 'title': '第1集', 'order': 1, 'updated_at': '2019-04-24T05:43:46.049Z', 'id': '5cc034f0cf4d8819e15a7e4e'}]
2026-09-13 00:57:16 - mkk_pika - database.py:215 - INFO - 第一次下载该漫画，记录数据库中
2026-09-13 00:57:17 - mkk_pika - main.py:83 - INFO - 找到 31 张图片在:第1集
2026-09-13 00:57:19 - mkk_pika - main.py:112 - INFO - [episode:第1集       ] downloaded:    31, total:  31, progress:100%
2026-09-13 00:57:19 - mkk_pika - database.py:238 - INFO - 数据库更新已下载章节
2026-09-13 00:57:19 - mkk_pika - database.py:244 - INFO - 该漫画已下载章节如下
2026-09-13 00:57:19 - mkk_pika - database.py:245 - INFO - ['第1集']
2026-09-13 00:57:20 - mkk_pika - main.py:348 - INFO - ==================== 漫画信息 ====================
                                   漫画ID：5cc034f0cf4d8819e15a7e4d
                                   标题：とろ娘9 まちとろりっくまぁ～ (くまみこ)
                                   作者：Argyle◇checkとわんとんランド組合 (こまめ丸)
                                   是否完结：否
                                   总页数：31
                                   分类：短篇,同人,非人類
                                   章节数：1
                                   最后更新时间：2019-04-24T10:05:36.004Z
                                   =================================================
2026-09-13 00:57:20 - mkk_pika - database.py:101 - INFO - 保存成功：とろ娘9 まちとろりっくまぁ～ (くまみこ)
2026-09-13 00:57:20 - mkk_pika - main.py:35 - INFO - 开始检查(C95) とろ娘19 吸血鬼さんと3Pしてみませんか (となりの吸血鬼さん)是否存在未下载章节
2026-09-13 00:57:20 - mkk_pika - main.py:45 - INFO - 正在下载:[(C95) とろ娘19 吸血鬼さんと3Pしてみませんか (となりの吸血鬼さん)]-[Argyle◇check、わんとんランド組合 (こまめ丸)]-[['短篇', '同人']]-[total_pages:27]
2026-09-13 00:57:20 - mkk_pika - main.py:49 - INFO - [{'_id': '5cc0351290707c7edc5e3641', 'title': '第1集', 'order': 1, 'updated_at': '2019-04-24T05:59:00.064Z', 'id': '5cc0351290707c7edc5e3641'}]
2026-09-13 00:57:20 - mkk_pika - database.py:215 - INFO - 第一次下载该漫画，记录数据库中
2026-09-13 00:57:21 - mkk_pika - main.py:83 - INFO - 找到 27 张图片在:第1集
2026-09-13 00:57:22 - mkk_pika - main.py:112 - INFO - [episode:第1集       ] downloaded:    27, total:  27, progress:100%
2026-09-13 00:57:22 - mkk_pika - database.py:238 - INFO - 数据库更新已下载章节
2026-09-13 00:57:22 - mkk_pika - database.py:244 - INFO - 该漫画已下载章节如下
2026-09-13 00:57:22 - mkk_pika - database.py:245 - INFO - ['第1集']
2026-09-13 00:57:23 - mkk_pika - main.py:348 - INFO - ==================== 漫画信息 ====================
                                   漫画ID：5cc0351290707c7edc5e3640
                                   标题：(C95) とろ娘19 吸血鬼さんと3Pしてみませんか (となりの吸血鬼さん)
                                   作者：Argyle◇check、わんとんランド組合 (こまめ丸)
                                   是否完结：否
                                   总页数：27
                                   分类：短篇,同人
                                   章节数：1
                                   最后更新时间：2019-04-24T10:06:10.650Z
                                   =================================================
2026-09-13 00:57:23 - mkk_pika - database.py:101 - INFO - 保存成功：(C95) とろ娘19 吸血鬼さんと3Pしてみませんか (となりの吸血鬼さん)
2026-09-13 00:57:23 - mkk_pika - main.py:35 - INFO - 开始检查(例大祭13)  天狗様のきゅうじつ (東方Project) [中国翻訳]是否存在未下载章节
2026-09-13 00:57:24 - mkk_pika - main.py:45 - INFO - 正在下载:[(例大祭13)  天狗様のきゅうじつ (東方Project) [中国翻訳]]-[エリア14 (かせい)]-[['短篇', '同人', '非人類', '東方', '純愛']]-[total_pages:27]
2026-09-13 00:57:24 - mkk_pika - main.py:49 - INFO - [{'_id': '5cc0352caad5457ef193ae41', 'title': '第1集', 'order': 1, 'updated_at': '2019-04-24T06:43:56.448Z', 'id': '5cc0352caad5457ef193ae41'}]
2026-09-13 00:57:24 - mkk_pika - database.py:215 - INFO - 第一次下载该漫画，记录数据库中
2026-09-13 00:57:24 - mkk_pika - main.py:83 - INFO - 找到 27 张图片在:第1集
2026-09-13 00:57:26 - mkk_pika - main.py:112 - INFO - [episode:第1集       ] downloaded:    27, total:  27, progress:100%
2026-09-13 00:57:26 - mkk_pika - database.py:238 - INFO - 数据库更新已下载章节
2026-09-13 00:57:26 - mkk_pika - database.py:244 - INFO - 该漫画已下载章节如下
2026-09-13 00:57:26 - mkk_pika - database.py:245 - INFO - ['第1集']
2026-09-13 00:57:27 - mkk_pika - main.py:348 - INFO - ==================== 漫画信息 ====================
                                   漫画ID：5cc0352caad5457ef193ae40
                                   标题：(例大祭13)  天狗様のきゅうじつ (東方Project) [中国翻訳]
                                   作者：エリア14 (かせい)
                                   是否完结：是
                                   总页数：27
                                   分类：短篇,同人,非人類,東方,純愛
                                   章节数：1
                                   最后更新时间：2019-04-24T10:06:36.364Z
                                   =================================================
2026-09-13 00:57:27 - mkk_pika - database.py:101 - INFO - 保存成功：(例大祭13)  天狗様のきゅうじつ (東方Project) [中国翻訳]
2026-09-13 00:57:27 - mkk_pika - main.py:35 - INFO - 开始检查(C95) ふわとろ山城ちゃん (アズールレーン) [中国翻訳]是否存在未下载章节
2026-09-13 00:57:27 - mkk_pika - main.py:45 - INFO - 正在下载:[(C95) ふわとろ山城ちゃん (アズールレーン) [中国翻訳]]-[何かの部屋 (平)]-[['短篇', '同人', '純愛', '非人類']]-[total_pages:22]
2026-09-13 00:57:27 - mkk_pika - main.py:49 - INFO - [{'_id': '5cc0355eaad5457ef193ae5e', 'title': '第1集', 'order': 1, 'updated_at': '2019-04-24T07:47:51.043Z', 'id': '5cc0355eaad5457ef193ae5e'}]
2026-09-13 00:57:27 - mkk_pika - database.py:215 - INFO - 第一次下载该漫画，记录数据库中
2026-09-13 00:57:28 - mkk_pika - main.py:83 - INFO - 找到 22 张图片在:第1集
2026-09-13 00:57:29 - mkk_pika - main.py:112 - INFO - [episode:第1集       ] downloaded:    22, total:  22, progress:100%
2026-09-13 00:57:29 - mkk_pika - database.py:238 - INFO - 数据库更新已下载章节
2026-09-13 00:57:29 - mkk_pika - database.py:244 - INFO - 该漫画已下载章节如下
2026-09-13 00:57:29 - mkk_pika - database.py:245 - INFO - ['第1集']
2026-09-13 00:57:30 - mkk_pika - main.py:348 - INFO - ==================== 漫画信息 ====================
                                   漫画ID：5cc0355eaad5457ef193ae5d
                                   标题：(C95) ふわとろ山城ちゃん (アズールレーン) [中国翻訳]
                                   作者：何かの部屋 (平)
                                   是否完结：是
                                   总页数：22
                                   分类：短篇,同人,純愛,非人類
                                   章节数：1
                                   最后更新时间：2019-04-24T10:07:26.684Z
                                   =================================================
2026-09-13 00:57:30 - mkk_pika - database.py:101 - INFO - 保存成功：(C95) ふわとろ山城ちゃん (アズールレーン) [中国翻訳]
2026-09-13 00:57:30 - mkk_pika - main.py:35 - INFO - 开始检查暴虐のズヴィズダー (世界征服～謀略のズヴィズダー～)是否存在未下载章节
2026-09-13 00:57:30 - mkk_pika - main.py:45 - INFO - 正在下载:[暴虐のズヴィズダー (世界征服～謀略のズヴィズダー～)]-[kotori (koto)]-[['短篇', '同人', '強暴', 'SM']]-[total_pages:31]
2026-09-13 00:57:30 - mkk_pika - main.py:49 - INFO - [{'_id': '5cc17b9ec89bcb50c2e6cc25', 'title': '第1集', 'order': 1, 'updated_at': '2019-04-24T10:23:13.523Z', 'id': '5cc17b9ec89bcb50c2e6cc25'}]
2026-09-13 00:57:30 - mkk_pika - database.py:215 - INFO - 第一次下载该漫画，记录数据库中
2026-09-13 00:57:31 - mkk_pika - main.py:83 - INFO - 找到 31 张图片在:第1集
2026-09-13 00:57:32 - mkk_pika - main.py:112 - INFO - [episode:第1集       ] downloaded:    31, total:  31, progress:100%
2026-09-13 00:57:32 - mkk_pika - database.py:238 - INFO - 数据库更新已下载章节
2026-09-13 00:57:32 - mkk_pika - database.py:244 - INFO - 该漫画已下载章节如下
2026-09-13 00:57:32 - mkk_pika - database.py:245 - INFO - ['第1集']
2026-09-13 00:57:34 - mkk_pika - main.py:348 - INFO - ==================== 漫画信息 ====================
                                   漫画ID：5cc17b9ec89bcb50c2e6cc24
                                   标题：暴虐のズヴィズダー (世界征服～謀略のズヴィズダー～)
                                   作者：kotori (koto)
                                   是否完结：否
                                   总页数：31
                                   分类：短篇,同人,強暴,SM
                                   章节数：1
                                   最后更新时间：2019-04-25T09:19:26.258Z
                                   =================================================
2026-09-13 00:57:34 - mkk_pika - database.py:101 - INFO - 保存成功：暴虐のズヴィズダー (世界征服～謀略のズヴィズダー～)
2026-09-13 00:57:34 - mkk_pika - main.py:35 - INFO - 开始检查 墨妻 〜刻まれた肉憶〜  [中国翻訳]是否存在未下载章节
2026-09-13 00:57:34 - mkk_pika - main.py:45 - INFO - 正在下载:[ 墨妻 〜刻まれた肉憶〜  [中国翻訳]]-[杢臓]-[['全彩', '短篇', 'NTR', '人妻']]-[total_pages:17]
2026-09-13 00:57:34 - mkk_pika - main.py:49 - INFO - [{'_id': '5cc17c0224f7db50ed3accf6', 'title': '前', 'order': 1, 'updated_at': '2019-04-24T10:26:34.824Z', 'id': '5cc17c0224f7db50ed3accf6'}]
2026-09-13 00:57:34 - mkk_pika - database.py:215 - INFO - 第一次下载该漫画，记录数据库中
2026-09-13 00:57:35 - mkk_pika - main.py:83 - INFO - 找到 17 张图片在:前
2026-09-13 00:57:35 - mkk_pika - main.py:112 - INFO - [episode:前         ] downloaded:    17, total:  17, progress:100%
2026-09-13 00:57:35 - mkk_pika - database.py:238 - INFO - 数据库更新已下载章节
2026-09-13 00:57:35 - mkk_pika - database.py:244 - INFO - 该漫画已下载章节如下
2026-09-13 00:57:35 - mkk_pika - database.py:245 - INFO - ['前']
2026-09-13 00:57:37 - mkk_pika - main.py:348 - INFO - ==================== 漫画信息 ====================
                                   漫画ID：5cc17c0224f7db50ed3accf5
                                   标题： 墨妻 〜刻まれた肉憶〜  [中国翻訳]
                                   作者：杢臓
                                   是否完结：是
                                   总页数：17
                                   分类：全彩,短篇,NTR,人妻
                                   章节数：1
                                   最后更新时间：2019-04-25T09:21:06.736Z
                                   =================================================
2026-09-13 00:57:37 - mkk_pika - database.py:101 - INFO - 保存成功： 墨妻 〜刻まれた肉憶〜  [中国翻訳]
2026-09-13 00:57:37 - mkk_pika - main.py:35 - INFO - 开始检查野上冴子 危機一髪!! (シティーハンター) [中国翻訳] 是否存在未下载章节
2026-09-13 00:57:37 - mkk_pika - main.py:45 - INFO - 正在下载:[野上冴子 危機一髪!! (シティーハンター) [中国翻訳] ]-[怪奇日蝕 (綾野なおと)]-[['短篇', '同人', '強暴']]-[total_pages:29]
2026-09-13 00:57:37 - mkk_pika - main.py:49 - INFO - [{'_id': '5cc17dfe6e6f1e4def880d25', 'title': '第1集', 'order': 1, 'updated_at': '2019-04-24T13:02:37.818Z', 'id': '5cc17dfe6e6f1e4def880d25'}]
2026-09-13 00:57:37 - mkk_pika - database.py:215 - INFO - 第一次下载该漫画，记录数据库中
2026-09-13 00:57:38 - mkk_pika - main.py:83 - INFO - 找到 29 张图片在:第1集
2026-09-13 00:57:39 - mkk_pika - main.py:112 - INFO - [episode:第1集       ] downloaded:    29, total:  29, progress:100%
2026-09-13 00:57:39 - mkk_pika - database.py:238 - INFO - 数据库更新已下载章节
2026-09-13 00:57:39 - mkk_pika - database.py:244 - INFO - 该漫画已下载章节如下
2026-09-13 00:57:39 - mkk_pika - database.py:245 - INFO - ['第1集']
2026-09-13 00:57:40 - mkk_pika - main.py:348 - INFO - ==================== 漫画信息 ====================
                                   漫画ID：5cc17dfe6e6f1e4def880d24
                                   标题：野上冴子 危機一髪!! (シティーハンター) [中国翻訳] 
                                   作者：怪奇日蝕 (綾野なおと)
                                   是否完结：是
                                   总页数：29
                                   分类：短篇,同人,強暴
                                   章节数：1
                                   最后更新时间：2019-04-25T09:29:34.650Z
                                   =================================================
2026-09-13 00:57:40 - mkk_pika - database.py:101 - INFO - 保存成功：野上冴子 危機一髪!! (シティーハンター) [中国翻訳] 
2026-09-13 00:57:40 - mkk_pika - main.py:35 - INFO - 开始检查 小◯生ビッチは最高だぜ!JS姪っ子と同級生4Pイチャ援交編 その [中国翻訳]是否存在未下载章节
2026-09-13 00:57:41 - mkk_pika - main.py:45 - INFO - 正在下载:[ 小◯生ビッチは最高だぜ!JS姪っ子と同級生4Pイチャ援交編 その [中国翻訳]]-[九十九里ニャ獣会 (不良品)]-[['短篇']]-[total_pages:91]
2026-09-13 00:57:41 - mkk_pika - main.py:49 - INFO - [{'_id': '5cc17e8ff0799650f7011980', 'title': '第1集', 'order': 1, 'updated_at': '2019-04-24T13:28:55.625Z', 'id': '5cc17e8ff0799650f7011980'}, {'_id': '5cc17e8ff0799650f7011981', 'title': '第2集', 'order': 2, 'updated_at': '2019-04-24T13:31:57.440Z', 'id': '5cc17e8ff0799650f7011981'}]
2026-09-13 00:57:41 - mkk_pika - database.py:215 - INFO - 第一次下载该漫画，记录数据库中
2026-09-13 00:57:41 - mkk_pika - main.py:83 - INFO - 找到 51 张图片在:第1集
2026-09-13 00:57:44 - mkk_pika - main.py:112 - INFO - [episode:第1集       ] downloaded:    51, total:  51, progress:100%
2026-09-13 00:57:44 - mkk_pika - database.py:238 - INFO - 数据库更新已下载章节
2026-09-13 00:57:44 - mkk_pika - database.py:244 - INFO - 该漫画已下载章节如下
2026-09-13 00:57:44 - mkk_pika - database.py:245 - INFO - ['第1集']
2026-09-13 00:57:45 - mkk_pika - main.py:83 - INFO - 找到 40 张图片在:第2集
2026-09-13 00:57:47 - mkk_pika - main.py:112 - INFO - [episode:第2集       ] downloaded:    40, total:  40, progress:100%
2026-09-13 00:57:47 - mkk_pika - database.py:238 - INFO - 数据库更新已下载章节
2026-09-13 00:57:47 - mkk_pika - database.py:244 - INFO - 该漫画已下载章节如下
2026-09-13 00:57:47 - mkk_pika - database.py:245 - INFO - ['第1集', '第2集']
2026-09-13 00:57:49 - mkk_pika - main.py:348 - INFO - ==================== 漫画信息 ====================
                                   漫画ID：5cc17e8ff0799650f701197f
                                   标题： 小◯生ビッチは最高だぜ!JS姪っ子と同級生4Pイチャ援交編 その [中国翻訳]
                                   作者：九十九里ニャ獣会 (不良品)
                                   是否完结：是
                                   总页数：91
                                   分类：短篇
                                   章节数：2
                                   最后更新时间：2019-04-25T09:31:59.530Z
                                   =================================================
2026-09-13 00:57:49 - mkk_pika - database.py:101 - INFO - 保存成功： 小◯生ビッチは最高だぜ!JS姪っ子と同級生4Pイチャ援交編 その [中国翻訳]
2026-09-13 00:57:49 - mkk_pika - main.py:35 - INFO - 开始检查ぬるぬる百合❤OL 濕潤濕潤百合OL是否存在未下载章节
2026-09-13 00:57:49 - mkk_pika - main.py:45 - INFO - 正在下载:[ぬるぬる百合❤OL 濕潤濕潤百合OL]-[みら]-[['長篇', '純愛', '單行本', '百合花園']]-[total_pages:194]
2026-09-13 00:57:49 - mkk_pika - main.py:49 - INFO - [{'_id': '5cc17eaf4af82a50baf9e357', 'title': '濕潤百合的單行本', 'order': 1, 'updated_at': '2019-04-19T06:34:47.499Z', 'id': '5cc17eaf4af82a50baf9e357'}]
2026-09-13 00:57:49 - mkk_pika - database.py:215 - INFO - 第一次下载该漫画，记录数据库中
2026-09-13 00:57:51 - mkk_pika - main.py:83 - INFO - 找到 194 张图片在:濕潤百合的單行本
2026-09-13 00:57:57 - mkk_pika - main.py:112 - INFO - [episode:濕潤百合的單行本  ] downloaded:   194, total: 194, progress:100%
2026-09-13 00:57:57 - mkk_pika - database.py:238 - INFO - 数据库更新已下载章节
2026-09-13 00:57:57 - mkk_pika - database.py:244 - INFO - 该漫画已下载章节如下
2026-09-13 00:57:57 - mkk_pika - database.py:245 - INFO - ['濕潤百合的單行本']
2026-09-13 00:57:59 - mkk_pika - main.py:348 - INFO - ==================== 漫画信息 ====================
                                   漫画ID：5cc17eaf4af82a50baf9e356
                                   标题：ぬるぬる百合❤OL 濕潤濕潤百合OL
                                   作者：みら
                                   是否完结：是
                                   总页数：194
                                   分类：長篇,純愛,單行本,百合花園
                                   章节数：1
                                   最后更新时间：2019-04-25T09:32:31.683Z
                                   =================================================
2026-09-13 00:57:59 - mkk_pika - database.py:101 - INFO - 保存成功：ぬるぬる百合❤OL 濕潤濕潤百合OL
2026-09-13 00:57:59 - mkk_pika - main.py:35 - INFO - 开始检查(C88) ナンシー、ユカノの難儀な受難 (ニンジャスレイヤー)[中国翻訳]是否存在未下载章节
2026-09-13 00:57:59 - mkk_pika - main.py:45 - INFO - 正在下载:[(C88) ナンシー、ユカノの難儀な受難 (ニンジャスレイヤー)[中国翻訳]]-[WHIRL POOL (ちょりすけ)]-[['短篇', '同人', '強暴']]-[total_pages:21]
2026-09-13 00:57:59 - mkk_pika - main.py:49 - INFO - [{'_id': '5cc1803777755019e05dc8e4', 'title': '第1集', 'order': 1, 'updated_at': '2019-04-24T15:05:30.221Z', 'id': '5cc1803777755019e05dc8e4'}]
2026-09-13 00:57:59 - mkk_pika - database.py:215 - INFO - 第一次下载该漫画，记录数据库中
2026-09-13 00:58:00 - mkk_pika - main.py:83 - INFO - 找到 21 张图片在:第1集
2026-09-13 00:58:01 - mkk_pika - main.py:112 - INFO - [episode:第1集       ] downloaded:    21, total:  21, progress:100%
2026-09-13 00:58:01 - mkk_pika - database.py:238 - INFO - 数据库更新已下载章节
2026-09-13 00:58:01 - mkk_pika - database.py:244 - INFO - 该漫画已下载章节如下
2026-09-13 00:58:01 - mkk_pika - database.py:245 - INFO - ['第1集']
2026-09-13 00:58:02 - mkk_pika - main.py:348 - INFO - ==================== 漫画信息 ====================
                                   漫画ID：5cc1803777755019e05dc8e3
                                   标题：(C88) ナンシー、ユカノの難儀な受難 (ニンジャスレイヤー)[中国翻訳]
                                   作者：WHIRL POOL (ちょりすけ)
                                   是否完结：是
                                   总页数：21
                                   分类：短篇,同人,強暴
                                   章节数：1
                                   最后更新时间：2019-04-25T09:39:03.189Z
                                   =================================================
2026-09-13 00:58:02 - mkk_pika - database.py:101 - INFO - 保存成功：(C88) ナンシー、ユカノの難儀な受難 (ニンジャスレイヤー)[中国翻訳]
2026-09-13 00:58:02 - mkk_pika - main.py:35 - INFO - 开始检查 イジラレ～復讐催眠～ エピローグ [中国翻訳]是否存在未下载章节
2026-09-13 00:58:02 - mkk_pika - main.py:45 - INFO - 正在下载:[ イジラレ～復讐催眠～ エピローグ [中国翻訳]]-[愛上陸]-[['短篇']]-[total_pages:26]
2026-09-13 00:58:02 - mkk_pika - main.py:49 - INFO - [{'_id': '5cc1b18a6e6f1e4def880e3e', 'title': '第1集', 'order': 1, 'updated_at': '2019-04-24T16:34:11.186Z', 'id': '5cc1b18a6e6f1e4def880e3e'}]
2026-09-13 00:58:02 - mkk_pika - database.py:215 - INFO - 第一次下载该漫画，记录数据库中
2026-09-13 00:58:03 - mkk_pika - main.py:83 - INFO - 找到 26 张图片在:第1集
2026-09-13 00:58:04 - mkk_pika - main.py:112 - INFO - [episode:第1集       ] downloaded:    26, total:  26, progress:100%
2026-09-13 00:58:04 - mkk_pika - database.py:238 - INFO - 数据库更新已下载章节
2026-09-13 00:58:04 - mkk_pika - database.py:244 - INFO - 该漫画已下载章节如下
2026-09-13 00:58:04 - mkk_pika - database.py:245 - INFO - ['第1集']
2026-09-13 00:58:05 - mkk_pika - main.py:348 - INFO - ==================== 漫画信息 ====================
                                   漫画ID：5cc1b18a6e6f1e4def880e3d
                                   标题： イジラレ～復讐催眠～ エピローグ [中国翻訳]
                                   作者：愛上陸
                                   是否完结：是
                                   总页数：26
                                   分类：短篇
                                   章节数：1
                                   最后更新时间：2019-04-25T13:09:30.862Z
                                   =================================================
2026-09-13 00:58:05 - mkk_pika - database.py:101 - INFO - 保存成功： イジラレ～復讐催眠～ エピローグ [中国翻訳]
2026-09-13 00:58:05 - mkk_pika - main.py:35 - INFO - 开始检查アリス淫ナイトメア (東方Project)是否存在未下载章节
2026-09-13 00:58:06 - mkk_pika - main.py:45 - INFO - 正在下载:[アリス淫ナイトメア (東方Project)]-[鈴鳴堂 (鈴鳴堂)]-[['短篇', '同人', '東方', '百合花園', 'SM']]-[total_pages:42]
2026-09-13 00:58:06 - mkk_pika - main.py:49 - INFO - [{'_id': '5cc1b653f0799650f70122e0', 'title': '第1集', 'order': 1, 'updated_at': '2019-04-25T06:42:18.335Z', 'id': '5cc1b653f0799650f70122e0'}]
2026-09-13 00:58:06 - mkk_pika - database.py:215 - INFO - 第一次下载该漫画，记录数据库中
2026-09-13 00:58:07 - mkk_pika - main.py:83 - INFO - 找到 42 张图片在:第1集
2026-09-13 00:58:08 - mkk_pika - main.py:112 - INFO - [episode:第1集       ] downloaded:    42, total:  42, progress:100%
2026-09-13 00:58:08 - mkk_pika - database.py:238 - INFO - 数据库更新已下载章节
2026-09-13 00:58:08 - mkk_pika - database.py:244 - INFO - 该漫画已下载章节如下
2026-09-13 00:58:08 - mkk_pika - database.py:245 - INFO - ['第1集']
2026-09-13 00:58:10 - mkk_pika - main.py:348 - INFO - ==================== 漫画信息 ====================
                                   漫画ID：5cc1b653f0799650f70122df
                                   标题：アリス淫ナイトメア (東方Project)
                                   作者：鈴鳴堂 (鈴鳴堂)
                                   是否完结：是
                                   总页数：42
                                   分类：短篇,同人,東方,百合花園,SM
                                   章节数：1
                                   最后更新时间：2019-04-25T13:29:55.661Z
                                   =================================================
2026-09-13 00:58:10 - mkk_pika - database.py:101 - INFO - 保存成功：アリス淫ナイトメア (東方Project)
2026-09-13 00:58:10 - mkk_pika - main.py:35 - INFO - 开始检查催眠オナホスクワッド (ソードアート・オンライン オルタナティブ ガンゲイル・オンライン)是否存在未下载章节
2026-09-13 00:58:10 - mkk_pika - main.py:45 - INFO - 正在下载:[催眠オナホスクワッド (ソードアート・オンライン オルタナティブ ガンゲイル・オンライン)]-[X仮歯 (mmm)]-[['短篇', '同人', 'SAO 刀劍神域']]-[total_pages:20]
2026-09-13 00:58:10 - mkk_pika - main.py:49 - INFO - [{'_id': '5cc1b67577755019e05dca88', 'title': '第1集', 'order': 1, 'updated_at': '2019-04-25T05:40:35.507Z', 'id': '5cc1b67577755019e05dca88'}]
2026-09-13 00:58:10 - mkk_pika - database.py:215 - INFO - 第一次下载该漫画，记录数据库中
2026-09-13 00:58:10 - mkk_pika - main.py:83 - INFO - 找到 20 张图片在:第1集
2026-09-13 00:58:11 - mkk_pika - main.py:112 - INFO - [episode:第1集       ] downloaded:    20, total:  20, progress:100%
2026-09-13 00:58:11 - mkk_pika - database.py:238 - INFO - 数据库更新已下载章节
2026-09-13 00:58:11 - mkk_pika - database.py:244 - INFO - 该漫画已下载章节如下
2026-09-13 00:58:11 - mkk_pika - database.py:245 - INFO - ['第1集']
2026-09-13 00:58:13 - mkk_pika - main.py:348 - INFO - ==================== 漫画信息 ====================
                                   漫画ID：5cc1b67577755019e05dca87
                                   标题：催眠オナホスクワッド (ソードアート・オンライン オルタナティブ ガンゲイル・オンライン)
                                   作者：X仮歯 (mmm)
                                   是否完结：是
                                   总页数：20
                                   分类：短篇,同人,SAO 刀劍神域
                                   章节数：1
                                   最后更新时间：2019-04-25T13:30:29.521Z
                                   =================================================
2026-09-13 00:58:13 - mkk_pika - database.py:101 - INFO - 保存成功：催眠オナホスクワッド (ソードアート・オンライン オルタナティブ ガンゲイル・オンライン)
2026-09-13 00:58:13 - mkk_pika - main.py:35 - INFO - 开始检查(C90) チョビちゃんと僕の妊娠活動 (ガールズ&パンツァー) [中国翻訳]是否存在未下载章节
2026-09-13 00:58:13 - mkk_pika - main.py:45 - INFO - 正在下载:[(C90) チョビちゃんと僕の妊娠活動 (ガールズ&パンツァー) [中国翻訳]]-[焼肉食べたい (でらうえあ)]-[['同人', '短篇']]-[total_pages:24]
2026-09-13 00:58:13 - mkk_pika - main.py:49 - INFO - [{'_id': '5cc1b69a6e6f1e4def880e7b', 'title': '第1集', 'order': 1, 'updated_at': '2019-04-25T07:25:04.652Z', 'id': '5cc1b69a6e6f1e4def880e7b'}]
2026-09-13 00:58:13 - mkk_pika - database.py:215 - INFO - 第一次下载该漫画，记录数据库中
2026-09-13 00:58:14 - mkk_pika - main.py:83 - INFO - 找到 24 张图片在:第1集
2026-09-13 00:58:15 - mkk_pika - main.py:112 - INFO - [episode:第1集       ] downloaded:    24, total:  24, progress:100%
2026-09-13 00:58:15 - mkk_pika - database.py:238 - INFO - 数据库更新已下载章节
2026-09-13 00:58:15 - mkk_pika - database.py:244 - INFO - 该漫画已下载章节如下
2026-09-13 00:58:15 - mkk_pika - database.py:245 - INFO - ['第1集']
2026-09-13 00:58:16 - mkk_pika - main.py:348 - INFO - ==================== 漫画信息 ====================
                                   漫画ID：5cc1b69a6e6f1e4def880e7a
                                   标题：(C90) チョビちゃんと僕の妊娠活動 (ガールズ&パンツァー) [中国翻訳]
                                   作者：焼肉食べたい (でらうえあ)
                                   是否完结：是
                                   总页数：24
                                   分类：同人,短篇
                                   章节数：1
                                   最后更新时间：2019-04-25T13:31:06.011Z
                                   =================================================
2026-09-13 00:58:16 - mkk_pika - database.py:101 - INFO - 保存成功：(C90) チョビちゃんと僕の妊娠活動 (ガールズ&パンツァー) [中国翻訳]
2026-09-13 00:58:16 - mkk_pika - main.py:35 - INFO - 开始检查ジャーヴィスと大人のダーリン関係 (艦隊これくしょん -艦これ-) [中国翻訳]是否存在未下载章节
2026-09-13 00:58:17 - mkk_pika - main.py:45 - INFO - 正在下载:[ジャーヴィスと大人のダーリン関係 (艦隊これくしょん -艦これ-) [中国翻訳]]-[PNOグループ (はせ☆裕)]-[['短篇', '同人', '純愛', '艦隊收藏']]-[total_pages:37]
2026-09-13 00:58:17 - mkk_pika - main.py:49 - INFO - [{'_id': '5cc1b6bf4563d01994314ca2', 'title': '第1集', 'order': 1, 'updated_at': '2019-04-25T07:53:11.004Z', 'id': '5cc1b6bf4563d01994314ca2'}]
2026-09-13 00:58:17 - mkk_pika - database.py:215 - INFO - 第一次下载该漫画，记录数据库中
2026-09-13 00:58:17 - mkk_pika - main.py:83 - INFO - 找到 37 张图片在:第1集
2026-09-13 00:58:19 - mkk_pika - main.py:112 - INFO - [episode:第1集       ] downloaded:    37, total:  37, progress:100%
2026-09-13 00:58:19 - mkk_pika - database.py:238 - INFO - 数据库更新已下载章节
2026-09-13 00:58:19 - mkk_pika - database.py:244 - INFO - 该漫画已下载章节如下
2026-09-13 00:58:19 - mkk_pika - database.py:245 - INFO - ['第1集']
2026-09-13 00:58:20 - mkk_pika - main.py:348 - INFO - ==================== 漫画信息 ====================
                                   漫画ID：5cc1b6bf4563d01994314ca1
                                   标题：ジャーヴィスと大人のダーリン関係 (艦隊これくしょん -艦これ-) [中国翻訳]
                                   作者：PNOグループ (はせ☆裕)
                                   是否完结：是
                                   总页数：37
                                   分类：短篇,同人,純愛,艦隊收藏
                                   章节数：1
                                   最后更新时间：2019-04-25T13:31:43.419Z
                                   =================================================
2026-09-13 00:58:20 - mkk_pika - database.py:101 - INFO - 保存成功：ジャーヴィスと大人のダーリン関係 (艦隊これくしょん -艦これ-) [中国翻訳]
2026-09-13 00:58:20 - mkk_pika - main.py:35 - INFO - 开始检查宴の夜は (COMIC X-Eros #70)[無修正]是否存在未下载章节
2026-09-13 00:58:20 - mkk_pika - main.py:45 - INFO - 正在下载:[宴の夜は (COMIC X-Eros #70)[無修正]]-[淡夢]-[['短篇', '純愛']]-[total_pages:28]
2026-09-13 00:58:20 - mkk_pika - main.py:49 - INFO - [{'_id': '5cc1b6eaca60d64e2687f677', 'title': '第1集', 'order': 1, 'updated_at': '2019-04-25T09:04:08.014Z', 'id': '5cc1b6eaca60d64e2687f677'}]
2026-09-13 00:58:20 - mkk_pika - database.py:215 - INFO - 第一次下载该漫画，记录数据库中
2026-09-13 00:58:21 - mkk_pika - main.py:83 - INFO - 找到 28 张图片在:第1集
2026-09-13 00:58:24 - mkk_pika - main.py:112 - INFO - [episode:第1集       ] downloaded:    28, total:  28, progress:100%
2026-09-13 00:58:24 - mkk_pika - database.py:238 - INFO - 数据库更新已下载章节
2026-09-13 00:58:24 - mkk_pika - database.py:244 - INFO - 该漫画已下载章节如下
2026-09-13 00:58:24 - mkk_pika - database.py:245 - INFO - ['第1集']
2026-09-13 00:58:25 - mkk_pika - main.py:348 - INFO - ==================== 漫画信息 ====================
                                   漫画ID：5cc1b6eaca60d64e2687f676
                                   标题：宴の夜は (COMIC X-Eros #70)[無修正]
                                   作者：淡夢
                                   是否完结：否
                                   总页数：28
                                   分类：短篇,純愛
                                   章节数：1
                                   最后更新时间：2019-04-25T13:32:26.157Z
                                   =================================================
2026-09-13 00:58:25 - mkk_pika - database.py:101 - INFO - 保存成功：宴の夜は (COMIC X-Eros #70)[無修正]
2026-09-13 00:58:25 - mkk_pika - main.py:35 - INFO - 开始检查 迷い猫～くのいちナガレ忍法帖～ [中国翻訳] [DL版]是否存在未下载章节
2026-09-13 00:58:25 - mkk_pika - main.py:45 - INFO - 正在下载:[ 迷い猫～くのいちナガレ忍法帖～ [中国翻訳] [DL版]]-[公儀あんみつ (一煉托生)]-[['短篇', '純愛']]-[total_pages:24]
2026-09-13 00:58:25 - mkk_pika - main.py:49 - INFO - [{'_id': '5cc1b9de24f7db50ed3ad0dd', 'title': '第1集', 'order': 1, 'updated_at': '2019-04-25T11:05:21.498Z', 'id': '5cc1b9de24f7db50ed3ad0dd'}]
2026-09-13 00:58:25 - mkk_pika - database.py:215 - INFO - 第一次下载该漫画，记录数据库中
2026-09-13 00:58:26 - mkk_pika - main.py:83 - INFO - 找到 24 张图片在:第1集
2026-09-13 00:58:27 - mkk_pika - main.py:112 - INFO - [episode:第1集       ] downloaded:    24, total:  24, progress:100%
2026-09-13 00:58:27 - mkk_pika - database.py:238 - INFO - 数据库更新已下载章节
2026-09-13 00:58:27 - mkk_pika - database.py:244 - INFO - 该漫画已下载章节如下
2026-09-13 00:58:27 - mkk_pika - database.py:245 - INFO - ['第1集']
2026-09-13 00:58:28 - mkk_pika - main.py:348 - INFO - ==================== 漫画信息 ====================
                                   漫画ID：5cc1b9de24f7db50ed3ad0dc
                                   标题： 迷い猫～くのいちナガレ忍法帖～ [中国翻訳] [DL版]
                                   作者：公儀あんみつ (一煉托生)
                                   是否完结：是
                                   总页数：24
                                   分类：短篇,純愛
                                   章节数：1
                                   最后更新时间：2019-04-25T13:45:02.613Z
                                   =================================================
2026-09-13 00:58:28 - mkk_pika - database.py:101 - INFO - 保存成功： 迷い猫～くのいちナガレ忍法帖～ [中国翻訳] [DL版]
2026-09-13 00:58:28 - mkk_pika - main.py:35 - INFO - 开始检查Holy†baits是否存在未下载章节
2026-09-13 00:58:29 - mkk_pika - main.py:45 - INFO - 正在下载:[Holy†baits]-[まめおじたん]-[['短篇', '非人類', '扶他樂園', '強暴']]-[total_pages:22]
2026-09-13 00:58:29 - mkk_pika - main.py:49 - INFO - [{'_id': '5cc1ba5c4563d01994314cea', 'title': '第1集', 'order': 1, 'updated_at': '2019-04-25T12:24:27.202Z', 'id': '5cc1ba5c4563d01994314cea'}]
2026-09-13 00:58:29 - mkk_pika - database.py:215 - INFO - 第一次下载该漫画，记录数据库中
2026-09-13 00:58:29 - mkk_pika - main.py:83 - INFO - 找到 22 张图片在:第1集
2026-09-13 00:58:30 - mkk_pika - main.py:112 - INFO - [episode:第1集       ] downloaded:    22, total:  22, progress:100%
2026-09-13 00:58:30 - mkk_pika - database.py:238 - INFO - 数据库更新已下载章节
2026-09-13 00:58:30 - mkk_pika - database.py:244 - INFO - 该漫画已下载章节如下
2026-09-13 00:58:30 - mkk_pika - database.py:245 - INFO - ['第1集']
2026-09-13 00:58:31 - mkk_pika - main.py:348 - INFO - ==================== 漫画信息 ====================
                                   漫画ID：5cc1ba5c4563d01994314ce9
                                   标题：Holy†baits
                                   作者：まめおじたん
                                   是否完结：是
                                   总页数：22
                                   分类：短篇,非人類,扶他樂園,強暴
                                   章节数：1
                                   最后更新时间：2019-04-25T13:47:08.861Z
                                   =================================================
2026-09-13 00:58:31 - mkk_pika - database.py:101 - INFO - 保存成功：Holy†baits
2026-09-13 00:58:31 - mkk_pika - main.py:35 - INFO - 开始检查しょたちんぽよさんば是否存在未下载章节
2026-09-13 00:58:32 - mkk_pika - main.py:45 - INFO - 正在下载:[しょたちんぽよさんば]-[お久しぶり]-[['強暴', '短篇']]-[total_pages:22]
2026-09-13 00:58:32 - mkk_pika - main.py:49 - INFO - [{'_id': '5cc27bb0c89bcb50c2e6d4a7', 'title': '第1集', 'order': 1, 'updated_at': '2019-04-25T13:57:47.202Z', 'id': '5cc27bb0c89bcb50c2e6d4a7'}]
2026-09-13 00:58:32 - mkk_pika - database.py:215 - INFO - 第一次下载该漫画，记录数据库中
2026-09-13 00:58:32 - mkk_pika - main.py:83 - INFO - 找到 22 张图片在:第1集
2026-09-13 00:58:33 - mkk_pika - main.py:112 - INFO - [episode:第1集       ] downloaded:    22, total:  22, progress:100%
2026-09-13 00:58:33 - mkk_pika - database.py:238 - INFO - 数据库更新已下载章节
2026-09-13 00:58:33 - mkk_pika - database.py:244 - INFO - 该漫画已下载章节如下
2026-09-13 00:58:33 - mkk_pika - database.py:245 - INFO - ['第1集']
2026-09-13 00:58:35 - mkk_pika - main.py:348 - INFO - ==================== 漫画信息 ====================
                                   漫画ID：5cc27bb0c89bcb50c2e6d4a6
                                   标题：しょたちんぽよさんば
                                   作者：お久しぶり
                                   是否完结：是
                                   总页数：22
                                   分类：強暴,短篇
                                   章节数：1
                                   最后更新时间：2019-04-26T03:32:00.668Z
                                   =================================================
2026-09-13 00:58:35 - mkk_pika - database.py:101 - INFO - 保存成功：しょたちんぽよさんば
2026-09-13 00:58:35 - mkk_pika - main.py:35 - INFO - 开始检查 ザケンナー接続 (ふたりはプリキュア) [DL版]是否存在未下载章节
2026-09-13 00:58:35 - mkk_pika - main.py:45 - INFO - 正在下载:[ ザケンナー接続 (ふたりはプリキュア) [DL版]]-[アクオチスキー教室 (アクオチスキー先生)]-[['短篇', '非人類', '強暴']]-[total_pages:35]
2026-09-13 00:58:35 - mkk_pika - main.py:49 - INFO - [{'_id': '5cc27edf7e84e07ebe5b00ea', 'title': '第1集', 'order': 1, 'updated_at': '2019-04-25T14:07:57.199Z', 'id': '5cc27edf7e84e07ebe5b00ea'}]
2026-09-13 00:58:35 - mkk_pika - database.py:215 - INFO - 第一次下载该漫画，记录数据库中
2026-09-13 00:58:35 - mkk_pika - main.py:83 - INFO - 找到 35 张图片在:第1集
2026-09-13 00:58:37 - mkk_pika - main.py:112 - INFO - [episode:第1集       ] downloaded:    35, total:  35, progress:100%
2026-09-13 00:58:37 - mkk_pika - database.py:238 - INFO - 数据库更新已下载章节
2026-09-13 00:58:37 - mkk_pika - database.py:244 - INFO - 该漫画已下载章节如下
2026-09-13 00:58:37 - mkk_pika - database.py:245 - INFO - ['第1集']
2026-09-13 00:58:38 - mkk_pika - main.py:348 - INFO - ==================== 漫画信息 ====================
                                   漫画ID：5cc27ede7e84e07ebe5b00e9
                                   标题： ザケンナー接続 (ふたりはプリキュア) [DL版]
                                   作者：アクオチスキー教室 (アクオチスキー先生)
                                   是否完结：是
                                   总页数：35
                                   分类：短篇,非人類,強暴
                                   章节数：1
                                   最后更新时间：2019-04-26T03:45:34.997Z
                                   =================================================
2026-09-13 00:58:38 - mkk_pika - database.py:101 - INFO - 保存成功： ザケンナー接続 (ふたりはプリキュア) [DL版]
2026-09-13 00:58:38 - mkk_pika - main.py:35 - INFO - 开始检查 母の再婚～肛妻～ [中国翻訳]是否存在未下载章节
2026-09-13 00:58:39 - mkk_pika - main.py:45 - INFO - 正在下载:[ 母の再婚～肛妻～ [中国翻訳]]-[暁創圏]-[['全彩', '短篇', '人妻']]-[total_pages:31]
2026-09-13 00:58:39 - mkk_pika - main.py:49 - INFO - [{'_id': '5cc27f08aad5457ef193b862', 'title': '第1集', 'order': 1, 'updated_at': '2019-04-25T14:43:55.660Z', 'id': '5cc27f08aad5457ef193b862'}]
2026-09-13 00:58:39 - mkk_pika - database.py:215 - INFO - 第一次下载该漫画，记录数据库中
2026-09-13 00:58:39 - mkk_pika - main.py:83 - INFO - 找到 31 张图片在:第1集
2026-09-13 00:58:41 - mkk_pika - main.py:112 - INFO - [episode:第1集       ] downloaded:    31, total:  31, progress:100%
2026-09-13 00:58:41 - mkk_pika - database.py:238 - INFO - 数据库更新已下载章节
2026-09-13 00:58:41 - mkk_pika - database.py:244 - INFO - 该漫画已下载章节如下
2026-09-13 00:58:41 - mkk_pika - database.py:245 - INFO - ['第1集']
2026-09-13 00:58:42 - mkk_pika - main.py:348 - INFO - ==================== 漫画信息 ====================
                                   漫画ID：5cc27f08aad5457ef193b861
                                   标题： 母の再婚～肛妻～ [中国翻訳]
                                   作者：暁創圏
                                   是否完结：是
                                   总页数：31
                                   分类：全彩,短篇,人妻
                                   章节数：1
                                   最后更新时间：2019-04-26T03:46:16.862Z
                                   =================================================
2026-09-13 00:58:42 - mkk_pika - database.py:101 - INFO - 保存成功： 母の再婚～肛妻～ [中国翻訳]
2026-09-13 00:58:42 - mkk_pika - main.py:35 - INFO - 开始检查(C95)  グリムアロエちゃんにぜーんぶおまかせ♥ (クイズマジックアカデミー)是否存在未下载章节
2026-09-13 00:58:42 - mkk_pika - main.py:45 - INFO - 正在下载:[(C95)  グリムアロエちゃんにぜーんぶおまかせ♥ (クイズマジックアカデミー)]-[ひなたぼっち (P-answer)]-[['短篇', '同人', '非人類']]-[total_pages:27]
2026-09-13 00:58:42 - mkk_pika - main.py:49 - INFO - [{'_id': '5cc27f5dc89bcb50c2e6d5a6', 'title': '第1集', 'order': 1, 'updated_at': '2019-04-25T14:56:14.593Z', 'id': '5cc27f5dc89bcb50c2e6d5a6'}]
2026-09-13 00:58:42 - mkk_pika - database.py:215 - INFO - 第一次下载该漫画，记录数据库中
2026-09-13 00:58:43 - mkk_pika - main.py:83 - INFO - 找到 27 张图片在:第1集
2026-09-13 00:58:44 - mkk_pika - main.py:112 - INFO - [episode:第1集       ] downloaded:    27, total:  27, progress:100%
2026-09-13 00:58:44 - mkk_pika - database.py:238 - INFO - 数据库更新已下载章节
2026-09-13 00:58:44 - mkk_pika - database.py:244 - INFO - 该漫画已下载章节如下
2026-09-13 00:58:44 - mkk_pika - database.py:245 - INFO - ['第1集']
2026-09-13 00:58:46 - mkk_pika - main.py:348 - INFO - ==================== 漫画信息 ====================
                                   漫画ID：5cc27f5dc89bcb50c2e6d5a5
                                   标题：(C95)  グリムアロエちゃんにぜーんぶおまかせ♥ (クイズマジックアカデミー)
                                   作者：ひなたぼっち (P-answer)
                                   是否完结：是
                                   总页数：27
                                   分类：短篇,同人,非人類
                                   章节数：1
                                   最后更新时间：2019-04-26T03:47:41.651Z
                                   =================================================
2026-09-13 00:58:46 - mkk_pika - database.py:101 - INFO - 保存成功：(C95)  グリムアロエちゃんにぜーんぶおまかせ♥ (クイズマジックアカデミー)
2026-09-13 00:58:46 - mkk_pika - main.py:35 - INFO - 开始检查 ふたなり娘が出会ったら2 [中国翻訳][DL版]是否存在未下载章节
2026-09-13 00:58:46 - mkk_pika - main.py:45 - INFO - 正在下载:[ ふたなり娘が出会ったら2 [中国翻訳][DL版]]-[こすこ帝国 (せら)]-[['短篇', '扶他樂園']]-[total_pages:28]
2026-09-13 00:58:46 - mkk_pika - main.py:49 - INFO - [{'_id': '5cc27fb0c897694df7ec574b', 'title': '第1集', 'order': 1, 'updated_at': '2019-04-25T15:34:27.998Z', 'id': '5cc27fb0c897694df7ec574b'}]
2026-09-13 00:58:46 - mkk_pika - database.py:215 - INFO - 第一次下载该漫画，记录数据库中
2026-09-13 00:58:47 - mkk_pika - main.py:83 - INFO - 找到 28 张图片在:第1集
2026-09-13 00:58:48 - mkk_pika - main.py:112 - INFO - [episode:第1集       ] downloaded:    28, total:  28, progress:100%
2026-09-13 00:58:48 - mkk_pika - database.py:238 - INFO - 数据库更新已下载章节
2026-09-13 00:58:48 - mkk_pika - database.py:244 - INFO - 该漫画已下载章节如下
2026-09-13 00:58:48 - mkk_pika - database.py:245 - INFO - ['第1集']
2026-09-13 00:58:49 - mkk_pika - main.py:348 - INFO - ==================== 漫画信息 ====================
                                   漫画ID：5cc27fb0c897694df7ec574a
                                   标题： ふたなり娘が出会ったら2 [中国翻訳][DL版]
                                   作者：こすこ帝国 (せら)
                                   是否完结：是
                                   总页数：28
                                   分类：短篇,扶他樂園
                                   章节数：1
                                   最后更新时间：2019-04-26T03:49:04.452Z
                                   =================================================
2026-09-13 00:58:49 - mkk_pika - database.py:101 - INFO - 保存成功： ふたなり娘が出会ったら2 [中国翻訳][DL版]
2026-09-13 00:58:49 - mkk_pika - main.py:35 - INFO - 开始检查暗く、そして濁った… (COMIC 高 2017年5月号) [中国翻訳] [DL版]是否存在未下载章节
2026-09-13 00:58:50 - mkk_pika - main.py:45 - INFO - 正在下载:[暗く、そして濁った… (COMIC 高 2017年5月号) [中国翻訳] [DL版]]-[二峰跨人]-[['短篇', 'NTR']]-[total_pages:27]
2026-09-13 00:58:50 - mkk_pika - main.py:49 - INFO - [{'_id': '5cc27fe124f7db50ed3ad599', 'title': '第1集', 'order': 1, 'updated_at': '2019-04-25T16:00:56.868Z', 'id': '5cc27fe124f7db50ed3ad599'}]
2026-09-13 00:58:50 - mkk_pika - database.py:215 - INFO - 第一次下载该漫画，记录数据库中
2026-09-13 00:58:50 - mkk_pika - main.py:83 - INFO - 找到 27 张图片在:第1集
2026-09-13 00:58:51 - mkk_pika - main.py:112 - INFO - [episode:第1集       ] downloaded:    27, total:  27, progress:100%
2026-09-13 00:58:51 - mkk_pika - database.py:238 - INFO - 数据库更新已下载章节
2026-09-13 00:58:51 - mkk_pika - database.py:244 - INFO - 该漫画已下载章节如下
2026-09-13 00:58:51 - mkk_pika - database.py:245 - INFO - ['第1集']
2026-09-13 00:58:53 - mkk_pika - main.py:348 - INFO - ==================== 漫画信息 ====================
                                   漫画ID：5cc27fe124f7db50ed3ad598
                                   标题：暗く、そして濁った… (COMIC 高 2017年5月号) [中国翻訳] [DL版]
                                   作者：二峰跨人
                                   是否完结：是
                                   总页数：27
                                   分类：短篇,NTR
                                   章节数：1
                                   最后更新时间：2019-04-26T03:49:53.515Z
                                   =================================================
2026-09-13 00:58:53 - mkk_pika - database.py:101 - INFO - 保存成功：暗く、そして濁った… (COMIC 高 2017年5月号) [中国翻訳] [DL版]
2026-09-13 00:58:53 - mkk_pika - main.py:35 - INFO - 开始检查ぷりこねこねこねRe:Dive!2.5 (プリンセスコネクト!Re:Dive) [中国翻訳]是否存在未下载章节
2026-09-13 00:58:53 - mkk_pika - main.py:45 - INFO - 正在下载:[ぷりこねこねこねRe:Dive!2.5 (プリンセスコネクト!Re:Dive) [中国翻訳]]-[スライム企画 (栗柚くりゅー)]-[['短篇', '同人', '姐姐系']]-[total_pages:15]
2026-09-13 00:58:53 - mkk_pika - main.py:49 - INFO - [{'_id': '5cc27ff924f7db50ed3ad5b6', 'title': '第1集', 'order': 1, 'updated_at': '2019-04-25T16:26:16.897Z', 'id': '5cc27ff924f7db50ed3ad5b6'}]
2026-09-13 00:58:53 - mkk_pika - database.py:215 - INFO - 第一次下载该漫画，记录数据库中
2026-09-13 00:58:54 - mkk_pika - main.py:83 - INFO - 找到 15 张图片在:第1集
2026-09-13 00:58:54 - mkk_pika - main.py:112 - INFO - [episode:第1集       ] downloaded:    15, total:  15, progress:100%
2026-09-13 00:58:54 - mkk_pika - database.py:238 - INFO - 数据库更新已下载章节
2026-09-13 00:58:54 - mkk_pika - database.py:244 - INFO - 该漫画已下载章节如下
2026-09-13 00:58:54 - mkk_pika - database.py:245 - INFO - ['第1集']
2026-09-13 00:58:56 - mkk_pika - main.py:348 - INFO - ==================== 漫画信息 ====================
                                   漫画ID：5cc27ff924f7db50ed3ad5b5
                                   标题：ぷりこねこねこねRe:Dive!2.5 (プリンセスコネクト!Re:Dive) [中国翻訳]
                                   作者：スライム企画 (栗柚くりゅー)
                                   是否完结：是
                                   总页数：15
                                   分类：短篇,同人,姐姐系
                                   章节数：1
                                   最后更新时间：2019-04-26T03:50:17.954Z
                                   =================================================
2026-09-13 00:58:56 - mkk_pika - database.py:101 - INFO - 保存成功：ぷりこねこねこねRe:Dive!2.5 (プリンセスコネクト!Re:Dive) [中国翻訳]
2026-09-13 00:58:56 - mkk_pika - main.py:35 - INFO - 开始检查教えます、足奴隷への堕とし方 [中国翻訳]是否存在未下载章节
2026-09-13 00:58:56 - mkk_pika - main.py:45 - INFO - 正在下载:[教えます、足奴隷への堕とし方 [中国翻訳]]-[きさらづ帝国 (JK更津)]-[['全彩', '短篇', '足の恋']]-[total_pages:91]
2026-09-13 00:58:56 - mkk_pika - main.py:49 - INFO - [{'_id': '5cc2807177755019e05dcda2', 'title': '第1集', 'order': 1, 'updated_at': '2019-04-25T18:06:12.953Z', 'id': '5cc2807177755019e05dcda2'}]
2026-09-13 00:58:56 - mkk_pika - database.py:215 - INFO - 第一次下载该漫画，记录数据库中
2026-09-13 00:58:57 - mkk_pika - main.py:83 - INFO - 找到 91 张图片在:第1集
2026-09-13 00:59:02 - mkk_pika - main.py:112 - INFO - [episode:第1集       ] downloaded:    91, total:  91, progress:100%
2026-09-13 00:59:02 - mkk_pika - database.py:238 - INFO - 数据库更新已下载章节
2026-09-13 00:59:02 - mkk_pika - database.py:244 - INFO - 该漫画已下载章节如下
2026-09-13 00:59:02 - mkk_pika - database.py:245 - INFO - ['第1集']
2026-09-13 00:59:03 - mkk_pika - main.py:348 - INFO - ==================== 漫画信息 ====================
                                   漫画ID：5cc2807177755019e05dcda1
                                   标题：教えます、足奴隷への堕とし方 [中国翻訳]
                                   作者：きさらづ帝国 (JK更津)
                                   是否完结：是
                                   总页数：91
                                   分类：全彩,短篇,足の恋
                                   章节数：1
                                   最后更新时间：2019-04-26T03:52:17.388Z
                                   =================================================
2026-09-13 00:59:03 - mkk_pika - database.py:101 - INFO - 保存成功：教えます、足奴隷への堕とし方 [中国翻訳]
2026-09-13 00:59:03 - mkk_pika - main.py:380 - INFO - 本次任务下载完毕
2026-09-13 00:59:03 - mkk_pika - database.py:173 - INFO - 数据库连接已关闭
