2026-10-09 02:54:16 - mkk_pika - main.py:193 - INFO - =======================================================================
2026-10-09 02:54:16 - mkk_pika - database.py:61 - INFO - 表和索引初始化成功
2026-10-09 02:54:16 - mkk_pika - main.py:197 - INFO - 已经累计下载22677本漫画
2026-10-09 02:54:17 - mkk_pika - api.py:87 - INFO - 登录成功
2026-10-09 02:54:17 - mkk_pika - main.py:203 - INFO - 收藏夹共计0本漫画
2026-10-09 02:54:17 - mkk_pika - main.py:206 - INFO - 开始下载收藏夹内未下载内容
2026-10-09 02:54:17 - mkk_pika - main.py:266 - INFO - 收藏夹内容下载完毕
2026-10-09 02:54:17 - mkk_pika - main.py:268 - INFO - 开始下载订阅内容
2026-10-09 02:54:17 - mkk_pika - database.py:258 - INFO - 根据ID查询到标题：萝莉 -> おじさんとのエッチにハマっちゃった女の子| 沉迷于和大叔做爱的女孩 [中国翻訳]
2026-10-09 02:54:18 - mkk_pika - database.py:101 - INFO - 保存成功：おじさんとのエッチにハマっちゃった女の子| 沉迷于和大叔做爱的女孩 [中国翻訳]
2026-10-09 02:54:18 - mkk_pika - main.py:273 - INFO - 关键词萝莉找到1本漫画
2026-10-09 02:54:18 - mkk_pika - database.py:258 - INFO - 根据ID查询到标题：蘿莉 -> 一ヶ月間怠惰に暮らさないと出られないグラナート (Fate/Grand Order)
2026-10-09 02:54:18 - mkk_pika - database.py:101 - INFO - 保存成功：[PIXIV] AIうえお (118437861)（AI）
2026-10-09 02:54:18 - mkk_pika - main.py:273 - INFO - 关键词蘿莉找到6本漫画
2026-10-09 02:54:18 - mkk_pika - main.py:275 - INFO - 订阅内容共计7本漫画
2026-10-09 02:54:18 - mkk_pika - main.py:35 - INFO - 开始检查エジプト褐色ロリ合同是否存在未下载章节
2026-10-09 02:54:19 - mkk_pika - database.py:203 - INFO - 查询数据库中是否已存在第1話
2026-10-09 02:54:19 - mkk_pika - main.py:51 - INFO - エジプト褐色ロリ合同中没有可下载章节
2026-10-09 02:54:19 - mkk_pika - main.py:292 - INFO - ==================== 漫画信息 ====================
                                漫画ID：6abe9df42175923c6a5935d6
                                标题：エジプト褐色ロリ合同
                                作者：リビョウブ (よろず)
                                是否完结：是
                                总页数：303
                                分类：單行本
                                章节数：1
                                最后更新时间：2026-10-01T17:52:52.754Z
                                =================================================
2026-10-09 02:54:19 - mkk_pika - database.py:101 - INFO - 保存成功：エジプト褐色ロリ合同
2026-10-09 02:54:19 - mkk_pika - main.py:35 - INFO - 开始检查わがままなクチビル是否存在未下载章节
2026-10-09 02:54:19 - mkk_pika - main.py:45 - INFO - 正在下载:[わがままなクチビル]-[あうら聖児]-[['長篇', '單行本']]-[total_pages:-1]
2026-10-09 02:54:19 - mkk_pika - main.py:49 - INFO - [{'_id': '6ac7bd775a0e227dfb4a4215', 'title': '第1話', 'order': 1, 'updated_at': '2026-10-08T12:33:14.706Z', 'id': '6ac7bd775a0e227dfb4a4215'}]
2026-10-09 02:54:19 - mkk_pika - database.py:215 - INFO - 第一次下载该漫画，记录数据库中
2026-10-09 02:54:21 - mkk_pika - main.py:83 - INFO - 找到 224 张图片在:第1話
2026-10-09 02:54:32 - mkk_pika - main.py:112 - INFO - [episode:第1話       ] downloaded:   224, total: 224, progress:100%
2026-10-09 02:54:32 - mkk_pika - database.py:238 - INFO - 数据库更新已下载章节
2026-10-09 02:54:32 - mkk_pika - database.py:244 - INFO - 该漫画已下载章节如下
2026-10-09 02:54:32 - mkk_pika - database.py:245 - INFO - ['第1話']
2026-10-09 02:54:34 - mkk_pika - main.py:292 - INFO - ==================== 漫画信息 ====================
                                漫画ID：6ac7bd775a0e227dfb4a4214
                                标题：わがままなクチビル
                                作者：あうら聖児
                                是否完结：否
                                总页数：224
                                分类：長篇,單行本
                                章节数：1
                                最后更新时间：2026-10-08T15:57:43.863Z
                                =================================================
2026-10-09 02:54:34 - mkk_pika - database.py:101 - INFO - 保存成功：わがままなクチビル
2026-10-09 02:54:34 - mkk_pika - main.py:35 - INFO - 开始检查くりとまちゃんと！(永遠娘 21)是否存在未下载章节
2026-10-09 02:54:34 - mkk_pika - main.py:45 - INFO - 正在下载:[くりとまちゃんと！(永遠娘 21)]-[ゆなち]-[['短篇']]-[total_pages:-1]
2026-10-09 02:54:34 - mkk_pika - main.py:49 - INFO - [{'_id': '6ac7bc035704d82e2f372c4d', 'title': '第1話', 'order': 1, 'updated_at': '2026-10-08T11:07:56.147Z', 'id': '6ac7bc035704d82e2f372c4d'}]
2026-10-09 02:54:34 - mkk_pika - database.py:215 - INFO - 第一次下载该漫画，记录数据库中
2026-10-09 02:54:35 - mkk_pika - main.py:83 - INFO - 找到 57 张图片在:第1話
2026-10-09 02:54:37 - mkk_pika - main.py:112 - INFO - [episode:第1話       ] downloaded:    57, total:  57, progress:100%
2026-10-09 02:54:37 - mkk_pika - database.py:238 - INFO - 数据库更新已下载章节
2026-10-09 02:54:37 - mkk_pika - database.py:244 - INFO - 该漫画已下载章节如下
2026-10-09 02:54:37 - mkk_pika - database.py:245 - INFO - ['第1話']
2026-10-09 02:54:38 - mkk_pika - main.py:292 - INFO - ==================== 漫画信息 ====================
                                漫画ID：6ac7bc035704d82e2f372c4c
                                标题：くりとまちゃんと！(永遠娘 21)
                                作者：ゆなち
                                是否完结：是
                                总页数：57
                                分类：短篇
                                章节数：1
                                最后更新时间：2026-10-08T15:51:31.831Z
                                =================================================
2026-10-09 02:54:38 - mkk_pika - database.py:101 - INFO - 保存成功：くりとまちゃんと！(永遠娘 21)
2026-10-09 02:54:38 - mkk_pika - main.py:35 - INFO - 开始检查♡♡いろ×めもりある (ブルーアーカイブ)是否存在未下载章节
2026-10-09 02:54:38 - mkk_pika - main.py:45 - INFO - 正在下载:[♡♡いろ×めもりある (ブルーアーカイブ)]-[チョコミントポテトチップス (みんぽていと)]-[['同人', '短篇']]-[total_pages:-1]
2026-10-09 02:54:38 - mkk_pika - main.py:49 - INFO - [{'_id': '6ac7bc00d358a82073dc75c7', 'title': '第1話', 'order': 1, 'updated_at': '2026-10-08T11:05:59.766Z', 'id': '6ac7bc00d358a82073dc75c7'}]
2026-10-09 02:54:38 - mkk_pika - database.py:215 - INFO - 第一次下载该漫画，记录数据库中
2026-10-09 02:54:39 - mkk_pika - main.py:83 - INFO - 找到 26 张图片在:第1話
2026-10-09 02:54:40 - mkk_pika - main.py:112 - INFO - [episode:第1話       ] downloaded:    26, total:  26, progress:100%
2026-10-09 02:54:40 - mkk_pika - database.py:238 - INFO - 数据库更新已下载章节
2026-10-09 02:54:40 - mkk_pika - database.py:244 - INFO - 该漫画已下载章节如下
2026-10-09 02:54:40 - mkk_pika - database.py:245 - INFO - ['第1話']
2026-10-09 02:54:41 - mkk_pika - main.py:292 - INFO - ==================== 漫画信息 ====================
                                漫画ID：6ac7bc00d358a82073dc75c6
                                标题：♡♡いろ×めもりある (ブルーアーカイブ)
                                作者：チョコミントポテトチップス (みんぽていと)
                                是否完结：是
                                总页数：26
                                分类：同人,短篇
                                章节数：1
                                最后更新时间：2026-10-08T15:51:28.453Z
                                =================================================
2026-10-09 02:54:41 - mkk_pika - database.py:101 - INFO - 保存成功：♡♡いろ×めもりある (ブルーアーカイブ)
2026-10-09 02:54:41 - mkk_pika - main.py:35 - INFO - 开始检查たんプリまんが (名探偵プリキュア!)是否存在未下载章节
2026-10-09 02:54:42 - mkk_pika - database.py:203 - INFO - 查询数据库中是否已存在第1話
2026-10-09 02:54:42 - mkk_pika - main.py:51 - INFO - たんプリまんが (名探偵プリキュア!)中没有可下载章节
2026-10-09 02:54:42 - mkk_pika - main.py:292 - INFO - ==================== 漫画信息 ====================
                                漫画ID：69bc40a80828ef198c5ebbf8
                                标题：たんプリまんが (名探偵プリキュア!)
                                作者：たいらー
                                是否完结：是
                                总页数：91
                                分类：同人,長篇
                                章节数：1
                                最后更新时间：2026-03-19T18:30:00.052Z
                                =================================================
2026-10-09 02:54:42 - mkk_pika - database.py:101 - INFO - 保存成功：たんプリまんが (名探偵プリキュア!)
2026-10-09 02:54:42 - mkk_pika - main.py:35 - INFO - 开始检查がっこうにとじこめられてEX 4人の女の子と やたら不自然に信頼される大人のオレ是否存在未下载章节
2026-10-09 02:54:42 - mkk_pika - main.py:45 - INFO - 正在下载:[がっこうにとじこめられてEX 4人の女の子と やたら不自然に信頼される大人のオレ]-[にゅう工房 (海鮮、CC山)]-[['短篇']]-[total_pages:-1]
2026-10-09 02:54:42 - mkk_pika - main.py:49 - INFO - [{'_id': '6ac7bae75704d82e2f37276e', 'title': '第1話', 'order': 1, 'updated_at': '2026-10-07T04:31:59.722Z', 'id': '6ac7bae75704d82e2f37276e'}]
2026-10-09 02:54:42 - mkk_pika - database.py:215 - INFO - 第一次下载该漫画，记录数据库中
2026-10-09 02:54:43 - mkk_pika - main.py:83 - INFO - 找到 59 张图片在:第1話
2026-10-09 02:54:45 - mkk_pika - main.py:112 - INFO - [episode:第1話       ] downloaded:    59, total:  59, progress:100%
2026-10-09 02:54:45 - mkk_pika - database.py:238 - INFO - 数据库更新已下载章节
2026-10-09 02:54:45 - mkk_pika - database.py:244 - INFO - 该漫画已下载章节如下
2026-10-09 02:54:45 - mkk_pika - database.py:245 - INFO - ['第1話']
2026-10-09 02:54:46 - mkk_pika - main.py:292 - INFO - ==================== 漫画信息 ====================
                                漫画ID：6ac7bae75704d82e2f37276d
                                标题：がっこうにとじこめられてEX 4人の女の子と やたら不自然に信頼される大人のオレ
                                作者：にゅう工房 (海鮮、CC山)
                                是否完结：是
                                总页数：59
                                分类：短篇
                                章节数：1
                                最后更新时间：2026-10-08T15:46:47.198Z
                                =================================================
2026-10-09 02:54:46 - mkk_pika - database.py:101 - INFO - 保存成功：がっこうにとじこめられてEX 4人の女の子と やたら不自然に信頼される大人のオレ
2026-10-09 02:54:46 - mkk_pika - main.py:35 - INFO - 开始检查ホシノは猫になる (ブルーアーカイブ) 是否存在未下载章节
2026-10-09 02:54:46 - mkk_pika - database.py:203 - INFO - 查询数据库中是否已存在第1話
2026-10-09 02:54:46 - mkk_pika - main.py:51 - INFO - ホシノは猫になる (ブルーアーカイブ) 中没有可下载章节
2026-10-09 02:54:47 - mkk_pika - main.py:292 - INFO - ==================== 漫画信息 ====================
                                漫画ID：6ac67a0860a8e42d11032db9
                                标题：ホシノは猫になる (ブルーアーカイブ) 
                                作者：kuroliu
                                是否完结：是
                                总页数：28
                                分类：短篇,同人
                                章节数：1
                                最后更新时间：2026-10-07T16:57:44.134Z
                                =================================================
2026-10-09 02:54:47 - mkk_pika - database.py:101 - INFO - 保存成功：ホシノは猫になる (ブルーアーカイブ) 
2026-10-09 02:54:47 - mkk_pika - main.py:323 - INFO - 订阅内容内容下载完毕
2026-10-09 02:54:47 - mkk_pika - main.py:324 - INFO - 开始分批下载全部章节
2026-10-09 02:54:47 - mkk_pika - database.py:280 - INFO - 表和索引初始化成功
2026-10-09 02:54:47 - mkk_pika - main.py:177 - INFO - 已经下载了1786页，一共7196页，现在开始添加第1787页
2026-10-09 02:54:47 - mkk_pika - database.py:318 - INFO - 保存成功
2026-10-09 02:54:48 - mkk_pika - main.py:177 - INFO - 已经下载了1787页，一共7196页，现在开始添加第1788页
2026-10-09 02:54:48 - mkk_pika - database.py:318 - INFO - 保存成功
2026-10-09 02:54:48 - mkk_pika - main.py:177 - INFO - 已经下载了1788页，一共7196页，现在开始添加第1789页
2026-10-09 02:54:49 - mkk_pika - database.py:318 - INFO - 保存成功
2026-10-09 02:54:49 - mkk_pika - main.py:177 - INFO - 已经下载了1789页，一共7196页，现在开始添加第1790页
2026-10-09 02:54:50 - mkk_pika - database.py:318 - INFO - 保存成功
2026-10-09 02:54:50 - mkk_pika - main.py:177 - INFO - 已经下载了1790页，一共7196页，现在开始添加第1791页
2026-10-09 02:54:51 - mkk_pika - database.py:318 - INFO - 保存成功
2026-10-09 02:54:51 - mkk_pika - main.py:177 - INFO - 已经下载了1791页，一共7196页，现在开始添加第1792页
2026-10-09 02:54:51 - mkk_pika - database.py:318 - INFO - 保存成功
2026-10-09 02:54:52 - mkk_pika - main.py:177 - INFO - 已经下载了1792页，一共7196页，现在开始添加第1793页
2026-10-09 02:54:52 - mkk_pika - database.py:318 - INFO - 保存成功
2026-10-09 02:54:52 - mkk_pika - main.py:331 - INFO - 分批下载共计51本漫画
2026-10-09 02:54:52 - mkk_pika - main.py:35 - INFO - 开始检查M的兄嫂是否存在未下载章节
2026-10-09 02:54:52 - mkk_pika - main.py:45 - INFO - 正在下载:[M的兄嫂]-[遊人]-[['NTR', '人妻', '單行本', 'SM']]-[total_pages:247]
2026-10-09 02:54:52 - mkk_pika - main.py:49 - INFO - [{'_id': '5d39ce042258c8552599cbc9', 'title': '第1卷', 'order': 1, 'updated_at': '2019-07-25T05:21:48.023Z', 'id': '5d39ce042258c8552599cbc9'}, {'_id': '5d39ce042258c8552599cbca', 'title': '第2卷', 'order': 2, 'updated_at': '2019-07-25T05:20:33.327Z', 'id': '5d39ce042258c8552599cbca'}]
2026-10-09 02:54:52 - mkk_pika - database.py:215 - INFO - 第一次下载该漫画，记录数据库中
2026-10-09 02:54:54 - mkk_pika - main.py:83 - INFO - 找到 200 张图片在:第1卷
2026-10-09 02:55:01 - mkk_pika - main.py:112 - INFO - [episode:第1卷       ] downloaded:   200, total: 200, progress:100%
2026-10-09 02:55:01 - mkk_pika - database.py:238 - INFO - 数据库更新已下载章节
2026-10-09 02:55:01 - mkk_pika - database.py:244 - INFO - 该漫画已下载章节如下
2026-10-09 02:55:01 - mkk_pika - database.py:245 - INFO - ['第1卷']
2026-10-09 02:55:05 - mkk_pika - main.py:83 - INFO - 找到 210 张图片在:第2卷
2026-10-09 02:55:11 - mkk_pika - main.py:112 - INFO - [episode:第2卷       ] downloaded:   210, total: 210, progress:100%
2026-10-09 02:55:11 - mkk_pika - database.py:238 - INFO - 数据库更新已下载章节
2026-10-09 02:55:11 - mkk_pika - database.py:244 - INFO - 该漫画已下载章节如下
2026-10-09 02:55:11 - mkk_pika - database.py:245 - INFO - ['第1卷', '第2卷']
2026-10-09 02:55:12 - mkk_pika - main.py:348 - INFO - ==================== 漫画信息 ====================
                                   漫画ID：5d39ce042258c8552599cbc8
                                   标题：M的兄嫂
                                   作者：遊人
                                   是否完结：是
                                   总页数：247
                                   分类：NTR,人妻,單行本,SM
                                   章节数：2
                                   最后更新时间：2019-07-25T15:43:00.254Z
                                   =================================================
2026-10-09 02:55:12 - mkk_pika - database.py:101 - INFO - 保存成功：M的兄嫂
2026-10-09 02:55:12 - mkk_pika - main.py:35 - INFO - 开始检查(C82)  淫乱なお姉さんは好きですか？ (東方Project) [中国翻訳]是否存在未下载章节
2026-10-09 02:55:12 - mkk_pika - main.py:45 - INFO - 正在下载:[(C82)  淫乱なお姉さんは好きですか？ (東方Project) [中国翻訳]]-[てぃらみすたると (一弘)]-[['短篇', '同人', '東方']]-[total_pages:24]
2026-10-09 02:55:12 - mkk_pika - main.py:49 - INFO - [{'_id': '5d39cea22258c8552599cdb2', 'title': '第1話', 'order': 1, 'updated_at': '2019-07-25T06:19:10.516Z', 'id': '5d39cea22258c8552599cdb2'}]
2026-10-09 02:55:12 - mkk_pika - database.py:215 - INFO - 第一次下载该漫画，记录数据库中
2026-10-09 02:55:13 - mkk_pika - main.py:83 - INFO - 找到 24 张图片在:第1話
2026-10-09 02:55:14 - mkk_pika - main.py:112 - INFO - [episode:第1話       ] downloaded:    24, total:  24, progress:100%
2026-10-09 02:55:14 - mkk_pika - database.py:238 - INFO - 数据库更新已下载章节
2026-10-09 02:55:14 - mkk_pika - database.py:244 - INFO - 该漫画已下载章节如下
2026-10-09 02:55:14 - mkk_pika - database.py:245 - INFO - ['第1話']
2026-10-09 02:55:15 - mkk_pika - main.py:348 - INFO - ==================== 漫画信息 ====================
                                   漫画ID：5d39cea22258c8552599cdb1
                                   标题：(C82)  淫乱なお姉さんは好きですか？ (東方Project) [中国翻訳]
                                   作者：てぃらみすたると (一弘)
                                   是否完结：是
                                   总页数：24
                                   分类：短篇,同人,東方
                                   章节数：1
                                   最后更新时间：2019-07-25T15:45:38.339Z
                                   =================================================
2026-10-09 02:55:15 - mkk_pika - database.py:101 - INFO - 保存成功：(C82)  淫乱なお姉さんは好きですか？ (東方Project) [中国翻訳]
2026-10-09 02:55:15 - mkk_pika - main.py:35 - INFO - 开始检查在？给我康康是否存在未下载章节
2026-10-09 02:55:15 - mkk_pika - main.py:45 - INFO - 正在下载:[在？给我康康]-[西沢５ミリ 等]-[['短篇', '純愛', '姐姐系']]-[total_pages:105]
2026-10-09 02:55:15 - mkk_pika - main.py:49 - INFO - [{'_id': '5ce1672254af1023f9b6e730', 'title': '第1集', 'order': 1, 'updated_at': '2019-05-19T10:44:14.701Z', 'id': '5ce1672254af1023f9b6e730'}, {'_id': '5ce7a8ffc491fd372885a93a', 'title': '第2集', 'order': 2, 'updated_at': '2019-05-24T04:37:31.511Z', 'id': '5ce7a8ffc491fd372885a93a'}, {'_id': '5cea72b04d846e7f2f919cb1', 'title': '第3集', 'order': 3, 'updated_at': '2019-05-26T09:54:42.440Z', 'id': '5cea72b04d846e7f2f919cb1'}, {'_id': '5d39cecb64bdb155459de98a', 'title': '第4話', 'order': 4, 'updated_at': '2019-07-25T06:18:48.810Z', 'id': '5d39cecb64bdb155459de98a'}, {'_id': '5d39cecb64bdb155459de98b', 'title': '第5話', 'order': 5, 'updated_at': '2019-07-25T06:22:16.509Z', 'id': '5d39cecb64bdb155459de98b'}, {'_id': '5d39cecb64bdb155459de98c', 'title': '第6話', 'order': 6, 'updated_at': '2019-07-25T06:24:56.982Z', 'id': '5d39cecb64bdb155459de98c'}]
2026-10-09 02:55:15 - mkk_pika - database.py:215 - INFO - 第一次下载该漫画，记录数据库中
2026-10-09 02:55:16 - mkk_pika - main.py:83 - INFO - 找到 16 张图片在:第1集
2026-10-09 02:55:17 - mkk_pika - main.py:112 - INFO - [episode:第1集       ] downloaded:    16, total:  16, progress:100%
2026-10-09 02:55:17 - mkk_pika - database.py:238 - INFO - 数据库更新已下载章节
2026-10-09 02:55:17 - mkk_pika - database.py:244 - INFO - 该漫画已下载章节如下
2026-10-09 02:55:17 - mkk_pika - database.py:245 - INFO - ['第1集']
2026-10-09 02:55:18 - mkk_pika - main.py:83 - INFO - 找到 21 张图片在:第2集
2026-10-09 02:55:19 - mkk_pika - main.py:112 - INFO - [episode:第2集       ] downloaded:    21, total:  21, progress:100%
2026-10-09 02:55:19 - mkk_pika - database.py:238 - INFO - 数据库更新已下载章节
2026-10-09 02:55:19 - mkk_pika - database.py:244 - INFO - 该漫画已下载章节如下
2026-10-09 02:55:19 - mkk_pika - database.py:245 - INFO - ['第1集', '第2集']
2026-10-09 02:55:20 - mkk_pika - main.py:83 - INFO - 找到 19 张图片在:第3集
2026-10-09 02:55:21 - mkk_pika - main.py:112 - INFO - [episode:第3集       ] downloaded:    19, total:  19, progress:100%
2026-10-09 02:55:21 - mkk_pika - database.py:238 - INFO - 数据库更新已下载章节
2026-10-09 02:55:21 - mkk_pika - database.py:244 - INFO - 该漫画已下载章节如下
2026-10-09 02:55:21 - mkk_pika - database.py:245 - INFO - ['第1集', '第2集', '第3集']
2026-10-09 02:55:23 - mkk_pika - main.py:83 - INFO - 找到 20 张图片在:第4話
2026-10-09 02:55:23 - mkk_pika - main.py:112 - INFO - [episode:第4話       ] downloaded:    20, total:  20, progress:100%
2026-10-09 02:55:23 - mkk_pika - database.py:238 - INFO - 数据库更新已下载章节
2026-10-09 02:55:23 - mkk_pika - database.py:244 - INFO - 该漫画已下载章节如下
2026-10-09 02:55:23 - mkk_pika - database.py:245 - INFO - ['第1集', '第2集', '第3集', '第4話']
2026-10-09 02:55:25 - mkk_pika - main.py:83 - INFO - 找到 19 张图片在:第5話
2026-10-09 02:55:25 - mkk_pika - main.py:112 - INFO - [episode:第5話       ] downloaded:    19, total:  19, progress:100%
2026-10-09 02:55:25 - mkk_pika - database.py:238 - INFO - 数据库更新已下载章节
2026-10-09 02:55:25 - mkk_pika - database.py:244 - INFO - 该漫画已下载章节如下
2026-10-09 02:55:25 - mkk_pika - database.py:245 - INFO - ['第1集', '第2集', '第3集', '第4話', '第5話']
2026-10-09 02:55:27 - mkk_pika - main.py:83 - INFO - 找到 15 张图片在:第6話
2026-10-09 02:55:27 - mkk_pika - main.py:112 - INFO - [episode:第6話       ] downloaded:    15, total:  15, progress:100%
2026-10-09 02:55:27 - mkk_pika - database.py:238 - INFO - 数据库更新已下载章节
2026-10-09 02:55:27 - mkk_pika - database.py:244 - INFO - 该漫画已下载章节如下
2026-10-09 02:55:27 - mkk_pika - database.py:245 - INFO - ['第1集', '第2集', '第3集', '第4話', '第5話', '第6話']
2026-10-09 02:55:29 - mkk_pika - main.py:348 - INFO - ==================== 漫画信息 ====================
                                   漫画ID：5ce1672254af1023f9b6e72f
                                   标题：在？给我康康
                                   作者：西沢５ミリ 等
                                   是否完结：否
                                   总页数：105
                                   分类：短篇,純愛,姐姐系
                                   章节数：6
                                   最后更新时间：2019-07-25T15:46:19.448Z
                                   =================================================
2026-10-09 02:55:29 - mkk_pika - database.py:101 - INFO - 保存成功：在？给我康康
2026-10-09 02:55:29 - mkk_pika - main.py:35 - INFO - 开始检查変態どすけべライフ 變態超好色淫女生活是否存在未下载章节
2026-10-09 02:55:29 - mkk_pika - main.py:45 - INFO - 正在下载:[変態どすけべライフ 變態超好色淫女生活]-[まるキ堂]-[['長篇', '短篇', '單行本', '姐姐系', 'SM', '人妻', 'NTR', '強暴', '純愛']]-[total_pages:201]
2026-10-09 02:55:29 - mkk_pika - main.py:49 - INFO - [{'_id': '5d39cef420500f552a788a24', 'title': '變態超好色淫女的單行本', 'order': 1, 'updated_at': '2019-07-22T08:03:53.497Z', 'id': '5d39cef420500f552a788a24'}]
2026-10-09 02:55:29 - mkk_pika - database.py:215 - INFO - 第一次下载该漫画，记录数据库中
2026-10-09 02:55:31 - mkk_pika - main.py:83 - INFO - 找到 201 张图片在:變態超好色淫女的單行本
2026-10-09 02:55:36 - mkk_pika - main.py:112 - INFO - [episode:變態超好色淫女的單行本] downloaded:   201, total: 201, progress:100%
2026-10-09 02:55:36 - mkk_pika - database.py:238 - INFO - 数据库更新已下载章节
2026-10-09 02:55:36 - mkk_pika - database.py:244 - INFO - 该漫画已下载章节如下
2026-10-09 02:55:36 - mkk_pika - database.py:245 - INFO - ['變態超好色淫女的單行本']
2026-10-09 02:55:37 - mkk_pika - main.py:348 - INFO - ==================== 漫画信息 ====================
                                   漫画ID：5d39cef420500f552a788a23
                                   标题：変態どすけべライフ 變態超好色淫女生活
                                   作者：まるキ堂
                                   是否完结：是
                                   总页数：201
                                   分类：長篇,短篇,單行本,姐姐系,SM,人妻,NTR,強暴,純愛
                                   章节数：1
                                   最后更新时间：2019-07-25T15:47:00.744Z
                                   =================================================
2026-10-09 02:55:37 - mkk_pika - database.py:101 - INFO - 保存成功：変態どすけべライフ 變態超好色淫女生活
2026-10-09 02:55:37 - mkk_pika - main.py:35 - INFO - 开始检查 (C73) COWAREMONO#8是否存在未下载章节
2026-10-09 02:55:38 - mkk_pika - main.py:45 - INFO - 正在下载:[ (C73) COWAREMONO#8]-[おかりな (ぢょんたいらん)]-[['短篇', '同人']]-[total_pages:31]
2026-10-09 02:55:38 - mkk_pika - main.py:49 - INFO - [{'_id': '5d39cf0464bdb155459de9c5', 'title': '第1話', 'order': 1, 'updated_at': '2019-07-25T07:19:43.432Z', 'id': '5d39cf0464bdb155459de9c5'}]
2026-10-09 02:55:38 - mkk_pika - database.py:215 - INFO - 第一次下载该漫画，记录数据库中
2026-10-09 02:55:38 - mkk_pika - main.py:83 - INFO - 找到 31 张图片在:第1話
2026-10-09 02:55:39 - mkk_pika - main.py:112 - INFO - [episode:第1話       ] downloaded:    31, total:  31, progress:100%
2026-10-09 02:55:39 - mkk_pika - database.py:238 - INFO - 数据库更新已下载章节
2026-10-09 02:55:39 - mkk_pika - database.py:244 - INFO - 该漫画已下载章节如下
2026-10-09 02:55:39 - mkk_pika - database.py:245 - INFO - ['第1話']
2026-10-09 02:55:41 - mkk_pika - main.py:348 - INFO - ==================== 漫画信息 ====================
                                   漫画ID：5d39cf0464bdb155459de9c4
                                   标题： (C73) COWAREMONO#8
                                   作者：おかりな (ぢょんたいらん)
                                   是否完结：是
                                   总页数：31
                                   分类：短篇,同人
                                   章节数：1
                                   最后更新时间：2019-07-25T15:47:16.306Z
                                   =================================================
2026-10-09 02:55:41 - mkk_pika - database.py:101 - INFO - 保存成功： (C73) COWAREMONO#8
2026-10-09 02:55:41 - mkk_pika - main.py:35 - INFO - 开始检查(C90)  ナシマホウテンプテーション (魔法つかいプリキュア!) [中国翻訳]是否存在未下载章节
2026-10-09 02:55:41 - mkk_pika - main.py:45 - INFO - 正在下载:[(C90)  ナシマホウテンプテーション (魔法つかいプリキュア!) [中国翻訳]]-[CLUTCH SHOT KING (滑空)]-[['短篇', '同人']]-[total_pages:27]
2026-10-09 02:55:41 - mkk_pika - main.py:49 - INFO - [{'_id': '5d39cf3764bdb155459de9e7', 'title': '第1話', 'order': 1, 'updated_at': '2019-07-25T07:06:40.949Z', 'id': '5d39cf3764bdb155459de9e7'}]
2026-10-09 02:55:41 - mkk_pika - database.py:215 - INFO - 第一次下载该漫画，记录数据库中
2026-10-09 02:55:41 - mkk_pika - main.py:83 - INFO - 找到 27 张图片在:第1話
2026-10-09 02:55:42 - mkk_pika - main.py:112 - INFO - [episode:第1話       ] downloaded:    27, total:  27, progress:100%
2026-10-09 02:55:42 - mkk_pika - database.py:238 - INFO - 数据库更新已下载章节
2026-10-09 02:55:42 - mkk_pika - database.py:244 - INFO - 该漫画已下载章节如下
2026-10-09 02:55:42 - mkk_pika - database.py:245 - INFO - ['第1話']
2026-10-09 02:55:44 - mkk_pika - main.py:348 - INFO - ==================== 漫画信息 ====================
                                   漫画ID：5d39cf3764bdb155459de9e6
                                   标题：(C90)  ナシマホウテンプテーション (魔法つかいプリキュア!) [中国翻訳]
                                   作者：CLUTCH SHOT KING (滑空)
                                   是否完结：是
                                   总页数：27
                                   分类：短篇,同人
                                   章节数：1
                                   最后更新时间：2019-07-25T15:48:07.835Z
                                   =================================================
2026-10-09 02:55:44 - mkk_pika - database.py:101 - INFO - 保存成功：(C90)  ナシマホウテンプテーション (魔法つかいプリキュア!) [中国翻訳]
2026-10-09 02:55:44 - mkk_pika - main.py:35 - INFO - 开始检查(C80)  ウラバンビvol.43 TOARU ～とある母娘の白濁祭～ (とある魔術の禁書目録) [中国翻訳]是否存在未下载章节
2026-10-09 02:55:44 - mkk_pika - main.py:45 - INFO - 正在下载:[(C80)  ウラバンビvol.43 TOARU ～とある母娘の白濁祭～ (とある魔術の禁書目録) [中国翻訳]]-[裏方本舗 (SINK)]-[['短篇', '同人', '人妻']]-[total_pages:29]
2026-10-09 02:55:44 - mkk_pika - main.py:49 - INFO - [{'_id': '5d39cf502258c8552599cde5', 'title': '第1話', 'order': 1, 'updated_at': '2019-07-25T08:09:30.606Z', 'id': '5d39cf502258c8552599cde5'}]
2026-10-09 02:55:44 - mkk_pika - database.py:215 - INFO - 第一次下载该漫画，记录数据库中
2026-10-09 02:55:45 - mkk_pika - main.py:83 - INFO - 找到 29 张图片在:第1話
2026-10-09 02:55:46 - mkk_pika - main.py:112 - INFO - [episode:第1話       ] downloaded:    29, total:  29, progress:100%
2026-10-09 02:55:46 - mkk_pika - database.py:238 - INFO - 数据库更新已下载章节
2026-10-09 02:55:46 - mkk_pika - database.py:244 - INFO - 该漫画已下载章节如下
2026-10-09 02:55:46 - mkk_pika - database.py:245 - INFO - ['第1話']
2026-10-09 02:55:47 - mkk_pika - main.py:348 - INFO - ==================== 漫画信息 ====================
                                   漫画ID：5d39cf502258c8552599cde4
                                   标题：(C80)  ウラバンビvol.43 TOARU ～とある母娘の白濁祭～ (とある魔術の禁書目録) [中国翻訳]
                                   作者：裏方本舗 (SINK)
                                   是否完结：是
                                   总页数：29
                                   分类：短篇,同人,人妻
                                   章节数：1
                                   最后更新时间：2019-07-25T15:48:32.294Z
                                   =================================================
2026-10-09 02:55:47 - mkk_pika - database.py:101 - INFO - 保存成功：(C80)  ウラバンビvol.43 TOARU ～とある母娘の白濁祭～ (とある魔術の禁書目録) [中国翻訳]
2026-10-09 02:55:47 - mkk_pika - main.py:35 - INFO - 开始检查人妻ラヴァーズ 是否存在未下载章节
2026-10-09 02:55:47 - mkk_pika - main.py:45 - INFO - 正在下载:[人妻ラヴァーズ ]-[山本よし文]-[['短篇', 'NTR', '人妻']]-[total_pages:165]
2026-10-09 02:55:47 - mkk_pika - main.py:49 - INFO - [{'_id': '5d39cf652258c8552599ce06', 'title': '全本', 'order': 1, 'updated_at': '2019-07-24T10:58:40.181Z', 'id': '5d39cf652258c8552599ce06'}]
2026-10-09 02:55:47 - mkk_pika - database.py:215 - INFO - 第一次下载该漫画，记录数据库中
2026-10-09 02:55:49 - mkk_pika - main.py:83 - INFO - 找到 165 张图片在:全本
2026-10-09 02:55:53 - mkk_pika - main.py:112 - INFO - [episode:全本        ] downloaded:   165, total: 165, progress:100%
2026-10-09 02:55:53 - mkk_pika - database.py:238 - INFO - 数据库更新已下载章节
2026-10-09 02:55:53 - mkk_pika - database.py:244 - INFO - 该漫画已下载章节如下
2026-10-09 02:55:53 - mkk_pika - database.py:245 - INFO - ['全本']
2026-10-09 02:55:55 - mkk_pika - main.py:348 - INFO - ==================== 漫画信息 ====================
                                   漫画ID：5d39cf652258c8552599ce05
                                   标题：人妻ラヴァーズ 
                                   作者：山本よし文
                                   是否完结：是
                                   总页数：165
                                   分类：短篇,NTR,人妻
                                   章节数：1
                                   最后更新时间：2019-07-25T15:48:53.456Z
                                   =================================================
2026-10-09 02:55:55 - mkk_pika - database.py:101 - INFO - 保存成功：人妻ラヴァーズ 
2026-10-09 02:55:55 - mkk_pika - main.py:35 - INFO - 开始检查(C95)  グウェンプーノレ（エッチな世界にお邪魔しま～す）(Gwenpool)[中国翻訳]是否存在未下载章节
2026-10-09 02:55:55 - mkk_pika - main.py:45 - INFO - 正在下载:[(C95)  グウェンプーノレ（エッチな世界にお邪魔しま～す）(Gwenpool)[中国翻訳]]-[こたう (ボウイナイフ)]-[['短篇', '同人']]-[total_pages:40]
2026-10-09 02:55:55 - mkk_pika - main.py:49 - INFO - [{'_id': '5d39cfbb64bdb155459dea25', 'title': '第1話', 'order': 1, 'updated_at': '2019-07-25T09:41:23.402Z', 'id': '5d39cfbb64bdb155459dea25'}]
2026-10-09 02:55:55 - mkk_pika - database.py:215 - INFO - 第一次下载该漫画，记录数据库中
2026-10-09 02:55:55 - mkk_pika - main.py:83 - INFO - 找到 40 张图片在:第1話
2026-10-09 02:55:57 - mkk_pika - main.py:112 - INFO - [episode:第1話       ] downloaded:    40, total:  40, progress:100%
2026-10-09 02:55:57 - mkk_pika - database.py:238 - INFO - 数据库更新已下载章节
2026-10-09 02:55:57 - mkk_pika - database.py:244 - INFO - 该漫画已下载章节如下
2026-10-09 02:55:57 - mkk_pika - database.py:245 - INFO - ['第1話']
2026-10-09 02:55:58 - mkk_pika - main.py:348 - INFO - ==================== 漫画信息 ====================
                                   漫画ID：5d39cfbb64bdb155459dea24
                                   标题：(C95)  グウェンプーノレ（エッチな世界にお邪魔しま～す）(Gwenpool)[中国翻訳]
                                   作者：こたう (ボウイナイフ)
                                   是否完结：是
                                   总页数：40
                                   分类：短篇,同人
                                   章节数：1
                                   最后更新时间：2019-07-25T15:50:19.890Z
                                   =================================================
2026-10-09 02:55:58 - mkk_pika - database.py:101 - INFO - 保存成功：(C95)  グウェンプーノレ（エッチな世界にお邪魔しま～す）(Gwenpool)[中国翻訳]
2026-10-09 02:55:58 - mkk_pika - main.py:35 - INFO - 开始检查 マジ惚れもーしょん [中国翻訳] [DL版]是否存在未下载章节
2026-10-09 02:55:58 - mkk_pika - main.py:45 - INFO - 正在下载:[ マジ惚れもーしょん [中国翻訳] [DL版]]-[TANABE]-[['長篇', '純愛']]-[total_pages:201]
2026-10-09 02:55:58 - mkk_pika - main.py:49 - INFO - [{'_id': '5d39cff664bdb155459dea51', 'title': '第1話', 'order': 1, 'updated_at': '2019-07-25T10:07:07.564Z', 'id': '5d39cff664bdb155459dea51'}]
2026-10-09 02:55:58 - mkk_pika - database.py:215 - INFO - 第一次下载该漫画，记录数据库中
2026-10-09 02:56:00 - mkk_pika - main.py:83 - INFO - 找到 201 张图片在:第1話
2026-10-09 02:56:06 - mkk_pika - main.py:112 - INFO - [episode:第1話       ] downloaded:   201, total: 201, progress:100%
2026-10-09 02:56:06 - mkk_pika - database.py:238 - INFO - 数据库更新已下载章节
2026-10-09 02:56:06 - mkk_pika - database.py:244 - INFO - 该漫画已下载章节如下
2026-10-09 02:56:06 - mkk_pika - database.py:245 - INFO - ['第1話']
2026-10-09 02:56:07 - mkk_pika - main.py:348 - INFO - ==================== 漫画信息 ====================
                                   漫画ID：5d39cff664bdb155459dea50
                                   标题： マジ惚れもーしょん [中国翻訳] [DL版]
                                   作者：TANABE
                                   是否完结：是
                                   总页数：201
                                   分类：長篇,純愛
                                   章节数：1
                                   最后更新时间：2019-07-25T15:51:18.566Z
                                   =================================================
2026-10-09 02:56:07 - mkk_pika - database.py:101 - INFO - 保存成功： マジ惚れもーしょん [中国翻訳] [DL版]
2026-10-09 02:56:07 - mkk_pika - main.py:35 - INFO - 开始检查 (C93) SLEEPING Revy (ブラック・ラグーン)是否存在未下载章节
2026-10-09 02:56:08 - mkk_pika - main.py:45 - INFO - 正在下载:[ (C93) SLEEPING Revy (ブラック・ラグーン)]-[AZASUKE WIND (AZASUKE)]-[['同人', '短篇']]-[total_pages:31]
2026-10-09 02:56:08 - mkk_pika - main.py:49 - INFO - [{'_id': '5d39d04320500f552a788b0d', 'title': '第1話', 'order': 1, 'updated_at': '2019-07-25T12:25:17.422Z', 'id': '5d39d04320500f552a788b0d'}]
2026-10-09 02:56:08 - mkk_pika - database.py:215 - INFO - 第一次下载该漫画，记录数据库中
2026-10-09 02:56:08 - mkk_pika - main.py:83 - INFO - 找到 31 张图片在:第1話
2026-10-09 02:56:09 - mkk_pika - main.py:112 - INFO - [episode:第1話       ] downloaded:    31, total:  31, progress:100%
2026-10-09 02:56:09 - mkk_pika - database.py:238 - INFO - 数据库更新已下载章节
2026-10-09 02:56:09 - mkk_pika - database.py:244 - INFO - 该漫画已下载章节如下
2026-10-09 02:56:09 - mkk_pika - database.py:245 - INFO - ['第1話']
2026-10-09 02:56:10 - mkk_pika - main.py:348 - INFO - ==================== 漫画信息 ====================
                                   漫画ID：5d39d04320500f552a788b0c
                                   标题： (C93) SLEEPING Revy (ブラック・ラグーン)
                                   作者：AZASUKE WIND (AZASUKE)
                                   是否完结：是
                                   总页数：31
                                   分类：同人,短篇
                                   章节数：1
                                   最后更新时间：2019-07-25T15:52:35.234Z
                                   =================================================
2026-10-09 02:56:10 - mkk_pika - database.py:101 - INFO - 保存成功： (C93) SLEEPING Revy (ブラック・ラグーン)
2026-10-09 02:56:10 - mkk_pika - main.py:35 - INFO - 开始检查あーん!してっ (カードキャプターさくら)是否存在未下载章节
2026-10-09 02:56:11 - mkk_pika - main.py:45 - INFO - 正在下载:[あーん!してっ (カードキャプターさくら)]-[MURDERHOUSE (若穂りく)]-[['短篇', '純愛', '同人']]-[total_pages:26]
2026-10-09 02:56:11 - mkk_pika - main.py:49 - INFO - [{'_id': '5d39d081cb4c5a55372f22cf', 'title': '第1話', 'order': 1, 'updated_at': '2019-07-25T10:03:13.692Z', 'id': '5d39d081cb4c5a55372f22cf'}]
2026-10-09 02:56:11 - mkk_pika - database.py:215 - INFO - 第一次下载该漫画，记录数据库中
2026-10-09 02:56:11 - mkk_pika - main.py:83 - INFO - 找到 26 张图片在:第1話
2026-10-09 02:56:12 - mkk_pika - main.py:112 - INFO - [episode:第1話       ] downloaded:    26, total:  26, progress:100%
2026-10-09 02:56:12 - mkk_pika - database.py:238 - INFO - 数据库更新已下载章节
2026-10-09 02:56:12 - mkk_pika - database.py:244 - INFO - 该漫画已下载章节如下
2026-10-09 02:56:12 - mkk_pika - database.py:245 - INFO - ['第1話']
2026-10-09 02:56:13 - mkk_pika - main.py:348 - INFO - ==================== 漫画信息 ====================
                                   漫画ID：5d39d081cb4c5a55372f22ce
                                   标题：あーん!してっ (カードキャプターさくら)
                                   作者：MURDERHOUSE (若穂りく)
                                   是否完结：否
                                   总页数：26
                                   分类：短篇,純愛,同人
                                   章节数：1
                                   最后更新时间：2019-07-25T15:53:37.278Z
                                   =================================================
2026-10-09 02:56:13 - mkk_pika - database.py:101 - INFO - 保存成功：あーん!してっ (カードキャプターさくら)
2026-10-09 02:56:13 - mkk_pika - main.py:35 - INFO - 开始检查(C93) ビッグちちセブン (アズールレーン)是否存在未下载章节
2026-10-09 02:56:14 - mkk_pika - main.py:45 - INFO - 正在下载:[(C93) ビッグちちセブン (アズールレーン)]-[おとな出版 (ひつじたかこ)]-[['同人', '短篇', '艦隊收藏']]-[total_pages:31]
2026-10-09 02:56:14 - mkk_pika - main.py:49 - INFO - [{'_id': '5d39d08fcb4c5a55372f22ec', 'title': '第1話', 'order': 1, 'updated_at': '2019-07-25T12:32:25.758Z', 'id': '5d39d08fcb4c5a55372f22ec'}]
2026-10-09 02:56:14 - mkk_pika - database.py:215 - INFO - 第一次下载该漫画，记录数据库中
2026-10-09 02:56:14 - mkk_pika - main.py:83 - INFO - 找到 31 张图片在:第1話
2026-10-09 02:56:15 - mkk_pika - main.py:112 - INFO - [episode:第1話       ] downloaded:    31, total:  31, progress:100%
2026-10-09 02:56:15 - mkk_pika - database.py:238 - INFO - 数据库更新已下载章节
2026-10-09 02:56:15 - mkk_pika - database.py:244 - INFO - 该漫画已下载章节如下
2026-10-09 02:56:15 - mkk_pika - database.py:245 - INFO - ['第1話']
2026-10-09 02:56:17 - mkk_pika - main.py:348 - INFO - ==================== 漫画信息 ====================
                                   漫画ID：5d39d08fcb4c5a55372f22eb
                                   标题：(C93) ビッグちちセブン (アズールレーン)
                                   作者：おとな出版 (ひつじたかこ)
                                   是否完结：是
                                   总页数：31
                                   分类：同人,短篇,艦隊收藏
                                   章节数：1
                                   最后更新时间：2019-07-25T15:53:51.570Z
                                   =================================================
2026-10-09 02:56:17 - mkk_pika - database.py:101 - INFO - 保存成功：(C93) ビッグちちセブン (アズールレーン)
2026-10-09 02:56:17 - mkk_pika - main.py:35 - INFO - 开始检查 (C94) ユニコーンと濃厚エッチな日常 (アズールレーン)是否存在未下载章节
2026-10-09 02:56:17 - mkk_pika - main.py:45 - INFO - 正在下载:[ (C94) ユニコーンと濃厚エッチな日常 (アズールレーン)]-[きのこのみ (kino)]-[['同人', '短篇']]-[total_pages:24]
2026-10-09 02:56:17 - mkk_pika - main.py:49 - INFO - [{'_id': '5d39d0cc2258c8552599d013', 'title': '第1話', 'order': 1, 'updated_at': '2019-07-25T12:49:21.743Z', 'id': '5d39d0cc2258c8552599d013'}]
2026-10-09 02:56:17 - mkk_pika - database.py:215 - INFO - 第一次下载该漫画，记录数据库中
2026-10-09 02:56:17 - mkk_pika - main.py:83 - INFO - 找到 24 张图片在:第1話
2026-10-09 02:56:18 - mkk_pika - main.py:112 - INFO - [episode:第1話       ] downloaded:    24, total:  24, progress:100%
2026-10-09 02:56:18 - mkk_pika - database.py:238 - INFO - 数据库更新已下载章节
2026-10-09 02:56:18 - mkk_pika - database.py:244 - INFO - 该漫画已下载章节如下
2026-10-09 02:56:18 - mkk_pika - database.py:245 - INFO - ['第1話']
2026-10-09 02:56:20 - mkk_pika - main.py:348 - INFO - ==================== 漫画信息 ====================
                                   漫画ID：5d39d0cc2258c8552599d012
                                   标题： (C94) ユニコーンと濃厚エッチな日常 (アズールレーン)
                                   作者：きのこのみ (kino)
                                   是否完结：是
                                   总页数：24
                                   分类：同人,短篇
                                   章节数：1
                                   最后更新时间：2019-07-25T15:54:52.261Z
                                   =================================================
2026-10-09 02:56:20 - mkk_pika - database.py:101 - INFO - 保存成功： (C94) ユニコーンと濃厚エッチな日常 (アズールレーン)
2026-10-09 02:56:20 - mkk_pika - main.py:35 - INFO - 开始检查 (COMIC1☆9)  音の響かぬ部屋の中 (響け!ユーフォニアム)是否存在未下载章节
2026-10-09 02:56:20 - mkk_pika - main.py:45 - INFO - 正在下载:[ (COMIC1☆9)  音の響かぬ部屋の中 (響け!ユーフォニアム)]-[おつきみ工房 (秋空もみぢ)]-[['同人', '短篇']]-[total_pages:26]
2026-10-09 02:56:20 - mkk_pika - main.py:49 - INFO - [{'_id': '5d39d0f3cb4c5a55372f2329', 'title': '第1話', 'order': 1, 'updated_at': '2019-07-25T12:54:30.919Z', 'id': '5d39d0f3cb4c5a55372f2329'}]
2026-10-09 02:56:20 - mkk_pika - database.py:215 - INFO - 第一次下载该漫画，记录数据库中
2026-10-09 02:56:20 - mkk_pika - main.py:83 - INFO - 找到 26 张图片在:第1話
2026-10-09 02:56:21 - mkk_pika - main.py:112 - INFO - [episode:第1話       ] downloaded:    26, total:  26, progress:100%
2026-10-09 02:56:21 - mkk_pika - database.py:238 - INFO - 数据库更新已下载章节
2026-10-09 02:56:21 - mkk_pika - database.py:244 - INFO - 该漫画已下载章节如下
2026-10-09 02:56:21 - mkk_pika - database.py:245 - INFO - ['第1話']
2026-10-09 02:56:22 - mkk_pika - main.py:348 - INFO - ==================== 漫画信息 ====================
                                   漫画ID：5d39d0f3cb4c5a55372f2328
                                   标题： (COMIC1☆9)  音の響かぬ部屋の中 (響け!ユーフォニアム)
                                   作者：おつきみ工房 (秋空もみぢ)
                                   是否完结：是
                                   总页数：26
                                   分类：同人,短篇
                                   章节数：1
                                   最后更新时间：2019-07-25T15:55:31.078Z
                                   =================================================
2026-10-09 02:56:22 - mkk_pika - database.py:101 - INFO - 保存成功： (COMIC1☆9)  音の響かぬ部屋の中 (響け!ユーフォニアム)
2026-10-09 02:56:22 - mkk_pika - main.py:35 - INFO - 开始检查 (COMIC1☆15) 居酒屋こぎつね [全年龄]是否存在未下载章节
2026-10-09 02:56:23 - mkk_pika - main.py:45 - INFO - 正在下载:[ (COMIC1☆15) 居酒屋こぎつね [全年龄]]-[Go!Go!King! (ミト)]-[['短篇', '同人']]-[total_pages:27]
2026-10-09 02:56:23 - mkk_pika - main.py:49 - INFO - [{'_id': '5d39d16320500f552a788b5c', 'title': '第1話', 'order': 1, 'updated_at': '2019-07-25T13:46:51.215Z', 'id': '5d39d16320500f552a788b5c'}]
2026-10-09 02:56:23 - mkk_pika - database.py:215 - INFO - 第一次下载该漫画，记录数据库中
2026-10-09 02:56:23 - mkk_pika - main.py:83 - INFO - 找到 27 张图片在:第1話
2026-10-09 02:56:24 - mkk_pika - main.py:112 - INFO - [episode:第1話       ] downloaded:    27, total:  27, progress:100%
2026-10-09 02:56:24 - mkk_pika - database.py:238 - INFO - 数据库更新已下载章节
2026-10-09 02:56:24 - mkk_pika - database.py:244 - INFO - 该漫画已下载章节如下
2026-10-09 02:56:24 - mkk_pika - database.py:245 - INFO - ['第1話']
2026-10-09 02:56:25 - mkk_pika - main.py:348 - INFO - ==================== 漫画信息 ====================
                                   漫画ID：5d39d16320500f552a788b5b
                                   标题： (COMIC1☆15) 居酒屋こぎつね [全年龄]
                                   作者：Go!Go!King! (ミト)
                                   是否完结：是
                                   总页数：27
                                   分类：短篇,同人
                                   章节数：1
                                   最后更新时间：2019-07-25T15:57:23.553Z
                                   =================================================
2026-10-09 02:56:25 - mkk_pika - database.py:101 - INFO - 保存成功： (COMIC1☆15) 居酒屋こぎつね [全年龄]
2026-10-09 02:56:25 - mkk_pika - main.py:35 - INFO - 开始检查レーシングエンジェロイド是否存在未下载章节
2026-10-09 02:56:26 - mkk_pika - main.py:45 - INFO - 正在下载:[レーシングエンジェロイド]-[町田チェリーボーイズ (クロサワ)]-[['短篇', '同人']]-[total_pages:20]
2026-10-09 02:56:26 - mkk_pika - main.py:49 - INFO - [{'_id': '5d39d17464bdb155459dec7c', 'title': '第1話', 'order': 1, 'updated_at': '2019-07-25T13:49:03.380Z', 'id': '5d39d17464bdb155459dec7c'}]
2026-10-09 02:56:26 - mkk_pika - database.py:215 - INFO - 第一次下载该漫画，记录数据库中
2026-10-09 02:56:26 - mkk_pika - main.py:83 - INFO - 找到 20 张图片在:第1話
2026-10-09 02:56:27 - mkk_pika - main.py:112 - INFO - [episode:第1話       ] downloaded:    20, total:  20, progress:100%
2026-10-09 02:56:27 - mkk_pika - database.py:238 - INFO - 数据库更新已下载章节
2026-10-09 02:56:27 - mkk_pika - database.py:244 - INFO - 该漫画已下载章节如下
2026-10-09 02:56:27 - mkk_pika - database.py:245 - INFO - ['第1話']
2026-10-09 02:56:28 - mkk_pika - main.py:348 - INFO - ==================== 漫画信息 ====================
                                   漫画ID：5d39d17464bdb155459dec7b
                                   标题：レーシングエンジェロイド
                                   作者：町田チェリーボーイズ (クロサワ)
                                   是否完结：否
                                   总页数：20
                                   分类：短篇,同人
                                   章节数：1
                                   最后更新时间：2019-07-25T15:57:40.482Z
                                   =================================================
2026-10-09 02:56:28 - mkk_pika - database.py:101 - INFO - 保存成功：レーシングエンジェロイド
2026-10-09 02:56:28 - mkk_pika - main.py:35 - INFO - 开始检查 (COMIC1☆15)  楽園のおもちゃ箱 2時間目是否存在未下载章节
2026-10-09 02:56:29 - mkk_pika - main.py:45 - INFO - 正在下载:[ (COMIC1☆15)  楽園のおもちゃ箱 2時間目]-[ノラネコノタマ (雪野みなと)]-[['同人', '短篇']]-[total_pages:31]
2026-10-09 02:56:29 - mkk_pika - main.py:49 - INFO - [{'_id': '5d39d19364bdb155459dec93', 'title': '第1話', 'order': 1, 'updated_at': '2019-07-25T13:52:30.354Z', 'id': '5d39d19364bdb155459dec93'}]
2026-10-09 02:56:29 - mkk_pika - database.py:215 - INFO - 第一次下载该漫画，记录数据库中
2026-10-09 02:56:29 - mkk_pika - main.py:83 - INFO - 找到 31 张图片在:第1話
2026-10-09 02:56:30 - mkk_pika - main.py:112 - INFO - [episode:第1話       ] downloaded:    31, total:  31, progress:100%
2026-10-09 02:56:30 - mkk_pika - database.py:238 - INFO - 数据库更新已下载章节
2026-10-09 02:56:30 - mkk_pika - database.py:244 - INFO - 该漫画已下载章节如下
2026-10-09 02:56:30 - mkk_pika - database.py:245 - INFO - ['第1話']
2026-10-09 02:56:32 - mkk_pika - main.py:348 - INFO - ==================== 漫画信息 ====================
                                   漫画ID：5d39d19364bdb155459dec92
                                   标题： (COMIC1☆15)  楽園のおもちゃ箱 2時間目
                                   作者：ノラネコノタマ (雪野みなと)
                                   是否完结：是
                                   总页数：31
                                   分类：同人,短篇
                                   章节数：1
                                   最后更新时间：2019-07-25T15:58:11.183Z
                                   =================================================
2026-10-09 02:56:32 - mkk_pika - database.py:101 - INFO - 保存成功： (COMIC1☆15)  楽園のおもちゃ箱 2時間目
2026-10-09 02:56:32 - mkk_pika - main.py:35 - INFO - 开始检查タツマキちゃん (ワンパンマン) [中国翻訳]是否存在未下载章节
2026-10-09 02:56:32 - mkk_pika - main.py:45 - INFO - 正在下载:[タツマキちゃん (ワンパンマン) [中国翻訳]]-[モグダン]-[['同人', '短篇']]-[total_pages:46]
2026-10-09 02:56:32 - mkk_pika - main.py:49 - INFO - [{'_id': '5d39d1b42258c8552599da04', 'title': '第1話', 'order': 1, 'updated_at': '2019-07-25T14:15:34.510Z', 'id': '5d39d1b42258c8552599da04'}]
2026-10-09 02:56:32 - mkk_pika - database.py:215 - INFO - 第一次下载该漫画，记录数据库中
2026-10-09 02:56:33 - mkk_pika - main.py:83 - INFO - 找到 46 张图片在:第1話
2026-10-09 02:56:34 - mkk_pika - main.py:112 - INFO - [episode:第1話       ] downloaded:    46, total:  46, progress:100%
2026-10-09 02:56:34 - mkk_pika - database.py:238 - INFO - 数据库更新已下载章节
2026-10-09 02:56:34 - mkk_pika - database.py:244 - INFO - 该漫画已下载章节如下
2026-10-09 02:56:34 - mkk_pika - database.py:245 - INFO - ['第1話']
2026-10-09 02:56:36 - mkk_pika - main.py:348 - INFO - ==================== 漫画信息 ====================
                                   漫画ID：5d39d1b42258c8552599da03
                                   标题：タツマキちゃん (ワンパンマン) [中国翻訳]
                                   作者：モグダン
                                   是否完结：是
                                   总页数：46
                                   分类：同人,短篇
                                   章节数：1
                                   最后更新时间：2019-07-25T15:58:44.864Z
                                   =================================================
2026-10-09 02:56:36 - mkk_pika - database.py:101 - INFO - 保存成功：タツマキちゃん (ワンパンマン) [中国翻訳]
2026-10-09 02:56:36 - mkk_pika - main.py:35 - INFO - 开始检查(例大祭16)  続・犬のお姉ちゃん達の発情 (東方Project) [中国翻訳]是否存在未下载章节
2026-10-09 02:56:36 - mkk_pika - main.py:45 - INFO - 正在下载:[(例大祭16)  続・犬のお姉ちゃん達の発情 (東方Project) [中国翻訳]]-[何かの部屋 (平)]-[['短篇', '同人', '東方', '非人類']]-[total_pages:28]
2026-10-09 02:56:36 - mkk_pika - main.py:49 - INFO - [{'_id': '5d39d1d5cb4c5a55372f2346', 'title': '第1話', 'order': 1, 'updated_at': '2019-07-25T14:53:34.906Z', 'id': '5d39d1d5cb4c5a55372f2346'}]
2026-10-09 02:56:36 - mkk_pika - database.py:215 - INFO - 第一次下载该漫画，记录数据库中
2026-10-09 02:56:36 - mkk_pika - main.py:83 - INFO - 找到 28 张图片在:第1話
2026-10-09 02:56:37 - mkk_pika - main.py:112 - INFO - [episode:第1話       ] downloaded:    28, total:  28, progress:100%
2026-10-09 02:56:37 - mkk_pika - database.py:238 - INFO - 数据库更新已下载章节
2026-10-09 02:56:37 - mkk_pika - database.py:244 - INFO - 该漫画已下载章节如下
2026-10-09 02:56:37 - mkk_pika - database.py:245 - INFO - ['第1話']
2026-10-09 02:56:39 - mkk_pika - main.py:348 - INFO - ==================== 漫画信息 ====================
                                   漫画ID：5d39d1d5cb4c5a55372f2345
                                   标题：(例大祭16)  続・犬のお姉ちゃん達の発情 (東方Project) [中国翻訳]
                                   作者：何かの部屋 (平)
                                   是否完结：是
                                   总页数：28
                                   分类：短篇,同人,東方,非人類
                                   章节数：1
                                   最后更新时间：2019-07-25T15:59:17.749Z
                                   =================================================
2026-10-09 02:56:39 - mkk_pika - database.py:101 - INFO - 保存成功：(例大祭16)  続・犬のお姉ちゃん達の発情 (東方Project) [中国翻訳]
2026-10-09 02:56:39 - mkk_pika - main.py:35 - INFO - 开始检查pnce [中国翻訳]是否存在未下载章节
2026-10-09 02:56:39 - mkk_pika - main.py:45 - INFO - 正在下载:[pnce [中国翻訳]]-[ひちゃ]-[['短篇', '純愛', '百合花園']]-[total_pages:14]
2026-10-09 02:56:39 - mkk_pika - main.py:49 - INFO - [{'_id': '5d39d2132258c8552599da54', 'title': '第1話', 'order': 1, 'updated_at': '2019-07-25T14:57:52.689Z', 'id': '5d39d2132258c8552599da54'}]
2026-10-09 02:56:39 - mkk_pika - database.py:215 - INFO - 第一次下载该漫画，记录数据库中
2026-10-09 02:56:40 - mkk_pika - main.py:83 - INFO - 找到 14 张图片在:第1話
2026-10-09 02:56:40 - mkk_pika - main.py:112 - INFO - [episode:第1話       ] downloaded:    14, total:  14, progress:100%
2026-10-09 02:56:40 - mkk_pika - database.py:238 - INFO - 数据库更新已下载章节
2026-10-09 02:56:40 - mkk_pika - database.py:244 - INFO - 该漫画已下载章节如下
2026-10-09 02:56:40 - mkk_pika - database.py:245 - INFO - ['第1話']
2026-10-09 02:56:42 - mkk_pika - main.py:348 - INFO - ==================== 漫画信息 ====================
                                   漫画ID：5d39d2132258c8552599da53
                                   标题：pnce [中国翻訳]
                                   作者：ひちゃ
                                   是否完结：是
                                   总页数：14
                                   分类：短篇,純愛,百合花園
                                   章节数：1
                                   最后更新时间：2019-07-25T16:00:19.533Z
                                   =================================================
2026-10-09 02:56:42 - mkk_pika - database.py:101 - INFO - 保存成功：pnce [中国翻訳]
2026-10-09 02:56:42 - mkk_pika - main.py:35 - INFO - 开始检查(C76) 黒色時間 (けいおん！) [中国翻訳]是否存在未下载章节
2026-10-09 02:56:42 - mkk_pika - main.py:45 - INFO - 正在下载:[(C76) 黒色時間 (けいおん！) [中国翻訳]]-[白液書房 (A輝廃都)]-[['短篇', '同人']]-[total_pages:78]
2026-10-09 02:56:42 - mkk_pika - main.py:49 - INFO - [{'_id': '5cfa779b9732602889ecf54c', 'title': '第1集', 'order': 1, 'updated_at': '2019-06-07T13:40:59.826Z', 'id': '5cfa779b9732602889ecf54c'}, {'_id': '5d20e564a6fcef4c68750958', 'title': '第2集', 'order': 2, 'updated_at': '2019-07-06T13:12:06.070Z', 'id': '5d20e564a6fcef4c68750958'}, {'_id': '5d39d22ccb4c5a55372f26ac', 'title': '第3話', 'order': 3, 'updated_at': '2019-07-25T15:01:53.469Z', 'id': '5d39d22ccb4c5a55372f26ac'}]
2026-10-09 02:56:42 - mkk_pika - database.py:215 - INFO - 第一次下载该漫画，记录数据库中
2026-10-09 02:56:42 - mkk_pika - main.py:83 - INFO - 找到 26 张图片在:第1集
2026-10-09 02:56:43 - mkk_pika - main.py:112 - INFO - [episode:第1集       ] downloaded:    26, total:  26, progress:100%
2026-10-09 02:56:43 - mkk_pika - database.py:238 - INFO - 数据库更新已下载章节
2026-10-09 02:56:43 - mkk_pika - database.py:244 - INFO - 该漫画已下载章节如下
2026-10-09 02:56:43 - mkk_pika - database.py:245 - INFO - ['第1集']
2026-10-09 02:56:45 - mkk_pika - main.py:83 - INFO - 找到 30 张图片在:第2集
2026-10-09 02:56:46 - mkk_pika - main.py:112 - INFO - [episode:第2集       ] downloaded:    30, total:  30, progress:100%
2026-10-09 02:56:46 - mkk_pika - database.py:238 - INFO - 数据库更新已下载章节
2026-10-09 02:56:46 - mkk_pika - database.py:244 - INFO - 该漫画已下载章节如下
2026-10-09 02:56:46 - mkk_pika - database.py:245 - INFO - ['第1集', '第2集']
2026-10-09 02:56:47 - mkk_pika - main.py:83 - INFO - 找到 22 张图片在:第3話
2026-10-09 02:56:48 - mkk_pika - main.py:112 - INFO - [episode:第3話       ] downloaded:    22, total:  22, progress:100%
2026-10-09 02:56:48 - mkk_pika - database.py:238 - INFO - 数据库更新已下载章节
2026-10-09 02:56:48 - mkk_pika - database.py:244 - INFO - 该漫画已下载章节如下
2026-10-09 02:56:48 - mkk_pika - database.py:245 - INFO - ['第1集', '第2集', '第3話']
2026-10-09 02:56:49 - mkk_pika - main.py:348 - INFO - ==================== 漫画信息 ====================
                                   漫画ID：5cfa779b9732602889ecf54b
                                   标题：(C76) 黒色時間 (けいおん！) [中国翻訳]
                                   作者：白液書房 (A輝廃都)
                                   是否完结：是
                                   总页数：78
                                   分类：短篇,同人
                                   章节数：3
                                   最后更新时间：2019-07-25T16:00:44.484Z
                                   =================================================
2026-10-09 02:56:49 - mkk_pika - database.py:101 - INFO - 保存成功：(C76) 黒色時間 (けいおん！) [中国翻訳]
2026-10-09 02:56:49 - mkk_pika - main.py:35 - INFO - 开始检查(例大祭9) MOMI LOVE STAMPEDE (東方Project) [中国翻訳]是否存在未下载章节
2026-10-09 02:56:50 - mkk_pika - main.py:45 - INFO - 正在下载:[(例大祭9) MOMI LOVE STAMPEDE (東方Project) [中国翻訳]]-[成宮 (鳴海也)]-[['短篇', '同人', '東方']]-[total_pages:32]
2026-10-09 02:56:50 - mkk_pika - main.py:49 - INFO - [{'_id': '5d39d23f20500f552a788bce', 'title': '第1話', 'order': 1, 'updated_at': '2019-07-25T15:20:26.578Z', 'id': '5d39d23f20500f552a788bce'}]
2026-10-09 02:56:50 - mkk_pika - database.py:215 - INFO - 第一次下载该漫画，记录数据库中
2026-10-09 02:56:50 - mkk_pika - main.py:83 - INFO - 找到 32 张图片在:第1話
2026-10-09 02:56:51 - mkk_pika - main.py:112 - INFO - [episode:第1話       ] downloaded:    32, total:  32, progress:100%
2026-10-09 02:56:51 - mkk_pika - database.py:238 - INFO - 数据库更新已下载章节
2026-10-09 02:56:51 - mkk_pika - database.py:244 - INFO - 该漫画已下载章节如下
2026-10-09 02:56:51 - mkk_pika - database.py:245 - INFO - ['第1話']
2026-10-09 02:56:52 - mkk_pika - main.py:348 - INFO - ==================== 漫画信息 ====================
                                   漫画ID：5d39d23f20500f552a788bcd
                                   标题：(例大祭9) MOMI LOVE STAMPEDE (東方Project) [中国翻訳]
                                   作者：成宮 (鳴海也)
                                   是否完结：是
                                   总页数：32
                                   分类：短篇,同人,東方
                                   章节数：1
                                   最后更新时间：2019-07-25T16:01:03.555Z
                                   =================================================
2026-10-09 02:56:52 - mkk_pika - database.py:101 - INFO - 保存成功：(例大祭9) MOMI LOVE STAMPEDE (東方Project) [中国翻訳]
2026-10-09 02:56:52 - mkk_pika - main.py:35 - INFO - 开始检查 FUTANA【RE】BELLION是否存在未下载章节
2026-10-09 02:56:53 - mkk_pika - main.py:45 - INFO - 正在下载:[ FUTANA【RE】BELLION]-[冥土黄泉]-[['長篇', '扶他樂園', '強暴']]-[total_pages:29]
2026-10-09 02:56:53 - mkk_pika - main.py:49 - INFO - [{'_id': '5d39d25764bdb155459df17c', 'title': '第1話', 'order': 1, 'updated_at': '2019-07-25T15:37:41.713Z', 'id': '5d39d25764bdb155459df17c'}]
2026-10-09 02:56:53 - mkk_pika - database.py:215 - INFO - 第一次下载该漫画，记录数据库中
2026-10-09 02:56:53 - mkk_pika - main.py:83 - INFO - 找到 29 张图片在:第1話
2026-10-09 02:56:54 - mkk_pika - main.py:112 - INFO - [episode:第1話       ] downloaded:    29, total:  29, progress:100%
2026-10-09 02:56:54 - mkk_pika - database.py:238 - INFO - 数据库更新已下载章节
2026-10-09 02:56:54 - mkk_pika - database.py:244 - INFO - 该漫画已下载章节如下
2026-10-09 02:56:54 - mkk_pika - database.py:245 - INFO - ['第1話']
2026-10-09 02:56:55 - mkk_pika - main.py:348 - INFO - ==================== 漫画信息 ====================
                                   漫画ID：5d39d25764bdb155459df17b
                                   标题： FUTANA【RE】BELLION
                                   作者：冥土黄泉
                                   是否完结：是
                                   总页数：29
                                   分类：長篇,扶他樂園,強暴
                                   章节数：1
                                   最后更新时间：2019-07-25T16:01:27.103Z
                                   =================================================
2026-10-09 02:56:55 - mkk_pika - database.py:101 - INFO - 保存成功： FUTANA【RE】BELLION
2026-10-09 02:56:55 - mkk_pika - main.py:35 - INFO - 开始检查真夏のセツナ (ダーリン・イン・ザ・フランキス)是否存在未下载章节
2026-10-09 02:56:56 - mkk_pika - main.py:45 - INFO - 正在下载:[真夏のセツナ (ダーリン・イン・ザ・フランキス)]-[hr津]-[['同人', '短篇', '全彩']]-[total_pages:5]
2026-10-09 02:56:56 - mkk_pika - main.py:49 - INFO - [{'_id': '5d39d26c2258c8552599da6e', 'title': '第1話', 'order': 1, 'updated_at': '2019-07-25T15:48:49.643Z', 'id': '5d39d26c2258c8552599da6e'}]
2026-10-09 02:56:56 - mkk_pika - database.py:215 - INFO - 第一次下载该漫画，记录数据库中
2026-10-09 02:56:56 - mkk_pika - main.py:83 - INFO - 找到 5 张图片在:第1話
2026-10-09 02:56:56 - mkk_pika - main.py:112 - INFO - [episode:第1話       ] downloaded:     5, total:   5, progress:100%
2026-10-09 02:56:56 - mkk_pika - database.py:238 - INFO - 数据库更新已下载章节
2026-10-09 02:56:56 - mkk_pika - database.py:244 - INFO - 该漫画已下载章节如下
2026-10-09 02:56:56 - mkk_pika - database.py:245 - INFO - ['第1話']
2026-10-09 02:56:58 - mkk_pika - main.py:348 - INFO - ==================== 漫画信息 ====================
                                   漫画ID：5d39d26c2258c8552599da6d
                                   标题：真夏のセツナ (ダーリン・イン・ザ・フランキス)
                                   作者：hr津
                                   是否完结：是
                                   总页数：5
                                   分类：同人,短篇,全彩
                                   章节数：1
                                   最后更新时间：2019-07-25T16:01:48.722Z
                                   =================================================
2026-10-09 02:56:58 - mkk_pika - database.py:101 - INFO - 保存成功：真夏のセツナ (ダーリン・イン・ザ・フランキス)
2026-10-09 02:56:58 - mkk_pika - main.py:35 - INFO - 开始检查奏さん、夜這いしてもよろしいですか (アイドルマスター シンデレラガールズ)是否存在未下载章节
2026-10-09 02:56:58 - mkk_pika - main.py:45 - INFO - 正在下载:[奏さん、夜這いしてもよろしいですか (アイドルマスター シンデレラガールズ)]-[ツキノウラガワ (ろみ)]-[['短篇', '百合花園']]-[total_pages:22]
2026-10-09 02:56:58 - mkk_pika - main.py:49 - INFO - [{'_id': '5d3b1b3620500f552a7892ef', 'title': '第1話', 'order': 1, 'updated_at': '2019-07-25T17:47:34.848Z', 'id': '5d3b1b3620500f552a7892ef'}]
2026-10-09 02:56:58 - mkk_pika - database.py:215 - INFO - 第一次下载该漫画，记录数据库中
2026-10-09 02:56:59 - mkk_pika - main.py:83 - INFO - 找到 22 张图片在:第1話
2026-10-09 02:57:00 - mkk_pika - main.py:112 - INFO - [episode:第1話       ] downloaded:    22, total:  22, progress:100%
2026-10-09 02:57:00 - mkk_pika - database.py:238 - INFO - 数据库更新已下载章节
2026-10-09 02:57:00 - mkk_pika - database.py:244 - INFO - 该漫画已下载章节如下
2026-10-09 02:57:00 - mkk_pika - database.py:245 - INFO - ['第1話']
2026-10-09 02:57:01 - mkk_pika - main.py:348 - INFO - ==================== 漫画信息 ====================
                                   漫画ID：5d3b1b3620500f552a7892ee
                                   标题：奏さん、夜這いしてもよろしいですか (アイドルマスター シンデレラガールズ)
                                   作者：ツキノウラガワ (ろみ)
                                   是否完结：是
                                   总页数：22
                                   分类：短篇,百合花園
                                   章节数：1
                                   最后更新时间：2019-07-26T15:24:38.134Z
                                   =================================================
2026-10-09 02:57:01 - mkk_pika - database.py:101 - INFO - 保存成功：奏さん、夜這いしてもよろしいですか (アイドルマスター シンデレラガールズ)
2026-10-09 02:57:01 - mkk_pika - main.py:35 - INFO - 开始检查 聖騎士長レオン [DL版] [中国翻訳]是否存在未下载章节
2026-10-09 02:57:01 - mkk_pika - main.py:45 - INFO - 正在下载:[ 聖騎士長レオン [DL版] [中国翻訳]]-[あむぁいおかし製作所 (孝至)]-[['短篇', '扶他樂園', '性轉換', '非人類']]-[total_pages:43]
2026-10-09 02:57:01 - mkk_pika - main.py:49 - INFO - [{'_id': '5d3b1b4ecb4c5a55372f2faa', 'title': '第1話', 'order': 1, 'updated_at': '2019-07-25T18:34:41.193Z', 'id': '5d3b1b4ecb4c5a55372f2faa'}]
2026-10-09 02:57:01 - mkk_pika - database.py:215 - INFO - 第一次下载该漫画，记录数据库中
2026-10-09 02:57:02 - mkk_pika - main.py:83 - INFO - 找到 43 张图片在:第1話
2026-10-09 02:57:03 - mkk_pika - main.py:112 - INFO - [episode:第1話       ] downloaded:    43, total:  43, progress:100%
2026-10-09 02:57:03 - mkk_pika - database.py:238 - INFO - 数据库更新已下载章节
2026-10-09 02:57:03 - mkk_pika - database.py:244 - INFO - 该漫画已下载章节如下
2026-10-09 02:57:03 - mkk_pika - database.py:245 - INFO - ['第1話']
2026-10-09 02:57:05 - mkk_pika - main.py:348 - INFO - ==================== 漫画信息 ====================
                                   漫画ID：5d3b1b4ecb4c5a55372f2fa9
                                   标题： 聖騎士長レオン [DL版] [中国翻訳]
                                   作者：あむぁいおかし製作所 (孝至)
                                   是否完结：是
                                   总页数：43
                                   分类：短篇,扶他樂園,性轉換,非人類
                                   章节数：1
                                   最后更新时间：2019-07-26T15:25:02.883Z
                                   =================================================
2026-10-09 02:57:05 - mkk_pika - database.py:101 - INFO - 保存成功： 聖騎士長レオン [DL版] [中国翻訳]
2026-10-09 02:57:05 - mkk_pika - main.py:35 - INFO - 开始检查(C92)  バニーなクリスちゃんのぶっかけミルクPARTY (戦姫絶唱シンフォギア) [中国翻訳]是否存在未下载章节
2026-10-09 02:57:05 - mkk_pika - main.py:45 - INFO - 正在下载:[(C92)  バニーなクリスちゃんのぶっかけミルクPARTY (戦姫絶唱シンフォギア) [中国翻訳]]-[寒天示現流 (寒天)]-[['同人', '短篇']]-[total_pages:26]
2026-10-09 02:57:05 - mkk_pika - main.py:49 - INFO - [{'_id': '5d3b1d7bcb4c5a55372f3006', 'title': '第1話', 'order': 1, 'updated_at': '2019-07-26T06:29:56.135Z', 'id': '5d3b1d7bcb4c5a55372f3006'}]
2026-10-09 02:57:05 - mkk_pika - database.py:215 - INFO - 第一次下载该漫画，记录数据库中
2026-10-09 02:57:05 - mkk_pika - main.py:83 - INFO - 找到 26 张图片在:第1話
2026-10-09 02:57:06 - mkk_pika - main.py:112 - INFO - [episode:第1話       ] downloaded:    26, total:  26, progress:100%
2026-10-09 02:57:06 - mkk_pika - database.py:238 - INFO - 数据库更新已下载章节
2026-10-09 02:57:06 - mkk_pika - database.py:244 - INFO - 该漫画已下载章节如下
2026-10-09 02:57:06 - mkk_pika - database.py:245 - INFO - ['第1話']
2026-10-09 02:57:08 - mkk_pika - main.py:348 - INFO - ==================== 漫画信息 ====================
                                   漫画ID：5d3b1d7bcb4c5a55372f3005
                                   标题：(C92)  バニーなクリスちゃんのぶっかけミルクPARTY (戦姫絶唱シンフォギア) [中国翻訳]
                                   作者：寒天示現流 (寒天)
                                   是否完结：是
                                   总页数：26
                                   分类：同人,短篇
                                   章节数：1
                                   最后更新时间：2019-07-26T15:34:19.315Z
                                   =================================================
2026-10-09 02:57:08 - mkk_pika - database.py:101 - INFO - 保存成功：(C92)  バニーなクリスちゃんのぶっかけミルクPARTY (戦姫絶唱シンフォギア) [中国翻訳]
2026-10-09 02:57:08 - mkk_pika - main.py:35 - INFO - 开始检查 先生、 (COMIC BAVEL 2016年12月号) [中国翻訳] [DL版]是否存在未下载章节
2026-10-09 02:57:08 - mkk_pika - main.py:45 - INFO - 正在下载:[ 先生、 (COMIC BAVEL 2016年12月号) [中国翻訳] [DL版]]-[関谷あさみ]-[['短篇']]-[total_pages:26]
2026-10-09 02:57:08 - mkk_pika - main.py:49 - INFO - [{'_id': '5d3b1e34cb4c5a55372f3033', 'title': '第1話', 'order': 1, 'updated_at': '2019-07-26T07:03:45.605Z', 'id': '5d3b1e34cb4c5a55372f3033'}]
2026-10-09 02:57:08 - mkk_pika - database.py:215 - INFO - 第一次下载该漫画，记录数据库中
2026-10-09 02:57:09 - mkk_pika - main.py:83 - INFO - 找到 26 张图片在:第1話
2026-10-09 02:57:09 - mkk_pika - main.py:112 - INFO - [episode:第1話       ] downloaded:    26, total:  26, progress:100%
2026-10-09 02:57:09 - mkk_pika - database.py:238 - INFO - 数据库更新已下载章节
2026-10-09 02:57:09 - mkk_pika - database.py:244 - INFO - 该漫画已下载章节如下
2026-10-09 02:57:09 - mkk_pika - database.py:245 - INFO - ['第1話']
2026-10-09 02:57:11 - mkk_pika - main.py:348 - INFO - ==================== 漫画信息 ====================
                                   漫画ID：5d3b1e34cb4c5a55372f3032
                                   标题： 先生、 (COMIC BAVEL 2016年12月号) [中国翻訳] [DL版]
                                   作者：関谷あさみ
                                   是否完结：是
                                   总页数：26
                                   分类：短篇
                                   章节数：1
                                   最后更新时间：2019-07-26T15:37:24.484Z
                                   =================================================
2026-10-09 02:57:11 - mkk_pika - database.py:101 - INFO - 保存成功： 先生、 (COMIC BAVEL 2016年12月号) [中国翻訳] [DL版]
2026-10-09 02:57:11 - mkk_pika - main.py:35 - INFO - 开始检查(C88)  ラブいちゃ忍道 (NARUTO -ナルト-) [中国翻訳]是否存在未下载章节
2026-10-09 02:57:11 - mkk_pika - main.py:45 - INFO - 正在下载:[(C88)  ラブいちゃ忍道 (NARUTO -ナルト-) [中国翻訳]]-[クロノ・メール (刻江尋人)]-[['短篇', '同人']]-[total_pages:26]
2026-10-09 02:57:11 - mkk_pika - main.py:49 - INFO - [{'_id': '5d3b1e922258c8552599e986', 'title': '第1話', 'order': 1, 'updated_at': '2019-07-26T07:19:25.983Z', 'id': '5d3b1e922258c8552599e986'}]
2026-10-09 02:57:11 - mkk_pika - database.py:215 - INFO - 第一次下载该漫画，记录数据库中
2026-10-09 02:57:11 - mkk_pika - main.py:83 - INFO - 找到 26 张图片在:第1話
2026-10-09 02:57:12 - mkk_pika - main.py:112 - INFO - [episode:第1話       ] downloaded:    26, total:  26, progress:100%
2026-10-09 02:57:12 - mkk_pika - database.py:238 - INFO - 数据库更新已下载章节
2026-10-09 02:57:12 - mkk_pika - database.py:244 - INFO - 该漫画已下载章节如下
2026-10-09 02:57:12 - mkk_pika - database.py:245 - INFO - ['第1話']
2026-10-09 02:57:13 - mkk_pika - main.py:348 - INFO - ==================== 漫画信息 ====================
                                   漫画ID：5d3b1e922258c8552599e985
                                   标题：(C88)  ラブいちゃ忍道 (NARUTO -ナルト-) [中国翻訳]
                                   作者：クロノ・メール (刻江尋人)
                                   是否完结：是
                                   总页数：26
                                   分类：短篇,同人
                                   章节数：1
                                   最后更新时间：2019-07-26T15:38:58.673Z
                                   =================================================
2026-10-09 02:57:13 - mkk_pika - database.py:101 - INFO - 保存成功：(C88)  ラブいちゃ忍道 (NARUTO -ナルト-) [中国翻訳]
2026-10-09 02:57:13 - mkk_pika - main.py:35 - INFO - 开始检查 隙間妖怪拉致監禁 (東方Project) [中国翻訳] [DL版]是否存在未下载章节
2026-10-09 02:57:14 - mkk_pika - main.py:45 - INFO - 正在下载:[ 隙間妖怪拉致監禁 (東方Project) [中国翻訳] [DL版]]-[ちんちん亭 (chin)]-[['短篇', '同人', '強暴', '東方']]-[total_pages:15]
2026-10-09 02:57:14 - mkk_pika - main.py:49 - INFO - [{'_id': '5d3b1ebfcb4c5a55372f3055', 'title': '第1話', 'order': 1, 'updated_at': '2019-07-26T07:26:39.235Z', 'id': '5d3b1ebfcb4c5a55372f3055'}]
2026-10-09 02:57:14 - mkk_pika - database.py:215 - INFO - 第一次下载该漫画，记录数据库中
2026-10-09 02:57:14 - mkk_pika - main.py:83 - INFO - 找到 15 张图片在:第1話
2026-10-09 02:57:15 - mkk_pika - main.py:112 - INFO - [episode:第1話       ] downloaded:    15, total:  15, progress:100%
2026-10-09 02:57:15 - mkk_pika - database.py:238 - INFO - 数据库更新已下载章节
2026-10-09 02:57:15 - mkk_pika - database.py:244 - INFO - 该漫画已下载章节如下
2026-10-09 02:57:15 - mkk_pika - database.py:245 - INFO - ['第1話']
2026-10-09 02:57:16 - mkk_pika - main.py:348 - INFO - ==================== 漫画信息 ====================
                                   漫画ID：5d3b1ebfcb4c5a55372f3054
                                   标题： 隙間妖怪拉致監禁 (東方Project) [中国翻訳] [DL版]
                                   作者：ちんちん亭 (chin)
                                   是否完结：是
                                   总页数：15
                                   分类：短篇,同人,強暴,東方
                                   章节数：1
                                   最后更新时间：2019-07-26T15:39:43.275Z
                                   =================================================
2026-10-09 02:57:16 - mkk_pika - database.py:101 - INFO - 保存成功： 隙間妖怪拉致監禁 (東方Project) [中国翻訳] [DL版]
2026-10-09 02:57:16 - mkk_pika - main.py:35 - INFO - 开始检查(C92)  君と僕だけの甘い時間 (グランブルーファンタジー) [中国翻訳]是否存在未下载章节
2026-10-09 02:57:16 - mkk_pika - main.py:45 - INFO - 正在下载:[(C92)  君と僕だけの甘い時間 (グランブルーファンタジー) [中国翻訳]]-[蜂蜜ロマンス (榎ゆきみ)]-[['短篇', '同人', '碧藍幻想']]-[total_pages:35]
2026-10-09 02:57:16 - mkk_pika - main.py:49 - INFO - [{'_id': '5d3b1ed220500f552a789357', 'title': '第1話', 'order': 1, 'updated_at': '2019-07-26T07:35:10.570Z', 'id': '5d3b1ed220500f552a789357'}]
2026-10-09 02:57:16 - mkk_pika - database.py:215 - INFO - 第一次下载该漫画，记录数据库中
2026-10-09 02:57:17 - mkk_pika - main.py:83 - INFO - 找到 35 张图片在:第1話
2026-10-09 02:57:18 - mkk_pika - main.py:112 - INFO - [episode:第1話       ] downloaded:    35, total:  35, progress:100%
2026-10-09 02:57:18 - mkk_pika - database.py:238 - INFO - 数据库更新已下载章节
2026-10-09 02:57:18 - mkk_pika - database.py:244 - INFO - 该漫画已下载章节如下
2026-10-09 02:57:18 - mkk_pika - database.py:245 - INFO - ['第1話']
2026-10-09 02:57:19 - mkk_pika - main.py:348 - INFO - ==================== 漫画信息 ====================
                                   漫画ID：5d3b1ed220500f552a789356
                                   标题：(C92)  君と僕だけの甘い時間 (グランブルーファンタジー) [中国翻訳]
                                   作者：蜂蜜ロマンス (榎ゆきみ)
                                   是否完结：是
                                   总页数：35
                                   分类：短篇,同人,碧藍幻想
                                   章节数：1
                                   最后更新时间：2019-07-26T15:40:02.402Z
                                   =================================================
2026-10-09 02:57:19 - mkk_pika - database.py:101 - INFO - 保存成功：(C92)  君と僕だけの甘い時間 (グランブルーファンタジー) [中国翻訳]
2026-10-09 02:57:19 - mkk_pika - main.py:35 - INFO - 开始检查ドランクとスツルム殿がおねショタックスする本 (グランブルーファンタジー) [中国翻訳] [DL版]是否存在未下载章节
2026-10-09 02:57:20 - mkk_pika - main.py:45 - INFO - 正在下载:[ドランクとスツルム殿がおねショタックスする本 (グランブルーファンタジー) [中国翻訳] [DL版]]-[蜂蜜ロマンス (榎ゆきみ)]-[['短篇', '同人', '碧藍幻想']]-[total_pages:29]
2026-10-09 02:57:20 - mkk_pika - main.py:49 - INFO - [{'_id': '5d3b1ee12258c8552599e9a4', 'title': '第1話', 'order': 1, 'updated_at': '2019-07-26T07:45:12.926Z', 'id': '5d3b1ee12258c8552599e9a4'}]
2026-10-09 02:57:20 - mkk_pika - database.py:215 - INFO - 第一次下载该漫画，记录数据库中
2026-10-09 02:57:20 - mkk_pika - main.py:83 - INFO - 找到 29 张图片在:第1話
2026-10-09 02:57:21 - mkk_pika - main.py:112 - INFO - [episode:第1話       ] downloaded:    29, total:  29, progress:100%
2026-10-09 02:57:21 - mkk_pika - database.py:238 - INFO - 数据库更新已下载章节
2026-10-09 02:57:21 - mkk_pika - database.py:244 - INFO - 该漫画已下载章节如下
2026-10-09 02:57:21 - mkk_pika - database.py:245 - INFO - ['第1話']
2026-10-09 02:57:23 - mkk_pika - main.py:348 - INFO - ==================== 漫画信息 ====================
                                   漫画ID：5d3b1ee12258c8552599e9a3
                                   标题：ドランクとスツルム殿がおねショタックスする本 (グランブルーファンタジー) [中国翻訳] [DL版]
                                   作者：蜂蜜ロマンス (榎ゆきみ)
                                   是否完结：是
                                   总页数：29
                                   分类：短篇,同人,碧藍幻想
                                   章节数：1
                                   最后更新时间：2019-07-26T15:40:17.909Z
                                   =================================================
2026-10-09 02:57:23 - mkk_pika - database.py:101 - INFO - 保存成功：ドランクとスツルム殿がおねショタックスする本 (グランブルーファンタジー) [中国翻訳] [DL版]
2026-10-09 02:57:23 - mkk_pika - main.py:35 - INFO - 开始检查元気になあれ！ (コミックアンリアル 2019年6月号 Vol.79) [中国翻訳] [DL版]是否存在未下载章节
2026-10-09 02:57:23 - mkk_pika - main.py:45 - INFO - 正在下载:[元気になあれ！ (コミックアンリアル 2019年6月号 Vol.79) [中国翻訳] [DL版]]-[ぎヴちょこ]-[['短篇', '全彩']]-[total_pages:10]
2026-10-09 02:57:23 - mkk_pika - main.py:49 - INFO - [{'_id': '5d3b1faf2258c8552599f048', 'title': '第1話', 'order': 1, 'updated_at': '2019-07-26T09:51:20.286Z', 'id': '5d3b1faf2258c8552599f048'}]
2026-10-09 02:57:23 - mkk_pika - database.py:215 - INFO - 第一次下载该漫画，记录数据库中
2026-10-09 02:57:24 - mkk_pika - main.py:83 - INFO - 找到 10 张图片在:第1話
2026-10-09 02:57:24 - mkk_pika - main.py:112 - INFO - [episode:第1話       ] downloaded:    10, total:  10, progress:100%
2026-10-09 02:57:24 - mkk_pika - database.py:238 - INFO - 数据库更新已下载章节
2026-10-09 02:57:24 - mkk_pika - database.py:244 - INFO - 该漫画已下载章节如下
2026-10-09 02:57:24 - mkk_pika - database.py:245 - INFO - ['第1話']
2026-10-09 02:57:25 - mkk_pika - main.py:348 - INFO - ==================== 漫画信息 ====================
                                   漫画ID：5d3b1faf2258c8552599f047
                                   标题：元気になあれ！ (コミックアンリアル 2019年6月号 Vol.79) [中国翻訳] [DL版]
                                   作者：ぎヴちょこ
                                   是否完结：是
                                   总页数：10
                                   分类：短篇,全彩
                                   章节数：1
                                   最后更新时间：2019-07-26T15:43:43.146Z
                                   =================================================
2026-10-09 02:57:25 - mkk_pika - database.py:101 - INFO - 保存成功：元気になあれ！ (コミックアンリアル 2019年6月号 Vol.79) [中国翻訳] [DL版]
2026-10-09 02:57:25 - mkk_pika - main.py:35 - INFO - 开始检查人妻X女中学生  我的青梅竹馬盯上了我的媽媽 合集是否存在未下载章节
2026-10-09 02:57:25 - mkk_pika - main.py:45 - INFO - 正在下载:[人妻X女中学生  我的青梅竹馬盯上了我的媽媽 合集]-[Rosebud(irua)]-[['短篇', '百合花園', '同人']]-[total_pages:184]
2026-10-09 02:57:25 - mkk_pika - main.py:49 - INFO - [{'_id': '5d3b1fb520500f552a789497', 'title': '第1話 青梅竹馬x媽媽', 'order': 1, 'updated_at': '2019-07-26T10:01:56.484Z', 'id': '5d3b1fb520500f552a789497'}, {'_id': '5d3b1fb520500f552a789498', 'title': '第2話 熱病', 'order': 2, 'updated_at': '2019-07-26T10:05:27.791Z', 'id': '5d3b1fb520500f552a789498'}, {'_id': '5d3b1fb520500f552a789499', 'title': '第3話 沉默', 'order': 3, 'updated_at': '2019-07-26T10:13:02.512Z', 'id': '5d3b1fb520500f552a789499'}, {'_id': '5d39d029cb4c5a55372f22a3', 'title': '第4話 川劇', 'order': 4, 'updated_at': '2019-07-26T15:43:49.700Z', 'id': '5d39d029cb4c5a55372f22a3'}]
2026-10-09 02:57:25 - mkk_pika - database.py:215 - INFO - 第一次下载该漫画，记录数据库中
2026-10-09 02:57:26 - mkk_pika - main.py:83 - INFO - 找到 35 张图片在:第1話青梅竹馬x媽媽
2026-10-09 02:57:27 - mkk_pika - main.py:112 - INFO - [episode:第1話 青梅竹馬x媽媽] downloaded:    35, total:  35, progress:100%
2026-10-09 02:57:27 - mkk_pika - database.py:238 - INFO - 数据库更新已下载章节
2026-10-09 02:57:27 - mkk_pika - database.py:244 - INFO - 该漫画已下载章节如下
2026-10-09 02:57:27 - mkk_pika - database.py:245 - INFO - ['第1話 青梅竹馬x媽媽']
2026-10-09 02:57:29 - mkk_pika - main.py:83 - INFO - 找到 59 张图片在:第2話熱病
2026-10-09 02:57:30 - mkk_pika - main.py:112 - INFO - [episode:第2話 熱病    ] downloaded:    59, total:  59, progress:100%
2026-10-09 02:57:30 - mkk_pika - database.py:238 - INFO - 数据库更新已下载章节
2026-10-09 02:57:30 - mkk_pika - database.py:244 - INFO - 该漫画已下载章节如下
2026-10-09 02:57:30 - mkk_pika - database.py:245 - INFO - ['第1話 青梅竹馬x媽媽', '第2話 熱病']
2026-10-09 02:57:32 - mkk_pika - main.py:83 - INFO - 找到 58 张图片在:第3話沉默
2026-10-09 02:57:34 - mkk_pika - main.py:112 - INFO - [episode:第3話 沉默    ] downloaded:    58, total:  58, progress:100%
2026-10-09 02:57:34 - mkk_pika - database.py:238 - INFO - 数据库更新已下载章节
2026-10-09 02:57:34 - mkk_pika - database.py:244 - INFO - 该漫画已下载章节如下
2026-10-09 02:57:34 - mkk_pika - database.py:245 - INFO - ['第1話 青梅竹馬x媽媽', '第2話 熱病', '第3話 沉默']
2026-10-09 02:57:36 - mkk_pika - main.py:83 - INFO - 找到 41 张图片在:第4話川劇
2026-10-09 02:57:37 - mkk_pika - main.py:112 - INFO - [episode:第4話 川劇    ] downloaded:    41, total:  41, progress:100%
2026-10-09 02:57:37 - mkk_pika - database.py:238 - INFO - 数据库更新已下载章节
2026-10-09 02:57:37 - mkk_pika - database.py:244 - INFO - 该漫画已下载章节如下
2026-10-09 02:57:37 - mkk_pika - database.py:245 - INFO - ['第1話 青梅竹馬x媽媽', '第2話 熱病', '第3話 沉默', '第4話 川劇']
2026-10-09 02:57:38 - mkk_pika - main.py:348 - INFO - ==================== 漫画信息 ====================
                                   漫画ID：5d39d029cb4c5a55372f22a2
                                   标题：人妻X女中学生  我的青梅竹馬盯上了我的媽媽 合集
                                   作者：Rosebud(irua)
                                   是否完结：否
                                   总页数：184
                                   分类：短篇,百合花園,同人
                                   章节数：4
                                   最后更新时间：2019-07-26T15:43:49.691Z
                                   =================================================
2026-10-09 02:57:38 - mkk_pika - database.py:101 - INFO - 保存成功：人妻X女中学生  我的青梅竹馬盯上了我的媽媽 合集
2026-10-09 02:57:38 - mkk_pika - main.py:35 - INFO - 开始检查ヒロゼロ衣装チェンジ漫画 (ダーリン・イン・ザ・フランキス)是否存在未下载章节
2026-10-09 02:57:38 - mkk_pika - main.py:45 - INFO - 正在下载:[ヒロゼロ衣装チェンジ漫画 (ダーリン・イン・ザ・フランキス)]-[hr津]-[['同人', '短篇', '全彩']]-[total_pages:5]
2026-10-09 02:57:38 - mkk_pika - main.py:49 - INFO - [{'_id': '5d3b1fec64bdb155459df68a', 'title': '第1話', 'order': 1, 'updated_at': '2019-07-26T11:25:36.207Z', 'id': '5d3b1fec64bdb155459df68a'}]
2026-10-09 02:57:38 - mkk_pika - database.py:215 - INFO - 第一次下载该漫画，记录数据库中
2026-10-09 02:57:39 - mkk_pika - main.py:83 - INFO - 找到 5 张图片在:第1話
2026-10-09 02:57:39 - mkk_pika - main.py:112 - INFO - [episode:第1話       ] downloaded:     5, total:   5, progress:100%
2026-10-09 02:57:39 - mkk_pika - database.py:238 - INFO - 数据库更新已下载章节
2026-10-09 02:57:39 - mkk_pika - database.py:244 - INFO - 该漫画已下载章节如下
2026-10-09 02:57:39 - mkk_pika - database.py:245 - INFO - ['第1話']
2026-10-09 02:57:40 - mkk_pika - main.py:348 - INFO - ==================== 漫画信息 ====================
                                   漫画ID：5d3b1fec64bdb155459df689
                                   标题：ヒロゼロ衣装チェンジ漫画 (ダーリン・イン・ザ・フランキス)
                                   作者：hr津
                                   是否完结：是
                                   总页数：5
                                   分类：同人,短篇,全彩
                                   章节数：1
                                   最后更新时间：2019-07-26T15:44:44.915Z
                                   =================================================
2026-10-09 02:57:40 - mkk_pika - database.py:101 - INFO - 保存成功：ヒロゼロ衣装チェンジ漫画 (ダーリン・イン・ザ・フランキス)
2026-10-09 02:57:40 - mkk_pika - main.py:35 - INFO - 开始检查黒色時間3 (けいおん！) 是否存在未下载章节
2026-10-09 02:57:41 - mkk_pika - main.py:45 - INFO - 正在下载:[黒色時間3 (けいおん！) ]-[白液書房 (A輝廃都)]-[['長篇', '同人']]-[total_pages:22]
2026-10-09 02:57:41 - mkk_pika - main.py:49 - INFO - [{'_id': '5d3b2038cb4c5a55372f3159', 'title': '第1話', 'order': 1, 'updated_at': '2019-07-26T12:20:23.650Z', 'id': '5d3b2038cb4c5a55372f3159'}]
2026-10-09 02:57:41 - mkk_pika - database.py:215 - INFO - 第一次下载该漫画，记录数据库中
2026-10-09 02:57:41 - mkk_pika - main.py:83 - INFO - 找到 22 张图片在:第1話
2026-10-09 02:57:42 - mkk_pika - main.py:112 - INFO - [episode:第1話       ] downloaded:    22, total:  22, progress:100%
2026-10-09 02:57:42 - mkk_pika - database.py:238 - INFO - 数据库更新已下载章节
2026-10-09 02:57:42 - mkk_pika - database.py:244 - INFO - 该漫画已下载章节如下
2026-10-09 02:57:42 - mkk_pika - database.py:245 - INFO - ['第1話']
2026-10-09 02:57:43 - mkk_pika - main.py:348 - INFO - ==================== 漫画信息 ====================
                                   漫画ID：5d3b2038cb4c5a55372f3158
                                   标题：黒色時間3 (けいおん！) 
                                   作者：白液書房 (A輝廃都)
                                   是否完结：是
                                   总页数：22
                                   分类：長篇,同人
                                   章节数：1
                                   最后更新时间：2019-07-26T15:46:00.273Z
                                   =================================================
2026-10-09 02:57:43 - mkk_pika - database.py:101 - INFO - 保存成功：黒色時間3 (けいおん！) 
2026-10-09 02:57:43 - mkk_pika - main.py:35 - INFO - 开始检查 小さな魔法少女を身も心も目茶苦茶にするCG集是否存在未下载章节
2026-10-09 02:57:44 - mkk_pika - main.py:45 - INFO - 正在下载:[ 小さな魔法少女を身も心も目茶苦茶にするCG集]-[とまとじごく]-[['短篇', '長篇', '非人類']]-[total_pages:317]
2026-10-09 02:57:44 - mkk_pika - main.py:49 - INFO - [{'_id': '5d3b24172258c8552599fd52', 'title': '第1話', 'order': 1, 'updated_at': '2019-07-26T12:45:20.982Z', 'id': '5d3b24172258c8552599fd52'}]
2026-10-09 02:57:44 - mkk_pika - database.py:215 - INFO - 第一次下载该漫画，记录数据库中
2026-10-09 02:57:46 - mkk_pika - main.py:83 - INFO - 找到 317 张图片在:第1話
2026-10-09 02:57:54 - mkk_pika - main.py:112 - INFO - [episode:第1話       ] downloaded:   317, total: 317, progress:100%
2026-10-09 02:57:54 - mkk_pika - database.py:238 - INFO - 数据库更新已下载章节
2026-10-09 02:57:54 - mkk_pika - database.py:244 - INFO - 该漫画已下载章节如下
2026-10-09 02:57:54 - mkk_pika - database.py:245 - INFO - ['第1話']
2026-10-09 02:57:55 - mkk_pika - main.py:348 - INFO - ==================== 漫画信息 ====================
                                   漫画ID：5d3b24172258c8552599fd51
                                   标题： 小さな魔法少女を身も心も目茶苦茶にするCG集
                                   作者：とまとじごく
                                   是否完结：是
                                   总页数：317
                                   分类：短篇,長篇,非人類
                                   章节数：1
                                   最后更新时间：2019-07-26T16:02:31.197Z
                                   =================================================
2026-10-09 02:57:55 - mkk_pika - database.py:101 - INFO - 保存成功： 小さな魔法少女を身も心も目茶苦茶にするCG集
2026-10-09 02:57:55 - mkk_pika - main.py:35 - INFO - 开始检查剣姫催眠 恥辱の常識改変バトル (二次元コミックマガジン 催眠アプリで変身ヒロインをやりたい放題! Vol.2) [DL版]是否存在未下载章节
2026-10-09 02:57:55 - mkk_pika - main.py:45 - INFO - 正在下载:[剣姫催眠 恥辱の常識改変バトル (二次元コミックマガジン 催眠アプリで変身ヒロインをやりたい放題! Vol.2) [DL版]]-[みさかな]-[['短篇']]-[total_pages:23]
2026-10-09 02:57:55 - mkk_pika - main.py:49 - INFO - [{'_id': '5d3b242a2258c8552599fe92', 'title': '第1話', 'order': 1, 'updated_at': '2019-07-26T13:28:11.928Z', 'id': '5d3b242a2258c8552599fe92'}]
2026-10-09 02:57:55 - mkk_pika - database.py:215 - INFO - 第一次下载该漫画，记录数据库中
2026-10-09 02:57:56 - mkk_pika - main.py:83 - INFO - 找到 23 张图片在:第1話
2026-10-09 02:57:57 - mkk_pika - main.py:112 - INFO - [episode:第1話       ] downloaded:    23, total:  23, progress:100%
2026-10-09 02:57:57 - mkk_pika - database.py:238 - INFO - 数据库更新已下载章节
2026-10-09 02:57:57 - mkk_pika - database.py:244 - INFO - 该漫画已下载章节如下
2026-10-09 02:57:57 - mkk_pika - database.py:245 - INFO - ['第1話']
2026-10-09 02:57:58 - mkk_pika - main.py:348 - INFO - ==================== 漫画信息 ====================
                                   漫画ID：5d3b242a2258c8552599fe91
                                   标题：剣姫催眠 恥辱の常識改変バトル (二次元コミックマガジン 催眠アプリで変身ヒロインをやりたい放題! Vol.2) [DL版]
                                   作者：みさかな
                                   是否完结：是
                                   总页数：23
                                   分类：短篇
                                   章节数：1
                                   最后更新时间：2019-07-26T16:02:50.934Z
                                   =================================================
2026-10-09 02:57:58 - mkk_pika - database.py:101 - INFO - 保存成功：剣姫催眠 恥辱の常識改変バトル (二次元コミックマガジン 催眠アプリで変身ヒロインをやりたい放題! Vol.2) [DL版]
2026-10-09 02:57:58 - mkk_pika - main.py:35 - INFO - 开始检查(C79) 触胎・羅刹 ~ (サムライスピリッツ) 是否存在未下载章节
2026-10-09 02:57:58 - mkk_pika - main.py:45 - INFO - 正在下载:[(C79) 触胎・羅刹 ~ (サムライスピリッツ) ]-[悶亭 (悶亭姉太郎)]-[['同人', '全彩', '短篇', '百合花園', '扶他樂園', '非人類']]-[total_pages:32]
2026-10-09 02:57:58 - mkk_pika - main.py:49 - INFO - [{'_id': '5d3b2450cb4c5a55372f3843', 'title': '上の巻 国崩しの魔獣', 'order': 1, 'updated_at': '2019-07-26T13:45:54.340Z', 'id': '5d3b2450cb4c5a55372f3843'}, {'_id': '5d3b2450cb4c5a55372f3844', 'title': '下の巻 三位一体', 'order': 2, 'updated_at': '2019-07-26T13:45:31.364Z', 'id': '5d3b2450cb4c5a55372f3844'}]
2026-10-09 02:57:58 - mkk_pika - database.py:215 - INFO - 第一次下载该漫画，记录数据库中
2026-10-09 02:57:59 - mkk_pika - main.py:83 - INFO - 找到 16 张图片在:上の巻国崩しの魔獣
2026-10-09 02:57:59 - mkk_pika - main.py:112 - INFO - [episode:上の巻 国崩しの魔獣] downloaded:    16, total:  16, progress:100%
2026-10-09 02:57:59 - mkk_pika - database.py:238 - INFO - 数据库更新已下载章节
2026-10-09 02:57:59 - mkk_pika - database.py:244 - INFO - 该漫画已下载章节如下
2026-10-09 02:57:59 - mkk_pika - database.py:245 - INFO - ['上の巻 国崩しの魔獣']
2026-10-09 02:58:01 - mkk_pika - main.py:83 - INFO - 找到 16 张图片在:下の巻三位一体
2026-10-09 02:58:01 - mkk_pika - main.py:112 - INFO - [episode:下の巻 三位一体  ] downloaded:    16, total:  16, progress:100%
2026-10-09 02:58:01 - mkk_pika - database.py:238 - INFO - 数据库更新已下载章节
2026-10-09 02:58:01 - mkk_pika - database.py:244 - INFO - 该漫画已下载章节如下
2026-10-09 02:58:01 - mkk_pika - database.py:245 - INFO - ['上の巻 国崩しの魔獣', '下の巻 三位一体']
2026-10-09 02:58:03 - mkk_pika - main.py:348 - INFO - ==================== 漫画信息 ====================
                                   漫画ID：5d3b2450cb4c5a55372f3842
                                   标题：(C79) 触胎・羅刹 ~ (サムライスピリッツ) 
                                   作者：悶亭 (悶亭姉太郎)
                                   是否完结：是
                                   总页数：32
                                   分类：同人,全彩,短篇,百合花園,扶他樂園,非人類
                                   章节数：2
                                   最后更新时间：2019-07-26T16:03:28.551Z
                                   =================================================
2026-10-09 02:58:03 - mkk_pika - database.py:101 - INFO - 保存成功：(C79) 触胎・羅刹 ~ (サムライスピリッツ) 
2026-10-09 02:58:03 - mkk_pika - main.py:35 - INFO - 开始检查Couvrez la fraude (とある魔術の禁書目録)是否存在未下载章节
2026-10-09 02:58:03 - mkk_pika - main.py:45 - INFO - 正在下载:[Couvrez la fraude (とある魔術の禁書目録)]-[Transient Melody (川崎直孝)]-[['短篇', 'NTR']]-[total_pages:18]
2026-10-09 02:58:03 - mkk_pika - main.py:49 - INFO - [{'_id': '5d3b249e2258c8552599fed8', 'title': '第1話', 'order': 1, 'updated_at': '2019-07-26T14:49:03.285Z', 'id': '5d3b249e2258c8552599fed8'}]
2026-10-09 02:58:03 - mkk_pika - database.py:215 - INFO - 第一次下载该漫画，记录数据库中
2026-10-09 02:58:04 - mkk_pika - main.py:83 - INFO - 找到 18 张图片在:第1話
2026-10-09 02:58:04 - mkk_pika - main.py:112 - INFO - [episode:第1話       ] downloaded:    18, total:  18, progress:100%
2026-10-09 02:58:04 - mkk_pika - database.py:238 - INFO - 数据库更新已下载章节
2026-10-09 02:58:04 - mkk_pika - database.py:244 - INFO - 该漫画已下载章节如下
2026-10-09 02:58:04 - mkk_pika - database.py:245 - INFO - ['第1話']
2026-10-09 02:58:05 - mkk_pika - main.py:348 - INFO - ==================== 漫画信息 ====================
                                   漫画ID：5d3b249e2258c8552599fed7
                                   标题：Couvrez la fraude (とある魔術の禁書目録)
                                   作者：Transient Melody (川崎直孝)
                                   是否完结：是
                                   总页数：18
                                   分类：短篇,NTR
                                   章节数：1
                                   最后更新时间：2019-07-26T16:04:46.379Z
                                   =================================================
2026-10-09 02:58:05 - mkk_pika - database.py:101 - INFO - 保存成功：Couvrez la fraude (とある魔術の禁書目録)
2026-10-09 02:58:05 - mkk_pika - main.py:35 - INFO - 开始检查ルナールの薄いブック是否存在未下载章节
2026-10-09 02:58:06 - mkk_pika - main.py:45 - INFO - 正在下载:[ルナールの薄いブック]-[SECREDER (人外モドキ)]-[['短篇', '同人', '碧藍幻想']]-[total_pages:30]
2026-10-09 02:58:06 - mkk_pika - main.py:49 - INFO - [{'_id': '5d3b24a664bdb155459e03dd', 'title': '第1話', 'order': 1, 'updated_at': '2019-07-26T14:50:03.755Z', 'id': '5d3b24a664bdb155459e03dd'}]
2026-10-09 02:58:06 - mkk_pika - database.py:215 - INFO - 第一次下载该漫画，记录数据库中
2026-10-09 02:58:06 - mkk_pika - main.py:83 - INFO - 找到 30 张图片在:第1話
2026-10-09 02:58:07 - mkk_pika - main.py:112 - INFO - [episode:第1話       ] downloaded:    30, total:  30, progress:100%
2026-10-09 02:58:07 - mkk_pika - database.py:238 - INFO - 数据库更新已下载章节
2026-10-09 02:58:07 - mkk_pika - database.py:244 - INFO - 该漫画已下载章节如下
2026-10-09 02:58:07 - mkk_pika - database.py:245 - INFO - ['第1話']
2026-10-09 02:58:09 - mkk_pika - main.py:348 - INFO - ==================== 漫画信息 ====================
                                   漫画ID：5d3b24a664bdb155459e03dc
                                   标题：ルナールの薄いブック
                                   作者：SECREDER (人外モドキ)
                                   是否完结：否
                                   总页数：30
                                   分类：短篇,同人,碧藍幻想
                                   章节数：1
                                   最后更新时间：2019-07-26T16:04:54.981Z
                                   =================================================
2026-10-09 02:58:09 - mkk_pika - database.py:101 - INFO - 保存成功：ルナールの薄いブック
2026-10-09 02:58:09 - mkk_pika - main.py:35 - INFO - 开始检查お勉強よりおちんちんが好き (デジタルぷにぺどッ! Vol.09) [中国翻訳]是否存在未下载章节
2026-10-09 02:58:09 - mkk_pika - main.py:45 - INFO - 正在下载:[お勉強よりおちんちんが好き (デジタルぷにぺどッ! Vol.09) [中国翻訳]]-[柚子まち]-[['短篇']]-[total_pages:21]
2026-10-09 02:58:09 - mkk_pika - main.py:49 - INFO - [{'_id': '5d3b24e520500f552a789ddb', 'title': '第1話', 'order': 1, 'updated_at': '2019-07-26T15:45:07.614Z', 'id': '5d3b24e520500f552a789ddb'}]
2026-10-09 02:58:09 - mkk_pika - database.py:215 - INFO - 第一次下载该漫画，记录数据库中
2026-10-09 02:58:10 - mkk_pika - main.py:83 - INFO - 找到 21 张图片在:第1話
2026-10-09 02:58:10 - mkk_pika - main.py:112 - INFO - [episode:第1話       ] downloaded:    21, total:  21, progress:100%
2026-10-09 02:58:10 - mkk_pika - database.py:238 - INFO - 数据库更新已下载章节
2026-10-09 02:58:10 - mkk_pika - database.py:244 - INFO - 该漫画已下载章节如下
2026-10-09 02:58:10 - mkk_pika - database.py:245 - INFO - ['第1話']
2026-10-09 02:58:12 - mkk_pika - main.py:348 - INFO - ==================== 漫画信息 ====================
                                   漫画ID：5d3b24e520500f552a789dda
                                   标题：お勉強よりおちんちんが好き (デジタルぷにぺどッ! Vol.09) [中国翻訳]
                                   作者：柚子まち
                                   是否完结：是
                                   总页数：21
                                   分类：短篇
                                   章节数：1
                                   最后更新时间：2019-07-26T16:05:57.316Z
                                   =================================================
2026-10-09 02:58:12 - mkk_pika - database.py:101 - INFO - 保存成功：お勉強よりおちんちんが好き (デジタルぷにぺどッ! Vol.09) [中国翻訳]
2026-10-09 02:58:12 - mkk_pika - main.py:35 - INFO - 开始检查 葉津穗の願い♥ (パコパコビッチ☆ ～メガ盛り！ましまし！ドスケベ肉♥～)是否存在未下载章节
2026-10-09 02:58:12 - mkk_pika - main.py:45 - INFO - 正在下载:[ 葉津穗の願い♥ (パコパコビッチ☆ ～メガ盛り！ましまし！ドスケベ肉♥～)]-[安藤裕行]-[['短篇', '人妻']]-[total_pages:23]
2026-10-09 02:58:12 - mkk_pika - main.py:49 - INFO - [{'_id': '5d3bafc864bdb155459e06ad', 'title': '第1話', 'order': 1, 'updated_at': '2019-07-26T16:19:52.774Z', 'id': '5d3bafc864bdb155459e06ad'}]
2026-10-09 02:58:12 - mkk_pika - database.py:215 - INFO - 第一次下载该漫画，记录数据库中
2026-10-09 02:58:13 - mkk_pika - main.py:83 - INFO - 找到 23 张图片在:第1話
2026-10-09 02:58:13 - mkk_pika - main.py:112 - INFO - [episode:第1話       ] downloaded:    23, total:  23, progress:100%
2026-10-09 02:58:13 - mkk_pika - database.py:238 - INFO - 数据库更新已下载章节
2026-10-09 02:58:13 - mkk_pika - database.py:244 - INFO - 该漫画已下载章节如下
2026-10-09 02:58:13 - mkk_pika - database.py:245 - INFO - ['第1話']
2026-10-09 02:58:15 - mkk_pika - main.py:348 - INFO - ==================== 漫画信息 ====================
                                   漫画ID：5d3bafc864bdb155459e06ac
                                   标题： 葉津穗の願い♥ (パコパコビッチ☆ ～メガ盛り！ましまし！ドスケベ肉♥～)
                                   作者：安藤裕行
                                   是否完结：是
                                   总页数：23
                                   分类：短篇,人妻
                                   章节数：1
                                   最后更新时间：2019-07-27T01:58:32.710Z
                                   =================================================
2026-10-09 02:58:15 - mkk_pika - database.py:101 - INFO - 保存成功： 葉津穗の願い♥ (パコパコビッチ☆ ～メガ盛り！ましまし！ドスケベ肉♥～)
2026-10-09 02:58:15 - mkk_pika - main.py:35 - INFO - 开始检查(コミティア104) おとなの日 (オリジナル)是否存在未下载章节
2026-10-09 02:58:15 - mkk_pika - main.py:45 - INFO - 正在下载:[(コミティア104) おとなの日 (オリジナル)]-[てっちゃんハト (みなすきぽぷり)]-[['短篇']]-[total_pages:18]
2026-10-09 02:58:15 - mkk_pika - main.py:49 - INFO - [{'_id': '5d3bdd2864bdb155459e06e5', 'title': '第1話', 'order': 1, 'updated_at': '2019-07-26T16:36:48.716Z', 'id': '5d3bdd2864bdb155459e06e5'}]
2026-10-09 02:58:15 - mkk_pika - database.py:215 - INFO - 第一次下载该漫画，记录数据库中
2026-10-09 02:58:16 - mkk_pika - main.py:83 - INFO - 找到 18 张图片在:第1話
2026-10-09 02:58:16 - mkk_pika - main.py:112 - INFO - [episode:第1話       ] downloaded:    18, total:  18, progress:100%
2026-10-09 02:58:16 - mkk_pika - database.py:238 - INFO - 数据库更新已下载章节
2026-10-09 02:58:16 - mkk_pika - database.py:244 - INFO - 该漫画已下载章节如下
2026-10-09 02:58:16 - mkk_pika - database.py:245 - INFO - ['第1話']
2026-10-09 02:58:18 - mkk_pika - main.py:348 - INFO - ==================== 漫画信息 ====================
                                   漫画ID：5d3bdd2864bdb155459e06e4
                                   标题：(コミティア104) おとなの日 (オリジナル)
                                   作者：てっちゃんハト (みなすきぽぷり)
                                   是否完结：是
                                   总页数：18
                                   分类：短篇
                                   章节数：1
                                   最后更新时间：2019-07-27T05:12:08.107Z
                                   =================================================
2026-10-09 02:58:18 - mkk_pika - database.py:101 - INFO - 保存成功：(コミティア104) おとなの日 (オリジナル)
2026-10-09 02:58:18 - mkk_pika - main.py:35 - INFO - 开始检查 Kiss me If You love me (アイドルマスター シンデレラガールズ)是否存在未下载章节
2026-10-09 02:58:18 - mkk_pika - main.py:45 - INFO - 正在下载:[ Kiss me If You love me (アイドルマスター シンデレラガールズ)]-[ツキノウラガワ (ろみ)]-[['短篇', '同人', '百合花園', '純愛']]-[total_pages:30]
2026-10-09 02:58:18 - mkk_pika - main.py:49 - INFO - [{'_id': '5d3bdd9d2258c855259a0278', 'title': '第1話', 'order': 1, 'updated_at': '2019-07-26T18:44:32.658Z', 'id': '5d3bdd9d2258c855259a0278'}]
2026-10-09 02:58:18 - mkk_pika - database.py:215 - INFO - 第一次下载该漫画，记录数据库中
2026-10-09 02:58:18 - mkk_pika - main.py:83 - INFO - 找到 30 张图片在:第1話
2026-10-09 02:58:19 - mkk_pika - main.py:112 - INFO - [episode:第1話       ] downloaded:    30, total:  30, progress:100%
2026-10-09 02:58:19 - mkk_pika - database.py:238 - INFO - 数据库更新已下载章节
2026-10-09 02:58:19 - mkk_pika - database.py:244 - INFO - 该漫画已下载章节如下
2026-10-09 02:58:19 - mkk_pika - database.py:245 - INFO - ['第1話']
2026-10-09 02:58:20 - mkk_pika - main.py:348 - INFO - ==================== 漫画信息 ====================
                                   漫画ID：5d3bdd9d2258c855259a0277
                                   标题： Kiss me If You love me (アイドルマスター シンデレラガールズ)
                                   作者：ツキノウラガワ (ろみ)
                                   是否完结：是
                                   总页数：30
                                   分类：短篇,同人,百合花園,純愛
                                   章节数：1
                                   最后更新时间：2019-07-27T05:14:05.658Z
                                   =================================================
2026-10-09 02:58:20 - mkk_pika - database.py:101 - INFO - 保存成功： Kiss me If You love me (アイドルマスター シンデレラガールズ)
2026-10-09 02:58:20 - mkk_pika - main.py:35 - INFO - 开始检查メスダチFour糸目のデカ女先パイ [DL版]是否存在未下载章节
2026-10-09 02:58:21 - mkk_pika - main.py:45 - INFO - 正在下载:[メスダチFour糸目のデカ女先パイ [DL版]]-[SHIS (Zトン)]-[['短篇']]-[total_pages:36]
2026-10-09 02:58:21 - mkk_pika - main.py:49 - INFO - [{'_id': '5d3bddda64bdb155459e06fb', 'title': '第1話', 'order': 1, 'updated_at': '2019-07-26T18:58:25.269Z', 'id': '5d3bddda64bdb155459e06fb'}]
2026-10-09 02:58:21 - mkk_pika - database.py:215 - INFO - 第一次下载该漫画，记录数据库中
2026-10-09 02:58:21 - mkk_pika - main.py:83 - INFO - 找到 36 张图片在:第1話
2026-10-09 02:58:23 - mkk_pika - main.py:112 - INFO - [episode:第1話       ] downloaded:    36, total:  36, progress:100%
2026-10-09 02:58:23 - mkk_pika - database.py:238 - INFO - 数据库更新已下载章节
2026-10-09 02:58:23 - mkk_pika - database.py:244 - INFO - 该漫画已下载章节如下
2026-10-09 02:58:23 - mkk_pika - database.py:245 - INFO - ['第1話']
2026-10-09 02:58:24 - mkk_pika - main.py:348 - INFO - ==================== 漫画信息 ====================
                                   漫画ID：5d3bddda64bdb155459e06fa
                                   标题：メスダチFour糸目のデカ女先パイ [DL版]
                                   作者：SHIS (Zトン)
                                   是否完结：是
                                   总页数：36
                                   分类：短篇
                                   章节数：1
                                   最后更新时间：2019-07-27T05:15:06.165Z
                                   =================================================
2026-10-09 02:58:24 - mkk_pika - database.py:101 - INFO - 保存成功：メスダチFour糸目のデカ女先パイ [DL版]
2026-10-09 02:58:24 - mkk_pika - main.py:35 - INFO - 开始检查Kiss me If You love me是否存在未下载章节
2026-10-09 02:58:24 - mkk_pika - main.py:45 - INFO - 正在下载:[Kiss me If You love me]-[ツキノウラガワ (ろみ)]-[['同人', '短篇', '百合花園']]-[total_pages:60]
2026-10-09 02:58:24 - mkk_pika - main.py:49 - INFO - [{'_id': '5d22246fa6fcef4c6875171f', 'title': '生肉', 'order': 1, 'updated_at': '2019-07-27T05:17:25.871Z', 'id': '5d22246fa6fcef4c6875171f'}, {'_id': '5d3bde6520500f552a78a1b1', 'title': '熟肉', 'order': 2, 'updated_at': '2019-07-27T05:04:44.250Z', 'id': '5d3bde6520500f552a78a1b1'}]
2026-10-09 02:58:24 - mkk_pika - database.py:215 - INFO - 第一次下载该漫画，记录数据库中
2026-10-09 02:58:25 - mkk_pika - main.py:83 - INFO - 找到 30 张图片在:生肉
2026-10-09 02:58:25 - mkk_pika - main.py:112 - INFO - [episode:生肉        ] downloaded:    30, total:  30, progress:100%
2026-10-09 02:58:25 - mkk_pika - database.py:238 - INFO - 数据库更新已下载章节
2026-10-09 02:58:25 - mkk_pika - database.py:244 - INFO - 该漫画已下载章节如下
2026-10-09 02:58:25 - mkk_pika - database.py:245 - INFO - ['生肉']
2026-10-09 02:58:27 - mkk_pika - main.py:83 - INFO - 找到 30 张图片在:熟肉
2026-10-09 02:58:28 - mkk_pika - main.py:112 - INFO - [episode:熟肉        ] downloaded:    30, total:  30, progress:100%
2026-10-09 02:58:28 - mkk_pika - database.py:238 - INFO - 数据库更新已下载章节
2026-10-09 02:58:28 - mkk_pika - database.py:244 - INFO - 该漫画已下载章节如下
2026-10-09 02:58:28 - mkk_pika - database.py:245 - INFO - ['生肉', '熟肉']
2026-10-09 02:58:29 - mkk_pika - main.py:348 - INFO - ==================== 漫画信息 ====================
                                   漫画ID：5d22246fa6fcef4c6875171e
                                   标题：Kiss me If You love me
                                   作者：ツキノウラガワ (ろみ)
                                   是否完结：否
                                   总页数：60
                                   分类：同人,短篇,百合花園
                                   章节数：2
                                   最后更新时间：2019-07-27T05:17:25.863Z
                                   =================================================
2026-10-09 02:58:29 - mkk_pika - database.py:101 - INFO - 保存成功：Kiss me If You love me
2026-10-09 02:58:29 - mkk_pika - main.py:35 - INFO - 开始检查(C91)  ばいんど!!3 (カードファイト!! ヴァンガード) [中国翻訳]是否存在未下载章节
2026-10-09 02:58:29 - mkk_pika - main.py:45 - INFO - 正在下载:[(C91)  ばいんど!!3 (カードファイト!! ヴァンガード) [中国翻訳]]-[HeMeLoPa (山田シグ魔)]-[['同人', '短篇']]-[total_pages:34]
2026-10-09 02:58:29 - mkk_pika - main.py:49 - INFO - [{'_id': '5d3c064120500f552a78a2fc', 'title': '第1話', 'order': 1, 'updated_at': '2019-07-27T05:45:14.059Z', 'id': '5d3c064120500f552a78a2fc'}]
2026-10-09 02:58:29 - mkk_pika - database.py:215 - INFO - 第一次下载该漫画，记录数据库中
2026-10-09 02:58:30 - mkk_pika - main.py:83 - INFO - 找到 34 张图片在:第1話
2026-10-09 02:58:31 - mkk_pika - main.py:112 - INFO - [episode:第1話       ] downloaded:    34, total:  34, progress:100%
2026-10-09 02:58:31 - mkk_pika - database.py:238 - INFO - 数据库更新已下载章节
2026-10-09 02:58:31 - mkk_pika - database.py:244 - INFO - 该漫画已下载章节如下
2026-10-09 02:58:31 - mkk_pika - database.py:245 - INFO - ['第1話']
2026-10-09 02:58:32 - mkk_pika - main.py:348 - INFO - ==================== 漫画信息 ====================
                                   漫画ID：5d3c064120500f552a78a2fb
                                   标题：(C91)  ばいんど!!3 (カードファイト!! ヴァンガード) [中国翻訳]
                                   作者：HeMeLoPa (山田シグ魔)
                                   是否完结：是
                                   总页数：34
                                   分类：同人,短篇
                                   章节数：1
                                   最后更新时间：2019-07-27T08:07:29.251Z
                                   =================================================
2026-10-09 02:58:32 - mkk_pika - database.py:101 - INFO - 保存成功：(C91)  ばいんど!!3 (カードファイト!! ヴァンガード) [中国翻訳]
2026-10-09 02:58:32 - mkk_pika - main.py:35 - INFO - 开始检查(C95) どMが啼いてイキすぎりゅ (この素晴らしい世界に祝福を!) [中国翻訳]是否存在未下载章节
2026-10-09 02:58:33 - mkk_pika - main.py:45 - INFO - 正在下载:[(C95) どMが啼いてイキすぎりゅ (この素晴らしい世界に祝福を!) [中国翻訳]]-[HeMeLoPa (山田シグ魔)]-[['短篇', '同人']]-[total_pages:17]
2026-10-09 02:58:33 - mkk_pika - main.py:49 - INFO - [{'_id': '5d3c066464bdb155459e08b3', 'title': '第1話', 'order': 1, 'updated_at': '2019-07-27T05:55:12.428Z', 'id': '5d3c066464bdb155459e08b3'}]
2026-10-09 02:58:33 - mkk_pika - database.py:215 - INFO - 第一次下载该漫画，记录数据库中
2026-10-09 02:58:33 - mkk_pika - main.py:83 - INFO - 找到 17 张图片在:第1話
2026-10-09 02:58:34 - mkk_pika - main.py:112 - INFO - [episode:第1話       ] downloaded:    17, total:  17, progress:100%
2026-10-09 02:58:34 - mkk_pika - database.py:238 - INFO - 数据库更新已下载章节
2026-10-09 02:58:34 - mkk_pika - database.py:244 - INFO - 该漫画已下载章节如下
2026-10-09 02:58:34 - mkk_pika - database.py:245 - INFO - ['第1話']
2026-10-09 02:58:35 - mkk_pika - main.py:348 - INFO - ==================== 漫画信息 ====================
                                   漫画ID：5d3c066464bdb155459e08b2
                                   标题：(C95) どMが啼いてイキすぎりゅ (この素晴らしい世界に祝福を!) [中国翻訳]
                                   作者：HeMeLoPa (山田シグ魔)
                                   是否完结：是
                                   总页数：17
                                   分类：短篇,同人
                                   章节数：1
                                   最后更新时间：2019-07-27T08:08:04.139Z
                                   =================================================
2026-10-09 02:58:35 - mkk_pika - database.py:101 - INFO - 保存成功：(C95) どMが啼いてイキすぎりゅ (この素晴らしい世界に祝福を!) [中国翻訳]
2026-10-09 02:58:35 - mkk_pika - main.py:35 - INFO - 开始检查木兰温泉二三事是否存在未下载章节
2026-10-09 02:58:35 - mkk_pika - main.py:45 - INFO - 正在下载:[木兰温泉二三事]-[北北北北砂]-[['同人', '短篇', '非人類']]-[total_pages:10]
2026-10-09 02:58:35 - mkk_pika - main.py:49 - INFO - [{'_id': '5d3c06c62258c855259a04c1', 'title': '第1話', 'order': 1, 'updated_at': '2019-07-26T16:45:00.394Z', 'id': '5d3c06c62258c855259a04c1'}]
2026-10-09 02:58:35 - mkk_pika - database.py:215 - INFO - 第一次下载该漫画，记录数据库中
2026-10-09 02:58:36 - mkk_pika - main.py:83 - INFO - 找到 10 张图片在:第1話
2026-10-09 02:58:36 - mkk_pika - main.py:112 - INFO - [episode:第1話       ] downloaded:    10, total:  10, progress:100%
2026-10-09 02:58:36 - mkk_pika - database.py:238 - INFO - 数据库更新已下载章节
2026-10-09 02:58:36 - mkk_pika - database.py:244 - INFO - 该漫画已下载章节如下
2026-10-09 02:58:36 - mkk_pika - database.py:245 - INFO - ['第1話']
2026-10-09 02:58:37 - mkk_pika - main.py:348 - INFO - ==================== 漫画信息 ====================
                                   漫画ID：5d3c06c62258c855259a04c0
                                   标题：木兰温泉二三事
                                   作者：北北北北砂
                                   是否完结：是
                                   总页数：10
                                   分类：同人,短篇,非人類
                                   章节数：1
                                   最后更新时间：2019-07-27T08:09:42.463Z
                                   =================================================
2026-10-09 02:58:37 - mkk_pika - database.py:101 - INFO - 保存成功：木兰温泉二三事
2026-10-09 02:58:37 - mkk_pika - main.py:380 - INFO - 本次任务下载完毕
2026-10-09 02:58:37 - mkk_pika - database.py:173 - INFO - 数据库连接已关闭
