2026-08-21 16:26:10 - mkk_pika - main.py:193 - INFO - =======================================================================
2026-08-21 16:26:10 - mkk_pika - database.py:61 - INFO - 表和索引初始化成功
2026-08-21 16:26:10 - mkk_pika - main.py:197 - INFO - 已经累计下载19144本漫画
2026-08-21 16:26:11 - mkk_pika - api.py:87 - INFO - 登录成功
2026-08-21 16:26:13 - mkk_pika - main.py:203 - INFO - 收藏夹共计0本漫画
2026-08-21 16:26:13 - mkk_pika - main.py:206 - INFO - 开始下载收藏夹内未下载内容
2026-08-21 16:26:13 - mkk_pika - main.py:266 - INFO - 收藏夹内容下载完毕
2026-08-21 16:26:13 - mkk_pika - main.py:268 - INFO - 开始下载订阅内容
2026-08-21 16:26:13 - mkk_pika - database.py:258 - INFO - 根据ID查询到标题：萝莉 -> エロ本大好きなガキが女の子な訳ねえだろ!! | 喜欢看小黄漫的小鬼怎么可会是女生呢‼
2026-08-21 16:26:14 - mkk_pika - database.py:101 - INFO - 保存成功：エロ本大好きなガキが女の子な訳ねえだろ!! | 喜欢看小黄漫的小鬼怎么可会是女生呢‼
2026-08-21 16:26:14 - mkk_pika - main.py:273 - INFO - 关键词萝莉找到1本漫画
2026-08-21 16:26:14 - mkk_pika - database.py:258 - INFO - 根据ID查询到标题：蘿莉 -> 怖い?学園のウワサ | 可怕的?学院传闻
2026-08-21 16:26:15 - mkk_pika - database.py:101 - INFO - 保存成功：怖い?学園のウワサ | 可怕的?学院传闻
2026-08-21 16:26:15 - mkk_pika - main.py:273 - INFO - 关键词蘿莉找到1本漫画
2026-08-21 16:26:15 - mkk_pika - main.py:275 - INFO - 订阅内容共计2本漫画
2026-08-21 16:26:15 - mkk_pika - main.py:35 - INFO - 开始检查Little Giant! ─〇リ巨乳・低身長巨乳合同 | Little Giant! ─萝莉巨乳・低身高巨乳合同是否存在未下载章节
2026-08-21 16:26:15 - mkk_pika - database.py:203 - INFO - 查询数据库中是否已存在第1話
2026-08-21 16:26:15 - mkk_pika - main.py:51 - INFO - Little Giant! ─〇リ巨乳・低身長巨乳合同 | Little Giant! ─萝莉巨乳・低身高巨乳合同中没有可下载章节
2026-08-21 16:26:16 - mkk_pika - main.py:292 - INFO - ==================== 漫画信息 ====================
                                漫画ID：6a847ed40decb03d594aa1de
                                标题：Little Giant! ─〇リ巨乳・低身長巨乳合同 | Little Giant! ─萝莉巨乳・低身高巨乳合同
                                作者：色即絶句
                                是否完结：是
                                总页数：110
                                分类：長篇,同人
                                章节数：1
                                最后更新时间：2026-08-18T15:48:36.118Z
                                =================================================
2026-08-21 16:26:16 - mkk_pika - database.py:101 - INFO - 保存成功：Little Giant! ─〇リ巨乳・低身長巨乳合同 | Little Giant! ─萝莉巨乳・低身高巨乳合同
2026-08-21 16:26:16 - mkk_pika - main.py:35 - INFO - 开始检查おにいちゃんが褒めてくれるならほかのことってどうでもいいじゃん | 只要哥哥能来夸奖我一番的话其他的事情怎样都无所谓啦是否存在未下载章节
2026-08-21 16:26:16 - mkk_pika - database.py:203 - INFO - 查询数据库中是否已存在第1話
2026-08-21 16:26:16 - mkk_pika - main.py:51 - INFO - おにいちゃんが褒めてくれるならほかのことってどうでもいいじゃん | 只要哥哥能来夸奖我一番的话其他的事情怎样都无所谓啦中没有可下载章节
2026-08-21 16:26:16 - mkk_pika - main.py:292 - INFO - ==================== 漫画信息 ====================
                                漫画ID：6a8727abcb5050234df143d3
                                标题：おにいちゃんが褒めてくれるならほかのことってどうでもいいじゃん | 只要哥哥能来夸奖我一番的话其他的事情怎样都无所谓啦
                                作者：HANAYA (はぴろり菜)
                                是否完结：是
                                总页数：34
                                分类：短篇
                                章节数：1
                                最后更新时间：2026-08-20T16:13:31.992Z
                                =================================================
2026-08-21 16:26:16 - mkk_pika - database.py:101 - INFO - 保存成功：おにいちゃんが褒めてくれるならほかのことってどうでもいいじゃん | 只要哥哥能来夸奖我一番的话其他的事情怎样都无所谓啦
2026-08-21 16:26:16 - mkk_pika - main.py:323 - INFO - 订阅内容内容下载完毕
2026-08-21 16:26:16 - mkk_pika - main.py:324 - INFO - 开始分批下载全部章节
2026-08-21 16:26:16 - mkk_pika - database.py:280 - INFO - 表和索引初始化成功
2026-08-21 16:26:17 - mkk_pika - main.py:177 - INFO - 已经下载了1448页，一共7090页，现在开始添加第1449页
2026-08-21 16:26:18 - mkk_pika - database.py:318 - INFO - 保存成功
2026-08-21 16:26:18 - mkk_pika - main.py:177 - INFO - 已经下载了1449页，一共7090页，现在开始添加第1450页
2026-08-21 16:26:19 - mkk_pika - database.py:318 - INFO - 保存成功
2026-08-21 16:26:19 - mkk_pika - main.py:177 - INFO - 已经下载了1450页，一共7090页，现在开始添加第1451页
2026-08-21 16:26:20 - mkk_pika - database.py:318 - INFO - 保存成功
2026-08-21 16:26:21 - mkk_pika - main.py:177 - INFO - 已经下载了1451页，一共7090页，现在开始添加第1452页
2026-08-21 16:26:21 - mkk_pika - database.py:318 - INFO - 保存成功
2026-08-21 16:26:22 - mkk_pika - main.py:177 - INFO - 已经下载了1452页，一共7090页，现在开始添加第1453页
2026-08-21 16:26:23 - mkk_pika - database.py:318 - INFO - 保存成功
2026-08-21 16:26:23 - mkk_pika - main.py:331 - INFO - 分批下载共计45本漫画
2026-08-21 16:26:23 - mkk_pika - main.py:35 - INFO - 开始检查 ケッコンカッコナワ 5 (艦隊これくしょん -艦これ-) 是否存在未下载章节
2026-08-21 16:26:23 - mkk_pika - main.py:45 - INFO - 正在下载:[ ケッコンカッコナワ 5 (艦隊これくしょん -艦これ-) ]-[ルームガーダー (ときのぶっと)]-[['短篇', '同人', '艦隊收藏', '純愛', 'SM']]-[total_pages:21]
2026-08-21 16:26:23 - mkk_pika - main.py:49 - INFO - [{'_id': '5c6a26f148b743648cc5d8dd', 'title': '第1集', 'order': 1, 'updated_at': '2019-02-18T03:17:16.398Z', 'id': '5c6a26f148b743648cc5d8dd'}]
2026-08-21 16:26:23 - mkk_pika - database.py:215 - INFO - 第一次下载该漫画，记录数据库中
2026-08-21 16:26:37 - mkk_pika - main.py:83 - INFO - 找到 21 张图片在:第1集
2026-08-21 16:26:37 - mkk_pika - main.py:112 - INFO - [episode:第1集       ] downloaded:    21, total:  21, progress:100%
2026-08-21 16:26:37 - mkk_pika - database.py:238 - INFO - 数据库更新已下载章节
2026-08-21 16:26:37 - mkk_pika - database.py:244 - INFO - 该漫画已下载章节如下
2026-08-21 16:26:37 - mkk_pika - database.py:245 - INFO - ['第1集']
2026-08-21 16:26:39 - mkk_pika - main.py:348 - INFO - ==================== 漫画信息 ====================
                                   漫画ID：5c6a26f148b743648cc5d8dc
                                   标题： ケッコンカッコナワ 5 (艦隊これくしょん -艦これ-) 
                                   作者：ルームガーダー (ときのぶっと)
                                   是否完结：是
                                   总页数：21
                                   分类：短篇,同人,艦隊收藏,純愛,SM
                                   章节数：1
                                   最后更新时间：2019-02-18T03:30:57.356Z
                                   =================================================
2026-08-21 16:26:39 - mkk_pika - database.py:101 - INFO - 保存成功： ケッコンカッコナワ 5 (艦隊これくしょん -艦これ-) 
2026-08-21 16:26:39 - mkk_pika - main.py:35 - INFO - 开始检查こいし養母との発情性欲生活 (東方Project)是否存在未下载章节
2026-08-21 16:26:39 - mkk_pika - main.py:45 - INFO - 正在下载:[こいし養母との発情性欲生活 (東方Project)]-[世捨人な漫画描き (ともきとものり)]-[['短篇', '同人', '東方']]-[total_pages:36]
2026-08-21 16:26:39 - mkk_pika - main.py:49 - INFO - [{'_id': '5c6a270cfe11a871a62f624d', 'title': '第1集', 'order': 1, 'updated_at': '2019-02-18T03:26:54.708Z', 'id': '5c6a270cfe11a871a62f624d'}]
2026-08-21 16:26:39 - mkk_pika - database.py:215 - INFO - 第一次下载该漫画，记录数据库中
2026-08-21 16:26:41 - mkk_pika - main.py:83 - INFO - 找到 36 张图片在:第1集
2026-08-21 16:26:42 - mkk_pika - main.py:112 - INFO - [episode:第1集       ] downloaded:    36, total:  36, progress:100%
2026-08-21 16:26:42 - mkk_pika - database.py:238 - INFO - 数据库更新已下载章节
2026-08-21 16:26:42 - mkk_pika - database.py:244 - INFO - 该漫画已下载章节如下
2026-08-21 16:26:42 - mkk_pika - database.py:245 - INFO - ['第1集']
2026-08-21 16:26:44 - mkk_pika - main.py:348 - INFO - ==================== 漫画信息 ====================
                                   漫画ID：5c6a270cfe11a871a62f624c
                                   标题：こいし養母との発情性欲生活 (東方Project)
                                   作者：世捨人な漫画描き (ともきとものり)
                                   是否完结：是
                                   总页数：36
                                   分类：短篇,同人,東方
                                   章节数：1
                                   最后更新时间：2019-02-18T03:31:24.724Z
                                   =================================================
2026-08-21 16:26:44 - mkk_pika - database.py:101 - INFO - 保存成功：こいし養母との発情性欲生活 (東方Project)
2026-08-21 16:26:44 - mkk_pika - main.py:35 - INFO - 开始检查マジカルニップルキッス♡1 プラス是否存在未下载章节
2026-08-21 16:26:44 - mkk_pika - main.py:45 - INFO - 正在下载:[マジカルニップルキッス♡1 プラス]-[ほむら屋★プレアデス (焔すばる)]-[['短篇', '純愛', '百合花園', 'SM']]-[total_pages:28]
2026-08-21 16:26:44 - mkk_pika - main.py:49 - INFO - [{'_id': '5c6a27eddcfdf27d4ecd09cc', 'title': '第1集', 'order': 1, 'updated_at': '2019-02-18T03:31:05.318Z', 'id': '5c6a27eddcfdf27d4ecd09cc'}]
2026-08-21 16:26:44 - mkk_pika - database.py:215 - INFO - 第一次下载该漫画，记录数据库中
2026-08-21 16:26:46 - mkk_pika - main.py:83 - INFO - 找到 28 张图片在:第1集
2026-08-21 16:26:46 - mkk_pika - main.py:112 - INFO - [episode:第1集       ] downloaded:    28, total:  28, progress:100%
2026-08-21 16:26:46 - mkk_pika - database.py:238 - INFO - 数据库更新已下载章节
2026-08-21 16:26:46 - mkk_pika - database.py:244 - INFO - 该漫画已下载章节如下
2026-08-21 16:26:46 - mkk_pika - database.py:245 - INFO - ['第1集']
2026-08-21 16:26:48 - mkk_pika - main.py:348 - INFO - ==================== 漫画信息 ====================
                                   漫画ID：5c6a27eddcfdf27d4ecd09cb
                                   标题：マジカルニップルキッス♡1 プラス
                                   作者：ほむら屋★プレアデス (焔すばる)
                                   是否完结：是
                                   总页数：28
                                   分类：短篇,純愛,百合花園,SM
                                   章节数：1
                                   最后更新时间：2019-02-18T03:35:09.594Z
                                   =================================================
2026-08-21 16:26:48 - mkk_pika - database.py:101 - INFO - 保存成功：マジカルニップルキッス♡1 プラス
2026-08-21 16:26:48 - mkk_pika - main.py:35 - INFO - 开始检查イジラレ～复仇催眠01-08 [中文完整]是否存在未下载章节
2026-08-21 16:26:48 - mkk_pika - main.py:45 - INFO - 正在下载:[イジラレ～复仇催眠01-08 [中文完整]]-[爱上陆]-[['長篇', '強暴', '後宮閃光']]-[total_pages:213]
2026-08-21 16:26:48 - mkk_pika - main.py:49 - INFO - [{'_id': '5c6a2c5adcfdf27d4ecd0a4f', 'title': '第1集', 'order': 1, 'updated_at': '2019-02-18T03:47:28.081Z', 'id': '5c6a2c5adcfdf27d4ecd0a4f'}]
2026-08-21 16:26:48 - mkk_pika - database.py:215 - INFO - 第一次下载该漫画，记录数据库中
2026-08-21 16:27:00 - mkk_pika - main.py:83 - INFO - 找到 213 张图片在:第1集
2026-08-21 16:27:04 - mkk_pika - main.py:112 - INFO - [episode:第1集       ] downloaded:   213, total: 213, progress:100%
2026-08-21 16:27:04 - mkk_pika - database.py:238 - INFO - 数据库更新已下载章节
2026-08-21 16:27:04 - mkk_pika - database.py:244 - INFO - 该漫画已下载章节如下
2026-08-21 16:27:04 - mkk_pika - database.py:245 - INFO - ['第1集']
2026-08-21 16:27:05 - mkk_pika - main.py:348 - INFO - ==================== 漫画信息 ====================
                                   漫画ID：5c6a2c5adcfdf27d4ecd0a4e
                                   标题：イジラレ～复仇催眠01-08 [中文完整]
                                   作者：爱上陆
                                   是否完结：否
                                   总页数：213
                                   分类：長篇,強暴,後宮閃光
                                   章节数：1
                                   最后更新时间：2019-02-18T03:54:02.265Z
                                   =================================================
2026-08-21 16:27:05 - mkk_pika - database.py:101 - INFO - 保存成功：イジラレ～复仇催眠01-08 [中文完整]
2026-08-21 16:27:05 - mkk_pika - main.py:35 - INFO - 开始检查(C95） BOKUTACHIHA SENSEIMO URUKAMO KAWAII (ぼくたちは勉強ができない)是否存在未下载章节
2026-08-21 16:27:06 - mkk_pika - main.py:45 - INFO - 正在下载:[(C95） BOKUTACHIHA SENSEIMO URUKAMO KAWAII (ぼくたちは勉強ができない)]-[PROJECTハラキリ (介錯)]-[['短篇', '純愛', '同人']]-[total_pages:19]
2026-08-21 16:27:06 - mkk_pika - main.py:49 - INFO - [{'_id': '5c6a3414faf9aa570a1cbf5c', 'title': '第1集', 'order': 1, 'updated_at': '2019-02-18T04:04:13.139Z', 'id': '5c6a3414faf9aa570a1cbf5c'}]
2026-08-21 16:27:06 - mkk_pika - database.py:215 - INFO - 第一次下载该漫画，记录数据库中
2026-08-21 16:27:21 - mkk_pika - main.py:375 - ERROR - Download failed for (C95） BOKUTACHIHA SENSEIMO URUKAMO KAWAII (ぼくたちは勉強ができない), with Exception:HTTPSConnectionPool(host='picaapi.picacomic.com', port=443): Read timed out. (read timeout=10)
2026-08-21 16:27:21 - mkk_pika - main.py:35 - INFO - 开始检查夕立去って 日が沈む 是否存在未下载章节
2026-08-21 16:27:21 - mkk_pika - main.py:45 - INFO - 正在下载:[夕立去って 日が沈む ]-[宏式堂 (宏式)]-[['同人', '艦隊收藏']]-[total_pages:36]
2026-08-21 16:27:21 - mkk_pika - main.py:49 - INFO - [{'_id': '5c6a380bfaf9aa570a1cbf8d', 'title': '第1集', 'order': 1, 'updated_at': '2019-02-18T04:30:58.442Z', 'id': '5c6a380bfaf9aa570a1cbf8d'}]
2026-08-21 16:27:21 - mkk_pika - database.py:215 - INFO - 第一次下载该漫画，记录数据库中
2026-08-21 16:27:27 - mkk_pika - main.py:83 - INFO - 找到 36 张图片在:第1集
2026-08-21 16:27:28 - mkk_pika - main.py:112 - INFO - [episode:第1集       ] downloaded:    36, total:  36, progress:100%
2026-08-21 16:27:28 - mkk_pika - database.py:238 - INFO - 数据库更新已下载章节
2026-08-21 16:27:28 - mkk_pika - database.py:244 - INFO - 该漫画已下载章节如下
2026-08-21 16:27:28 - mkk_pika - database.py:245 - INFO - ['第1集']
2026-08-21 16:27:29 - mkk_pika - main.py:348 - INFO - ==================== 漫画信息 ====================
                                   漫画ID：5c6a380bfaf9aa570a1cbf8c
                                   标题：夕立去って 日が沈む 
                                   作者：宏式堂 (宏式)
                                   是否完结：否
                                   总页数：36
                                   分类：同人,艦隊收藏
                                   章节数：1
                                   最后更新时间：2019-02-18T04:43:55.389Z
                                   =================================================
2026-08-21 16:27:29 - mkk_pika - database.py:101 - INFO - 保存成功：夕立去って 日が沈む 
2026-08-21 16:27:29 - mkk_pika - main.py:35 - INFO - 开始检查よっぱら愛宕さん (艦隊これくしょん-艦これ-)是否存在未下载章节
2026-08-21 16:27:29 - mkk_pika - main.py:45 - INFO - 正在下载:[よっぱら愛宕さん (艦隊これくしょん-艦これ-)]-[わたくび (笹井さじ)]-[['短篇', '同人', '艦隊收藏', '純愛']]-[total_pages:12]
2026-08-21 16:27:29 - mkk_pika - main.py:49 - INFO - [{'_id': '5c6a4ec20487607d1a956d88', 'title': '第1集', 'order': 1, 'updated_at': '2019-02-18T04:56:21.991Z', 'id': '5c6a4ec20487607d1a956d88'}]
2026-08-21 16:27:29 - mkk_pika - database.py:215 - INFO - 第一次下载该漫画，记录数据库中
2026-08-21 16:27:41 - mkk_pika - main.py:83 - INFO - 找到 12 张图片在:第1集
2026-08-21 16:27:42 - mkk_pika - main.py:112 - INFO - [episode:第1集       ] downloaded:    12, total:  12, progress:100%
2026-08-21 16:27:42 - mkk_pika - database.py:238 - INFO - 数据库更新已下载章节
2026-08-21 16:27:42 - mkk_pika - database.py:244 - INFO - 该漫画已下载章节如下
2026-08-21 16:27:42 - mkk_pika - database.py:245 - INFO - ['第1集']
2026-08-21 16:27:43 - mkk_pika - main.py:348 - INFO - ==================== 漫画信息 ====================
                                   漫画ID：5c6a4ec20487607d1a956d87
                                   标题：よっぱら愛宕さん (艦隊これくしょん-艦これ-)
                                   作者：わたくび (笹井さじ)
                                   是否完结：是
                                   总页数：12
                                   分类：短篇,同人,艦隊收藏,純愛
                                   章节数：1
                                   最后更新时间：2019-02-18T06:20:50.672Z
                                   =================================================
2026-08-21 16:27:43 - mkk_pika - database.py:101 - INFO - 保存成功：よっぱら愛宕さん (艦隊これくしょん-艦これ-)
2026-08-21 16:27:43 - mkk_pika - main.py:35 - INFO - 开始检查樹里プレイ (アイドルマスター シャイニーカラーズ)是否存在未下载章节
2026-08-21 16:27:44 - mkk_pika - main.py:45 - INFO - 正在下载:[樹里プレイ (アイドルマスター シャイニーカラーズ)]-[拳王親衛隊 (栗原ケンシロウ)]-[['短篇', '同人', '純愛']]-[total_pages:30]
2026-08-21 16:27:44 - mkk_pika - main.py:49 - INFO - [{'_id': '5c6a4ed3dcfdf27d4ecd0bb8', 'title': '第1集', 'order': 1, 'updated_at': '2019-02-18T05:15:36.213Z', 'id': '5c6a4ed3dcfdf27d4ecd0bb8'}]
2026-08-21 16:27:44 - mkk_pika - database.py:215 - INFO - 第一次下载该漫画，记录数据库中
2026-08-21 16:28:00 - mkk_pika - main.py:83 - INFO - 找到 30 张图片在:第1集
2026-08-21 16:28:01 - mkk_pika - main.py:112 - INFO - [episode:第1集       ] downloaded:    30, total:  30, progress:100%
2026-08-21 16:28:01 - mkk_pika - database.py:238 - INFO - 数据库更新已下载章节
2026-08-21 16:28:01 - mkk_pika - database.py:244 - INFO - 该漫画已下载章节如下
2026-08-21 16:28:01 - mkk_pika - database.py:245 - INFO - ['第1集']
2026-08-21 16:28:02 - mkk_pika - main.py:348 - INFO - ==================== 漫画信息 ====================
                                   漫画ID：5c6a4ed3dcfdf27d4ecd0bb7
                                   标题：樹里プレイ (アイドルマスター シャイニーカラーズ)
                                   作者：拳王親衛隊 (栗原ケンシロウ)
                                   是否完结：是
                                   总页数：30
                                   分类：短篇,同人,純愛
                                   章节数：1
                                   最后更新时间：2019-02-18T06:21:07.798Z
                                   =================================================
2026-08-21 16:28:02 - mkk_pika - database.py:101 - INFO - 保存成功：樹里プレイ (アイドルマスター シャイニーカラーズ)
2026-08-21 16:28:02 - mkk_pika - main.py:35 - INFO - 开始检查天津風に首ったけ (艦隊これくしょん -艦これ-)是否存在未下载章节
2026-08-21 16:28:02 - mkk_pika - main.py:45 - INFO - 正在下载:[天津風に首ったけ (艦隊これくしょん -艦これ-)]-[桜色影法師 (ナズナ)]-[['同人', '短篇', '艦隊收藏', '全彩']]-[total_pages:25]
2026-08-21 16:28:02 - mkk_pika - main.py:49 - INFO - [{'_id': '5c6a4ee9ea9d9e716eb382d8', 'title': '第1集', 'order': 1, 'updated_at': '2019-02-18T05:24:27.165Z', 'id': '5c6a4ee9ea9d9e716eb382d8'}]
2026-08-21 16:28:02 - mkk_pika - database.py:215 - INFO - 第一次下载该漫画，记录数据库中
2026-08-21 16:28:18 - mkk_pika - main.py:375 - ERROR - Download failed for 天津風に首ったけ (艦隊これくしょん -艦これ-), with Exception:HTTPSConnectionPool(host='picaapi.picacomic.com', port=443): Read timed out. (read timeout=10)
2026-08-21 16:28:18 - mkk_pika - main.py:35 - INFO - 开始检查佐藤くんは覗ている。 神様アプリで女の子のココロをノゾいたらど××だった是否存在未下载章节
2026-08-21 16:28:18 - mkk_pika - main.py:45 - INFO - 正在下载:[佐藤くんは覗ている。 神様アプリで女の子のココロをノゾいたらど××だった]-[ゆきの]-[['長篇']]-[total_pages:157]
2026-08-21 16:28:18 - mkk_pika - main.py:49 - INFO - [{'_id': '5c6a8ab90487607d1a957078', 'title': '第1集', 'order': 1, 'updated_at': '2019-02-18T07:10:41.453Z', 'id': '5c6a8ab90487607d1a957078'}]
2026-08-21 16:28:18 - mkk_pika - database.py:215 - INFO - 第一次下载该漫画，记录数据库中
2026-08-21 16:28:37 - mkk_pika - main.py:375 - ERROR - Download failed for 佐藤くんは覗ている。 神様アプリで女の子のココロをノゾいたらど××だった, with Exception:HTTPSConnectionPool(host='picaapi.picacomic.com', port=443): Read timed out. (read timeout=10)
2026-08-21 16:28:37 - mkk_pika - main.py:35 - INFO - 开始检查おいでませにゃんにゃん (過來讓我來疼愛妳小貓咪)是否存在未下载章节
2026-08-21 16:28:38 - mkk_pika - main.py:45 - INFO - 正在下载:[おいでませにゃんにゃん (過來讓我來疼愛妳小貓咪)]-[こんちき]-[['長篇', '非人類']]-[total_pages:226]
2026-08-21 16:28:38 - mkk_pika - main.py:49 - INFO - [{'_id': '5c6a8add0487607d1a957118', 'title': '第1集', 'order': 1, 'updated_at': '2019-02-18T07:23:54.586Z', 'id': '5c6a8add0487607d1a957118'}]
2026-08-21 16:28:38 - mkk_pika - database.py:215 - INFO - 第一次下载该漫画，记录数据库中
2026-08-21 16:28:50 - mkk_pika - main.py:375 - ERROR - Download failed for おいでませにゃんにゃん (過來讓我來疼愛妳小貓咪), with Exception:HTTPSConnectionPool(host='picaapi.picacomic.com', port=443): Read timed out. (read timeout=10)
2026-08-21 16:28:50 - mkk_pika - main.py:35 - INFO - 开始检查げんきがないならしてあげる是否存在未下载章节
2026-08-21 16:28:50 - mkk_pika - main.py:45 - INFO - 正在下载:[げんきがないならしてあげる]-[オセロアイス (shuz)]-[['短篇']]-[total_pages:26]
2026-08-21 16:28:50 - mkk_pika - main.py:49 - INFO - [{'_id': '5c6aa38fe840d057404d663b', 'title': '第1集', 'order': 1, 'updated_at': '2019-02-18T07:21:31.508Z', 'id': '5c6aa38fe840d057404d663b'}]
2026-08-21 16:28:50 - mkk_pika - database.py:215 - INFO - 第一次下载该漫画，记录数据库中
2026-08-21 16:28:56 - mkk_pika - main.py:83 - INFO - 找到 26 张图片在:第1集
2026-08-21 16:28:57 - mkk_pika - main.py:112 - INFO - [episode:第1集       ] downloaded:    26, total:  26, progress:100%
2026-08-21 16:28:57 - mkk_pika - database.py:238 - INFO - 数据库更新已下载章节
2026-08-21 16:28:57 - mkk_pika - database.py:244 - INFO - 该漫画已下载章节如下
2026-08-21 16:28:57 - mkk_pika - database.py:245 - INFO - ['第1集']
2026-08-21 16:28:58 - mkk_pika - main.py:348 - INFO - ==================== 漫画信息 ====================
                                   漫画ID：5c6aa38fe840d057404d663a
                                   标题：げんきがないならしてあげる
                                   作者：オセロアイス (shuz)
                                   是否完结：是
                                   总页数：26
                                   分类：短篇
                                   章节数：1
                                   最后更新时间：2019-02-18T12:22:39.311Z
                                   =================================================
2026-08-21 16:28:58 - mkk_pika - database.py:101 - INFO - 保存成功：げんきがないならしてあげる
2026-08-21 16:28:58 - mkk_pika - main.py:35 - INFO - 开始检查じゅうかんぐらし! (がっこうぐらし!)（汉化）是否存在未下载章节
2026-08-21 16:28:58 - mkk_pika - main.py:45 - INFO - 正在下载:[じゅうかんぐらし! (がっこうぐらし!)（汉化）]-[漸速ライダー (天漸雅)]-[['同人', '短篇', '非人類']]-[total_pages:26]
2026-08-21 16:28:58 - mkk_pika - main.py:49 - INFO - [{'_id': '5c6aa3a991f47c57108ac369', 'title': '第1集', 'order': 1, 'updated_at': '2019-02-18T07:26:08.018Z', 'id': '5c6aa3a991f47c57108ac369'}]
2026-08-21 16:28:58 - mkk_pika - database.py:215 - INFO - 第一次下载该漫画，记录数据库中
2026-08-21 16:29:02 - mkk_pika - main.py:83 - INFO - 找到 26 张图片在:第1集
2026-08-21 16:29:02 - mkk_pika - main.py:112 - INFO - [episode:第1集       ] downloaded:    26, total:  26, progress:100%
2026-08-21 16:29:02 - mkk_pika - database.py:238 - INFO - 数据库更新已下载章节
2026-08-21 16:29:02 - mkk_pika - database.py:244 - INFO - 该漫画已下载章节如下
2026-08-21 16:29:02 - mkk_pika - database.py:245 - INFO - ['第1集']
2026-08-21 16:29:04 - mkk_pika - main.py:348 - INFO - ==================== 漫画信息 ====================
                                   漫画ID：5c6aa3a991f47c57108ac368
                                   标题：じゅうかんぐらし! (がっこうぐらし!)（汉化）
                                   作者：漸速ライダー (天漸雅)
                                   是否完结：是
                                   总页数：26
                                   分类：同人,短篇,非人類
                                   章节数：1
                                   最后更新时间：2019-02-18T12:23:05.596Z
                                   =================================================
2026-08-21 16:29:04 - mkk_pika - database.py:101 - INFO - 保存成功：じゅうかんぐらし! (がっこうぐらし!)（汉化）
2026-08-21 16:29:04 - mkk_pika - main.py:35 - INFO - 开始检查レティエスの導き VOL.3是否存在未下载章节
2026-08-21 16:29:04 - mkk_pika - main.py:45 - INFO - 正在下载:[レティエスの導き VOL.3]-[MM館 (向正義)]-[['短篇', '強暴', '非人類']]-[total_pages:31]
2026-08-21 16:29:04 - mkk_pika - main.py:49 - INFO - [{'_id': '5c6aa7eec520b864c016c7a7', 'title': '第1集', 'order': 1, 'updated_at': '2019-02-18T07:57:37.634Z', 'id': '5c6aa7eec520b864c016c7a7'}]
2026-08-21 16:29:04 - mkk_pika - database.py:215 - INFO - 第一次下载该漫画，记录数据库中
2026-08-21 16:29:15 - mkk_pika - main.py:375 - ERROR - Download failed for レティエスの導き VOL.3, with Exception:HTTPSConnectionPool(host='picaapi.picacomic.com', port=443): Read timed out. (read timeout=10)
2026-08-21 16:29:15 - mkk_pika - main.py:35 - INFO - 开始检查(C94)おにいちゃんはおなぺっと（汉化）是否存在未下载章节
2026-08-21 16:29:17 - mkk_pika - main.py:45 - INFO - 正在下载:[(C94)おにいちゃんはおなぺっと（汉化）]-[ぽよぽよスカイ (佐伯ソラ)]-[['短篇', '妹妹系', '純愛']]-[total_pages:20]
2026-08-21 16:29:17 - mkk_pika - main.py:49 - INFO - [{'_id': '5c6aa86c0487607d1a95732a', 'title': '第1集', 'order': 1, 'updated_at': '2019-02-18T05:28:29.589Z', 'id': '5c6aa86c0487607d1a95732a'}]
2026-08-21 16:29:17 - mkk_pika - database.py:215 - INFO - 第一次下载该漫画，记录数据库中
2026-08-21 16:29:28 - mkk_pika - main.py:375 - ERROR - Download failed for (C94)おにいちゃんはおなぺっと（汉化）, with Exception:HTTPSConnectionPool(host='picaapi.picacomic.com', port=443): Read timed out. (read timeout=10)
2026-08-21 16:29:28 - mkk_pika - main.py:35 - INFO - 开始检查制服触手10是否存在未下载章节
2026-08-21 16:29:28 - mkk_pika - main.py:45 - INFO - 正在下载:[制服触手10]-[黒澤pict (黒澤清崇)]-[['短篇', '非人類', '純愛']]-[total_pages:28]
2026-08-21 16:29:28 - mkk_pika - main.py:49 - INFO - [{'_id': '5c6aa8d46ef6c264cca90bb5', 'title': '第1集', 'order': 1, 'updated_at': '2019-02-18T07:45:23.715Z', 'id': '5c6aa8d46ef6c264cca90bb5'}]
2026-08-21 16:29:28 - mkk_pika - database.py:215 - INFO - 第一次下载该漫画，记录数据库中
2026-08-21 16:29:41 - mkk_pika - main.py:375 - ERROR - Download failed for 制服触手10, with Exception:HTTPSConnectionPool(host='picaapi.picacomic.com', port=443): Read timed out. (read timeout=10)
2026-08-21 16:29:41 - mkk_pika - main.py:35 - INFO - 开始检查 鹿島深海に堕つ (艦隊これくしょん -艦これ-)是否存在未下载章节
2026-08-21 16:29:41 - mkk_pika - main.py:45 - INFO - 正在下载:[ 鹿島深海に堕つ (艦隊これくしょん -艦これ-)]-[塩ちょこ (ナハ78)]-[['短篇', '同人', '艦隊收藏']]-[total_pages:27]
2026-08-21 16:29:41 - mkk_pika - main.py:49 - INFO - [{'_id': '5c6aaec6a80a5557413d4619', 'title': '第1集', 'order': 1, 'updated_at': '2019-02-18T08:13:16.563Z', 'id': '5c6aaec6a80a5557413d4619'}]
2026-08-21 16:29:41 - mkk_pika - database.py:215 - INFO - 第一次下载该漫画，记录数据库中
2026-08-21 16:30:00 - mkk_pika - main.py:375 - ERROR - Download failed for  鹿島深海に堕つ (艦隊これくしょん -艦これ-), with Exception:HTTPSConnectionPool(host='picaapi.picacomic.com', port=443): Read timed out. (read timeout=10)
2026-08-21 16:30:00 - mkk_pika - main.py:35 - INFO - 开始检查もんもんアニマルガール是否存在未下载章节
2026-08-21 16:30:00 - mkk_pika - main.py:45 - INFO - 正在下载:[もんもんアニマルガール]-[さめだ小判]-[['長篇']]-[total_pages:230]
2026-08-21 16:30:00 - mkk_pika - main.py:49 - INFO - [{'_id': '5c6aaed888d6ea6494449717', 'title': '第1集', 'order': 1, 'updated_at': '2019-02-18T08:13:46.237Z', 'id': '5c6aaed888d6ea6494449717'}]
2026-08-21 16:30:00 - mkk_pika - database.py:215 - INFO - 第一次下载该漫画，记录数据库中
2026-08-21 16:30:17 - mkk_pika - main.py:375 - ERROR - Download failed for もんもんアニマルガール, with Exception:HTTPSConnectionPool(host='picaapi.picacomic.com', port=443): Read timed out. (read timeout=10)
2026-08-21 16:30:17 - mkk_pika - main.py:35 - INFO - 开始检查(C93) [戦いの軌跡 (戦友)] 保健室 (ラブライブ! サンシャイン!!)是否存在未下载章节
2026-08-21 16:30:17 - mkk_pika - main.py:45 - INFO - 正在下载:[(C93) [戦いの軌跡 (戦友)] 保健室 (ラブライブ! サンシャイン!!)]-[Senyuu]-[['同人', '短篇', '百合花園', 'Love Live']]-[total_pages:30]
2026-08-21 16:30:17 - mkk_pika - main.py:49 - INFO - [{'_id': '5c6aafdc179363719e96e961', 'title': '第1集', 'order': 1, 'updated_at': '2019-02-18T09:57:18.433Z', 'id': '5c6aafdc179363719e96e961'}]
2026-08-21 16:30:17 - mkk_pika - database.py:215 - INFO - 第一次下载该漫画，记录数据库中
2026-08-21 16:30:27 - mkk_pika - main.py:375 - ERROR - Download failed for (C93) [戦いの軌跡 (戦友)] 保健室 (ラブライブ! サンシャイン!!), with Exception:HTTPSConnectionPool(host='picaapi.picacomic.com', port=443): Read timed out. (read timeout=10)
2026-08-21 16:30:27 - mkk_pika - main.py:35 - INFO - 开始检查(C95) アイネクライネ (Fate/Grand Order)是否存在未下载章节
2026-08-21 16:30:28 - mkk_pika - main.py:45 - INFO - 正在下载:[(C95) アイネクライネ (Fate/Grand Order)]-[HappyBirthday (丸ちゃん。)]-[['同人', '短篇', 'Fate']]-[total_pages:20]
2026-08-21 16:30:28 - mkk_pika - main.py:49 - INFO - [{'_id': '5c6aaffc2753db71669ebad7', 'title': '第1集', 'order': 1, 'updated_at': '2019-02-18T10:20:01.506Z', 'id': '5c6aaffc2753db71669ebad7'}]
2026-08-21 16:30:28 - mkk_pika - database.py:215 - INFO - 第一次下载该漫画，记录数据库中
2026-08-21 16:30:38 - mkk_pika - main.py:375 - ERROR - Download failed for (C95) アイネクライネ (Fate/Grand Order), with Exception:HTTPSConnectionPool(host='picaapi.picacomic.com', port=443): Read timed out. (read timeout=10)
2026-08-21 16:30:38 - mkk_pika - main.py:35 - INFO - 开始检查(C89)神通の想い (艦隊これくしょん -艦これ-)是否存在未下载章节
2026-08-21 16:30:38 - mkk_pika - main.py:45 - INFO - 正在下载:[(C89)神通の想い (艦隊これくしょん -艦これ-)]-[ L5EX (Kamelie)]-[['短篇', '同人']]-[total_pages:28]
2026-08-21 16:30:38 - mkk_pika - main.py:49 - INFO - [{'_id': '5c6ab0266ef6c264cca91259', 'title': '第1集', 'order': 1, 'updated_at': '2019-02-18T11:11:55.385Z', 'id': '5c6ab0266ef6c264cca91259'}]
2026-08-21 16:30:38 - mkk_pika - database.py:215 - INFO - 第一次下载该漫画，记录数据库中
2026-08-21 16:30:48 - mkk_pika - main.py:375 - ERROR - Download failed for (C89)神通の想い (艦隊これくしょん -艦これ-), with Exception:HTTPSConnectionPool(host='picaapi.picacomic.com', port=443): Read timed out. (read timeout=10)
2026-08-21 16:30:48 - mkk_pika - main.py:35 - INFO - 开始检查(C95)おんなのこのまゆ4 -ちとせまちうた- v2是否存在未下载章节
2026-08-21 16:30:49 - mkk_pika - main.py:45 - INFO - 正在下载:[(C95)おんなのこのまゆ4 -ちとせまちうた- v2]-[ ココアホリック (ユイザキカズヤ)]-[['短篇', '同人']]-[total_pages:36]
2026-08-21 16:30:49 - mkk_pika - main.py:49 - INFO - [{'_id': '5c6ab0b1ea9d9e716eb3870f', 'title': '第1集', 'order': 1, 'updated_at': '2019-02-18T11:37:15.784Z', 'id': '5c6ab0b1ea9d9e716eb3870f'}]
2026-08-21 16:30:49 - mkk_pika - database.py:215 - INFO - 第一次下载该漫画，记录数据库中
2026-08-21 16:31:05 - mkk_pika - main.py:375 - ERROR - Download failed for (C95)おんなのこのまゆ4 -ちとせまちうた- v2, with Exception:HTTPSConnectionPool(host='picaapi.picacomic.com', port=443): Read timed out. (read timeout=10)
2026-08-21 16:31:05 - mkk_pika - main.py:35 - INFO - 开始检查(C95) ココチノみせあいっこ本!! (ご注文はうさぎですか)是否存在未下载章节
2026-08-21 16:31:05 - mkk_pika - main.py:45 - INFO - 正在下载:[(C95) ココチノみせあいっこ本!! (ご注文はうさぎですか)]-[ココアホリック (ユイザキカズヤ)]-[['短篇', '同人']]-[total_pages:17]
2026-08-21 16:31:05 - mkk_pika - main.py:49 - INFO - [{'_id': '5c6ab0da3892cd7d22198334', 'title': '第1集', 'order': 1, 'updated_at': '2019-02-18T11:53:52.276Z', 'id': '5c6ab0da3892cd7d22198334'}]
2026-08-21 16:31:05 - mkk_pika - database.py:215 - INFO - 第一次下载该漫画，记录数据库中
2026-08-21 16:31:15 - mkk_pika - main.py:375 - ERROR - Download failed for (C95) ココチノみせあいっこ本!! (ご注文はうさぎですか), with Exception:HTTPSConnectionPool(host='picaapi.picacomic.com', port=443): Read timed out. (read timeout=10)
2026-08-21 16:31:15 - mkk_pika - main.py:35 - INFO - 开始检查穢れ社の乙女たち是否存在未下载章节
2026-08-21 16:31:16 - mkk_pika - main.py:45 - INFO - 正在下载:[穢れ社の乙女たち]-[MAKI]-[['長篇', '單行本', '非人類']]-[total_pages:172]
2026-08-21 16:31:16 - mkk_pika - main.py:49 - INFO - [{'_id': '5c6ab0e86ef6c264cca912a8', 'title': '第1集', 'order': 1, 'updated_at': '2019-02-16T14:28:37.266Z', 'id': '5c6ab0e86ef6c264cca912a8'}]
2026-08-21 16:31:16 - mkk_pika - database.py:215 - INFO - 第一次下载该漫画，记录数据库中
2026-08-21 16:31:36 - mkk_pika - main.py:375 - ERROR - Download failed for 穢れ社の乙女たち, with Exception:HTTPSConnectionPool(host='picaapi.picacomic.com', port=443): Read timed out. (read timeout=10)
2026-08-21 16:31:36 - mkk_pika - main.py:35 - INFO - 开始检查魔法的彼女是否存在未下载章节
2026-08-21 16:31:37 - mkk_pika - main.py:45 - INFO - 正在下载:[魔法的彼女]-[高冈基文]-[['短篇', '後宮閃光', '單行本', '姐姐系', '妹妹系', 'NTR']]-[total_pages:241]
2026-08-21 16:31:37 - mkk_pika - main.py:49 - INFO - [{'_id': '5c6ab393c7832b7d5aa60182', 'title': '1', 'order': 1, 'updated_at': '2019-02-18T12:07:32.430Z', 'id': '5c6ab393c7832b7d5aa60182'}]
2026-08-21 16:31:37 - mkk_pika - database.py:215 - INFO - 第一次下载该漫画，记录数据库中
2026-08-21 16:31:56 - mkk_pika - main.py:83 - INFO - 找到 241 张图片在:1
2026-08-21 16:32:00 - mkk_pika - main.py:112 - INFO - [episode:1         ] downloaded:   241, total: 241, progress:100%
2026-08-21 16:32:00 - mkk_pika - database.py:238 - INFO - 数据库更新已下载章节
2026-08-21 16:32:00 - mkk_pika - database.py:244 - INFO - 该漫画已下载章节如下
2026-08-21 16:32:00 - mkk_pika - database.py:245 - INFO - ['1']
2026-08-21 16:32:01 - mkk_pika - main.py:348 - INFO - ==================== 漫画信息 ====================
                                   漫画ID：5c6ab393c7832b7d5aa60181
                                   标题：魔法的彼女
                                   作者：高冈基文
                                   是否完结：否
                                   总页数：241
                                   分类：短篇,後宮閃光,單行本,姐姐系,妹妹系,NTR
                                   章节数：1
                                   最后更新时间：2019-02-18T13:30:59.804Z
                                   =================================================
2026-08-21 16:32:01 - mkk_pika - database.py:101 - INFO - 保存成功：魔法的彼女
2026-08-21 16:32:01 - mkk_pika - main.py:35 - INFO - 开始检查Y●u Tuber暁 第1-25回是否存在未下载章节
2026-08-21 16:32:02 - mkk_pika - main.py:45 - INFO - 正在下载:[Y●u Tuber暁 第1-25回]-[にょにょ]-[['全彩', '同人', '短篇', '艦隊收藏']]-[total_pages:20]
2026-08-21 16:32:02 - mkk_pika - main.py:49 - INFO - [{'_id': '5c6ab45588d6ea64944499da', 'title': '第1集', 'order': 1, 'updated_at': '2019-02-18T12:22:20.502Z', 'id': '5c6ab45588d6ea64944499da'}]
2026-08-21 16:32:02 - mkk_pika - database.py:215 - INFO - 第一次下载该漫画，记录数据库中
2026-08-21 16:32:12 - mkk_pika - main.py:375 - ERROR - Download failed for Y●u Tuber暁 第1-25回, with Exception:HTTPSConnectionPool(host='picaapi.picacomic.com', port=443): Read timed out. (read timeout=10)
2026-08-21 16:32:12 - mkk_pika - main.py:35 - INFO - 开始检查発情之書是否存在未下载章节
2026-08-21 16:32:12 - mkk_pika - main.py:45 - INFO - 正在下载:[発情之書]-[ぜのさいど (是乃)]-[['同人', '短篇', '東方']]-[total_pages:24]
2026-08-21 16:32:12 - mkk_pika - main.py:49 - INFO - [{'_id': '5c6ab464ea9d9e716eb3875a', 'title': '第1集', 'order': 1, 'updated_at': '2019-02-18T12:33:28.862Z', 'id': '5c6ab464ea9d9e716eb3875a'}]
2026-08-21 16:32:12 - mkk_pika - database.py:215 - INFO - 第一次下载该漫画，记录数据库中
2026-08-21 16:32:22 - mkk_pika - main.py:375 - ERROR - Download failed for 発情之書, with Exception:HTTPSConnectionPool(host='picaapi.picacomic.com', port=443): Read timed out. (read timeout=10)
2026-08-21 16:32:22 - mkk_pika - main.py:35 - INFO - 开始检查黒ギャル部長（KGB）奮闘記！是否存在未下载章节
2026-08-21 16:32:23 - mkk_pika - main.py:45 - INFO - 正在下载:[黒ギャル部長（KGB）奮闘記！]-[ブルマン]-[['短篇', '後宮閃光']]-[total_pages:24]
2026-08-21 16:32:23 - mkk_pika - main.py:49 - INFO - [{'_id': '5c6ab4d9fe11a871a62f68a4', 'title': '第1集', 'order': 1, 'updated_at': '2019-02-18T08:24:13.332Z', 'id': '5c6ab4d9fe11a871a62f68a4'}]
2026-08-21 16:32:23 - mkk_pika - database.py:215 - INFO - 第一次下载该漫画，记录数据库中
2026-08-21 16:32:33 - mkk_pika - main.py:375 - ERROR - Download failed for 黒ギャル部長（KGB）奮闘記！, with Exception:HTTPSConnectionPool(host='picaapi.picacomic.com', port=443): Read timed out. (read timeout=10)
2026-08-21 16:32:33 - mkk_pika - main.py:35 - INFO - 开始检查獄城姦—絹笠眠瞳・懲役実刑1年6か月是否存在未下载章节
2026-08-21 16:32:34 - mkk_pika - main.py:45 - INFO - 正在下载:[獄城姦—絹笠眠瞳・懲役実刑1年6か月]-[hal]-[['短篇', '強暴']]-[total_pages:23]
2026-08-21 16:32:34 - mkk_pika - main.py:49 - INFO - [{'_id': '5c6ab4f1ea9d9e716eb38777', 'title': '第1集', 'order': 1, 'updated_at': '2019-02-18T08:53:25.657Z', 'id': '5c6ab4f1ea9d9e716eb38777'}]
2026-08-21 16:32:34 - mkk_pika - database.py:215 - INFO - 第一次下载该漫画，记录数据库中
2026-08-21 16:32:35 - mkk_pika - main.py:83 - INFO - 找到 23 张图片在:第1集
2026-08-21 16:32:35 - mkk_pika - main.py:112 - INFO - [episode:第1集       ] downloaded:    23, total:  23, progress:100%
2026-08-21 16:32:35 - mkk_pika - database.py:238 - INFO - 数据库更新已下载章节
2026-08-21 16:32:35 - mkk_pika - database.py:244 - INFO - 该漫画已下载章节如下
2026-08-21 16:32:35 - mkk_pika - database.py:245 - INFO - ['第1集']
2026-08-21 16:32:37 - mkk_pika - main.py:348 - INFO - ==================== 漫画信息 ====================
                                   漫画ID：5c6ab4f1ea9d9e716eb38776
                                   标题：獄城姦—絹笠眠瞳・懲役実刑1年6か月
                                   作者：hal
                                   是否完结：是
                                   总页数：23
                                   分类：短篇,強暴
                                   章节数：1
                                   最后更新时间：2019-02-18T13:36:49.363Z
                                   =================================================
2026-08-21 16:32:37 - mkk_pika - database.py:101 - INFO - 保存成功：獄城姦—絹笠眠瞳・懲役実刑1年6か月
2026-08-21 16:32:37 - mkk_pika - main.py:35 - INFO - 开始检查くっつきぼし -なつのおわりに- (くっつきぼし)（汉化）是否存在未下载章节
2026-08-21 16:32:37 - mkk_pika - main.py:45 - INFO - 正在下载:[くっつきぼし -なつのおわりに- (くっつきぼし)（汉化）]-[石川プロ (石川直哉)]-[['短篇', '同人', '百合花園', '全彩']]-[total_pages:21]
2026-08-21 16:32:37 - mkk_pika - main.py:49 - INFO - [{'_id': '5c6ab502e840d057404d6c37', 'title': '第1集', 'order': 1, 'updated_at': '2019-02-18T09:41:22.429Z', 'id': '5c6ab502e840d057404d6c37'}]
2026-08-21 16:32:37 - mkk_pika - database.py:215 - INFO - 第一次下载该漫画，记录数据库中
2026-08-21 16:32:47 - mkk_pika - main.py:83 - INFO - 找到 21 张图片在:第1集
2026-08-21 16:32:48 - mkk_pika - main.py:112 - INFO - [episode:第1集       ] downloaded:    21, total:  21, progress:100%
2026-08-21 16:32:48 - mkk_pika - database.py:238 - INFO - 数据库更新已下载章节
2026-08-21 16:32:48 - mkk_pika - database.py:244 - INFO - 该漫画已下载章节如下
2026-08-21 16:32:48 - mkk_pika - database.py:245 - INFO - ['第1集']
2026-08-21 16:32:50 - mkk_pika - main.py:348 - INFO - ==================== 漫画信息 ====================
                                   漫画ID：5c6ab502e840d057404d6c36
                                   标题：くっつきぼし -なつのおわりに- (くっつきぼし)（汉化）
                                   作者：石川プロ (石川直哉)
                                   是否完结：是
                                   总页数：21
                                   分类：短篇,同人,百合花園,全彩
                                   章节数：1
                                   最后更新时间：2019-02-18T13:37:06.137Z
                                   =================================================
2026-08-21 16:32:50 - mkk_pika - database.py:101 - INFO - 保存成功：くっつきぼし -なつのおわりに- (くっつきぼし)（汉化）
2026-08-21 16:32:50 - mkk_pika - main.py:35 - INFO - 开始检查シチュ 7是否存在未下载章节
2026-08-21 16:32:50 - mkk_pika - main.py:45 - INFO - 正在下载:[シチュ 7]-[まるしゃも]-[['短篇']]-[total_pages:21]
2026-08-21 16:32:50 - mkk_pika - main.py:49 - INFO - [{'_id': '5c6ab51491f47c57108ac70b', 'title': '第1集', 'order': 1, 'updated_at': '2019-02-18T09:53:11.818Z', 'id': '5c6ab51491f47c57108ac70b'}]
2026-08-21 16:32:50 - mkk_pika - database.py:215 - INFO - 第一次下载该漫画，记录数据库中
2026-08-21 16:33:01 - mkk_pika - main.py:83 - INFO - 找到 21 张图片在:第1集
2026-08-21 16:33:01 - mkk_pika - main.py:112 - INFO - [episode:第1集       ] downloaded:    21, total:  21, progress:100%
2026-08-21 16:33:01 - mkk_pika - database.py:238 - INFO - 数据库更新已下载章节
2026-08-21 16:33:01 - mkk_pika - database.py:244 - INFO - 该漫画已下载章节如下
2026-08-21 16:33:01 - mkk_pika - database.py:245 - INFO - ['第1集']
2026-08-21 16:33:03 - mkk_pika - main.py:348 - INFO - ==================== 漫画信息 ====================
                                   漫画ID：5c6ab51491f47c57108ac70a
                                   标题：シチュ 7
                                   作者：まるしゃも
                                   是否完结：是
                                   总页数：21
                                   分类：短篇
                                   章节数：1
                                   最后更新时间：2019-02-18T13:37:24.571Z
                                   =================================================
2026-08-21 16:33:03 - mkk_pika - database.py:101 - INFO - 保存成功：シチュ 7
2026-08-21 16:33:03 - mkk_pika - main.py:35 - INFO - 开始检查肝川肝牆 (少女前線)是否存在未下载章节
2026-08-21 16:33:04 - mkk_pika - main.py:45 - INFO - 正在下载:[肝川肝牆 (少女前線)]-[今晚吃毒不畫圖 (九曜)]-[['短篇', '同人', '純愛']]-[total_pages:25]
2026-08-21 16:33:04 - mkk_pika - main.py:49 - INFO - [{'_id': '5c6ab52e88d6ea64944499fd', 'title': '第1集', 'order': 1, 'updated_at': '2019-02-18T08:35:55.957Z', 'id': '5c6ab52e88d6ea64944499fd'}]
2026-08-21 16:33:04 - mkk_pika - database.py:215 - INFO - 第一次下载该漫画，记录数据库中
2026-08-21 16:33:06 - mkk_pika - main.py:83 - INFO - 找到 25 张图片在:第1集
2026-08-21 16:33:07 - mkk_pika - main.py:112 - INFO - [episode:第1集       ] downloaded:    25, total:  25, progress:100%
2026-08-21 16:33:07 - mkk_pika - database.py:238 - INFO - 数据库更新已下载章节
2026-08-21 16:33:07 - mkk_pika - database.py:244 - INFO - 该漫画已下载章节如下
2026-08-21 16:33:07 - mkk_pika - database.py:245 - INFO - ['第1集']
2026-08-21 16:33:08 - mkk_pika - main.py:348 - INFO - ==================== 漫画信息 ====================
                                   漫画ID：5c6ab52e88d6ea64944499fc
                                   标题：肝川肝牆 (少女前線)
                                   作者：今晚吃毒不畫圖 (九曜)
                                   是否完结：是
                                   总页数：25
                                   分类：短篇,同人,純愛
                                   章节数：1
                                   最后更新时间：2019-02-18T13:37:50.681Z
                                   =================================================
2026-08-21 16:33:08 - mkk_pika - database.py:101 - INFO - 保存成功：肝川肝牆 (少女前線)
2026-08-21 16:33:08 - mkk_pika - main.py:35 - INFO - 开始检查(砲雷撃戦! よーい! 二十八戦目) 初風のケッコン初夜 (艦隊これくしょん -艦これ-)是否存在未下载章节
2026-08-21 16:33:08 - mkk_pika - main.py:45 - INFO - 正在下载:[(砲雷撃戦! よーい! 二十八戦目) 初風のケッコン初夜 (艦隊これくしょん -艦これ-)]-[L5EX (カメーリエ)]-[['短篇', '同人']]-[total_pages:22]
2026-08-21 16:33:08 - mkk_pika - main.py:49 - INFO - [{'_id': '5c6ab840179363719e96e9ec', 'title': '第1集', 'order': 1, 'updated_at': '2019-02-18T12:28:54.935Z', 'id': '5c6ab840179363719e96e9ec'}]
2026-08-21 16:33:08 - mkk_pika - database.py:215 - INFO - 第一次下载该漫画，记录数据库中
2026-08-21 16:33:18 - mkk_pika - main.py:375 - ERROR - Download failed for (砲雷撃戦! よーい! 二十八戦目) 初風のケッコン初夜 (艦隊これくしょん -艦これ-), with Exception:HTTPSConnectionPool(host='picaapi.picacomic.com', port=443): Read timed out. (read timeout=10)
2026-08-21 16:33:18 - mkk_pika - main.py:35 - INFO - 开始检查 み～とほ～る是否存在未下载章节
2026-08-21 16:33:19 - mkk_pika - main.py:45 - INFO - 正在下载:[ み～とほ～る]-[流一本]-[['單行本', '姐姐系', '妹妹系', 'SM', '人妻', 'NTR']]-[total_pages:212]
2026-08-21 16:33:19 - mkk_pika - main.py:49 - INFO - [{'_id': '5c6abeeae840d057404d6cc8', 'title': '第1集', 'order': 1, 'updated_at': '2019-02-18T13:05:59.676Z', 'id': '5c6abeeae840d057404d6cc8'}]
2026-08-21 16:33:19 - mkk_pika - database.py:215 - INFO - 第一次下载该漫画，记录数据库中
2026-08-21 16:33:29 - mkk_pika - main.py:375 - ERROR - Download failed for  み～とほ～る, with Exception:HTTPSConnectionPool(host='picaapi.picacomic.com', port=443): Read timed out. (read timeout=10)
2026-08-21 16:33:29 - mkk_pika - main.py:35 - INFO - 开始检查(C94) 戦艦 金剛 尋問調書 (艦隊これくしょん -艦これ-) [中国翻訳]是否存在未下载章节
2026-08-21 16:33:29 - mkk_pika - main.py:45 - INFO - 正在下载:[(C94) 戦艦 金剛 尋問調書 (艦隊これくしょん -艦これ-) [中国翻訳]]-[もなかうどん (モニカノ)]-[['同人', '全彩', 'SM', '艦隊收藏']]-[total_pages:21]
2026-08-21 16:33:29 - mkk_pika - main.py:49 - INFO - [{'_id': '5c6aee14dcfdf27d4ecd11bc', 'title': '21P', 'order': 1, 'updated_at': '2019-02-18T17:30:34.349Z', 'id': '5c6aee14dcfdf27d4ecd11bc'}]
2026-08-21 16:33:29 - mkk_pika - database.py:215 - INFO - 第一次下载该漫画，记录数据库中
2026-08-21 16:33:40 - mkk_pika - main.py:83 - INFO - 找到 21 张图片在:21P
2026-08-21 16:33:40 - mkk_pika - main.py:112 - INFO - [episode:21P       ] downloaded:    21, total:  21, progress:100%
2026-08-21 16:33:40 - mkk_pika - database.py:238 - INFO - 数据库更新已下载章节
2026-08-21 16:33:40 - mkk_pika - database.py:244 - INFO - 该漫画已下载章节如下
2026-08-21 16:33:40 - mkk_pika - database.py:245 - INFO - ['21P']
2026-08-21 16:33:41 - mkk_pika - main.py:348 - INFO - ==================== 漫画信息 ====================
                                   漫画ID：5c6aee14dcfdf27d4ecd11bb
                                   标题：(C94) 戦艦 金剛 尋問調書 (艦隊これくしょん -艦これ-) [中国翻訳]
                                   作者：もなかうどん (モニカノ)
                                   是否完结：否
                                   总页数：21
                                   分类：同人,全彩,SM,艦隊收藏
                                   章节数：1
                                   最后更新时间：2019-02-18T17:40:36.759Z
                                   =================================================
2026-08-21 16:33:41 - mkk_pika - database.py:101 - INFO - 保存成功：(C94) 戦艦 金剛 尋問調書 (艦隊これくしょん -艦これ-) [中国翻訳]
2026-08-21 16:33:41 - mkk_pika - main.py:35 - INFO - 开始检查(C89)  BBA嬲FF (ファイナルファンタジーVII)是否存在未下载章节
2026-08-21 16:33:42 - mkk_pika - main.py:45 - INFO - 正在下载:[(C89)  BBA嬲FF (ファイナルファンタジーVII)]-[るきるきEXISS (文月晦日)]-[['短篇', '同人', '強暴']]-[total_pages:28]
2026-08-21 16:33:42 - mkk_pika - main.py:49 - INFO - [{'_id': '5c6b525b88d6ea649444a348', 'title': '第1集', 'order': 1, 'updated_at': '2019-02-18T19:20:39.982Z', 'id': '5c6b525b88d6ea649444a348'}]
2026-08-21 16:33:42 - mkk_pika - database.py:215 - INFO - 第一次下载该漫画，记录数据库中
2026-08-21 16:33:50 - mkk_pika - main.py:83 - INFO - 找到 28 张图片在:第1集
2026-08-21 16:33:50 - mkk_pika - main.py:112 - INFO - [episode:第1集       ] downloaded:    28, total:  28, progress:100%
2026-08-21 16:33:50 - mkk_pika - database.py:238 - INFO - 数据库更新已下载章节
2026-08-21 16:33:50 - mkk_pika - database.py:244 - INFO - 该漫画已下载章节如下
2026-08-21 16:33:50 - mkk_pika - database.py:245 - INFO - ['第1集']
2026-08-21 16:33:52 - mkk_pika - main.py:348 - INFO - ==================== 漫画信息 ====================
                                   漫画ID：5c6b525b88d6ea649444a347
                                   标题：(C89)  BBA嬲FF (ファイナルファンタジーVII)
                                   作者：るきるきEXISS (文月晦日)
                                   是否完结：是
                                   总页数：28
                                   分类：短篇,同人,強暴
                                   章节数：1
                                   最后更新时间：2019-02-19T00:48:27.530Z
                                   =================================================
2026-08-21 16:33:52 - mkk_pika - database.py:101 - INFO - 保存成功：(C89)  BBA嬲FF (ファイナルファンタジーVII)
2026-08-21 16:33:52 - mkk_pika - main.py:35 - INFO - 开始检查 おママごと 長谷川さんちの親子関係 二話目「母と制服」 [中国翻訳]是否存在未下载章节
2026-08-21 16:33:52 - mkk_pika - main.py:45 - INFO - 正在下载:[ おママごと 長谷川さんちの親子関係 二話目「母と制服」 [中国翻訳]]-[MilkyBox (Qoopie)]-[['短篇', '全彩']]-[total_pages:55]
2026-08-21 16:33:52 - mkk_pika - main.py:49 - INFO - [{'_id': '5c6b527888d6ea649444a367', 'title': '第1集', 'order': 1, 'updated_at': '2019-02-18T19:30:20.430Z', 'id': '5c6b527888d6ea649444a367'}]
2026-08-21 16:33:52 - mkk_pika - database.py:215 - INFO - 第一次下载该漫画，记录数据库中
2026-08-21 16:34:02 - mkk_pika - main.py:375 - ERROR - Download failed for  おママごと 長谷川さんちの親子関係 二話目「母と制服」 [中国翻訳], with Exception:HTTPSConnectionPool(host='picaapi.picacomic.com', port=443): Read timed out. (read timeout=10)
2026-08-21 16:34:02 - mkk_pika - main.py:35 - INFO - 开始检查ハメクラベ～どの彼氏のチンポがお好き？～是否存在未下载章节
2026-08-21 16:34:03 - mkk_pika - main.py:45 - INFO - 正在下载:[ハメクラベ～どの彼氏のチンポがお好き？～]-[MilkyBox (Qoopie)]-[['全彩', '長篇']]-[total_pages:117]
2026-08-21 16:34:03 - mkk_pika - main.py:49 - INFO - [{'_id': '5c6b52f9a80a5557413d4bb5', 'title': '第1集', 'order': 1, 'updated_at': '2019-02-18T22:27:02.617Z', 'id': '5c6b52f9a80a5557413d4bb5'}]
2026-08-21 16:34:03 - mkk_pika - database.py:215 - INFO - 第一次下载该漫画，记录数据库中
2026-08-21 16:34:13 - mkk_pika - main.py:375 - ERROR - Download failed for ハメクラベ～どの彼氏のチンポがお好き？～, with Exception:HTTPSConnectionPool(host='picaapi.picacomic.com', port=443): Read timed out. (read timeout=10)
2026-08-21 16:34:13 - mkk_pika - main.py:35 - INFO - 开始检查(C95) 狭霧のプレゼント (艦隊これくしょん -艦これ-)是否存在未下载章节
2026-08-21 16:34:13 - mkk_pika - main.py:45 - INFO - 正在下载:[(C95) 狭霧のプレゼント (艦隊これくしょん -艦これ-)]-[L5EX (カメーリエ)]-[['短篇', '同人', '艦隊收藏', '純愛']]-[total_pages:19]
2026-08-21 16:34:13 - mkk_pika - main.py:49 - INFO - [{'_id': '5c6b53d5ea9d9e716eb38afd', 'title': '第1集', 'order': 1, 'updated_at': '2019-02-18T22:30:32.512Z', 'id': '5c6b53d5ea9d9e716eb38afd'}]
2026-08-21 16:34:13 - mkk_pika - database.py:215 - INFO - 第一次下载该漫画，记录数据库中
2026-08-21 16:34:31 - mkk_pika - main.py:83 - INFO - 找到 19 张图片在:第1集
2026-08-21 16:34:32 - mkk_pika - main.py:112 - INFO - [episode:第1集       ] downloaded:    19, total:  19, progress:100%
2026-08-21 16:34:32 - mkk_pika - database.py:238 - INFO - 数据库更新已下载章节
2026-08-21 16:34:32 - mkk_pika - database.py:244 - INFO - 该漫画已下载章节如下
2026-08-21 16:34:32 - mkk_pika - database.py:245 - INFO - ['第1集']
2026-08-21 16:34:33 - mkk_pika - main.py:348 - INFO - ==================== 漫画信息 ====================
                                   漫画ID：5c6b53d5ea9d9e716eb38afc
                                   标题：(C95) 狭霧のプレゼント (艦隊これくしょん -艦これ-)
                                   作者：L5EX (カメーリエ)
                                   是否完结：是
                                   总页数：19
                                   分类：短篇,同人,艦隊收藏,純愛
                                   章节数：1
                                   最后更新时间：2019-02-19T00:54:45.812Z
                                   =================================================
2026-08-21 16:34:33 - mkk_pika - database.py:101 - INFO - 保存成功：(C95) 狭霧のプレゼント (艦隊これくしょん -艦これ-)
2026-08-21 16:34:33 - mkk_pika - main.py:35 - INFO - 开始检查ワケアリな彼女是否存在未下载章节
2026-08-21 16:34:34 - mkk_pika - main.py:45 - INFO - 正在下载:[ワケアリな彼女]-[MilkyBox (Qoopie)]-[['全彩', '短篇']]-[total_pages:49]
2026-08-21 16:34:34 - mkk_pika - main.py:49 - INFO - [{'_id': '5c6b53e6faf9aa570a1ccc51', 'title': '第1集', 'order': 1, 'updated_at': '2019-02-18T22:30:59.677Z', 'id': '5c6b53e6faf9aa570a1ccc51'}]
2026-08-21 16:34:34 - mkk_pika - database.py:215 - INFO - 第一次下载该漫画，记录数据库中
2026-08-21 16:34:44 - mkk_pika - main.py:375 - ERROR - Download failed for ワケアリな彼女, with Exception:HTTPSConnectionPool(host='picaapi.picacomic.com', port=443): Read timed out. (read timeout=10)
2026-08-21 16:34:44 - mkk_pika - main.py:35 - INFO - 开始检查人形の蔵是否存在未下载章节
2026-08-21 16:34:44 - mkk_pika - main.py:45 - INFO - 正在下载:[人形の蔵]-[あまがえる]-[['全彩', '短篇', '非人類']]-[total_pages:20]
2026-08-21 16:34:44 - mkk_pika - main.py:49 - INFO - [{'_id': '5c6b54226ef6c264cca91a16', 'title': '第1集', 'order': 1, 'updated_at': '2019-02-18T23:58:06.291Z', 'id': '5c6b54226ef6c264cca91a16'}]
2026-08-21 16:34:44 - mkk_pika - database.py:215 - INFO - 第一次下载该漫画，记录数据库中
2026-08-21 16:34:54 - mkk_pika - main.py:375 - ERROR - Download failed for 人形の蔵, with Exception:HTTPSConnectionPool(host='picaapi.picacomic.com', port=443): Read timed out. (read timeout=10)
2026-08-21 16:34:54 - mkk_pika - main.py:35 - INFO - 开始检查(FF24)女神拼圖SexFes (パズル&ドラゴンズ) 是否存在未下载章节
2026-08-21 16:34:55 - mkk_pika - main.py:45 - INFO - 正在下载:[(FF24)女神拼圖SexFes (パズル&ドラゴンズ) ]-[ 星間貓車 (zax)]-[['短篇']]-[total_pages:26]
2026-08-21 16:34:55 - mkk_pika - main.py:49 - INFO - [{'_id': '5c6b5deafe11a871a62f6c5c', 'title': '第1集', 'order': 1, 'updated_at': '2019-02-19T00:58:27.725Z', 'id': '5c6b5deafe11a871a62f6c5c'}]
2026-08-21 16:34:55 - mkk_pika - database.py:215 - INFO - 第一次下载该漫画，记录数据库中
2026-08-21 16:35:05 - mkk_pika - main.py:375 - ERROR - Download failed for (FF24)女神拼圖SexFes (パズル&ドラゴンズ) , with Exception:HTTPSConnectionPool(host='picaapi.picacomic.com', port=443): Read timed out. (read timeout=10)
2026-08-21 16:35:05 - mkk_pika - main.py:35 - INFO - 开始检查切な過ぎる2(北海の孤島チラチラ)是否存在未下载章节
2026-08-21 16:35:05 - mkk_pika - main.py:45 - INFO - 正在下载:[切な過ぎる2(北海の孤島チラチラ)]-[じゃんぬだっく]-[['短篇', 'NTR', '人妻']]-[total_pages:16]
2026-08-21 16:35:05 - mkk_pika - main.py:49 - INFO - [{'_id': '5c6bbeb6fe11a871a62f6f14', 'title': '第1集', 'order': 1, 'updated_at': '2019-02-19T01:57:49.862Z', 'id': '5c6bbeb6fe11a871a62f6f14'}]
2026-08-21 16:35:05 - mkk_pika - database.py:215 - INFO - 第一次下载该漫画，记录数据库中
2026-08-21 16:35:11 - mkk_pika - main.py:83 - INFO - 找到 16 张图片在:第1集
2026-08-21 16:35:11 - mkk_pika - main.py:112 - INFO - [episode:第1集       ] downloaded:    16, total:  16, progress:100%
2026-08-21 16:35:11 - mkk_pika - database.py:238 - INFO - 数据库更新已下载章节
2026-08-21 16:35:11 - mkk_pika - database.py:244 - INFO - 该漫画已下载章节如下
2026-08-21 16:35:11 - mkk_pika - database.py:245 - INFO - ['第1集']
2026-08-21 16:35:13 - mkk_pika - main.py:348 - INFO - ==================== 漫画信息 ====================
                                   漫画ID：5c6bbeb6fe11a871a62f6f13
                                   标题：切な過ぎる2(北海の孤島チラチラ)
                                   作者：じゃんぬだっく
                                   是否完结：是
                                   总页数：16
                                   分类：短篇,NTR,人妻
                                   章节数：1
                                   最后更新时间：2019-02-19T08:30:46.787Z
                                   =================================================
2026-08-21 16:35:13 - mkk_pika - database.py:101 - INFO - 保存成功：切な過ぎる2(北海の孤島チラチラ)
2026-08-21 16:35:13 - mkk_pika - main.py:35 - INFO - 开始检查白ちゃんが寝込みを襲いにくるそうです(ノーゲーム?ノーライフ)是否存在未下载章节
2026-08-21 16:35:13 - mkk_pika - main.py:45 - INFO - 正在下载:[白ちゃんが寝込みを襲いにくるそうです(ノーゲーム?ノーライフ)]-[ASIANBOY (長谷見亮)]-[['同人', '短篇', '純愛', '妹妹系']]-[total_pages:22]
2026-08-21 16:35:13 - mkk_pika - main.py:49 - INFO - [{'_id': '5c6bbf9a88d6ea649444aab4', 'title': '第1集', 'order': 1, 'updated_at': '2019-02-19T04:16:11.544Z', 'id': '5c6bbf9a88d6ea649444aab4'}]
2026-08-21 16:35:13 - mkk_pika - database.py:215 - INFO - 第一次下载该漫画，记录数据库中
2026-08-21 16:35:23 - mkk_pika - main.py:375 - ERROR - Download failed for 白ちゃんが寝込みを襲いにくるそうです(ノーゲーム?ノーライフ), with Exception:HTTPSConnectionPool(host='picaapi.picacomic.com', port=443): Read timed out. (read timeout=10)
2026-08-21 16:35:23 - mkk_pika - main.py:35 - INFO - 开始检查ノーエッチ・ノーライフ (ノーゲーム・ノーライフ)是否存在未下载章节
2026-08-21 16:35:24 - mkk_pika - main.py:45 - INFO - 正在下载:[ノーエッチ・ノーライフ (ノーゲーム・ノーライフ)]-[咳寝 (咳寝はじめ)]-[['短篇', '同人', '後宮閃光']]-[total_pages:19]
2026-08-21 16:35:24 - mkk_pika - main.py:49 - INFO - [{'_id': '5c6bc018a80a5557413d5078', 'title': '第1集', 'order': 1, 'updated_at': '2019-02-19T04:45:37.532Z', 'id': '5c6bc018a80a5557413d5078'}]
2026-08-21 16:35:24 - mkk_pika - database.py:215 - INFO - 第一次下载该漫画，记录数据库中
2026-08-21 16:35:25 - mkk_pika - main.py:83 - INFO - 找到 19 张图片在:第1集
2026-08-21 16:35:25 - mkk_pika - main.py:112 - INFO - [episode:第1集       ] downloaded:    19, total:  19, progress:100%
2026-08-21 16:35:25 - mkk_pika - database.py:238 - INFO - 数据库更新已下载章节
2026-08-21 16:35:25 - mkk_pika - database.py:244 - INFO - 该漫画已下载章节如下
2026-08-21 16:35:25 - mkk_pika - database.py:245 - INFO - ['第1集']
2026-08-21 16:35:26 - mkk_pika - main.py:348 - INFO - ==================== 漫画信息 ====================
                                   漫画ID：5c6bc018a80a5557413d5077
                                   标题：ノーエッチ・ノーライフ (ノーゲーム・ノーライフ)
                                   作者：咳寝 (咳寝はじめ)
                                   是否完结：是
                                   总页数：19
                                   分类：短篇,同人,後宮閃光
                                   章节数：1
                                   最后更新时间：2019-02-19T08:36:40.088Z
                                   =================================================
2026-08-21 16:35:26 - mkk_pika - database.py:101 - INFO - 保存成功：ノーエッチ・ノーライフ (ノーゲーム・ノーライフ)
2026-08-21 16:35:26 - mkk_pika - main.py:380 - INFO - 本次任务下载完毕
2026-08-21 16:35:26 - mkk_pika - database.py:173 - INFO - 数据库连接已关闭
2026-08-21 23:33:32 - mkk_pika - main.py:193 - INFO - =======================================================================
2026-08-21 23:33:32 - mkk_pika - database.py:61 - INFO - 表和索引初始化成功
2026-08-21 23:33:32 - mkk_pika - main.py:197 - INFO - 已经累计下载19189本漫画
2026-08-21 23:33:33 - mkk_pika - api.py:87 - INFO - 登录成功
2026-08-21 23:33:33 - mkk_pika - main.py:203 - INFO - 收藏夹共计0本漫画
2026-08-21 23:33:33 - mkk_pika - main.py:206 - INFO - 开始下载收藏夹内未下载内容
2026-08-21 23:33:33 - mkk_pika - main.py:266 - INFO - 收藏夹内容下载完毕
2026-08-21 23:33:33 - mkk_pika - main.py:268 - INFO - 开始下载订阅内容
2026-08-21 23:33:33 - mkk_pika - database.py:258 - INFO - 根据ID查询到标题：萝莉 -> エロ本大好きなガキが女の子な訳ねえだろ!! | 喜欢看小黄漫的小鬼怎么可会是女生呢‼
2026-08-21 23:33:34 - mkk_pika - database.py:101 - INFO - 保存成功：エロ本大好きなガキが女の子な訳ねえだろ!! | 喜欢看小黄漫的小鬼怎么可会是女生呢‼
2026-08-21 23:33:34 - mkk_pika - main.py:273 - INFO - 关键词萝莉找到1本漫画
2026-08-21 23:33:34 - mkk_pika - database.py:258 - INFO - 根据ID查询到标题：蘿莉 -> 怖い?学園のウワサ | 可怕的?学院传闻
2026-08-21 23:33:34 - mkk_pika - database.py:101 - INFO - 保存成功：CM manga
2026-08-21 23:33:34 - mkk_pika - main.py:273 - INFO - 关键词蘿莉找到7本漫画
2026-08-21 23:33:34 - mkk_pika - main.py:275 - INFO - 订阅内容共计8本漫画
2026-08-21 23:33:34 - mkk_pika - main.py:35 - INFO - 开始检查Little Giant! ─〇リ巨乳・低身長巨乳合同 | Little Giant! ─萝莉巨乳・低身高巨乳合同是否存在未下载章节
2026-08-21 23:33:34 - mkk_pika - database.py:203 - INFO - 查询数据库中是否已存在第1話
2026-08-21 23:33:34 - mkk_pika - main.py:51 - INFO - Little Giant! ─〇リ巨乳・低身長巨乳合同 | Little Giant! ─萝莉巨乳・低身高巨乳合同中没有可下载章节
2026-08-21 23:33:35 - mkk_pika - main.py:292 - INFO - ==================== 漫画信息 ====================
                                漫画ID：6a847ed40decb03d594aa1de
                                标题：Little Giant! ─〇リ巨乳・低身長巨乳合同 | Little Giant! ─萝莉巨乳・低身高巨乳合同
                                作者：色即絶句
                                是否完结：是
                                总页数：110
                                分类：長篇,同人
                                章节数：1
                                最后更新时间：2026-08-18T15:48:36.118Z
                                =================================================
2026-08-21 23:33:35 - mkk_pika - database.py:101 - INFO - 保存成功：Little Giant! ─〇リ巨乳・低身長巨乳合同 | Little Giant! ─萝莉巨乳・低身高巨乳合同
2026-08-21 23:33:35 - mkk_pika - main.py:35 - INFO - 开始检查妄想秘話是否存在未下载章节
2026-08-21 23:33:35 - mkk_pika - main.py:45 - INFO - 正在下载:[妄想秘話]-[餃子部 (笑笑餃子)]-[['短篇', '同人', '強暴']]-[total_pages:-1]
2026-08-21 23:33:35 - mkk_pika - main.py:49 - INFO - [{'_id': '6a88a0b441d7194a923fa4f5', 'title': '熟肉', 'order': 1, 'updated_at': '2026-08-21T14:24:40.841Z', 'id': '6a88a0b441d7194a923fa4f5'}, {'_id': '6a88a0b441d7194a923fa4f6', 'title': '生肉', 'order': 2, 'updated_at': '2026-08-21T14:23:39.431Z', 'id': '6a88a0b441d7194a923fa4f6'}]
2026-08-21 23:33:35 - mkk_pika - database.py:215 - INFO - 第一次下载该漫画，记录数据库中
2026-08-21 23:33:35 - mkk_pika - main.py:83 - INFO - 找到 29 张图片在:熟肉
2026-08-21 23:33:37 - mkk_pika - main.py:112 - INFO - [episode:熟肉        ] downloaded:    29, total:  29, progress:100%
2026-08-21 23:33:37 - mkk_pika - database.py:238 - INFO - 数据库更新已下载章节
2026-08-21 23:33:37 - mkk_pika - database.py:244 - INFO - 该漫画已下载章节如下
2026-08-21 23:33:37 - mkk_pika - database.py:245 - INFO - ['熟肉']
2026-08-21 23:33:39 - mkk_pika - main.py:83 - INFO - 找到 28 张图片在:生肉
2026-08-21 23:33:40 - mkk_pika - main.py:112 - INFO - [episode:生肉        ] downloaded:    28, total:  28, progress:100%
2026-08-21 23:33:40 - mkk_pika - database.py:238 - INFO - 数据库更新已下载章节
2026-08-21 23:33:40 - mkk_pika - database.py:244 - INFO - 该漫画已下载章节如下
2026-08-21 23:33:40 - mkk_pika - database.py:245 - INFO - ['熟肉', '生肉']
2026-08-21 23:33:42 - mkk_pika - main.py:292 - INFO - ==================== 漫画信息 ====================
                                漫画ID：6a88a0b441d7194a923fa4f4
                                标题：妄想秘話
                                作者：餃子部 (笑笑餃子)
                                是否完结：是
                                总页数：51
                                分类：短篇,同人,強暴
                                章节数：2
                                最后更新时间：2026-08-21T19:02:12.711Z
                                =================================================
2026-08-21 23:33:42 - mkk_pika - database.py:101 - INFO - 保存成功：妄想秘話
2026-08-21 23:33:42 - mkk_pika - main.py:35 - INFO - 开始检查都忘れ 是否存在未下载章节
2026-08-21 23:33:42 - mkk_pika - main.py:45 - INFO - 正在下载:[都忘れ ]-[冥途のみやげ (めとこ)]-[['短篇']]-[total_pages:-1]
2026-08-21 23:33:42 - mkk_pika - main.py:49 - INFO - [{'_id': '6a889fcd3eb1c849b6af2e9d', 'title': '第1話', 'order': 1, 'updated_at': '2026-08-21T12:14:07.310Z', 'id': '6a889fcd3eb1c849b6af2e9d'}]
2026-08-21 23:33:42 - mkk_pika - database.py:215 - INFO - 第一次下载该漫画，记录数据库中
2026-08-21 23:33:42 - mkk_pika - main.py:83 - INFO - 找到 30 张图片在:第1話
2026-08-21 23:33:48 - mkk_pika - main.py:112 - INFO - [episode:第1話       ] downloaded:    30, total:  30, progress:100%
2026-08-21 23:33:48 - mkk_pika - database.py:238 - INFO - 数据库更新已下载章节
2026-08-21 23:33:48 - mkk_pika - database.py:244 - INFO - 该漫画已下载章节如下
2026-08-21 23:33:48 - mkk_pika - database.py:245 - INFO - ['第1話']
2026-08-21 23:33:49 - mkk_pika - main.py:292 - INFO - ==================== 漫画信息 ====================
                                漫画ID：6a889fcd3eb1c849b6af2e9c
                                标题：都忘れ 
                                作者：冥途のみやげ (めとこ)
                                是否完结：是
                                总页数：30
                                分类：短篇
                                章节数：1
                                最后更新时间：2026-08-21T18:58:21.676Z
                                =================================================
2026-08-21 23:33:49 - mkk_pika - database.py:101 - INFO - 保存成功：都忘れ 
2026-08-21 23:33:49 - mkk_pika - main.py:35 - INFO - 开始检查しおねとくらそう | 和诗音一起生活吧 是否存在未下载章节
2026-08-21 23:33:49 - mkk_pika - main.py:45 - INFO - 正在下载:[しおねとくらそう | 和诗音一起生活吧 ]-[notice (積観木沙汰)]-[['短篇']]-[total_pages:-1]
2026-08-21 23:33:49 - mkk_pika - main.py:49 - INFO - [{'_id': '6a889f9636d9fd49957cadf5', 'title': '第1話', 'order': 1, 'updated_at': '2026-08-21T12:06:02.165Z', 'id': '6a889f9636d9fd49957cadf5'}]
2026-08-21 23:33:49 - mkk_pika - database.py:215 - INFO - 第一次下载该漫画，记录数据库中
2026-08-21 23:33:50 - mkk_pika - main.py:83 - INFO - 找到 32 张图片在:第1話
2026-08-21 23:33:56 - mkk_pika - main.py:112 - INFO - [episode:第1話       ] downloaded:    32, total:  32, progress:100%
2026-08-21 23:33:56 - mkk_pika - database.py:238 - INFO - 数据库更新已下载章节
2026-08-21 23:33:56 - mkk_pika - database.py:244 - INFO - 该漫画已下载章节如下
2026-08-21 23:33:56 - mkk_pika - database.py:245 - INFO - ['第1話']
2026-08-21 23:33:57 - mkk_pika - main.py:292 - INFO - ==================== 漫画信息 ====================
                                漫画ID：6a889f9636d9fd49957cadf4
                                标题：しおねとくらそう | 和诗音一起生活吧 
                                作者：notice (積観木沙汰)
                                是否完结：是
                                总页数：32
                                分类：短篇
                                章节数：1
                                最后更新时间：2026-08-21T18:57:26.021Z
                                =================================================
2026-08-21 23:33:57 - mkk_pika - database.py:101 - INFO - 保存成功：しおねとくらそう | 和诗音一起生活吧 
2026-08-21 23:33:57 - mkk_pika - main.py:35 - INFO - 开始检查おにいちゃんが褒めてくれるならほかのことってどうでもいいじゃん | 只要哥哥能来夸奖我一番的话其他的事情怎样都无所谓啦是否存在未下载章节
2026-08-21 23:33:57 - mkk_pika - database.py:203 - INFO - 查询数据库中是否已存在第1話
2026-08-21 23:33:57 - mkk_pika - main.py:51 - INFO - おにいちゃんが褒めてくれるならほかのことってどうでもいいじゃん | 只要哥哥能来夸奖我一番的话其他的事情怎样都无所谓啦中没有可下载章节
2026-08-21 23:33:57 - mkk_pika - main.py:292 - INFO - ==================== 漫画信息 ====================
                                漫画ID：6a8727abcb5050234df143d3
                                标题：おにいちゃんが褒めてくれるならほかのことってどうでもいいじゃん | 只要哥哥能来夸奖我一番的话其他的事情怎样都无所谓啦
                                作者：HANAYA (はぴろり菜)
                                是否完结：是
                                总页数：34
                                分类：短篇
                                章节数：1
                                最后更新时间：2026-08-20T16:13:31.992Z
                                =================================================
2026-08-21 23:33:57 - mkk_pika - database.py:101 - INFO - 保存成功：おにいちゃんが褒めてくれるならほかのことってどうでもいいじゃん | 只要哥哥能来夸奖我一番的话其他的事情怎样都无所谓啦
2026-08-21 23:33:57 - mkk_pika - main.py:35 - INFO - 开始检查私の天使な娘 | 我的小天使女儿是否存在未下载章节
2026-08-21 23:33:58 - mkk_pika - main.py:45 - INFO - 正在下载:[私の天使な娘 | 我的小天使女儿]-[毎日健康生活 (ヘルシーマン)]-[['短篇']]-[total_pages:-1]
2026-08-21 23:33:58 - mkk_pika - main.py:49 - INFO - [{'_id': '6a889e63258d292352616096', 'title': '熟肉', 'order': 1, 'updated_at': '2026-08-20T19:58:47.015Z', 'id': '6a889e63258d292352616096'}, {'_id': '6a889e63258d292352616097', 'title': '生肉', 'order': 2, 'updated_at': '2026-08-20T20:07:08.653Z', 'id': '6a889e63258d292352616097'}]
2026-08-21 23:33:58 - mkk_pika - database.py:215 - INFO - 第一次下载该漫画，记录数据库中
2026-08-21 23:33:58 - mkk_pika - main.py:83 - INFO - 找到 23 张图片在:熟肉
2026-08-21 23:33:59 - mkk_pika - main.py:112 - INFO - [episode:熟肉        ] downloaded:    23, total:  23, progress:100%
2026-08-21 23:33:59 - mkk_pika - database.py:238 - INFO - 数据库更新已下载章节
2026-08-21 23:33:59 - mkk_pika - database.py:244 - INFO - 该漫画已下载章节如下
2026-08-21 23:33:59 - mkk_pika - database.py:245 - INFO - ['熟肉']
2026-08-21 23:34:01 - mkk_pika - main.py:83 - INFO - 找到 22 张图片在:生肉
2026-08-21 23:34:03 - mkk_pika - main.py:112 - INFO - [episode:生肉        ] downloaded:    22, total:  22, progress:100%
2026-08-21 23:34:03 - mkk_pika - database.py:238 - INFO - 数据库更新已下载章节
2026-08-21 23:34:03 - mkk_pika - database.py:244 - INFO - 该漫画已下载章节如下
2026-08-21 23:34:03 - mkk_pika - database.py:245 - INFO - ['熟肉', '生肉']
2026-08-21 23:34:05 - mkk_pika - main.py:292 - INFO - ==================== 漫画信息 ====================
                                漫画ID：6a889e63258d292352616095
                                标题：私の天使な娘 | 我的小天使女儿
                                作者：毎日健康生活 (ヘルシーマン)
                                是否完结：是
                                总页数：45
                                分类：短篇
                                章节数：2
                                最后更新时间：2026-08-21T18:52:19.102Z
                                =================================================
2026-08-21 23:34:05 - mkk_pika - database.py:101 - INFO - 保存成功：私の天使な娘 | 我的小天使女儿
2026-08-21 23:34:05 - mkk_pika - main.py:35 - INFO - 开始检查僕はもう彼女たちしか愛せない是否存在未下载章节
2026-08-21 23:34:05 - mkk_pika - main.py:45 - INFO - 正在下载:[僕はもう彼女たちしか愛せない]-[みなすきぽぷり]-[['短篇', '強暴']]-[total_pages:-1]
2026-08-21 23:34:05 - mkk_pika - main.py:49 - INFO - [{'_id': '6a889e38258d292352616062', 'title': '第1話', 'order': 1, 'updated_at': '2026-08-20T18:33:54.662Z', 'id': '6a889e38258d292352616062'}]
2026-08-21 23:34:05 - mkk_pika - database.py:215 - INFO - 第一次下载该漫画，记录数据库中
2026-08-21 23:34:06 - mkk_pika - main.py:83 - INFO - 找到 47 张图片在:第1話
2026-08-21 23:34:09 - mkk_pika - main.py:112 - INFO - [episode:第1話       ] downloaded:    47, total:  47, progress:100%
2026-08-21 23:34:09 - mkk_pika - database.py:238 - INFO - 数据库更新已下载章节
2026-08-21 23:34:09 - mkk_pika - database.py:244 - INFO - 该漫画已下载章节如下
2026-08-21 23:34:09 - mkk_pika - database.py:245 - INFO - ['第1話']
2026-08-21 23:34:11 - mkk_pika - main.py:292 - INFO - ==================== 漫画信息 ====================
                                漫画ID：6a889e38258d292352616061
                                标题：僕はもう彼女たちしか愛せない
                                作者：みなすきぽぷり
                                是否完结：是
                                总页数：41
                                分类：短篇,強暴
                                章节数：1
                                最后更新时间：2026-08-21T18:51:36.556Z
                                =================================================
2026-08-21 23:34:11 - mkk_pika - database.py:101 - INFO - 保存成功：僕はもう彼女たちしか愛せない
2026-08-21 23:34:11 - mkk_pika - main.py:35 - INFO - 开始检查すてきな島留学★2 シメこみ少女によってたかって是否存在未下载章节
2026-08-21 23:34:11 - mkk_pika - main.py:45 - INFO - 正在下载:[すてきな島留学★2 シメこみ少女によってたかって]-[みなすきぽぷり]-[['短篇', '強暴']]-[total_pages:-1]
2026-08-21 23:34:11 - mkk_pika - main.py:49 - INFO - [{'_id': '6a889e2c91b6f523381af4ae', 'title': '第1話', 'order': 1, 'updated_at': '2026-08-20T18:23:55.473Z', 'id': '6a889e2c91b6f523381af4ae'}]
2026-08-21 23:34:11 - mkk_pika - database.py:215 - INFO - 第一次下载该漫画，记录数据库中
2026-08-21 23:34:12 - mkk_pika - main.py:83 - INFO - 找到 38 张图片在:第1話
2026-08-21 23:34:13 - mkk_pika - main.py:112 - INFO - [episode:第1話       ] downloaded:    38, total:  38, progress:100%
2026-08-21 23:34:13 - mkk_pika - database.py:238 - INFO - 数据库更新已下载章节
2026-08-21 23:34:13 - mkk_pika - database.py:244 - INFO - 该漫画已下载章节如下
2026-08-21 23:34:13 - mkk_pika - database.py:245 - INFO - ['第1話']
2026-08-21 23:34:15 - mkk_pika - main.py:292 - INFO - ==================== 漫画信息 ====================
                                漫画ID：6a889e2c91b6f523381af4ad
                                标题：すてきな島留学★2 シメこみ少女によってたかって
                                作者：みなすきぽぷり
                                是否完结：是
                                总页数：38
                                分类：短篇,強暴
                                章节数：1
                                最后更新时间：2026-08-21T18:51:24.399Z
                                =================================================
2026-08-21 23:34:15 - mkk_pika - database.py:101 - INFO - 保存成功：すてきな島留学★2 シメこみ少女によってたかって
2026-08-21 23:34:15 - mkk_pika - main.py:323 - INFO - 订阅内容内容下载完毕
2026-08-21 23:34:15 - mkk_pika - main.py:324 - INFO - 开始分批下载全部章节
2026-08-21 23:34:15 - mkk_pika - database.py:280 - INFO - 表和索引初始化成功
2026-08-21 23:34:15 - mkk_pika - main.py:177 - INFO - 已经下载了1453页，一共7092页，现在开始添加第1454页
2026-08-21 23:34:16 - mkk_pika - database.py:318 - INFO - 保存成功
2026-08-21 23:34:16 - mkk_pika - main.py:177 - INFO - 已经下载了1454页，一共7092页，现在开始添加第1455页
2026-08-21 23:34:16 - mkk_pika - database.py:318 - INFO - 保存成功
2026-08-21 23:34:17 - mkk_pika - main.py:177 - INFO - 已经下载了1455页，一共7092页，现在开始添加第1456页
2026-08-21 23:34:17 - mkk_pika - database.py:318 - INFO - 保存成功
2026-08-21 23:34:17 - mkk_pika - main.py:177 - INFO - 已经下载了1456页，一共7092页，现在开始添加第1457页
2026-08-21 23:34:18 - mkk_pika - database.py:318 - INFO - 保存成功
2026-08-21 23:34:18 - mkk_pika - main.py:177 - INFO - 已经下载了1457页，一共7092页，现在开始添加第1458页
2026-08-21 23:34:19 - mkk_pika - database.py:318 - INFO - 保存成功
2026-08-21 23:34:19 - mkk_pika - main.py:331 - INFO - 分批下载共计39本漫画
2026-08-21 23:34:19 - mkk_pika - main.py:35 - INFO - 开始检查幼戲人生 (ノーゲーム?ノーライフ) (FF24)是否存在未下载章节
2026-08-21 23:34:19 - mkk_pika - main.py:45 - INFO - 正在下载:[幼戲人生 (ノーゲーム?ノーライフ) (FF24)]-[に向思考 (猫崎 葵)]-[['短篇', '後宮閃光', '妹妹系', '同人']]-[total_pages:23]
2026-08-21 23:34:19 - mkk_pika - main.py:49 - INFO - [{'_id': '5c6bc023fe11a871a62f7177', 'title': '第1集', 'order': 1, 'updated_at': '2019-02-19T04:05:55.903Z', 'id': '5c6bc023fe11a871a62f7177'}]
2026-08-21 23:34:19 - mkk_pika - database.py:215 - INFO - 第一次下载该漫画，记录数据库中
2026-08-21 23:34:20 - mkk_pika - main.py:83 - INFO - 找到 23 张图片在:第1集
2026-08-21 23:34:21 - mkk_pika - main.py:112 - INFO - [episode:第1集       ] downloaded:    23, total:  23, progress:100%
2026-08-21 23:34:21 - mkk_pika - database.py:238 - INFO - 数据库更新已下载章节
2026-08-21 23:34:21 - mkk_pika - database.py:244 - INFO - 该漫画已下载章节如下
2026-08-21 23:34:21 - mkk_pika - database.py:245 - INFO - ['第1集']
2026-08-21 23:34:22 - mkk_pika - main.py:348 - INFO - ==================== 漫画信息 ====================
                                   漫画ID：5c6bc023fe11a871a62f7176
                                   标题：幼戲人生 (ノーゲーム?ノーライフ) (FF24)
                                   作者：に向思考 (猫崎 葵)
                                   是否完结：是
                                   总页数：23
                                   分类：短篇,後宮閃光,妹妹系,同人
                                   章节数：1
                                   最后更新时间：2019-02-19T08:36:51.966Z
                                   =================================================
2026-08-21 23:34:22 - mkk_pika - database.py:101 - INFO - 保存成功：幼戲人生 (ノーゲーム?ノーライフ) (FF24)
2026-08-21 23:34:22 - mkk_pika - main.py:35 - INFO - 开始检查[3D] 蝴蝶之殇 第一季是否存在未下载章节
2026-08-21 23:34:22 - mkk_pika - main.py:45 - INFO - 正在下载:[[3D] 蝴蝶之殇 第一季]-[aaish]-[['全彩', '長篇']]-[total_pages:1266]
2026-08-21 23:34:22 - mkk_pika - main.py:49 - INFO - [{'_id': '5c699a296008e9080030f175', 'title': '第1集', 'order': 1, 'updated_at': '2019-02-16T16:07:01.548Z', 'id': '5c699a296008e9080030f175'}, {'_id': '5c699a296008e9080030f176', 'title': '第2集', 'order': 2, 'updated_at': '2019-02-16T16:07:37.127Z', 'id': '5c699a296008e9080030f176'}, {'_id': '5c699a296008e9080030f177', 'title': '第3集', 'order': 3, 'updated_at': '2019-02-16T16:08:06.062Z', 'id': '5c699a296008e9080030f177'}, {'_id': '5c699a296008e9080030f178', 'title': '第4集', 'order': 4, 'updated_at': '2019-02-16T16:08:43.142Z', 'id': '5c699a296008e9080030f178'}, {'_id': '5c699a296008e9080030f179', 'title': '第5集', 'order': 5, 'updated_at': '2019-02-16T16:09:22.577Z', 'id': '5c699a296008e9080030f179'}, {'_id': '5c699a296008e9080030f17a', 'title': '第6集', 'order': 6, 'updated_at': '2019-02-16T16:09:48.810Z', 'id': '5c699a296008e9080030f17a'}, {'_id': '5c699a296008e9080030f17b', 'title': '第7集', 'order': 7, 'updated_at': '2019-02-16T16:10:22.293Z', 'id': '5c699a296008e9080030f17b'}, {'_id': '5c699a296008e9080030f17c', 'title': '第8集', 'order': 8, 'updated_at': '2019-02-16T16:10:45.063Z', 'id': '5c699a296008e9080030f17c'}, {'_id': '5c6bdda6179363719e96f2b4', 'title': '第9集', 'order': 9, 'updated_at': '2019-02-19T08:34:18.523Z', 'id': '5c6bdda6179363719e96f2b4'}, {'_id': '5c6bdda6179363719e96f2b5', 'title': '第10集', 'order': 10, 'updated_at': '2019-02-19T08:35:13.948Z', 'id': '5c6bdda6179363719e96f2b5'}, {'_id': '5c6bdda6179363719e96f2b6', 'title': '第11集', 'order': 11, 'updated_at': '2019-02-19T08:35:41.741Z', 'id': '5c6bdda6179363719e96f2b6'}, {'_id': '5c6bdda6179363719e96f2b7', 'title': '第12集', 'order': 12, 'updated_at': '2019-02-19T08:36:07.245Z', 'id': '5c6bdda6179363719e96f2b7'}, {'_id': '5c6bdda6179363719e96f2b8', 'title': '第13集', 'order': 13, 'updated_at': '2019-02-19T08:36:26.959Z', 'id': '5c6bdda6179363719e96f2b8'}, {'_id': '5c6bdda6179363719e96f2b9', 'title': '第14集', 'order': 14, 'updated_at': '2019-02-19T08:37:00.432Z', 'id': '5c6bdda6179363719e96f2b9'}, {'_id': '5c6bdda6179363719e96f2ba', 'title': '第15集', 'order': 15, 'updated_at': '2019-02-19T08:37:33.961Z', 'id': '5c6bdda6179363719e96f2ba'}, {'_id': '5c6bdda6179363719e96f2bb', 'title': '第16集', 'order': 16, 'updated_at': '2019-02-19T08:37:55.413Z', 'id': '5c6bdda6179363719e96f2bb'}, {'_id': '5c6bdda6179363719e96f2bc', 'title': '第17集', 'order': 17, 'updated_at': '2019-02-19T08:38:20.316Z', 'id': '5c6bdda6179363719e96f2bc'}, {'_id': '5c6bdda6179363719e96f2bd', 'title': '第18集', 'order': 18, 'updated_at': '2019-02-19T08:38:41.001Z', 'id': '5c6bdda6179363719e96f2bd'}, {'_id': '5c6bdda6179363719e96f2be', 'title': '第19集', 'order': 19, 'updated_at': '2019-02-19T08:39:15.558Z', 'id': '5c6bdda6179363719e96f2be'}, {'_id': '5c6bdda6179363719e96f2bf', 'title': '第20集', 'order': 20, 'updated_at': '2019-02-19T08:39:51.168Z', 'id': '5c6bdda6179363719e96f2bf'}, {'_id': '5c6bdda6179363719e96f2c0', 'title': '第21集', 'order': 21, 'updated_at': '2019-02-19T08:40:27.568Z', 'id': '5c6bdda6179363719e96f2c0'}, {'_id': '5c6bdda6179363719e96f2c1', 'title': '第22集', 'order': 22, 'updated_at': '2019-02-19T08:40:49.834Z', 'id': '5c6bdda6179363719e96f2c1'}, {'_id': '5c6bdda6179363719e96f2c2', 'title': '第23集', 'order': 23, 'updated_at': '2019-02-19T08:41:11.796Z', 'id': '5c6bdda6179363719e96f2c2'}, {'_id': '5c6bdda6179363719e96f2c3', 'title': '第24集', 'order': 24, 'updated_at': '2019-02-19T08:41:59.033Z', 'id': '5c6bdda6179363719e96f2c3'}, {'_id': '5c6bdda6179363719e96f2c4', 'title': '第25集', 'order': 25, 'updated_at': '2019-02-19T08:42:27.811Z', 'id': '5c6bdda6179363719e96f2c4'}, {'_id': '5c6bdda6179363719e96f2c5', 'title': '人物关系图', 'order': 26, 'updated_at': '2019-02-19T08:42:45.755Z', 'id': '5c6bdda6179363719e96f2c5'}]
2026-08-21 23:34:22 - mkk_pika - database.py:215 - INFO - 第一次下载该漫画，记录数据库中
2026-08-21 23:34:23 - mkk_pika - main.py:83 - INFO - 找到 49 张图片在:第1集
2026-08-21 23:34:24 - mkk_pika - main.py:112 - INFO - [episode:第1集       ] downloaded:    49, total:  49, progress:100%
2026-08-21 23:34:24 - mkk_pika - database.py:238 - INFO - 数据库更新已下载章节
2026-08-21 23:34:24 - mkk_pika - database.py:244 - INFO - 该漫画已下载章节如下
2026-08-21 23:34:24 - mkk_pika - database.py:245 - INFO - ['第1集']
2026-08-21 23:34:26 - mkk_pika - main.py:83 - INFO - 找到 66 张图片在:第2集
2026-08-21 23:34:28 - mkk_pika - main.py:112 - INFO - [episode:第2集       ] downloaded:    66, total:  66, progress:100%
2026-08-21 23:34:28 - mkk_pika - database.py:238 - INFO - 数据库更新已下载章节
2026-08-21 23:34:28 - mkk_pika - database.py:244 - INFO - 该漫画已下载章节如下
2026-08-21 23:34:28 - mkk_pika - database.py:245 - INFO - ['第1集', '第2集']
2026-08-21 23:34:30 - mkk_pika - main.py:83 - INFO - 找到 45 张图片在:第3集
2026-08-21 23:34:31 - mkk_pika - main.py:112 - INFO - [episode:第3集       ] downloaded:    45, total:  45, progress:100%
2026-08-21 23:34:31 - mkk_pika - database.py:238 - INFO - 数据库更新已下载章节
2026-08-21 23:34:31 - mkk_pika - database.py:244 - INFO - 该漫画已下载章节如下
2026-08-21 23:34:31 - mkk_pika - database.py:245 - INFO - ['第1集', '第2集', '第3集']
2026-08-21 23:34:33 - mkk_pika - main.py:83 - INFO - 找到 32 张图片在:第4集
2026-08-21 23:34:34 - mkk_pika - main.py:112 - INFO - [episode:第4集       ] downloaded:    32, total:  32, progress:100%
2026-08-21 23:34:34 - mkk_pika - database.py:238 - INFO - 数据库更新已下载章节
2026-08-21 23:34:34 - mkk_pika - database.py:244 - INFO - 该漫画已下载章节如下
2026-08-21 23:34:34 - mkk_pika - database.py:245 - INFO - ['第1集', '第2集', '第3集', '第4集']
2026-08-21 23:34:35 - mkk_pika - main.py:83 - INFO - 找到 44 张图片在:第5集
2026-08-21 23:34:37 - mkk_pika - main.py:112 - INFO - [episode:第5集       ] downloaded:    44, total:  44, progress:100%
2026-08-21 23:34:37 - mkk_pika - database.py:238 - INFO - 数据库更新已下载章节
2026-08-21 23:34:37 - mkk_pika - database.py:244 - INFO - 该漫画已下载章节如下
2026-08-21 23:34:37 - mkk_pika - database.py:245 - INFO - ['第1集', '第2集', '第3集', '第4集', '第5集']
2026-08-21 23:34:38 - mkk_pika - main.py:83 - INFO - 找到 44 张图片在:第6集
2026-08-21 23:34:40 - mkk_pika - main.py:112 - INFO - [episode:第6集       ] downloaded:    44, total:  44, progress:100%
2026-08-21 23:34:40 - mkk_pika - database.py:238 - INFO - 数据库更新已下载章节
2026-08-21 23:34:40 - mkk_pika - database.py:244 - INFO - 该漫画已下载章节如下
2026-08-21 23:34:40 - mkk_pika - database.py:245 - INFO - ['第1集', '第2集', '第3集', '第4集', '第5集', '第6集']
2026-08-21 23:34:41 - mkk_pika - main.py:83 - INFO - 找到 40 张图片在:第7集
2026-08-21 23:34:43 - mkk_pika - main.py:112 - INFO - [episode:第7集       ] downloaded:    40, total:  40, progress:100%
2026-08-21 23:34:43 - mkk_pika - database.py:238 - INFO - 数据库更新已下载章节
2026-08-21 23:34:43 - mkk_pika - database.py:244 - INFO - 该漫画已下载章节如下
2026-08-21 23:34:43 - mkk_pika - database.py:245 - INFO - ['第1集', '第2集', '第3集', '第4集', '第5集', '第6集', '第7集']
2026-08-21 23:34:44 - mkk_pika - main.py:83 - INFO - 找到 32 张图片在:第8集
2026-08-21 23:34:45 - mkk_pika - main.py:112 - INFO - [episode:第8集       ] downloaded:    32, total:  32, progress:100%
2026-08-21 23:34:45 - mkk_pika - database.py:238 - INFO - 数据库更新已下载章节
2026-08-21 23:34:45 - mkk_pika - database.py:244 - INFO - 该漫画已下载章节如下
2026-08-21 23:34:45 - mkk_pika - database.py:245 - INFO - ['第1集', '第2集', '第3集', '第4集', '第5集', '第6集', '第7集', '第8集']
2026-08-21 23:34:47 - mkk_pika - main.py:83 - INFO - 找到 34 张图片在:第9集
2026-08-21 23:34:48 - mkk_pika - main.py:112 - INFO - [episode:第9集       ] downloaded:    34, total:  34, progress:100%
2026-08-21 23:34:48 - mkk_pika - database.py:238 - INFO - 数据库更新已下载章节
2026-08-21 23:34:48 - mkk_pika - database.py:244 - INFO - 该漫画已下载章节如下
2026-08-21 23:34:48 - mkk_pika - database.py:245 - INFO - ['第1集', '第2集', '第3集', '第4集', '第5集', '第6集', '第7集', '第8集', '第9集']
2026-08-21 23:34:49 - mkk_pika - main.py:83 - INFO - 找到 34 张图片在:第10集
2026-08-21 23:34:50 - mkk_pika - main.py:112 - INFO - [episode:第10集      ] downloaded:    34, total:  34, progress:100%
2026-08-21 23:34:50 - mkk_pika - database.py:238 - INFO - 数据库更新已下载章节
2026-08-21 23:34:50 - mkk_pika - database.py:244 - INFO - 该漫画已下载章节如下
2026-08-21 23:34:50 - mkk_pika - database.py:245 - INFO - ['第1集', '第2集', '第3集', '第4集', '第5集', '第6集', '第7集', '第8集', '第9集', '第10集']
2026-08-21 23:34:52 - mkk_pika - main.py:83 - INFO - 找到 41 张图片在:第11集
2026-08-21 23:34:53 - mkk_pika - main.py:112 - INFO - [episode:第11集      ] downloaded:    41, total:  41, progress:100%
2026-08-21 23:34:53 - mkk_pika - database.py:238 - INFO - 数据库更新已下载章节
2026-08-21 23:34:53 - mkk_pika - database.py:244 - INFO - 该漫画已下载章节如下
2026-08-21 23:34:53 - mkk_pika - database.py:245 - INFO - ['第1集', '第2集', '第3集', '第4集', '第5集', '第6集', '第7集', '第8集', '第9集', '第10集', '第11集']
2026-08-21 23:34:55 - mkk_pika - main.py:83 - INFO - 找到 45 张图片在:第12集
2026-08-21 23:34:57 - mkk_pika - main.py:112 - INFO - [episode:第12集      ] downloaded:    45, total:  45, progress:100%
2026-08-21 23:34:57 - mkk_pika - database.py:238 - INFO - 数据库更新已下载章节
2026-08-21 23:34:57 - mkk_pika - database.py:244 - INFO - 该漫画已下载章节如下
2026-08-21 23:34:57 - mkk_pika - database.py:245 - INFO - ['第1集', '第2集', '第3集', '第4集', '第5集', '第6集', '第7集', '第8集', '第9集', '第10集', '第11集', '第12集']
2026-08-21 23:34:58 - mkk_pika - main.py:83 - INFO - 找到 41 张图片在:第13集
2026-08-21 23:35:00 - mkk_pika - main.py:112 - INFO - [episode:第13集      ] downloaded:    41, total:  41, progress:100%
2026-08-21 23:35:00 - mkk_pika - database.py:238 - INFO - 数据库更新已下载章节
2026-08-21 23:35:00 - mkk_pika - database.py:244 - INFO - 该漫画已下载章节如下
2026-08-21 23:35:00 - mkk_pika - database.py:245 - INFO - ['第1集', '第2集', '第3集', '第4集', '第5集', '第6集', '第7集', '第8集', '第9集', '第10集', '第11集', '第12集', '第13集']
2026-08-21 23:35:01 - mkk_pika - main.py:83 - INFO - 找到 43 张图片在:第14集
2026-08-21 23:35:03 - mkk_pika - main.py:112 - INFO - [episode:第14集      ] downloaded:    43, total:  43, progress:100%
2026-08-21 23:35:03 - mkk_pika - database.py:238 - INFO - 数据库更新已下载章节
2026-08-21 23:35:03 - mkk_pika - database.py:244 - INFO - 该漫画已下载章节如下
2026-08-21 23:35:03 - mkk_pika - database.py:245 - INFO - ['第1集', '第2集', '第3集', '第4集', '第5集', '第6集', '第7集', '第8集', '第9集', '第10集', '第11集', '第12集', '第13集', '第14集']
2026-08-21 23:35:05 - mkk_pika - main.py:83 - INFO - 找到 42 张图片在:第15集
2026-08-21 23:35:06 - mkk_pika - main.py:112 - INFO - [episode:第15集      ] downloaded:    42, total:  42, progress:100%
2026-08-21 23:35:06 - mkk_pika - database.py:238 - INFO - 数据库更新已下载章节
2026-08-21 23:35:06 - mkk_pika - database.py:244 - INFO - 该漫画已下载章节如下
2026-08-21 23:35:06 - mkk_pika - database.py:245 - INFO - ['第1集', '第2集', '第3集', '第4集', '第5集', '第6集', '第7集', '第8集', '第9集', '第10集', '第11集', '第12集', '第13集', '第14集', '第15集']
2026-08-21 23:35:08 - mkk_pika - main.py:83 - INFO - 找到 38 张图片在:第16集
2026-08-21 23:35:09 - mkk_pika - main.py:112 - INFO - [episode:第16集      ] downloaded:    38, total:  38, progress:100%
2026-08-21 23:35:09 - mkk_pika - database.py:238 - INFO - 数据库更新已下载章节
2026-08-21 23:35:09 - mkk_pika - database.py:244 - INFO - 该漫画已下载章节如下
2026-08-21 23:35:09 - mkk_pika - database.py:245 - INFO - ['第1集', '第2集', '第3集', '第4集', '第5集', '第6集', '第7集', '第8集', '第9集', '第10集', '第11集', '第12集', '第13集', '第14集', '第15集', '第16集']
2026-08-21 23:35:10 - mkk_pika - main.py:83 - INFO - 找到 31 张图片在:第17集
2026-08-21 23:35:11 - mkk_pika - main.py:112 - INFO - [episode:第17集      ] downloaded:    31, total:  31, progress:100%
2026-08-21 23:35:11 - mkk_pika - database.py:238 - INFO - 数据库更新已下载章节
2026-08-21 23:35:11 - mkk_pika - database.py:244 - INFO - 该漫画已下载章节如下
2026-08-21 23:35:11 - mkk_pika - database.py:245 - INFO - ['第1集', '第2集', '第3集', '第4集', '第5集', '第6集', '第7集', '第8集', '第9集', '第10集', '第11集', '第12集', '第13集', '第14集', '第15集', '第16集', '第17集']
2026-08-21 23:35:13 - mkk_pika - main.py:83 - INFO - 找到 53 张图片在:第18集
2026-08-21 23:35:15 - mkk_pika - main.py:112 - INFO - [episode:第18集      ] downloaded:    53, total:  53, progress:100%
2026-08-21 23:35:15 - mkk_pika - database.py:238 - INFO - 数据库更新已下载章节
2026-08-21 23:35:15 - mkk_pika - database.py:244 - INFO - 该漫画已下载章节如下
2026-08-21 23:35:15 - mkk_pika - database.py:245 - INFO - ['第1集', '第2集', '第3集', '第4集', '第5集', '第6集', '第7集', '第8集', '第9集', '第10集', '第11集', '第12集', '第13集', '第14集', '第15集', '第16集', '第17集', '第18集']
2026-08-21 23:35:16 - mkk_pika - main.py:83 - INFO - 找到 64 张图片在:第19集
2026-08-21 23:35:19 - mkk_pika - main.py:112 - INFO - [episode:第19集      ] downloaded:    64, total:  64, progress:100%
2026-08-21 23:35:19 - mkk_pika - database.py:238 - INFO - 数据库更新已下载章节
2026-08-21 23:35:19 - mkk_pika - database.py:244 - INFO - 该漫画已下载章节如下
2026-08-21 23:35:19 - mkk_pika - database.py:245 - INFO - ['第1集', '第2集', '第3集', '第4集', '第5集', '第6集', '第7集', '第8集', '第9集', '第10集', '第11集', '第12集', '第13集', '第14集', '第15集', '第16集', '第17集', '第18集', '第19集']
2026-08-21 23:35:21 - mkk_pika - main.py:83 - INFO - 找到 87 张图片在:第20集
2026-08-21 23:35:23 - mkk_pika - main.py:112 - INFO - [episode:第20集      ] downloaded:    87, total:  87, progress:100%
2026-08-21 23:35:23 - mkk_pika - database.py:238 - INFO - 数据库更新已下载章节
2026-08-21 23:35:23 - mkk_pika - database.py:244 - INFO - 该漫画已下载章节如下
2026-08-21 23:35:23 - mkk_pika - database.py:245 - INFO - ['第1集', '第2集', '第3集', '第4集', '第5集', '第6集', '第7集', '第8集', '第9集', '第10集', '第11集', '第12集', '第13集', '第14集', '第15集', '第16集', '第17集', '第18集', '第19集', '第20集']
2026-08-21 23:35:26 - mkk_pika - main.py:83 - INFO - 找到 79 张图片在:第21集
2026-08-21 23:35:28 - mkk_pika - main.py:112 - INFO - [episode:第21集      ] downloaded:    79, total:  79, progress:100%
2026-08-21 23:35:28 - mkk_pika - database.py:238 - INFO - 数据库更新已下载章节
2026-08-21 23:35:28 - mkk_pika - database.py:244 - INFO - 该漫画已下载章节如下
2026-08-21 23:35:28 - mkk_pika - database.py:245 - INFO - ['第1集', '第2集', '第3集', '第4集', '第5集', '第6集', '第7集', '第8集', '第9集', '第10集', '第11集', '第12集', '第13集', '第14集', '第15集', '第16集', '第17集', '第18集', '第19集', '第20集', '第21集']
2026-08-21 23:35:30 - mkk_pika - main.py:83 - INFO - 找到 61 张图片在:第22集
2026-08-21 23:35:32 - mkk_pika - main.py:112 - INFO - [episode:第22集      ] downloaded:    61, total:  61, progress:100%
2026-08-21 23:35:32 - mkk_pika - database.py:238 - INFO - 数据库更新已下载章节
2026-08-21 23:35:32 - mkk_pika - database.py:244 - INFO - 该漫画已下载章节如下
2026-08-21 23:35:32 - mkk_pika - database.py:245 - INFO - ['第1集', '第2集', '第3集', '第4集', '第5集', '第6集', '第7集', '第8集', '第9集', '第10集', '第11集', '第12集', '第13集', '第14集', '第15集', '第16集', '第17集', '第18集', '第19集', '第20集', '第21集', '第22集']
2026-08-21 23:35:34 - mkk_pika - main.py:83 - INFO - 找到 65 张图片在:第23集
2026-08-21 23:35:37 - mkk_pika - main.py:112 - INFO - [episode:第23集      ] downloaded:    65, total:  65, progress:100%
2026-08-21 23:35:37 - mkk_pika - database.py:238 - INFO - 数据库更新已下载章节
2026-08-21 23:35:37 - mkk_pika - database.py:244 - INFO - 该漫画已下载章节如下
2026-08-21 23:35:37 - mkk_pika - database.py:245 - INFO - ['第1集', '第2集', '第3集', '第4集', '第5集', '第6集', '第7集', '第8集', '第9集', '第10集', '第11集', '第12集', '第13集', '第14集', '第15集', '第16集', '第17集', '第18集', '第19集', '第20集', '第21集', '第22集', '第23集']
2026-08-21 23:35:40 - mkk_pika - main.py:83 - INFO - 找到 64 张图片在:第24集
2026-08-21 23:35:42 - mkk_pika - main.py:112 - INFO - [episode:第24集      ] downloaded:    64, total:  64, progress:100%
2026-08-21 23:35:42 - mkk_pika - database.py:238 - INFO - 数据库更新已下载章节
2026-08-21 23:35:42 - mkk_pika - database.py:244 - INFO - 该漫画已下载章节如下
2026-08-21 23:35:42 - mkk_pika - database.py:245 - INFO - ['第1集', '第2集', '第3集', '第4集', '第5集', '第6集', '第7集', '第8集', '第9集', '第10集', '第11集', '第12集', '第13集', '第14集', '第15集', '第16集', '第17集', '第18集', '第19集', '第20集', '第21集', '第22集', '第23集', '第24集']
2026-08-21 23:35:44 - mkk_pika - main.py:83 - INFO - 找到 91 张图片在:第25集
2026-08-21 23:35:47 - mkk_pika - main.py:112 - INFO - [episode:第25集      ] downloaded:    91, total:  91, progress:100%
2026-08-21 23:35:47 - mkk_pika - database.py:238 - INFO - 数据库更新已下载章节
2026-08-21 23:35:47 - mkk_pika - database.py:244 - INFO - 该漫画已下载章节如下
2026-08-21 23:35:47 - mkk_pika - database.py:245 - INFO - ['第1集', '第2集', '第3集', '第4集', '第5集', '第6集', '第7集', '第8集', '第9集', '第10集', '第11集', '第12集', '第13集', '第14集', '第15集', '第16集', '第17集', '第18集', '第19集', '第20集', '第21集', '第22集', '第23集', '第24集', '第25集']
2026-08-21 23:35:49 - mkk_pika - main.py:83 - INFO - 找到 1 张图片在:人物关系图
2026-08-21 23:35:49 - mkk_pika - main.py:112 - INFO - [episode:人物关系图     ] downloaded:     1, total:   1, progress:100%
2026-08-21 23:35:49 - mkk_pika - database.py:238 - INFO - 数据库更新已下载章节
2026-08-21 23:35:49 - mkk_pika - database.py:244 - INFO - 该漫画已下载章节如下
2026-08-21 23:35:49 - mkk_pika - database.py:245 - INFO - ['第1集', '第2集', '第3集', '第4集', '第5集', '第6集', '第7集', '第8集', '第9集', '第10集', '第11集', '第12集', '第13集', '第14集', '第15集', '第16集', '第17集', '第18集', '第19集', '第20集', '第21集', '第22集', '第23集', '第24集', '第25集', '人物关系图']
2026-08-21 23:35:50 - mkk_pika - main.py:348 - INFO - ==================== 漫画信息 ====================
                                   漫画ID：5c699a296008e9080030f174
                                   标题：[3D] 蝴蝶之殇 第一季
                                   作者：aaish
                                   是否完结：否
                                   总页数：1266
                                   分类：全彩,長篇
                                   章节数：26
                                   最后更新时间：2019-02-19T10:42:46.550Z
                                   =================================================
2026-08-21 23:35:50 - mkk_pika - database.py:101 - INFO - 保存成功：[3D] 蝴蝶之殇 第一季
2026-08-21 23:35:50 - mkk_pika - main.py:35 - INFO - 开始检查RE28 (Fate Grand Order)（汉化）是否存在未下载章节
2026-08-21 23:35:50 - mkk_pika - main.py:45 - INFO - 正在下载:[RE28 (Fate Grand Order)（汉化）]-[RUBBISH選別隊 (無望菜志)]-[['短篇', '同人', 'Fate', 'SM']]-[total_pages:52]
2026-08-21 23:35:50 - mkk_pika - main.py:49 - INFO - [{'_id': '5c6bde3b48b743648cc5f875', 'title': '第1集', 'order': 1, 'updated_at': '2019-02-19T10:07:58.009Z', 'id': '5c6bde3b48b743648cc5f875'}]
2026-08-21 23:35:50 - mkk_pika - database.py:215 - INFO - 第一次下载该漫画，记录数据库中
2026-08-21 23:35:52 - mkk_pika - main.py:83 - INFO - 找到 52 张图片在:第1集
2026-08-21 23:35:54 - mkk_pika - main.py:112 - INFO - [episode:第1集       ] downloaded:    52, total:  52, progress:100%
2026-08-21 23:35:54 - mkk_pika - database.py:238 - INFO - 数据库更新已下载章节
2026-08-21 23:35:54 - mkk_pika - database.py:244 - INFO - 该漫画已下载章节如下
2026-08-21 23:35:54 - mkk_pika - database.py:245 - INFO - ['第1集']
2026-08-21 23:35:55 - mkk_pika - main.py:348 - INFO - ==================== 漫画信息 ====================
                                   漫画ID：5c6bde3b48b743648cc5f874
                                   标题：RE28 (Fate Grand Order)（汉化）
                                   作者：RUBBISH選別隊 (無望菜志)
                                   是否完结：是
                                   总页数：52
                                   分类：短篇,同人,Fate,SM
                                   章节数：1
                                   最后更新时间：2019-02-19T10:45:15.015Z
                                   =================================================
2026-08-21 23:35:55 - mkk_pika - database.py:101 - INFO - 保存成功：RE28 (Fate Grand Order)（汉化）
2026-08-21 23:35:55 - mkk_pika - main.py:35 - INFO - 开始检查Waifu on couch (WIP)是否存在未下载章节
2026-08-21 23:35:55 - mkk_pika - main.py:45 - INFO - 正在下载:[Waifu on couch (WIP)]-[Bokuman]-[['短篇', '同人']]-[total_pages:28]
2026-08-21 23:35:55 - mkk_pika - main.py:49 - INFO - [{'_id': '5c6bde592753db71669ec504', 'title': '第1集', 'order': 1, 'updated_at': '2019-02-19T10:20:58.383Z', 'id': '5c6bde592753db71669ec504'}]
2026-08-21 23:35:55 - mkk_pika - database.py:215 - INFO - 第一次下载该漫画，记录数据库中
2026-08-21 23:35:56 - mkk_pika - main.py:83 - INFO - 找到 28 张图片在:第1集
2026-08-21 23:35:57 - mkk_pika - main.py:112 - INFO - [episode:第1集       ] downloaded:    28, total:  28, progress:100%
2026-08-21 23:35:57 - mkk_pika - database.py:238 - INFO - 数据库更新已下载章节
2026-08-21 23:35:57 - mkk_pika - database.py:244 - INFO - 该漫画已下载章节如下
2026-08-21 23:35:57 - mkk_pika - database.py:245 - INFO - ['第1集']
2026-08-21 23:35:58 - mkk_pika - main.py:348 - INFO - ==================== 漫画信息 ====================
                                   漫画ID：5c6bde592753db71669ec503
                                   标题：Waifu on couch (WIP)
                                   作者：Bokuman
                                   是否完结：是
                                   总页数：28
                                   分类：短篇,同人
                                   章节数：1
                                   最后更新时间：2019-02-19T10:45:45.465Z
                                   =================================================
2026-08-21 23:35:58 - mkk_pika - database.py:101 - INFO - 保存成功：Waifu on couch (WIP)
2026-08-21 23:35:58 - mkk_pika - main.py:35 - INFO - 开始检查結婚しましょう是否存在未下载章节
2026-08-21 23:35:59 - mkk_pika - main.py:45 - INFO - 正在下载:[結婚しましょう]-[みぎひざ]-[['同人', '短篇', '純愛', '百合花園']]-[total_pages:24]
2026-08-21 23:35:59 - mkk_pika - main.py:49 - INFO - [{'_id': '5c6bf1b6c520b864c016e307', 'title': '第1集', 'order': 1, 'updated_at': '2019-02-19T11:37:59.445Z', 'id': '5c6bf1b6c520b864c016e307'}]
2026-08-21 23:35:59 - mkk_pika - database.py:215 - INFO - 第一次下载该漫画，记录数据库中
2026-08-21 23:35:59 - mkk_pika - main.py:83 - INFO - 找到 24 张图片在:第1集
2026-08-21 23:36:01 - mkk_pika - main.py:112 - INFO - [episode:第1集       ] downloaded:    24, total:  24, progress:100%
2026-08-21 23:36:01 - mkk_pika - database.py:238 - INFO - 数据库更新已下载章节
2026-08-21 23:36:01 - mkk_pika - database.py:244 - INFO - 该漫画已下载章节如下
2026-08-21 23:36:01 - mkk_pika - database.py:245 - INFO - ['第1集']
2026-08-21 23:36:02 - mkk_pika - main.py:348 - INFO - ==================== 漫画信息 ====================
                                   漫画ID：5c6bf1b6c520b864c016e306
                                   标题：結婚しましょう
                                   作者：みぎひざ
                                   是否完结：是
                                   总页数：24
                                   分类：同人,短篇,純愛,百合花園
                                   章节数：1
                                   最后更新时间：2019-02-19T12:08:22.281Z
                                   =================================================
2026-08-21 23:36:02 - mkk_pika - database.py:101 - INFO - 保存成功：結婚しましょう
2026-08-21 23:36:02 - mkk_pika - main.py:35 - INFO - 开始检查キムズイウン是否存在未下载章节
2026-08-21 23:36:02 - mkk_pika - main.py:45 - INFO - 正在下载:[キムズイウン]-[オチンチンリーチ! (田川げんご)]-[['同人', '短篇', '艦隊收藏']]-[total_pages:18]
2026-08-21 23:36:02 - mkk_pika - main.py:49 - INFO - [{'_id': '5c6c1d93c7832b7d5aa60de7', 'title': '第1集', 'order': 1, 'updated_at': '2019-02-19T12:10:25.797Z', 'id': '5c6c1d93c7832b7d5aa60de7'}]
2026-08-21 23:36:02 - mkk_pika - database.py:215 - INFO - 第一次下载该漫画，记录数据库中
2026-08-21 23:36:03 - mkk_pika - main.py:83 - INFO - 找到 18 张图片在:第1集
2026-08-21 23:36:04 - mkk_pika - main.py:112 - INFO - [episode:第1集       ] downloaded:    18, total:  18, progress:100%
2026-08-21 23:36:04 - mkk_pika - database.py:238 - INFO - 数据库更新已下载章节
2026-08-21 23:36:04 - mkk_pika - database.py:244 - INFO - 该漫画已下载章节如下
2026-08-21 23:36:04 - mkk_pika - database.py:245 - INFO - ['第1集']
2026-08-21 23:36:05 - mkk_pika - main.py:348 - INFO - ==================== 漫画信息 ====================
                                   漫画ID：5c6c1d93c7832b7d5aa60de6
                                   标题：キムズイウン
                                   作者：オチンチンリーチ! (田川げんご)
                                   是否完结：否
                                   总页数：18
                                   分类：同人,短篇,艦隊收藏
                                   章节数：1
                                   最后更新时间：2019-02-19T15:15:31.872Z
                                   =================================================
2026-08-21 23:36:05 - mkk_pika - database.py:101 - INFO - 保存成功：キムズイウン
2026-08-21 23:36:05 - mkk_pika - main.py:35 - INFO - 开始检查シャニマス孕ませ周回プレイ (アイドルマスターシャイニーカラーズ）是否存在未下载章节
2026-08-21 23:36:05 - mkk_pika - main.py:45 - INFO - 正在下载:[シャニマス孕ませ周回プレイ (アイドルマスターシャイニーカラーズ）]-[うかつではない (noukatu、水瀬くうる)]-[['短篇', '同人', '全彩', '後宮閃光']]-[total_pages:16]
2026-08-21 23:36:05 - mkk_pika - main.py:49 - INFO - [{'_id': '5c6c1da8179363719e96f9b9', 'title': '第1集', 'order': 1, 'updated_at': '2019-02-19T12:41:22.717Z', 'id': '5c6c1da8179363719e96f9b9'}]
2026-08-21 23:36:05 - mkk_pika - database.py:215 - INFO - 第一次下载该漫画，记录数据库中
2026-08-21 23:36:06 - mkk_pika - main.py:83 - INFO - 找到 16 张图片在:第1集
2026-08-21 23:36:07 - mkk_pika - main.py:112 - INFO - [episode:第1集       ] downloaded:    16, total:  16, progress:100%
2026-08-21 23:36:07 - mkk_pika - database.py:238 - INFO - 数据库更新已下载章节
2026-08-21 23:36:07 - mkk_pika - database.py:244 - INFO - 该漫画已下载章节如下
2026-08-21 23:36:07 - mkk_pika - database.py:245 - INFO - ['第1集']
2026-08-21 23:36:08 - mkk_pika - main.py:348 - INFO - ==================== 漫画信息 ====================
                                   漫画ID：5c6c1da8179363719e96f9b8
                                   标题：シャニマス孕ませ周回プレイ (アイドルマスターシャイニーカラーズ）
                                   作者：うかつではない (noukatu、水瀬くうる)
                                   是否完结：是
                                   总页数：16
                                   分类：短篇,同人,全彩,後宮閃光
                                   章节数：1
                                   最后更新时间：2019-02-19T15:15:52.175Z
                                   =================================================
2026-08-21 23:36:08 - mkk_pika - database.py:101 - INFO - 保存成功：シャニマス孕ませ周回プレイ (アイドルマスターシャイニーカラーズ）
2026-08-21 23:36:08 - mkk_pika - main.py:35 - INFO - 开始检查ルミノシティ19 ポトフちゃん、闇堕ち。是否存在未下载章节
2026-08-21 23:36:08 - mkk_pika - main.py:45 - INFO - 正在下载:[ルミノシティ19 ポトフちゃん、闇堕ち。]-[ルミノシティ (かにビーム)]-[['同人', '短篇', '百合花園']]-[total_pages:32]
2026-08-21 23:36:08 - mkk_pika - main.py:49 - INFO - [{'_id': '5c6c1e2f3892cd7d22199464', 'title': '第1集', 'order': 1, 'updated_at': '2019-02-19T12:51:43.630Z', 'id': '5c6c1e2f3892cd7d22199464'}]
2026-08-21 23:36:08 - mkk_pika - database.py:215 - INFO - 第一次下载该漫画，记录数据库中
2026-08-21 23:36:09 - mkk_pika - main.py:83 - INFO - 找到 32 张图片在:第1集
2026-08-21 23:36:10 - mkk_pika - main.py:112 - INFO - [episode:第1集       ] downloaded:    32, total:  32, progress:100%
2026-08-21 23:36:10 - mkk_pika - database.py:238 - INFO - 数据库更新已下载章节
2026-08-21 23:36:10 - mkk_pika - database.py:244 - INFO - 该漫画已下载章节如下
2026-08-21 23:36:10 - mkk_pika - database.py:245 - INFO - ['第1集']
2026-08-21 23:36:11 - mkk_pika - main.py:348 - INFO - ==================== 漫画信息 ====================
                                   漫画ID：5c6c1e2f3892cd7d22199463
                                   标题：ルミノシティ19 ポトフちゃん、闇堕ち。
                                   作者：ルミノシティ (かにビーム)
                                   是否完结：否
                                   总页数：32
                                   分类：同人,短篇,百合花園
                                   章节数：1
                                   最后更新时间：2019-02-19T15:18:07.169Z
                                   =================================================
2026-08-21 23:36:11 - mkk_pika - database.py:101 - INFO - 保存成功：ルミノシティ19 ポトフちゃん、闇堕ち。
2026-08-21 23:36:11 - mkk_pika - main.py:35 - INFO - 开始检查冬は寂しいから是否存在未下载章节
2026-08-21 23:36:12 - mkk_pika - main.py:45 - INFO - 正在下载:[冬は寂しいから]-[姉ヶ丘三丁目 (おきゅうり)]-[['短篇']]-[total_pages:31]
2026-08-21 23:36:12 - mkk_pika - main.py:49 - INFO - [{'_id': '5c6c1edce840d057404d7b58', 'title': '第1集', 'order': 1, 'updated_at': '2019-02-19T13:29:24.080Z', 'id': '5c6c1edce840d057404d7b58'}]
2026-08-21 23:36:12 - mkk_pika - database.py:215 - INFO - 第一次下载该漫画，记录数据库中
2026-08-21 23:36:13 - mkk_pika - main.py:83 - INFO - 找到 31 张图片在:第1集
2026-08-21 23:36:14 - mkk_pika - main.py:112 - INFO - [episode:第1集       ] downloaded:    31, total:  31, progress:100%
2026-08-21 23:36:14 - mkk_pika - database.py:238 - INFO - 数据库更新已下载章节
2026-08-21 23:36:14 - mkk_pika - database.py:244 - INFO - 该漫画已下载章节如下
2026-08-21 23:36:14 - mkk_pika - database.py:245 - INFO - ['第1集']
2026-08-21 23:36:15 - mkk_pika - main.py:348 - INFO - ==================== 漫画信息 ====================
                                   漫画ID：5c6c1edce840d057404d7b57
                                   标题：冬は寂しいから
                                   作者：姉ヶ丘三丁目 (おきゅうり)
                                   是否完结：是
                                   总页数：31
                                   分类：短篇
                                   章节数：1
                                   最后更新时间：2019-02-19T15:21:00.126Z
                                   =================================================
2026-08-21 23:36:15 - mkk_pika - database.py:101 - INFO - 保存成功：冬は寂しいから
2026-08-21 23:36:15 - mkk_pika - main.py:35 - INFO - 开始检查幽霊お姉さんの取り憑き逆レ是否存在未下载章节
2026-08-21 23:36:15 - mkk_pika - main.py:45 - INFO - 正在下载:[幽霊お姉さんの取り憑き逆レ]-[姉ヶ丘三丁目 (おきゅうり)]-[['短篇']]-[total_pages:28]
2026-08-21 23:36:15 - mkk_pika - main.py:49 - INFO - [{'_id': '5c6c1f6c179363719e96f9d8', 'title': '第1集', 'order': 1, 'updated_at': '2019-02-19T13:37:36.041Z', 'id': '5c6c1f6c179363719e96f9d8'}]
2026-08-21 23:36:15 - mkk_pika - database.py:215 - INFO - 第一次下载该漫画，记录数据库中
2026-08-21 23:36:16 - mkk_pika - main.py:83 - INFO - 找到 28 张图片在:第1集
2026-08-21 23:36:17 - mkk_pika - main.py:112 - INFO - [episode:第1集       ] downloaded:    28, total:  28, progress:100%
2026-08-21 23:36:17 - mkk_pika - database.py:238 - INFO - 数据库更新已下载章节
2026-08-21 23:36:17 - mkk_pika - database.py:244 - INFO - 该漫画已下载章节如下
2026-08-21 23:36:17 - mkk_pika - database.py:245 - INFO - ['第1集']
2026-08-21 23:36:19 - mkk_pika - main.py:348 - INFO - ==================== 漫画信息 ====================
                                   漫画ID：5c6c1f6c179363719e96f9d7
                                   标题：幽霊お姉さんの取り憑き逆レ
                                   作者：姉ヶ丘三丁目 (おきゅうり)
                                   是否完结：否
                                   总页数：28
                                   分类：短篇
                                   章节数：1
                                   最后更新时间：2019-02-19T15:23:24.126Z
                                   =================================================
2026-08-21 23:36:19 - mkk_pika - database.py:101 - INFO - 保存成功：幽霊お姉さんの取り憑き逆レ
2026-08-21 23:36:19 - mkk_pika - main.py:35 - INFO - 开始检查パパとのエッチな日々 (COMIC LO 2016年9月号) [中国翻訳] [DL版]是否存在未下载章节
2026-08-21 23:36:19 - mkk_pika - main.py:45 - INFO - 正在下载:[パパとのエッチな日々 (COMIC LO 2016年9月号) [中国翻訳] [DL版]]-[小路あゆむ]-[['全彩', '短篇', '純愛']]-[total_pages:8]
2026-08-21 23:36:19 - mkk_pika - main.py:49 - INFO - [{'_id': '5c6c1f83179363719e96f9f6', 'title': '第1集', 'order': 1, 'updated_at': '2019-02-19T13:49:11.089Z', 'id': '5c6c1f83179363719e96f9f6'}]
2026-08-21 23:36:19 - mkk_pika - database.py:215 - INFO - 第一次下载该漫画，记录数据库中
2026-08-21 23:36:20 - mkk_pika - main.py:83 - INFO - 找到 8 张图片在:第1集
2026-08-21 23:36:20 - mkk_pika - main.py:112 - INFO - [episode:第1集       ] downloaded:     8, total:   8, progress:100%
2026-08-21 23:36:20 - mkk_pika - database.py:238 - INFO - 数据库更新已下载章节
2026-08-21 23:36:20 - mkk_pika - database.py:244 - INFO - 该漫画已下载章节如下
2026-08-21 23:36:20 - mkk_pika - database.py:245 - INFO - ['第1集']
2026-08-21 23:36:21 - mkk_pika - main.py:348 - INFO - ==================== 漫画信息 ====================
                                   漫画ID：5c6c1f83179363719e96f9f5
                                   标题：パパとのエッチな日々 (COMIC LO 2016年9月号) [中国翻訳] [DL版]
                                   作者：小路あゆむ
                                   是否完结：否
                                   总页数：8
                                   分类：全彩,短篇,純愛
                                   章节数：1
                                   最后更新时间：2019-02-19T15:23:47.407Z
                                   =================================================
2026-08-21 23:36:21 - mkk_pika - database.py:101 - INFO - 保存成功：パパとのエッチな日々 (COMIC LO 2016年9月号) [中国翻訳] [DL版]
2026-08-21 23:36:21 - mkk_pika - main.py:35 - INFO - 开始检查[JOJO][J♀K]月の陰に花ほころぶ是否存在未下载章节
2026-08-21 23:36:21 - mkk_pika - main.py:45 - INFO - 正在下载:[[JOJO][J♀K]月の陰に花ほころぶ]-[ウロギアヤ／SAICORO]-[['同人', '短篇', '性轉換']]-[total_pages:35]
2026-08-21 23:36:21 - mkk_pika - main.py:49 - INFO - [{'_id': '5c6c1f9348b743648cc600db', 'title': '第1集', 'order': 1, 'updated_at': '2019-02-19T13:55:01.810Z', 'id': '5c6c1f9348b743648cc600db'}]
2026-08-21 23:36:21 - mkk_pika - database.py:215 - INFO - 第一次下载该漫画，记录数据库中
2026-08-21 23:36:22 - mkk_pika - main.py:83 - INFO - 找到 35 张图片在:第1集
2026-08-21 23:36:24 - mkk_pika - main.py:112 - INFO - [episode:第1集       ] downloaded:    35, total:  35, progress:100%
2026-08-21 23:36:24 - mkk_pika - database.py:238 - INFO - 数据库更新已下载章节
2026-08-21 23:36:24 - mkk_pika - database.py:244 - INFO - 该漫画已下载章节如下
2026-08-21 23:36:24 - mkk_pika - database.py:245 - INFO - ['第1集']
2026-08-21 23:36:25 - mkk_pika - main.py:348 - INFO - ==================== 漫画信息 ====================
                                   漫画ID：5c6c1f9348b743648cc600da
                                   标题：[JOJO][J♀K]月の陰に花ほころぶ
                                   作者：ウロギアヤ／SAICORO
                                   是否完结：是
                                   总页数：35
                                   分类：同人,短篇,性轉換
                                   章节数：1
                                   最后更新时间：2019-02-19T15:24:03.142Z
                                   =================================================
2026-08-21 23:36:25 - mkk_pika - database.py:101 - INFO - 保存成功：[JOJO][J♀K]月の陰に花ほころぶ
2026-08-21 23:36:25 - mkk_pika - main.py:35 - INFO - 开始检查(C95) RE28(Fate Grand Order)是否存在未下载章节
2026-08-21 23:36:25 - mkk_pika - main.py:45 - INFO - 正在下载:[(C95) RE28(Fate Grand Order)]-[RUBBISH Selecting Squad (Namonashi)]-[['短篇', '同人', '強暴', '非人類', 'Fate']]-[total_pages:103]
2026-08-21 23:36:25 - mkk_pika - main.py:49 - INFO - [{'_id': '5c63b8fa0f7c1c77f101e709', 'title': '第1集', 'order': 1, 'updated_at': '2019-02-10T13:47:47.035Z', 'id': '5c63b8fa0f7c1c77f101e709'}, {'_id': '5c6c1fa391f47c57108ad3a8', 'title': '汉化', 'order': 2, 'updated_at': '2019-02-19T14:21:42.012Z', 'id': '5c6c1fa391f47c57108ad3a8'}]
2026-08-21 23:36:25 - mkk_pika - database.py:215 - INFO - 第一次下载该漫画，记录数据库中
2026-08-21 23:36:26 - mkk_pika - main.py:83 - INFO - 找到 51 张图片在:第1集
2026-08-21 23:36:28 - mkk_pika - main.py:112 - INFO - [episode:第1集       ] downloaded:    51, total:  51, progress:100%
2026-08-21 23:36:28 - mkk_pika - database.py:238 - INFO - 数据库更新已下载章节
2026-08-21 23:36:28 - mkk_pika - database.py:244 - INFO - 该漫画已下载章节如下
2026-08-21 23:36:28 - mkk_pika - database.py:245 - INFO - ['第1集']
2026-08-21 23:36:30 - mkk_pika - main.py:83 - INFO - 找到 52 张图片在:汉化
2026-08-21 23:36:32 - mkk_pika - main.py:112 - INFO - [episode:汉化        ] downloaded:    52, total:  52, progress:100%
2026-08-21 23:36:32 - mkk_pika - database.py:238 - INFO - 数据库更新已下载章节
2026-08-21 23:36:32 - mkk_pika - database.py:244 - INFO - 该漫画已下载章节如下
2026-08-21 23:36:32 - mkk_pika - database.py:245 - INFO - ['第1集', '汉化']
2026-08-21 23:36:33 - mkk_pika - main.py:348 - INFO - ==================== 漫画信息 ====================
                                   漫画ID：5c63b8fa0f7c1c77f101e708
                                   标题：(C95) RE28(Fate Grand Order)
                                   作者：RUBBISH Selecting Squad (Namonashi)
                                   是否完结：是
                                   总页数：103
                                   分类：短篇,同人,強暴,非人類,Fate
                                   章节数：2
                                   最后更新时间：2019-02-19T15:24:19.017Z
                                   =================================================
2026-08-21 23:36:33 - mkk_pika - database.py:101 - INFO - 保存成功：(C95) RE28(Fate Grand Order)
2026-08-21 23:36:33 - mkk_pika - main.py:35 - INFO - 开始检查(COMIC1☆12) エレナママに甘えるだけの本。 (Fate/Grand Order) 是否存在未下载章节
2026-08-21 23:36:34 - mkk_pika - main.py:45 - INFO - 正在下载:[(COMIC1☆12) エレナママに甘えるだけの本。 (Fate/Grand Order) ]-[兔子老大 (半里バード9)]-[['短篇', '同人', '純愛', 'Fate']]-[total_pages:19]
2026-08-21 23:36:34 - mkk_pika - main.py:49 - INFO - [{'_id': '5c6c1fb888d6ea649444bae3', 'title': '第1集', 'order': 1, 'updated_at': '2019-02-19T01:00:46.210Z', 'id': '5c6c1fb888d6ea649444bae3'}]
2026-08-21 23:36:34 - mkk_pika - database.py:215 - INFO - 第一次下载该漫画，记录数据库中
2026-08-21 23:36:34 - mkk_pika - main.py:83 - INFO - 找到 19 张图片在:第1集
2026-08-21 23:36:35 - mkk_pika - main.py:112 - INFO - [episode:第1集       ] downloaded:    19, total:  19, progress:100%
2026-08-21 23:36:35 - mkk_pika - database.py:238 - INFO - 数据库更新已下载章节
2026-08-21 23:36:35 - mkk_pika - database.py:244 - INFO - 该漫画已下载章节如下
2026-08-21 23:36:35 - mkk_pika - database.py:245 - INFO - ['第1集']
2026-08-21 23:36:36 - mkk_pika - main.py:348 - INFO - ==================== 漫画信息 ====================
                                   漫画ID：5c6c1fb888d6ea649444bae2
                                   标题：(COMIC1☆12) エレナママに甘えるだけの本。 (Fate/Grand Order) 
                                   作者：兔子老大 (半里バード9)
                                   是否完结：是
                                   总页数：19
                                   分类：短篇,同人,純愛,Fate
                                   章节数：1
                                   最后更新时间：2019-02-19T15:24:40.135Z
                                   =================================================
2026-08-21 23:36:36 - mkk_pika - database.py:101 - INFO - 保存成功：(COMIC1☆12) エレナママに甘えるだけの本。 (Fate/Grand Order) 
2026-08-21 23:36:36 - mkk_pika - main.py:35 - INFO - 开始检查百華荘3 《碧眼羅刹の逆襲！》是否存在未下载章节
2026-08-21 23:36:37 - mkk_pika - main.py:45 - INFO - 正在下载:[百華荘3 《碧眼羅刹の逆襲！》]-[三色坊 (黑青郎君)]-[['短篇', '足の恋']]-[total_pages:28]
2026-08-21 23:36:37 - mkk_pika - main.py:49 - INFO - [{'_id': '5c6caa482753db71669ecb70', 'title': '第1集', 'order': 1, 'updated_at': '2019-02-19T13:11:43.984Z', 'id': '5c6caa482753db71669ecb70'}]
2026-08-21 23:36:37 - mkk_pika - database.py:215 - INFO - 第一次下载该漫画，记录数据库中
2026-08-21 23:36:37 - mkk_pika - main.py:83 - INFO - 找到 28 张图片在:第1集
2026-08-21 23:36:39 - mkk_pika - main.py:112 - INFO - [episode:第1集       ] downloaded:    28, total:  28, progress:100%
2026-08-21 23:36:39 - mkk_pika - database.py:238 - INFO - 数据库更新已下载章节
2026-08-21 23:36:39 - mkk_pika - database.py:244 - INFO - 该漫画已下载章节如下
2026-08-21 23:36:39 - mkk_pika - database.py:245 - INFO - ['第1集']
2026-08-21 23:36:40 - mkk_pika - main.py:348 - INFO - ==================== 漫画信息 ====================
                                   漫画ID：5c6caa482753db71669ecb6f
                                   标题：百華荘3 《碧眼羅刹の逆襲！》
                                   作者：三色坊 (黑青郎君)
                                   是否完结：否
                                   总页数：28
                                   分类：短篇,足の恋
                                   章节数：1
                                   最后更新时间：2019-02-20T01:15:52.333Z
                                   =================================================
2026-08-21 23:36:40 - mkk_pika - database.py:101 - INFO - 保存成功：百華荘3 《碧眼羅刹の逆襲！》
2026-08-21 23:36:40 - mkk_pika - main.py:35 - INFO - 开始检查火影忍傳 (ナルト) 7是否存在未下载章节
2026-08-21 23:36:40 - mkk_pika - main.py:45 - INFO - 正在下载:[火影忍傳 (ナルト) 7]-[岸本齋史]-[['長篇', '同人', 'NTR', '強暴']]-[total_pages:179]
2026-08-21 23:36:40 - mkk_pika - main.py:49 - INFO - [{'_id': '5c6caa9fea9d9e716eb39930', 'title': '第1集', 'order': 1, 'updated_at': '2019-02-19T14:04:43.097Z', 'id': '5c6caa9fea9d9e716eb39930'}]
2026-08-21 23:36:40 - mkk_pika - database.py:215 - INFO - 第一次下载该漫画，记录数据库中
2026-08-21 23:36:43 - mkk_pika - main.py:83 - INFO - 找到 179 张图片在:第1集
2026-08-21 23:36:50 - mkk_pika - main.py:112 - INFO - [episode:第1集       ] downloaded:   179, total: 179, progress:100%
2026-08-21 23:36:50 - mkk_pika - database.py:238 - INFO - 数据库更新已下载章节
2026-08-21 23:36:50 - mkk_pika - database.py:244 - INFO - 该漫画已下载章节如下
2026-08-21 23:36:50 - mkk_pika - database.py:245 - INFO - ['第1集']
2026-08-21 23:36:52 - mkk_pika - main.py:348 - INFO - ==================== 漫画信息 ====================
                                   漫画ID：5c6caa9fea9d9e716eb3992f
                                   标题：火影忍傳 (ナルト) 7
                                   作者：岸本齋史
                                   是否完结：否
                                   总页数：179
                                   分类：長篇,同人,NTR,強暴
                                   章节数：1
                                   最后更新时间：2019-02-20T01:17:19.055Z
                                   =================================================
2026-08-21 23:36:52 - mkk_pika - database.py:101 - INFO - 保存成功：火影忍傳 (ナルト) 7
2026-08-21 23:36:52 - mkk_pika - main.py:35 - INFO - 开始检查アナタと是否存在未下载章节
2026-08-21 23:36:52 - mkk_pika - main.py:45 - INFO - 正在下载:[アナタと]-[えち後屋 (tau)]-[['全彩', '短篇', '非人類']]-[total_pages:26]
2026-08-21 23:36:52 - mkk_pika - main.py:49 - INFO - [{'_id': '5c6cab97faf9aa570a1cd911', 'title': '第1集', 'order': 1, 'updated_at': '2019-02-19T14:30:49.838Z', 'id': '5c6cab97faf9aa570a1cd911'}]
2026-08-21 23:36:52 - mkk_pika - database.py:215 - INFO - 第一次下载该漫画，记录数据库中
2026-08-21 23:36:53 - mkk_pika - main.py:83 - INFO - 找到 26 张图片在:第1集
2026-08-21 23:36:54 - mkk_pika - main.py:112 - INFO - [episode:第1集       ] downloaded:    26, total:  26, progress:100%
2026-08-21 23:36:54 - mkk_pika - database.py:238 - INFO - 数据库更新已下载章节
2026-08-21 23:36:54 - mkk_pika - database.py:244 - INFO - 该漫画已下载章节如下
2026-08-21 23:36:54 - mkk_pika - database.py:245 - INFO - ['第1集']
2026-08-21 23:36:55 - mkk_pika - main.py:348 - INFO - ==================== 漫画信息 ====================
                                   漫画ID：5c6cab97faf9aa570a1cd910
                                   标题：アナタと
                                   作者：えち後屋 (tau)
                                   是否完结：否
                                   总页数：26
                                   分类：全彩,短篇,非人類
                                   章节数：1
                                   最后更新时间：2019-02-20T01:21:27.570Z
                                   =================================================
2026-08-21 23:36:55 - mkk_pika - database.py:101 - INFO - 保存成功：アナタと
2026-08-21 23:36:55 - mkk_pika - main.py:35 - INFO - 开始检查かみ★おな是否存在未下载章节
2026-08-21 23:36:55 - mkk_pika - main.py:45 - INFO - 正在下载:[かみ★おな]-[ほむら屋 (焔すばる)]-[['短篇', '姐姐系']]-[total_pages:19]
2026-08-21 23:36:55 - mkk_pika - main.py:49 - INFO - [{'_id': '5c6cac2091f47c57108ad67f', 'title': '第1集', 'order': 1, 'updated_at': '2019-02-19T13:21:09.087Z', 'id': '5c6cac2091f47c57108ad67f'}]
2026-08-21 23:36:55 - mkk_pika - database.py:215 - INFO - 第一次下载该漫画，记录数据库中
2026-08-21 23:36:56 - mkk_pika - main.py:83 - INFO - 找到 19 张图片在:第1集
2026-08-21 23:36:57 - mkk_pika - main.py:112 - INFO - [episode:第1集       ] downloaded:    19, total:  19, progress:100%
2026-08-21 23:36:57 - mkk_pika - database.py:238 - INFO - 数据库更新已下载章节
2026-08-21 23:36:57 - mkk_pika - database.py:244 - INFO - 该漫画已下载章节如下
2026-08-21 23:36:57 - mkk_pika - database.py:245 - INFO - ['第1集']
2026-08-21 23:36:58 - mkk_pika - main.py:348 - INFO - ==================== 漫画信息 ====================
                                   漫画ID：5c6cac2091f47c57108ad67e
                                   标题：かみ★おな
                                   作者：ほむら屋 (焔すばる)
                                   是否完结：是
                                   总页数：19
                                   分类：短篇,姐姐系
                                   章节数：1
                                   最后更新时间：2019-02-20T01:23:44.354Z
                                   =================================================
2026-08-21 23:36:58 - mkk_pika - database.py:101 - INFO - 保存成功：かみ★おな
2026-08-21 23:36:58 - mkk_pika - main.py:35 - INFO - 开始检查 RIKA→MIKA☆ (アイドルマスター シンデレラガールズ)是否存在未下载章节
2026-08-21 23:36:58 - mkk_pika - main.py:45 - INFO - 正在下载:[ RIKA→MIKA☆ (アイドルマスター シンデレラガールズ)]-[ほむら屋★プレアデス (焔すばる)]-[['短篇', '同人', '純愛', '百合花園']]-[total_pages:19]
2026-08-21 23:36:58 - mkk_pika - main.py:49 - INFO - [{'_id': '5c6cac43e840d057404d7e6a', 'title': '第1集', 'order': 1, 'updated_at': '2019-02-19T13:03:12.738Z', 'id': '5c6cac43e840d057404d7e6a'}]
2026-08-21 23:36:58 - mkk_pika - database.py:215 - INFO - 第一次下载该漫画，记录数据库中
2026-08-21 23:36:59 - mkk_pika - main.py:83 - INFO - 找到 19 张图片在:第1集
2026-08-21 23:37:00 - mkk_pika - main.py:112 - INFO - [episode:第1集       ] downloaded:    19, total:  19, progress:100%
2026-08-21 23:37:00 - mkk_pika - database.py:238 - INFO - 数据库更新已下载章节
2026-08-21 23:37:00 - mkk_pika - database.py:244 - INFO - 该漫画已下载章节如下
2026-08-21 23:37:00 - mkk_pika - database.py:245 - INFO - ['第1集']
2026-08-21 23:37:01 - mkk_pika - main.py:348 - INFO - ==================== 漫画信息 ====================
                                   漫画ID：5c6cac43e840d057404d7e69
                                   标题： RIKA→MIKA☆ (アイドルマスター シンデレラガールズ)
                                   作者：ほむら屋★プレアデス (焔すばる)
                                   是否完结：是
                                   总页数：19
                                   分类：短篇,同人,純愛,百合花園
                                   章节数：1
                                   最后更新时间：2019-02-20T01:24:19.527Z
                                   =================================================
2026-08-21 23:37:01 - mkk_pika - database.py:101 - INFO - 保存成功： RIKA→MIKA☆ (アイドルマスター シンデレラガールズ)
2026-08-21 23:37:01 - mkk_pika - main.py:35 - INFO - 开始检查幸福論 (東京喰種)是否存在未下载章节
2026-08-21 23:37:02 - mkk_pika - main.py:45 - INFO - 正在下载:[幸福論 (東京喰種)]-[ソムニウム (如月蒼)]-[['同人', '短篇', '純愛']]-[total_pages:35]
2026-08-21 23:37:02 - mkk_pika - main.py:49 - INFO - [{'_id': '5c6cac5888d6ea649444bef9', 'title': '第1集', 'order': 1, 'updated_at': '2019-02-19T15:37:50.290Z', 'id': '5c6cac5888d6ea649444bef9'}]
2026-08-21 23:37:02 - mkk_pika - database.py:215 - INFO - 第一次下载该漫画，记录数据库中
2026-08-21 23:37:02 - mkk_pika - main.py:83 - INFO - 找到 35 张图片在:第1集
2026-08-21 23:37:04 - mkk_pika - main.py:112 - INFO - [episode:第1集       ] downloaded:    35, total:  35, progress:100%
2026-08-21 23:37:04 - mkk_pika - database.py:238 - INFO - 数据库更新已下载章节
2026-08-21 23:37:04 - mkk_pika - database.py:244 - INFO - 该漫画已下载章节如下
2026-08-21 23:37:04 - mkk_pika - database.py:245 - INFO - ['第1集']
2026-08-21 23:37:05 - mkk_pika - main.py:348 - INFO - ==================== 漫画信息 ====================
                                   漫画ID：5c6cac5888d6ea649444bef8
                                   标题：幸福論 (東京喰種)
                                   作者：ソムニウム (如月蒼)
                                   是否完结：否
                                   总页数：35
                                   分类：同人,短篇,純愛
                                   章节数：1
                                   最后更新时间：2019-02-20T01:24:40.288Z
                                   =================================================
2026-08-21 23:37:05 - mkk_pika - database.py:101 - INFO - 保存成功：幸福論 (東京喰種)
2026-08-21 23:37:05 - mkk_pika - main.py:35 - INFO - 开始检查援助交配7（汉化）是否存在未下载章节
2026-08-21 23:37:05 - mkk_pika - main.py:45 - INFO - 正在下载:[援助交配7（汉化）]-[アットホーム酒家 (たくのみ)]-[['短篇', '後宮閃光', '非人類']]-[total_pages:37]
2026-08-21 23:37:05 - mkk_pika - main.py:49 - INFO - [{'_id': '5c6cac9848b743648cc605de', 'title': '第1集', 'order': 1, 'updated_at': '2019-02-19T15:40:08.180Z', 'id': '5c6cac9848b743648cc605de'}]
2026-08-21 23:37:05 - mkk_pika - database.py:215 - INFO - 第一次下载该漫画，记录数据库中
2026-08-21 23:37:06 - mkk_pika - main.py:83 - INFO - 找到 37 张图片在:第1集
2026-08-21 23:37:08 - mkk_pika - main.py:112 - INFO - [episode:第1集       ] downloaded:    37, total:  37, progress:100%
2026-08-21 23:37:08 - mkk_pika - database.py:238 - INFO - 数据库更新已下载章节
2026-08-21 23:37:08 - mkk_pika - database.py:244 - INFO - 该漫画已下载章节如下
2026-08-21 23:37:08 - mkk_pika - database.py:245 - INFO - ['第1集']
2026-08-21 23:37:09 - mkk_pika - main.py:348 - INFO - ==================== 漫画信息 ====================
                                   漫画ID：5c6cac9848b743648cc605dd
                                   标题：援助交配7（汉化）
                                   作者：アットホーム酒家 (たくのみ)
                                   是否完结：是
                                   总页数：37
                                   分类：短篇,後宮閃光,非人類
                                   章节数：1
                                   最后更新时间：2019-02-20T01:25:44.496Z
                                   =================================================
2026-08-21 23:37:09 - mkk_pika - database.py:101 - INFO - 保存成功：援助交配7（汉化）
2026-08-21 23:37:09 - mkk_pika - main.py:35 - INFO - 开始检查あま+でび（汉化）是否存在未下载章节
2026-08-21 23:37:09 - mkk_pika - main.py:45 - INFO - 正在下载:[あま+でび（汉化）]-[ほむら屋★プレアデス (焔すばる)]-[['短篇', '純愛', '百合花園']]-[total_pages:26]
2026-08-21 23:37:09 - mkk_pika - main.py:49 - INFO - [{'_id': '5c6cacb6ea9d9e716eb399eb', 'title': '第1集', 'order': 1, 'updated_at': '2019-02-19T10:46:26.577Z', 'id': '5c6cacb6ea9d9e716eb399eb'}]
2026-08-21 23:37:09 - mkk_pika - database.py:215 - INFO - 第一次下载该漫画，记录数据库中
2026-08-21 23:37:10 - mkk_pika - main.py:83 - INFO - 找到 26 张图片在:第1集
2026-08-21 23:37:11 - mkk_pika - main.py:112 - INFO - [episode:第1集       ] downloaded:    26, total:  26, progress:100%
2026-08-21 23:37:11 - mkk_pika - database.py:238 - INFO - 数据库更新已下载章节
2026-08-21 23:37:11 - mkk_pika - database.py:244 - INFO - 该漫画已下载章节如下
2026-08-21 23:37:11 - mkk_pika - database.py:245 - INFO - ['第1集']
2026-08-21 23:37:12 - mkk_pika - main.py:348 - INFO - ==================== 漫画信息 ====================
                                   漫画ID：5c6cacb6ea9d9e716eb399ea
                                   标题：あま+でび（汉化）
                                   作者：ほむら屋★プレアデス (焔すばる)
                                   是否完结：是
                                   总页数：26
                                   分类：短篇,純愛,百合花園
                                   章节数：1
                                   最后更新时间：2019-02-20T01:26:14.021Z
                                   =================================================
2026-08-21 23:37:12 - mkk_pika - database.py:101 - INFO - 保存成功：あま+でび（汉化）
2026-08-21 23:37:12 - mkk_pika - main.py:35 - INFO - 开始检查Note-Aug2015是否存在未下载章节
2026-08-21 23:37:12 - mkk_pika - main.py:45 - INFO - 正在下载:[Note-Aug2015]-[Notes.(タカハシノヲト)]-[['短篇', '純愛', '非人類']]-[total_pages:23]
2026-08-21 23:37:12 - mkk_pika - main.py:49 - INFO - [{'_id': '5c6cad7c6ef6c264cca934a1', 'title': '第1集', 'order': 1, 'updated_at': '2019-02-19T15:48:53.565Z', 'id': '5c6cad7c6ef6c264cca934a1'}]
2026-08-21 23:37:12 - mkk_pika - database.py:215 - INFO - 第一次下载该漫画，记录数据库中
2026-08-21 23:37:13 - mkk_pika - main.py:83 - INFO - 找到 23 张图片在:第1集
2026-08-21 23:37:14 - mkk_pika - main.py:112 - INFO - [episode:第1集       ] downloaded:    23, total:  23, progress:100%
2026-08-21 23:37:14 - mkk_pika - database.py:238 - INFO - 数据库更新已下载章节
2026-08-21 23:37:14 - mkk_pika - database.py:244 - INFO - 该漫画已下载章节如下
2026-08-21 23:37:14 - mkk_pika - database.py:245 - INFO - ['第1集']
2026-08-21 23:37:16 - mkk_pika - main.py:348 - INFO - ==================== 漫画信息 ====================
                                   漫画ID：5c6cad7c6ef6c264cca934a0
                                   标题：Note-Aug2015
                                   作者：Notes.(タカハシノヲト)
                                   是否完结：否
                                   总页数：23
                                   分类：短篇,純愛,非人類
                                   章节数：1
                                   最后更新时间：2019-02-20T01:29:32.135Z
                                   =================================================
2026-08-21 23:37:16 - mkk_pika - database.py:101 - INFO - 保存成功：Note-Aug2015
2026-08-21 23:37:16 - mkk_pika - main.py:35 - INFO - 开始检查(紅楼夢5)聖恋華 (東方Project)是否存在未下载章节
2026-08-21 23:37:16 - mkk_pika - main.py:45 - INFO - 正在下载:[(紅楼夢5)聖恋華 (東方Project)]-[VENOM (Rusty Soul、或十せねか)]-[['同人', '短篇', '東方', '扶他樂園']]-[total_pages:30]
2026-08-21 23:37:16 - mkk_pika - main.py:49 - INFO - [{'_id': '5c6cadbdea9d9e716eb39a0a', 'title': '第1集', 'order': 1, 'updated_at': '2019-02-19T15:58:22.598Z', 'id': '5c6cadbdea9d9e716eb39a0a'}]
2026-08-21 23:37:16 - mkk_pika - database.py:215 - INFO - 第一次下载该漫画，记录数据库中
2026-08-21 23:37:17 - mkk_pika - main.py:83 - INFO - 找到 30 张图片在:第1集
2026-08-21 23:37:18 - mkk_pika - main.py:112 - INFO - [episode:第1集       ] downloaded:    30, total:  30, progress:100%
2026-08-21 23:37:18 - mkk_pika - database.py:238 - INFO - 数据库更新已下载章节
2026-08-21 23:37:18 - mkk_pika - database.py:244 - INFO - 该漫画已下载章节如下
2026-08-21 23:37:18 - mkk_pika - database.py:245 - INFO - ['第1集']
2026-08-21 23:37:19 - mkk_pika - main.py:348 - INFO - ==================== 漫画信息 ====================
                                   漫画ID：5c6cadbdea9d9e716eb39a09
                                   标题：(紅楼夢5)聖恋華 (東方Project)
                                   作者：VENOM (Rusty Soul、或十せねか)
                                   是否完结：否
                                   总页数：30
                                   分类：同人,短篇,東方,扶他樂園
                                   章节数：1
                                   最后更新时间：2019-02-20T01:30:37.189Z
                                   =================================================
2026-08-21 23:37:19 - mkk_pika - database.py:101 - INFO - 保存成功：(紅楼夢5)聖恋華 (東方Project)
2026-08-21 23:37:19 - mkk_pika - main.py:35 - INFO - 开始检查(C93)Note-Dec2017 (オリジナル)是否存在未下载章节
2026-08-21 23:37:20 - mkk_pika - main.py:45 - INFO - 正在下载:[(C93)Note-Dec2017 (オリジナル)]-[Notes. (タカハシノヲト)]-[['同人', '短篇']]-[total_pages:23]
2026-08-21 23:37:20 - mkk_pika - main.py:49 - INFO - [{'_id': '5c6cade9c520b864c016ed6a', 'title': '第1集', 'order': 1, 'updated_at': '2019-02-19T16:01:35.677Z', 'id': '5c6cade9c520b864c016ed6a'}]
2026-08-21 23:37:20 - mkk_pika - database.py:215 - INFO - 第一次下载该漫画，记录数据库中
2026-08-21 23:37:21 - mkk_pika - main.py:83 - INFO - 找到 23 张图片在:第1集
2026-08-21 23:37:22 - mkk_pika - main.py:112 - INFO - [episode:第1集       ] downloaded:    23, total:  23, progress:100%
2026-08-21 23:37:22 - mkk_pika - database.py:238 - INFO - 数据库更新已下载章节
2026-08-21 23:37:22 - mkk_pika - database.py:244 - INFO - 该漫画已下载章节如下
2026-08-21 23:37:22 - mkk_pika - database.py:245 - INFO - ['第1集']
2026-08-21 23:37:23 - mkk_pika - main.py:348 - INFO - ==================== 漫画信息 ====================
                                   漫画ID：5c6cade9c520b864c016ed69
                                   标题：(C93)Note-Dec2017 (オリジナル)
                                   作者：Notes. (タカハシノヲト)
                                   是否完结：否
                                   总页数：23
                                   分类：同人,短篇
                                   章节数：1
                                   最后更新时间：2019-02-20T01:31:21.931Z
                                   =================================================
2026-08-21 23:37:23 - mkk_pika - database.py:101 - INFO - 保存成功：(C93)Note-Dec2017 (オリジナル)
2026-08-21 23:37:23 - mkk_pika - main.py:35 - INFO - 开始检查AZUS@TTACK5 (けいおん!)[無修正]是否存在未下载章节
2026-08-21 23:37:23 - mkk_pika - main.py:45 - INFO - 正在下载:[AZUS@TTACK5 (けいおん!)[無修正]]-[綿120パーセント (めんようじゃん)]-[['短篇', '全彩', '同人', '姐姐系']]-[total_pages:16]
2026-08-21 23:37:23 - mkk_pika - main.py:49 - INFO - [{'_id': '5c6caeb16ef6c264cca934c0', 'title': '第1集', 'order': 1, 'updated_at': '2019-02-19T16:32:16.602Z', 'id': '5c6caeb16ef6c264cca934c0'}]
2026-08-21 23:37:23 - mkk_pika - database.py:215 - INFO - 第一次下载该漫画，记录数据库中
2026-08-21 23:37:24 - mkk_pika - main.py:83 - INFO - 找到 16 张图片在:第1集
2026-08-21 23:37:25 - mkk_pika - main.py:112 - INFO - [episode:第1集       ] downloaded:    16, total:  16, progress:100%
2026-08-21 23:37:25 - mkk_pika - database.py:238 - INFO - 数据库更新已下载章节
2026-08-21 23:37:25 - mkk_pika - database.py:244 - INFO - 该漫画已下载章节如下
2026-08-21 23:37:25 - mkk_pika - database.py:245 - INFO - ['第1集']
2026-08-21 23:37:26 - mkk_pika - main.py:348 - INFO - ==================== 漫画信息 ====================
                                   漫画ID：5c6caeb16ef6c264cca934bf
                                   标题：AZUS@TTACK5 (けいおん!)[無修正]
                                   作者：綿120パーセント (めんようじゃん)
                                   是否完结：是
                                   总页数：16
                                   分类：短篇,全彩,同人,姐姐系
                                   章节数：1
                                   最后更新时间：2019-02-20T01:34:41.541Z
                                   =================================================
2026-08-21 23:37:26 - mkk_pika - database.py:101 - INFO - 保存成功：AZUS@TTACK5 (けいおん!)[無修正]
2026-08-21 23:37:26 - mkk_pika - main.py:35 - INFO - 开始检查悪戯 (コミック・マショウ 2019年2月号) 是否存在未下载章节
2026-08-21 23:37:26 - mkk_pika - main.py:45 - INFO - 正在下载:[悪戯 (コミック・マショウ 2019年2月号) ]-[中田モデム]-[['短篇', 'SM']]-[total_pages:22]
2026-08-21 23:37:26 - mkk_pika - main.py:49 - INFO - [{'_id': '5c6caeebc7832b7d5aa61037', 'title': '第1集', 'order': 1, 'updated_at': '2019-02-19T18:05:47.498Z', 'id': '5c6caeebc7832b7d5aa61037'}]
2026-08-21 23:37:26 - mkk_pika - database.py:215 - INFO - 第一次下载该漫画，记录数据库中
2026-08-21 23:37:27 - mkk_pika - main.py:83 - INFO - 找到 22 张图片在:第1集
2026-08-21 23:37:28 - mkk_pika - main.py:112 - INFO - [episode:第1集       ] downloaded:    22, total:  22, progress:100%
2026-08-21 23:37:28 - mkk_pika - database.py:238 - INFO - 数据库更新已下载章节
2026-08-21 23:37:28 - mkk_pika - database.py:244 - INFO - 该漫画已下载章节如下
2026-08-21 23:37:28 - mkk_pika - database.py:245 - INFO - ['第1集']
2026-08-21 23:37:29 - mkk_pika - main.py:348 - INFO - ==================== 漫画信息 ====================
                                   漫画ID：5c6caeebc7832b7d5aa61036
                                   标题：悪戯 (コミック・マショウ 2019年2月号) 
                                   作者：中田モデム
                                   是否完结：是
                                   总页数：22
                                   分类：短篇,SM
                                   章节数：1
                                   最后更新时间：2019-02-20T01:35:39.593Z
                                   =================================================
2026-08-21 23:37:29 - mkk_pika - database.py:101 - INFO - 保存成功：悪戯 (コミック・マショウ 2019年2月号) 
2026-08-21 23:37:29 - mkk_pika - main.py:35 - INFO - 开始检查(C95)  ねこまた屋C95おまけ本 (Fate Grand Order)是否存在未下载章节
2026-08-21 23:37:30 - mkk_pika - main.py:45 - INFO - 正在下载:[(C95)  ねこまた屋C95おまけ本 (Fate Grand Order)]-[ねこまた屋 (ねこまたなおみ]-[['短篇', '同人', '非人類', 'Fate']]-[total_pages:12]
2026-08-21 23:37:30 - mkk_pika - main.py:49 - INFO - [{'_id': '5c6ce4436ef6c264cca936e1', 'title': '第1集', 'order': 1, 'updated_at': '2019-02-19T18:43:17.655Z', 'id': '5c6ce4436ef6c264cca936e1'}]
2026-08-21 23:37:30 - mkk_pika - database.py:215 - INFO - 第一次下载该漫画，记录数据库中
2026-08-21 23:37:30 - mkk_pika - main.py:83 - INFO - 找到 12 张图片在:第1集
2026-08-21 23:37:31 - mkk_pika - main.py:112 - INFO - [episode:第1集       ] downloaded:    12, total:  12, progress:100%
2026-08-21 23:37:31 - mkk_pika - database.py:238 - INFO - 数据库更新已下载章节
2026-08-21 23:37:31 - mkk_pika - database.py:244 - INFO - 该漫画已下载章节如下
2026-08-21 23:37:31 - mkk_pika - database.py:245 - INFO - ['第1集']
2026-08-21 23:37:32 - mkk_pika - main.py:348 - INFO - ==================== 漫画信息 ====================
                                   漫画ID：5c6ce4436ef6c264cca936e0
                                   标题：(C95)  ねこまた屋C95おまけ本 (Fate Grand Order)
                                   作者：ねこまた屋 (ねこまたなおみ
                                   是否完结：是
                                   总页数：12
                                   分类：短篇,同人,非人類,Fate
                                   章节数：1
                                   最后更新时间：2019-02-20T05:23:15.943Z
                                   =================================================
2026-08-21 23:37:32 - mkk_pika - database.py:101 - INFO - 保存成功：(C95)  ねこまた屋C95おまけ本 (Fate Grand Order)
2026-08-21 23:37:32 - mkk_pika - main.py:35 - INFO - 开始检查(C93) ドラスティックサマーバケーション是否存在未下载章节
2026-08-21 23:37:32 - mkk_pika - main.py:45 - INFO - 正在下载:[(C93) ドラスティックサマーバケーション]-[大きな器 (新井大器)]-[['短篇']]-[total_pages:27]
2026-08-21 23:37:32 - mkk_pika - main.py:49 - INFO - [{'_id': '5c6ce48091f47c57108ada9d', 'title': '第1集', 'order': 1, 'updated_at': '2019-02-20T02:28:05.287Z', 'id': '5c6ce48091f47c57108ada9d'}]
2026-08-21 23:37:32 - mkk_pika - database.py:215 - INFO - 第一次下载该漫画，记录数据库中
2026-08-21 23:37:33 - mkk_pika - main.py:83 - INFO - 找到 27 张图片在:第1集
2026-08-21 23:37:34 - mkk_pika - main.py:112 - INFO - [episode:第1集       ] downloaded:    27, total:  27, progress:100%
2026-08-21 23:37:34 - mkk_pika - database.py:238 - INFO - 数据库更新已下载章节
2026-08-21 23:37:34 - mkk_pika - database.py:244 - INFO - 该漫画已下载章节如下
2026-08-21 23:37:34 - mkk_pika - database.py:245 - INFO - ['第1集']
2026-08-21 23:37:35 - mkk_pika - main.py:348 - INFO - ==================== 漫画信息 ====================
                                   漫画ID：5c6ce48091f47c57108ada9c
                                   标题：(C93) ドラスティックサマーバケーション
                                   作者：大きな器 (新井大器)
                                   是否完结：是
                                   总页数：27
                                   分类：短篇
                                   章节数：1
                                   最后更新时间：2019-02-20T05:24:16.525Z
                                   =================================================
2026-08-21 23:37:35 - mkk_pika - database.py:101 - INFO - 保存成功：(C93) ドラスティックサマーバケーション
2026-08-21 23:37:35 - mkk_pika - main.py:35 - INFO - 开始检查(C95)大鳳のだきごこち (アズールレーン)是否存在未下载章节
2026-08-21 23:37:36 - mkk_pika - main.py:45 - INFO - 正在下载:[(C95)大鳳のだきごこち (アズールレーン)]-[黒錦 (タカハル)]-[['短篇', '同人', '純愛']]-[total_pages:16]
2026-08-21 23:37:36 - mkk_pika - main.py:49 - INFO - [{'_id': '5c6ce4d73892cd7d22199852', 'title': '第1集', 'order': 1, 'updated_at': '2019-02-20T02:49:59.963Z', 'id': '5c6ce4d73892cd7d22199852'}]
2026-08-21 23:37:36 - mkk_pika - database.py:215 - INFO - 第一次下载该漫画，记录数据库中
2026-08-21 23:37:36 - mkk_pika - main.py:83 - INFO - 找到 16 张图片在:第1集
2026-08-21 23:37:37 - mkk_pika - main.py:112 - INFO - [episode:第1集       ] downloaded:    16, total:  16, progress:100%
2026-08-21 23:37:37 - mkk_pika - database.py:238 - INFO - 数据库更新已下载章节
2026-08-21 23:37:37 - mkk_pika - database.py:244 - INFO - 该漫画已下载章节如下
2026-08-21 23:37:37 - mkk_pika - database.py:245 - INFO - ['第1集']
2026-08-21 23:37:38 - mkk_pika - main.py:348 - INFO - ==================== 漫画信息 ====================
                                   漫画ID：5c6ce4d73892cd7d22199851
                                   标题：(C95)大鳳のだきごこち (アズールレーン)
                                   作者：黒錦 (タカハル)
                                   是否完结：是
                                   总页数：16
                                   分类：短篇,同人,純愛
                                   章节数：1
                                   最后更新时间：2019-02-20T05:25:43.260Z
                                   =================================================
2026-08-21 23:37:38 - mkk_pika - database.py:101 - INFO - 保存成功：(C95)大鳳のだきごこち (アズールレーン)
2026-08-21 23:37:38 - mkk_pika - main.py:35 - INFO - 开始检查リリーオータムウィンドラヴァーズ (艦隊これくしょん -艦これ-)是否存在未下载章节
2026-08-21 23:37:39 - mkk_pika - main.py:45 - INFO - 正在下载:[リリーオータムウィンドラヴァーズ (艦隊これくしょん -艦これ-)]-[きつねとぶどう (くろな)]-[['短篇', '同人', '艦隊收藏', '純愛', '百合花園']]-[total_pages:29]
2026-08-21 23:37:39 - mkk_pika - main.py:49 - INFO - [{'_id': '5c6ce4fedcfdf27d4ecd22dd', 'title': '第1集', 'order': 1, 'updated_at': '2019-02-20T03:00:55.237Z', 'id': '5c6ce4fedcfdf27d4ecd22dd'}]
2026-08-21 23:37:39 - mkk_pika - database.py:215 - INFO - 第一次下载该漫画，记录数据库中
2026-08-21 23:37:39 - mkk_pika - main.py:83 - INFO - 找到 29 张图片在:第1集
2026-08-21 23:37:41 - mkk_pika - main.py:112 - INFO - [episode:第1集       ] downloaded:    29, total:  29, progress:100%
2026-08-21 23:37:41 - mkk_pika - database.py:238 - INFO - 数据库更新已下载章节
2026-08-21 23:37:41 - mkk_pika - database.py:244 - INFO - 该漫画已下载章节如下
2026-08-21 23:37:41 - mkk_pika - database.py:245 - INFO - ['第1集']
2026-08-21 23:37:42 - mkk_pika - main.py:348 - INFO - ==================== 漫画信息 ====================
                                   漫画ID：5c6ce4fedcfdf27d4ecd22dc
                                   标题：リリーオータムウィンドラヴァーズ (艦隊これくしょん -艦これ-)
                                   作者：きつねとぶどう (くろな)
                                   是否完结：是
                                   总页数：29
                                   分类：短篇,同人,艦隊收藏,純愛,百合花園
                                   章节数：1
                                   最后更新时间：2019-02-20T05:26:22.951Z
                                   =================================================
2026-08-21 23:37:42 - mkk_pika - database.py:101 - INFO - 保存成功：リリーオータムウィンドラヴァーズ (艦隊これくしょん -艦これ-)
2026-08-21 23:37:42 - mkk_pika - main.py:35 - INFO - 开始检查 (C95)いけないビキニのおねーさん2是否存在未下载章节
2026-08-21 23:37:42 - mkk_pika - main.py:45 - INFO - 正在下载:[ (C95)いけないビキニのおねーさん2]-[オセロアイス (shuz)]-[['短篇', '純愛']]-[total_pages:26]
2026-08-21 23:37:42 - mkk_pika - main.py:49 - INFO - [{'_id': '5c6ce553c520b864c016ef42', 'title': '第1集', 'order': 1, 'updated_at': '2019-02-20T03:37:09.969Z', 'id': '5c6ce553c520b864c016ef42'}]
2026-08-21 23:37:42 - mkk_pika - database.py:215 - INFO - 第一次下载该漫画，记录数据库中
2026-08-21 23:37:43 - mkk_pika - main.py:83 - INFO - 找到 26 张图片在:第1集
2026-08-21 23:37:44 - mkk_pika - main.py:112 - INFO - [episode:第1集       ] downloaded:    26, total:  26, progress:100%
2026-08-21 23:37:44 - mkk_pika - database.py:238 - INFO - 数据库更新已下载章节
2026-08-21 23:37:44 - mkk_pika - database.py:244 - INFO - 该漫画已下载章节如下
2026-08-21 23:37:44 - mkk_pika - database.py:245 - INFO - ['第1集']
2026-08-21 23:37:46 - mkk_pika - main.py:348 - INFO - ==================== 漫画信息 ====================
                                   漫画ID：5c6ce553c520b864c016ef41
                                   标题： (C95)いけないビキニのおねーさん2
                                   作者：オセロアイス (shuz)
                                   是否完结：是
                                   总页数：26
                                   分类：短篇,純愛
                                   章节数：1
                                   最后更新时间：2019-02-20T05:27:47.496Z
                                   =================================================
2026-08-21 23:37:46 - mkk_pika - database.py:101 - INFO - 保存成功： (C95)いけないビキニのおねーさん2
2026-08-21 23:37:46 - mkk_pika - main.py:35 - INFO - 开始检查天使学園の寮姦性活 Side Story -周防院 涼華-是否存在未下载章节
2026-08-21 23:37:46 - mkk_pika - main.py:45 - INFO - 正在下载:[天使学園の寮姦性活 Side Story -周防院 涼華-]-[桂井よしあき]-[['短篇', 'NTR', '人妻']]-[total_pages:12]
2026-08-21 23:37:46 - mkk_pika - main.py:49 - INFO - [{'_id': '5c6ce56b2753db71669ecd27', 'title': '第1集', 'order': 1, 'updated_at': '2019-02-20T04:03:48.992Z', 'id': '5c6ce56b2753db71669ecd27'}]
2026-08-21 23:37:46 - mkk_pika - database.py:215 - INFO - 第一次下载该漫画，记录数据库中
2026-08-21 23:37:47 - mkk_pika - main.py:83 - INFO - 找到 12 张图片在:第1集
2026-08-21 23:37:47 - mkk_pika - main.py:112 - INFO - [episode:第1集       ] downloaded:    12, total:  12, progress:100%
2026-08-21 23:37:47 - mkk_pika - database.py:238 - INFO - 数据库更新已下载章节
2026-08-21 23:37:47 - mkk_pika - database.py:244 - INFO - 该漫画已下载章节如下
2026-08-21 23:37:47 - mkk_pika - database.py:245 - INFO - ['第1集']
2026-08-21 23:37:48 - mkk_pika - main.py:348 - INFO - ==================== 漫画信息 ====================
                                   漫画ID：5c6ce56b2753db71669ecd26
                                   标题：天使学園の寮姦性活 Side Story -周防院 涼華-
                                   作者：桂井よしあき
                                   是否完结：是
                                   总页数：12
                                   分类：短篇,NTR,人妻
                                   章节数：1
                                   最后更新时间：2019-02-20T05:28:11.594Z
                                   =================================================
2026-08-21 23:37:48 - mkk_pika - database.py:101 - INFO - 保存成功：天使学園の寮姦性活 Side Story -周防院 涼華-
2026-08-21 23:37:48 - mkk_pika - main.py:35 - INFO - 开始检查ゆりばりーへるす是否存在未下载章节
2026-08-21 23:37:49 - mkk_pika - main.py:45 - INFO - 正在下载:[ゆりばりーへるす]-[ほむら屋 (焔すばる)]-[['短篇', '純愛', '百合花園']]-[total_pages:18]
2026-08-21 23:37:49 - mkk_pika - main.py:49 - INFO - [{'_id': '5c6d0a74dcfdf27d4ecd24c8', 'title': '第1集', 'order': 1, 'updated_at': '2019-02-19T13:26:50.695Z', 'id': '5c6d0a74dcfdf27d4ecd24c8'}]
2026-08-21 23:37:49 - mkk_pika - database.py:215 - INFO - 第一次下载该漫画，记录数据库中
2026-08-21 23:37:49 - mkk_pika - main.py:83 - INFO - 找到 18 张图片在:第1集
2026-08-21 23:37:50 - mkk_pika - main.py:112 - INFO - [episode:第1集       ] downloaded:    18, total:  18, progress:100%
2026-08-21 23:37:50 - mkk_pika - database.py:238 - INFO - 数据库更新已下载章节
2026-08-21 23:37:50 - mkk_pika - database.py:244 - INFO - 该漫画已下载章节如下
2026-08-21 23:37:50 - mkk_pika - database.py:245 - INFO - ['第1集']
2026-08-21 23:37:51 - mkk_pika - main.py:348 - INFO - ==================== 漫画信息 ====================
                                   漫画ID：5c6d0a74dcfdf27d4ecd24c7
                                   标题：ゆりばりーへるす
                                   作者：ほむら屋 (焔すばる)
                                   是否完结：是
                                   总页数：18
                                   分类：短篇,純愛,百合花園
                                   章节数：1
                                   最后更新时间：2019-02-20T08:06:12.673Z
                                   =================================================
2026-08-21 23:37:51 - mkk_pika - database.py:101 - INFO - 保存成功：ゆりばりーへるす
2026-08-21 23:37:51 - mkk_pika - main.py:35 - INFO - 开始检查あなたのヤミ鎮守府 2(艦隊これくしょん -艦これ-)是否存在未下载章节
2026-08-21 23:37:52 - mkk_pika - main.py:45 - INFO - 正在下载:[あなたのヤミ鎮守府 2(艦隊これくしょん -艦これ-)]-[BETEMIUS (バシウス)]-[['短篇', '同人', '後宮閃光', '艦隊收藏']]-[total_pages:40]
2026-08-21 23:37:52 - mkk_pika - main.py:49 - INFO - [{'_id': '5c6d0ab8c520b864c016f134', 'title': '第1集', 'order': 1, 'updated_at': '2019-02-20T03:50:58.521Z', 'id': '5c6d0ab8c520b864c016f134'}]
2026-08-21 23:37:52 - mkk_pika - database.py:215 - INFO - 第一次下载该漫画，记录数据库中
2026-08-21 23:37:52 - mkk_pika - main.py:83 - INFO - 找到 40 张图片在:第1集
2026-08-21 23:37:54 - mkk_pika - main.py:112 - INFO - [episode:第1集       ] downloaded:    40, total:  40, progress:100%
2026-08-21 23:37:54 - mkk_pika - database.py:238 - INFO - 数据库更新已下载章节
2026-08-21 23:37:54 - mkk_pika - database.py:244 - INFO - 该漫画已下载章节如下
2026-08-21 23:37:54 - mkk_pika - database.py:245 - INFO - ['第1集']
2026-08-21 23:37:55 - mkk_pika - main.py:348 - INFO - ==================== 漫画信息 ====================
                                   漫画ID：5c6d0ab8c520b864c016f133
                                   标题：あなたのヤミ鎮守府 2(艦隊これくしょん -艦これ-)
                                   作者：BETEMIUS (バシウス)
                                   是否完结：是
                                   总页数：40
                                   分类：短篇,同人,後宮閃光,艦隊收藏
                                   章节数：1
                                   最后更新时间：2019-02-20T08:07:20.765Z
                                   =================================================
2026-08-21 23:37:55 - mkk_pika - database.py:101 - INFO - 保存成功：あなたのヤミ鎮守府 2(艦隊これくしょん -艦これ-)
2026-08-21 23:37:55 - mkk_pika - main.py:35 - INFO - 开始检查百合色の日々是否存在未下载章节
2026-08-21 23:37:56 - mkk_pika - main.py:45 - INFO - 正在下载:[百合色の日々]-[天凪青磁]-[['長篇', '純愛', '百合花園', '單行本']]-[total_pages:210]
2026-08-21 23:37:56 - mkk_pika - main.py:49 - INFO - [{'_id': '5c6d0ae0c520b864c016f15e', 'title': '第1集', 'order': 1, 'updated_at': '2019-02-19T16:02:28.385Z', 'id': '5c6d0ae0c520b864c016f15e'}]
2026-08-21 23:37:56 - mkk_pika - database.py:215 - INFO - 第一次下载该漫画，记录数据库中
2026-08-21 23:37:59 - mkk_pika - main.py:83 - INFO - 找到 210 张图片在:第1集
2026-08-21 23:38:06 - mkk_pika - main.py:112 - INFO - [episode:第1集       ] downloaded:   210, total: 210, progress:100%
2026-08-21 23:38:06 - mkk_pika - database.py:238 - INFO - 数据库更新已下载章节
2026-08-21 23:38:06 - mkk_pika - database.py:244 - INFO - 该漫画已下载章节如下
2026-08-21 23:38:06 - mkk_pika - database.py:245 - INFO - ['第1集']
2026-08-21 23:38:07 - mkk_pika - main.py:348 - INFO - ==================== 漫画信息 ====================
                                   漫画ID：5c6d0ae0c520b864c016f15d
                                   标题：百合色の日々
                                   作者：天凪青磁
                                   是否完结：是
                                   总页数：210
                                   分类：長篇,純愛,百合花園,單行本
                                   章节数：1
                                   最后更新时间：2019-02-20T08:08:00.200Z
                                   =================================================
2026-08-21 23:38:07 - mkk_pika - database.py:101 - INFO - 保存成功：百合色の日々
2026-08-21 23:38:07 - mkk_pika - main.py:35 - INFO - 开始检查叫竜の胎のパラサイト (ダーリン・イン・ザ・フランキス)是否存在未下载章节
2026-08-21 23:38:07 - mkk_pika - main.py:45 - INFO - 正在下载:[叫竜の胎のパラサイト (ダーリン・イン・ザ・フランキス)]-[羊小屋 (橘由宇)]-[['短篇', '同人', '強暴', '非人類', 'SM']]-[total_pages:24]
2026-08-21 23:38:07 - mkk_pika - main.py:49 - INFO - [{'_id': '5c6d0b8f6ef6c264cca93d48', 'title': '第1集', 'order': 1, 'updated_at': '2019-02-20T07:29:38.149Z', 'id': '5c6d0b8f6ef6c264cca93d48'}]
2026-08-21 23:38:07 - mkk_pika - database.py:215 - INFO - 第一次下载该漫画，记录数据库中
2026-08-21 23:38:08 - mkk_pika - main.py:83 - INFO - 找到 24 张图片在:第1集
2026-08-21 23:38:09 - mkk_pika - main.py:112 - INFO - [episode:第1集       ] downloaded:    24, total:  24, progress:100%
2026-08-21 23:38:09 - mkk_pika - database.py:238 - INFO - 数据库更新已下载章节
2026-08-21 23:38:09 - mkk_pika - database.py:244 - INFO - 该漫画已下载章节如下
2026-08-21 23:38:09 - mkk_pika - database.py:245 - INFO - ['第1集']
2026-08-21 23:38:11 - mkk_pika - main.py:348 - INFO - ==================== 漫画信息 ====================
                                   漫画ID：5c6d0b8f6ef6c264cca93d47
                                   标题：叫竜の胎のパラサイト (ダーリン・イン・ザ・フランキス)
                                   作者：羊小屋 (橘由宇)
                                   是否完结：是
                                   总页数：24
                                   分类：短篇,同人,強暴,非人類,SM
                                   章节数：1
                                   最后更新时间：2019-02-20T08:10:55.243Z
                                   =================================================
2026-08-21 23:38:11 - mkk_pika - database.py:101 - INFO - 保存成功：叫竜の胎のパラサイト (ダーリン・イン・ザ・フランキス)
2026-08-21 23:38:11 - mkk_pika - main.py:35 - INFO - 开始检查(C95) 鹿島の奉仕事情 (艦隊これくしょん-艦これ-)是否存在未下载章节
2026-08-21 23:38:11 - mkk_pika - main.py:45 - INFO - 正在下载:[(C95) 鹿島の奉仕事情 (艦隊これくしょん-艦これ-)]-[spellcaster. (さっとる)]-[['短篇', '同人', '艦隊收藏', '純愛']]-[total_pages:28]
2026-08-21 23:38:11 - mkk_pika - main.py:49 - INFO - [{'_id': '5c6d5eeac7832b7d5aa61c48', 'title': '第1集', 'order': 1, 'updated_at': '2019-02-20T08:52:44.669Z', 'id': '5c6d5eeac7832b7d5aa61c48'}]
2026-08-21 23:38:11 - mkk_pika - database.py:215 - INFO - 第一次下载该漫画，记录数据库中
2026-08-21 23:38:12 - mkk_pika - main.py:83 - INFO - 找到 28 张图片在:第1集
2026-08-21 23:38:13 - mkk_pika - main.py:112 - INFO - [episode:第1集       ] downloaded:    28, total:  28, progress:100%
2026-08-21 23:38:13 - mkk_pika - database.py:238 - INFO - 数据库更新已下载章节
2026-08-21 23:38:13 - mkk_pika - database.py:244 - INFO - 该漫画已下载章节如下
2026-08-21 23:38:13 - mkk_pika - database.py:245 - INFO - ['第1集']
2026-08-21 23:38:14 - mkk_pika - main.py:348 - INFO - ==================== 漫画信息 ====================
                                   漫画ID：5c6d5eeac7832b7d5aa61c47
                                   标题：(C95) 鹿島の奉仕事情 (艦隊これくしょん-艦これ-)
                                   作者：spellcaster. (さっとる)
                                   是否完结：是
                                   总页数：28
                                   分类：短篇,同人,艦隊收藏,純愛
                                   章节数：1
                                   最后更新时间：2019-02-20T14:06:34.450Z
                                   =================================================
2026-08-21 23:38:14 - mkk_pika - database.py:101 - INFO - 保存成功：(C95) 鹿島の奉仕事情 (艦隊これくしょん-艦これ-)
2026-08-21 23:38:14 - mkk_pika - main.py:35 - INFO - 开始检查鋼鉄魔嬢の妖しい声 (Fate Grand Order)（汉化）是否存在未下载章节
2026-08-21 23:38:14 - mkk_pika - main.py:45 - INFO - 正在下载:[鋼鉄魔嬢の妖しい声 (Fate Grand Order)（汉化）]-[じこまんぞく (秋月伊槻)]-[['短篇', '同人', 'Fate', '非人類']]-[total_pages:28]
2026-08-21 23:38:14 - mkk_pika - main.py:49 - INFO - [{'_id': '5c6d5ef7ea9d9e716eb3a24f', 'title': '第1集', 'order': 1, 'updated_at': '2019-02-20T09:00:50.246Z', 'id': '5c6d5ef7ea9d9e716eb3a24f'}]
2026-08-21 23:38:14 - mkk_pika - database.py:215 - INFO - 第一次下载该漫画，记录数据库中
2026-08-21 23:38:15 - mkk_pika - main.py:83 - INFO - 找到 28 张图片在:第1集
2026-08-21 23:38:16 - mkk_pika - main.py:112 - INFO - [episode:第1集       ] downloaded:    28, total:  28, progress:100%
2026-08-21 23:38:16 - mkk_pika - database.py:238 - INFO - 数据库更新已下载章节
2026-08-21 23:38:16 - mkk_pika - database.py:244 - INFO - 该漫画已下载章节如下
2026-08-21 23:38:16 - mkk_pika - database.py:245 - INFO - ['第1集']
2026-08-21 23:38:18 - mkk_pika - main.py:348 - INFO - ==================== 漫画信息 ====================
                                   漫画ID：5c6d5ef7ea9d9e716eb3a24e
                                   标题：鋼鉄魔嬢の妖しい声 (Fate Grand Order)（汉化）
                                   作者：じこまんぞく (秋月伊槻)
                                   是否完结：是
                                   总页数：28
                                   分类：短篇,同人,Fate,非人類
                                   章节数：1
                                   最后更新时间：2019-02-20T14:06:47.710Z
                                   =================================================
2026-08-21 23:38:18 - mkk_pika - database.py:101 - INFO - 保存成功：鋼鉄魔嬢の妖しい声 (Fate Grand Order)（汉化）
2026-08-21 23:38:18 - mkk_pika - main.py:380 - INFO - 本次任务下载完毕
2026-08-21 23:38:18 - mkk_pika - database.py:173 - INFO - 数据库连接已关闭
